unit_index,sample_mean,sample_std,q025,q500,q975,num_finite_samples
0,0.16666666666666669,0.10897247358851683,-0.0625,0.16666666666666666,0.33958333333333335,16
1,0.11145833333333334,0.1456211253657167,-0.19375,0.15,0.31875,16
2,0.1885416666666667,0.1663245185957594,-0.05416666666666667,0.225,0.5,16
3,0.16354166666666667,0.15345768847724045,-0.125,0.225,0.32708333333333334,16
4,0.25520833333333337,0.15709148409446005,-0.02291666666666667,0.26666666666666666,0.4875,16
5,0.08541666666666667,0.11408984641744224,-0.16666666666666666,0.09166666666666667,0.21041666666666667,16
6,0.15625,0.14287171304666607,-0.09791666666666667,0.15833333333333333,0.41458333333333336,16
7,0.11354166666666667,0.14979369493295325,-0.15208333333333332,0.11666666666666667,0.3333333333333333,16
8,0.21458333333333335,0.10847346705787345,0.020833333333333332,0.21666666666666667,0.4,16
9,0.24583333333333335,0.10565601944254972,0.07500000000000001,0.24166666666666667,0.4,16
10,0.2552083333333333,0.13664109898034177,0.008333333333333335,0.275,0.44375000000000003,16
11,0.05625,0.11545125835414509,-0.10416666666666667,0.03333333333333333,0.27708333333333335,16
12,0.13645833333333335,0.1949197439902439,-0.23125,0.13333333333333333,0.44166666666666665,16
13,0.196875,0.0928369893804308,0.02708333333333333,0.19166666666666665,0.35208333333333336,16
14,0.34895833333333337,0.1361000385235475,0.09166666666666667,0.3333333333333333,0.5645833333333333,16
15,0.16979166666666667,0.14460419518080686,-0.043750000000000004,0.15833333333333333,0.4479166666666667,16
16,0.08229166666666667,0.09042122684352878,-0.07916666666666666,0.09166666666666667,0.20416666666666666,16
17,0.078125,0.1727754192184499,-0.2520833333333333,0.08333333333333334,0.3145833333333333,16
18,0.17395833333333333,0.1258262622185404,-0.010416666666666666,0.18333333333333332,0.40208333333333335,16
19,0.165625,0.13049967406302423,-0.04583333333333333,0.16666666666666666,0.37083333333333335,16
20,0.17708333333333331,0.13055370861577748,-0.016666666666666666,0.13333333333333333,0.3770833333333333,16
21,0.22291666666666665,0.12358574958303244,0.018750000000000003,0.225,0.45,16
22,0.13437500000000002,0.11865401822806788,-0.08750000000000001,0.13333333333333333,0.3145833333333333,16
23,0.09895833333333334,0.11584063975757578,-0.14791666666666667,0.10833333333333334,0.27708333333333335,16
24,0.24062499999999998,0.12373930228733131,0.03333333333333333,0.24166666666666667,0.4708333333333333,16
25,0.17812499999999998,0.13185623879184988,-0.027083333333333334,0.16666666666666666,0.4083333333333333,16
26,0.178125,0.194607756318818,-0.13125,0.16666666666666666,0.475,16
27,0.19166666666666665,0.13030413142593242,0.05,0.15,0.45625,16
28,0.16458333333333333,0.15622221975264738,-0.06041666666666667,0.14166666666666666,0.46458333333333335,16
29,0.19166666666666665,0.10172129679778084,-0.0062500000000000056,0.20833333333333334,0.34375,16
30,0.17604166666666665,0.14227427907429757,-0.0625,0.19166666666666665,0.43125,16
31,0.05625000000000001,0.11378509837017811,-0.16458333333333333,0.08333333333333333,0.21666666666666667,16
32,0.06666666666666667,0.16645820296198482,-0.21875,0.075,0.33541666666666664,16
33,0.16145833333333334,0.15272055430862386,-0.15208333333333332,0.175,0.35,16
34,0.11354166666666667,0.1695806459656028,-0.13125,0.13333333333333333,0.4166666666666667,16
35,0.17812499999999998,0.10303025951146585,0.016666666666666666,0.18333333333333332,0.39166666666666666,16
36,0.08229166666666667,0.10744325860399266,-0.09791666666666667,0.09166666666666667,0.27708333333333335,16
37,0.165625,0.1114096466873493,-0.03958333333333333,0.16666666666666666,0.3104166666666667,16
38,0.09166666666666667,0.14288690166235207,-0.15833333333333333,0.1,0.35000000000000003,16
39,0.121875,0.11191495251851837,-0.0625,0.1,0.31666666666666665,16
40,0.125,0.13969212178533508,-0.075,0.1,0.36041666666666666,16
41,0.15729166666666666,0.12359891871830161,-0.035416666666666666,0.19166666666666665,0.32708333333333334,16
42,0.11041666666666666,0.12074350109035085,-0.14166666666666666,0.15833333333333333,0.25416666666666665,16
43,0.134375,0.1391278326555993,-0.05,0.125,0.36041666666666666,16
44,0.06354166666666666,0.13323156923817517,-0.17500000000000002,0.058333333333333334,0.32708333333333334,16
45,0.12083333333333333,0.06627489050244527,-0.016666666666666666,0.14166666666666666,0.21041666666666667,16
46,0.20937499999999998,0.126101913975694,-0.012499999999999997,0.20833333333333334,0.4625,16
47,0.13333333333333333,0.12416387021459449,-0.027083333333333334,0.10833333333333334,0.34791666666666665,16
48,0.115625,0.09618932972413197,-0.016666666666666666,0.1,0.3020833333333333,16
49,0.17083333333333334,0.14511728972723334,-0.03125,0.125,0.46666666666666673,16
50,0.16875,0.11424191559045996,-0.041666666666666664,0.16666666666666666,0.3770833333333333,16
51,0.203125,0.12979935771755147,0.00625,0.18333333333333332,0.42083333333333334,16
52,0.084375,0.131030736163102,-0.09791666666666667,0.04166666666666667,0.3104166666666667,16
53,0.125,0.10801234497346433,-0.06041666666666667,0.125,0.29375,16
54,0.15625,0.13357725084925368,-0.08125,0.13333333333333333,0.42291666666666666,16
55,0.24687499999999998,0.1171446680984196,0.04583333333333334,0.2833333333333333,0.42916666666666664,16
56,0.15520833333333334,0.11647584841454853,-0.020833333333333332,0.13333333333333333,0.34375,16
57,0.184375,0.1531462570279361,-0.07708333333333334,0.18333333333333332,0.42083333333333334,16
58,0.18125,0.12031137264984092,-0.0375,0.20833333333333331,0.34791666666666665,16
59,0.12916666666666665,0.14391596699308787,-0.07708333333333334,0.11666666666666667,0.37083333333333335,16
60,0.15625,0.07968579791210532,0.008333333333333335,0.15,0.27708333333333335,16
61,0.24583333333333332,0.09904053603337261,0.07500000000000001,0.23333333333333334,0.42083333333333334,16
62,0.10833333333333334,0.15931711911920968,-0.16458333333333333,0.13333333333333333,0.31666666666666665,16
63,0.14791666666666667,0.1788150619743451,-0.17916666666666667,0.15833333333333333,0.4583333333333333,16
64,0.21458333333333335,0.08796996804465589,0.07916666666666666,0.21666666666666667,0.35833333333333334,16
65,0.14583333333333331,0.1209769261746498,-0.09166666666666667,0.15833333333333333,0.34375,16
66,0.3052083333333333,0.10667297344636498,0.13125,0.30833333333333335,0.5125,16
67,0.10520833333333333,0.12973246375821965,-0.13541666666666666,0.125,0.27708333333333335,16
68,0.013541666666666667,0.11640129789988501,-0.18333333333333332,0.008333333333333333,0.22916666666666666,16
69,0.06770833333333333,0.1066322779852955,-0.14375,0.08333333333333333,0.22083333333333333,16
70,0.08229166666666668,0.15337281534258643,-0.15416666666666667,0.11666666666666667,0.36458333333333337,16
71,0.021875,0.12328247121279381,-0.18125,0.008333333333333333,0.23958333333333331,16
72,0.10208333333333333,0.1241463909619965,-0.027083333333333334,0.075,0.36458333333333337,16
73,0.12083333333333332,0.1375,-0.17916666666666667,0.11666666666666667,0.33958333333333335,16
74,0.08854166666666666,0.13264388806751204,-0.13541666666666666,0.09166666666666667,0.31666666666666665,16
75,0.12916666666666668,0.1748511271529774,-0.17708333333333331,0.1,0.44166666666666665,16
76,0.01979166666666667,0.1347861925730278,-0.26666666666666666,0.016666666666666666,0.23125,16
77,0.011458333333333333,0.1404010562539407,-0.18125,-0.025,0.26458333333333334,16
78,0.005208333333333336,0.14138682532329525,-0.19375,-0.01666666666666667,0.2604166666666667,16
79,0.027083333333333327,0.10620914247109071,-0.13125,0.03333333333333333,0.17708333333333331,16
80,0.07604166666666666,0.1543319778108218,-0.09375,0.025,0.4270833333333333,16
81,0.030208333333333334,0.13099760785559747,-0.21041666666666667,0.075,0.22083333333333333,16
82,0.08541666666666667,0.1527383156105748,-0.24375,0.10833333333333334,0.29583333333333334,16
83,0.17916666666666667,0.1550649505494033,-0.1625,0.23333333333333334,0.35,16
84,0.11979166666666666,0.1449639263077389,-0.16458333333333333,0.11666666666666667,0.33749999999999997,16
85,0.13333333333333333,0.13856907623596573,-0.16666666666666666,0.19166666666666665,0.29791666666666666,16
86,0.09270833333333334,0.16697562509240682,-0.2,0.08333333333333333,0.4104166666666667,16
87,0.053125000000000006,0.115803166035687,-0.16458333333333333,0.04166666666666667,0.27708333333333335,16
88,0.15833333333333333,0.14312970031098055,-0.08958333333333333,0.15,0.3854166666666667,16
89,0.1875,0.08650224788344456,0.06666666666666667,0.18333333333333332,0.32708333333333334,16
90,0.06354166666666666,0.08882308219463876,-0.10208333333333333,0.08333333333333334,0.17708333333333331,16
91,0.06041666666666667,0.1338369395529085,-0.12916666666666665,0.03333333333333333,0.32499999999999996,16
92,0.08437499999999999,0.12617073281646757,-0.1,0.08333333333333334,0.32499999999999996,16
93,0.15104166666666666,0.14736914511035054,-0.11249999999999999,0.16666666666666666,0.38958333333333334,16
94,0.08229166666666667,0.10499152578237499,-0.11458333333333333,0.058333333333333334,0.24791666666666667,16
95,0.08958333333333333,0.1294854936105028,-0.1375,0.075,0.33958333333333335,16
96,0.07499999999999998,0.1516117116555021,-0.21875,0.09166666666666667,0.29791666666666666,16
97,0.14583333333333331,0.1331378775722538,-0.08750000000000001,0.15833333333333333,0.35416666666666663,16
98,0.14583333333333331,0.12451293997903277,-0.05833333333333333,0.15833333333333333,0.34375,16
99,0.1375,0.1915307489093534,-0.12708333333333333,0.08333333333333334,0.48333333333333334,16
100,0.07395833333333332,0.12090066371245077,-0.10208333333333333,0.04166666666666667,0.32916666666666666,16
101,0.06145833333333333,0.11206997287161466,-0.12708333333333333,0.075,0.2520833333333333,16
102,0.08020833333333333,0.13099760785559744,-0.12916666666666665,0.058333333333333334,0.31666666666666665,16
103,0.09166666666666667,0.11516895800904377,-0.10416666666666667,0.08333333333333334,0.3020833333333333,16
104,0.06875,0.12117408849346555,-0.14791666666666667,0.09166666666666667,0.2375,16
105,0.1,0.12004050242406612,-0.14375,0.10833333333333334,0.2833333333333333,16
106,0.22395833333333331,0.08332682266233365,0.09791666666666667,0.21666666666666667,0.4041666666666667,16
107,0.159375,0.11070618489948969,0.05,0.11666666666666667,0.36875,16
108,0.14375000000000002,0.15113861830930056,-0.11875,0.13333333333333333,0.42708333333333337,16
109,0.15208333333333335,0.14079079732394126,-0.05833333333333333,0.11666666666666667,0.38958333333333334,16
110,0.22916666666666669,0.1315637783653912,0.05208333333333333,0.18333333333333332,0.45833333333333337,16
111,0.10416666666666667,0.12395395650536263,-0.07708333333333334,0.125,0.3104166666666667,16
112,0.1875,0.15109553637057288,-0.09375,0.2,0.42708333333333337,16
113,0.19479166666666667,0.0989034935766511,-0.018750000000000003,0.21666666666666667,0.33125,16
114,0.12708333333333333,0.11679680242008149,-0.05,0.125,0.31666666666666665,16
115,0.17604166666666665,0.163295993818655,-0.16666666666666666,0.2,0.37083333333333335,16
116,0.11770833333333333,0.1146354048349229,-0.10833333333333334,0.15,0.25,16
117,0.06979166666666667,0.1340111352649473,-0.17083333333333334,0.11666666666666667,0.27708333333333335,16
118,0.23229166666666667,0.11341736314995551,0.014583333333333334,0.225,0.4125,16
119,0.14166666666666666,0.13162974165776095,-0.10416666666666667,0.16666666666666666,0.33125,16
120,0.13229166666666667,0.12436906741853279,-0.09999999999999999,0.15,0.29375,16
121,0.051041666666666666,0.16281686521126187,-0.21875,0.05,0.30416666666666664,16
122,0.24791666666666667,0.12526014596297846,0.07291666666666666,0.25,0.45416666666666666,16
123,0.07083333333333333,0.0782845592835664,-0.05208333333333333,0.058333333333333334,0.225,16
124,0.15520833333333334,0.12300050107169844,-0.016666666666666666,0.13333333333333333,0.32708333333333334,16
125,0.18229166666666666,0.13875297168989853,-0.07916666666666666,0.26666666666666666,0.3333333333333333,16
126,0.15625,0.09698134843589484,0.0020833333333333363,0.15,0.32499999999999996,16
127,0.28958333333333336,0.10767024632852126,0.0875,0.275,0.4854166666666667,16
128,0.18645833333333334,0.12858994231233206,-0.04791666666666666,0.2,0.4041666666666667,16
129,0.071875,0.15123550779973743,-0.15,0.1,0.2875,16
130,0.16145833333333334,0.12172355262597657,-0.05,0.16666666666666666,0.3770833333333333,16
131,0.22395833333333334,0.1774597714585227,-0.075,0.24166666666666667,0.5395833333333333,16
132,0.15416666666666667,0.14209494087483276,-0.10625,0.15833333333333333,0.42083333333333334,16
133,0.07395833333333333,0.10171596311679784,-0.09375,0.1,0.24166666666666667,16
134,0.146875,0.14944559001522928,-0.05,0.13333333333333333,0.4104166666666667,16
135,0.12083333333333335,0.1540540128944679,-0.13541666666666666,0.15833333333333333,0.3729166666666667,16
136,0.13645833333333335,0.09151858304009446,-0.03125,0.125,0.30624999999999997,16
137,0.12187500000000001,0.12606749046751814,-0.09375,0.14166666666666666,0.3458333333333333,16
138,0.1875,0.09004242827072628,0.018750000000000003,0.23333333333333334,0.2833333333333333,16
139,0.11354166666666667,0.2008850858285237,-0.24583333333333332,0.09166666666666667,0.39375000000000004,16
140,0.08125,0.13081939947033003,-0.12083333333333333,0.03333333333333333,0.3145833333333333,16
141,0.07395833333333333,0.10832832520475273,-0.13333333333333333,0.06666666666666667,0.26875,16
142,0.159375,0.14941654466438595,-0.09166666666666667,0.16666666666666666,0.3958333333333333,16
143,0.11666666666666667,0.140929454377398,-0.15208333333333332,0.13333333333333333,0.3416666666666667,16
144,0.11562499999999999,0.1582750715175605,-0.12291666666666666,0.058333333333333334,0.3770833333333333,16
145,0.18645833333333334,0.14603780308726763,-0.0375,0.15,0.42500000000000004,16
146,0.15520833333333334,0.09623444138318325,0.00625,0.18333333333333332,0.3020833333333333,16
147,0.14270833333333333,0.10307237714613723,-0.05416666666666667,0.15833333333333333,0.29375,16
148,0.12187500000000001,0.12825196960800772,-0.09791666666666667,0.125,0.3625,16
149,0.203125,0.12021663749479751,-0.025,0.24166666666666667,0.35,16
150,0.14479166666666665,0.12986621721987593,-0.14583333333333331,0.15833333333333333,0.3145833333333333,16
151,0.09479166666666666,0.15031434077181946,-0.21458333333333335,0.125,0.32916666666666666,16
152,0.14583333333333334,0.09583333333333334,0.0125,0.14166666666666666,0.35625,16
153,0.14479166666666665,0.15852168073764827,-0.19791666666666666,0.2,0.3416666666666667,16
154,0.13125,0.16254005916491274,-0.07083333333333333,0.10833333333333334,0.45416666666666666,16
155,0.03958333333333333,0.09680216796240786,-0.1375,0.05,0.17708333333333331,16
156,0.10624999999999998,0.13161325393405904,-0.08333333333333333,0.1,0.32916666666666666,16
157,0.023958333333333335,0.1063877783159325,-0.18333333333333335,0.03333333333333333,0.16041666666666665,16
158,0.027083333333333334,0.13253340773807437,-0.29375,0.058333333333333334,0.1375,16
159,0.08125,0.1097463932588827,-0.08750000000000001,0.075,0.29375,16
160,0.07708333333333334,0.10322490951531246,-0.12083333333333333,0.10833333333333334,0.25,16
161,0.05,0.12061762355108441,-0.15416666666666667,0.05,0.26666666666666666,16
162,0.06249999999999999,0.14148272371958037,-0.17916666666666667,0.06666666666666667,0.28125,16
163,0.11875,0.13487069424699594,-0.14583333333333331,0.13333333333333333,0.35625,16
164,0.05104166666666666,0.14270072972444425,-0.16875,0.025,0.32708333333333334,16
165,0.11875000000000001,0.1265013998605022,-0.043750000000000004,0.11666666666666667,0.34375,16
166,0.042708333333333334,0.13319898830738586,-0.21041666666666667,0.03333333333333333,0.27708333333333335,16
167,0.027083333333333334,0.11635001671202669,-0.21875,0.05,0.19791666666666666,16
168,0.059375,0.1280148578073828,-0.1875,0.06666666666666667,0.21666666666666667,16
169,0.24375,0.11363241786078869,0.06666666666666667,0.25,0.42083333333333334,16
170,0.10208333333333333,0.0920210951056574,-0.05416666666666667,0.11666666666666667,0.2375,16
171,0.084375,0.09528261143391624,-0.06458333333333333,0.1,0.24791666666666667,16
172,0.09270833333333334,0.09663949869661645,-0.043750000000000004,0.1,0.24375,16
173,0.16979166666666667,0.12804875780342423,-0.075,0.15,0.35,16
174,0.05520833333333333,0.1211516998436258,-0.17291666666666666,0.03333333333333333,0.23125,16
175,0.03125,0.09997829625584856,-0.11666666666666667,0.04166666666666667,0.16666666666666666,16
176,0.04479166666666667,0.13355694140411506,-0.13125,0.025,0.30833333333333335,16
177,0.221875,0.11736676104085954,0.05208333333333333,0.2,0.4,16
178,0.11562499999999998,0.09833134708445951,-0.03125,0.10833333333333334,0.25416666666666665,16
179,0.04166666666666667,0.10103629710818451,-0.16041666666666665,0.058333333333333334,0.17708333333333331,16
180,0.2520833333333333,0.0893407568432982,0.09583333333333333,0.25,0.4,16
181,0.265625,0.0986838297994605,0.12291666666666667,0.25,0.48125,16
182,0.014583333333333332,0.114848178769481,-0.19166666666666668,0.058333333333333334,0.19166666666666668,16
183,0.053125000000000006,0.12544625204755133,-0.2,0.07500000000000001,0.23541666666666666,16
184,0.08020833333333334,0.16501459847035757,-0.18958333333333333,0.09166666666666667,0.3,16
185,-0.0031250000000000028,0.1481622081725146,-0.23125,-0.008333333333333333,0.2875,16
186,0.017708333333333333,0.12082884330738253,-0.18333333333333332,0.025,0.19375,16
187,0.265625,0.14854254324192034,0.035416666666666666,0.25,0.5520833333333334,16
188,0.0875,0.1407445479504545,-0.16666666666666666,0.07500000000000001,0.26666666666666666,16
189,0.028125,0.12592970233648434,-0.2125,0.05,0.20833333333333334,16
190,0.06562499999999999,0.14654217609616693,-0.17916666666666667,0.09166666666666667,0.29791666666666666,16
191,0.090625,0.1543319778108218,-0.15,0.06666666666666667,0.38958333333333334,16
192,0.0625,0.15017351075783417,-0.2791666666666667,0.09166666666666667,0.27291666666666664,16
193,0.09999999999999999,0.09223309842157773,-0.06041666666666667,0.11666666666666667,0.21041666666666667,16
194,0.08333333333333334,0.1567907310185565,-0.1375,0.041666666666666664,0.35833333333333334,16
195,0.046875,0.1360681444371002,-0.20625,0.05,0.2604166666666667,16
196,0.03229166666666666,0.2094527218928733,-0.3729166666666667,0.05,0.38958333333333334,16
197,0.016666666666666663,0.11426091000668408,-0.16666666666666666,0.008333333333333333,0.19791666666666666,16
198,0.058333333333333334,0.09628516673576118,-0.08333333333333333,0.04166666666666667,0.21041666666666667,16
199,0.14479166666666668,0.10667297344636498,-0.010416666666666666,0.18333333333333332,0.33333333333333337,16
200,0.052083333333333336,0.09733871988519721,-0.14583333333333331,0.058333333333333334,0.19791666666666666,16
201,0.20729166666666665,0.10523926937908892,0.035416666666666666,0.21666666666666667,0.38125,16
202,0.11666666666666665,0.12444320435890065,-0.1,0.1,0.33125,16
203,0.09062500000000001,0.09877175393299442,-0.04791666666666666,0.08333333333333333,0.29791666666666666,16
204,0.02083333333333334,0.12268693220279547,-0.15833333333333333,0.0,0.2625,16
205,0.06770833333333333,0.13673635799311834,-0.16458333333333333,0.09166666666666667,0.2708333333333333,16
206,0.125,0.175,-0.24374999999999997,0.13333333333333333,0.34375,16
207,0.15416666666666667,0.13584866989084254,-0.08125,0.18333333333333335,0.38125,16
208,0.2635416666666667,0.09075660941649252,0.14583333333333331,0.24166666666666667,0.475,16
209,0.06354166666666666,0.11890979745401786,-0.11458333333333333,0.08333333333333333,0.2625,16
210,0.12083333333333333,0.1059841445164742,-0.06041666666666667,0.15833333333333333,0.28125,16
211,0.03333333333333333,0.12133516482134198,-0.17500000000000002,0.05,0.24583333333333332,16
212,0.044791666666666674,0.15112066899409302,-0.24375,0.05,0.28541666666666665,16
213,0.03125,0.11084821328685857,-0.13333333333333333,0.04166666666666667,0.2,16
214,0.184375,0.13313380252587995,-0.043750000000000004,0.2,0.36458333333333337,16
215,0.140625,0.10391114493482721,-0.027083333333333334,0.14166666666666666,0.3104166666666667,16
216,0.12916666666666665,0.17829244079445558,-0.17708333333333331,0.11666666666666667,0.3770833333333333,16
217,0.11249999999999999,0.1176299517791092,-0.13125,0.14166666666666666,0.2604166666666667,16
218,0.175,0.10913167378090662,-0.002083333333333333,0.13333333333333333,0.38125,16
219,0.3541666666666667,0.0956520023604083,0.17291666666666666,0.3333333333333333,0.5,16
220,0.153125,0.12307105417197009,-0.05416666666666667,0.15,0.33125,16
221,0.07708333333333334,0.11871344466590313,-0.1375,0.09166666666666667,0.2520833333333333,16
222,0.035416666666666666,0.10187052648664709,-0.13541666666666666,0.05,0.17083333333333334,16
223,0.125,0.09682458365518543,-0.04791666666666666,0.13333333333333333,0.2604166666666667,16
224,0.11458333333333331,0.1331867684035384,-0.06041666666666667,0.14166666666666666,0.33541666666666664,16
225,0.1875,0.11836560592784824,-0.06458333333333333,0.225,0.34375,16
226,0.24583333333333332,0.10383279828647593,0.09583333333333333,0.23333333333333334,0.3979166666666667,16
227,0.16041666666666668,0.10588171466310885,-0.0625,0.175,0.30416666666666664,16
228,0.01666666666666667,0.1432509453139257,-0.28125,0.008333333333333333,0.23958333333333331,16
229,0.115625,0.16878536152133838,-0.24375,0.125,0.36875,16
230,0.14375,0.07880950133074056,0.03333333333333333,0.14166666666666666,0.29166666666666663,16
231,0.12708333333333333,0.133707158247667,-0.07916666666666666,0.13333333333333333,0.3333333333333333,16
232,0.05104166666666667,0.08046495743489833,-0.09166666666666667,0.075,0.17500000000000002,16
233,0.18125000000000002,0.1380512938085776,-0.043750000000000004,0.2,0.3875,16
234,0.16249999999999998,0.12916666666666665,-0.004166666666666666,0.15833333333333333,0.4166666666666667,16
235,0.16770833333333332,0.14736914511035054,-0.11458333333333333,0.18333333333333332,0.42916666666666664,16
236,0.07604166666666667,0.1339787439090412,-0.1625,0.1,0.2833333333333333,16
237,0.06354166666666668,0.13310119766344872,-0.18541666666666667,0.06666666666666667,0.27291666666666664,16
238,0.03229166666666667,0.11923785024293064,-0.17708333333333331,0.025,0.24375,16
239,0.18854166666666666,0.1518083987484077,-0.11458333333333333,0.20833333333333331,0.4041666666666667,16
240,0.12708333333333333,0.13767350164630648,-0.11666666666666665,0.14166666666666666,0.31666666666666665,16
241,0.14583333333333331,0.09991315673568166,-0.008333333333333331,0.125,0.33541666666666664,16
242,0.1125,0.15246812052943323,-0.11875,0.13333333333333333,0.3958333333333333,16
243,0.10416666666666666,0.10231690964840562,-0.08958333333333333,0.11666666666666667,0.25416666666666665,16
244,0.07291666666666666,0.19273929931386594,-0.16458333333333333,0.016666666666666666,0.41458333333333336,16
245,0.06666666666666667,0.10849347138576282,-0.08125,0.016666666666666666,0.24375,16
246,0.18333333333333332,0.15679073101855648,-0.10625,0.18333333333333332,0.45208333333333334,16
247,0.13020833333333331,0.14484411520090598,-0.125,0.13333333333333333,0.36666666666666664,16
248,0.16458333333333336,0.09804955521458411,0.014583333333333334,0.15833333333333333,0.37083333333333335,16
249,0.15624999999999997,0.1011865370381741,-0.016666666666666666,0.15833333333333333,0.30416666666666664,16
250,0.09791666666666665,0.17439130250356205,-0.24791666666666665,0.1,0.37083333333333335,16
251,0.15520833333333334,0.11542775969554868,0.0125,0.13333333333333333,0.425,16
252,0.15208333333333335,0.12595124166826532,-0.05833333333333333,0.15833333333333333,0.34375,16
253,0.19374999999999998,0.13081939947033003,-0.008333333333333331,0.18333333333333332,0.41458333333333336,16
254,0.115625,0.11909216056623263,-0.08125,0.13333333333333333,0.29166666666666663,16
255,0.12708333333333333,0.06766825737046549,0.02291666666666667,0.13333333333333333,0.22708333333333333,16
256,0.17291666666666666,0.18227678510685033,-0.11458333333333333,0.20833333333333334,0.48333333333333334,16
257,0.09375,0.13640663779059042,-0.11458333333333333,0.09166666666666667,0.38125,16
258,0.09270833333333334,0.13384910009866416,-0.12083333333333333,0.075,0.35833333333333334,16
259,0.203125,0.1575880210390371,-0.06458333333333333,0.2,0.48125,16
260,0.15833333333333333,0.11785113019775792,-0.004166666666666666,0.15,0.39166666666666666,16
261,0.07708333333333334,0.149985531709636,-0.14583333333333331,0.10833333333333334,0.33749999999999997,16
262,0.13020833333333334,0.15106321685344554,-0.08750000000000001,0.10833333333333334,0.4354166666666667,16
263,0.10208333333333333,0.14823908522683513,-0.07708333333333334,0.06666666666666667,0.3666666666666667,16
264,0.190625,0.13981246740425785,-0.004166666666666666,0.19166666666666665,0.42916666666666664,16
265,0.07083333333333333,0.14331152934933197,-0.20625,0.05,0.3458333333333333,16
266,0.11875,0.12016698451183115,-0.11249999999999999,0.125,0.26666666666666666,16
267,0.09895833333333333,0.13962608176244629,-0.15625,0.09166666666666667,0.3104166666666667,16
268,0.18125,0.10555327117411167,-0.03125,0.2,0.3770833333333333,16
269,0.20520833333333333,0.17317688753121763,-0.09375,0.225,0.4854166666666667,16
270,0.18333333333333335,0.17658016750347574,-0.08125,0.18333333333333335,0.45,16
271,0.109375,0.15240761659845686,-0.16041666666666665,0.125,0.3104166666666667,16
272,0.08124999999999999,0.14917306783285872,-0.18333333333333335,0.09166666666666667,0.31875,16
273,-0.010416666666666671,0.1781341371925475,-0.3458333333333333,-0.03333333333333333,0.30416666666666664,16
274,0.03125,0.1018705264866471,-0.15416666666666667,0.04166666666666667,0.20416666666666666,16
275,0.07083333333333333,0.12083333333333333,-0.12291666666666666,0.05,0.3125,16
276,0.017708333333333333,0.12168789055749686,-0.14375,0.016666666666666666,0.28541666666666665,16
277,0.04479166666666667,0.14052465555711013,-0.16666666666666666,0.025,0.3,16
278,-0.02291666666666666,0.1015291077584267,-0.22291666666666665,-0.03333333333333333,0.12708333333333333,16
279,0.053125,0.16021022972436352,-0.225,0.04166666666666667,0.35416666666666663,16
280,0.07291666666666667,0.1249826376830887,-0.15625,0.075,0.3,16
281,0.043750000000000004,0.09928127131203213,-0.125,0.05,0.21666666666666667,16
282,0.07083333333333333,0.1778049024445989,-0.17708333333333331,0.09166666666666667,0.3854166666666667,16
283,0.08020833333333333,0.09541916845337384,-0.05416666666666667,0.06666666666666667,0.23333333333333334,16
284,0.03541666666666667,0.15010123898370875,-0.21666666666666667,0.025,0.3458333333333333,16
285,0.22812500000000002,0.10029795022553774,0.08541666666666667,0.225,0.44166666666666665,16
286,0.09791666666666667,0.12881336089258927,-0.05208333333333333,0.05,0.3770833333333333,16
287,0.10000000000000002,0.11102427162061856,-0.06666666666666667,0.10833333333333334,0.25416666666666665,16
288,0.021875,0.11222477908940906,-0.17083333333333334,0.03333333333333333,0.23125,16
289,0.06666666666666667,0.1417891627264463,-0.16666666666666666,0.1,0.30624999999999997,16
290,0.10520833333333333,0.11497565412584816,-0.06041666666666667,0.1,0.3104166666666667,16
291,0.06875,0.12498263768308869,-0.1375,0.08333333333333333,0.2583333333333333,16
292,0.034375,0.12983279177251195,-0.17708333333333331,0.058333333333333334,0.24166666666666667,16
293,0.10416666666666669,0.10968705484240152,-0.12708333333333333,0.10833333333333334,0.24375,16
294,0.0625,0.13365845776954532,-0.17708333333333331,0.058333333333333334,0.25416666666666665,16
295,0.15729166666666666,0.1477808942601625,-0.11666666666666665,0.14166666666666666,0.36458333333333337,16
296,0.053125,0.12050512177911775,-0.1875,0.09166666666666667,0.225,16
297,0.1375,0.12767961205037134,-0.06041666666666667,0.14166666666666666,0.32499999999999996,16
298,0.00208333333333334,0.1429931767991435,-0.23958333333333331,-0.008333333333333333,0.21666666666666667,16
299,0.046875,0.14886360624373202,-0.21875,0.025,0.29375,16
300,0.04166666666666667,0.15579099246533265,-0.2375,0.05,0.29791666666666666,16
301,0.027083333333333334,0.18237200610595672,-0.2895833333333333,0.0,0.2875,16
302,0.14895833333333333,0.10499152578237497,-0.05208333333333333,0.14166666666666666,0.30416666666666664,16
303,0.12187499999999998,0.17526950973191732,-0.1875,0.10833333333333334,0.35416666666666663,16
304,0.08854166666666666,0.1416321955610533,-0.16875,0.1,0.32708333333333334,16
305,0.041666666666666664,0.11319231422671772,-0.17500000000000002,0.05,0.2125,16
306,0.23958333333333334,0.1539835624344365,0.010416666666666664,0.19166666666666665,0.5437500000000001,16
307,0.06770833333333333,0.1416015475335241,-0.14375,0.08333333333333334,0.30624999999999997,16
308,0.10729166666666666,0.09982080298381361,-0.05,0.14166666666666666,0.2583333333333333,16
309,0.03541666666666667,0.11240350800180175,-0.17500000000000002,0.058333333333333334,0.1875,16
310,0.075,0.08740073734751264,-0.07083333333333333,0.08333333333333333,0.21041666666666667,16
311,-0.024999999999999998,0.16478099944404323,-0.3770833333333333,0.058333333333333334,0.12708333333333333,16
312,0.26249999999999996,0.10532687216470447,0.10625000000000001,0.24166666666666667,0.48333333333333334,16
313,0.011458333333333327,0.14716283852136947,-0.2375,0.0,0.24583333333333332,16
314,0.18229166666666669,0.11203123789322729,-0.02083333333333333,0.18333333333333332,0.3958333333333333,16
315,0.05625000000000001,0.1624332127710066,-0.25,0.058333333333333334,0.28541666666666665,16
316,0.18645833333333334,0.1528909776333014,-0.1625,0.23333333333333334,0.34375,16
317,0.017708333333333336,0.13036657051688263,-0.1875,0.008333333333333331,0.21666666666666667,16
318,0.025,0.137310475444034,-0.20625,0.025,0.24583333333333332,16
319,0.03854166666666667,0.15520134212442308,-0.25,0.1,0.24166666666666667,16
320,0.09791666666666668,0.10571762046971062,-0.10625,0.1,0.25416666666666665,16
321,0.14895833333333333,0.07556930915465028,0.02291666666666667,0.15,0.30416666666666664,16
322,0.12916666666666668,0.1301041249666333,-0.07083333333333333,0.1,0.36041666666666666,16
323,0.008333333333333331,0.1927505584370063,-0.3354166666666667,-0.008333333333333333,0.35000000000000003,16
324,0.03229166666666666,0.1587132229928489,-0.30625,0.04166666666666667,0.24375,16
325,0.078125,0.1603726941897113,-0.18333333333333335,0.08333333333333334,0.375,16
326,-0.0010416666666666664,0.14245719995649375,-0.2791666666666667,-0.008333333333333333,0.26666666666666666,16
327,0.004166666666666659,0.13313787757225382,-0.2,-0.016666666666666666,0.23541666666666666,16
328,0.018749999999999996,0.1191513684819067,-0.14791666666666667,0.025,0.21875,16
329,0.11041666666666666,0.114848178769481,-0.08125,0.11666666666666667,0.29583333333333334,16
330,0.04166666666666667,0.1339827932567794,-0.20833333333333334,0.05,0.24166666666666667,16
331,0.022916666666666665,0.09644280832585589,-0.14375,0.03333333333333333,0.19791666666666666,16
332,0.08333333333333333,0.0961046882889233,-0.07083333333333333,0.08333333333333333,0.27291666666666664,16
333,0.08020833333333333,0.11934700078855028,-0.11458333333333333,0.075,0.3104166666666667,16
334,0.11770833333333335,0.1320864550104295,-0.18333333333333332,0.14166666666666666,0.26666666666666666,16
335,0.036458333333333336,0.17971995479850802,-0.17500000000000002,0.0,0.4291666666666667,16
336,0.08020833333333333,0.11905571029050971,-0.1,0.075,0.275,16
337,0.13958333333333334,0.12146029872623675,-0.07708333333333334,0.14166666666666666,0.33125,16
338,0.019791666666666666,0.14436387643536192,-0.18333333333333332,0.008333333333333331,0.24375,16
339,0.06041666666666666,0.14262847522302285,-0.20208333333333334,0.06666666666666667,0.25416666666666665,16
340,0.06458333333333333,0.10271910863017542,-0.13125,0.08333333333333333,0.22083333333333333,16
341,0.058333333333333334,0.11696390706348499,-0.14791666666666667,0.04166666666666667,0.2375,16
342,0.071875,0.12551543038164228,-0.16666666666666666,0.06666666666666667,0.2375,16
343,-0.013541666666666664,0.12804875780342423,-0.21458333333333332,0.03333333333333333,0.13333333333333333,16
344,0.13229166666666667,0.08964992679863158,-0.01458333333333333,0.13333333333333333,0.26666666666666666,16
345,0.11666666666666667,0.13320306135954818,-0.12083333333333332,0.125,0.3729166666666667,16
346,0.140625,0.1653036715243931,-0.13125,0.13333333333333333,0.4354166666666667,16
347,0.08645833333333333,0.12709614006508793,-0.11875,0.09166666666666667,0.27708333333333335,16
348,0.06770833333333334,0.19715588428533734,-0.27708333333333335,0.1,0.36875,16
349,0.16041666666666665,0.1342255305653718,-0.06041666666666667,0.16666666666666666,0.375,16
350,0.13333333333333333,0.1880085695446413,-0.24791666666666667,0.175,0.375,16
351,0.32395833333333335,0.15149357682570058,0.014583333333333334,0.35,0.5479166666666667,16
352,0.25,0.18661829730465576,-0.0625,0.20833333333333334,0.5770833333333333,16
353,0.2979166666666667,0.12553704079319025,0.12291666666666667,0.2833333333333333,0.5395833333333333,16
354,0.23229166666666667,0.11125370624288333,0.08958333333333333,0.225,0.42708333333333337,16
355,0.29270833333333335,0.11318752109024897,0.06666666666666667,0.29166666666666663,0.45416666666666666,16
356,0.2989583333333333,0.1344315126643386,0.0875,0.2583333333333333,0.5625,16
357,0.3229166666666667,0.13980082558173015,0.14583333333333331,0.2833333333333333,0.63125,16
358,0.24270833333333333,0.1100771115450942,0.08541666666666667,0.225,0.43333333333333335,16
359,0.265625,0.12916246632955464,-0.012499999999999997,0.29166666666666663,0.4166666666666667,16
360,0.3354166666666667,0.12732217992164602,0.0875,0.3416666666666667,0.5375000000000001,16
361,0.28020833333333334,0.12179484543690673,0.0625,0.3,0.5166666666666667,16
362,0.22291666666666668,0.11424191559045994,0.05625,0.2583333333333333,0.3770833333333333,16
363,0.3375,0.07276770498572076,0.20625000000000002,0.3416666666666667,0.45625,16
364,0.18854166666666666,0.13026665360585057,0.00625,0.18333333333333335,0.4354166666666667,16
365,0.11666666666666667,0.11873172373979173,-0.05833333333333333,0.11666666666666667,0.30833333333333335,16
366,0.2885416666666667,0.11985505569228191,0.1125,0.26666666666666666,0.53125,16
367,0.1989583333333333,0.15980334594431994,-0.0875,0.19166666666666665,0.5,16
368,0.35,0.15645819462932156,0.13541666666666666,0.32499999999999996,0.6208333333333333,16
369,0.3,0.1403121520040228,0.029166666666666667,0.2833333333333333,0.5166666666666667,16
370,0.08020833333333334,0.09339632361013409,-0.11458333333333333,0.10833333333333334,0.20416666666666666,16
371,0.328125,0.12537703554346252,0.13333333333333333,0.31666666666666665,0.5770833333333334,16
372,0.32499999999999996,0.11023963796102461,0.10833333333333334,0.35,0.48333333333333334,16
373,0.21562499999999998,0.11909216056623262,0.00625,0.21666666666666667,0.3979166666666667,16
374,0.33125,0.11620070639486951,0.15833333333333333,0.3,0.525,16
375,0.10625000000000001,0.17087143883958814,-0.19166666666666665,0.125,0.4395833333333333,16
376,0.10625,0.14238482187368148,-0.16458333333333333,0.1,0.3770833333333333,16
377,0.30312500000000003,0.15659337270459436,0.02291666666666667,0.31666666666666665,0.55,16
378,0.246875,0.1478102610236816,0.01666666666666667,0.225,0.5333333333333333,16
379,0.290625,0.10085894130748482,0.17291666666666666,0.2583333333333333,0.4604166666666667,16
380,0.20104166666666667,0.11643857912364498,0.0625,0.175,0.4375,16
381,0.3072916666666667,0.14190772994958537,0.0625,0.32499999999999996,0.51875,16
382,0.23854166666666665,0.10370208900445974,0.06666666666666667,0.225,0.4375,16
383,0.12916666666666665,0.13838101587846346,-0.14166666666666666,0.175,0.3125,16
384,0.31145833333333334,0.15486539294030657,0.08333333333333333,0.35,0.5270833333333333,16
385,0.21041666666666664,0.18360538526960477,-0.06458333333333333,0.2,0.6020833333333333,16
386,0.28125,0.10847346705787345,0.07291666666666666,0.29166666666666663,0.45208333333333334,16
387,0.16875,0.1395522353417848,-0.07708333333333334,0.19166666666666665,0.3854166666666667,16
388,0.22499999999999998,0.18047006523089762,-0.025,0.2,0.4979166666666667,16
389,0.3104166666666667,0.13892881370607676,0.0625,0.3,0.5104166666666667,16
390,0.3260416666666667,0.11349387373334299,0.06874999999999999,0.3333333333333333,0.4979166666666667,16
391,0.26458333333333334,0.10974639325888269,0.004166666666666673,0.29166666666666663,0.3770833333333333,16
392,0.24375000000000002,0.13967658576551445,0.0125,0.225,0.4875,16
393,0.13749999999999998,0.13378828631668602,-0.08541666666666667,0.10833333333333334,0.36666666666666664,16
394,0.24062500000000003,0.1519512839969881,-0.0375,0.23333333333333334,0.4875,16
395,0.27708333333333335,0.1358965854775036,0.13333333333333333,0.275,0.5666666666666667,16
396,0.265625,0.14606752029835762,-0.027083333333333334,0.29166666666666663,0.4916666666666667,16
397,0.32083333333333336,0.13209056236789465,0.0875,0.30833333333333335,0.5041666666666667,16
398,0.19374999999999998,0.13240234871196374,-0.033333333333333326,0.15833333333333333,0.45,16
399,0.24166666666666664,0.14445779852799762,-0.0062500000000000056,0.2583333333333333,0.49375,16
400,0.28020833333333334,0.12193730601100806,0.008333333333333335,0.3,0.44583333333333336,16
401,0.24583333333333332,0.16651034335573403,-0.025,0.3,0.5229166666666667,16
402,0.2958333333333334,0.13863170633011773,0.08541666666666667,0.26666666666666666,0.5270833333333333,16
403,0.38958333333333334,0.11709371246996998,0.17916666666666667,0.3583333333333333,0.5916666666666667,16
404,0.23333333333333334,0.15877132402714708,-0.12916666666666668,0.275,0.43125,16
405,0.2677083333333333,0.11703346357868001,0.07500000000000001,0.26666666666666666,0.45833333333333337,16
406,0.184375,0.14306524710968613,-0.03958333333333333,0.15,0.43125,16
407,0.259375,0.10034121473751452,0.09166666666666667,0.25,0.4354166666666667,16
408,0.24166666666666664,0.09753916592266354,0.1,0.24166666666666667,0.4,16
409,0.24895833333333334,0.13169155223686732,0.014583333333333334,0.21666666666666667,0.48125,16
410,0.25416666666666665,0.10857345183996153,0.06041666666666666,0.25,0.4791666666666667,16
411,0.20416666666666666,0.1016359243137539,0.04166666666666667,0.20833333333333334,0.37083333333333335,16
412,0.31145833333333334,0.13765379656345603,0.1125,0.3,0.5791666666666667,16
413,0.03333333333333334,0.12360330811826105,-0.13125,0.025,0.24791666666666667,16
414,0.3177083333333333,0.14630504068744712,0.0125,0.3333333333333333,0.5354166666666667,16
415,0.2520833333333333,0.11053452829068591,0.03333333333333333,0.2833333333333333,0.39375000000000004,16
416,0.20625,0.10135796712641784,0.02291666666666667,0.24166666666666667,0.33125,16
417,0.22083333333333333,0.10760976308454132,0.02291666666666667,0.225,0.3770833333333333,16
418,0.28020833333333334,0.12804875780342423,-0.002083333333333326,0.29166666666666663,0.45416666666666666,16
419,0.27083333333333337,0.10857345183996153,0.08958333333333333,0.26666666666666666,0.4708333333333333,16
420,0.24270833333333333,0.1401844952494153,0.03958333333333333,0.24166666666666667,0.475,16
421,0.3052083333333333,0.1266171435535752,0.07291666666666666,0.3,0.5375,16
422,0.27604166666666663,0.1241595006321394,0.09166666666666667,0.2833333333333333,0.46458333333333335,16
423,0.30520833333333336,0.14973573364616596,0.10833333333333334,0.29166666666666663,0.5645833333333333,16
424,0.31666666666666665,0.14312970031098057,0.05625,0.3833333333333333,0.4875,16
425,0.29791666666666666,0.1286785130556855,0.0875,0.3,0.51875,16
426,0.23229166666666667,0.16377372071618274,-0.027083333333333334,0.225,0.5104166666666666,16
427,0.26666666666666666,0.10474837574980446,0.09791666666666667,0.275,0.46666666666666673,16
428,0.24895833333333334,0.11981883749830177,0.07291666666666666,0.25,0.4875,16
429,0.225,0.14373490258883617,0.02291666666666667,0.20833333333333334,0.43125,16
430,0.27708333333333335,0.13538461159066623,0.10625000000000001,0.24166666666666667,0.5125000000000001,16
431,0.27708333333333335,0.15699820858850588,0.0,0.3,0.5104166666666667,16
432,0.23333333333333334,0.16372402253657084,-0.010416666666666666,0.25,0.5145833333333333,16
433,0.3041666666666667,0.10873323625583241,0.11875,0.3,0.46458333333333335,16
434,0.23229166666666667,0.1140280103868246,0.035416666666666666,0.24166666666666667,0.4479166666666667,16
435,0.24791666666666667,0.12622662049750924,0.058333333333333334,0.2583333333333333,0.475,16
436,0.33125,0.10305658505026363,0.16249999999999998,0.3583333333333333,0.4875,16
437,0.3354166666666667,0.1249826376830887,0.16458333333333333,0.2833333333333333,0.53125,16
438,0.28541666666666665,0.0953566040945484,0.10833333333333334,0.3,0.44166666666666665,16
439,0.140625,0.10103092726432282,-0.01458333333333333,0.15833333333333333,0.27708333333333335,16
440,0.20625,0.11797995945639808,0.03958333333333333,0.225,0.4041666666666667,16
441,0.3010416666666667,0.1502854633226751,0.018750000000000003,0.30833333333333335,0.5479166666666667,16
442,0.29375,0.149985531709636,0.02291666666666666,0.3,0.5104166666666667,16
443,0.2635416666666667,0.11505112842896317,0.06458333333333333,0.2583333333333333,0.46875,16
444,0.26979166666666665,0.1375907213340428,0.04166666666666667,0.275,0.5104166666666666,16
445,0.14479166666666665,0.14175472140873005,-0.09375,0.15,0.36875,16
446,0.31562500000000004,0.1454720226538423,0.11666666666666667,0.2833333333333333,0.6208333333333333,16
447,0.2635416666666667,0.11414214304736199,0.1,0.275,0.42708333333333337,16
448,0.29166666666666663,0.1686342195404005,-0.035416666666666666,0.30833333333333335,0.5729166666666667,16
449,0.22708333333333333,0.13200839093700742,-0.03333333333333333,0.25,0.4041666666666667,16
450,0.2572916666666667,0.11546535525381148,0.04583333333333334,0.2583333333333333,0.41458333333333336,16
451,0.38020833333333337,0.1508331894566533,0.17291666666666666,0.38333333333333336,0.6145833333333334,16
452,0.325,0.09895285072531598,0.20625000000000002,0.3,0.5125000000000001,16
453,0.2552083333333333,0.11019533634767752,0.041666666666666664,0.25,0.42083333333333334,16
454,0.3197916666666667,0.10072975913303873,0.13541666666666666,0.31666666666666665,0.47708333333333336,16
455,0.3510416666666667,0.13261116275076965,0.10208333333333333,0.375,0.5645833333333333,16
456,0.23229166666666667,0.1531462570279361,0.004166666666666673,0.25,0.5291666666666667,16
457,0.29166666666666663,0.12119199643540823,0.0625,0.2833333333333333,0.4979166666666667,16
458,0.3260416666666667,0.0745283200274306,0.2,0.32499999999999996,0.45416666666666666,16
459,0.2833333333333333,0.11441275181454985,0.08333333333333333,0.3,0.48125,16
460,0.2,0.14517709491820288,-0.06874999999999999,0.2,0.44375000000000003,16
461,0.290625,0.16842496990087635,-0.02083333333333333,0.275,0.5625,16
462,0.1958333333333333,0.14086784586980805,-0.0625,0.23333333333333334,0.36041666666666666,16
463,0.31770833333333337,0.13610003852354752,0.07083333333333333,0.3333333333333333,0.5520833333333334,16
464,0.2802083333333333,0.1291288587139907,0.058333333333333334,0.30833333333333335,0.4708333333333333,16
465,0.31145833333333334,0.11883677385155005,0.1125,0.3333333333333333,0.51875,16
466,0.25416666666666665,0.13888194427082465,0.014583333333333334,0.2833333333333333,0.48333333333333334,16
467,0.2552083333333333,0.13828296648338306,-0.025,0.275,0.45625,16
468,0.26145833333333335,0.15215109791658496,0.05625,0.24166666666666667,0.53125,16
469,0.24479166666666666,0.10908692220986997,0.09583333333333333,0.23333333333333334,0.4354166666666667,16
470,0.31354166666666666,0.09170808723274566,0.15625,0.3416666666666667,0.4479166666666667,16
471,0.178125,0.1630566055001214,-0.027083333333333334,0.15,0.46458333333333335,16
472,0.2,0.18085445345175588,-0.13333333333333333,0.225,0.44375000000000003,16
473,0.22395833333333334,0.09147114564774572,0.11666666666666667,0.19166666666666665,0.39375000000000004,16
474,0.18958333333333333,0.11958768865471803,0.05625,0.16666666666666666,0.4354166666666667,16
475,0.26145833333333335,0.08472151069828723,0.13541666666666666,0.24166666666666667,0.3875,16
476,0.275,0.11726039399558573,0.125,0.2583333333333333,0.5354166666666667,16
477,0.25416666666666665,0.13661330258962504,0.02708333333333333,0.25,0.51875,16
478,0.29270833333333335,0.12345837552029879,0.1,0.2833333333333333,0.47708333333333336,16
479,0.2583333333333333,0.10274023338281627,0.07916666666666666,0.2583333333333333,0.4708333333333333,16
480,0.22916666666666666,0.1393810723639811,0.02291666666666667,0.2,0.4708333333333333,16
481,0.353125,0.11337908849665945,0.16875,0.35,0.5375000000000001,16
482,0.25625000000000003,0.1184205957593526,0.05208333333333333,0.25,0.475,16
483,0.37083333333333335,0.13182743349630313,0.12083333333333332,0.38333333333333336,0.5791666666666667,16
484,0.215625,0.12478714516015751,0.004166666666666673,0.225,0.44375000000000003,16
485,0.20208333333333334,0.1470632658642758,-0.03125,0.18333333333333332,0.49375,16
486,0.271875,0.11299562891005023,0.08333333333333334,0.2583333333333333,0.46458333333333335,16
487,0.328125,0.1241245384348585,0.12291666666666667,0.31666666666666665,0.5541666666666667,16
488,0.20520833333333333,0.1381573617192447,-0.027083333333333334,0.21666666666666667,0.4104166666666667,16
489,0.3260416666666667,0.14178533632651236,0.10833333333333334,0.2833333333333333,0.5708333333333334,16
490,0.28229166666666666,0.13195495206698382,0.0062500000000000056,0.2833333333333333,0.4708333333333333,16
491,0.3197916666666667,0.11490013024603392,0.09791666666666667,0.3333333333333333,0.4979166666666667,16
492,0.2895833333333333,0.1210307295689818,0.09791666666666667,0.26666666666666666,0.47708333333333336,16
493,0.25625,0.1342255305653718,0.008333333333333335,0.2833333333333333,0.46875,16
494,0.21770833333333334,0.09921020577821395,0.0625,0.225,0.38125,16
495,0.33229166666666665,0.14367072089213817,0.05,0.3333333333333333,0.59375,16
496,0.2833333333333333,0.14018836534383936,0.11666666666666667,0.24166666666666667,0.56875,16
497,0.3125,0.12465229418042993,0.11875,0.2833333333333333,0.5083333333333333,16
498,0.29270833333333335,0.11755151796127518,0.13333333333333333,0.3,0.5270833333333333,16
499,0.22604166666666664,0.1298996340662881,-0.008333333333333331,0.23333333333333334,0.44375,16
500,0.175,0.13281147875424357,-0.11250000000000002,0.18333333333333332,0.36041666666666666,16
501,0.271875,0.08813632708921887,0.12708333333333333,0.26666666666666666,0.4354166666666667,16
502,0.3510416666666667,0.13999860490376323,0.05208333333333333,0.375,0.5333333333333333,16
503,0.27291666666666664,0.08330728759638419,0.13333333333333333,0.2583333333333333,0.42083333333333334,16
504,0.259375,0.1063877783159325,0.05416666666666667,0.29166666666666663,0.4354166666666667,16
505,0.325,0.11008204011352422,0.15625,0.30833333333333335,0.5458333333333334,16
506,0.32083333333333336,0.11188101318414627,0.13958333333333334,0.29166666666666663,0.55,16
507,0.24895833333333334,0.15028546332267506,-0.020833333333333332,0.29166666666666663,0.4895833333333333,16
508,0.3354166666666667,0.12484365222148862,0.12291666666666667,0.30833333333333335,0.5208333333333334,16
509,0.06458333333333334,0.08972856444732513,-0.11041666666666666,0.09166666666666667,0.20208333333333334,16
510,0.06458333333333333,0.10604555493853678,-0.12291666666666666,0.075,0.2520833333333333,16
511,0.08645833333333333,0.11920144451725409,-0.06666666666666667,0.09166666666666667,0.3333333333333333,16
512,0.10416666666666666,0.12889756915215017,-0.08750000000000001,0.09166666666666667,0.32499999999999996,16
513,0.07604166666666667,0.11241798708144726,-0.12916666666666665,0.08333333333333334,0.24166666666666667,16
514,0.109375,0.10374393389227364,-0.08125,0.11666666666666667,0.3020833333333333,16
515,0.07916666666666666,0.14012643100666863,-0.16041666666666665,0.09166666666666667,0.31666666666666665,16
516,0.21979166666666666,0.11444594035564952,0.04375,0.16666666666666666,0.40208333333333335,16
517,0.08125,0.09857931803600817,-0.09375,0.08333333333333333,0.2583333333333333,16
518,0.07291666666666667,0.12245676674737996,-0.125,0.05,0.26458333333333334,16
519,0.14375,0.12988710375638615,-0.06666666666666667,0.16666666666666666,0.33749999999999997,16
520,0.048958333333333326,0.124508582647052,-0.13125,0.016666666666666666,0.26875,16
521,0.12708333333333333,0.12031137264984092,-0.06041666666666667,0.1,0.3416666666666667,16
522,0.14270833333333333,0.09519146458877265,0.00625,0.15,0.30624999999999997,16
523,0.15208333333333332,0.12840839255195813,-0.07083333333333333,0.16666666666666669,0.3,16
524,0.11770833333333333,0.1320864550104295,-0.06875,0.08333333333333334,0.32708333333333334,16
525,0.06354166666666666,0.10428638953222355,-0.125,0.10833333333333334,0.19375,16
526,0.13020833333333334,0.12278859853649098,-0.043750000000000004,0.11666666666666667,0.29375,16
527,0.10520833333333333,0.12496093139457627,-0.08333333333333333,0.11666666666666667,0.3145833333333333,16
528,0.10416666666666667,0.1315637783653912,-0.07708333333333334,0.06666666666666667,0.3729166666666667,16
529,0.146875,0.13746448404951733,-0.07708333333333334,0.16666666666666666,0.34375,16
530,0.14166666666666666,0.13333333333333333,-0.06875,0.15833333333333333,0.39166666666666666,16
531,0.27083333333333337,0.18394783378870097,-0.11249999999999999,0.26666666666666666,0.5208333333333334,16
532,0.16562500000000002,0.1253424129579095,-0.01458333333333333,0.14166666666666666,0.3979166666666667,16
533,0.146875,0.08744417862270765,-0.041666666666666664,0.15,0.2604166666666667,16
534,0.0875,0.10728660991319777,-0.05416666666666667,0.058333333333333334,0.3020833333333333,16
535,0.10833333333333332,0.059219460014799566,0.02291666666666667,0.10833333333333334,0.2,16
536,0.018750000000000003,0.16831218926612404,-0.31666666666666665,0.04166666666666667,0.24791666666666667,16
537,0.04895833333333334,0.1018012684787812,-0.125,0.03333333333333333,0.2,16
538,0.078125,0.13446379495156968,-0.15,0.058333333333333334,0.30833333333333335,16
539,0.13020833333333331,0.19509779865920235,-0.27708333333333335,0.09166666666666667,0.3770833333333333,16
540,0.10625,0.12203070538006225,-0.11458333333333333,0.09166666666666667,0.2875,16
541,0.06979166666666667,0.1375907213340428,-0.08750000000000001,0.025,0.38333333333333336,16
542,0.13854166666666667,0.11406606729581471,-0.05416666666666667,0.16666666666666666,0.2833333333333333,16
543,0.21770833333333334,0.13597241729074647,-0.012499999999999997,0.21666666666666667,0.4166666666666667,16
544,0.19999999999999998,0.12119199643540822,0.05625,0.15,0.45,16
545,0.103125,0.12831963536203042,-0.09791666666666667,0.08333333333333333,0.35833333333333334,16
546,0.090625,0.1536555434784787,-0.15833333333333333,0.10833333333333334,0.36041666666666666,16
547,0.017708333333333336,0.10197166511394776,-0.20625,0.05,0.1625,16
548,0.12604166666666666,0.15667650124274113,-0.13333333333333333,0.13333333333333333,0.38333333333333336,16
549,0.1,0.0549621081594705,0.03333333333333333,0.075,0.19375,16
550,0.09895833333333334,0.1283534548619553,-0.12708333333333333,0.1,0.28125,16
551,0.06770833333333333,0.10711960313126631,-0.12916666666666665,0.06666666666666667,0.25416666666666665,16
552,0.24166666666666664,0.11008204011352422,0.05,0.26666666666666666,0.3770833333333333,16
553,0.09687499999999999,0.15592674896138464,-0.1875,0.11666666666666667,0.31666666666666665,16
554,0.08333333333333333,0.1502313031443329,-0.08333333333333333,0.05,0.3875,16
555,0.11666666666666667,0.11946059322359544,-0.07083333333333333,0.125,0.35208333333333336,16
556,0.08020833333333333,0.10642856726723118,-0.07708333333333334,0.09166666666666667,0.28125,16
557,0.05208333333333333,0.19745560330813045,-0.16041666666666665,-0.05,0.3770833333333333,16
558,0.010416666666666668,0.1048932989597842,-0.14375,0.03333333333333333,0.14791666666666667,16
559,0.06458333333333333,0.14079079732394129,-0.24791666666666667,0.075,0.25,16
560,0.04583333333333333,0.09138213416442212,-0.10833333333333334,0.03333333333333333,0.21041666666666667,16
561,0.06666666666666667,0.1256925260749863,-0.13541666666666666,0.05,0.27708333333333335,16
562,0.084375,0.12422939550820221,-0.08750000000000001,0.09166666666666667,0.32916666666666666,16
563,0.11770833333333333,0.12436906741853279,-0.1375,0.1,0.3416666666666667,16
564,0.09375,0.0975169144872371,-0.08750000000000001,0.1,0.22708333333333333,16
565,0.02916666666666666,0.12781551375148306,-0.18958333333333333,0.025,0.2375,16
566,0.06875,0.09145335028186655,-0.1,0.09166666666666667,0.19375,16
567,0.051041666666666666,0.12111586939556866,-0.17500000000000002,0.03333333333333333,0.24375,16
568,0.16666666666666666,0.12513881181401004,-0.09583333333333333,0.19166666666666665,0.3208333333333333,16
569,0.056249999999999994,0.12786643965047625,-0.13541666666666666,0.016666666666666666,0.2604166666666667,16
570,0.043750000000000004,0.1256752594321306,-0.13333333333333333,0.03333333333333333,0.27291666666666664,16
571,0.07395833333333333,0.09753360353972595,-0.07708333333333334,0.07500000000000001,0.22708333333333333,16
572,0.040624999999999994,0.11410411151176318,-0.16458333333333333,0.04166666666666667,0.23958333333333331,16
573,0.036458333333333336,0.14603780308726763,-0.18125,0.05,0.2708333333333333,16
574,0.07395833333333335,0.13869039635701771,-0.11249999999999999,0.058333333333333334,0.36041666666666666,16
575,0.10625000000000001,0.12245676674737996,-0.18333333333333332,0.125,0.22708333333333333,16
576,0.12395833333333334,0.14493398281631537,-0.11041666666666666,0.15,0.3208333333333333,16
577,0.05416666666666667,0.11967838846954226,-0.14166666666666666,0.06666666666666667,0.22708333333333333,16
578,0.16666666666666669,0.10849347138576282,0.00625,0.16666666666666666,0.38958333333333334,16
579,0.06458333333333333,0.11454544828242728,-0.15208333333333332,0.058333333333333334,0.21666666666666667,16
580,0.090625,0.1516081331646382,-0.10416666666666667,0.05,0.4041666666666667,16
581,0.09166666666666665,0.10358169078880045,-0.12291666666666666,0.1,0.25625,16
582,0.07916666666666666,0.10332997306364369,-0.043750000000000004,0.058333333333333334,0.29375,16
583,0.159375,0.15399413205811882,-0.06041666666666667,0.13333333333333333,0.3875,16
584,0.09895833333333334,0.11658758480453892,-0.07083333333333333,0.075,0.32499999999999996,16
585,0.190625,0.10960293709314749,0.03958333333333333,0.19166666666666665,0.375,16
586,0.0875,0.15189771777965153,-0.15416666666666667,0.10833333333333334,0.34791666666666665,16
587,0.07395833333333332,0.11241798708144726,-0.075,0.025,0.3125,16
588,0.06354166666666666,0.09969027556219646,-0.05,0.04166666666666667,0.26041666666666663,16
589,0.07499999999999998,0.14660510071465985,-0.11875,0.04166666666666667,0.32708333333333334,16
590,0.12916666666666665,0.1509805910999453,-0.05,0.08333333333333333,0.46458333333333335,16
591,0.09791666666666667,0.1169453516723849,-0.11666666666666665,0.14166666666666666,0.24375,16
592,0.015625,0.09762256363441578,-0.12708333333333333,0.008333333333333331,0.17708333333333331,16
593,0.021874999999999995,0.13740132191463403,-0.1875,0.0,0.29375,16
594,0.14166666666666666,0.14105259066508966,-0.08958333333333333,0.13333333333333333,0.4083333333333333,16
595,0.06979166666666667,0.1570362164084734,-0.23541666666666666,0.025,0.29166666666666663,16
596,0.053125,0.10107387802713638,-0.07708333333333334,0.041666666666666664,0.23125,16
597,0.05208333333333333,0.1425067006221891,-0.19375,0.06666666666666667,0.23125,16
598,0.060416666666666674,0.1599560486508716,-0.16041666666666665,0.06666666666666667,0.30416666666666664,16
599,0.08958333333333333,0.12188835396925062,-0.11458333333333333,0.13333333333333333,0.28125,16
600,0.12395833333333332,0.16488303408948887,-0.12083333333333333,0.13333333333333333,0.39166666666666666,16
601,0.1,0.15679073101855648,-0.16666666666666666,0.125,0.36875,16
602,0.10208333333333333,0.1505631788762888,-0.07083333333333333,0.058333333333333334,0.4479166666666667,16
603,0.16041666666666665,0.12622662049750924,-0.075,0.16666666666666666,0.3625,16
604,0.04895833333333334,0.13468955431534646,-0.21458333333333332,0.05,0.27291666666666664,16
605,0.06354166666666666,0.10836838375292963,-0.12708333333333333,0.08333333333333333,0.22708333333333333,16
606,0.058333333333333334,0.10573814617041266,-0.12083333333333333,0.06666666666666667,0.225,16
607,0.046875,0.12572273699383985,-0.21458333333333335,0.06666666666666667,0.23541666666666666,16
608,0.09479166666666666,0.16015603827899286,-0.18541666666666667,0.07500000000000001,0.375,16
609,0.052083333333333336,0.13615185047912087,-0.18125,0.058333333333333334,0.23333333333333334,16
610,0.058333333333333334,0.1273392232494677,-0.15833333333333333,0.09166666666666667,0.2520833333333333,16
611,0.09791666666666667,0.10406244786451814,-0.07291666666666667,0.08333333333333333,0.2895833333333333,16
612,0.059375000000000004,0.15103448258777052,-0.21666666666666667,0.05,0.25,16
613,0.020833333333333336,0.11479147761629926,-0.12708333333333333,0.025,0.23541666666666666,16
614,0.22291666666666665,0.12074350109035084,0.018750000000000003,0.24166666666666667,0.3770833333333333,16
615,-0.00625,0.10750888206200557,-0.17083333333333334,0.008333333333333333,0.2,16
616,0.03958333333333333,0.13716816017817934,-0.1875,0.06666666666666667,0.25416666666666665,16
617,0.0625,0.15394127668259305,-0.19166666666666668,0.08333333333333334,0.25,16
618,0.04791666666666666,0.12160315122927073,-0.14375,0.06666666666666667,0.24166666666666667,16
619,0.04374999999999999,0.13213984069916235,-0.22499999999999998,0.05,0.225,16
620,0.11979166666666667,0.1370850747103175,-0.06666666666666667,0.10833333333333334,0.3458333333333333,16
621,0.10833333333333334,0.11180339887498947,-0.11249999999999999,0.13333333333333333,0.2708333333333333,16
622,0.042708333333333334,0.09555553032137909,-0.12291666666666666,0.016666666666666666,0.20833333333333334,16
623,0.12604166666666666,0.153429402648978,-0.11458333333333333,0.15,0.4125,16
624,0.053125000000000006,0.14979369493295325,-0.22708333333333333,0.058333333333333334,0.2895833333333333,16
625,0.1375,0.17255232700707213,-0.17916666666666667,0.16666666666666666,0.40625,16
626,0.2375,0.13559283412727482,0.00625,0.275,0.43333333333333335,16
627,0.1875,0.11554520519885039,0.02291666666666667,0.18333333333333332,0.3770833333333333,16
628,0.06458333333333333,0.10783136912172944,-0.08333333333333333,0.058333333333333334,0.26458333333333334,16
629,0.026041666666666668,0.14813291118114166,-0.21875,0.008333333333333333,0.23333333333333334,16
630,0.14166666666666666,0.1224744871391589,-0.05416666666666667,0.15,0.36875,16
631,0.0625,0.12040152730666576,-0.11041666666666666,0.025,0.27708333333333335,16
632,0.07708333333333334,0.12160315122927073,-0.07708333333333334,0.058333333333333334,0.33125000000000004,16
633,0.09687499999999999,0.14532276696107263,-0.20416666666666666,0.15,0.27708333333333335,16
634,0.06979166666666667,0.13086501076172602,-0.13333333333333333,0.06666666666666667,0.29166666666666663,16
635,0.04583333333333333,0.1250694251650303,-0.17500000000000002,0.06666666666666667,0.24375,16
636,0.051041666666666666,0.13584467616239757,-0.16458333333333333,0.041666666666666664,0.29166666666666663,16
637,0.09166666666666667,0.09298297335175583,-0.027083333333333334,0.075,0.24791666666666667,16
638,0.048958333333333326,0.14582961304778486,-0.22708333333333333,0.06666666666666667,0.2895833333333333,16
639,0.06145833333333332,0.16684560706600046,-0.2708333333333333,0.08333333333333333,0.29166666666666663,16
640,0.08020833333333333,0.12193730601100806,-0.13125,0.10833333333333334,0.2895833333333333,16
641,0.13229166666666667,0.12492619348817303,-0.04791666666666666,0.10833333333333334,0.38958333333333334,16
642,0.15104166666666669,0.19134653972279952,-0.27083333333333337,0.175,0.42083333333333334,16
643,0.07708333333333334,0.16114553032723072,-0.21458333333333332,0.058333333333333334,0.33749999999999997,16
644,0.065625,0.09762256363441578,-0.12708333333333333,0.075,0.22916666666666666,16
645,0.04583333333333332,0.1616430395105902,-0.23125,0.06666666666666667,0.3,16
646,0.103125,0.12122332896811204,-0.13541666666666666,0.13333333333333333,0.2604166666666667,16
647,0.09791666666666665,0.11958768865471803,-0.05,0.1,0.30416666666666664,16
648,0.06458333333333333,0.14552049779250267,-0.26875000000000004,0.125,0.21666666666666667,16
649,0.02083333333333333,0.15280934017410208,-0.21041666666666667,-0.025,0.3125,16
650,0.06041666666666667,0.13830258192335626,-0.11041666666666666,0.041666666666666664,0.3458333333333333,16
651,0.05520833333333334,0.12300050107169844,-0.12083333333333333,0.058333333333333334,0.30624999999999997,16
652,0.13125,0.08495811876709868,-0.027083333333333334,0.13333333333333333,0.27708333333333335,16
653,0.17291666666666666,0.16060594893506694,-0.14583333333333334,0.15833333333333333,0.4375,16
654,0.13541666666666669,0.13930320148670108,-0.06458333333333333,0.125,0.3770833333333333,16
655,0.09166666666666667,0.12318121249245402,-0.14583333333333331,0.08333333333333333,0.27708333333333335,16
656,0.11666666666666665,0.20335723903187383,-0.2375,0.15833333333333333,0.43333333333333335,16
657,0.08541666666666667,0.0953566040945484,-0.08750000000000001,0.09166666666666667,0.26875,16
658,0.03020833333333333,0.119637582062104,-0.16875,0.05,0.22708333333333333,16
659,0.1333333333333333,0.13718398027628606,-0.09166666666666667,0.14166666666666666,0.34791666666666665,16
660,0.13437500000000002,0.08548650600143472,-0.02916666666666666,0.14166666666666666,0.24375,16
661,0.12187500000000001,0.10699797992641419,-0.05833333333333333,0.13333333333333333,0.27708333333333335,16
662,0.06145833333333333,0.126891077251756,-0.09375,0.05,0.30416666666666664,16
663,0.08333333333333333,0.11086778913041725,-0.06875,0.058333333333333334,0.3145833333333333,16
664,-1.734723475976807e-18,0.13437096247164249,-0.2708333333333333,0.008333333333333333,0.17708333333333331,16
665,0.09479166666666666,0.14938749366626675,-0.17083333333333334,0.1,0.32708333333333334,16
666,0.11562499999999999,0.19216138598555355,-0.15416666666666667,0.11666666666666667,0.47916666666666663,16
667,0.049999999999999996,0.11770372409854613,-0.09375,0.008333333333333333,0.2604166666666667,16
668,0.05,0.11426091000668408,-0.16041666666666665,0.058333333333333334,0.23125,16
669,0.078125,0.09330333409250592,-0.11041666666666666,0.09166666666666667,0.19375,16
670,0.12083333333333332,0.13546473505840714,-0.07916666666666666,0.075,0.35,16
671,0.078125,0.09819883987490778,-0.125,0.075,0.23541666666666666,16
672,0.03958333333333333,0.1312169270499978,-0.18333333333333332,0.06666666666666667,0.22708333333333333,16
673,0.11770833333333332,0.12875859599136155,-0.07083333333333333,0.15,0.3333333333333333,16
674,-0.0125,0.1537155562141393,-0.33541666666666664,0.016666666666666666,0.18125,16
675,0.03958333333333333,0.1213172780128389,-0.18333333333333335,0.03333333333333333,0.2375,16
676,0.11875,0.11664806399307849,-0.08750000000000001,0.125,0.2833333333333333,16
677,0.1375,0.08848650242331375,-0.025,0.125,0.2708333333333333,16
678,0.06041666666666667,0.08246948088703952,-0.07916666666666666,0.05,0.2,16
679,0.12604166666666666,0.13768532334235514,-0.043750000000000004,0.075,0.3625,16
680,0.134375,0.11628938251668168,0.00625,0.09166666666666667,0.35,16
681,0.065625,0.12956507776017426,-0.16458333333333333,0.03333333333333333,0.2708333333333333,16
682,0.05416666666666666,0.09780578828587919,-0.13958333333333334,0.08333333333333333,0.20416666666666666,16
683,0.07916666666666666,0.14379528272281164,-0.12083333333333333,0.08333333333333333,0.3416666666666667,16
684,0.0031250000000000045,0.1481622081725146,-0.2875,0.03333333333333333,0.21041666666666667,16
685,0.019791666666666666,0.1259986152370996,-0.19166666666666668,0.058333333333333334,0.21458333333333332,16
686,0.06666666666666665,0.13320306135954818,-0.1625,0.058333333333333334,0.27708333333333335,16
687,0.078125,0.13446379495156968,-0.09375,0.05,0.3770833333333333,16
688,0.071875,0.11839768643338339,-0.12083333333333333,0.07500000000000001,0.26875,16
689,0.03229166666666666,0.11539015188818229,-0.22291666666666665,0.06666666666666667,0.16666666666666666,16
690,0.18020833333333336,0.1159529882586521,-0.025,0.20833333333333334,0.35833333333333334,16
691,0.09895833333333333,0.10936507891512313,-0.09166666666666667,0.13333333333333333,0.2625,16
692,0.12604166666666666,0.10880805442766327,-0.0375,0.13333333333333333,0.32499999999999996,16
693,0.06458333333333334,0.15136818156035597,-0.15416666666666667,0.10833333333333334,0.30833333333333335,16
694,0.05416666666666667,0.14784329166008475,-0.18333333333333332,0.08333333333333333,0.2604166666666667,16
695,0.07708333333333334,0.1747890593766606,-0.2604166666666667,0.13333333333333333,0.3458333333333333,16
696,0.31145833333333334,0.10269269657845954,0.14166666666666666,0.29166666666666663,0.48333333333333334,16
697,0.071875,0.14052465555711013,-0.18125,0.08333333333333334,0.26666666666666666,16
698,0.05625000000000001,0.1535319139824392,-0.26041666666666663,0.058333333333333334,0.25,16
699,0.08541666666666667,0.09030715334038851,-0.08958333333333333,0.08333333333333333,0.23541666666666666,16
700,0.15104166666666666,0.13507569251472795,-0.06875,0.175,0.36875,16
701,0.04479166666666666,0.09496321473485288,-0.16458333333333333,0.058333333333333334,0.17083333333333334,16
702,0.08333333333333334,0.13794121131039042,-0.09375,0.06666666666666667,0.3666666666666667,16
703,0.0010416666666666682,0.10952370843033636,-0.15,0.008333333333333333,0.19791666666666666,16
704,0.07291666666666667,0.12016698451183114,-0.11041666666666666,0.05,0.2604166666666667,16
705,0.021875,0.14973573364616596,-0.18541666666666667,-0.025,0.35625,16
706,0.06145833333333333,0.1495036637882534,-0.19166666666666665,0.058333333333333334,0.35833333333333334,16
707,0.02291666666666667,0.10879309490955756,-0.12708333333333333,0.0,0.26458333333333334,16
708,0.17604166666666665,0.11101938488140006,-0.04791666666666666,0.19166666666666665,0.3416666666666667,16
709,0.14895833333333333,0.12767536279129535,-0.06041666666666667,0.15833333333333333,0.3854166666666667,16
710,0.041666666666666664,0.09128709291752768,-0.14375,0.058333333333333334,0.18958333333333333,16
711,0.03437499999999999,0.14306524710968613,-0.19166666666666668,0.0,0.29375,16
712,0.0875,0.11031835245728105,-0.09375,0.08333333333333333,0.2791666666666667,16
713,0.08229166666666667,0.12097244147830623,-0.14791666666666667,0.10833333333333334,0.2625,16
714,0.014583333333333334,0.1285435237575196,-0.2,0.016666666666666666,0.2583333333333333,16
715,0.034375,0.15606586372248238,-0.21875,0.05,0.35416666666666663,16
716,0.08854166666666667,0.13079866180720487,-0.15,0.06666666666666667,0.30416666666666664,16
717,0.071875,0.15452871339621282,-0.16666666666666666,0.06666666666666667,0.32291666666666663,16
718,0.059375,0.11288033702160492,-0.11041666666666666,0.016666666666666666,0.24375,16
719,0.07395833333333333,0.13345941304589778,-0.20208333333333334,0.09166666666666667,0.2833333333333333,16
720,0.07916666666666666,0.13674032567851616,-0.16666666666666666,0.075,0.3104166666666667,16
721,0.06354166666666666,0.1478102610236816,-0.18125,0.08333333333333334,0.3458333333333333,16
722,0.07708333333333334,0.12117408849346556,-0.16041666666666665,0.1,0.24166666666666667,16
723,0.05104166666666667,0.1143321109628534,-0.12083333333333333,0.04166666666666667,0.275,16
724,0.06979166666666667,0.11920144451725408,-0.13125,0.09166666666666667,0.24791666666666667,16
725,0.02291666666666666,0.1497538489581412,-0.27708333333333335,0.06666666666666667,0.24583333333333332,16
726,0.07916666666666666,0.11807189429420628,-0.09375,0.06666666666666667,0.27708333333333335,16
727,0.12604166666666666,0.15567602911709516,-0.1375,0.14166666666666666,0.3854166666666667,16
728,0.12708333333333333,0.10406244786451814,-0.043750000000000004,0.10833333333333334,0.29791666666666666,16
729,0.04791666666666667,0.10990447240924983,-0.1875,0.058333333333333334,0.22708333333333333,16
730,0.21458333333333335,0.12961950191918567,-0.02916666666666666,0.23333333333333334,0.4104166666666667,16
731,0.0875,0.1271345525199363,-0.06666666666666667,0.06666666666666667,0.33749999999999997,16
732,0.078125,0.1381573617192447,-0.1,0.05,0.3104166666666667,16
733,-0.014583333333333344,0.1393032014867011,-0.2375,-0.025,0.22083333333333333,16
734,0.06979166666666667,0.12558457060881323,-0.11458333333333333,0.049999999999999996,0.29583333333333334,16
735,0.10833333333333334,0.12583057392117916,-0.10416666666666666,0.08333333333333333,0.32499999999999996,16
736,0.03958333333333333,0.14563975247163805,-0.125,-0.016666666666666666,0.3458333333333333,16
737,0.06041666666666667,0.09590124405403253,-0.05833333333333333,0.03333333333333333,0.2625,16
738,0.0625,0.11063265039459794,-0.11875,0.049999999999999996,0.2375,16
739,0.059375,0.13280739369268732,-0.17500000000000002,0.025,0.30416666666666664,16
740,0.05520833333333333,0.12028882342789236,-0.16041666666666665,0.08333333333333333,0.26875,16
741,0.12916666666666665,0.1167410477176825,-0.06875,0.14166666666666666,0.3,16
742,0.10520833333333332,0.12496093139457629,-0.09375,0.10833333333333334,0.3104166666666667,16
743,0.06874999999999999,0.0996303933434862,-0.10416666666666667,0.075,0.2520833333333333,16
744,0.046875,0.1734273332856028,-0.22708333333333333,0.0,0.34791666666666665,16
745,0.056249999999999994,0.09258535851370406,-0.09166666666666667,0.04166666666666667,0.225,16
746,0.07083333333333333,0.15360257159305635,-0.20833333333333334,0.08333333333333333,0.33333333333333337,16
747,0.07500000000000001,0.12815463749358083,-0.11875,0.05,0.35208333333333336,16
748,0.12291666666666667,0.13627930367855243,-0.04791666666666666,0.1,0.43125,16
749,0.013541666666666664,0.13192205584906733,-0.26875,0.025,0.19375,16
750,-0.021875,0.13251293830960223,-0.28125,0.008333333333333331,0.1375,16
751,0.06354166666666666,0.12050512177911775,-0.11458333333333333,0.03333333333333333,0.27708333333333335,16
752,-0.007291666666666667,0.12706198591195123,-0.22291666666666665,0.016666666666666666,0.21666666666666667,16
753,0.03229166666666667,0.12969900384051614,-0.25625,0.05,0.2125,16
754,0.0031250000000000054,0.13452833628603636,-0.24583333333333332,-0.008333333333333333,0.2520833333333333,16
755,0.09687499999999999,0.11027408246677407,-0.09583333333333333,0.09166666666666667,0.26666666666666666,16
756,0.03854166666666667,0.10828825183791228,-0.11041666666666666,0.025,0.21041666666666667,16
757,0.05520833333333333,0.09837547649185746,-0.10208333333333333,0.04166666666666667,0.21666666666666667,16
758,0.026041666666666668,0.10391114493482721,-0.12916666666666665,0.016666666666666666,0.23125,16
759,0.042708333333333334,0.11989126294503513,-0.1625,0.03333333333333333,0.26458333333333334,16
760,0.075,0.0962851667357612,-0.1375,0.09166666666666667,0.21041666666666667,16
761,0.08229166666666667,0.07464470240561095,-0.06458333333333333,0.1,0.18125,16
762,0.06875,0.11530078418351426,-0.11458333333333333,0.075,0.30416666666666664,16
763,0.034374999999999996,0.09510023038586418,-0.13333333333333333,0.04166666666666667,0.17083333333333334,16
764,0.04375,0.14552049779250267,-0.16458333333333333,-0.008333333333333335,0.27708333333333335,16
765,0.07500000000000001,0.1582236462170627,-0.17083333333333334,0.06666666666666667,0.3458333333333333,16
766,0.08645833333333333,0.11832434678318181,-0.12083333333333333,0.125,0.2583333333333333,16
767,0.075,0.13514395616855712,-0.125,0.075,0.33958333333333335,16
768,0.041666666666666664,0.11149240133549711,-0.13333333333333333,0.025,0.19375,16
769,0.009374999999999996,0.1452928974233313,-0.2,0.01666666666666667,0.21041666666666667,16
770,0.12291666666666667,0.12330447297464742,-0.08958333333333333,0.11666666666666667,0.3208333333333333,16
771,0.05312499999999999,0.1338815228206558,-0.21041666666666667,0.058333333333333334,0.23333333333333334,16
772,0.0375,0.10841343192714739,-0.14375,0.058333333333333334,0.17708333333333331,16
773,0.08333333333333333,0.16666666666666669,-0.18541666666666667,0.075,0.38125,16
774,0.06979166666666667,0.1207929170913777,-0.12083333333333333,0.08333333333333333,0.25416666666666665,16
775,0.03645833333333333,0.14956171501163731,-0.21875,0.03333333333333333,0.29583333333333334,16
776,0.026041666666666668,0.1314936561101798,-0.25,0.05,0.2,16
777,0.005208333333333332,0.10828825183791228,-0.19583333333333333,-0.008333333333333333,0.15,16
778,0.065625,0.11909216056623263,-0.13333333333333333,0.075,0.29375,16
779,0.06875,0.13512789723484603,-0.20208333333333334,0.1,0.2375,16
780,0.08229166666666667,0.10984028019254949,-0.08541666666666667,0.058333333333333334,0.27708333333333335,16
781,0.010416666666666668,0.08637671850678283,-0.13125,0.016666666666666666,0.1375,16
782,0.015625000000000003,0.11628938251668168,-0.22708333333333333,0.03333333333333333,0.19375,16
783,0.03645833333333333,0.1251691563778127,-0.18958333333333333,0.03333333333333333,0.22708333333333333,16
784,0.041666666666666664,0.13228756555322954,-0.21875,0.09166666666666667,0.225,16
785,0.103125,0.11520192869479226,-0.14166666666666666,0.10833333333333334,0.28125,16
786,0.06979166666666667,0.11655035124357196,-0.11458333333333333,0.06666666666666667,0.3125,16
787,0.07187500000000001,0.12730087255308886,-0.14375,0.09166666666666667,0.24375,16
788,0.05729166666666667,0.13423765590879813,-0.14166666666666666,0.05,0.30833333333333335,16
789,0.078125,0.12999983306613214,-0.17083333333333334,0.09166666666666667,0.24791666666666667,16
790,0.046875,0.16438212912296762,-0.26875,0.03333333333333333,0.36875,16
791,0.059375000000000004,0.1352683482625062,-0.22291666666666665,0.058333333333333334,0.2583333333333333,16
792,0.053125,0.15186556898015646,-0.2625,0.075,0.275,16
793,0.057291666666666664,0.15057398859586163,-0.22708333333333333,0.1,0.25416666666666665,16
794,0.024999999999999998,0.11843892002959913,-0.23958333333333331,0.04166666666666667,0.18125,16
795,0.07291666666666669,0.11162856937182344,-0.09375,0.08333333333333334,0.25,16
796,0.06874999999999999,0.14694516645485295,-0.21666666666666667,0.06666666666666667,0.32916666666666666,16
797,0.06666666666666668,0.1461306493062515,-0.22708333333333333,0.10833333333333334,0.2604166666666667,16
798,-0.002083333333333333,0.14456291882775474,-0.2,0.016666666666666666,0.21666666666666667,16
799,0.06666666666666667,0.13424169744655842,-0.19375,0.1,0.2583333333333333,16
800,0.09166666666666667,0.11008204011352422,-0.125,0.09166666666666667,0.25,16
801,0.0375,0.13648616128466,-0.1625,0.008333333333333333,0.35625,16
802,0.03333333333333334,0.13693063937629155,-0.20208333333333334,0.03333333333333333,0.2708333333333333,16
803,0.028124999999999994,0.1475163303106925,-0.22083333333333333,0.008333333333333333,0.32916666666666666,16
804,0.03749999999999999,0.08260094833999587,-0.09375,0.03333333333333333,0.17708333333333331,16
805,0.07291666666666666,0.11408984641744224,-0.14375,0.075,0.23333333333333334,16
806,0.046875,0.15140760269146916,-0.18125,0.016666666666666666,0.3416666666666667,16
807,0.06458333333333333,0.11590150871417602,-0.07708333333333334,0.05,0.27708333333333335,16
808,0.013541666666666669,0.16246994914444948,-0.28125,0.03333333333333333,0.3020833333333333,16
809,0.10729166666666667,0.14203001810063487,-0.16875,0.125,0.29375,16
810,0.04375,0.0978723303878862,-0.10833333333333334,0.05,0.21458333333333332,16
811,-0.004166666666666666,0.08447139555297205,-0.12083333333333333,-0.025,0.17708333333333331,16
812,0.03020833333333333,0.13179038886513014,-0.19791666666666666,0.041666666666666664,0.21041666666666667,16
813,0.05,0.1584429445152629,-0.24583333333333332,0.05,0.3104166666666667,16
814,0.043750000000000004,0.10815289460347842,-0.15416666666666667,0.075,0.19791666666666666,16
815,0.053125,0.09132868563296224,-0.14375,0.058333333333333334,0.1875,16
816,0.06354166666666666,0.09704286531390824,-0.11041666666666666,0.06666666666666667,0.23541666666666666,16
817,0.078125,0.13433461925563178,-0.15625,0.09166666666666667,0.33541666666666664,16
818,0.03229166666666666,0.11952869686815798,-0.1375,-0.016666666666666666,0.20416666666666666,16
819,0.04166666666666667,0.12909944487358055,-0.2,0.058333333333333334,0.2375,16
820,0.10416666666666666,0.11110243021644486,-0.07708333333333334,0.09166666666666667,0.28125,16
821,0.06041666666666667,0.12636408486767292,-0.17083333333333334,0.04166666666666667,0.23333333333333334,16
822,0.0625,0.09727181274940627,-0.09583333333333333,0.05,0.2520833333333333,16
823,0.05104166666666666,0.0986838297994605,-0.13333333333333333,0.08333333333333334,0.16666666666666666,16
824,0.13124999999999998,0.11147293518059788,-0.010416666666666666,0.11666666666666667,0.3666666666666667,16
825,0.04062500000000001,0.12345837552029879,-0.18125,0.016666666666666666,0.22708333333333333,16
826,0.07083333333333333,0.1033299730636437,-0.08958333333333333,0.05,0.26458333333333334,16
827,0.028125,0.10699797992641419,-0.10416666666666667,0.016666666666666666,0.24791666666666667,16
828,0.026041666666666668,0.10606090198822352,-0.23333333333333334,0.05,0.14375,16
829,0.0125,0.10516191220103302,-0.23125,0.04166666666666667,0.12708333333333333,16
830,0.040625,0.12018052826893381,-0.2125,0.03333333333333333,0.23125,16
831,0.08020833333333334,0.11847098068256584,-0.09791666666666667,0.075,0.2708333333333333,16
832,0.06874999999999999,0.15499495959546555,-0.2125,0.08333333333333333,0.29375,16
833,0.08124999999999999,0.1544338900270562,-0.2375,0.10833333333333334,0.2791666666666667,16
834,0.08958333333333332,0.15677688941790993,-0.21875,0.09166666666666667,0.33541666666666664,16
835,-0.004166666666666666,0.11909671606630377,-0.2833333333333333,0.03333333333333333,0.14166666666666666,16
836,-0.006249999999999999,0.17439130250356205,-0.29583333333333334,0.0,0.32916666666666666,16
837,0.05,0.11164800839145218,-0.12083333333333333,0.05,0.26666666666666666,16
838,0.08333333333333334,0.13083598723422984,-0.08958333333333333,0.05,0.3854166666666667,16
839,0.11354166666666667,0.1250303782530914,-0.10625,0.075,0.27708333333333335,16
840,0.040624999999999994,0.1539941320581188,-0.27708333333333335,0.049999999999999996,0.26875,16
841,-0.009375000000000001,0.10784646204210874,-0.1875,0.0,0.14375,16
842,0.053125,0.12695946832443109,-0.17291666666666666,0.06666666666666667,0.28125,16
843,0.05208333333333333,0.10637247842683119,-0.11666666666666667,0.05,0.23541666666666666,16
844,0.11041666666666666,0.10555327117411167,-0.07708333333333334,0.1,0.32291666666666663,16
845,0.11979166666666667,0.08358685394712365,-0.043750000000000004,0.125,0.2375,16
846,0.08020833333333333,0.11669921420996039,-0.17708333333333331,0.1,0.24583333333333332,16
847,0.060416666666666674,0.12045558771228136,-0.15,0.08333333333333334,0.24375,16
848,0.08750000000000001,0.14415703243338496,-0.15416666666666667,0.10833333333333334,0.38125,16
849,0.15520833333333334,0.08892075709116892,0.02291666666666667,0.15,0.30833333333333335,16
850,0.071875,0.1365139835633454,-0.20833333333333331,0.08333333333333333,0.25,16
851,0.090625,0.11226344728905407,-0.07708333333333334,0.08333333333333333,0.275,16
852,0.05208333333333333,0.09370369226687092,-0.09999999999999999,0.04166666666666667,0.24375,16
853,0.034375,0.13248018064559275,-0.16041666666666665,0.025,0.2708333333333333,16
854,0.134375,0.1690936572747646,-0.25,0.125,0.3333333333333333,16
855,0.04375,0.15743991358257564,-0.19166666666666668,0.041666666666666664,0.2708333333333333,16
856,0.051041666666666666,0.13837709523657124,-0.22291666666666665,0.11666666666666667,0.2,16
857,0.07083333333333333,0.11569536147429017,-0.09375,0.05,0.30624999999999997,16
858,0.08125,0.1457589095809317,-0.13333333333333333,0.07500000000000001,0.31666666666666665,16
859,0.04791666666666666,0.1410372045084401,-0.2125,0.09166666666666667,0.28125,16
860,0.071875,0.0925560547122061,-0.043750000000000004,0.03333333333333333,0.24375,16
861,0.02291666666666667,0.10221080476696733,-0.12083333333333333,0.0,0.19375,16
862,0.05520833333333334,0.12186609654088011,-0.17708333333333331,0.05,0.2625,16
863,0.10833333333333334,0.1348867838019887,-0.15208333333333335,0.09166666666666667,0.36041666666666666,16
864,0.053125,0.12641130372056658,-0.15416666666666667,0.03333333333333333,0.3104166666666667,16
865,-0.002083333333333333,0.12002242267361729,-0.21041666666666667,-0.025,0.19791666666666666,16
866,0.12708333333333333,0.12553704079319025,-0.08333333333333333,0.08333333333333333,0.3458333333333333,16
867,0.035416666666666666,0.17696074187984934,-0.25,0.09166666666666667,0.2604166666666667,16
868,0.03854166666666667,0.137653796563456,-0.17708333333333331,0.058333333333333334,0.26666666666666666,16
869,0.140625,0.15645472698906293,-0.12708333333333333,0.15833333333333333,0.35416666666666663,16
870,0.014583333333333335,0.16275354152146052,-0.3104166666666667,0.058333333333333334,0.25,16
871,0.055208333333333325,0.20435524879075978,-0.4083333333333333,0.09166666666666667,0.33541666666666664,16
872,0.08229166666666667,0.1397503664773569,-0.16666666666666666,0.1,0.29583333333333334,16
873,0.08958333333333333,0.12002242267361729,-0.09791666666666667,0.06666666666666667,0.28125,16
874,0.03229166666666666,0.13622754019776373,-0.225,0.04166666666666667,0.22083333333333333,16
875,0.15000000000000002,0.12219065248845982,-0.06875,0.18333333333333332,0.29375,16
876,0.06770833333333334,0.13195495206698382,-0.16458333333333333,0.09166666666666667,0.22708333333333333,16
877,0.09166666666666665,0.10785149254620655,-0.09166666666666667,0.075,0.28541666666666665,16
878,0.14166666666666666,0.14276534749176512,-0.06041666666666667,0.14166666666666666,0.40208333333333335,16
879,0.09583333333333334,0.1311673019891433,-0.12916666666666665,0.09166666666666667,0.31875,16
880,0.04479166666666667,0.11160426583593379,-0.1625,0.058333333333333334,0.20833333333333334,16
881,0.12604166666666666,0.15689796202026052,-0.19791666666666666,0.18333333333333335,0.3,16
882,0.03229166666666667,0.10904712761768036,-0.14166666666666666,0.016666666666666666,0.21666666666666667,16
883,0.06354166666666666,0.14757516328788,-0.225,0.1,0.26458333333333334,16
884,-0.014583333333333334,0.09480883544152295,-0.20625,0.016666666666666666,0.11041666666666666,16
885,0.052083333333333336,0.15090870584562044,-0.17708333333333331,0.10833333333333334,0.2520833333333333,16
886,0.11770833333333333,0.09726623507729243,-0.01458333333333333,0.1,0.3458333333333333,16
887,0.103125,0.10328270769268849,-0.06458333333333333,0.11666666666666667,0.27708333333333335,16
888,0.01666666666666667,0.1103970108290981,-0.19375,0.03333333333333333,0.19166666666666668,16
889,0.01354166666666667,0.1518655689801565,-0.17708333333333331,-0.025,0.28125,16
890,0.060416666666666674,0.1169453516723849,-0.14583333333333331,0.05,0.27708333333333335,16
891,0.004166666666666669,0.11326897682556822,-0.22291666666666665,0.03333333333333333,0.16041666666666665,16
892,0.1375,0.1448778220892809,-0.0375,0.09166666666666667,0.4270833333333333,16
893,0.021875,0.1295985722550814,-0.17916666666666667,0.008333333333333333,0.2895833333333333,16
894,0.03854166666666667,0.11129271183834696,-0.14791666666666667,0.025,0.23125,16
895,0.05625000000000001,0.12636408486767292,-0.13125,0.09166666666666667,0.23333333333333334,16
896,0.03958333333333333,0.13830258192335626,-0.18333333333333332,0.04166666666666667,0.275,16
897,0.046875,0.10916646787513706,-0.13541666666666666,0.03333333333333333,0.23958333333333331,16
898,0.16979166666666667,0.12207960034110713,-0.0375,0.175,0.38125,16
899,0.026041666666666664,0.11531489947819695,-0.15625,0.008333333333333333,0.22708333333333333,16
900,0.014583333333333334,0.12259845816503748,-0.15,0.0,0.225,16
901,0.06458333333333333,0.1200224226736173,-0.08750000000000001,0.04166666666666667,0.29375,16
902,0.03541666666666667,0.1461157978758248,-0.16041666666666665,0.016666666666666666,0.2875,16
903,0.11145833333333333,0.10780620955883963,-0.09791666666666667,0.125,0.25416666666666665,16
904,0.03958333333333333,0.15919447837297762,-0.19166666666666668,0.008333333333333333,0.3208333333333333,16
905,0.32395833333333335,0.09859582725844832,0.13125,0.3333333333333333,0.45416666666666666,16
906,0.05208333333333333,0.17577951388031543,-0.32708333333333334,0.06666666666666667,0.2833333333333333,16
907,0.0625,0.14379528272281164,-0.18333333333333332,0.06666666666666667,0.26875,16
908,0.03854166666666667,0.13066586282703424,-0.21041666666666667,0.058333333333333334,0.24583333333333332,16
909,0.04479166666666666,0.1278452229911883,-0.16875,0.049999999999999996,0.23333333333333334,16
910,0.07395833333333332,0.11395185843884542,-0.11041666666666666,0.06666666666666667,0.28125,16
911,0.019791666666666666,0.0928369893804308,-0.13125,0.03333333333333333,0.17500000000000002,16
912,0.03958333333333334,0.1395522353417848,-0.22708333333333333,0.04166666666666667,0.24375,16
913,0.07916666666666666,0.15224021588704256,-0.19791666666666666,0.05,0.31875,16
914,0.029166666666666664,0.1386317063301177,-0.22708333333333333,0.058333333333333334,0.26666666666666666,16
915,0.025,0.13070322617798436,-0.18333333333333332,0.058333333333333334,0.21458333333333332,16
916,0.13020833333333334,0.12558457060881326,-0.05416666666666667,0.125,0.34375,16
917,0.0010416666666666664,0.14306524710968613,-0.24791666666666667,-0.008333333333333333,0.2375,16
918,0.06979166666666667,0.12321203917321644,-0.1625,0.058333333333333334,0.2583333333333333,16
919,0.18958333333333333,0.13640663779059042,-0.10833333333333332,0.20833333333333334,0.36875,16
920,0.057291666666666664,0.11425616169866337,-0.15416666666666667,0.058333333333333334,0.21458333333333332,16
921,0.017708333333333333,0.10515675303247687,-0.14791666666666667,0.025,0.21666666666666667,16
922,0.071875,0.10860842476785838,-0.10416666666666667,0.075,0.2583333333333333,16
923,0.06770833333333333,0.10466028875206998,-0.12083333333333333,0.1,0.19791666666666666,16
924,0.12291666666666667,0.1103773514912467,-0.05416666666666667,0.11666666666666667,0.31875,16
925,0.027083333333333334,0.09893091725486472,-0.1375,0.025,0.17083333333333334,16
926,0.0875,0.12197734306920373,-0.08333333333333333,0.075,0.3145833333333333,16
927,0.02083333333333333,0.13686723088047367,-0.27291666666666664,0.025,0.24583333333333332,16
928,0.10624999999999998,0.14189626003214853,-0.16875,0.14166666666666666,0.3208333333333333,16
929,0.084375,0.17103329252744268,-0.28125,0.09166666666666667,0.3208333333333333,16
930,0.04895833333333333,0.14367072089213817,-0.25,0.1,0.23958333333333331,16
931,-0.00104166666666667,0.12225723535734898,-0.17708333333333331,0.008333333333333333,0.17083333333333334,16
932,0.09270833333333332,0.12457828167015664,-0.15208333333333332,0.125,0.26458333333333334,16
933,0.14895833333333333,0.12010827724969202,-0.027083333333333334,0.11666666666666667,0.34791666666666665,16
934,0.035416666666666666,0.1536449505624358,-0.18333333333333332,0.05,0.3020833333333333,16
935,0.030208333333333334,0.13284007066770176,-0.21458333333333335,0.025,0.22708333333333333,16
936,0.08437499999999999,0.13391393769258425,-0.11041666666666666,0.08333333333333333,0.2875,16
937,0.042708333333333334,0.13136155973114813,-0.14375,0.075,0.25625,16
938,-0.011458333333333334,0.08852941091649838,-0.16458333333333333,-0.016666666666666666,0.14375,16
939,0.04375,0.1375473403353672,-0.23125,0.06666666666666667,0.23541666666666666,16
940,0.12291666666666667,0.11286591725484615,-0.08333333333333331,0.11666666666666667,0.34791666666666665,16
941,0.103125,0.18288000296946386,-0.16041666666666665,0.11666666666666667,0.36666666666666664,16
942,0.08854166666666666,0.08243658126436076,-0.04791666666666666,0.075,0.2,16
943,0.16354166666666664,0.12926323674966522,-0.0375,0.175,0.375,16
944,0.15520833333333334,0.1379058089885186,-0.11875,0.18333333333333332,0.36875,16
945,0.08333333333333333,0.09298297335175583,-0.08541666666666667,0.08333333333333333,0.22083333333333333,16
946,0.16458333333333333,0.12988710375638615,-0.027083333333333334,0.19166666666666665,0.36041666666666666,16
947,0.10833333333333332,0.12458263656438376,-0.06041666666666667,0.075,0.35416666666666663,16
948,0.025,0.08878031563609382,-0.1,0.025,0.18125,16
949,0.08124999999999999,0.1327951377540274,-0.12291666666666666,0.05,0.30833333333333335,16
950,0.04583333333333333,0.07324331596352894,-0.075,0.05,0.18125,16
951,0.0625,0.1562916611125921,-0.17708333333333331,0.11666666666666667,0.3375,16
952,0.09479166666666666,0.13676809625339448,-0.07708333333333334,0.03333333333333333,0.32708333333333334,16
953,0.08333333333333334,0.0962851667357612,-0.09999999999999999,0.08333333333333333,0.22083333333333333,16
954,0.058333333333333334,0.11257713405088579,-0.14166666666666666,0.08333333333333334,0.21041666666666667,16
955,0.025,0.09409658158863513,-0.14791666666666667,0.016666666666666666,0.17708333333333331,16
956,0.09895833333333334,0.10111681054602147,-0.07083333333333333,0.08333333333333334,0.2875,16
957,0.08020833333333333,0.17816763622280624,-0.21041666666666667,0.08333333333333334,0.33749999999999997,16
958,0.05312499999999999,0.10072975913303873,-0.11458333333333333,0.041666666666666664,0.23125,16
959,-0.004166666666666664,0.11094605796411956,-0.15833333333333333,-0.016666666666666666,0.2,16
960,0.11041666666666665,0.15285193907104277,-0.12708333333333333,0.1,0.4,16
961,0.09791666666666668,0.1267755836551783,-0.09375,0.11666666666666667,0.32708333333333334,16
962,0.171875,0.11617735932377032,-0.020833333333333332,0.13333333333333333,0.36666666666666664,16
963,0.16979166666666667,0.16268352350328671,-0.12708333333333333,0.20833333333333334,0.36041666666666666,16
964,0.08958333333333332,0.11635001671202669,-0.11875,0.11666666666666667,0.23333333333333334,16
965,0.16979166666666667,0.1508331894566533,-0.07916666666666666,0.16666666666666666,0.4375,16
966,0.15104166666666666,0.1477221432190253,-0.14166666666666666,0.14166666666666666,0.35,16
967,0.0875,0.12713455251993633,-0.10416666666666667,0.08333333333333333,0.3541666666666667,16
968,0.13020833333333334,0.10158787076275942,-0.07083333333333333,0.15833333333333333,0.25416666666666665,16
969,0.2,0.14373490258883617,-0.060416666666666674,0.21666666666666667,0.42083333333333334,16
970,0.18958333333333333,0.10389548033159735,0.018750000000000003,0.175,0.36666666666666664,16
971,0.07083333333333333,0.1021470889344272,-0.05,0.03333333333333333,0.23333333333333334,16
972,0.044791666666666674,0.1566487966315449,-0.20833333333333334,0.025,0.34375,16
973,0.096875,0.16720940277089683,-0.19375,0.11666666666666667,0.35208333333333336,16
974,0.165625,0.15562025874080648,-0.11666666666666667,0.18333333333333332,0.4125,16
975,0.04479166666666667,0.11284188021543931,-0.12083333333333333,0.041666666666666664,0.22708333333333333,16
976,0.04166666666666667,0.13017082793177756,-0.15,0.025,0.30416666666666664,16
977,0.051041666666666666,0.15827507151756048,-0.19791666666666666,0.025,0.3020833333333333,16
978,0.05625,0.1417738565070757,-0.16666666666666666,0.025,0.30416666666666664,16
979,0.03333333333333333,0.14469796128487783,-0.1875,0.016666666666666666,0.2604166666666667,16
980,0.05416666666666666,0.12040152730666574,-0.11875,0.04166666666666667,0.30624999999999997,16
981,0.12083333333333335,0.09232716585900141,-0.05,0.11666666666666667,0.28125,16
982,0.06354166666666666,0.1149001302460339,-0.12708333333333333,0.058333333333333334,0.26875,16
983,0.11041666666666666,0.14623456708696173,-0.09791666666666667,0.125,0.36458333333333337,16
984,0.16041666666666665,0.06478463252277589,0.08333333333333333,0.13333333333333333,0.29375,16
985,0.11041666666666666,0.14847313168830692,-0.15833333333333333,0.15,0.29791666666666666,16
986,0.09791666666666667,0.09980449639169571,-0.075,0.13333333333333333,0.2375,16
987,0.06979166666666667,0.1155029385749317,-0.06666666666666667,0.058333333333333334,0.2604166666666667,16
988,0.0052083333333333304,0.10047089649080805,-0.16041666666666665,0.025,0.20208333333333334,16
989,0.09166666666666667,0.14505745987941007,-0.16666666666666666,0.125,0.2875,16
990,0.09375,0.14975384895814123,-0.10833333333333334,0.06666666666666667,0.38125,16
991,0.015625,0.13142762451673207,-0.18125,0.0,0.24791666666666667,16
992,0.14270833333333333,0.14976471709355013,-0.07708333333333334,0.18333333333333335,0.3625,16
993,0.0375,0.10841343192714739,-0.16666666666666666,0.016666666666666666,0.22916666666666666,16
994,0.06770833333333333,0.1439121971415596,-0.12708333333333333,0.058333333333333334,0.32916666666666666,16
995,0.12291666666666666,0.11347953192830268,-0.06875,0.125,0.27708333333333335,16
996,0.06458333333333334,0.1470632658642758,-0.21875,0.08333333333333334,0.27708333333333335,16
997,0.17083333333333334,0.09418878796214429,0.04583333333333334,0.15,0.36041666666666666,16
998,0.0625,0.11599509089229212,-0.15208333333333332,0.03333333333333333,0.25,16
999,-0.004166666666666662,0.12054563451241194,-0.21458333333333332,-0.016666666666666666,0.21041666666666667,16
1000,0.034375,0.12956507776017426,-0.19166666666666668,0.058333333333333334,0.20833333333333334,16
1001,0.02812499999999999,0.1872422997600821,-0.22083333333333333,0.0,0.34375,16
1002,0.08229166666666665,0.10077283825791329,-0.09375,0.08333333333333333,0.21666666666666667,16
1003,0.18437499999999998,0.17254918280337092,-0.11666666666666667,0.2,0.48125,16
1004,0.07083333333333333,0.13900689431343566,-0.10416666666666667,0.025,0.3666666666666667,16
1005,0.14375,0.1340961253479508,-0.1,0.13333333333333333,0.37916666666666665,16
1006,0.07395833333333333,0.12331767214754294,-0.12708333333333333,0.08333333333333334,0.2708333333333333,16
1007,0.06770833333333333,0.11218609756164581,-0.10416666666666667,0.05,0.2375,16
1008,0.06041666666666667,0.13742106320033734,-0.21458333333333335,0.10833333333333334,0.23125,16
1009,0.09791666666666665,0.1320083909370074,-0.1,0.125,0.3104166666666667,16
1010,0.17812499999999998,0.16166653243121573,-0.11458333333333333,0.21666666666666667,0.41041666666666665,16
1011,0.08333333333333333,0.16223268611609823,-0.17708333333333331,0.09166666666666667,0.3104166666666667,16
1012,0.10625,0.1247045118581432,-0.12708333333333333,0.125,0.275,16
1013,0.07187500000000001,0.17526950973191735,-0.19375,0.08333333333333334,0.4041666666666667,16
1014,0.06979166666666667,0.11992745926647119,-0.11666666666666665,0.05,0.275,16
1015,0.11770833333333333,0.13925256206499995,-0.10416666666666667,0.125,0.34375,16
1016,0.1375,0.14403655014536335,-0.0375,0.10833333333333334,0.41875,16
1017,0.09166666666666666,0.14953632037438633,-0.19791666666666666,0.09166666666666667,0.30416666666666664,16
1018,0.07916666666666666,0.16950704672339995,-0.21041666666666667,0.13333333333333333,0.2875,16
1019,0.035416666666666666,0.14587796935947678,-0.16041666666666665,0.025,0.30833333333333335,16
1020,0.049999999999999996,0.12829003598617209,-0.14375,0.04166666666666667,0.3020833333333333,16
1021,0.07708333333333334,0.15113861830930056,-0.11458333333333333,0.058333333333333334,0.36041666666666666,16
1022,0.03125,0.09769478406411129,-0.1,0.01666666666666667,0.2,16
1023,0.053125000000000006,0.15140760269146916,-0.17708333333333331,0.05,0.32916666666666666,16
1024,0.13958333333333334,0.13525631531774526,-0.020833333333333332,0.09166666666666667,0.375,16
1025,0.0625,0.15075043762604617,-0.24999999999999997,0.1,0.24791666666666667,16
1026,0.052083333333333336,0.10187052648664709,-0.1375,0.075,0.22291666666666665,16
1027,0.14479166666666665,0.14857175945762147,-0.15833333333333333,0.16666666666666666,0.34791666666666665,16
1028,0.12187499999999998,0.1427311417296325,-0.12083333333333333,0.10833333333333334,0.37916666666666665,16
1029,0.048958333333333326,0.12310631555917655,-0.09375,0.008333333333333333,0.29583333333333334,16
1030,-0.040625,0.16435572341553684,-0.32916666666666666,-0.025,0.20625,16
1031,0.058333333333333334,0.1068812944865055,-0.18125,0.08333333333333333,0.17708333333333331,16
1032,0.07291666666666667,0.14262847522302285,-0.11041666666666666,0.075,0.3145833333333333,16
1033,0.04166666666666667,0.16126668733636354,-0.20416666666666666,0.04166666666666667,0.30416666666666664,16
1034,0.07395833333333335,0.13919021133167214,-0.15833333333333333,0.08333333333333333,0.33333333333333337,16
1035,0.02291666666666667,0.15743991358257564,-0.23333333333333334,0.05,0.21041666666666667,16
1036,0.15,0.14613064930625153,-0.11458333333333333,0.16666666666666666,0.3729166666666667,16
1037,0.18229166666666669,0.08669645922220046,0.03125,0.18333333333333332,0.3416666666666667,16
1038,0.078125,0.11883677385155003,-0.10416666666666667,0.06666666666666667,0.25,16
1039,0.12395833333333332,0.12387952677007519,-0.08333333333333333,0.1,0.3208333333333333,16
1040,0.06458333333333333,0.14975384895814123,-0.16458333333333333,0.03333333333333333,0.3208333333333333,16
1041,0.09270833333333332,0.14263988626179486,-0.19166666666666665,0.11666666666666667,0.32291666666666663,16
1042,0.128125,0.15328789521499878,-0.1375,0.11666666666666667,0.3875,16
1043,0.08333333333333333,0.11814539065631521,-0.14791666666666667,0.10833333333333334,0.2625,16
1044,0.171875,0.15852168073764827,-0.08125,0.15,0.42500000000000004,16
1045,0.09375,0.09716019846967516,-0.12083333333333332,0.13333333333333333,0.20416666666666666,16
1046,0.11145833333333333,0.13290540051522026,-0.12083333333333333,0.125,0.35833333333333334,16
1047,0.08229166666666665,0.14582961304778488,-0.15,0.06666666666666667,0.36458333333333337,16
1048,0.034375,0.1391278326555993,-0.19583333333333333,0.03333333333333333,0.2375,16
1049,0.016666666666666666,0.13176156917368248,-0.22708333333333333,0.04166666666666667,0.2125,16
1050,0.25625,0.11812702085279031,0.10625000000000001,0.23333333333333334,0.49375,16
1051,0.06041666666666666,0.14275014594271582,-0.11458333333333333,0.03333333333333333,0.34375,16
1052,0.13541666666666666,0.15285193907104277,-0.14791666666666667,0.15,0.34375,16
1053,0.07083333333333333,0.15235421082318518,-0.17083333333333334,0.05,0.3104166666666667,16
1054,0.09791666666666667,0.12188835396925063,-0.15833333333333333,0.10833333333333334,0.28541666666666665,16
1055,0.15833333333333333,0.13718398027628606,-0.060416666666666674,0.15833333333333333,0.42083333333333334,16
1056,0.06770833333333333,0.13169155223686732,-0.14375,0.025,0.26666666666666666,16
1057,0.03333333333333333,0.125,-0.22083333333333333,0.025,0.21041666666666667,16
1058,0.225,0.14240006242195885,-0.018750000000000003,0.2,0.475,16
1059,0.042708333333333334,0.11843433922783261,-0.14375,0.041666666666666664,0.26458333333333334,16
1060,0.11145833333333333,0.10764504910687822,-0.05416666666666667,0.09166666666666667,0.26666666666666666,16
1061,0.08958333333333333,0.11530078418351426,-0.08125,0.075,0.3375,16
1062,-0.004166666666666666,0.11219093348196883,-0.2604166666666667,0.03333333333333333,0.14791666666666667,16
1063,0.16458333333333333,0.14917306783285872,-0.06875,0.15,0.4541666666666667,16
1064,0.2125,0.13103487661263657,0.0,0.20833333333333334,0.45833333333333337,16
1065,0.12395833333333334,0.1259641634994299,-0.09375,0.1,0.34375,16
1066,0.2,0.16372402253657084,-0.07708333333333334,0.21666666666666667,0.42500000000000004,16
1067,0.13958333333333334,0.11393757428229431,-0.0625,0.14166666666666666,0.32708333333333334,16
1068,0.165625,0.11894629244373743,-0.010416666666666666,0.14166666666666666,0.33749999999999997,16
1069,0.10208333333333333,0.1602813281909863,-0.16041666666666665,0.06666666666666667,0.4,16
1070,0.15104166666666669,0.07299846602269575,0.04583333333333334,0.13333333333333333,0.27708333333333335,16
1071,0.10729166666666666,0.12415950063213939,-0.13125,0.14166666666666666,0.27708333333333335,16
1072,0.146875,0.14364050781764562,-0.020833333333333332,0.11666666666666667,0.46875,16
1073,0.190625,0.11086289549358803,0.02291666666666667,0.19166666666666665,0.38958333333333334,16
1074,0.265625,0.10349261078024417,0.14583333333333331,0.21666666666666667,0.475,16
1075,0.15208333333333332,0.14287171304666604,-0.043750000000000004,0.11666666666666667,0.4395833333333333,16
1076,0.14270833333333333,0.10703853634971326,-0.018750000000000003,0.11666666666666667,0.33749999999999997,16
1077,0.125,0.10817295821455974,-0.05833333333333333,0.10833333333333334,0.31666666666666665,16
1078,0.10833333333333334,0.1403121520040228,-0.10416666666666667,0.11666666666666667,0.3,16
1079,0.0875,0.11357510975365842,-0.07708333333333334,0.09166666666666667,0.28125,16
1080,0.103125,0.10107387802713638,-0.09375,0.11666666666666667,0.24375,16
1081,0.11979166666666667,0.12654856747729526,-0.12083333333333333,0.1,0.33958333333333335,16
1082,0.18541666666666667,0.12636408486767292,-0.10833333333333334,0.24166666666666667,0.3333333333333333,16
1083,0.1375,0.16239312724920899,-0.13333333333333333,0.15,0.39375000000000004,16
1084,0.08541666666666667,0.0942578835488635,-0.09999999999999999,0.09166666666666667,0.24166666666666667,16
1085,0.14270833333333333,0.11931062836841766,-0.06666666666666667,0.125,0.35000000000000003,16
1086,0.07708333333333332,0.17725481892838155,-0.26666666666666666,0.05,0.35625,16
1087,0.109375,0.07948810838735565,-0.020833333333333332,0.1,0.2604166666666667,16
1088,0.06145833333333332,0.1295985722550814,-0.19583333333333333,0.06666666666666667,0.2875,16
1089,0.18854166666666666,0.1404010562539407,0.00625,0.15833333333333333,0.475,16
1090,0.15312499999999998,0.13909663282728627,-0.10625,0.2,0.36458333333333337,16
1091,0.14791666666666667,0.1372946699216284,-0.08333333333333333,0.13333333333333333,0.37083333333333335,16
1092,0.18229166666666669,0.11894629244373744,-0.041666666666666664,0.18333333333333332,0.375,16
1093,0.14479166666666665,0.14692670484708428,-0.1875,0.18333333333333332,0.3104166666666667,16
1094,0.16354166666666667,0.12050512177911775,-0.004166666666666666,0.125,0.42083333333333334,16
1095,0.15520833333333334,0.1291960652028106,-0.06875,0.13333333333333333,0.40625,16
1096,0.140625,0.11974636824694657,-0.07291666666666667,0.13333333333333333,0.32708333333333334,16
1097,0.215625,0.12794703086954903,-0.0062500000000000056,0.225,0.4166666666666667,16
1098,0.04583333333333334,0.14391596699308787,-0.14791666666666667,0.0,0.33958333333333335,16
1099,0.13333333333333333,0.11887785514739256,-0.043750000000000004,0.15,0.29375,16
1100,0.06666666666666667,0.170884138786749,-0.21666666666666667,0.06666666666666667,0.375,16
1101,0.057291666666666664,0.09297713839374112,-0.13125,0.08333333333333333,0.16666666666666666,16
1102,0.14895833333333333,0.12943101310264776,-0.15,0.2,0.26666666666666666,16
1103,0.16458333333333333,0.09407351587396363,0.016666666666666666,0.14166666666666666,0.35833333333333334,16
1104,0.15000000000000002,0.10458250331675945,-0.08125,0.175,0.27708333333333335,16
1105,0.20416666666666666,0.08848650242331375,0.06875,0.18333333333333335,0.37083333333333335,16
1106,0.015625,0.08238391454040042,-0.11666666666666667,0.016666666666666666,0.13333333333333333,16
1107,0.10520833333333333,0.125238487772108,-0.15625,0.11666666666666667,0.275,16
1108,0.178125,0.11113660731780105,0.010416666666666664,0.14166666666666666,0.36041666666666666,16
1109,0.06666666666666667,0.13475801357330192,-0.2,0.09166666666666667,0.29583333333333334,16
1110,0.10208333333333333,0.1395522353417848,-0.08750000000000001,0.07500000000000001,0.35833333333333334,16
1111,0.18541666666666667,0.1244257643469926,0.02291666666666667,0.2,0.42291666666666666,16
1112,0.17083333333333334,0.18319123280817173,-0.11458333333333333,0.10833333333333334,0.48125,16
1113,0.14166666666666666,0.15734339657082672,-0.08125,0.11666666666666667,0.3875,16
1114,0.04270833333333332,0.0924152671219546,-0.1,0.03333333333333333,0.17708333333333331,16
1115,0.12395833333333332,0.1297659150483413,-0.08958333333333333,0.14166666666666666,0.35208333333333336,16
1116,0.09166666666666667,0.09860132971832694,-0.08541666666666667,0.08333333333333333,0.26458333333333334,16
1117,0.13958333333333334,0.11162856937182344,-0.043750000000000004,0.15,0.27708333333333335,16
1118,0.07916666666666666,0.10825317547305482,-0.09375,0.1,0.2604166666666667,16
1119,0.20937499999999998,0.12882599564054523,-0.04375,0.225,0.3875,16
1120,0.17291666666666666,0.09997829625584856,-0.004166666666666666,0.18333333333333332,0.34791666666666665,16
1121,0.15416666666666667,0.1681703005884214,-0.06041666666666667,0.1,0.5,16
1122,0.11458333333333333,0.1320083909370074,-0.13333333333333333,0.13333333333333333,0.3,16
1123,0.07083333333333333,0.14403655014536337,-0.1375,0.06666666666666667,0.3416666666666667,16
1124,0.08229166666666667,0.11894629244373744,-0.15208333333333332,0.1,0.23333333333333334,16
1125,0.018750000000000003,0.14384055119008224,-0.27291666666666664,0.06666666666666667,0.23125,16
1126,0.159375,0.1100771115450942,-0.03958333333333333,0.14166666666666666,0.34791666666666665,16
1127,0.07708333333333334,0.17319255100096603,-0.21041666666666667,0.08333333333333333,0.3145833333333333,16
1128,-0.017708333333333336,0.10936507891512312,-0.16041666666666665,-0.04166666666666667,0.20833333333333334,16
1129,-0.009375,0.09445912365497929,-0.20833333333333334,-0.008333333333333333,0.11666666666666667,16
1130,0.07083333333333335,0.10905210273585333,-0.12291666666666666,0.058333333333333334,0.24166666666666667,16
1131,0.024999999999999994,0.15206906325745548,-0.2,0.04166666666666667,0.29791666666666666,16
1132,0.078125,0.1529477432091686,-0.15833333333333333,0.09166666666666667,0.33749999999999997,16
1133,0.028125,0.15112066899409302,-0.19375,0.0,0.3,16
1134,-0.03020833333333333,0.10804749952117253,-0.18333333333333332,-0.04166666666666667,0.14791666666666667,16
1135,0.07291666666666666,0.12595124166826535,-0.15625,0.05,0.25416666666666665,16
1136,0.08645833333333332,0.1223636925884835,-0.11041666666666666,0.08333333333333333,0.27708333333333335,16
1137,0.009375000000000003,0.11531489947819695,-0.18333333333333335,-0.025,0.2,16
1138,0.09270833333333334,0.13565283892471006,-0.08125,0.06666666666666667,0.3729166666666667,16
1139,-0.004166666666666669,0.14535636285427006,-0.2375,-0.008333333333333333,0.29791666666666666,16
1140,0.006250000000000005,0.1169453516723849,-0.1875,0.008333333333333333,0.18125,16
1141,0.04583333333333334,0.1648336703737707,-0.20208333333333334,0.06666666666666667,0.37083333333333335,16
1142,0.053125,0.13822017836891012,-0.15,0.05,0.35833333333333334,16
1143,0.08229166666666667,0.13724328940283786,-0.22083333333333333,0.15,0.21041666666666667,16
1144,0.08854166666666669,0.16220258573600002,-0.15625,0.06666666666666667,0.32708333333333334,16
1145,0.08645833333333333,0.14315623142993888,-0.16041666666666665,0.09166666666666667,0.31875,16
1146,0.08750000000000001,0.08364524958285303,-0.05833333333333333,0.08333333333333333,0.22083333333333333,16
1147,0.0625,0.10631125685144227,-0.15208333333333332,0.06666666666666667,0.26875,16
1148,0.06770833333333334,0.16556602723687008,-0.21458333333333332,0.10833333333333334,0.33958333333333335,16
1149,0.009375,0.12706198591195123,-0.17708333333333331,-0.008333333333333333,0.19375,16
1150,0.08958333333333333,0.13867866033868848,-0.15208333333333332,0.058333333333333334,0.32708333333333334,16
1151,0.04791666666666666,0.106860988360268,-0.10416666666666667,0.03333333333333333,0.225,16
1152,0.065625,0.130632641988049,-0.11041666666666666,0.075,0.33958333333333335,16
1153,0.090625,0.1878209059405617,-0.2,0.14166666666666666,0.4125,16
1154,0.03125000000000001,0.17319255100096603,-0.24375,0.0,0.30416666666666664,16
1155,0.06562499999999999,0.16535617596738125,-0.3104166666666667,0.1,0.29583333333333334,16
1156,0.034375,0.15573177952100137,-0.25416666666666665,0.041666666666666664,0.2375,16
1157,0.115625,0.12589523174052306,-0.07708333333333334,0.1,0.33958333333333335,16
1158,0.10208333333333333,0.1338369395529085,-0.19583333333333333,0.13333333333333333,0.30416666666666664,16
1159,0.051041666666666666,0.10824816363595068,-0.08750000000000001,0.025,0.2791666666666667,16
1160,0.08958333333333333,0.15148283272737909,-0.1375,0.06666666666666667,0.3145833333333333,16
1161,0.04687499999999999,0.12222172900784323,-0.19583333333333333,0.03333333333333333,0.22708333333333333,16
1162,0.042708333333333334,0.1762818873833737,-0.20833333333333334,0.008333333333333333,0.4083333333333333,16
1163,0.05520833333333333,0.10133120029279125,-0.1375,0.06666666666666667,0.21458333333333332,16
1164,0.05520833333333333,0.11572818218903197,-0.16041666666666665,0.04166666666666667,0.24375,16
1165,0.014583333333333335,0.10718542474505467,-0.17291666666666666,0.016666666666666666,0.2125,16
1166,0.026041666666666664,0.154556798036982,-0.23125,0.0,0.2875,16
1167,-0.03645833333333333,0.09208592567995032,-0.17708333333333331,-0.04166666666666667,0.14791666666666667,16
1168,0.06458333333333333,0.11224894827520161,-0.07708333333333334,0.049999999999999996,0.24791666666666667,16
1169,0.096875,0.14532276696107263,-0.11666666666666667,0.11666666666666667,0.27708333333333335,16
1170,0.10104166666666667,0.10265042316035526,-0.043750000000000004,0.08333333333333333,0.28125,16
1171,-0.01666666666666667,0.09965217285917832,-0.19791666666666666,-0.03333333333333333,0.13125,16
1172,0.06979166666666667,0.08584117075868794,-0.09166666666666667,0.06666666666666667,0.20833333333333334,16
1173,0.015625,0.1146354048349229,-0.16041666666666665,0.03333333333333333,0.17708333333333331,16
1174,0.04791666666666667,0.16862135013758556,-0.18958333333333333,-0.016666666666666666,0.375,16
1175,0.031249999999999997,0.10555327117411167,-0.15,0.05,0.18333333333333332,16
1176,0.06354166666666666,0.0972216021805625,-0.10208333333333333,0.075,0.24791666666666667,16
1177,0.03645833333333333,0.12627389075383363,-0.16041666666666665,0.06666666666666667,0.2375,16
1178,-0.053125000000000006,0.1347861925730278,-0.24375,-0.05,0.19583333333333333,16
1179,0.008333333333333333,0.10833333333333332,-0.16666666666666666,0.025,0.17708333333333331,16
1180,0.05520833333333334,0.11736676104085952,-0.16041666666666665,0.09166666666666667,0.22708333333333333,16
1181,0.010416666666666664,0.10669840022751564,-0.12708333333333333,-0.03333333333333333,0.20416666666666666,16
1182,0.07083333333333333,0.15915357712320233,-0.20416666666666666,0.125,0.31666666666666665,16
1183,0.053125,0.07341348602644854,-0.05416666666666667,0.05,0.19166666666666668,16
1184,0.08229166666666667,0.1355888328632643,-0.16875,0.08333333333333334,0.3020833333333333,16
1185,-0.008333333333333331,0.14166666666666666,-0.23333333333333334,-0.041666666666666664,0.23125,16
1186,0.020833333333333336,0.14343262065048754,-0.16041666666666665,-0.05,0.2583333333333333,16
1187,0.015625000000000003,0.14783962195380657,-0.20416666666666666,-0.03333333333333333,0.2583333333333333,16
1188,0.084375,0.12848864384536954,-0.15833333333333333,0.075,0.2895833333333333,16
1189,0.07083333333333333,0.107124667768187,-0.1,0.075,0.24375,16
1190,-0.017708333333333333,0.1263082580105777,-0.21875,-0.03333333333333334,0.20416666666666666,16
1191,0.10208333333333333,0.1432357953011591,-0.13125,0.125,0.3416666666666667,16
1192,0.0875,0.12835768167291134,-0.12916666666666665,0.09166666666666667,0.3145833333333333,16
1193,0.08125,0.13967658576551445,-0.13333333333333333,0.075,0.27708333333333335,16
1194,0.140625,0.09663949869661645,-0.05208333333333333,0.14166666666666666,0.26666666666666666,16
1195,0.042708333333333334,0.12922965534057748,-0.2,0.016666666666666666,0.24375,16
1196,0.027083333333333334,0.1432357953011591,-0.22708333333333333,0.041666666666666664,0.29791666666666666,16
1197,0.048958333333333326,0.15506145175202135,-0.20416666666666666,0.075,0.29791666666666666,16
1198,0.10208333333333333,0.13499935699435345,-0.07708333333333334,0.07500000000000001,0.33541666666666664,16
1199,0.06874999999999999,0.11069148190654358,-0.11041666666666666,0.10833333333333334,0.23541666666666666,16
1200,0.053125,0.12461311656260124,-0.15,0.06666666666666667,0.2791666666666667,16
1201,0.0020833333333333346,0.13691479000539797,-0.17916666666666667,-0.025,0.3125,16
1202,0.027083333333333338,0.149985531709636,-0.25416666666666665,0.025,0.2875,16
1203,0.029166666666666667,0.1616430395105902,-0.23541666666666666,0.03333333333333333,0.325,16
1204,0.01145833333333333,0.13106385609694232,-0.21666666666666667,-0.008333333333333333,0.23333333333333334,16
1205,0.06562499999999999,0.13800019499784935,-0.2,0.04166666666666667,0.2708333333333333,16
1206,0.021875000000000002,0.11999981915495632,-0.11666666666666667,-0.016666666666666666,0.22083333333333333,16
1207,0.04895833333333334,0.11628938251668168,-0.16666666666666666,0.05,0.23125,16
1208,0.08645833333333333,0.15802807745425776,-0.27708333333333335,0.10833333333333334,0.29375,16
1209,0.05625,0.13108455180616144,-0.21458333333333335,0.075,0.24166666666666667,16
1210,0.09479166666666666,0.14077152859825345,-0.09166666666666667,0.058333333333333334,0.33125,16
1211,0.03229166666666666,0.14342883809479257,-0.19166666666666668,0.03333333333333333,0.32499999999999996,16
1212,-0.03020833333333333,0.12613632808944808,-0.28541666666666665,-0.04166666666666667,0.14166666666666666,16
1213,0.03333333333333333,0.10358169078880045,-0.08750000000000001,-0.025,0.21041666666666667,16
1214,0.07708333333333334,0.09893091725486472,-0.10416666666666667,0.10833333333333334,0.19375,16
1215,-0.005208333333333339,0.14418337451353783,-0.2,-0.03333333333333334,0.29791666666666666,16
1216,0.05416666666666666,0.11464013743498003,-0.08750000000000001,0.016666666666666666,0.30624999999999997,16
1217,0.121875,0.13613192513759095,-0.12083333333333333,0.15833333333333333,0.2875,16
1218,0.11458333333333333,0.13576877300109264,-0.15,0.13333333333333333,0.32291666666666663,16
1219,0.057291666666666664,0.14433380845764754,-0.19583333333333333,0.09166666666666667,0.2791666666666667,16
1220,0.10104166666666667,0.14147888903177983,-0.1375,0.15833333333333333,0.29166666666666663,16
1221,0.084375,0.11140964668734929,-0.13958333333333334,0.09166666666666667,0.2583333333333333,16
1222,-0.00104166666666667,0.13999860490376323,-0.225,0.03333333333333333,0.23541666666666666,16
1223,0.07291666666666667,0.10339295994731297,-0.09791666666666667,0.075,0.24375,16
1224,0.09583333333333333,0.1211203487812386,-0.11666666666666667,0.125,0.27708333333333335,16
1225,-0.0072916666666666685,0.1353966331335048,-0.22708333333333333,-0.008333333333333335,0.2375,16
1226,0.07291666666666667,0.12498263768308869,-0.11458333333333333,0.08333333333333333,0.29375,16
1227,0.013541666666666667,0.11353210968953037,-0.1375,-0.025,0.2125,16
1228,0.08854166666666666,0.14333802681269042,-0.17291666666666666,0.1,0.28125,16
1229,0.03958333333333333,0.10288798520721455,-0.12291666666666666,0.025,0.23125,16
1230,0.05416666666666667,0.12025724741384844,-0.125,0.016666666666666666,0.2833333333333333,16
1231,0.03229166666666666,0.10466028875206998,-0.12708333333333333,0.04166666666666667,0.21875,16
1232,0.020833333333333332,0.10841343192714739,-0.15208333333333332,0.008333333333333331,0.22916666666666666,16
1233,0.06770833333333334,0.12630825801057768,-0.22499999999999998,0.08333333333333334,0.2375,16
1234,0.03854166666666667,0.09977731281597925,-0.15833333333333333,0.05,0.17708333333333331,16
1235,0.07500000000000001,0.10736748938937604,-0.06875,0.03333333333333333,0.27708333333333335,16
1236,0.04583333333333333,0.12183492931011204,-0.14166666666666666,0.03333333333333333,0.2791666666666667,16
1237,0.11458333333333334,0.13487069424699594,-0.125,0.13333333333333333,0.27708333333333335,16
1238,0.00833333333333333,0.1511529762268088,-0.3104166666666667,0.03333333333333333,0.21666666666666667,16
1239,0.103125,0.14303490614182257,-0.13541666666666666,0.08333333333333333,0.31666666666666665,16
1240,0.028124999999999994,0.11129271183834696,-0.17916666666666667,0.05,0.16666666666666666,16
1241,0.096875,0.15048748909793133,-0.16458333333333333,0.075,0.35625,16
1242,0.128125,0.11082373861978607,-0.07708333333333334,0.1,0.2875,16
1243,0.04583333333333334,0.12889756915215017,-0.15833333333333333,0.025,0.26666666666666666,16
1244,0.0625,0.11311559967081855,-0.21041666666666667,0.09166666666666667,0.18125,16
1245,0.13541666666666669,0.11649913566679844,-0.125,0.15833333333333333,0.27708333333333335,16
1246,-0.012499999999999997,0.129836970424024,-0.25416666666666665,-0.008333333333333333,0.21875,16
1247,0.06041666666666667,0.1421407508617974,-0.16458333333333333,0.025,0.3,16
1248,0.084375,0.12506508722128118,-0.1,0.075,0.30833333333333335,16
1249,0.013541666666666665,0.1088479364245776,-0.15833333333333333,0.0,0.23125,16
1250,0.115625,0.13248018064559278,-0.0375,0.06666666666666667,0.4041666666666667,16
1251,0.02395833333333334,0.0642717618787598,-0.07708333333333334,0.008333333333333333,0.12083333333333333,16
1252,0.07395833333333332,0.15920470204355705,-0.21458333333333332,0.08333333333333334,0.32708333333333334,16
1253,0.05729166666666667,0.1099192806739968,-0.15833333333333333,0.09166666666666667,0.18333333333333332,16
1254,0.052083333333333336,0.0953566040945484,-0.07708333333333334,0.03333333333333333,0.2375,16
1255,0.08437499999999999,0.13049967406302423,-0.1375,0.058333333333333334,0.2875,16
1256,0.06354166666666666,0.14674935524181662,-0.2125,0.05,0.2833333333333333,16
1257,0.05,0.12147816447594377,-0.125,0.058333333333333334,0.25416666666666665,16
1258,0.06770833333333333,0.15483736427296868,-0.20416666666666666,0.09166666666666667,0.3145833333333333,16
1259,0.11041666666666666,0.149985531709636,-0.13125,0.125,0.3333333333333333,16
1260,0.04583333333333333,0.13775229379013781,-0.16041666666666665,0.04166666666666667,0.25416666666666665,16
1261,0.037500000000000006,0.12686114456365274,-0.19375,0.05,0.28125,16
1262,0.1,0.09718253158075502,-0.0375,0.11666666666666667,0.24375,16
1263,0.04583333333333333,0.11836560592784826,-0.1375,0.075,0.21041666666666667,16
1264,0.02708333333333333,0.17005666947618764,-0.225,0.025,0.3458333333333333,16
1265,0.053125000000000006,0.11610261714678673,-0.13541666666666666,0.03333333333333333,0.21041666666666667,16
1266,0.027083333333333334,0.1197327753791751,-0.13333333333333333,0.025,0.24166666666666667,16
1267,0.015625,0.14270072972444425,-0.21041666666666667,0.016666666666666666,0.27291666666666664,16
1268,0.11249999999999999,0.16619725562649276,-0.22708333333333333,0.15,0.31666666666666665,16
1269,-0.0125,0.14559504341380125,-0.22708333333333333,-0.008333333333333338,0.23125,16
1270,0.08958333333333333,0.09030715334038852,-0.09791666666666667,0.08333333333333333,0.2,16
1271,0.04895833333333334,0.14111027381094546,-0.13333333333333333,0.03333333333333333,0.28125,16
1272,0.1,0.16158932858054428,-0.23124999999999998,0.10833333333333334,0.3416666666666667,16
1273,0.009375000000000001,0.10720060860886522,-0.17083333333333334,-0.008333333333333333,0.2125,16
1274,0.05729166666666667,0.07545435292281022,-0.043750000000000004,0.06666666666666667,0.22083333333333333,16
1275,0.021875,0.1309313260941696,-0.23333333333333334,0.03333333333333333,0.18333333333333332,16
1276,0.09895833333333333,0.13546073001058276,-0.14791666666666667,0.1,0.3145833333333333,16
1277,0.08229166666666667,0.12875859599136155,-0.10416666666666667,0.06666666666666667,0.31666666666666665,16
1278,0.03854166666666667,0.1305329287425633,-0.19791666666666666,0.06666666666666667,0.24583333333333332,16
1279,-0.03229166666666666,0.1286236907394763,-0.2875,-0.016666666666666666,0.16458333333333333,16
1280,0.034375,0.1264456336291961,-0.18958333333333333,0.05,0.2833333333333333,16
1281,0.029166666666666664,0.08385254915624211,-0.06666666666666667,0.025,0.19375,16
1282,0.01875,0.0873759040646282,-0.12708333333333333,0.04166666666666667,0.15833333333333333,16
1283,0.05,0.11303883305208781,-0.17083333333333334,0.06666666666666667,0.21875,16
1284,0.08020833333333333,0.15447252879647494,-0.16041666666666665,0.03333333333333333,0.375,16
1285,0.059375,0.12261173334056483,-0.14375,0.06666666666666667,0.2583333333333333,16
1286,0.06666666666666667,0.12047360245667467,-0.17708333333333331,0.09166666666666667,0.2583333333333333,16
1287,0.059375,0.12747123177625433,-0.23125,0.075,0.22708333333333333,16
1288,0.015625,0.1408639944434189,-0.24583333333333332,0.025,0.2604166666666667,16
1289,-0.009374999999999998,0.13513994161403373,-0.28541666666666665,0.008333333333333331,0.19166666666666668,16
1290,0.059375,0.09013276280329786,-0.07708333333333334,0.05,0.24791666666666667,16
1291,0.06770833333333334,0.1332641422034533,-0.18333333333333332,0.058333333333333334,0.26666666666666666,16
1292,0.06666666666666667,0.10865337342004415,-0.10416666666666667,0.058333333333333334,0.24791666666666667,16
1293,0.12916666666666665,0.12754356554178303,-0.06041666666666667,0.15,0.30416666666666664,16
1294,0.07916666666666666,0.11372786719963483,-0.043750000000000004,0.05,0.3020833333333333,16
1295,0.10833333333333334,0.11055415967851333,-0.13541666666666666,0.10833333333333334,0.26458333333333334,16
1296,0.11770833333333333,0.15550865798512098,-0.11666666666666665,0.09166666666666667,0.42916666666666664,16
1297,0.071875,0.11617735932377032,-0.15208333333333332,0.075,0.26666666666666666,16
1298,-0.03854166666666666,0.14212166516169633,-0.28125,-0.03333333333333333,0.20833333333333334,16
1299,0.07604166666666667,0.12175920424938906,-0.06666666666666667,0.06666666666666667,0.31666666666666665,16
1300,0.09062500000000001,0.1174037356849337,-0.08333333333333333,0.08333333333333333,0.31666666666666665,16
1301,0.013541666666666664,0.1291288587139907,-0.20208333333333334,-0.025,0.21458333333333332,16
1302,0.024999999999999998,0.11023963796102461,-0.16041666666666665,0.025,0.21458333333333332,16
1303,0.11770833333333333,0.14889275945943256,-0.07708333333333334,0.09166666666666667,0.35416666666666663,16
1304,0.058333333333333334,0.15080800892378216,-0.22083333333333333,0.09166666666666667,0.27708333333333335,16
1305,0.03333333333333334,0.12555432644432804,-0.2125,0.058333333333333334,0.23333333333333334,16
1306,0.02916666666666666,0.1231107225224513,-0.17708333333333331,0.025,0.2520833333333333,16
1307,0.05520833333333333,0.13394634472014863,-0.21041666666666667,0.075,0.24791666666666667,16
1308,0.08541666666666667,0.11812702085279031,-0.08333333333333333,0.1,0.275,16
1309,0.042708333333333334,0.1147111030056715,-0.09375,0.008333333333333333,0.275,16
1310,0.06666666666666667,0.1147158324828017,-0.16875,0.06666666666666667,0.2520833333333333,16
1311,0.034375,0.10808766214667304,-0.11041666666666666,0.0,0.21041666666666667,16
1312,0.06875,0.1213172780128389,-0.12708333333333333,0.09166666666666667,0.2375,16
1313,0.05208333333333333,0.13474190864183438,-0.14375,0.025,0.3333333333333333,16
1314,0.06979166666666667,0.12050512177911775,-0.11041666666666666,0.06666666666666667,0.29166666666666663,16
1315,-0.009375000000000001,0.10474319621234487,-0.18125,-0.016666666666666666,0.14166666666666666,16
1316,0.07708333333333332,0.10067049523624641,-0.11249999999999999,0.1,0.21666666666666667,16
1317,0.033333333333333326,0.11410886614690961,-0.16875,0.016666666666666666,0.26458333333333334,16
1318,0.04895833333333333,0.12140221688210182,-0.16041666666666665,0.03333333333333333,0.28125,16
1319,0.0062500000000000056,0.1227399860137953,-0.22708333333333333,0.025,0.19791666666666666,16
1320,0.05520833333333333,0.1241245384348585,-0.15416666666666667,0.05,0.23333333333333334,16
1321,0.109375,0.11621471238616908,-0.05,0.11666666666666667,0.29791666666666666,16
1322,0.07395833333333333,0.09627953190522318,-0.06041666666666667,0.058333333333333334,0.2583333333333333,16
1323,0.10104166666666667,0.1263082580105777,-0.12083333333333333,0.10833333333333334,0.30833333333333335,16
1324,0.021875,0.11602782682280238,-0.12708333333333333,0.0,0.23958333333333331,16
1325,0.036458333333333336,0.1447242049075106,-0.16875,0.0,0.28541666666666665,16
1326,0.040625,0.10540410827698637,-0.12083333333333333,0.008333333333333333,0.24166666666666667,16
1327,0.009374999999999998,0.095918214221515,-0.1,0.0,0.19791666666666666,16
1328,0.058333333333333334,0.08720187306856812,-0.07083333333333333,0.08333333333333333,0.1875,16
1329,0.05833333333333334,0.10274023338281627,-0.08750000000000001,0.04166666666666667,0.25,16
1330,0.06041666666666667,0.14201855805961885,-0.22708333333333333,0.08333333333333333,0.2583333333333333,16
1331,0.005208333333333333,0.07137507297135791,-0.07708333333333334,0.0,0.14791666666666667,16
1332,0.03854166666666666,0.15653792915421133,-0.18541666666666667,0.025,0.32499999999999996,16
1333,0.071875,0.09995115994824673,-0.13125,0.09166666666666667,0.23958333333333331,16
1334,0.09270833333333334,0.09627953190522318,-0.03333333333333333,0.08333333333333333,0.2791666666666667,16
1335,0.025,0.1339827932567794,-0.22708333333333333,0.06666666666666667,0.25416666666666665,16
1336,0.07083333333333333,0.09762812094883318,-0.075,0.04166666666666667,0.22708333333333333,16
1337,0.052083333333333336,0.13213984069916232,-0.17083333333333334,0.07500000000000001,0.2583333333333333,16
1338,0.04791666666666666,0.11605120397671212,-0.14166666666666666,0.041666666666666664,0.21041666666666667,16
1339,0.03020833333333333,0.11121468696724467,-0.18958333333333333,0.03333333333333333,0.16666666666666666,16
1340,0.109375,0.13228346431264776,-0.09375,0.11666666666666667,0.34375,16
1341,0.014583333333333335,0.07403898184965359,-0.10416666666666667,0.016666666666666666,0.14166666666666666,16
1342,0.058333333333333334,0.11501811451535218,-0.18541666666666667,0.06666666666666667,0.24791666666666667,16
1343,0.012500000000000002,0.1378782675647858,-0.26666666666666666,0.008333333333333333,0.2520833333333333,16
1344,0.08020833333333334,0.10345066423448211,-0.04791666666666666,0.06666666666666667,0.3,16
1345,0.05520833333333333,0.09587295376637194,-0.08750000000000001,0.05,0.23125,16
1346,0.036458333333333336,0.13192205584906733,-0.275,0.058333333333333334,0.19375,16
1347,0.16458333333333333,0.10456175076108003,-0.02916666666666666,0.15833333333333333,0.3,16
1348,-0.002083333333333333,0.1715811882656915,-0.27708333333333335,-0.025,0.28541666666666665,16
1349,0.0625,0.14331152934933197,-0.20833333333333334,0.09166666666666667,0.26875,16
1350,0.06875,0.10135796712641784,-0.06041666666666667,0.06666666666666667,0.2583333333333333,16
1351,0.028125,0.12412453843485849,-0.17083333333333334,0.016666666666666666,0.26458333333333334,16
1352,0.13333333333333333,0.15172617880027606,-0.10833333333333334,0.125,0.43333333333333335,16
1353,0.19166666666666665,0.14006446928309677,-0.025,0.20833333333333334,0.42916666666666664,16
1354,0.13229166666666667,0.09042122684352878,0.0020833333333333363,0.11666666666666667,0.3,16
1355,0.18333333333333335,0.14191155304938666,-0.10416666666666666,0.2,0.38333333333333336,16
1356,0.018750000000000003,0.10015179451434929,-0.15833333333333333,0.016666666666666666,0.2,16
1357,0.11979166666666666,0.19465235660159771,-0.20833333333333331,0.08333333333333333,0.49375,16
1358,0.08854166666666667,0.14394235318927737,-0.2,0.125,0.25,16
1359,0.134375,0.10349261078024416,-0.06875,0.15,0.3145833333333333,16
1360,0.16874999999999998,0.11590150871417604,0.02291666666666667,0.14166666666666666,0.3979166666666667,16
1361,0.05833333333333332,0.12176365996835382,-0.09375,0.06666666666666667,0.2895833333333333,16
1362,0.078125,0.12482192176367811,-0.08750000000000001,0.05,0.3145833333333333,16
1363,0.03125,0.12595124166826532,-0.14375,0.025,0.29791666666666666,16
1364,0.04375,0.16634082731949282,-0.27499999999999997,0.04166666666666667,0.27708333333333335,16
1365,0.07187500000000001,0.14490403313726102,-0.19791666666666666,0.1,0.3375,16
1366,0.12395833333333332,0.1338491000986642,-0.09791666666666667,0.13333333333333333,0.3104166666666667,16
1367,0.07083333333333333,0.1548408681338504,-0.15416666666666667,0.04166666666666667,0.36875,16
1368,0.13020833333333331,0.15254994059323654,-0.07708333333333334,0.11666666666666667,0.41875,16
1369,0.13125,0.12016698451183114,-0.01458333333333333,0.08333333333333333,0.41041666666666665,16
1370,0.16041666666666665,0.18294229129549144,-0.20208333333333334,0.14166666666666666,0.41458333333333336,16
1371,0.11979166666666666,0.0814833721108519,-0.010416666666666666,0.10833333333333334,0.24375,16
1372,0.1125,0.11031835245728105,-0.020833333333333332,0.1,0.3125,16
1373,0.09479166666666666,0.12186609654088011,-0.16666666666666666,0.10833333333333334,0.23333333333333334,16
1374,0.11770833333333333,0.09418302770846418,-0.0375,0.125,0.29583333333333334,16
1375,0.014583333333333335,0.10356073768030473,-0.14583333333333331,0.008333333333333333,0.18333333333333332,16
1376,0.05625000000000001,0.09716019846967515,-0.14583333333333331,0.05,0.19375,16
1377,-0.013541666666666667,0.11505112842896317,-0.225,0.0,0.18125,16
1378,0.17395833333333333,0.11364674037218235,-0.05416666666666667,0.18333333333333332,0.38125,16
1379,0.12708333333333333,0.1571087512591906,-0.14375,0.10833333333333334,0.39375,16
1380,0.12708333333333333,0.08777239347058706,-0.04791666666666666,0.13333333333333333,0.2791666666666667,16
1381,0.11666666666666667,0.12842529172852035,-0.06041666666666667,0.1,0.32708333333333334,16
1382,0.13229166666666667,0.11078456790596383,-0.07083333333333333,0.15,0.29166666666666663,16
1383,0.146875,0.14206057369031783,-0.09999999999999999,0.10833333333333334,0.3979166666666667,16
1384,0.15833333333333333,0.14312970031098057,-0.06666666666666667,0.16666666666666666,0.38125,16
1385,0.05208333333333334,0.17289156444302178,-0.24583333333333332,0.05,0.4166666666666667,16
1386,0.06979166666666667,0.13619567596945867,-0.08750000000000001,0.03333333333333333,0.3833333333333333,16
1387,0.12395833333333334,0.09841958611249875,-0.027083333333333334,0.14166666666666666,0.25,16
1388,0.051041666666666666,0.10197166511394776,-0.13333333333333333,0.04166666666666667,0.22916666666666666,16
1389,0.14375,0.10669840022751564,-0.018750000000000003,0.125,0.3104166666666667,16
1390,0.146875,0.16469866739493272,-0.043750000000000004,0.1,0.4708333333333333,16
1391,0.025,0.1649915822768611,-0.20416666666666666,-0.025,0.34791666666666665,16
1392,0.14166666666666666,0.12360330811826103,-0.11041666666666666,0.19166666666666665,0.2708333333333333,16
1393,0.115625,0.08363876319227427,0.0020833333333333363,0.11666666666666667,0.2583333333333333,16
1394,0.028124999999999997,0.11314916868894795,-0.17500000000000002,0.04166666666666667,0.20833333333333334,16
1395,0.13333333333333333,0.1356568383008309,-0.043750000000000004,0.1,0.39375,16
1396,0.07395833333333333,0.18502709542568804,-0.2833333333333333,0.058333333333333334,0.29375,16
1397,0.046875,0.15037207903323602,-0.23125,0.04166666666666667,0.30624999999999997,16
1398,0.09270833333333334,0.10490881457246574,-0.08333333333333333,0.08333333333333333,0.25416666666666665,16
1399,0.14270833333333333,0.1700662401585531,-0.15416666666666667,0.16666666666666666,0.3979166666666667,16
1400,0.16666666666666669,0.12261615807968466,-0.03125,0.175,0.34791666666666665,16
1401,0.07500000000000001,0.15866193970549808,-0.14375,0.06666666666666667,0.38333333333333336,16
1402,0.05520833333333333,0.1489219069680482,-0.22708333333333333,0.075,0.28541666666666665,16
1403,0.10625000000000001,0.1533055907873769,-0.1875,0.125,0.3333333333333333,16
1404,0.14583333333333331,0.08868248605746985,0.0020833333333333363,0.15,0.28125,16
1405,0.11354166666666665,0.09339632361013409,-0.06875,0.11666666666666667,0.2604166666666667,16
1406,0.10833333333333334,0.12596847048192478,-0.15,0.14166666666666666,0.27708333333333335,16
1407,0.15208333333333335,0.08536583853561616,0.03333333333333333,0.14166666666666666,0.28125,16
1408,0.14270833333333333,0.12147369828485508,-0.09166666666666667,0.19166666666666665,0.29791666666666666,16
1409,0.07916666666666668,0.15439172761374087,-0.17083333333333334,0.075,0.3770833333333333,16
1410,0.07916666666666666,0.1387568817112226,-0.14791666666666667,0.08333333333333333,0.33541666666666664,16
1411,0.153125,0.1268226492981439,-0.03125,0.14166666666666666,0.4270833333333333,16
1412,0.02395833333333333,0.09555553032137909,-0.12083333333333333,0.016666666666666666,0.18541666666666667,16
1413,0.10625000000000001,0.09444189130535947,-0.0375,0.1,0.23333333333333334,16
1414,0.19479166666666667,0.1464532953140124,-0.041666666666666664,0.2,0.42708333333333337,16
1415,0.14375,0.1258133262240354,-0.06458333333333333,0.18333333333333332,0.36041666666666666,16
1416,0.11875000000000001,0.13551278639957848,-0.11041666666666666,0.125,0.37083333333333335,16
1417,0.14375,0.1062091424710907,-0.004166666666666666,0.14166666666666666,0.30416666666666664,16
1418,0.09479166666666666,0.11839768643338339,-0.09375,0.08333333333333334,0.2708333333333333,16
1419,0.14895833333333333,0.12862369073947633,-0.060416666666666674,0.11666666666666667,0.40208333333333335,16
1420,0.15104166666666666,0.10532172107668747,-0.07916666666666666,0.15,0.29791666666666666,16
1421,0.09895833333333334,0.09636964965693297,-0.1,0.125,0.23125,16
1422,0.1375,0.11078946500256942,-0.027083333333333334,0.14166666666666666,0.3416666666666667,16
1423,0.13229166666666667,0.08609360821222445,-0.03125,0.15,0.26875,16
1424,0.08229166666666667,0.14282233889035395,-0.20625,0.13333333333333333,0.2604166666666667,16
1425,0.09166666666666667,0.11334558757279536,-0.08333333333333333,0.06666666666666667,0.25416666666666665,16
1426,0.14270833333333333,0.16201516882858702,-0.12916666666666665,0.15,0.4041666666666667,16
1427,0.10416666666666666,0.11418491338370601,-0.13333333333333333,0.14166666666666666,0.26875,16
1428,0.078125,0.08472151069828725,-0.08125,0.09166666666666667,0.23125,16
1429,0.10208333333333333,0.11753767126613777,-0.13125,0.1,0.28125,16
1430,0.08541666666666667,0.1247045118581432,-0.11666666666666667,0.06666666666666667,0.30833333333333335,16
1431,0.09999999999999999,0.10944937947136414,-0.03333333333333333,0.08333333333333333,0.26666666666666666,16
1432,0.07083333333333333,0.15439172761374087,-0.21458333333333335,0.075,0.3145833333333333,16
1433,0.11354166666666667,0.1584669118547395,-0.24374999999999997,0.14166666666666666,0.33958333333333335,16
1434,0.057291666666666664,0.1687339241313903,-0.16875,0.03333333333333333,0.39375000000000004,16
1435,0.09687499999999999,0.15152222403000823,-0.17500000000000002,0.10833333333333334,0.3729166666666667,16
1436,0.19791666666666669,0.1125578554936675,0.016666666666666666,0.2,0.36458333333333337,16
1437,0.17083333333333334,0.11280821975567402,0.016666666666666666,0.18333333333333332,0.36041666666666666,16
1438,0.14791666666666664,0.10669840022751564,-0.03125,0.16666666666666666,0.32708333333333334,16
1439,0.04270833333333333,0.10324067586362354,-0.09791666666666667,0.03333333333333333,0.20416666666666666,16
1440,0.17083333333333334,0.11234557302260637,-0.05,0.18333333333333332,0.32708333333333334,16
1441,0.035416666666666666,0.11286591725484615,-0.16666666666666666,0.05,0.20416666666666666,16
1442,0.15,0.09947780321927768,-0.0375,0.14166666666666666,0.3,16
1443,0.15000000000000002,0.09700372272352346,0.018750000000000003,0.11666666666666667,0.35000000000000003,16
1444,0.0875,0.10516191220103302,-0.06041666666666667,0.06666666666666667,0.3020833333333333,16
1445,0.06145833333333334,0.11253375265275353,-0.13125,0.06666666666666667,0.2520833333333333,16
1446,0.08541666666666667,0.12031137264984092,-0.06458333333333333,0.04166666666666667,0.3020833333333333,16
1447,0.056249999999999994,0.13448396744593757,-0.11041666666666666,0.03333333333333333,0.30833333333333335,16
1448,0.078125,0.14126398037991772,-0.12083333333333333,0.075,0.35,16
1449,0.2583333333333333,0.09013878188659974,0.06458333333333333,0.29166666666666663,0.35,16
1450,0.046875,0.16522488357622706,-0.27708333333333335,0.06666666666666667,0.3,16
1451,0.13020833333333331,0.12764136362611195,-0.08125,0.125,0.35000000000000003,16
1452,0.13333333333333333,0.10557382882766607,-0.05,0.15,0.2875,16
1453,0.12291666666666666,0.11393757428229428,-0.06875,0.11666666666666667,0.33541666666666664,16
1454,0.2625,0.17692394787968457,-0.06458333333333333,0.3,0.525,16
1455,0.027083333333333334,0.10015179451434929,-0.12708333333333333,0.016666666666666666,0.20416666666666666,16
1456,0.06458333333333334,0.15984747504348568,-0.24375,0.08333333333333333,0.30833333333333335,16
1457,0.07916666666666666,0.18099838857477893,-0.20416666666666666,0.03333333333333333,0.425,16
1458,0.07083333333333333,0.11688966782587948,-0.09375,0.075,0.3,16
1459,0.23750000000000002,0.13378828631668602,-0.004166666666666666,0.24166666666666667,0.44583333333333336,16
1460,0.12395833333333334,0.1270619859119512,-0.07083333333333333,0.13333333333333333,0.34375,16
1461,0.09583333333333333,0.12548516955312997,-0.08750000000000001,0.08333333333333334,0.34791666666666665,16
1462,0.22604166666666664,0.07429500833763254,0.1125,0.225,0.38125,16
1463,0.36979166666666663,0.11535253181973175,0.16458333333333333,0.36666666666666664,0.5541666666666667,16
1464,0.23229166666666665,0.10614271544324964,0.025,0.23333333333333334,0.3979166666666667,16
1465,0.31666666666666665,0.14778456542473503,0.035416666666666666,0.3333333333333333,0.5875,16
1466,0.15625,0.09069082858199548,0.016666666666666666,0.15,0.29375,16
1467,0.12916666666666665,0.10663736576724772,-0.04791666666666666,0.14166666666666666,0.2875,16
1468,0.09791666666666667,0.15622221975264738,-0.11041666666666666,0.08333333333333334,0.33541666666666664,16
1469,0.06979166666666667,0.13555681849935347,-0.1625,0.09166666666666667,0.31875,16
1470,0.08541666666666667,0.12074350109035084,-0.15,0.11666666666666667,0.2375,16
1471,0.20729166666666665,0.1063877783159325,0.029166666666666667,0.2,0.36041666666666666,16
1472,0.153125,0.0928369893804308,-0.010416666666666666,0.15,0.30833333333333335,16
1473,0.08645833333333333,0.12804875780342423,-0.13333333333333333,0.075,0.3104166666666667,16
1474,0.11458333333333334,0.18790465593545633,-0.21875,0.13333333333333333,0.4125,16
1475,0.08958333333333332,0.09126331714087296,-0.06458333333333333,0.10833333333333334,0.26875,16
1476,0.109375,0.14409303876122692,-0.1375,0.125,0.35000000000000003,16
1477,0.23541666666666666,0.10942954988890748,0.03333333333333334,0.21666666666666667,0.4104166666666667,16
1478,0.20520833333333333,0.13368686853780534,0.03333333333333333,0.18333333333333335,0.45833333333333337,16
1479,0.13958333333333334,0.1874421206962595,-0.21458333333333335,0.18333333333333332,0.41458333333333336,16
1480,0.14270833333333333,0.14117177652105645,-0.05208333333333333,0.13333333333333333,0.4375,16
1481,-6.938893903907228e-18,0.1631929668963845,-0.27291666666666664,-0.016666666666666666,0.3125,16
1482,0.08541666666666667,0.1265013998605022,-0.12916666666666665,0.09166666666666667,0.2875,16
1483,0.153125,0.11669921420996039,0.016666666666666666,0.15,0.36458333333333337,16
1484,0.10104166666666667,0.10904712761768036,-0.08541666666666667,0.1,0.2791666666666667,16
1485,0.103125,0.13059941269861142,-0.05416666666666667,0.1,0.3770833333333333,16
1486,0.21354166666666666,0.13984350752617092,-0.04791666666666666,0.225,0.4041666666666667,16
1487,0.13333333333333333,0.1227576655221353,-0.043750000000000004,0.11666666666666667,0.31875,16
1488,0.14479166666666665,0.14064814624326433,-0.07708333333333334,0.15,0.37083333333333335,16
1489,0.07916666666666666,0.14760824653265292,-0.17708333333333331,0.041666666666666664,0.2833333333333333,16
1490,0.1375,0.15121039426353378,-0.10416666666666667,0.1,0.43333333333333335,16
1491,0.17708333333333331,0.11635001671202669,-0.06458333333333333,0.19166666666666665,0.34791666666666665,16
1492,0.11875,0.11929698585183675,-0.03125,0.09166666666666667,0.35208333333333336,16
1493,0.14583333333333334,0.08364524958285305,-0.012499999999999997,0.175,0.25,16
1494,0.13645833333333332,0.10361834853334508,-0.01458333333333333,0.11666666666666667,0.35,16
1495,0.053125,0.12695946832443109,-0.15416666666666667,0.1,0.23125,16
1496,0.16770833333333332,0.1700151902935604,-0.16041666666666665,0.16666666666666666,0.4375,16
1497,0.22708333333333333,0.12245676674737996,0.018750000000000003,0.25,0.38333333333333336,16
1498,0.14166666666666666,0.09947780321927768,-0.010416666666666666,0.11666666666666667,0.35833333333333334,16
1499,0.12395833333333334,0.10474319621234487,-0.06458333333333333,0.175,0.25,16
1500,0.109375,0.10474319621234487,-0.06458333333333333,0.08333333333333333,0.3,16
1501,0.09479166666666666,0.12172355262597657,-0.13333333333333333,0.13333333333333333,0.25416666666666665,16
1502,0.128125,0.11314916868894795,-0.08333333333333333,0.13333333333333333,0.29375,16
1503,0.225,0.12162099599438687,-0.012499999999999997,0.21666666666666667,0.4041666666666667,16
1504,0.33125,0.15432143132652273,0.09375,0.29166666666666663,0.5437500000000001,16
1505,0.09166666666666666,0.08186201126828542,-0.06041666666666667,0.075,0.22708333333333333,16
1506,0.3052083333333333,0.12115169984362581,0.10208333333333333,0.30833333333333335,0.4875,16
1507,0.115625,0.15280578972997064,-0.1375,0.1,0.4041666666666667,16
1508,0.24687499999999998,0.12818426813467487,-0.0062500000000000056,0.24166666666666667,0.43125,16
1509,0.27708333333333335,0.12921706006217257,0.05625,0.3,0.4708333333333333,16
1510,0.15208333333333335,0.15499495959546555,-0.09375,0.18333333333333332,0.4416666666666667,16
1511,0.1333333333333333,0.11960583412006104,-0.043750000000000004,0.14166666666666666,0.3458333333333333,16
1512,0.14375,0.1391785174594924,-0.08750000000000001,0.16666666666666666,0.40625,16
1513,0.14895833333333333,0.16345539125570485,-0.08958333333333333,0.14166666666666666,0.45833333333333337,16
1514,0.02395833333333334,0.1221862123404728,-0.15416666666666667,0.008333333333333331,0.2375,16
1515,0.14479166666666665,0.14077152859825345,-0.0375,0.15833333333333333,0.35416666666666663,16
1516,0.09062499999999998,0.13718002542279978,-0.12708333333333333,0.08333333333333333,0.32916666666666666,16
1517,0.23645833333333333,0.12165221803476407,0.03125,0.23333333333333334,0.3979166666666667,16
1518,0.23854166666666665,0.10150238605569822,0.08958333333333333,0.23333333333333334,0.4354166666666667,16
1519,0.17395833333333333,0.135011412840627,-0.08333333333333333,0.175,0.375,16
1520,0.046875,0.11640129789988503,-0.15416666666666667,0.03333333333333333,0.22708333333333333,16
1521,0.31875,0.14788732103267752,0.03333333333333334,0.32499999999999996,0.56875,16
1522,0.34062499999999996,0.11755151796127518,0.11666666666666667,0.3666666666666667,0.47708333333333336,16
1523,0.039583333333333325,0.13653385314842453,-0.1375,0.0,0.33541666666666664,16
1524,0.20416666666666666,0.10680004681646914,0.04583333333333334,0.21666666666666667,0.36041666666666666,16
1525,0.08333333333333333,0.1502313031443329,-0.15,0.06666666666666667,0.27708333333333335,16
1526,0.059375,0.10490881457246574,-0.14375,0.08333333333333333,0.22708333333333333,16
1527,0.029166666666666667,0.0969141945801084,-0.17708333333333331,0.04166666666666667,0.16041666666666665,16
1528,0.07916666666666666,0.11584532312048201,-0.09375,0.07500000000000001,0.26458333333333334,16
1529,0.28541666666666665,0.13792547806696195,0.025,0.3,0.48333333333333334,16
1530,0.32916666666666666,0.12068956964966866,0.13541666666666666,0.32499999999999996,0.525,16
1531,0.07708333333333334,0.08204736944798006,-0.09583333333333333,0.1,0.19166666666666668,16
1532,0.2635416666666667,0.13632308819492023,0.06666666666666667,0.3,0.4791666666666667,16
1533,0.06145833333333334,0.11647584841454853,-0.1625,0.075,0.21041666666666667,16
1534,0.17708333333333331,0.11084821328685857,-0.002083333333333333,0.175,0.39375,16
1535,0.19166666666666665,0.10458250331675945,-0.020833333333333332,0.23333333333333334,0.33125,16
1536,0.14583333333333331,0.14258282193557228,-0.07708333333333334,0.15833333333333333,0.36458333333333337,16
1537,0.17291666666666666,0.11797995945639808,-0.020833333333333332,0.19166666666666665,0.35,16
1538,0.21979166666666666,0.1379687401692459,-0.02291666666666667,0.2,0.46875,16
1539,0.153125,0.12885968224519778,-0.035416666666666666,0.14166666666666666,0.4354166666666667,16
1540,0.15208333333333335,0.14870680978952436,-0.08750000000000001,0.11666666666666667,0.42500000000000004,16
1541,0.16041666666666665,0.15067844257077903,-0.05208333333333333,0.11666666666666667,0.45208333333333334,16
1542,0.28541666666666665,0.14765234599483268,-0.02291666666666667,0.3333333333333333,0.5062500000000001,16
1543,0.18333333333333335,0.13856907623596576,-0.020833333333333332,0.21666666666666667,0.41041666666666665,16
1544,0.12187499999999998,0.13472177477016187,-0.13125,0.15,0.30833333333333335,16
1545,0.17083333333333334,0.12183492931011204,-0.016666666666666666,0.13333333333333333,0.4270833333333333,16
1546,0.09687499999999999,0.09899122260472278,-0.075,0.08333333333333333,0.25416666666666665,16
1547,-0.02916666666666666,0.20013016597538047,-0.40208333333333335,-0.008333333333333333,0.2520833333333333,16
1548,0.005208333333333331,0.13303596396588907,-0.20833333333333334,-0.016666666666666666,0.2375,16
1549,-0.011458333333333334,0.1079671294499704,-0.19375,-0.008333333333333333,0.20208333333333334,16
1550,0.17916666666666667,0.12889756915215017,-0.01458333333333333,0.21666666666666667,0.38125,16
1551,0.046875,0.10724108840209833,-0.14375,0.04166666666666667,0.21041666666666667,16
1552,0.096875,0.15300448772467065,-0.18125,0.10833333333333334,0.34375,16
1553,0.23125,0.10847346705787345,0.07500000000000001,0.21666666666666667,0.45416666666666666,16
1554,0.07291666666666667,0.1418962600321485,-0.13333333333333333,0.05,0.32499999999999996,16
1555,0.11666666666666667,0.10240171439537091,-0.0375,0.11666666666666667,0.32083333333333336,16
1556,0.007291666666666665,0.12568820963665076,-0.22083333333333333,0.016666666666666666,0.225,16
1557,0.12291666666666666,0.10734727523323542,-0.08541666666666667,0.15,0.29791666666666666,16
1558,0.12083333333333332,0.11448859720028405,-0.10208333333333333,0.1,0.31875,16
1559,0.12395833333333334,0.13781135833490327,-0.06666666666666667,0.13333333333333333,0.39583333333333337,16
1560,0.11770833333333333,0.09307045382397143,-0.027083333333333334,0.10833333333333334,0.31875,16
1561,0.026041666666666664,0.14577007556613106,-0.22916666666666666,0.016666666666666666,0.26875,16
1562,0.06979166666666667,0.13657755606044664,-0.13125,0.08333333333333333,0.32083333333333336,16
1563,0.0625,0.13737367934862113,-0.18333333333333332,0.11666666666666667,0.23333333333333334,16
1564,0.11666666666666667,0.09664511253952668,-0.027083333333333334,0.125,0.26458333333333334,16
1565,0.06145833333333334,0.11376125554813857,-0.11041666666666666,0.06666666666666667,0.25,16
1566,0.014583333333333334,0.15521881955627817,-0.18333333333333332,-0.025,0.3,16
1567,0.06666666666666667,0.14080621040596503,-0.21458333333333332,0.075,0.26666666666666666,16
1568,0.17395833333333333,0.12719854750000534,0.02291666666666667,0.125,0.42083333333333334,16
1569,0.20729166666666665,0.17189393835056158,-0.08958333333333333,0.2,0.49583333333333335,16
1570,0.08020833333333333,0.09775585198453451,-0.08125,0.06666666666666667,0.25416666666666665,16
1571,0.0072916666666666685,0.11681073693753022,-0.17500000000000002,0.04166666666666667,0.17083333333333334,16
1572,0.021874999999999995,0.12440396089398083,-0.1875,0.0,0.21458333333333332,16
1573,0.171875,0.09161338413560421,0.03958333333333333,0.20833333333333334,0.27708333333333335,16
1574,0.13333333333333333,0.14129854131510977,-0.10208333333333333,0.11666666666666667,0.38333333333333336,16
1575,0.11666666666666667,0.12332207155790618,-0.07708333333333334,0.14166666666666666,0.32708333333333334,16
1576,0.05833333333333333,0.1417891627264463,-0.22291666666666665,0.075,0.27708333333333335,16
1577,0.13125,0.0951743648375035,-0.027083333333333334,0.125,0.3020833333333333,16
1578,0.020833333333333336,0.09004242827072628,-0.11875,-0.008333333333333333,0.18125,16
1579,0.19687500000000002,0.1044527321992531,0.025,0.19166666666666665,0.39166666666666666,16
1580,0.07604166666666667,0.10848847064959893,-0.10416666666666667,0.09166666666666667,0.2791666666666667,16
1581,0.024999999999999988,0.1571225636247067,-0.18125,0.016666666666666666,0.29791666666666666,16
1582,0.071875,0.1365139835633454,-0.09375,0.05,0.36458333333333337,16
1583,0.096875,0.14544218376882426,-0.1375,0.11666666666666667,0.36041666666666666,16
1584,0.026041666666666668,0.11945605160011312,-0.16041666666666665,0.008333333333333333,0.2583333333333333,16
1585,0.0625,0.08025566785107593,-0.027083333333333334,0.04166666666666667,0.22708333333333333,16
1586,0.07395833333333333,0.14251812141112286,-0.18125,0.075,0.30416666666666664,16
1587,0.020833333333333336,0.08154327412825386,-0.09375,0.04166666666666667,0.15416666666666667,16
1588,0.053125000000000006,0.1447242049075106,-0.23125,0.075,0.2708333333333333,16
1589,0.05625000000000001,0.1375473403353672,-0.18125,0.058333333333333334,0.32083333333333336,16
1590,0.17083333333333334,0.1293010054098575,-0.07708333333333334,0.21666666666666667,0.3104166666666667,16
1591,1.734723475976807e-18,0.12923385349392352,-0.23333333333333334,0.03333333333333333,0.17083333333333334,16
1592,0.059375000000000004,0.13056617495226958,-0.21041666666666667,0.09166666666666667,0.24791666666666667,16
1593,0.09166666666666667,0.10172129679778086,-0.08750000000000001,0.1,0.22708333333333333,16
1594,0.08229166666666667,0.1404937659253566,-0.14166666666666666,0.08333333333333333,0.33958333333333335,16
1595,0.17604166666666665,0.1284210671428606,-0.010416666666666666,0.175,0.425,16
1596,0.05729166666666667,0.14312590974965597,-0.225,0.075,0.26458333333333334,16
1597,0.084375,0.13825157599061536,-0.12708333333333333,0.09166666666666667,0.32083333333333336,16
1598,0.03020833333333333,0.10175862473684151,-0.1,0.025,0.21458333333333332,16
1599,0.053125,0.14083317924054686,-0.19583333333333333,0.07500000000000001,0.2875,16
1600,0.06770833333333333,0.1407406931499676,-0.20833333333333334,0.075,0.28125,16
1601,0.10520833333333333,0.11707054348886306,-0.08125,0.10833333333333334,0.25,16
1602,0.140625,0.15057398859586163,-0.05416666666666667,0.13333333333333333,0.4375,16
1603,0.20208333333333334,0.07092518554395501,0.07916666666666666,0.21666666666666667,0.3145833333333333,16
1604,0.08645833333333333,0.1570362164084734,-0.20208333333333334,0.1,0.2833333333333333,16
1605,0.027083333333333338,0.08577162020932876,-0.11875,0.008333333333333333,0.18125,16
1606,0.02395833333333333,0.16842496990087635,-0.24166666666666667,0.03333333333333333,0.31666666666666665,16
1607,0.03333333333333333,0.13320306135954815,-0.18333333333333332,0.03333333333333333,0.24375,16
1608,0.15520833333333334,0.141017969451887,-0.043750000000000004,0.125,0.4354166666666667,16
1609,0.036458333333333336,0.13019999973331628,-0.19375,0.075,0.25,16
1610,0.13125,0.09857931803600817,-0.043750000000000004,0.16666666666666666,0.275,16
1611,0.14583333333333331,0.1728539042724295,-0.11875,0.13333333333333333,0.5,16
1612,0.05,0.11531960419248373,-0.125,0.058333333333333334,0.2604166666666667,16
1613,0.09583333333333333,0.06884463184107628,-0.016666666666666666,0.1,0.21458333333333332,16
1614,0.03229166666666667,0.13076547470567298,-0.23333333333333334,0.03333333333333333,0.21041666666666667,16
1615,0.103125,0.1483963758822971,-0.11041666666666666,0.075,0.3770833333333333,16
1616,0.10729166666666665,0.14190772994958534,-0.19166666666666668,0.13333333333333333,0.3208333333333333,16
1617,0.2583333333333333,0.14988421457170792,-0.05833333333333332,0.25,0.48333333333333334,16
1618,0.09166666666666667,0.1438556375136006,-0.23125,0.11666666666666667,0.27708333333333335,16
1619,0.029166666666666667,0.11792476415070755,-0.17500000000000002,0.03333333333333333,0.21875,16
1620,0.109375,0.17249886774990728,-0.15208333333333332,0.1,0.43125,16
1621,0.026041666666666668,0.12665141766763696,-0.2125,0.016666666666666666,0.23541666666666666,16
1622,0.09375,0.12074350109035084,-0.08333333333333333,0.08333333333333334,0.2791666666666667,16
1623,0.08958333333333335,0.08055256220492168,-0.08750000000000001,0.10833333333333334,0.2,16
1624,0.125,0.1286953767623375,-0.04791666666666666,0.1,0.3770833333333333,16
1625,0.06666666666666667,0.10736748938937604,-0.1,0.06666666666666667,0.23541666666666666,16
1626,0.09375,0.10750888206200557,-0.07083333333333333,0.075,0.2875,16
1627,0.024999999999999994,0.1356568383008309,-0.21041666666666667,0.03333333333333333,0.23333333333333334,16
1628,0.005208333333333332,0.12551543038164228,-0.20208333333333334,-0.03333333333333333,0.19375,16
1629,0.017708333333333333,0.09600867112170419,-0.12083333333333333,0.016666666666666666,0.18125,16
1630,0.10729166666666667,0.13449606949027668,-0.11041666666666666,0.11666666666666667,0.30833333333333335,16
1631,0.13020833333333331,0.1426703112365475,-0.09375,0.15,0.38958333333333334,16
1632,0.07083333333333333,0.1490129561853972,-0.17916666666666667,0.058333333333333334,0.29791666666666666,16
1633,0.07708333333333334,0.13461299982625088,-0.2125,0.09166666666666667,0.26458333333333334,16
1634,0.14895833333333333,0.18166559154880646,-0.15,0.175,0.4625,16
1635,0.12708333333333333,0.11037735149124671,-0.05208333333333333,0.125,0.30416666666666664,16
1636,0.11770833333333335,0.09546464405154867,-0.04583333333333333,0.11666666666666667,0.28541666666666665,16
1637,0.14895833333333333,0.12699365004903898,-0.08125,0.175,0.32708333333333334,16
1638,0.253125,0.10884793642457762,0.07291666666666666,0.25,0.42708333333333337,16
1639,0.0041666666666666675,0.15794909517520722,-0.21041666666666667,-0.016666666666666666,0.23125,16
1640,0.09270833333333334,0.10391114493482721,-0.09166666666666667,0.10833333333333334,0.2604166666666667,16
1641,0.084375,0.1263082580105777,-0.11666666666666667,0.075,0.30833333333333335,16
1642,0.15625,0.08183549725584315,0.014583333333333334,0.15,0.2833333333333333,16
1643,0.08020833333333333,0.12122332896811203,-0.12291666666666666,0.058333333333333334,0.2708333333333333,16
1644,0.10833333333333334,0.147784565424735,-0.07708333333333334,0.11666666666666667,0.3875,16
1645,0.13958333333333334,0.13842805491983512,-0.09583333333333333,0.15,0.36458333333333337,16
1646,0.1,0.10976616560266242,-0.043750000000000004,0.075,0.31875,16
1647,0.07395833333333333,0.1596403020595572,-0.13333333333333333,0.058333333333333334,0.37083333333333335,16
1648,0.06770833333333334,0.13142762451673207,-0.15833333333333333,0.08333333333333334,0.25416666666666665,16
1649,0.07395833333333333,0.1379372781677721,-0.17083333333333334,0.075,0.34375,16
1650,0.06354166666666666,0.16085910307367335,-0.17916666666666667,0.08333333333333334,0.32916666666666666,16
1651,0.028124999999999997,0.12647995421980687,-0.14166666666666666,0.008333333333333333,0.24375,16
1652,0.0375,0.09886508764753893,-0.125,0.041666666666666664,0.16666666666666666,16
1653,0.12395833333333332,0.1297659150483413,-0.11041666666666666,0.16666666666666669,0.2833333333333333,16
1654,0.008333333333333335,0.13294213444619846,-0.20416666666666666,0.0,0.27708333333333335,16
1655,0.19166666666666665,0.1273392232494677,0.00625,0.225,0.3770833333333333,16
1656,0.05625,0.13461299982625088,-0.21875,0.06666666666666667,0.26458333333333334,16
1657,0.28854166666666664,0.12200847392018856,0.1125,0.26666666666666666,0.47708333333333336,16
1658,0.03854166666666667,0.11751458981524143,-0.15833333333333333,0.016666666666666666,0.22083333333333333,16
1659,0.019791666666666662,0.15117809930123255,-0.3104166666666667,0.05,0.225,16
1660,0.22499999999999998,0.12513881181401007,-0.01458333333333333,0.23333333333333334,0.4041666666666667,16
1661,0.05208333333333333,0.13980082558173013,-0.2125,0.06666666666666667,0.2583333333333333,16
1662,0.10104166666666667,0.13862779277819998,-0.15625,0.125,0.3,16
1663,0.05833333333333333,0.13385315336840842,-0.20833333333333331,0.06666666666666667,0.2604166666666667,16
1664,0.1,0.11180339887498948,-0.09999999999999999,0.08333333333333333,0.2833333333333333,16
1665,0.10729166666666667,0.14067900197691985,-0.11041666666666666,0.14166666666666666,0.33749999999999997,16
1666,0.011458333333333334,0.10150238605569822,-0.16041666666666665,0.016666666666666666,0.17708333333333331,16
1667,0.05520833333333333,0.12933037340899897,-0.20416666666666666,0.08333333333333333,0.24166666666666667,16
1668,0.15729166666666666,0.08477272515706662,-0.016666666666666663,0.15833333333333333,0.28125,16
1669,0.14479166666666665,0.13132851487565236,-0.043750000000000004,0.15833333333333333,0.41041666666666665,16
1670,0.18645833333333334,0.11847098068256584,-0.05625000000000001,0.19166666666666665,0.3770833333333333,16
1671,0.13125,0.14847313168830695,-0.10625,0.09166666666666667,0.36875,16
1672,0.19583333333333333,0.14415703243338496,-0.06666666666666667,0.2,0.46875,16
1673,0.084375,0.11523959792777635,-0.15833333333333333,0.11666666666666667,0.24791666666666667,16
1674,0.08020833333333333,0.0827518777061215,-0.04791666666666666,0.07500000000000001,0.21041666666666667,16
1675,0.10833333333333332,0.18446619684315546,-0.17500000000000002,0.075,0.4666666666666667,16
1676,0.30104166666666665,0.12671993808526474,0.04791666666666666,0.29166666666666663,0.5,16
1677,0.18020833333333333,0.15140760269146916,-0.11249999999999999,0.20833333333333334,0.39166666666666666,16
1678,0.121875,0.11617735932377032,-0.10416666666666667,0.13333333333333333,0.25,16
1679,0.10833333333333334,0.10639287779003087,-0.1,0.13333333333333333,0.2625,16
1680,0.03854166666666667,0.09123358870686461,-0.1,0.058333333333333334,0.17083333333333334,16
1681,0.09375,0.09751691448723708,-0.10625,0.09166666666666667,0.2375,16
1682,0.11145833333333334,0.10764504910687822,-0.07083333333333333,0.125,0.28125,16
1683,0.08333333333333334,0.1689427911059441,-0.1375,0.016666666666666666,0.3875,16
1684,0.09375,0.11469691340417336,-0.09999999999999999,0.1,0.2833333333333333,16
1685,0.07604166666666667,0.102396416156361,-0.12291666666666666,0.09166666666666667,0.2375,16
1686,0.13854166666666667,0.09330333409250592,-0.027083333333333334,0.15,0.3,16
1687,0.06354166666666666,0.12461311656260124,-0.11875,0.025,0.28125,16
1688,0.0875,0.10744830798523022,-0.06666666666666667,0.09166666666666667,0.25416666666666665,16
1689,0.052083333333333336,0.09910624910221913,-0.09375,0.09166666666666667,0.1875,16
1690,0.009375000000000003,0.13679982715023192,-0.23333333333333334,0.04166666666666667,0.19791666666666666,16
1691,0.040624999999999994,0.14517335781555943,-0.1875,0.016666666666666666,0.30833333333333335,16
1692,0.021875,0.12143796284294482,-0.18125,0.0,0.22708333333333333,16
1693,0.053125000000000006,0.13126240020787877,-0.16666666666666666,0.04166666666666667,0.22708333333333333,16
1694,-0.013541666666666669,0.10528050329951884,-0.21458333333333332,0.0,0.15833333333333333,16
1695,0.06354166666666665,0.1493293747150164,-0.21041666666666667,0.06666666666666667,0.30416666666666664,16
1696,0.06458333333333333,0.1437198035917265,-0.21041666666666667,0.058333333333333334,0.3020833333333333,16
1697,0.025,0.13110110602126895,-0.16458333333333333,0.04166666666666667,0.27291666666666664,16
1698,0.031249999999999993,0.15364495056243577,-0.14375,-0.03333333333333333,0.3333333333333333,16
1699,-0.0010416666666666595,0.12713028504254995,-0.17708333333333331,-0.008333333333333333,0.2583333333333333,16
1700,0.03020833333333333,0.12165221803476407,-0.1875,0.016666666666666666,0.23125,16
1701,0.03333333333333333,0.12896489617118467,-0.17916666666666667,0.041666666666666664,0.24791666666666667,16
1702,0.06979166666666667,0.10192909266031731,-0.14583333333333334,0.08333333333333333,0.1875,16
1703,0.11770833333333333,0.11078456790596383,-0.0625,0.10833333333333334,0.32499999999999996,16
1704,0.09791666666666665,0.12894806771203152,-0.05416666666666667,0.075,0.35416666666666663,16
1705,0.05,0.10736748938937606,-0.06666666666666667,0.025,0.2583333333333333,16
1706,0.040624999999999994,0.11531489947819695,-0.19583333333333333,0.05,0.22083333333333333,16
1707,0.02083333333333333,0.13222193043852026,-0.16041666666666665,0.016666666666666663,0.26041666666666663,16
1708,0.06458333333333333,0.1334472169894233,-0.10833333333333334,0.016666666666666666,0.33749999999999997,16
1709,0.08125,0.10439558180306291,-0.11458333333333333,0.09166666666666667,0.26875,16
1710,-0.0072916666666666685,0.15252148641894506,-0.2583333333333333,-0.016666666666666666,0.21041666666666667,16
1711,0.021875,0.1327747086755941,-0.15416666666666667,-0.008333333333333333,0.24166666666666667,16
1712,0.171875,0.13740132191463403,-0.010416666666666666,0.15,0.38333333333333336,16
1713,0.11666666666666665,0.09242113755341182,-0.027083333333333334,0.1,0.2875,16
1714,0.06458333333333333,0.15810015724920143,-0.22708333333333333,0.1,0.26458333333333334,16
1715,0.08333333333333333,0.11486707293408518,-0.08125,0.06666666666666667,0.30624999999999997,16
1716,0.18333333333333335,0.13906932723565532,-0.01458333333333333,0.16666666666666666,0.4479166666666667,16
1717,0.06145833333333334,0.14669019105849504,-0.26458333333333334,0.075,0.2708333333333333,16
1718,0.18229166666666669,0.12025273587786313,-0.043750000000000004,0.18333333333333332,0.3958333333333333,16
1719,-0.004166666666666666,0.16661457519276837,-0.30416666666666664,0.05,0.17708333333333331,16
1720,0.15104166666666669,0.10332472242347855,-0.05625000000000001,0.15833333333333333,0.3,16
1721,0.11666666666666665,0.08640183897219884,-0.01458333333333333,0.1,0.2708333333333333,16
1722,0.23854166666666665,0.12537703554346252,0.07291666666666666,0.225,0.475,16
1723,0.030208333333333337,0.11655035124357198,-0.18333333333333332,0.058333333333333334,0.17708333333333331,16
1724,-0.004166666666666669,0.16817030058842136,-0.2708333333333333,-0.008333333333333333,0.35,16
1725,0.05729166666666667,0.10768536183148468,-0.08333333333333333,0.05,0.24375,16
1726,-0.028125,0.12661714355357517,-0.26458333333333334,-0.016666666666666666,0.15416666666666667,16
1727,0.01875,0.13357725084925368,-0.25625,0.03333333333333333,0.22083333333333333,16
1728,0.10729166666666667,0.12359891871830161,-0.08333333333333333,0.1,0.33749999999999997,16
1729,0.17083333333333334,0.08789592962387077,0.035416666666666666,0.18333333333333335,0.3,16
1730,0.06458333333333334,0.1240064682452761,-0.15833333333333333,0.06666666666666667,0.27291666666666664,16
1731,0.1875,0.0911919526176637,0.029166666666666667,0.2,0.35625,16
1732,0.03541666666666667,0.11162856937182344,-0.17083333333333334,0.01666666666666667,0.21041666666666667,16
1733,0.08229166666666665,0.09921020577821393,-0.07083333333333333,0.06666666666666667,0.25416666666666665,16
1734,0.11041666666666666,0.14017288432503627,-0.08333333333333333,0.13333333333333333,0.3729166666666667,16
1735,0.06458333333333333,0.13068662156301827,-0.16875,0.06666666666666667,0.30416666666666664,16
1736,0.09062500000000001,0.14117177652105647,-0.14791666666666667,0.08333333333333334,0.3145833333333333,16
1737,0.04791666666666667,0.11560153665837569,-0.16458333333333333,0.05,0.24583333333333332,16
1738,0.02291666666666667,0.14552049779250267,-0.225,0.01666666666666667,0.24375,16
1739,0.07291666666666666,0.1111610130996175,-0.10833333333333334,0.06666666666666667,0.24166666666666667,16
1740,0.26041666666666663,0.12470451185814321,0.04375,0.2583333333333333,0.4791666666666667,16
1741,0.053125000000000006,0.13657755606044664,-0.23333333333333334,0.075,0.25416666666666665,16
1742,-0.042708333333333334,0.13629124630527245,-0.2833333333333333,-0.025,0.17708333333333331,16
1743,0.12083333333333333,0.08426561840065284,-0.027083333333333334,0.10833333333333334,0.26875,16
1744,0.08333333333333333,0.13794121131039042,-0.18958333333333333,0.08333333333333333,0.3145833333333333,16
1745,0.035416666666666666,0.09716019846967516,-0.13125,0.05,0.1875,16
1746,0.10104166666666667,0.13950168631995497,-0.09791666666666667,0.125,0.3125,16
1747,0.003125,0.08169615751538,-0.12083333333333333,0.008333333333333333,0.1625,16
1748,0.02395833333333333,0.10523926937908892,-0.15833333333333333,0.025,0.21666666666666667,16
1749,0.019791666666666673,0.14944559001522928,-0.14375,-0.008333333333333333,0.3020833333333333,16
1750,0.05208333333333334,0.12330447297464742,-0.17083333333333334,0.08333333333333333,0.26666666666666666,16
1751,0.09895833333333334,0.1391278326555993,-0.23541666666666666,0.125,0.2583333333333333,16
1752,0.03854166666666667,0.11191495251851837,-0.15208333333333332,0.008333333333333333,0.24791666666666667,16
1753,0.08854166666666666,0.15863116177507847,-0.12708333333333333,0.058333333333333334,0.37083333333333335,16
1754,0.036458333333333336,0.12108002834443378,-0.12083333333333333,0.008333333333333333,0.28541666666666665,16
1755,0.059375000000000004,0.07070300510272216,-0.075,0.058333333333333334,0.17708333333333331,16
1756,0.04791666666666666,0.1489401212642927,-0.22291666666666665,0.03333333333333333,0.32916666666666666,16
1757,0.03958333333333333,0.07680128579652817,-0.08125,0.05,0.16458333333333333,16
1758,0.020833333333333336,0.14185037108791002,-0.17708333333333331,0.075,0.2604166666666667,16
1759,0.014583333333333334,0.09126331714087296,-0.11458333333333333,0.016666666666666666,0.19375,16
1760,0.004166666666666666,0.10095034532988097,-0.17916666666666667,0.03333333333333333,0.13333333333333333,16
1761,0.046875,0.1334919304157038,-0.16041666666666665,0.05,0.29583333333333334,16
1762,0.03333333333333334,0.10257111354242643,-0.15833333333333333,0.04166666666666667,0.18333333333333332,16
1763,0.05,0.12304019216861169,-0.21666666666666667,0.06666666666666667,0.2375,16
1764,0.022916666666666665,0.10101481602000548,-0.18541666666666667,0.025,0.19166666666666668,16
1765,0.037500000000000006,0.11203608049790627,-0.09791666666666667,0.008333333333333333,0.2708333333333333,16
1766,0.007291666666666667,0.11960129801181553,-0.20416666666666666,0.008333333333333333,0.19375,16
1767,0.049999999999999996,0.09592387027684449,-0.16666666666666666,0.08333333333333333,0.17083333333333334,16
1768,-0.001041666666666663,0.14959073217541846,-0.23541666666666666,-0.016666666666666666,0.25416666666666665,16
1769,8.673617379884035e-19,0.13450010326307477,-0.16041666666666665,-0.016666666666666666,0.24583333333333332,16
1770,-0.03229166666666667,0.11850761080810145,-0.21458333333333332,-0.03333333333333334,0.14791666666666667,16
1771,0.005208333333333336,0.13940831689481242,-0.2583333333333333,0.03333333333333333,0.20208333333333334,16
1772,0.06041666666666667,0.1567768894179099,-0.25416666666666665,0.1,0.27708333333333335,16
1773,0.03958333333333333,0.15194057226429022,-0.19166666666666668,0.08333333333333334,0.2604166666666667,16
1774,0.05625000000000001,0.12302255326203855,-0.23541666666666666,0.09166666666666667,0.18125,16
1775,0.03229166666666666,0.12671993808526474,-0.13541666666666666,0.025,0.3125,16
1776,0.07395833333333333,0.12415950063213939,-0.13541666666666666,0.06666666666666667,0.28125,16
1777,0.009375000000000001,0.13894052859447134,-0.22708333333333333,-0.016666666666666666,0.25416666666666665,16
1778,-0.034375,0.1110975469151122,-0.24375,-0.025,0.1375,16
1779,0.02395833333333333,0.18530837193266075,-0.26875,0.058333333333333334,0.2875,16
1780,0.10208333333333333,0.1125578554936675,-0.10833333333333334,0.10833333333333334,0.2708333333333333,16
1781,0.06979166666666667,0.13568483063293732,-0.15833333333333333,0.09166666666666667,0.25416666666666665,16
1782,0.02395833333333333,0.14104874428327566,-0.22916666666666666,0.03333333333333333,0.26458333333333334,16
1783,-0.01770833333333334,0.15040093985189495,-0.20416666666666666,-0.075,0.2708333333333333,16
1784,-0.042708333333333334,0.12443884458506783,-0.21666666666666667,-0.04166666666666667,0.19166666666666668,16
1785,0.01979166666666667,0.115803166035687,-0.16458333333333333,0.03333333333333333,0.22708333333333333,16
1786,0.029166666666666667,0.12589954108115106,-0.19791666666666666,0.025,0.27708333333333335,16
1787,0.059375,0.13449606949027668,-0.19583333333333333,0.06666666666666667,0.24791666666666667,16
1788,0.08854166666666666,0.10184389436507446,-0.08125,0.075,0.2833333333333333,16
1789,0.009375,0.1423962524378129,-0.27708333333333335,0.05,0.22708333333333333,16
1790,0.040625,0.14836712513034836,-0.2375,0.016666666666666666,0.30833333333333335,16
1791,0.020833333333333336,0.13533651474093095,-0.23541666666666666,0.008333333333333333,0.24791666666666667,16
1792,0.046875,0.07954269250255208,-0.06666666666666667,0.058333333333333334,0.2,16
1793,0.003124999999999994,0.1469857738297599,-0.22083333333333333,0.008333333333333333,0.3020833333333333,16
1794,-0.01041666666666667,0.08796996804465589,-0.12708333333333333,-0.03333333333333333,0.13333333333333333,16
1795,-1.734723475976807e-18,0.11829224638815326,-0.2,-0.016666666666666666,0.19375,16
1796,0.05,0.147784565424735,-0.20416666666666666,0.05,0.3354166666666667,16
1797,0.046875,0.11199248951752673,-0.12083333333333333,0.04166666666666667,0.22083333333333333,16
1798,0.053125000000000006,0.11949237975471258,-0.13125,0.06666666666666667,0.275,16
1799,-0.0031250000000000028,0.17121083797957026,-0.23541666666666666,-0.04166666666666667,0.36041666666666666,16
1800,0.03125,0.12231491119238079,-0.21875,0.04166666666666667,0.22083333333333333,16
1801,0.08541666666666667,0.08434284366665484,-0.03333333333333333,0.075,0.24166666666666667,16
1802,0.18645833333333334,0.0979332875964268,0.0020833333333333363,0.2,0.29375,16
1803,0.0625,0.11762995177910919,-0.11458333333333333,0.058333333333333334,0.24791666666666667,16
1804,0.035416666666666666,0.17508678403707245,-0.1875,0.03333333333333333,0.3854166666666667,16
1805,0.06666666666666667,0.09895285072531597,-0.15416666666666667,0.08333333333333334,0.1875,16
1806,0.08541666666666667,0.10669840022751564,-0.11249999999999999,0.1,0.21666666666666667,16
1807,0.18020833333333333,0.14169347172878347,-0.03125,0.16666666666666666,0.42708333333333337,16
1808,0.058333333333333334,0.13591255358583407,-0.16666666666666666,0.058333333333333334,0.24375,16
1809,0.024999999999999998,0.0927960727138337,-0.09791666666666667,0.008333333333333331,0.19375,16
1810,0.09374999999999999,0.15599979967935856,-0.17916666666666667,0.058333333333333334,0.375,16
1811,0.06145833333333334,0.10892765661208359,-0.1375,0.1,0.22916666666666666,16
1812,0.08958333333333332,0.16675778759093146,-0.21666666666666667,0.1,0.36666666666666664,16
1813,0.14895833333333333,0.11806729925249318,-0.020833333333333332,0.15833333333333333,0.3625,16
1814,0.08958333333333335,0.12231491119238079,-0.08333333333333333,0.11666666666666667,0.31875,16
1815,0.09583333333333334,0.13129959380490608,-0.10208333333333333,0.07500000000000001,0.35833333333333334,16
1816,0.09479166666666666,0.1266171435535752,-0.08750000000000001,0.10833333333333334,0.33958333333333335,16
1817,0.03229166666666666,0.14475419179307614,-0.26249999999999996,0.05,0.27708333333333335,16
1818,0.125,0.12402396721781013,-0.05,0.11666666666666667,0.2833333333333333,16
1819,0.040624999999999994,0.16945262673777983,-0.17708333333333331,0.05,0.3541666666666667,16
1820,0.12916666666666668,0.18814703174792727,-0.18541666666666667,0.19166666666666665,0.4104166666666667,16
1821,0.09791666666666667,0.11393757428229433,-0.17291666666666666,0.1,0.22708333333333333,16
1822,0.10104166666666667,0.13999860490376323,-0.1,0.09166666666666667,0.35833333333333334,16
1823,0.046875,0.1347861925730278,-0.1375,0.05,0.3541666666666667,16
1824,0.044791666666666674,0.11854422961494161,-0.14375,0.08333333333333333,0.21041666666666667,16
1825,0.090625,0.12401959270615269,-0.15625,0.1,0.28125,16
1826,0.034375,0.11894629244373744,-0.15208333333333332,0.025,0.25416666666666665,16
1827,0.06770833333333334,0.12821812333979068,-0.11666666666666667,0.05,0.29583333333333334,16
1828,0.062499999999999986,0.11674104771768248,-0.09791666666666667,0.049999999999999996,0.29375,16
1829,0.13437500000000002,0.10163058615233243,0.0,0.15,0.3,16
1830,0.007291666666666667,0.08699631816921909,-0.11041666666666666,-0.03333333333333333,0.15416666666666667,16
1831,0.084375,0.13468955431534646,-0.16666666666666666,0.075,0.35000000000000003,16
1832,0.009374999999999998,0.13565283892471008,-0.2979166666666667,0.0,0.18958333333333333,16
1833,0.060416666666666674,0.11797995945639808,-0.09791666666666667,0.03333333333333333,0.33125,16
1834,0.0625,0.10197698542100347,-0.11875,0.05,0.2375,16
1835,0.09583333333333333,0.08946212730659953,-0.043750000000000004,0.09166666666666667,0.2375,16
1836,0.08854166666666666,0.1458593726752663,-0.17916666666666667,0.06666666666666667,0.36458333333333337,16
1837,0.078125,0.11999981915495632,-0.15208333333333332,0.06666666666666667,0.28125,16
1838,0.11458333333333333,0.18679264722026817,-0.22708333333333333,0.10833333333333334,0.3875,16
1839,0.06979166666666667,0.10836838375292963,-0.11041666666666666,0.058333333333333334,0.23125,16
1840,-0.007291666666666662,0.13475398752088108,-0.22083333333333333,0.03333333333333333,0.23541666666666666,16
1841,0.1375,0.14475793971700174,-0.11458333333333333,0.14166666666666666,0.39375,16
1842,0.09062500000000001,0.09681898021852717,-0.06666666666666667,0.1,0.22708333333333333,16
1843,0.04375000000000001,0.14800466865759487,-0.26458333333333334,0.06666666666666667,0.24375,16
1844,0.18958333333333333,0.07858890047441672,0.04791666666666666,0.20833333333333334,0.31875,16
1845,0.08020833333333333,0.17699446299405966,-0.19791666666666666,0.06666666666666667,0.39375,16
1846,0.049999999999999996,0.10704360482220941,-0.1375,0.06666666666666667,0.19791666666666666,16
1847,0.07500000000000001,0.1440968038815882,-0.16041666666666665,0.1,0.29166666666666663,16
1848,0.05312499999999999,0.14107951240149805,-0.24375,0.08333333333333333,0.24791666666666667,16
1849,0.13333333333333333,0.12388390622765422,-0.041666666666666664,0.1,0.35208333333333336,16
1850,0.090625,0.1341082623914972,-0.14583333333333331,0.09166666666666667,0.2875,16
1851,0.08541666666666667,0.16665364532466728,-0.23958333333333331,0.1,0.36875,16
1852,0.08333333333333334,0.10913167378090663,-0.08750000000000001,0.11666666666666667,0.2604166666666667,16
1853,0.10104166666666667,0.16514605803987908,-0.16041666666666665,0.10833333333333334,0.44166666666666665,16
1854,0.10104166666666667,0.11952869686815798,-0.09791666666666667,0.11666666666666667,0.3020833333333333,16
1855,0.121875,0.1325129383096022,-0.13333333333333333,0.13333333333333333,0.34791666666666665,16
1856,0.023958333333333335,0.11395185843884542,-0.14375,-0.008333333333333333,0.20416666666666666,16
1857,0.005208333333333336,0.11632669960790028,-0.19166666666666668,-0.016666666666666666,0.17708333333333331,16
1858,0.027083333333333334,0.15148283272737909,-0.30416666666666664,0.06666666666666667,0.24375,16
1859,0.04791666666666666,0.13028747594795476,-0.20416666666666666,0.04166666666666667,0.2625,16
1860,0.06041666666666667,0.1429931767991435,-0.14375,0.05,0.29791666666666666,16
1861,-0.017708333333333333,0.1058150820876789,-0.19583333333333333,0.0,0.15416666666666667,16
1862,0.12395833333333332,0.1536555434784787,-0.12708333333333333,0.14166666666666666,0.33125,16
1863,0.013541666666666667,0.08041099936852199,-0.08333333333333333,0.0,0.15833333333333333,16
1864,0.1,0.13043729868748774,-0.09375,0.10833333333333334,0.30833333333333335,16
1865,0.030208333333333334,0.08358685394712363,-0.06666666666666667,0.04166666666666667,0.16666666666666666,16
1866,-0.00625,0.09893091725486472,-0.15416666666666667,-0.03333333333333334,0.17500000000000002,16
1867,0.016666666666666666,0.10524442450262574,-0.15416666666666667,0.025,0.18541666666666667,16
1868,0.05312499999999999,0.14909667235835056,-0.20416666666666666,0.075,0.29375,16
1869,0.042708333333333334,0.12471756286149561,-0.15416666666666667,0.06666666666666667,0.21666666666666667,16
1870,0.14166666666666666,0.140806210405965,-0.07083333333333333,0.13333333333333333,0.3333333333333333,16
1871,0.10416666666666667,0.1459523324011416,-0.11666666666666667,0.1,0.3854166666666667,16
1872,0.020833333333333336,0.12353305900311327,-0.16666666666666666,0.016666666666666666,0.26458333333333334,16
1873,0.06354166666666666,0.09775585198453453,-0.14375,0.1,0.17708333333333331,16
1874,0.06041666666666667,0.13474190864183438,-0.15208333333333332,0.008333333333333333,0.2708333333333333,16
1875,0.12187500000000001,0.11467326016653673,-0.07708333333333334,0.16666666666666666,0.27708333333333335,16
1876,0.1,0.17360555546666384,-0.16875,0.125,0.4354166666666667,16
1877,0.14687499999999998,0.15094824697189724,-0.17083333333333334,0.14166666666666666,0.34791666666666665,16
1878,0.053125,0.08233121412589786,-0.09583333333333333,0.05,0.18333333333333332,16
1879,0.103125,0.1479276697785479,-0.21458333333333335,0.14166666666666666,0.3020833333333333,16
1880,0.09791666666666667,0.12732217992164602,-0.07083333333333333,0.09166666666666667,0.36875,16
1881,0.0625,0.13507970897872773,-0.14375,0.08333333333333333,0.32291666666666663,16
1882,0.18333333333333332,0.10752906583803283,0.008333333333333335,0.175,0.3625,16
1883,0.1125,0.1243734296383275,-0.16458333333333333,0.125,0.29166666666666663,16
1884,0.07708333333333334,0.11987768650679834,-0.12708333333333333,0.07500000000000001,0.3125,16
1885,0.07083333333333333,0.14258282193557228,-0.12916666666666665,0.05,0.35000000000000003,16
1886,0.008333333333333333,0.09128709291752768,-0.1375,0.025,0.15,16
1887,0.12604166666666666,0.151378933796028,-0.08541666666666667,0.125,0.39375000000000004,16
1888,0.05833333333333333,0.1295022522326671,-0.12708333333333333,0.05,0.29583333333333334,16
1889,0.05104166666666667,0.13937717985340672,-0.21458333333333335,0.05,0.275,16
1890,0.09999999999999999,0.12692955176439846,-0.10625,0.08333333333333334,0.2833333333333333,16
1891,0.06458333333333333,0.17548296451032885,-0.17083333333333334,0.058333333333333334,0.39375000000000004,16
1892,0.10625,0.09572004173050118,-0.05833333333333333,0.10833333333333334,0.28541666666666665,16
1893,0.05208333333333333,0.11575161985907584,-0.12708333333333333,0.058333333333333334,0.25625,16
1894,0.10520833333333333,0.18111525163552625,-0.14375,0.09166666666666667,0.43125,16
1895,0.08541666666666667,0.1320083909370074,-0.11666666666666667,0.06666666666666667,0.29375,16
1896,0.09166666666666667,0.09428090415820634,-0.05416666666666667,0.1,0.26458333333333334,16
1897,0.09166666666666667,0.16040313795766797,-0.12083333333333333,0.09166666666666667,0.4395833333333333,16
1898,0.06458333333333333,0.10472765606297338,-0.17500000000000002,0.08333333333333333,0.20416666666666666,16
1899,0.06145833333333334,0.15993908888316757,-0.16666666666666666,0.06666666666666667,0.3104166666666667,16
1900,-0.03958333333333333,0.12358574958303242,-0.28541666666666665,-0.008333333333333333,0.12708333333333333,16
1901,0.075,0.16801537628046626,-0.20625,0.075,0.31875,16
1902,-0.07395833333333333,0.1133408009181944,-0.23125,-0.09166666666666667,0.08750000000000001,16
1903,0.20520833333333333,0.15520134212442308,-0.14375,0.23333333333333334,0.4416666666666667,16
1904,0.11354166666666667,0.1595587176402468,-0.09583333333333333,0.058333333333333334,0.4604166666666667,16
1905,0.0625,0.10777097630314635,-0.14166666666666666,0.058333333333333334,0.2708333333333333,16
1906,0.07187500000000001,0.1676759803162039,-0.15625,0.008333333333333333,0.4041666666666667,16
1907,0.021875,0.1495036637882534,-0.24166666666666667,0.04166666666666667,0.28541666666666665,16
1908,0.011458333333333334,0.16973414158455113,-0.32708333333333334,0.04166666666666667,0.21041666666666667,16
1909,0.06145833333333334,0.09367473830880031,-0.11666666666666665,0.06666666666666667,0.21041666666666667,16
1910,0.3229166666666667,0.1890101224508595,0.037500000000000006,0.35,0.5645833333333333,16
1911,0.07604166666666667,0.10589708545721799,-0.10833333333333334,0.075,0.25416666666666665,16
1912,0.13229166666666667,0.10679496678474859,-0.06875,0.15,0.3,16
1913,0.03645833333333333,0.12165221803476407,-0.15833333333333333,0.05,0.225,16
1914,0.08854166666666666,0.15100574285436963,-0.1,0.08333333333333333,0.4104166666666667,16
1915,0.28020833333333334,0.0986398383430008,0.09791666666666667,0.3,0.44166666666666665,16
1916,0.007291666666666667,0.11318752109024897,-0.18125,0.03333333333333333,0.20625,16
1917,0.09895833333333333,0.07276024889625134,-0.075,0.11666666666666667,0.17708333333333331,16
1918,0.178125,0.11437006668170557,-0.016666666666666663,0.19166666666666665,0.35416666666666663,16
1919,0.033333333333333326,0.11785113019775792,-0.19166666666666668,0.06666666666666667,0.16041666666666665,16
1920,0.06666666666666667,0.12346276991690877,-0.1875,0.10833333333333334,0.23541666666666666,16
1921,0.11875,0.13474190864183438,-0.11249999999999999,0.15,0.3104166666666667,16
1922,0.28020833333333334,0.15106321685344554,0.06875,0.225,0.5104166666666667,16
1923,0.11145833333333333,0.16305660550012138,-0.1875,0.09166666666666667,0.35416666666666663,16
1924,0.11875000000000001,0.14201855805961885,-0.12916666666666665,0.10833333333333334,0.31666666666666665,16
1925,0.12916666666666665,0.13443554837418065,-0.15208333333333335,0.13333333333333333,0.3666666666666667,16
1926,0.14375,0.10067049523624641,-0.010416666666666666,0.175,0.27708333333333335,16
1927,-0.008333333333333337,0.10458250331675945,-0.17708333333333331,-0.025,0.19791666666666666,16
1928,-0.04375,0.1111610130996175,-0.23958333333333331,-0.06666666666666667,0.16041666666666665,16
1929,0.034374999999999996,0.1604538647347995,-0.2833333333333333,0.058333333333333334,0.29583333333333334,16
1930,-0.004166666666666666,0.11418491338370601,-0.18541666666666667,-0.016666666666666666,0.17500000000000002,16
1931,-0.011458333333333334,0.13562083966993338,-0.25,-0.03333333333333333,0.20416666666666666,16
1932,0.08854166666666666,0.1290616172286194,-0.11875,0.075,0.33541666666666664,16
1933,0.06354166666666666,0.09969027556219646,-0.08750000000000001,0.025,0.24375,16
1934,-0.006249999999999997,0.14905664005486116,-0.22708333333333333,-0.008333333333333333,0.26875,16
1935,0.07187500000000001,0.11662480647834365,-0.07083333333333333,0.05,0.3104166666666667,16
1936,0.18958333333333335,0.15420889061414209,0.00625,0.18333333333333335,0.53125,16
1937,0.20520833333333333,0.15950430484437994,-0.10833333333333334,0.23333333333333334,0.4375,16
1938,0.051041666666666666,0.18610301340177762,-0.28125,0.041666666666666664,0.33125,16
1939,0.084375,0.20176897800730198,-0.17708333333333331,0.058333333333333334,0.4916666666666667,16
1940,0.06354166666666666,0.09264979425233495,-0.05416666666666667,0.06666666666666667,0.23958333333333331,16
1941,-0.006249999999999997,0.17646952443851474,-0.2708333333333333,-0.025,0.26875,16
1942,0.10729166666666666,0.13552479657284533,-0.12083333333333333,0.11666666666666667,0.3208333333333333,16
1943,0.08229166666666667,0.10614271544324966,-0.09791666666666667,0.1,0.25,16
1944,0.21354166666666666,0.1332315692381752,0.05208333333333333,0.175,0.5145833333333333,16
1945,0.20625,0.09716019846967516,0.05208333333333333,0.21666666666666667,0.39375000000000004,16
1946,0.16770833333333335,0.1808994454800788,-0.05,0.125,0.5375,16
1947,0.19270833333333331,0.09982080298381363,-0.008333333333333331,0.19166666666666665,0.35208333333333336,16
1948,0.08333333333333334,0.13488678380198874,-0.22708333333333333,0.10833333333333334,0.27291666666666664,16
1949,0.134375,0.14571051375739652,-0.11041666666666666,0.125,0.3770833333333333,16
1950,0.18958333333333333,0.13292580950791058,-0.0375,0.2,0.39166666666666666,16
1951,0.15104166666666669,0.11372309663535078,-0.020833333333333332,0.13333333333333333,0.33125,16
1952,0.12916666666666665,0.12169234888758526,-0.07708333333333334,0.14166666666666666,0.34375,16
1953,0.04791666666666666,0.1260890062614501,-0.1625,0.06666666666666667,0.24166666666666667,16
1954,0.16041666666666668,0.12961950191918567,-0.04583333333333333,0.125,0.3770833333333333,16
1955,0.09270833333333334,0.14433380845764754,-0.12916666666666665,0.08333333333333333,0.39375,16
1956,0.053125000000000006,0.14627537173085564,-0.15416666666666667,0.04166666666666667,0.32708333333333334,16
1957,0.0625,0.14571423708371428,-0.21458333333333332,0.09166666666666667,0.3458333333333333,16
1958,0.11041666666666666,0.14882351124738324,-0.21041666666666667,0.11666666666666667,0.29375,16
1959,0.053125,0.13126240020787877,-0.12708333333333333,0.016666666666666666,0.29166666666666663,16
1960,0.19166666666666665,0.10655593210453684,0.029166666666666667,0.18333333333333335,0.37083333333333335,16
1961,0.12291666666666667,0.08309862781324637,-0.01458333333333333,0.125,0.29375,16
1962,-0.016666666666666666,0.10341394704992381,-0.2,-0.016666666666666666,0.17500000000000002,16
1963,0.146875,0.09113839255342515,-0.01458333333333333,0.16666666666666666,0.3,16
1964,0.10625000000000001,0.16995454866260895,-0.26458333333333334,0.15,0.3729166666666667,16
1965,0.06458333333333333,0.13305635293196472,-0.19375,0.08333333333333333,0.2708333333333333,16
1966,0.030208333333333337,0.1582476467702864,-0.22708333333333333,0.04166666666666667,0.2604166666666667,16
1967,0.06770833333333334,0.12875859599136155,-0.14791666666666667,0.075,0.24375,16
1968,0.07395833333333333,0.18726547833223292,-0.28125,0.08333333333333334,0.34791666666666665,16
1969,0.040625,0.11101938488140009,-0.13333333333333333,0.016666666666666666,0.23333333333333334,16
1970,0.13854166666666665,0.1043695940050443,-0.027083333333333334,0.125,0.3145833333333333,16
1971,0.16770833333333335,0.127947030869549,-0.075,0.18333333333333335,0.34375,16
1972,0.041666666666666664,0.13642254619787414,-0.17500000000000002,0.03333333333333333,0.3104166666666667,16
1973,0.040625,0.15722956831581578,-0.22291666666666665,0.09166666666666667,0.30416666666666664,16
1974,0.20625000000000002,0.13830258192335626,0.029166666666666667,0.20833333333333334,0.44166666666666665,16
1975,0.057291666666666664,0.1509194908165719,-0.18125,0.03333333333333333,0.3020833333333333,16
1976,0.128125,0.14260945479603454,-0.14166666666666666,0.16666666666666666,0.32708333333333334,16
1977,0.13333333333333333,0.19587765455905268,-0.12083333333333333,0.11666666666666667,0.5083333333333333,16
1978,0.03125,0.15875765510851927,-0.29166666666666663,0.058333333333333334,0.24166666666666667,16
1979,0.05,0.13743685418725538,-0.16666666666666666,0.04166666666666667,0.3020833333333333,16
1980,0.16770833333333335,0.09194441821919733,0.018750000000000003,0.15,0.34375,16
1981,0.10625,0.11530078418351426,-0.06666666666666667,0.13333333333333333,0.29583333333333334,16
1982,0.31145833333333334,0.17136287338568992,0.0125,0.3583333333333333,0.5437500000000001,16
1983,0.06145833333333334,0.13651398356334538,-0.07708333333333334,0.03333333333333333,0.3875,16
1984,0.21354166666666666,0.1360681444371002,0.03958333333333333,0.23333333333333334,0.46666666666666673,16
1985,0.08541666666666667,0.1312169270499978,-0.08750000000000001,0.07500000000000001,0.35208333333333336,16
1986,0.140625,0.13793727816777207,-0.11458333333333333,0.15,0.34791666666666665,16
1987,-0.008333333333333331,0.13604023097762089,-0.15,-0.025,0.2895833333333333,16
1988,0.14583333333333334,0.14148272371958037,-0.10625,0.175,0.34375,16
1989,0.11875,0.11240350800180174,-0.027083333333333334,0.10833333333333334,0.33125,16
1990,0.18124999999999997,0.12484365222148862,-0.01458333333333333,0.175,0.42916666666666664,16
1991,0.04375,0.11378509837017811,-0.16666666666666666,0.03333333333333333,0.22708333333333333,16
1992,0.065625,0.11264939925617791,-0.13541666666666666,0.06666666666666667,0.26875,16
1993,0.09895833333333333,0.11923785024293064,-0.05416666666666667,0.075,0.34791666666666665,16
1994,0.11562499999999999,0.11311080328352568,-0.10208333333333333,0.125,0.28125,16
1995,0.059375000000000004,0.1796958029482665,-0.20416666666666666,0.008333333333333333,0.3416666666666667,16
1996,-0.003124999999999996,0.14615663567822632,-0.25,-0.03333333333333333,0.26875,16
1997,0.17395833333333333,0.13818877361340817,-0.05,0.15833333333333333,0.42708333333333337,16
1998,0.13020833333333334,0.10980075863682465,-0.06041666666666667,0.15,0.2875,16
1999,0.14270833333333333,0.13280739369268732,-0.1375,0.15833333333333333,0.3333333333333333,16
2000,0.10833333333333334,0.13149778198382917,-0.07708333333333334,0.09166666666666667,0.3333333333333333,16
2001,0.13645833333333332,0.1277773060075832,-0.07708333333333334,0.16666666666666666,0.3104166666666667,16
2002,0.12604166666666666,0.15114938687529558,-0.16666666666666666,0.19166666666666665,0.3,16
2003,0.134375,0.1647250181278552,-0.12916666666666665,0.125,0.38333333333333336,16
2004,0.09270833333333334,0.10103092726432282,-0.07708333333333334,0.10833333333333334,0.2375,16
2005,0.13020833333333334,0.11699637191668238,-0.10208333333333333,0.13333333333333333,0.32708333333333334,16
2006,0.010416666666666661,0.12935134646896154,-0.16458333333333333,-0.008333333333333333,0.24791666666666667,16
2007,0.16666666666666666,0.1613743060919757,-0.1625,0.175,0.4166666666666667,16
2008,0.15520833333333334,0.15587106829221245,-0.08750000000000001,0.125,0.43125,16
2009,0.10624999999999998,0.11100472337297684,-0.09791666666666667,0.11666666666666667,0.2604166666666667,16
2010,0.16770833333333332,0.14024640394478727,-0.12291666666666666,0.18333333333333332,0.35416666666666663,16
2011,0.059375,0.11591555085731833,-0.11458333333333333,0.058333333333333334,0.27708333333333335,16
2012,0.15104166666666666,0.10214177748763399,-0.008333333333333331,0.15,0.35000000000000003,16
2013,0.09166666666666667,0.1320248293146238,-0.14375,0.1,0.26666666666666666,16
2014,0.11875,0.12553704079319025,-0.15416666666666667,0.13333333333333333,0.2833333333333333,16
2015,0.14166666666666666,0.14872140247978954,-0.125,0.125,0.31666666666666665,16
2016,0.096875,0.12926323674966522,-0.15416666666666667,0.11666666666666667,0.31666666666666665,16
2017,0.175,0.1147158324828017,-0.020833333333333332,0.19166666666666665,0.3104166666666667,16
2018,0.15000000000000002,0.14043582955293932,-0.0375,0.1,0.4354166666666667,16
2019,0.20833333333333334,0.14215601757693316,0.008333333333333335,0.16666666666666666,0.4625,16
2020,0.09583333333333333,0.14737282653189496,-0.12083333333333333,0.06666666666666667,0.38958333333333334,16
2021,0.035416666666666666,0.14800466865759487,-0.22708333333333333,0.058333333333333334,0.26666666666666666,16
2022,0.084375,0.09921020577821395,-0.06666666666666667,0.08333333333333334,0.25625,16
2023,0.25625,0.06611096521926013,0.17291666666666666,0.25,0.39166666666666666,16
2024,0.11770833333333332,0.13116316571990272,-0.09375,0.14166666666666666,0.37083333333333335,16
2025,0.190625,0.1127264310793564,-0.014583333333333323,0.19166666666666665,0.41041666666666665,16
2026,0.17083333333333334,0.12211959074794036,-0.11666666666666667,0.20833333333333334,0.3020833333333333,16
2027,0.078125,0.10764504910687822,-0.12083333333333332,0.075,0.25416666666666665,16
2028,0.04062500000000001,0.09627953190522318,-0.11041666666666666,0.025,0.22708333333333333,16
2029,0.10104166666666667,0.15739510947329688,-0.175,0.08333333333333333,0.4125,16
2030,0.11145833333333333,0.10353454033155635,-0.05416666666666667,0.10833333333333334,0.32916666666666666,16
2031,0.10729166666666667,0.1339787439090412,-0.07083333333333333,0.09166666666666667,0.35416666666666663,16
2032,0.12916666666666665,0.10483121354507603,-0.05416666666666667,0.125,0.28125,16
2033,0.2333333333333333,0.08838834764831845,0.09583333333333333,0.25,0.38125,16
2034,0.05,0.13189326492787012,-0.25625,0.06666666666666667,0.2375,16
2035,0.18229166666666669,0.14245719995649375,-0.08125,0.16666666666666666,0.4104166666666667,16
2036,0.15208333333333332,0.13627930367855243,-0.09375,0.14166666666666666,0.3770833333333333,16
2037,0.1875,0.107124667768187,-0.02291666666666667,0.225,0.32708333333333334,16
2038,0.07604166666666666,0.1133408009181944,-0.07708333333333334,0.058333333333333334,0.31666666666666665,16
2039,0.14791666666666667,0.1375473403353672,-0.04791666666666666,0.14166666666666666,0.34375,16
2040,0.05416666666666667,0.15750881809529832,-0.19166666666666668,0.03333333333333333,0.37083333333333335,16
2041,0.019791666666666673,0.13099760785559747,-0.14791666666666667,-0.008333333333333338,0.2375,16
2042,0.10208333333333333,0.1571087512591906,-0.17500000000000002,0.14166666666666666,0.29375,16
2043,0.15,0.12720281268728123,-0.043750000000000004,0.16666666666666666,0.3625,16
2044,0.14791666666666667,0.11439378261076955,-0.041666666666666664,0.15833333333333333,0.3,16
2045,0.2552083333333333,0.10047089649080806,0.07291666666666666,0.25,0.4375,16
2046,0.03854166666666667,0.08389782766026252,-0.08333333333333333,0.03333333333333333,0.17708333333333331,16
2047,0.13020833333333334,0.11105847277448039,-0.04791666666666666,0.14166666666666666,0.3020833333333333,16
2048,0.07708333333333334,0.09893091725486472,-0.11458333333333333,0.08333333333333333,0.23125,16
2049,0.13437500000000002,0.1320864550104295,-0.03333333333333333,0.125,0.3770833333333333,16
2050,0.08124999999999999,0.1331867684035384,-0.09375,0.05,0.32291666666666663,16
2051,0.09583333333333334,0.15562374497485917,-0.1875,0.09166666666666667,0.37083333333333335,16
2052,0.04791666666666666,0.11439378261076953,-0.1,0.025,0.26875,16
2053,0.18958333333333333,0.1664451653114489,-0.11666666666666667,0.16666666666666666,0.4479166666666667,16
2054,0.29583333333333334,0.09474014167418394,0.11875,0.3,0.44375000000000003,16
2055,0.1489583333333333,0.10315656082705872,0.0,0.15833333333333333,0.33125,16
2056,0.12916666666666665,0.1006058038970803,-0.033333333333333326,0.10833333333333334,0.3,16
2057,0.026041666666666664,0.12568820963665076,-0.21458333333333335,0.008333333333333333,0.20416666666666666,16
2058,0.16145833333333334,0.08431067506879278,-0.033333333333333326,0.18333333333333332,0.26666666666666666,16
2059,0.0875,0.13469358229370512,-0.10208333333333333,0.10833333333333334,0.36250000000000004,16
2060,0.103125,0.10072975913303873,-0.03125,0.09166666666666667,0.2875,16
2061,0.07604166666666667,0.151378933796028,-0.17291666666666666,0.075,0.35833333333333334,16
2062,0.05,0.12856040517117928,-0.1,0.016666666666666666,0.33958333333333335,16
2063,0.18645833333333334,0.15944987347996792,-0.09166666666666667,0.175,0.42708333333333337,16
2064,0.078125,0.09569169787221181,-0.10833333333333334,0.075,0.225,16
2065,0.09583333333333333,0.12916666666666665,-0.12083333333333333,0.06666666666666667,0.29166666666666663,16
2066,0.08020833333333333,0.11655035124357196,-0.06666666666666667,0.075,0.2833333333333333,16
2067,0.06458333333333334,0.11753767126613777,-0.10416666666666667,0.05,0.2583333333333333,16
2068,0.06875,0.12961950191918567,-0.15833333333333333,0.05,0.27708333333333335,16
2069,0.090625,0.13188915142607027,-0.15416666666666667,0.10833333333333334,0.2895833333333333,16
2070,0.03958333333333333,0.13640663779059042,-0.18333333333333335,0.03333333333333333,0.2833333333333333,16
2071,0.19479166666666664,0.15374026053162956,-0.05833333333333333,0.19166666666666665,0.4541666666666667,16
2072,0.25937499999999997,0.10848847064959893,0.08541666666666667,0.24166666666666667,0.42708333333333337,16
2073,0.1375,0.15706730687475637,-0.09791666666666667,0.1,0.39166666666666666,16
2074,0.15416666666666667,0.13584866989084254,-0.03125,0.14166666666666666,0.4125,16
2075,0.14583333333333331,0.10614782669047497,-0.025,0.15,0.31875,16
2076,0.025,0.15252504348102605,-0.18125,-0.016666666666666666,0.29583333333333334,16
2077,0.25416666666666665,0.10043308994328293,0.04791666666666666,0.2583333333333333,0.41458333333333336,16
2078,0.065625,0.1147867512559219,-0.07708333333333334,0.06666666666666667,0.31875,16
2079,0.07916666666666668,0.12197734306920373,-0.11458333333333333,0.1,0.27708333333333335,16
2080,0.15312499999999998,0.10311447757764722,-0.03333333333333333,0.15833333333333333,0.3104166666666667,16
2081,0.134375,0.14147888903177983,-0.08750000000000001,0.13333333333333333,0.3333333333333333,16
2082,0.042708333333333334,0.13423765590879813,-0.17916666666666667,0.058333333333333334,0.2791666666666667,16
2083,0.1625,0.11357510975365841,-0.02916666666666666,0.13333333333333333,0.3854166666666667,16
2084,0.08124999999999999,0.11224894827520161,-0.09166666666666667,0.09166666666666667,0.2708333333333333,16
2085,0.11770833333333333,0.12039702117715925,-0.07083333333333333,0.10833333333333334,0.32916666666666666,16
2086,0.08958333333333332,0.13448396744593757,-0.1375,0.1,0.3020833333333333,16
2087,0.05833333333333333,0.11456439237389601,-0.14375,0.058333333333333334,0.29166666666666663,16
2088,0.11875000000000001,0.1652938250846386,-0.16041666666666665,0.14166666666666666,0.4,16
2089,0.1375,0.136613302589625,-0.11249999999999999,0.18333333333333335,0.29375,16
2090,0.18645833333333334,0.15999335381161583,-0.0625,0.14166666666666666,0.4354166666666667,16
2091,0.07083333333333333,0.14355360980793513,-0.19583333333333333,0.08333333333333333,0.325,16
2092,0.06770833333333333,0.13036657051688263,-0.09375,0.058333333333333334,0.31666666666666665,16
2093,0.20729166666666665,0.14129470162866453,0.029166666666666667,0.24166666666666667,0.4604166666666667,16
2094,0.012499999999999997,0.10696248044161195,-0.17708333333333331,0.008333333333333333,0.17708333333333331,16
2095,0.125,0.13359349618234498,-0.12708333333333333,0.175,0.30833333333333335,16
2096,0.23854166666666665,0.11999981915495632,0.018750000000000003,0.26666666666666666,0.4041666666666667,16
2097,0.19895833333333332,0.12254091578598009,-0.010416666666666666,0.18333333333333335,0.4166666666666667,16
2098,0.10625,0.14128318194321643,-0.09791666666666667,0.1,0.41458333333333336,16
2099,0.09479166666666666,0.13079866180720487,-0.10208333333333333,0.08333333333333333,0.36875,16
2100,0.153125,0.09321025180561775,0.016666666666666666,0.15833333333333333,0.31666666666666665,16
2101,0.09270833333333334,0.1423962524378129,-0.1,0.04166666666666667,0.37083333333333335,16
2102,0.08333333333333334,0.11755613316388237,-0.09791666666666667,0.075,0.25,16
2103,-0.03229166666666667,0.08153662052176992,-0.1875,-0.04166666666666667,0.09791666666666667,16
2104,0.04583333333333333,0.10060580389708029,-0.11666666666666667,0.058333333333333334,0.18333333333333332,16
2105,0.09895833333333333,0.11078456790596383,-0.06458333333333333,0.075,0.33541666666666664,16
2106,0.075,0.16687486995417322,-0.19583333333333333,0.07500000000000001,0.32916666666666666,16
2107,0.10312500000000001,0.08664638184085421,-0.0375,0.09166666666666667,0.275,16
2108,0.05208333333333332,0.12975337182516686,-0.17916666666666667,0.05,0.275,16
2109,0.20520833333333333,0.12300050107169844,-0.04791666666666666,0.2,0.41041666666666665,16
2110,0.10208333333333333,0.1385534142888984,-0.13541666666666666,0.06666666666666667,0.2833333333333333,16
2111,0.078125,0.07721694501352809,-0.05416666666666667,0.075,0.2375,16
2112,0.109375,0.13188915142607027,-0.10833333333333334,0.1,0.35625,16
2113,0.059375,0.12651426549998226,-0.13125,0.075,0.26666666666666666,16
2114,0.004166666666666666,0.1850769359542734,-0.29791666666666666,0.06666666666666667,0.2625,16
2115,0.0625,0.12183492931011204,-0.18125,0.08333333333333333,0.26666666666666666,16
2116,0.021875,0.11206997287161465,-0.13333333333333333,0.04166666666666667,0.24375,16
2117,0.08020833333333334,0.18673164326707517,-0.16458333333333333,0.058333333333333334,0.40208333333333335,16
2118,0.049999999999999996,0.1320248293146238,-0.12083333333333333,0.008333333333333333,0.31875,16
2119,0.062499999999999986,0.1362315227022651,-0.19583333333333333,0.058333333333333334,0.26458333333333334,16
2120,0.07604166666666666,0.14141751988546383,-0.19583333333333333,0.10833333333333334,0.2875,16
2121,0.078125,0.12440396089398083,-0.11458333333333333,0.058333333333333334,0.25416666666666665,16
2122,0.103125,0.09264979425233495,0.0,0.075,0.3104166666666667,16
2123,0.023958333333333325,0.1762818873833737,-0.29583333333333334,0.008333333333333333,0.34791666666666665,16
2124,0.04791666666666666,0.11193918860008073,-0.1,0.025,0.24166666666666667,16
2125,-0.00104166666666667,0.15794566026713816,-0.2625,0.0,0.26458333333333334,16
2126,0.15208333333333335,0.133707158247667,-0.020833333333333332,0.10833333333333334,0.39166666666666666,16
2127,0.16875,0.133707158247667,-0.04583333333333333,0.16666666666666666,0.39375000000000004,16
2128,0.09270833333333334,0.15909561568615133,-0.125,0.075,0.42500000000000004,16
2129,0.059375,0.13423765590879813,-0.14375,0.058333333333333334,0.29375,16
2130,0.03333333333333333,0.125,-0.16041666666666665,0.041666666666666664,0.25625,16
2131,0.10520833333333333,0.16348194238542407,-0.125,0.09166666666666667,0.4354166666666667,16
2132,-0.03854166666666666,0.12028882342789236,-0.27499999999999997,-0.03333333333333334,0.17708333333333331,16
2133,0.0125,0.12268693220279547,-0.16875,0.016666666666666666,0.22916666666666666,16
2134,-0.012500000000000002,0.09745012969605417,-0.18125,-0.016666666666666666,0.16458333333333333,16
2135,0.0,0.13162974165776095,-0.20416666666666666,0.008333333333333331,0.19166666666666668,16
2136,0.03645833333333333,0.11758843451018285,-0.15416666666666667,0.05,0.24791666666666667,16
2137,0.125,0.1457737973711325,-0.16666666666666666,0.175,0.3104166666666667,16
2138,0.06041666666666666,0.11209417543595504,-0.11875,0.03333333333333333,0.26666666666666666,16
2139,0.090625,0.13358943503427873,-0.09375,0.09166666666666667,0.35833333333333334,16
2140,0.024999999999999994,0.1685312368013057,-0.23125,0.024999999999999994,0.275,16
2141,0.0072916666666666685,0.11755151796127518,-0.20208333333333334,0.03333333333333333,0.17916666666666667,16
2142,0.03125,0.1050586806926914,-0.14375,0.06666666666666667,0.17083333333333334,16
2143,0.07291666666666667,0.1241463909619965,-0.09375,0.04166666666666667,0.30833333333333335,16
2144,0.07916666666666666,0.1464273615900465,-0.24791666666666667,0.1,0.2791666666666667,16
2145,0.022916666666666665,0.12975337182516686,-0.13333333333333333,-0.008333333333333333,0.275,16
2146,0.12395833333333334,0.13397874390904121,-0.14166666666666666,0.125,0.35000000000000003,16
2147,0.12499999999999999,0.1632993161855452,-0.15833333333333333,0.11666666666666667,0.41041666666666665,16
2148,-0.019791666666666666,0.11058850622163831,-0.19166666666666668,-0.03333333333333333,0.18541666666666667,16
2149,0.05520833333333333,0.11512655325288293,-0.15416666666666667,0.06666666666666667,0.22708333333333333,16
2150,0.12708333333333333,0.08914622039722779,-0.06458333333333333,0.15,0.2375,16
2151,0.023958333333333335,0.12345837552029877,-0.16666666666666666,0.008333333333333333,0.26458333333333334,16
2152,0.1,0.13743685418725535,-0.06041666666666667,0.058333333333333334,0.36875,16
2153,0.08958333333333333,0.08288944276699067,-0.05,0.1,0.23958333333333331,16
2154,0.058333333333333334,0.17765838004439868,-0.30833333333333335,0.1,0.2604166666666667,16
2155,0.115625,0.1377483552533387,-0.12083333333333332,0.09166666666666667,0.3875,16
2156,0.03958333333333334,0.09698134843589486,-0.15833333333333333,0.058333333333333334,0.17916666666666667,16
2157,-0.012499999999999997,0.11659223816361018,-0.18333333333333332,-0.025,0.14375,16
2158,0.051041666666666666,0.09288372921442042,-0.13958333333333334,0.05,0.21041666666666667,16
2159,0.08229166666666665,0.15086196206208582,-0.2333333333333333,0.09166666666666667,0.27708333333333335,16
2160,0.08958333333333333,0.14420218733893508,-0.14791666666666667,0.11666666666666667,0.2833333333333333,16
2161,0.0625,0.13482241406136197,-0.15208333333333332,0.058333333333333334,0.32916666666666666,16
2162,0.08854166666666666,0.12398459105648751,-0.14791666666666667,0.08333333333333333,0.275,16
2163,0.10729166666666667,0.11695926849168949,-0.06041666666666667,0.09166666666666667,0.30833333333333335,16
2164,0.06770833333333334,0.1283534548619553,-0.12708333333333333,0.058333333333333334,0.2791666666666667,16
2165,-0.03125,0.12663856596190945,-0.24166666666666667,-0.03333333333333333,0.18125,16
2166,0.084375,0.15706385268241846,-0.15625,0.08333333333333334,0.4041666666666667,16
2167,0.04583333333333333,0.09637527921850314,-0.13125,0.075,0.16666666666666666,16
2168,0.06562499999999999,0.11865401822806788,-0.15,0.08333333333333333,0.2708333333333333,16
2169,0.049999999999999996,0.19886832606302873,-0.3729166666666667,0.09166666666666667,0.29375,16
2170,0.06979166666666667,0.11714466809841961,-0.11458333333333333,0.05,0.24375,16
2171,0.14895833333333333,0.1278112690106436,-0.09583333333333333,0.14166666666666666,0.34375,16
2172,0.08958333333333333,0.12031137264984092,-0.15416666666666667,0.1,0.24375,16
2173,0.04166666666666667,0.1865252440466616,-0.22083333333333333,-0.016666666666666666,0.3729166666666667,16
2174,-0.0020833333333333337,0.10221080476696733,-0.19166666666666668,-0.016666666666666666,0.16041666666666665,16
2175,0.058333333333333334,0.12651855375574148,-0.1,0.016666666666666666,0.25,16
2176,0.04375,0.13742106320033734,-0.24375,0.058333333333333334,0.23333333333333334,16
2177,-0.020833333333333332,0.11509356097444277,-0.17708333333333331,-0.03333333333333333,0.19583333333333333,16
2178,0.05520833333333333,0.16337571197668546,-0.2375,0.09166666666666667,0.25416666666666665,16
2179,0.0375,0.10889278621143317,-0.11458333333333333,0.025,0.25416666666666665,16
2180,0.08854166666666666,0.09713227485982424,-0.043750000000000004,0.08333333333333333,0.275,16
2181,0.04479166666666667,0.10319862691539176,-0.18125,0.05,0.2125,16
2182,0.001041666666666663,0.12068507427506425,-0.18125,-0.008333333333333333,0.27708333333333335,16
2183,0.065625,0.11280341029862528,-0.09999999999999999,0.058333333333333334,0.3145833333333333,16
2184,0.08854166666666666,0.0974890930509095,-0.0625,0.075,0.29583333333333334,16
2185,0.07500000000000001,0.11319231422671772,-0.11875,0.075,0.25416666666666665,16
2186,0.084375,0.10515675303247686,-0.09791666666666667,0.08333333333333333,0.3,16
2187,0.013541666666666667,0.10277719125208018,-0.17291666666666666,0.0,0.14375,16
2188,0.002083333333333331,0.1399249550850582,-0.24375,-0.008333333333333333,0.21458333333333332,16
2189,0.02395833333333334,0.0875929565756669,-0.14583333333333331,0.03333333333333333,0.16458333333333333,16
2190,0.09479166666666666,0.10651009830840767,-0.11666666666666665,0.13333333333333333,0.2375,16
2191,0.049999999999999996,0.09223309842157773,-0.06041666666666667,0.03333333333333333,0.2520833333333333,16
2192,0.05416666666666667,0.10809268142560706,-0.10833333333333334,0.041666666666666664,0.22083333333333333,16
2193,0.05833333333333334,0.15229722402080886,-0.22083333333333333,0.04166666666666667,0.34791666666666665,16
2194,0.02395833333333334,0.1320207199121074,-0.23125,0.04166666666666667,0.24166666666666667,16
2195,0.21979166666666666,0.08843130376801595,0.07500000000000001,0.2583333333333333,0.3333333333333333,16
2196,0.043750000000000004,0.0937036922668709,-0.13125,0.04166666666666667,0.20416666666666666,16
2197,0.06458333333333333,0.14226283870982534,-0.1875,0.08333333333333333,0.2604166666666667,16
2198,0.07604166666666667,0.17824070316257418,-0.2520833333333333,0.075,0.41875,16
2199,0.09166666666666667,0.1687371394276382,-0.17291666666666666,0.11666666666666667,0.41458333333333336,16
2200,0.07083333333333333,0.09780578828587919,-0.10833333333333334,0.06666666666666667,0.24791666666666667,16
2201,0.08333333333333333,0.15000000000000002,-0.12083333333333333,0.06666666666666667,0.35,16
2202,0.02291666666666666,0.10187052648664709,-0.11875,-0.008333333333333333,0.19375,16
2203,0.06875,0.14940565120205831,-0.25625,0.1,0.29583333333333334,16
2204,0.1125,0.08609990966571594,-0.02916666666666666,0.09166666666666667,0.25416666666666665,16
2205,0.06354166666666666,0.14364050781764562,-0.19375,0.08333333333333333,0.2895833333333333,16
2206,0.03854166666666667,0.13664109898034177,-0.2,0.03333333333333333,0.27291666666666664,16
2207,0.08437499999999999,0.12111586939556866,-0.13333333333333333,0.075,0.29583333333333334,16
2208,0.08541666666666667,0.13704153364744737,-0.13541666666666666,0.1,0.29375,16
2209,0.03229166666666666,0.11747765006114519,-0.15833333333333333,0.03333333333333333,0.25625,16
2210,-0.014583333333333334,0.13161325393405907,-0.2375,-0.03333333333333333,0.24583333333333332,16
2211,0.013541666666666669,0.13375178477521543,-0.20208333333333334,-0.016666666666666666,0.29166666666666663,16
2212,-0.04479166666666667,0.12537703554346252,-0.2708333333333333,-0.03333333333333333,0.19166666666666665,16
2213,0.08541666666666665,0.16157589805826034,-0.22083333333333333,0.09166666666666667,0.33958333333333335,16
2214,-0.03645833333333333,0.11322586050064319,-0.21666666666666667,-0.025,0.11666666666666667,16
2215,0.08229166666666667,0.12111586939556866,-0.07083333333333333,0.05,0.32916666666666666,16
2216,0.11145833333333333,0.09514585842273955,-0.06041666666666667,0.125,0.26875,16
2217,0.040624999999999994,0.13188915142607024,-0.17708333333333331,0.03333333333333333,0.2708333333333333,16
2218,0.16458333333333336,0.16146841366382192,-0.11666666666666665,0.15833333333333333,0.4104166666666667,16
2219,0.07500000000000001,0.10881304047667162,-0.09375,0.075,0.2583333333333333,16
2220,0.06770833333333334,0.11539015188818229,-0.15208333333333332,0.1,0.21458333333333332,16
2221,0.020833333333333332,0.16619725562649276,-0.18958333333333333,-0.03333333333333334,0.3729166666666667,16
2222,0.115625,0.1018012684787812,-0.05208333333333333,0.10833333333333334,0.3104166666666667,16
2223,0.11354166666666668,0.1469857738297599,-0.11875,0.10833333333333334,0.4083333333333333,16
2224,0.007291666666666666,0.16147849336504363,-0.2791666666666667,0.0,0.29166666666666663,16
2225,0.153125,0.12122332896811203,-0.04583333333333333,0.15833333333333333,0.3145833333333333,16
2226,0.0875,0.13533651474093095,-0.16875,0.11666666666666667,0.2875,16
2227,0.16145833333333331,0.15464102135627245,-0.14375,0.21666666666666667,0.36458333333333337,16
2228,0.10416666666666666,0.1490129561853972,-0.15208333333333332,0.10833333333333334,0.3729166666666667,16
2229,0.08541666666666667,0.08617549116644348,-0.03125,0.058333333333333334,0.28541666666666665,16
2230,0.128125,0.11003767505066415,-0.06875,0.14166666666666666,0.2604166666666667,16
2231,0.09583333333333333,0.13962996733430033,-0.1,0.10833333333333334,0.35000000000000003,16
2232,0.07708333333333334,0.11286591725484614,-0.12916666666666665,0.06666666666666667,0.2604166666666667,16
2233,0.11875,0.14718127050983384,-0.21041666666666667,0.15833333333333333,0.2875,16
2234,0.06458333333333333,0.1102199505534275,-0.06041666666666667,0.016666666666666666,0.25416666666666665,16
2235,0.0625,0.08868248605746984,-0.08750000000000001,0.075,0.225,16
2236,0.08020833333333333,0.12264712678384819,-0.07708333333333334,0.049999999999999996,0.27708333333333335,16
2237,0.096875,0.09934136397907078,-0.07708333333333334,0.1,0.275,16
2238,0.0010416666666666664,0.13660933121496496,-0.15,-0.025,0.2895833333333333,16
2239,0.07604166666666667,0.1113317037680143,-0.10208333333333333,0.05,0.26875,16
2240,0.058333333333333334,0.1092906420717,-0.11041666666666666,0.06666666666666667,0.22708333333333333,16
2241,0.12291666666666666,0.1342255305653718,-0.14375,0.13333333333333333,0.3104166666666667,16
2242,0.10729166666666667,0.1499963830582443,-0.175,0.09166666666666667,0.35000000000000003,16
2243,0.096875,0.10916646787513708,-0.075,0.06666666666666667,0.3,16
2244,0.22812500000000002,0.1208647588445679,0.03958333333333333,0.24166666666666667,0.4041666666666667,16
2245,0.15729166666666666,0.12747123177625433,-0.08541666666666665,0.14166666666666666,0.35,16
2246,0.11041666666666666,0.11469691340417336,-0.12708333333333333,0.10833333333333334,0.3,16
2247,0.08541666666666667,0.11944242569353468,-0.15416666666666667,0.08333333333333333,0.2583333333333333,16
2248,0.07291666666666666,0.14054395812935777,-0.19166666666666668,0.1,0.2708333333333333,16
2249,0.13229166666666667,0.09080442009248961,-0.020833333333333332,0.125,0.29791666666666666,16
2250,0.09270833333333334,0.12499565964686755,-0.13958333333333334,0.1,0.32083333333333336,16
2251,0.12916666666666665,0.13520817282989958,-0.05416666666666667,0.1,0.375,16
2252,0.06666666666666667,0.10960788698304921,-0.06666666666666667,0.05,0.275,16
2253,0.05208333333333333,0.10406244786451814,-0.1375,0.075,0.225,16
2254,0.005208333333333339,0.13039985914060218,-0.225,0.03333333333333333,0.19166666666666668,16
2255,0.184375,0.14294384459756682,-0.043750000000000004,0.18333333333333332,0.4104166666666667,16
2256,0.11041666666666666,0.12935134646896154,-0.11875,0.125,0.29375,16
2257,0.10208333333333333,0.10254995395199139,-0.027083333333333334,0.06666666666666667,0.28125,16
2258,0.17708333333333331,0.13842805491983512,-0.04583333333333333,0.16666666666666669,0.4125,16
2259,0.05729166666666667,0.11410411151176318,-0.15416666666666667,0.06666666666666667,0.23125,16
2260,0.084375,0.1004276878460871,-0.05833333333333333,0.05,0.24791666666666667,16
2261,0.06770833333333333,0.12254091578598009,-0.18541666666666667,0.09166666666666667,0.21458333333333332,16
2262,0.11354166666666667,0.1479276697785479,-0.14375,0.11666666666666667,0.3666666666666667,16
2263,0.08229166666666668,0.11836102228868345,-0.12291666666666666,0.08333333333333334,0.28125,16
2264,0.01875,0.1011865370381741,-0.17291666666666666,0.025,0.19583333333333333,16
2265,0.06145833333333334,0.10972167281859638,-0.11875,0.025,0.23125,16
2266,0.058333333333333334,0.1496523749672331,-0.24166666666666667,0.058333333333333334,0.3020833333333333,16
2267,0.0,0.125,-0.19791666666666666,0.008333333333333331,0.17708333333333331,16
2268,0.153125,0.12093655792053395,-0.07291666666666667,0.175,0.3333333333333333,16
2269,0.103125,0.13336181336457933,-0.08750000000000001,0.1,0.33125,16
2270,0.03229166666666666,0.12268251001625655,-0.18541666666666667,0.025,0.22708333333333333,16
2271,0.03645833333333333,0.08041099936852199,-0.05,0.025,0.20416666666666666,16
2272,0.07395833333333333,0.11425616169866337,-0.15625,0.09166666666666667,0.22083333333333333,16
2273,0.16458333333333333,0.0951743648375035,-0.035416666666666666,0.18333333333333332,0.3,16
2274,0.02916666666666666,0.14209494087483276,-0.11666666666666667,0.0,0.32708333333333334,16
2275,0.13645833333333335,0.12377437330122544,-0.027083333333333334,0.125,0.37916666666666665,16
2276,0.013541666666666667,0.07125335031109453,-0.08750000000000001,0.008333333333333333,0.13333333333333333,16
2277,0.13958333333333334,0.12908263395549724,-0.13125,0.14166666666666666,0.3625,16
2278,0.06354166666666666,0.16741693110150013,-0.19375,0.075,0.33749999999999997,16
2279,0.046875,0.1474574738601683,-0.2375,0.075,0.25416666666666665,16
2280,0.057291666666666664,0.09537367117175358,-0.10416666666666667,0.075,0.21875,16
2281,0.08124999999999999,0.12595124166826535,-0.1625,0.09166666666666667,0.26666666666666666,16
2282,-0.014583333333333334,0.10750888206200557,-0.11666666666666667,-0.06666666666666667,0.1875,16
2283,-0.023958333333333335,0.12218621234047282,-0.23541666666666666,-0.025,0.19166666666666668,16
2284,0.08958333333333333,0.1362793036785524,-0.17083333333333334,0.11666666666666667,0.2708333333333333,16
2285,0.16666666666666666,0.11770372409854611,-0.035416666666666666,0.18333333333333335,0.35416666666666663,16
2286,0.0375,0.11554520519885039,-0.11666666666666667,0.025,0.26875,16
2287,0.12291666666666667,0.12344519139187957,-0.010416666666666666,0.1,0.39166666666666666,16
2288,0.09687499999999999,0.124334164150486,-0.13333333333333333,0.08333333333333334,0.3145833333333333,16
2289,0.08125,0.14029668464444278,-0.19583333333333333,0.10833333333333334,0.28125,16
2290,0.053125,0.11383753500054365,-0.17916666666666667,0.058333333333333334,0.20416666666666666,16
2291,0.10520833333333333,0.10716011352436855,-0.08541666666666667,0.10833333333333334,0.2875,16
2292,0.053125,0.14230478221643383,-0.2125,0.06666666666666667,0.24375,16
2293,0.08125000000000002,0.13134916888456763,-0.11458333333333333,0.09166666666666667,0.3375,16
2294,0.0625,0.10516191220103302,-0.13125,0.04166666666666667,0.26875,16
2295,0.11875,0.11408984641744224,-0.06875,0.11666666666666667,0.32708333333333334,16
2296,0.08645833333333333,0.1236340295545239,-0.09375,0.08333333333333333,0.29583333333333334,16
2297,0.17812499999999998,0.1577531860481218,-0.175,0.19166666666666665,0.3854166666666667,16
2298,0.035416666666666666,0.09049919428738946,-0.09375,0.016666666666666666,0.1875,16
2299,0.09791666666666667,0.12302255326203855,-0.16666666666666666,0.09166666666666667,0.28125,16
2300,0.0375,0.11851218877773242,-0.17083333333333334,0.025,0.2604166666666667,16
2301,0.078125,0.11421816812817283,-0.13541666666666669,0.075,0.25416666666666665,16
2302,0.044791666666666674,0.13562083966993338,-0.13333333333333333,0.06666666666666667,0.27708333333333335,16
2303,0.0625,0.11433685611676869,-0.11458333333333333,0.06666666666666667,0.22708333333333333,16
2304,0.06666666666666667,0.12472191289246473,-0.1375,0.05,0.25,16
2305,0.16979166666666667,0.12558457060881323,0.0020833333333333363,0.19166666666666665,0.38333333333333336,16
2306,0.0072916666666666685,0.09788895884566802,-0.15833333333333333,0.025,0.14375,16
2307,0.015625,0.12010827724969203,-0.19583333333333333,0.025,0.21458333333333332,16
2308,0.036458333333333336,0.10511547056821739,-0.14375,0.03333333333333333,0.225,16
2309,0.11249999999999999,0.13326821326432897,-0.11458333333333333,0.09166666666666667,0.32708333333333334,16
2310,0.07916666666666666,0.13261525385699624,-0.15416666666666667,0.10833333333333334,0.23333333333333334,16
2311,0.05520833333333333,0.11160426583593379,-0.15833333333333333,0.06666666666666667,0.21041666666666667,16
2312,0.14791666666666664,0.11147293518059788,-0.020833333333333332,0.14166666666666666,0.33749999999999997,16
2313,0.084375,0.1576155605597225,-0.2125,0.05,0.3145833333333333,16
2314,0.020833333333333332,0.11996816707406639,-0.22291666666666665,0.025,0.17708333333333331,16
2315,0.18125,0.18808935155044443,-0.07083333333333333,0.15833333333333333,0.4479166666666667,16
2316,0.10208333333333333,0.11209417543595504,-0.09583333333333333,0.125,0.25416666666666665,16
2317,0.21250000000000002,0.126312553260201,-0.027083333333333334,0.2,0.44166666666666665,16
2318,0.115625,0.1357168147999519,-0.17916666666666667,0.14166666666666666,0.27708333333333335,16
2319,0.1,0.1717960677340692,-0.16041666666666665,0.07500000000000001,0.41458333333333336,16
2320,0.13958333333333334,0.13487069424699594,-0.13958333333333334,0.175,0.33125,16
2321,0.15729166666666666,0.08993993945035395,0.00625,0.15,0.3,16
2322,0.08541666666666665,0.12553704079319025,-0.13125,0.1,0.29791666666666666,16
2323,0.14791666666666667,0.12975337182516683,-0.04791666666666666,0.14166666666666666,0.35,16
2324,0.11666666666666667,0.1147158324828017,-0.11250000000000002,0.1,0.30624999999999997,16
2325,0.2145833333333333,0.12526014596297844,-0.033333333333333326,0.21666666666666667,0.4083333333333333,16
2326,0.12708333333333333,0.14066743186995664,-0.15208333333333332,0.14166666666666666,0.34375,16
2327,0.030208333333333337,0.14792766977854788,-0.20416666666666666,0.06666666666666667,0.2604166666666667,16
2328,0.021875000000000006,0.12257632967756141,-0.1875,0.058333333333333334,0.20416666666666666,16
2329,0.18541666666666667,0.13678792892649555,0.018750000000000003,0.14166666666666666,0.4395833333333333,16
2330,0.10729166666666667,0.15489341653572986,-0.08750000000000001,0.06666666666666667,0.4354166666666667,16
2331,0.3385416666666667,0.1587405673050633,0.029166666666666667,0.3416666666666667,0.5791666666666667,16
2332,0.009375000000000001,0.1107061848994897,-0.22708333333333333,0.016666666666666666,0.18125,16
2333,0.171875,0.10844845645897101,0.0125,0.18333333333333332,0.35208333333333336,16
2334,0.053125,0.19313016893478288,-0.3666666666666667,0.09166666666666667,0.30833333333333335,16
2335,0.0875,0.15871664128950758,-0.16666666666666666,0.125,0.37083333333333335,16
2336,0.07916666666666666,0.107124667768187,-0.06666666666666667,0.05,0.26666666666666666,16
2337,0.23958333333333331,0.10084280258567457,0.058333333333333334,0.25,0.3770833333333333,16
2338,0.12708333333333333,0.15588847063775363,-0.17708333333333331,0.125,0.33125,16
2339,0.05208333333333333,0.12131727801283891,-0.11666666666666667,0.06666666666666667,0.21041666666666667,16
2340,0.19791666666666666,0.1245652160739729,-0.060416666666666674,0.19166666666666665,0.39375000000000004,16
2341,0.09270833333333334,0.18142651845092056,-0.19375,0.1,0.4104166666666667,16
2342,0.17604166666666665,0.12801485780738284,-0.027083333333333334,0.20833333333333331,0.34375,16
2343,0.21354166666666666,0.12872488293298662,0.02291666666666667,0.21666666666666667,0.4104166666666667,16
2344,0.11770833333333333,0.12422939550820221,-0.06666666666666667,0.10833333333333334,0.3208333333333333,16
2345,0.13958333333333334,0.08697760727145043,0.03958333333333333,0.10833333333333334,0.3,16
2346,0.078125,0.11542775969554869,-0.12916666666666665,0.08333333333333333,0.2708333333333333,16
2347,0.14166666666666666,0.15,-0.17708333333333331,0.15,0.36875,16
2348,0.27604166666666663,0.11179854619160107,0.035416666666666666,0.3,0.45625,16
2349,0.17916666666666667,0.12296962136144755,-0.035416666666666666,0.2,0.37916666666666665,16
2350,0.16041666666666665,0.07680128579652817,0.03333333333333333,0.18333333333333332,0.28541666666666665,16
2351,0.146875,0.11414214304736198,-0.08541666666666667,0.18333333333333335,0.27708333333333335,16
2352,0.12187499999999998,0.13928372696486196,-0.12083333333333333,0.15,0.33749999999999997,16
2353,0.13229166666666667,0.10614271544324964,-0.03333333333333333,0.13333333333333333,0.3145833333333333,16
2354,0.1375,0.10043308994328291,-0.04375,0.14166666666666666,0.3020833333333333,16
2355,0.10729166666666666,0.12678842147232705,-0.17708333333333331,0.10833333333333334,0.30416666666666664,16
2356,0.1125,0.12493053625470792,-0.08333333333333333,0.10833333333333334,0.33541666666666664,16
2357,0.071875,0.1319878400859547,-0.14375,0.049999999999999996,0.29375,16
2358,0.08645833333333333,0.12979935771755147,-0.11875,0.058333333333333334,0.2604166666666667,16
2359,0.14479166666666665,0.1475163303106925,-0.10416666666666667,0.175,0.32708333333333334,16
2360,0.12916666666666665,0.10366546087187273,-0.041666666666666664,0.11666666666666667,0.3020833333333333,16
2361,0.19791666666666666,0.10372824403753834,-0.004166666666666666,0.225,0.3333333333333333,16
2362,0.05729166666666667,0.11755151796127516,-0.11041666666666666,0.03333333333333333,0.24375,16
2363,0.103125,0.15879524180353907,-0.22916666666666666,0.13333333333333333,0.31666666666666665,16
2364,0.09270833333333334,0.11425616169866336,-0.06458333333333333,0.05,0.32499999999999996,16
2365,0.196875,0.09704286531390822,0.04583333333333334,0.20833333333333334,0.35416666666666663,16
2366,0.153125,0.138846781811623,-0.09375,0.14166666666666666,0.38125,16
2367,0.15416666666666667,0.1340475661845451,-0.07708333333333334,0.15,0.3770833333333333,16
2368,0.1645833333333333,0.15666611258767268,-0.11458333333333333,0.15833333333333333,0.3875,16
2369,0.190625,0.08679652730828451,0.04583333333333334,0.19166666666666665,0.32708333333333334,16
2370,0.017708333333333333,0.12821812333979068,-0.2125,0.05,0.19791666666666666,16
2371,0.19374999999999998,0.12245676674737996,-0.027083333333333334,0.2,0.36458333333333337,16
2372,0.10208333333333333,0.14250670062218906,-0.17291666666666666,0.10833333333333334,0.35208333333333336,16
2373,0.29375,0.1356408400888169,0.08958333333333333,0.26666666666666666,0.5041666666666667,16
2374,0.08958333333333333,0.07116954521891135,-0.020833333333333332,0.09166666666666667,0.20416666666666666,16
2375,0.19895833333333335,0.13391393769258425,0.010416666666666664,0.15833333333333333,0.42708333333333337,16
2376,0.13958333333333334,0.10084280258567457,-0.025,0.175,0.27708333333333335,16
2377,0.010416666666666663,0.13042066021574616,-0.20208333333333334,0.03333333333333333,0.26666666666666666,16
2378,0.13854166666666667,0.124682757150119,-0.125,0.14166666666666666,0.33125,16
2379,0.18854166666666666,0.17517042792504803,-0.05416666666666667,0.18333333333333335,0.4604166666666667,16
2380,0.016666666666666663,0.11008204011352422,-0.14791666666666667,-0.008333333333333333,0.20416666666666666,16
2381,0.2875,0.1301041249666333,0.018750000000000003,0.2833333333333333,0.5083333333333333,16
2382,0.06562500000000002,0.10281941255046259,-0.11666666666666667,0.09166666666666667,0.21666666666666667,16
2383,0.07083333333333333,0.1772180859844728,-0.21666666666666667,0.05,0.34791666666666665,16
2384,0.19791666666666666,0.15477077584465215,-0.05,0.2,0.5020833333333333,16
2385,0.13854166666666665,0.11751458981524143,-0.043750000000000004,0.13333333333333333,0.34791666666666665,16
2386,0.08958333333333335,0.11915136848190669,-0.12291666666666666,0.1,0.26458333333333334,16
2387,0.14270833333333335,0.111487535115416,0.00625,0.11666666666666667,0.35625,16
2388,0.10625,0.11006232451560242,-0.08125,0.125,0.2604166666666667,16
2389,0.13333333333333333,0.09428090415820634,-0.004166666666666666,0.11666666666666667,0.30416666666666664,16
2390,0.05416666666666667,0.10043308994328293,-0.07708333333333334,0.05,0.23125,16
2391,0.08229166666666668,0.1620687386316888,-0.25,0.10833333333333334,0.31666666666666665,16
2392,0.10625000000000001,0.0982264602843857,-0.075,0.1,0.2375,16
2393,0.140625,0.09279022600288603,-0.016666666666666663,0.14166666666666666,0.32708333333333334,16
2394,0.19791666666666666,0.14152873186898993,-0.035416666666666666,0.18333333333333332,0.45,16
2395,0.121875,0.12730087255308886,-0.11458333333333333,0.10833333333333334,0.3208333333333333,16
2396,0.09583333333333334,0.11418491338370602,-0.09166666666666667,0.10833333333333334,0.2875,16
2397,0.2520833333333333,0.15067844257077903,0.0020833333333333363,0.26666666666666666,0.5458333333333333,16
2398,0.15312499999999998,0.1368315506887534,-0.0375,0.14166666666666666,0.39166666666666666,16
2399,0.041666666666666664,0.11916958038395908,-0.14791666666666667,0.03333333333333333,0.27708333333333335,16
2400,0.096875,0.12419445298715148,-0.10416666666666667,0.10833333333333334,0.33125,16
2401,0.13958333333333334,0.14975384895814123,-0.08750000000000001,0.13333333333333333,0.4166666666666667,16
2402,0.18645833333333334,0.11876370534945992,-0.05833333333333333,0.21666666666666667,0.3458333333333333,16
2403,0.01041666666666667,0.13942777401460107,-0.23125,0.041666666666666664,0.24166666666666664,16
2404,0.17916666666666664,0.08488145328109734,0.037500000000000006,0.15,0.3208333333333333,16
2405,0.0625,0.10647443615983865,-0.11249999999999999,0.06666666666666667,0.2375,16
2406,0.11458333333333334,0.12316359378214543,-0.13125,0.11666666666666667,0.3020833333333333,16
2407,0.06979166666666667,0.11640129789988503,-0.13958333333333334,0.075,0.29583333333333334,16
2408,0.04791666666666667,0.1417738565070757,-0.20208333333333334,0.06666666666666667,0.2583333333333333,16
2409,0.14687499999999998,0.15736753137339213,-0.043750000000000004,0.11666666666666667,0.5041666666666667,16
2410,0.03854166666666667,0.12892702904916578,-0.19583333333333333,0.09166666666666667,0.18333333333333332,16
2411,0.060416666666666674,0.1169453516723849,-0.15625,0.06666666666666667,0.26875,16
2412,0.13854166666666665,0.1404010562539407,-0.09375,0.13333333333333333,0.36875,16
2413,0.20520833333333333,0.13549276707837787,-0.020833333333333332,0.20833333333333334,0.42916666666666664,16
2414,0.20937499999999998,0.08497727433130446,0.06458333333333333,0.18333333333333332,0.3333333333333333,16
2415,0.234375,0.1023116070177551,0.05416666666666667,0.26666666666666666,0.40208333333333335,16
2416,0.190625,0.1113317037680143,0.0125,0.2,0.3729166666666667,16
2417,0.21458333333333335,0.12428615615228879,-0.004166666666666666,0.26666666666666666,0.3770833333333333,16
2418,0.22604166666666664,0.09279022600288603,0.03958333333333333,0.25,0.35833333333333334,16
2419,0.19895833333333332,0.18394488437059375,-0.08125,0.16666666666666666,0.5208333333333334,16
2420,0.21041666666666667,0.10067049523624641,0.07291666666666666,0.18333333333333332,0.3875,16
2421,0.19166666666666668,0.11149240133549711,0.008333333333333335,0.16666666666666666,0.40208333333333335,16
2422,0.1875,0.12479149276559948,-0.020833333333333332,0.15833333333333333,0.4083333333333333,16
2423,0.19375,0.1553306285529891,-0.06666666666666667,0.15833333333333333,0.43125,16
2424,0.20520833333333333,0.09218014330344927,0.035416666666666666,0.23333333333333334,0.3208333333333333,16
2425,0.22916666666666666,0.1245129399790328,0.04166666666666667,0.21666666666666667,0.45416666666666666,16
2426,0.25104166666666666,0.09850774609982033,0.13333333333333333,0.225,0.44583333333333336,16
2427,0.2125,0.13559283412727482,-0.05416666666666667,0.275,0.37083333333333335,16
2428,0.16979166666666667,0.1174406986880329,-0.016666666666666666,0.15833333333333333,0.3770833333333333,16
2429,0.16354166666666667,0.1088479364245776,-0.060416666666666674,0.18333333333333332,0.3208333333333333,16
2430,0.23645833333333333,0.1077256594704035,0.05208333333333333,0.23333333333333334,0.44375,16
2431,0.22916666666666666,0.12713455251993633,0.008333333333333335,0.23333333333333334,0.42708333333333337,16
2432,0.14895833333333336,0.14294384459756682,-0.08125,0.175,0.38333333333333336,16
2433,0.22291666666666668,0.14262847522302283,0.0,0.21666666666666667,0.45208333333333334,16
2434,0.23854166666666668,0.09348922063532245,0.05208333333333333,0.23333333333333334,0.39375000000000004,16
2435,0.27708333333333335,0.08119656362460449,0.14583333333333331,0.275,0.4,16
2436,0.22916666666666666,0.10316182002616622,0.07916666666666666,0.21666666666666667,0.39375000000000004,16
2437,0.21354166666666666,0.1171446680984196,-0.004166666666666666,0.21666666666666667,0.40625,16
2438,0.18229166666666666,0.14209112270925928,-0.05208333333333333,0.19166666666666665,0.44166666666666665,16
2439,0.21770833333333334,0.14582961304778488,-0.012499999999999997,0.20833333333333331,0.4479166666666667,16
2440,0.15729166666666666,0.09699812963546141,-0.025,0.15,0.31666666666666665,16
2441,0.165625,0.12956507776017423,-0.09166666666666666,0.15833333333333333,0.37916666666666665,16
2442,0.18333333333333332,0.1003466214899358,-0.008333333333333331,0.18333333333333332,0.32708333333333334,16
2443,0.15416666666666667,0.12325166214790866,-0.05625000000000001,0.16666666666666666,0.33125,16
2444,0.18541666666666667,0.1536449505624358,-0.16041666666666665,0.225,0.39375000000000004,16
2445,0.21458333333333335,0.12988710375638615,0.035416666666666666,0.175,0.4354166666666667,16
2446,0.2895833333333333,0.09462554124313137,0.13958333333333334,0.26666666666666666,0.45,16
2447,0.20416666666666666,0.1233924407913404,-0.03125,0.2,0.4,16
2448,0.18437499999999998,0.11628938251668168,-0.010416666666666666,0.18333333333333332,0.38333333333333336,16
2449,0.17916666666666664,0.08025566785107592,0.020833333333333332,0.2,0.27708333333333335,16
2450,0.16770833333333335,0.1476045709827443,-0.08958333333333333,0.19166666666666665,0.36666666666666664,16
2451,0.17500000000000002,0.07453559924999298,0.010416666666666664,0.18333333333333332,0.2604166666666667,16
2452,0.24583333333333335,0.08609990966571594,0.10625000000000001,0.25,0.4041666666666667,16
2453,0.2270833333333333,0.09069082858199548,0.07500000000000001,0.24166666666666667,0.36041666666666666,16
2454,0.16770833333333335,0.10548643113110699,0.03333333333333333,0.16666666666666666,0.35833333333333334,16
2455,0.13645833333333332,0.14046286950056705,-0.13125,0.14166666666666666,0.35833333333333334,16
2456,0.17395833333333333,0.14117177652105647,-0.06666666666666667,0.175,0.4041666666666667,16
2457,0.17500000000000002,0.1337233877990101,-0.041666666666666664,0.19166666666666665,0.4125,16
2458,0.2375,0.1573985563960342,-0.037500000000000006,0.25,0.45416666666666666,16
2459,0.17291666666666666,0.1521689256860429,-0.020833333333333332,0.14166666666666666,0.45416666666666666,16
2460,0.22916666666666669,0.12658714609136093,-0.010416666666666666,0.21666666666666667,0.40208333333333335,16
2461,0.21770833333333336,0.16196158130693972,0.02291666666666667,0.225,0.5375,16
2462,0.1791666666666667,0.12311072252245131,0.04583333333333334,0.13333333333333333,0.4041666666666667,16
2463,0.19374999999999998,0.14516214593037371,-0.03333333333333333,0.175,0.4541666666666667,16
2464,0.22187500000000002,0.14526302174370156,0.01666666666666667,0.18333333333333335,0.5354166666666667,16
2465,0.2885416666666667,0.14763397281979362,0.07291666666666666,0.2583333333333333,0.53125,16
2466,0.21458333333333335,0.0895348706122679,0.04375,0.24166666666666667,0.35208333333333336,16
2467,0.17604166666666665,0.1063877783159325,0.05,0.15,0.42083333333333334,16
2468,0.16249999999999998,0.08025566785107593,0.02291666666666667,0.19166666666666665,0.2875,16
2469,0.21354166666666666,0.14120251783047874,-0.03125,0.18333333333333332,0.4354166666666667,16
2470,0.1875,0.10968705484240152,0.029166666666666667,0.2,0.33749999999999997,16
2471,0.16041666666666665,0.12456521607397289,-0.06041666666666667,0.18333333333333335,0.34791666666666665,16
2472,0.26666666666666666,0.14553540997144152,-0.008333333333333331,0.2583333333333333,0.47708333333333336,16
2473,0.20729166666666668,0.12828580694639952,-0.027083333333333334,0.225,0.3979166666666667,16
2474,0.246875,0.0991664478288902,0.05625,0.2833333333333333,0.375,16
2475,0.2645833333333333,0.1317450979480198,0.018750000000000003,0.2583333333333333,0.4479166666666667,16
2476,0.23645833333333333,0.1426703112365475,0.018750000000000003,0.275,0.4729166666666667,16
2477,0.18333333333333332,0.12963624321753373,0.0125,0.19166666666666665,0.4541666666666667,16
2478,0.2760416666666667,0.08779093497559352,0.15208333333333332,0.26666666666666666,0.4541666666666667,16
2479,0.2375,0.09492321458245431,0.04166666666666667,0.25,0.36041666666666666,16
2480,0.20729166666666665,0.1113317037680143,0.014583333333333334,0.21666666666666667,0.40208333333333335,16
2481,0.23020833333333335,0.1283196353620304,0.035416666666666666,0.21666666666666667,0.48333333333333334,16
2482,0.21041666666666667,0.13055370861577748,0.016666666666666666,0.21666666666666667,0.43125,16
2483,0.20208333333333334,0.12059963032005254,0.03333333333333333,0.2,0.37083333333333335,16
2484,0.22916666666666669,0.12548516955312997,0.0,0.225,0.45,16
2485,0.22395833333333331,0.16446132080725445,-0.08125,0.225,0.4708333333333333,16
2486,0.178125,0.13211931029481563,-0.027083333333333334,0.19166666666666665,0.36875,16
2487,0.13645833333333335,0.11414214304736196,-0.05208333333333333,0.11666666666666667,0.33749999999999997,16
2488,0.365625,0.1344315126643386,0.0875,0.42500000000000004,0.5145833333333333,16
2489,0.16979166666666667,0.14710384063835844,-0.08541666666666667,0.175,0.42291666666666666,16
2490,0.15729166666666666,0.1103920963228598,-0.027083333333333334,0.175,0.33958333333333335,16
2491,0.14583333333333331,0.14690085469836828,-0.0375,0.08333333333333334,0.3875,16
2492,0.171875,0.12257632967756141,-0.05833333333333333,0.21666666666666667,0.31666666666666665,16
2493,0.18437499999999998,0.10984028019254947,-0.020833333333333332,0.21666666666666667,0.32708333333333334,16
2494,0.22395833333333334,0.15489341653572986,-0.03333333333333333,0.24166666666666667,0.45416666666666666,16
2495,0.21041666666666667,0.0901147031411757,0.0625,0.225,0.36041666666666666,16
2496,0.20833333333333331,0.16244657241348273,-0.08541666666666667,0.24166666666666667,0.45416666666666666,16
2497,0.209375,0.10768536183148467,0.06666666666666667,0.19166666666666665,0.39166666666666666,16
2498,0.2708333333333333,0.1324842757965387,0.12916666666666665,0.225,0.575,16
2499,0.20104166666666667,0.07894019140744747,0.07291666666666666,0.2,0.33541666666666664,16
2500,0.20833333333333331,0.14965237496723308,-0.010416666666666666,0.18333333333333332,0.47708333333333336,16
2501,0.15416666666666667,0.15517687041280062,-0.15,0.16666666666666666,0.4291666666666667,16
2502,0.16041666666666665,0.09590124405403253,-0.020833333333333332,0.15833333333333333,0.32291666666666663,16
2503,0.14375,0.13108455180616144,-0.11458333333333333,0.14166666666666666,0.3666666666666667,16
2504,0.18020833333333333,0.14556150260857664,-0.06458333333333333,0.13333333333333333,0.4375,16
2505,0.2375,0.1104756131963571,0.02708333333333333,0.23333333333333334,0.41875,16
2506,0.14895833333333333,0.13221782716201488,-0.11458333333333333,0.175,0.35,16
2507,0.2,0.17902125882450695,-0.043750000000000004,0.20833333333333331,0.5291666666666667,16
2508,0.18854166666666666,0.10486743450397003,0.0020833333333333363,0.20833333333333334,0.36666666666666664,16
2509,0.19583333333333336,0.11599509089229212,0.0125,0.2,0.41875,16
2510,0.20208333333333334,0.1661319547494969,-0.125,0.23333333333333334,0.4708333333333333,16
2511,0.23333333333333334,0.09260879487872027,0.04583333333333334,0.225,0.35416666666666663,16
2512,0.20104166666666667,0.1507468386899042,-0.03958333333333333,0.175,0.4375,16
2513,0.19270833333333331,0.13831434985206706,-0.07499999999999998,0.2,0.44375,16
2514,0.2552083333333333,0.12999983306613214,0.020833333333333332,0.29166666666666663,0.44166666666666665,16
2515,0.23125,0.16168331099886454,-0.027083333333333334,0.225,0.55625,16
2516,0.21458333333333332,0.1380512938085776,-0.07291666666666667,0.23333333333333334,0.38125,16
2517,0.19270833333333331,0.11931062836841765,-0.020833333333333332,0.20833333333333334,0.38958333333333334,16
2518,0.22604166666666664,0.11755151796127518,0.07916666666666666,0.21666666666666667,0.4604166666666667,16
2519,0.21458333333333335,0.11827389939364381,0.014583333333333334,0.18333333333333332,0.4104166666666667,16
2520,0.22604166666666664,0.12499565964686755,0.029166666666666667,0.24166666666666667,0.4395833333333333,16
2521,0.19687499999999997,0.12179484543690675,-0.05833333333333332,0.20833333333333334,0.35,16
2522,0.21354166666666666,0.14579984734598014,-0.025,0.20833333333333331,0.4916666666666667,16
2523,0.26666666666666666,0.15986105077709065,0.02291666666666667,0.2833333333333333,0.54375,16
2524,0.18958333333333333,0.11393757428229431,0.02291666666666667,0.18333333333333332,0.4166666666666667,16
2525,0.17395833333333333,0.14906755902200106,-0.12083333333333333,0.19166666666666665,0.36875,16
2526,0.14583333333333331,0.14221706804896675,-0.09791666666666667,0.20833333333333334,0.3625,16
2527,0.19374999999999998,0.14753471813629346,0.0,0.20833333333333334,0.43125,16
2528,0.225,0.1740051084818425,-0.05416666666666667,0.25,0.54375,16
2529,0.19791666666666669,0.11347953192830268,0.03958333333333333,0.20833333333333334,0.3958333333333333,16
2530,0.24479166666666669,0.11035277239380985,0.04375,0.25,0.4479166666666667,16
2531,0.18125,0.12358574958303242,-0.016666666666666663,0.18333333333333335,0.4166666666666667,16
2532,0.2572916666666667,0.0946427401541655,0.07500000000000001,0.26666666666666666,0.42500000000000004,16
2533,0.20104166666666667,0.12630825801057768,-0.05833333333333332,0.225,0.36041666666666666,16
2534,0.21458333333333335,0.1461157978758248,-0.04375,0.275,0.4395833333333333,16
2535,0.15833333333333333,0.15645819462932156,-0.14375,0.15833333333333333,0.3979166666666667,16
2536,0.12916666666666665,0.12465229418042993,-0.08958333333333333,0.09166666666666667,0.35000000000000003,16
2537,0.18125,0.12622662049750924,-0.01458333333333333,0.18333333333333335,0.43125,16
2538,0.20208333333333334,0.16497842872461976,-0.03333333333333333,0.16666666666666666,0.5125000000000001,16
2539,0.16979166666666667,0.12363402955452389,-0.020833333333333332,0.15833333333333333,0.3958333333333333,16
2540,0.17916666666666667,0.11494261853444769,0.00625,0.20833333333333334,0.38125,16
2541,0.18541666666666667,0.1517118751303126,-0.0625,0.19166666666666665,0.4708333333333333,16
2542,0.234375,0.1124951773657678,0.04583333333333334,0.24166666666666667,0.4083333333333333,16
2543,0.26458333333333334,0.12908263395549724,-0.002083333333333333,0.2833333333333333,0.4375,16
2544,0.22916666666666666,0.15827849927685483,0.020833333333333332,0.2,0.5395833333333333,16
2545,0.21875,0.16717370789424726,-0.06875,0.30833333333333335,0.44583333333333336,16
2546,0.1489583333333333,0.12929680943687497,-0.03333333333333333,0.11666666666666667,0.41875,16
2547,0.23125,0.0922095665680447,0.1,0.21666666666666667,0.42083333333333334,16
2548,0.171875,0.09569169787221181,-0.008333333333333331,0.16666666666666666,0.33541666666666664,16
2549,0.16666666666666666,0.14469796128487783,-0.06875,0.15,0.42708333333333337,16
2550,0.17500000000000002,0.15723301886761007,-0.17916666666666667,0.19166666666666665,0.375,16
2551,0.240625,0.1258262622185404,0.035416666666666666,0.26666666666666666,0.45625,16
2552,0.171875,0.15452871339621282,-0.07708333333333334,0.18333333333333335,0.4041666666666667,16
2553,0.20625,0.1689299452106964,-0.06041666666666667,0.2,0.5375,16
2554,0.21979166666666666,0.12804875780342423,-0.016666666666666663,0.23333333333333334,0.36041666666666666,16
2555,0.20625,0.1191513684819067,0.03958333333333333,0.20833333333333334,0.4083333333333333,16
2556,0.190625,0.08993993945035393,0.10625000000000001,0.15833333333333333,0.36041666666666666,16
2557,0.26979166666666665,0.10868832063136621,0.09166666666666667,0.3,0.42083333333333334,16
2558,0.20625,0.1269124534209836,-0.020833333333333332,0.225,0.42708333333333337,16
2559,0.16249999999999998,0.1409910359640719,-0.08750000000000001,0.21666666666666667,0.32708333333333334,16
2560,0.20729166666666665,0.10507417188454175,0.03125,0.21666666666666667,0.4145833333333333,16
2561,0.18645833333333334,0.12236369258848348,-0.043750000000000004,0.2,0.34375,16
2562,0.25,0.1553445990192271,0.04583333333333334,0.19166666666666665,0.5333333333333333,16
2563,0.24583333333333332,0.09833686434338289,0.05625,0.275,0.3875,16
2564,0.09479166666666666,0.15135025947010025,-0.14166666666666666,0.075,0.35625,16
2565,0.171875,0.13549276707837787,0.016666666666666666,0.14166666666666666,0.46666666666666673,16
2566,0.16874999999999998,0.11753767126613776,-0.08541666666666667,0.18333333333333332,0.32708333333333334,16
2567,0.18229166666666666,0.11658758480453892,-0.041666666666666664,0.16666666666666666,0.36041666666666666,16
2568,0.17916666666666664,0.10095034532988098,-0.02916666666666666,0.18333333333333332,0.32708333333333334,16
2569,0.16354166666666664,0.11152645893090422,-0.05416666666666667,0.16666666666666666,0.29375,16
2570,0.21041666666666664,0.15044782687400676,-0.09375,0.23333333333333334,0.4083333333333333,16
2571,0.17083333333333334,0.12767961205037137,-0.010416666666666666,0.175,0.40625,16
2572,0.3427083333333334,0.13083184049042157,0.125,0.375,0.5208333333333334,16
2573,0.21145833333333333,0.11869059186482399,0.0125,0.18333333333333332,0.42500000000000004,16
2574,0.10416666666666667,0.13838101587846346,-0.08750000000000001,0.08333333333333334,0.3625,16
2575,0.24583333333333332,0.14959435892513534,-0.07708333333333334,0.26666666666666666,0.4729166666666667,16
2576,0.17083333333333334,0.12197734306920373,-0.010416666666666666,0.16666666666666666,0.42916666666666664,16
2577,0.153125,0.11758843451018282,-0.043750000000000004,0.15,0.3104166666666667,16
2578,0.24270833333333333,0.1258262622185404,0.037500000000000006,0.26666666666666666,0.4395833333333333,16
2579,0.221875,0.09422909987837562,0.06458333333333333,0.21666666666666667,0.3770833333333333,16
2580,0.20625,0.13892881370607674,0.016666666666666666,0.2,0.4708333333333333,16
2581,0.18125000000000002,0.12935134646896154,-0.0625,0.21666666666666667,0.3333333333333333,16
2582,0.16875,0.15205479184235604,-0.06041666666666667,0.14166666666666666,0.4041666666666667,16
2583,0.2354166666666667,0.14812192331544533,-0.07708333333333334,0.30833333333333335,0.4083333333333333,16
2584,0.23958333333333334,0.10406244786451814,0.1125,0.23333333333333334,0.4479166666666667,16
2585,0.153125,0.12516915637781273,-0.0625,0.125,0.34375,16
2586,0.215625,0.11821425199611085,-0.018750000000000003,0.21666666666666667,0.3875,16
2587,0.22604166666666667,0.14215220105186163,-0.06666666666666667,0.2583333333333333,0.4166666666666667,16
2588,0.17604166666666665,0.13056617495226958,-0.09375,0.20833333333333334,0.35,16
2589,0.20104166666666665,0.16588030637078854,-0.05416666666666667,0.19166666666666665,0.475,16
2590,0.19166666666666668,0.15252504348102605,-0.03125,0.18333333333333332,0.43125,16
2591,0.1625,0.128086884574495,-0.020833333333333332,0.15,0.4125,16
2592,0.278125,0.12537703554346252,0.018750000000000003,0.2583333333333333,0.45833333333333337,16
2593,0.26145833333333335,0.15542490483081106,0.03333333333333333,0.29166666666666663,0.4979166666666667,16
2594,0.2572916666666667,0.12190170647561364,0.07500000000000001,0.24166666666666667,0.45416666666666666,16
2595,0.23541666666666666,0.08076779989575053,0.09166666666666667,0.225,0.35,16
2596,0.284375,0.1538249309279871,0.05,0.25,0.53125,16
2597,0.24375,0.17046454095272195,-0.05208333333333333,0.2833333333333333,0.5,16
2598,0.18958333333333333,0.1247045118581432,-0.018750000000000003,0.16666666666666666,0.40208333333333335,16
2599,0.18958333333333333,0.10238051979421345,-0.002083333333333333,0.2,0.32708333333333334,16
2600,0.225,0.12856040517117928,0.04166666666666667,0.225,0.4916666666666667,16
2601,0.20937499999999998,0.13423765590879816,-0.035416666666666666,0.225,0.45833333333333337,16
2602,0.23541666666666666,0.15521881955627817,-0.05416666666666667,0.20833333333333334,0.525,16
2603,0.22604166666666667,0.12373930228733132,-0.012499999999999997,0.24166666666666667,0.45208333333333334,16
2604,0.21354166666666669,0.12122332896811203,0.03333333333333333,0.23333333333333334,0.45,16
2605,0.2635416666666667,0.13504355650225516,0.06875,0.23333333333333334,0.525,16
2606,0.15625,0.13474190864183438,-0.04791666666666666,0.16666666666666669,0.3875,16
2607,0.2260416666666667,0.07591313337917521,0.1125,0.23333333333333334,0.35208333333333336,16
2608,0.15625,0.13602427785754523,-0.12083333333333332,0.16666666666666666,0.35416666666666663,16
2609,0.209375,0.1446942118073683,0.03958333333333333,0.2,0.475,16
2610,0.17708333333333331,0.12894806771203152,-0.02916666666666666,0.16666666666666666,0.36041666666666666,16
2611,0.21354166666666669,0.14230478221643386,-0.002083333333333333,0.20833333333333334,0.47708333333333336,16
2612,0.16979166666666667,0.16085910307367335,-0.06041666666666667,0.15833333333333333,0.4354166666666667,16
2613,0.20104166666666667,0.12366913042244797,-0.01458333333333333,0.2,0.4,16
2614,0.2572916666666667,0.1399365865808113,0.04583333333333334,0.2583333333333333,0.4979166666666667,16
2615,0.30625,0.1443225313509833,0.10833333333333334,0.2583333333333333,0.6041666666666667,16
2616,0.17604166666666665,0.16728725606473036,-0.041666666666666664,0.15,0.5375000000000001,16
2617,0.23333333333333334,0.13070322617798436,0.016666666666666666,0.24166666666666667,0.45,16
2618,0.18541666666666665,0.13253340773807434,-0.035416666666666666,0.175,0.3875,16
2619,0.20937499999999998,0.1651986125765656,-0.13333333333333333,0.25,0.43333333333333335,16
2620,0.159375,0.13162561992045638,-0.09375,0.16666666666666666,0.3333333333333333,16
2621,0.24166666666666664,0.1488380924957646,-0.03125,0.275,0.4729166666666667,16
2622,0.121875,0.1248219217636781,-0.05,0.1,0.36041666666666666,16
2623,0.21666666666666667,0.11651776211757969,-0.004166666666666666,0.23333333333333334,0.41041666666666665,16
2624,0.190625,0.13881551881504062,-0.025,0.18333333333333335,0.4541666666666667,16
2625,0.21666666666666667,0.11785113019775793,0.03125,0.20833333333333331,0.4,16
2626,0.18437499999999998,0.1253424129579095,-0.035416666666666666,0.2,0.36458333333333337,16
2627,0.16979166666666667,0.10495017832550621,-0.033333333333333326,0.15833333333333333,0.32708333333333334,16
2628,0.184375,0.13009995489579881,-0.004166666666666666,0.19166666666666665,0.42500000000000004,16
2629,0.1625,0.1393810723639811,-0.020833333333333332,0.14166666666666666,0.4583333333333333,16
2630,0.2427083333333333,0.15909561568615133,0.008333333333333335,0.26666666666666666,0.5270833333333333,16
2631,0.22604166666666664,0.10589708545721802,0.03333333333333333,0.2583333333333333,0.36041666666666666,16
2632,0.18229166666666666,0.13673635799311834,0.0,0.125,0.4083333333333333,16
2633,0.18645833333333334,0.12292990747892792,0.0020833333333333363,0.19166666666666665,0.3875,16
2634,0.18333333333333335,0.12638125740085918,-0.05208333333333333,0.175,0.38958333333333334,16
2635,0.171875,0.11421816812817281,-0.027083333333333334,0.16666666666666666,0.36041666666666666,16
2636,0.12083333333333333,0.11141451630934114,-0.05416666666666667,0.13333333333333333,0.3208333333333333,16
2637,0.22395833333333334,0.13831434985206706,-0.033333333333333326,0.225,0.42708333333333337,16
2638,0.16666666666666666,0.16780858804668558,-0.16458333333333333,0.175,0.42708333333333337,16
2639,0.21875,0.09997829625584857,0.058333333333333334,0.21666666666666667,0.41875,16
2640,0.20416666666666666,0.1509805910999453,-0.01458333333333333,0.18333333333333332,0.4666666666666667,16
2641,0.20729166666666668,0.09806615362147691,0.05625,0.175,0.36041666666666666,16
2642,0.265625,0.12956507776017426,0.0020833333333333363,0.29166666666666663,0.4104166666666667,16
2643,0.20416666666666666,0.19423103368011108,-0.15625,0.26666666666666666,0.4854166666666667,16
2644,0.12916666666666665,0.13925645805890335,-0.125,0.15833333333333333,0.33749999999999997,16
2645,0.14479166666666665,0.16819288179382358,-0.19375,0.15,0.42916666666666664,16
2646,0.05729166666666667,0.10205675674457924,-0.12083333333333333,0.09166666666666667,0.2,16
2647,0.13645833333333332,0.1334919304157038,-0.12708333333333333,0.175,0.27708333333333335,16
2648,0.175,0.09895285072531598,0.018750000000000003,0.15,0.3416666666666667,16
2649,0.08020833333333333,0.13555681849935347,-0.09375,0.058333333333333334,0.30833333333333335,16
2650,0.09375,0.1327951377540274,-0.17708333333333331,0.10833333333333334,0.29583333333333334,16
2651,0.11145833333333333,0.1490384399986199,-0.13333333333333333,0.11666666666666667,0.3625,16
2652,0.09895833333333334,0.1063061534620122,-0.09375,0.1,0.2604166666666667,16
2653,0.012499999999999999,0.12658714609136093,-0.23125,0.008333333333333333,0.2375,16
2654,0.121875,0.13026665360585057,-0.08958333333333333,0.08333333333333333,0.38125,16
2655,0.16874999999999998,0.13134916888456763,0.016666666666666666,0.15,0.45,16
2656,0.203125,0.11261086358439057,0.03333333333333333,0.19166666666666665,0.3958333333333333,16
2657,0.0625,0.1507504376260462,-0.18333333333333332,0.025,0.33958333333333335,16
2658,0.14375000000000002,0.10271910863017543,-0.0375,0.175,0.26666666666666666,16
2659,0.13333333333333336,0.13994046353122222,-0.0375,0.15,0.3770833333333333,16
2660,0.09895833333333334,0.1225409157859801,-0.05,0.08333333333333334,0.26666666666666666,16
2661,0.06354166666666666,0.16958064596560277,-0.21458333333333332,0.075,0.2604166666666667,16
2662,0.13124999999999998,0.16349853465194522,-0.08333333333333333,0.10833333333333334,0.43125,16
2663,0.12187500000000001,0.16611562551929504,-0.15416666666666667,0.10833333333333334,0.3875,16
2664,0.11354166666666667,0.09113839255342517,-0.008333333333333331,0.09166666666666667,0.26666666666666666,16
2665,0.06041666666666667,0.12103072956898177,-0.20208333333333334,0.07500000000000001,0.25,16
2666,0.171875,0.12158084158972855,-0.07291666666666667,0.2,0.35416666666666663,16
2667,0.10416666666666666,0.14831226442131404,-0.15,0.09166666666666667,0.38958333333333334,16
2668,0.07708333333333332,0.14765234599483265,-0.1875,0.10833333333333334,0.32499999999999996,16
2669,0.125,0.14215601757693316,-0.15416666666666667,0.15833333333333333,0.3125,16
2670,0.09375,0.15285193907104277,-0.11666666666666667,0.08333333333333333,0.41458333333333336,16
2671,0.034374999999999996,0.10532172107668747,-0.10833333333333334,0.05,0.25625,16
2672,0.11249999999999999,0.14037400439935846,-0.09166666666666667,0.06666666666666667,0.3416666666666667,16
2673,0.096875,0.12791310391346847,-0.12083333333333333,0.1,0.34375,16
2674,0.053125,0.10072975913303873,-0.10833333333333334,0.05,0.24583333333333332,16
2675,0.109375,0.10928567781278568,-0.07708333333333334,0.14166666666666666,0.2604166666666667,16
2676,0.019791666666666666,0.07246137620599451,-0.1375,0.03333333333333333,0.1,16
2677,0.12916666666666668,0.11554520519885039,-0.10416666666666667,0.175,0.25416666666666665,16
2678,0.115625,0.10936507891512313,-0.0875,0.125,0.32499999999999996,16
2679,0.12395833333333334,0.13539663313350478,-0.125,0.125,0.3104166666666667,16
2680,0.0625,0.11000315652036738,-0.1,0.08333333333333333,0.24166666666666667,16
2681,0.07708333333333334,0.14741699641945408,-0.20208333333333334,0.1,0.26458333333333334,16
2682,0.13124999999999998,0.13666095008369353,-0.125,0.14166666666666666,0.33541666666666664,16
2683,0.003125,0.08441357143058613,-0.15833333333333333,0.025,0.10416666666666667,16
2684,0.06875,0.11393757428229431,-0.11041666666666666,0.1,0.275,16
2685,-0.04166666666666666,0.12541597452743675,-0.21666666666666667,-0.04166666666666667,0.18333333333333332,16
2686,0.03854166666666667,0.10167328359614547,-0.12083333333333333,0.075,0.19166666666666668,16
2687,0.05416666666666666,0.09816015824491456,-0.12708333333333333,0.058333333333333334,0.19375,16
2688,0.21979166666666666,0.12419445298715147,-0.018750000000000003,0.23333333333333334,0.4083333333333333,16
2689,0.215625,0.14354983044031938,-0.11249999999999999,0.25,0.4041666666666667,16
2690,0.1375,0.12781551375148306,-0.07708333333333334,0.15833333333333333,0.3104166666666667,16
2691,0.16249999999999998,0.13900689431343566,-0.043750000000000004,0.16666666666666666,0.38333333333333336,16
2692,0.17916666666666664,0.1381298704520898,-0.06458333333333333,0.15,0.36666666666666664,16
2693,0.07291666666666666,0.11424191559045996,-0.13958333333333334,0.075,0.21666666666666667,16
2694,0.184375,0.12671993808526477,-0.01458333333333333,0.16666666666666666,0.39375000000000004,16
2695,0.24270833333333333,0.12359891871830163,0.029166666666666667,0.2833333333333333,0.4041666666666667,16
2696,0.19062500000000002,0.11531489947819695,-0.016666666666666666,0.18333333333333332,0.38125,16
2697,0.20937499999999998,0.1488344473175929,-0.10416666666666669,0.18333333333333332,0.42708333333333337,16
2698,0.19583333333333333,0.11157023199163238,0.02291666666666667,0.175,0.41458333333333336,16
2699,0.19375,0.10356073768030474,0.025,0.2,0.3625,16
2700,0.125,0.10606601717798213,-0.08750000000000001,0.13333333333333333,0.27708333333333335,16
2701,0.171875,0.0974890930509095,-0.03125,0.19166666666666665,0.29375,16
2702,0.2,0.1707825127659933,-0.125,0.23333333333333334,0.45,16
2703,0.11875,0.1241463909619965,-0.08125,0.125,0.29375,16
2704,0.184375,0.13987454075984584,-0.041666666666666664,0.19166666666666665,0.39166666666666666,16
2705,0.13854166666666667,0.1664288668120207,-0.14375,0.15833333333333333,0.4083333333333333,16
2706,0.10416666666666666,0.16619725562649276,-0.1375,0.09166666666666667,0.3854166666666667,16
2707,0.2520833333333333,0.12718575107997662,0.02500000000000001,0.25,0.475,16
2708,0.040625,0.0861943761861011,-0.08750000000000001,0.041666666666666664,0.20625,16
2709,0.18333333333333335,0.09895285072531597,0.03958333333333333,0.16666666666666666,0.3333333333333333,16
2710,0.19375,0.11347953192830267,0.008333333333333335,0.225,0.36041666666666666,16
2711,0.171875,0.09731084750256092,-0.018750000000000003,0.19166666666666665,0.3145833333333333,16
2712,0.17916666666666667,0.0911919526176637,-0.0062500000000000056,0.16666666666666666,0.29375,16
2713,0.26875,0.1375473403353672,0.029166666666666667,0.26666666666666666,0.43333333333333335,16
2714,0.16354166666666667,0.12222172900784321,-0.020833333333333332,0.2,0.36041666666666666,16
2715,0.04583333333333334,0.12835768167291134,-0.17708333333333331,0.06666666666666667,0.24791666666666667,16
2716,0.10104166666666667,0.10888780381403808,-0.08541666666666667,0.1,0.25416666666666665,16
2717,0.14270833333333333,0.13679982715023192,-0.043750000000000004,0.13333333333333333,0.3625,16
2718,0.14479166666666665,0.11253375265275353,0.00625,0.125,0.3104166666666667,16
2719,0.18229166666666666,0.10382757307457184,0.025,0.14166666666666666,0.37916666666666665,16
2720,0.16979166666666667,0.1251691563778127,-0.041666666666666664,0.15833333333333333,0.3854166666666667,16
2721,0.24687499999999998,0.1508331894566533,0.029166666666666667,0.25,0.4875,16
2722,0.06354166666666666,0.1329706982655285,-0.15208333333333332,0.05,0.30416666666666664,16
2723,0.16354166666666664,0.11261086358439057,0.03958333333333333,0.15,0.4,16
2724,0.21979166666666666,0.1147489333646868,0.05625,0.20833333333333334,0.42500000000000004,16
2725,0.18229166666666669,0.13248018064559275,-0.05,0.225,0.3875,16
2726,0.19895833333333335,0.14294384459756682,-0.02916666666666666,0.2,0.38333333333333336,16
2727,0.20416666666666666,0.15562374497485915,-0.04583333333333333,0.18333333333333335,0.5166666666666666,16
2728,0.21145833333333333,0.13159264137439028,-0.01458333333333333,0.20833333333333334,0.42083333333333334,16
2729,0.18645833333333334,0.12489144591960206,-0.02291666666666667,0.18333333333333335,0.4354166666666667,16
2730,0.22291666666666665,0.10439558180306291,0.029166666666666667,0.2583333333333333,0.36458333333333337,16
2731,0.07083333333333333,0.15827849927685483,-0.11875,0.025,0.41041666666666665,16
2732,0.16979166666666667,0.1270961400650879,-0.05833333333333333,0.16666666666666666,0.4125,16
2733,0.16041666666666665,0.15533062855298907,-0.11666666666666665,0.15833333333333333,0.3979166666666667,16
2734,0.22291666666666665,0.08875586835058663,0.08333333333333333,0.20833333333333334,0.34375,16
2735,0.14166666666666666,0.14166666666666666,-0.09791666666666667,0.175,0.35416666666666663,16
2736,0.11666666666666667,0.0961046882889233,-0.06458333333333333,0.15,0.24375,16
2737,0.18125,0.08372304707254216,0.05625,0.18333333333333332,0.33125,16
2738,0.08541666666666667,0.14079079732394129,-0.14583333333333331,0.06666666666666667,0.35000000000000003,16
2739,0.06458333333333333,0.12526014596297844,-0.14166666666666666,0.058333333333333334,0.27708333333333335,16
2740,0.21979166666666666,0.07317661995701451,0.0625,0.23333333333333334,0.3,16
2741,0.07395833333333333,0.15711911064716333,-0.19166666666666668,0.09166666666666667,0.36875,16
2742,0.07395833333333333,0.14930030675528508,-0.07708333333333334,0.058333333333333334,0.4083333333333333,16
2743,0.10833333333333334,0.1450574598794101,-0.16875,0.08333333333333334,0.32708333333333334,16
2744,0.20104166666666667,0.1117208745912976,-0.008333333333333331,0.19166666666666665,0.39375000000000004,16
2745,0.14895833333333333,0.1378743326265706,-0.08958333333333333,0.125,0.36875,16
2746,0.23229166666666665,0.12875859599136155,-0.002083333333333333,0.21666666666666667,0.4104166666666667,16
2747,0.21145833333333333,0.1228592733238589,0.0020833333333333363,0.23333333333333334,0.3958333333333333,16
2748,0.184375,0.08363876319227427,0.05208333333333333,0.20833333333333331,0.29375,16
2749,0.10729166666666667,0.11164314895385803,-0.03333333333333333,0.09166666666666667,0.3458333333333333,16
2750,0.15520833333333334,0.12398459105648751,-0.020833333333333332,0.15,0.4041666666666667,16
2751,0.19479166666666664,0.15226515957186149,-0.043750000000000004,0.19166666666666665,0.4708333333333333,16
2752,0.20729166666666665,0.13109696766346488,-0.05,0.23333333333333334,0.35,16
2753,0.13854166666666665,0.11391376337436628,-0.05,0.14166666666666666,0.3333333333333333,16
2754,0.20833333333333331,0.1440968038815882,-0.002083333333333333,0.21666666666666667,0.4666666666666667,16
2755,0.18854166666666666,0.14490403313726102,-0.020833333333333332,0.20833333333333334,0.4041666666666667,16
2756,0.24895833333333334,0.09510023038586418,0.09583333333333333,0.25,0.3875,16
2757,0.13541666666666666,0.11224894827520161,-0.10208333333333333,0.15,0.2875,16
2758,0.16354166666666667,0.11550293857493169,0.016666666666666666,0.14166666666666666,0.4166666666666667,16
2759,0.11458333333333333,0.12074350109035084,-0.13333333333333333,0.15833333333333333,0.275,16
2760,0.25416666666666665,0.10231690964840563,0.08958333333333333,0.25,0.4166666666666667,16
2761,0.14270833333333333,0.13629124630527245,-0.08333333333333333,0.175,0.33749999999999997,16
2762,0.16041666666666665,0.1429931767991435,-0.03333333333333333,0.11666666666666667,0.42916666666666664,16
2763,0.24583333333333332,0.09344858955002418,0.1,0.23333333333333334,0.42500000000000004,16
2764,0.21875,0.11021995055342748,0.00625,0.25,0.36041666666666666,16
2765,0.22395833333333334,0.14941654466438595,-0.035416666666666666,0.23333333333333334,0.45,16
2766,0.14479166666666665,0.11497565412584816,-0.043750000000000004,0.18333333333333332,0.2875,16
2767,0.0625,0.1016359243137539,-0.11041666666666666,0.10833333333333334,0.20416666666666666,16
2768,0.14479166666666665,0.16380022024642635,-0.11041666666666666,0.14166666666666666,0.4375,16
2769,0.11770833333333333,0.11865401822806788,-0.03333333333333333,0.08333333333333334,0.35416666666666663,16
2770,0.271875,0.12186609654088013,0.04583333333333334,0.275,0.42083333333333334,16
2771,0.17916666666666664,0.11094605796411956,-0.004166666666666666,0.16666666666666666,0.3333333333333333,16
2772,0.14375000000000002,0.12975337182516686,-0.11458333333333333,0.15833333333333333,0.3541666666666667,16
2773,0.13437500000000002,0.11792016337571602,-0.11249999999999999,0.15,0.3125,16
2774,0.19791666666666669,0.14042037581649056,-0.0375,0.16666666666666666,0.4479166666666667,16
2775,0.19374999999999998,0.12813770262234817,0.025,0.15,0.475,16
2776,0.16562499999999997,0.10197166511394776,-0.016666666666666663,0.175,0.32708333333333334,16
2777,0.09687499999999999,0.12193730601100805,-0.11249999999999999,0.09166666666666667,0.29166666666666663,16
2778,0.140625,0.08798846791546669,-0.002083333333333333,0.16666666666666666,0.2875,16
2779,0.17083333333333334,0.09833686434338289,0.018750000000000003,0.19166666666666665,0.32916666666666666,16
2780,0.15729166666666666,0.14445404281677654,-0.11458333333333333,0.20833333333333334,0.35833333333333334,16
2781,0.13229166666666667,0.12310631555917656,-0.09583333333333333,0.16666666666666666,0.30833333333333335,16
2782,0.09999999999999999,0.17310481731534158,-0.22291666666666665,0.125,0.35625,16
2783,0.03854166666666667,0.08950456808640178,-0.08333333333333333,0.03333333333333333,0.18125,16
2784,0.15208333333333332,0.15941244113584388,-0.12083333333333333,0.15833333333333333,0.39375000000000004,16
2785,0.10312500000000001,0.12335286303707929,-0.12708333333333333,0.1,0.3375,16
2786,0.11249999999999999,0.11433685611676869,-0.075,0.125,0.29166666666666663,16
2787,0.165625,0.14594861514892457,-0.08541666666666667,0.15833333333333333,0.36875,16
2788,0.20729166666666665,0.13228346431264779,-0.020833333333333332,0.25,0.4354166666666667,16
2789,0.15416666666666667,0.15280934017410208,-0.05833333333333333,0.08333333333333334,0.4041666666666667,16
2790,0.10416666666666666,0.15595806060177417,-0.19791666666666666,0.11666666666666667,0.37083333333333335,16
2791,0.07083333333333333,0.14947825928876748,-0.14791666666666667,0.06666666666666667,0.35625,16
2792,0.13541666666666669,0.12935134646896154,-0.06666666666666667,0.13333333333333333,0.40208333333333335,16
2793,0.19583333333333333,0.08364524958285305,0.08958333333333333,0.175,0.35833333333333334,16
2794,0.16875,0.13240234871196374,-0.004166666666666666,0.15833333333333333,0.4625,16
2795,0.17604166666666665,0.1423962524378129,-0.09166666666666667,0.16666666666666666,0.3875,16
2796,0.065625,0.12464794171986956,-0.18125,0.09166666666666667,0.23125,16
2797,0.11979166666666667,0.16532992583014122,-0.19166666666666668,0.14166666666666666,0.37083333333333335,16
2798,0.20520833333333333,0.12537703554346255,-0.06874999999999999,0.23333333333333334,0.3875,16
2799,0.059375,0.09645968321589654,-0.07708333333333334,0.04166666666666667,0.21041666666666667,16
2800,0.15520833333333334,0.15237913584761748,-0.05,0.16666666666666666,0.3875,16
2801,0.08854166666666667,0.12496093139457627,-0.10416666666666667,0.125,0.29166666666666663,16
2802,0.19270833333333331,0.0985958272584483,0.037500000000000006,0.175,0.38125,16
2803,0.22604166666666664,0.12706198591195123,-0.016666666666666666,0.225,0.39375000000000004,16
2804,0.15312499999999998,0.1118373617630133,0.02291666666666667,0.13333333333333333,0.35833333333333334,16
2805,0.03958333333333333,0.18974352206772874,-0.36875,0.03333333333333333,0.32291666666666663,16
2806,0.20104166666666667,0.14439393815184903,-0.03333333333333333,0.20833333333333334,0.47500000000000003,16
2807,0.14270833333333333,0.11784652654806778,-0.06875,0.15,0.30833333333333335,16
2808,0.2125,0.1719475856830279,0.0020833333333333363,0.15833333333333333,0.5708333333333333,16
2809,0.115625,0.09600867112170419,-0.04791666666666666,0.10833333333333334,0.26458333333333334,16
2810,0.13020833333333331,0.11610261714678671,-0.06041666666666667,0.13333333333333333,0.2875,16
2811,0.15833333333333333,0.12977009585331195,-0.06041666666666667,0.15,0.36041666666666666,16
2812,0.14479166666666665,0.10098795823430302,-0.035416666666666666,0.13333333333333333,0.3104166666666667,16
2813,0.21354166666666666,0.13426998480466304,-0.004166666666666666,0.20833333333333331,0.43333333333333335,16
2814,0.19166666666666665,0.10606601717798213,0.008333333333333335,0.2,0.36458333333333337,16
2815,0.13333333333333333,0.10491398593345143,-0.027083333333333334,0.14166666666666666,0.33541666666666664,16
2816,0.04895833333333333,0.11140964668734929,-0.21666666666666667,0.06666666666666667,0.1875,16
2817,0.13541666666666666,0.12512146875914,-0.075,0.10833333333333334,0.36041666666666666,16
2818,0.13541666666666669,0.14694516645485295,-0.15,0.15833333333333333,0.35625,16
2819,0.12291666666666667,0.1200224226736173,-0.11458333333333333,0.125,0.29375,16
2820,0.013541666666666665,0.112147402691973,-0.14375,-0.025,0.225,16
2821,0.09791666666666668,0.11209417543595504,-0.0375,0.06666666666666667,0.29166666666666663,16
2822,0.06458333333333334,0.1145454482824273,-0.06041666666666667,0.025,0.3416666666666667,16
2823,0.025,0.13123346456686352,-0.23125,0.03333333333333333,0.23541666666666666,16
2824,0.046875,0.11565314972652785,-0.12708333333333333,0.025,0.24791666666666667,16
2825,0.084375,0.13660933121496496,-0.16458333333333333,0.125,0.275,16
2826,0.09791666666666665,0.12358574958303244,-0.16875,0.09166666666666667,0.2604166666666667,16
2827,0.019791666666666666,0.18240472684390613,-0.325,0.01666666666666667,0.26666666666666666,16
2828,-0.005208333333333333,0.1340758945005071,-0.19375,0.008333333333333333,0.20833333333333334,16
2829,-0.03958333333333333,0.12908263395549724,-0.26875,-0.03333333333333333,0.1875,16
2830,0.03541666666666667,0.13602427785754523,-0.21875,0.025,0.22708333333333333,16
2831,0.16354166666666664,0.09018090422096636,0.05625,0.14166666666666666,0.36041666666666666,16
2832,0.06770833333333333,0.17154007771914084,-0.26041666666666663,0.075,0.3208333333333333,16
2833,0.058333333333333334,0.14953632037438636,-0.18125,0.03333333333333333,0.35208333333333336,16
2834,0.054166666666666675,0.11688966782587948,-0.16458333333333333,0.11666666666666667,0.21041666666666667,16
2835,-0.04791666666666666,0.11317314046284224,-0.24375,-0.05,0.12708333333333333,16
2836,0.058333333333333334,0.12458263656438377,-0.18333333333333335,0.075,0.22083333333333333,16
2837,0.03229166666666666,0.12197289515616892,-0.17291666666666666,0.025,0.26666666666666666,16
2838,0.052083333333333336,0.15454626689477527,-0.21458333333333332,0.058333333333333334,0.27708333333333335,16
2839,0.028124999999999997,0.15687029652090148,-0.21666666666666667,0.03333333333333333,0.3416666666666667,16
2840,0.07083333333333333,0.1800366475039025,-0.28541666666666665,0.10833333333333334,0.34791666666666665,16
2841,0.06666666666666667,0.10736748938937606,-0.14791666666666667,0.08333333333333334,0.2,16
2842,0.028125,0.13026665360585057,-0.20625,0.03333333333333333,0.2708333333333333,16
2843,0.04791666666666667,0.10620914247109071,-0.14375,0.04166666666666667,0.22916666666666666,16
2844,0.051041666666666666,0.14061728373891708,-0.16041666666666665,0.058333333333333334,0.28125,16
2845,0.06770833333333333,0.15739510947329688,-0.24375,0.10833333333333334,0.26458333333333334,16
2846,0.058333333333333334,0.1346291201783626,-0.21041666666666664,0.06666666666666667,0.2833333333333333,16
2847,0.058333333333333334,0.12651855375574145,-0.15416666666666667,0.05,0.2583333333333333,16
2848,0.109375,0.13306858481207687,-0.11875,0.1,0.35625,16
2849,0.06354166666666666,0.1277773060075832,-0.12083333333333333,0.05,0.31875,16
2850,0.06145833333333334,0.13394634472014863,-0.13125,0.058333333333333334,0.3125,16
2851,0.11458333333333334,0.11439378261076953,-0.05416666666666667,0.125,0.27708333333333335,16
2852,0.03541666666666667,0.1318768101508205,-0.17708333333333331,0.041666666666666664,0.2520833333333333,16
2853,0.07291666666666667,0.1567768894179099,-0.16458333333333333,0.04166666666666667,0.3770833333333333,16
2854,0.029166666666666667,0.11479147761629925,-0.17500000000000002,0.025,0.17708333333333331,16
2855,-0.017708333333333333,0.14630504068744712,-0.3,0.008333333333333333,0.21041666666666667,16
2856,0.06979166666666667,0.13947057012343342,-0.14375,0.06666666666666667,0.26666666666666666,16
2857,0.1375,0.14319033564532985,-0.07916666666666666,0.13333333333333333,0.38125,16
2858,0.09166666666666667,0.17598926734952397,-0.09375,0.05,0.45,16
2859,0.28229166666666666,0.11234074375903577,0.06458333333333333,0.29166666666666663,0.44375000000000003,16
2860,0.10104166666666667,0.11880024521813451,-0.0375,0.075,0.33958333333333335,16
2861,0.16041666666666665,0.1459969320453915,-0.08750000000000001,0.19166666666666665,0.38125,16
2862,0.2822916666666666,0.10711960313126631,0.11875,0.2833333333333333,0.47708333333333336,16
2863,0.18958333333333333,0.1715811882656915,-0.175,0.19166666666666665,0.4104166666666667,16
2864,0.2791666666666667,0.11203608049790628,0.09375,0.25,0.4791666666666667,16
2865,0.234375,0.14993850012403234,-0.027083333333333334,0.25,0.45833333333333337,16
2866,0.26979166666666665,0.08764249310250263,0.11875,0.25,0.42500000000000004,16
2867,0.21145833333333333,0.14833786861044246,-0.0625,0.19166666666666665,0.4708333333333333,16
2868,0.19374999999999998,0.13627930367855243,-0.08333333333333333,0.21666666666666667,0.42500000000000004,16
2869,0.178125,0.13472177477016187,-0.004166666666666666,0.15833333333333333,0.44166666666666665,16
2870,0.228125,0.16273687329722036,-0.09375000000000001,0.225,0.5125000000000001,16
2871,0.15312499999999998,0.11610261714678671,-0.010416666666666666,0.15,0.33749999999999997,16
2872,0.271875,0.137653796563456,0.06458333333333333,0.25,0.55,16
2873,0.20104166666666667,0.13430230591840187,-0.012499999999999997,0.16666666666666666,0.44166666666666665,16
2874,0.2375,0.13900689431343563,-0.03958333333333333,0.26666666666666666,0.4041666666666667,16
2875,0.32916666666666666,0.10793194872490516,0.18333333333333332,0.31666666666666665,0.55625,16
2876,0.16666666666666666,0.11989578808281799,-0.05416666666666667,0.19166666666666665,0.32708333333333334,16
2877,0.14270833333333333,0.13919021133167214,-0.09375,0.15833333333333333,0.41041666666666665,16
2878,0.14479166666666665,0.11677357452922871,-0.035416666666666666,0.125,0.37083333333333335,16
2879,0.259375,0.12275324588376473,0.05208333333333333,0.26666666666666666,0.49583333333333335,16
2880,0.21979166666666666,0.13257842935619488,0.03958333333333333,0.2,0.46666666666666673,16
2881,0.13541666666666669,0.14189626003214853,-0.08125,0.14166666666666666,0.4145833333333333,16
2882,0.18958333333333333,0.13461299982625088,-0.04583333333333333,0.19166666666666665,0.4083333333333333,16
2883,0.29166666666666663,0.11008204011352422,0.16666666666666666,0.25,0.48125,16
2884,0.19583333333333333,0.10466547239233726,-0.004166666666666666,0.21666666666666667,0.3333333333333333,16
2885,0.18854166666666666,0.1310638560969423,0.0020833333333333363,0.18333333333333332,0.45416666666666666,16
2886,0.125,0.1015504800579495,-0.05833333333333333,0.15833333333333333,0.26458333333333334,16
2887,0.10520833333333333,0.11019533634767752,-0.06041666666666667,0.1,0.29791666666666666,16
2888,0.18854166666666666,0.11941971239428328,-0.020833333333333332,0.18333333333333335,0.39375000000000004,16
2889,0.21979166666666666,0.08461898879027618,0.08333333333333333,0.2,0.35416666666666663,16
2890,0.21354166666666666,0.12804875780342423,-0.016666666666666666,0.21666666666666667,0.42708333333333337,16
2891,0.253125,0.16332257086140234,-0.08125,0.29166666666666663,0.5062500000000001,16
2892,0.21354166666666666,0.13922139018883237,-0.02916666666666666,0.2,0.47708333333333336,16
2893,0.16145833333333331,0.15362729407924594,-0.1375,0.18333333333333332,0.4145833333333333,16
2894,0.10520833333333332,0.15112066899409302,-0.15416666666666667,0.11666666666666667,0.32708333333333334,16
2895,0.16354166666666667,0.1489801848774229,-0.08333333333333333,0.19166666666666665,0.3958333333333333,16
2896,0.19062500000000002,0.11501339746839158,-0.002083333333333333,0.15833333333333333,0.3854166666666667,16
2897,0.13854166666666667,0.11662480647834367,-0.0375,0.125,0.34791666666666665,16
2898,0.22604166666666667,0.10976122285063457,0.029166666666666667,0.225,0.3770833333333333,16
2899,0.17708333333333331,0.09407351587396363,0.035416666666666666,0.175,0.32708333333333334,16
2900,0.26875000000000004,0.11286591725484615,0.08541666666666667,0.275,0.4166666666666667,16
2901,0.21354166666666669,0.13362192076277507,-0.004166666666666666,0.20833333333333334,0.4791666666666667,16
2902,0.24583333333333335,0.1387568817112226,-0.020833333333333332,0.25,0.45833333333333337,16
2903,0.21666666666666667,0.13070322617798436,-0.08958333333333332,0.2583333333333333,0.39166666666666666,16
2904,0.21041666666666667,0.15021685713216965,-0.07083333333333333,0.23333333333333334,0.3875,16
2905,0.16979166666666667,0.15912289428649515,-0.07083333333333333,0.15833333333333333,0.47708333333333336,16
2906,0.23020833333333332,0.10294597254817155,0.04583333333333334,0.26666666666666666,0.37916666666666665,16
2907,0.2604166666666667,0.12245676674737996,0.016666666666666666,0.275,0.47708333333333336,16
2908,0.16770833333333335,0.11569067204067154,-0.01458333333333333,0.16666666666666669,0.32708333333333334,16
2909,0.18437499999999998,0.13558883286326429,-0.020833333333333332,0.20833333333333331,0.37083333333333335,16
2910,0.23541666666666666,0.15666611258767268,-0.04791666666666666,0.24166666666666667,0.475,16
2911,0.23645833333333333,0.15424758574555822,0.02291666666666667,0.25,0.53125,16
2912,0.12291666666666667,0.0975169144872371,-0.05416666666666667,0.13333333333333333,0.25416666666666665,16
2913,0.17916666666666664,0.12367351733046525,0.03958333333333333,0.15,0.44583333333333336,16
2914,0.028124999999999997,0.11066697257738843,-0.09375,0.0,0.27708333333333335,16
2915,-6.938893903907228e-18,0.16457014715109583,-0.3458333333333333,0.01666666666666667,0.2625,16
2916,0.0625,0.1315637783653912,-0.16041666666666665,0.075,0.26875,16
2917,0.021875,0.12702782257573864,-0.16666666666666666,0.0,0.25,16
2918,0.0,0.13202482931462384,-0.23333333333333334,-0.016666666666666666,0.24166666666666667,16
2919,0.11979166666666666,0.15934095496938494,-0.11041666666666666,0.18333333333333335,0.35208333333333336,16
2920,0.013541666666666664,0.11684788752666625,-0.19583333333333333,0.0,0.2520833333333333,16
2921,0.052083333333333336,0.10372824403753834,-0.13958333333333334,0.058333333333333334,0.21666666666666667,16
2922,0.07083333333333333,0.10026007846263303,-0.05416666666666667,0.016666666666666666,0.2583333333333333,16
2923,0.08229166666666668,0.10281941255046259,-0.08333333333333333,0.08333333333333334,0.21666666666666667,16
2924,0.046875,0.13670461236427492,-0.21041666666666667,0.03333333333333333,0.2833333333333333,16
2925,0.04687499999999999,0.11027408246677407,-0.12083333333333333,0.08333333333333333,0.23125,16
2926,0.09166666666666666,0.15866193970549808,-0.24583333333333332,0.1,0.3145833333333333,16
2927,0.021875,0.12468275715011902,-0.15416666666666667,0.05,0.22083333333333333,16
2928,0.029166666666666667,0.1318274334963031,-0.21041666666666667,0.008333333333333333,0.2583333333333333,16
2929,0.058333333333333334,0.13693063937629152,-0.1875,0.05,0.25,16
2930,0.059375,0.13122933038302748,-0.20416666666666666,0.075,0.22708333333333333,16
2931,-5.204170427930421e-18,0.11726039399558574,-0.2,0.03333333333333333,0.15,16
2932,-0.03958333333333333,0.10767024632852126,-0.21666666666666667,-0.03333333333333334,0.15,16
2933,0.07500000000000001,0.10688129448650549,-0.12708333333333333,0.08333333333333333,0.24583333333333332,16
2934,0.0375,0.14807796369930717,-0.1875,0.06666666666666667,0.2708333333333333,16
2935,0.125,0.11501811451535218,-0.043750000000000004,0.125,0.35208333333333336,16
2936,0.08958333333333333,0.19763137332473865,-0.30416666666666664,0.09166666666666667,0.3875,16
2937,0.07916666666666666,0.16981403226929026,-0.19166666666666668,0.025,0.3145833333333333,16
2938,0.03958333333333333,0.1421407508617974,-0.20625,0.03333333333333333,0.3125,16
2939,0.08541666666666667,0.09370369226687092,-0.10416666666666666,0.08333333333333333,0.21041666666666667,16
2940,0.03333333333333334,0.12430361575146916,-0.20833333333333334,0.04166666666666667,0.19375,16
2941,0.040625,0.09445912365497929,-0.11041666666666666,0.05,0.17083333333333334,16
2942,-0.014583333333333332,0.11753767126613776,-0.19375,-0.008333333333333335,0.1875,16
2943,0.03020833333333333,0.15413499111529189,-0.27708333333333335,0.03333333333333333,0.2625,16
2944,0.0125,0.08630131323836658,-0.15208333333333332,0.016666666666666666,0.12708333333333333,16
2945,0.06875,0.1356408400888169,-0.13125,0.08333333333333333,0.25416666666666665,16
2946,0.046875,0.1684507377296599,-0.21666666666666667,0.03333333333333333,0.375,16
2947,0.056249999999999994,0.11100472337297684,-0.12083333333333333,0.03333333333333333,0.2625,16
2948,0.11354166666666665,0.13099760785559747,-0.12291666666666666,0.10833333333333334,0.32916666666666666,16
2949,0.026041666666666664,0.14789832632777003,-0.20416666666666666,0.03333333333333333,0.3,16
2950,0.07291666666666667,0.09840304732182953,-0.11458333333333333,0.08333333333333333,0.22083333333333333,16
2951,0.01875,0.1470632658642758,-0.24166666666666667,-0.008333333333333333,0.2604166666666667,16
2952,0.08020833333333333,0.11368492491433409,-0.09999999999999999,0.05,0.33958333333333335,16
2953,0.038541666666666675,0.09890349357665111,-0.1375,0.06666666666666667,0.18125,16
2954,0.01666666666666667,0.07359800721939873,-0.12083333333333333,0.016666666666666666,0.12708333333333333,16
2955,0.07916666666666666,0.12576156893988807,-0.15416666666666667,0.075,0.28125,16
2956,0.058333333333333334,0.10324593077803221,-0.10833333333333334,0.075,0.20416666666666666,16
2957,0.07291666666666666,0.1461157978758248,-0.13333333333333333,0.08333333333333334,0.3145833333333333,16
2958,0.07291666666666667,0.15194057226429022,-0.2375,0.10833333333333334,0.3,16
2959,0.09583333333333334,0.10299339245256896,-0.10208333333333333,0.13333333333333333,0.21666666666666667,16
2960,0.058333333333333334,0.08838834764831843,-0.12291666666666666,0.058333333333333334,0.1875,16
2961,0.02291666666666667,0.1125578554936675,-0.16875,0.016666666666666666,0.23125,16
2962,0.059375,0.09645968321589653,-0.125,0.06666666666666667,0.20416666666666666,16
2963,0.07395833333333333,0.1536555434784787,-0.18125,0.05,0.3416666666666667,16
2964,0.04583333333333333,0.13050383136138186,-0.21041666666666667,0.05,0.27291666666666664,16
2965,0.058333333333333334,0.15767406607020418,-0.225,0.075,0.29791666666666666,16
2966,0.03645833333333333,0.11183736176301332,-0.16458333333333333,0.03333333333333333,0.24791666666666667,16
2967,0.05,0.07383352144445562,-0.06666666666666667,0.058333333333333334,0.18125,16
2968,0.0875,0.15816877413418587,-0.20208333333333334,0.10833333333333334,0.35000000000000003,16
2969,0.040625,0.13919021133167217,-0.26458333333333334,0.1,0.20416666666666666,16
2970,0.08645833333333333,0.1233528630370793,-0.12083333333333333,0.10833333333333334,0.2875,16
2971,0.02604166666666667,0.13552479657284533,-0.16041666666666665,0.025,0.26875,16
2972,0.06458333333333334,0.0951743648375035,-0.06458333333333333,0.05,0.25416666666666665,16
2973,0.071875,0.10353454033155635,-0.11458333333333333,0.1,0.21041666666666667,16
2974,0.10416666666666667,0.11792476415070753,-0.11875,0.125,0.29375,16
2975,-0.005208333333333332,0.17841107631752512,-0.3104166666666667,-0.008333333333333333,0.2708333333333333,16
2976,0.02291666666666667,0.1429931767991435,-0.19166666666666668,0.008333333333333333,0.25416666666666665,16
2977,0.01979166666666667,0.10724108840209833,-0.20208333333333334,0.05,0.16458333333333333,16
2978,0.033333333333333326,0.09391189724653871,-0.12708333333333333,0.03333333333333333,0.19166666666666668,16
2979,-0.014583333333333334,0.10238051979421345,-0.15416666666666667,-0.016666666666666666,0.14375,16
2980,0.08125,0.12526014596297844,-0.15833333333333333,0.125,0.23125,16
2981,0.051041666666666666,0.12713028504254995,-0.16041666666666665,0.05,0.26875,16
2982,0.0625,0.1428261375083551,-0.25,0.1,0.26458333333333334,16
2983,0.035416666666666666,0.10067049523624642,-0.12708333333333333,0.04166666666666667,0.18125,16
2984,0.10208333333333333,0.14694516645485295,-0.18333333333333332,0.15,0.3,16
2985,0.037500000000000006,0.13222193043852026,-0.25625,0.06666666666666667,0.19375,16
2986,0.03020833333333333,0.10311447757764722,-0.11041666666666666,0.0,0.225,16
2987,0.16666666666666666,0.11086778913041725,-0.004166666666666666,0.15,0.34375,16
2988,0.2583333333333333,0.10606601717798214,0.10833333333333334,0.23333333333333334,0.4375,16
2989,0.09687499999999999,0.09934136397907078,-0.08125,0.08333333333333333,0.2625,16
2990,0.20625000000000002,0.12553704079319025,0.008333333333333335,0.18333333333333332,0.44583333333333336,16
2991,0.29583333333333334,0.12367351733046525,0.056249999999999994,0.29166666666666663,0.4666666666666667,16
2992,0.05729166666666667,0.11379940166558189,-0.13541666666666666,0.05,0.23125,16
2993,0.12395833333333334,0.12345837552029879,-0.11666666666666665,0.15833333333333333,0.29375,16
2994,0.051041666666666666,0.09042122684352877,-0.10416666666666667,0.058333333333333334,0.19375,16
2995,0.12499999999999999,0.14373490258883614,-0.09166666666666667,0.11666666666666667,0.33749999999999997,16
2996,0.08229166666666668,0.13736972995654223,-0.15208333333333332,0.09166666666666667,0.30624999999999997,16
2997,0.22708333333333336,0.10604555493853678,0.06875,0.21666666666666667,0.3875,16
2998,0.09687499999999999,0.08420765297432559,-0.04583333333333333,0.08333333333333334,0.2520833333333333,16
2999,0.215625,0.1006004110743755,0.09166666666666667,0.19166666666666665,0.43333333333333335,16
3000,0.021875000000000002,0.08813632708921888,-0.12708333333333333,0.04166666666666667,0.15416666666666667,16
3001,0.046875,0.09075660941649252,-0.08333333333333333,0.05,0.23125,16
3002,0.13645833333333335,0.13733813073133688,-0.08750000000000001,0.1,0.33125,16
3003,0.19479166666666667,0.11237937205683653,0.020833333333333332,0.16666666666666666,0.3854166666666667,16
3004,0.13333333333333333,0.1030776406404415,-0.016666666666666666,0.125,0.30416666666666664,16
3005,0.02395833333333333,0.1582202172694052,-0.30416666666666664,0.075,0.2,16
3006,0.12604166666666666,0.13488276159317023,-0.09791666666666667,0.15833333333333333,0.3208333333333333,16
3007,0.13854166666666667,0.09766701329574438,0.00625,0.11666666666666667,0.27708333333333335,16
3008,0.13020833333333331,0.1347861925730278,-0.07708333333333334,0.15,0.33541666666666664,16
