unit_index,sample_mean,sample_std,q025,q500,q975,num_finite_samples
0,0.021875,0.06839396446324778,-0.10833333333333334,0.025,0.13333333333333333,16
1,0.45625000000000004,0.10254995395199142,0.275,0.4666666666666667,0.6041666666666667,16
2,-0.628125,0.08348293862620472,-0.7583333333333333,-0.6166666666666667,-0.49583333333333335,16
3,0.4760416666666667,0.10606090198822352,0.24166666666666667,0.5,0.6354166666666666,16
4,0.7322916666666667,0.07179947723037791,0.6395833333333333,0.7166666666666667,0.8666666666666667,16
5,0.25104166666666666,0.08467026526145081,0.09375,0.25,0.4125,16
6,0.75,0.0694722166688878,0.6333333333333333,0.75,0.8604166666666667,16
7,-0.020833333333333336,0.10197698542100347,-0.17708333333333331,-0.025,0.14375,16
8,0.7760416666666667,0.0642717618787598,0.6583333333333333,0.775,0.8875000000000001,16
9,0.91875,0.0416145507404962,0.8666666666666667,0.9083333333333333,1.0,16
10,0.3572916666666667,0.1121086944665756,0.12916666666666665,0.4,0.5020833333333333,16
11,0.09479166666666666,0.11572818218903197,-0.10416666666666667,0.1,0.2708333333333333,16
12,0.37395833333333334,0.10324067586362354,0.22916666666666669,0.38333333333333336,0.5541666666666667,16
13,0.2979166666666666,0.0975169144872371,0.13333333333333333,0.31666666666666665,0.43333333333333335,16
14,-0.30000000000000004,0.11843892002959913,-0.5041666666666667,-0.29166666666666663,-0.13333333333333333,16
15,0.040625,0.09964672842653245,-0.09375,0.016666666666666666,0.21458333333333332,16
16,0.005208333333333336,0.07493486755176124,-0.125,-0.008333333333333333,0.14375,16
17,0.6458333333333334,0.08385254915624211,0.5333333333333333,0.6333333333333333,0.8020833333333334,16
18,0.46979166666666666,0.1000379702218668,0.32291666666666663,0.4666666666666667,0.6416666666666666,16
19,0.6114583333333333,0.06338779182758915,0.5229166666666667,0.6166666666666667,0.7291666666666667,16
20,0.7,0.06535161308899219,0.6124999999999999,0.6833333333333333,0.8104166666666667,16
21,0.07604166666666667,0.07970622056792194,-0.07708333333333334,0.09166666666666667,0.2,16
22,0.03854166666666667,0.10924595562053749,-0.1,0.058333333333333334,0.22708333333333333,16
23,0.5677083333333333,0.07252124928062272,0.4666666666666667,0.5333333333333333,0.7104166666666667,16
24,0.4354166666666667,0.0933324032691755,0.30624999999999997,0.44166666666666665,0.5875,16
25,0.17395833333333333,0.09771144273659389,0.025,0.13333333333333333,0.36041666666666666,16
26,-0.44270833333333337,0.08538490263051322,-0.56875,-0.45,-0.2604166666666667,16
27,-0.10208333333333333,0.11147293518059789,-0.25416666666666665,-0.08333333333333333,0.11249999999999999,16
28,0.21041666666666667,0.10238051979421345,0.02291666666666667,0.19166666666666665,0.36458333333333337,16
29,0.7770833333333333,0.07403898184965359,0.6270833333333333,0.7916666666666667,0.8604166666666667,16
30,0.07916666666666666,0.10248644896874036,-0.06666666666666667,0.1,0.24791666666666667,16
31,-0.029166666666666667,0.09601432184835759,-0.19791666666666666,-0.04166666666666667,0.09375,16
32,0.07395833333333333,0.1216165350485789,-0.125,0.11666666666666667,0.22708333333333333,16
33,-0.05312499999999999,0.13086501076172602,-0.2625,-0.058333333333333334,0.19583333333333333,16
34,0.47395833333333337,0.09788895884566805,0.31875,0.45833333333333337,0.6583333333333333,16
35,0.490625,0.0861943761861011,0.3729166666666667,0.475,0.6458333333333334,16
36,0.53125,0.06091746465505602,0.4395833333333333,0.525,0.6270833333333333,16
37,0.9322916666666667,0.027302796712669067,0.8895833333333333,0.9416666666666667,0.9666666666666667,16
38,0.35520833333333335,0.09367473830880033,0.23958333333333334,0.3416666666666667,0.5645833333333333,16
39,-0.25416666666666665,0.10549157417643469,-0.42083333333333334,-0.24166666666666667,-0.09583333333333333,16
40,0.3770833333333334,0.09716019846967516,0.23958333333333334,0.375,0.5604166666666667,16
41,-0.484375,0.10128835864610614,-0.625,-0.5,-0.28541666666666665,16
42,-0.20520833333333333,0.11512655325288293,-0.3979166666666667,-0.18333333333333332,-0.029166666666666667,16
43,0.7645833333333333,0.07165576467466599,0.6458333333333333,0.7666666666666667,0.8833333333333333,16
44,0.7479166666666667,0.06005639710583157,0.65625,0.7416666666666667,0.8708333333333333,16
45,0.24270833333333336,0.04675911601554883,0.15,0.24166666666666667,0.3208333333333333,16
46,0.3875,0.1021470889344272,0.20833333333333331,0.3916666666666667,0.5333333333333333,16
47,-0.37083333333333335,0.11718634258687695,-0.5583333333333333,-0.3583333333333333,-0.17916666666666667,16
48,-0.17083333333333334,0.08488145328109735,-0.3458333333333333,-0.15833333333333333,-0.025,16
49,0.06979166666666667,0.10209927596598214,-0.11458333333333333,0.06666666666666667,0.24791666666666667,16
50,0.37916666666666665,0.09251501379656049,0.24583333333333335,0.3583333333333333,0.5625,16
51,0.30625,0.11454544828242728,0.16249999999999998,0.2833333333333333,0.5145833333333333,16
52,0.4,0.08036375634160797,0.27291666666666664,0.42500000000000004,0.5375000000000001,16
53,0.13333333333333333,0.08819171036881969,0.0020833333333333363,0.13333333333333333,0.27708333333333335,16
54,-0.3854166666666667,0.10169996039549103,-0.58125,-0.375,-0.225,16
55,-0.20416666666666666,0.08175590362645242,-0.34791666666666665,-0.2,-0.06875,16
56,-0.4302083333333333,0.08543571941979408,-0.5520833333333334,-0.45833333333333337,-0.26875,16
57,0.41666666666666663,0.06614378277661477,0.30624999999999997,0.4166666666666667,0.5145833333333333,16
58,0.6177083333333333,0.10298812465252702,0.44583333333333336,0.6416666666666666,0.7708333333333334,16
59,-0.65625,0.07770023416238132,-0.7875000000000001,-0.65,-0.5125,16
60,0.12083333333333332,0.07058780977540591,-0.02916666666666666,0.125,0.21041666666666667,16
61,0.46770833333333334,0.08280431039169667,0.35,0.48333333333333334,0.6145833333333334,16
62,-0.075,0.09753916592266354,-0.20416666666666666,-0.08333333333333333,0.09375,16
63,0.3302083333333333,0.11121468696724468,0.2,0.32499999999999996,0.58125,16
64,0.19479166666666664,0.09236829023894871,0.05208333333333333,0.19166666666666665,0.3625,16
65,0.32916666666666666,0.09138213416442212,0.15208333333333332,0.3416666666666667,0.4604166666666667,16
66,0.4125,0.08196798155377502,0.28541666666666665,0.4,0.5729166666666667,16
67,0.31979166666666664,0.10072975913303873,0.16249999999999998,0.31666666666666665,0.5020833333333333,16
68,-0.3447916666666666,0.08264691254231933,-0.4708333333333333,-0.35833333333333334,-0.20208333333333334,16
69,0.14375,0.0835154260534477,0.02291666666666667,0.13333333333333333,0.2875,16
70,-0.8687499999999999,0.05947542676508417,-0.9541666666666667,-0.8833333333333333,-0.7625,16
71,-0.3052083333333333,0.0867465076946745,-0.48125,-0.30833333333333335,-0.18125,16
72,-0.05416666666666667,0.08829008375173789,-0.1875,-0.05,0.09375,16
73,0.6312500000000001,0.11530078418351426,0.4041666666666667,0.6583333333333333,0.8041666666666667,16
74,0.20729166666666668,0.07727313344738763,0.05416666666666667,0.21666666666666667,0.30416666666666664,16
75,0.6458333333333333,0.12254534308210618,0.42083333333333334,0.6583333333333333,0.8270833333333334,16
76,-0.10833333333333332,0.06922186552431729,-0.21458333333333332,-0.11666666666666667,0.0,16
77,0.34375,0.08757437315409877,0.20208333333333334,0.3333333333333333,0.4666666666666667,16
78,0.1375,0.1021470889344272,-0.010416666666666666,0.15,0.2833333333333333,16
79,0.925,0.03952847075210474,0.85,0.925,0.9833333333333333,16
80,0.3145833333333333,0.09787233038788623,0.15625,0.3,0.5041666666666667,16
81,0.503125,0.12953157460420392,0.32291666666666663,0.525,0.71875,16
82,0.3760416666666667,0.1258262622185404,0.1375,0.3916666666666667,0.5333333333333333,16
83,0.8187500000000001,0.05976661786575439,0.7124999999999999,0.8166666666666667,0.9270833333333334,16
84,0.08645833333333333,0.10659156698715794,-0.12708333333333333,0.08333333333333334,0.2708333333333333,16
85,-0.34375,0.09126331714087296,-0.49375,-0.3416666666666667,-0.21666666666666667,16
86,0.5791666666666667,0.08589803386703458,0.47291666666666665,0.5583333333333333,0.7270833333333333,16
87,0.6666666666666667,0.0731247032282677,0.55625,0.6666666666666666,0.7937500000000001,16
88,-0.32291666666666674,0.09997829625584857,-0.5020833333333333,-0.3333333333333333,-0.17916666666666667,16
89,0.7291666666666666,0.08343743497708661,0.6020833333333333,0.7083333333333333,0.9104166666666667,16
90,0.3229166666666667,0.07880950133074058,0.21666666666666667,0.31666666666666665,0.44375000000000003,16
91,-0.3072916666666667,0.10976122285063458,-0.45416666666666666,-0.35,-0.12083333333333332,16
92,0.740625,0.06971388700730055,0.61875,0.7416666666666667,0.86875,16
93,-0.35625000000000007,0.13666095008369353,-0.5770833333333334,-0.31666666666666665,-0.16875,16
94,0.853125,0.053104571235545364,0.7375,0.8666666666666667,0.9208333333333334,16
95,0.5635416666666666,0.0724613762059945,0.41875,0.575,0.68125,16
96,-0.16249999999999998,0.11494261853444766,-0.37083333333333335,-0.14166666666666666,-0.0020833333333333363,16
97,-0.22604166666666664,0.11288033702160492,-0.3770833333333333,-0.2583333333333333,-0.014583333333333334,16
98,0.7885416666666667,0.08327471896947143,0.6458333333333333,0.8,0.9145833333333333,16
99,-0.590625,0.08374248515206867,-0.7645833333333333,-0.5833333333333334,-0.48333333333333334,16
100,0.4229166666666667,0.10783136912172944,0.28541666666666665,0.4166666666666667,0.64375,16
101,-0.6739583333333333,0.05862094276413127,-0.7833333333333333,-0.65,-0.5895833333333333,16
102,0.1875,0.08946212730659954,0.035416666666666666,0.18333333333333332,0.3458333333333333,16
103,0.14270833333333333,0.0867965273082845,-0.008333333333333331,0.15833333333333333,0.29583333333333334,16
104,0.7572916666666667,0.0879884679154667,0.5583333333333333,0.7666666666666667,0.8666666666666667,16
105,0.5270833333333333,0.06944097213541232,0.4291666666666667,0.5333333333333333,0.64375,16
106,0.24479166666666666,0.08931038845571725,0.12916666666666665,0.225,0.4104166666666667,16
107,0.010416666666666666,0.10799225152245362,-0.11458333333333333,-0.03333333333333333,0.22916666666666666,16
108,-0.475,0.07949493345141215,-0.6166666666666667,-0.475,-0.33541666666666664,16
109,0.08333333333333333,0.10120798167909267,-0.07708333333333334,0.09166666666666667,0.2708333333333333,16
110,0.8260416666666667,0.05832403199653926,0.7333333333333333,0.8333333333333333,0.9208333333333334,16
111,-0.15520833333333334,0.11160426583593377,-0.33749999999999997,-0.15,0.027083333333333334,16
112,0.6260416666666666,0.07794423531887681,0.5,0.6083333333333334,0.7541666666666667,16
113,0.37395833333333334,0.0637292313664268,0.27291666666666664,0.3666666666666667,0.47708333333333336,16
114,0.24583333333333332,0.0789470638395684,0.13958333333333334,0.225,0.3770833333333333,16
115,0.6552083333333333,0.06762815765887262,0.5395833333333333,0.6499999999999999,0.75,16
116,0.5052083333333334,0.1208647588445679,0.31666666666666665,0.55,0.6749999999999999,16
117,0.2572916666666667,0.07568409078017799,0.15208333333333332,0.25,0.4166666666666667,16
118,-0.2864583333333333,0.09075660941649252,-0.45208333333333334,-0.275,-0.16249999999999998,16
119,-0.43437499999999996,0.1066322779852955,-0.63125,-0.44166666666666665,-0.27291666666666664,16
120,0.49270833333333336,0.10407808733777196,0.32916666666666666,0.5,0.6833333333333333,16
121,0.14583333333333334,0.13063679505492404,-0.043750000000000004,0.125,0.42708333333333337,16
122,0.6958333333333333,0.08003905296791061,0.55625,0.725,0.8083333333333333,16
123,-0.10520833333333333,0.0916133841356042,-0.22708333333333333,-0.125,0.09999999999999999,16
124,0.25,0.09033118078616167,0.08958333333333333,0.2583333333333333,0.38333333333333336,16
125,0.578125,0.0889207570911689,0.40208333333333335,0.5833333333333334,0.7,16
126,0.053125000000000006,0.07388494010960556,-0.04791666666666666,0.04166666666666667,0.2125,16
127,-0.027083333333333334,0.09733871988519723,-0.14375,-0.04166666666666667,0.18958333333333333,16
128,0.5541666666666667,0.0871022706681953,0.39166666666666666,0.5666666666666667,0.7041666666666667,16
129,-0.5666666666666667,0.09982623792259117,-0.7291666666666667,-0.5916666666666667,-0.39166666666666666,16
130,-0.09166666666666667,0.11086778913041725,-0.2375,-0.10833333333333334,0.11041666666666666,16
131,0.34375,0.11317314046284226,0.10416666666666666,0.36666666666666664,0.5,16
132,0.7635416666666667,0.0729389846797384,0.5916666666666667,0.7833333333333333,0.85,16
133,-0.4135416666666667,0.0814833721108519,-0.5208333333333334,-0.4166666666666667,-0.26875,16
134,0.38125,0.09997829625584857,0.18125,0.3916666666666667,0.5145833333333333,16
135,-0.7697916666666667,0.06433925652784277,-0.8666666666666667,-0.775,-0.6395833333333333,16
136,-0.7833333333333333,0.06263873490988713,-0.88125,-0.7916666666666667,-0.6729166666666666,16
137,-0.49583333333333335,0.09709316831442537,-0.6,-0.55,-0.32291666666666663,16
138,0.2947916666666667,0.08931038845571723,0.17916666666666667,0.275,0.4708333333333333,16
139,0.30729166666666663,0.12706198591195123,0.11875,0.29166666666666663,0.4666666666666667,16
140,0.21354166666666666,0.0909477013178453,0.04166666666666667,0.225,0.35416666666666663,16
141,-0.32916666666666666,0.07083333333333335,-0.43125,-0.3333333333333333,-0.20625000000000002,16
142,-0.5874999999999999,0.08364524958285303,-0.7270833333333333,-0.5833333333333334,-0.45625,16
143,-0.1802083333333333,0.11183736176301332,-0.35416666666666663,-0.2,0.004166666666666666,16
144,-0.18229166666666669,0.12282394101359519,-0.39375000000000004,-0.16666666666666666,-0.00625,16
145,0.315625,0.0764827390657526,0.175,0.35,0.4104166666666667,16
146,-0.13229166666666667,0.08405288307237165,-0.2604166666666667,-0.13333333333333333,0.010416666666666666,16
147,0.5135416666666667,0.07755346498097655,0.4,0.5166666666666667,0.6583333333333333,16
148,0.6927083333333334,0.07970622056792194,0.5208333333333334,0.7083333333333333,0.8083333333333333,16
149,0.7479166666666667,0.06478463252277589,0.63125,0.75,0.8583333333333333,16
150,-0.11979166666666667,0.10311447757764722,-0.30416666666666664,-0.125,0.05833333333333333,16
151,0.11458333333333333,0.12948549361050277,-0.12916666666666665,0.16666666666666666,0.3020833333333333,16
152,-0.284375,0.11732977474480494,-0.49375,-0.24166666666666667,-0.14583333333333331,16
153,0.45208333333333334,0.10472765606297338,0.29583333333333334,0.4666666666666667,0.6354166666666666,16
154,0.3666666666666667,0.0731247032282677,0.24583333333333335,0.38333333333333336,0.49375,16
155,0.20833333333333331,0.08498365855987974,0.08958333333333333,0.20833333333333334,0.34375,16
156,0.4354166666666667,0.07543277912596531,0.3125,0.4666666666666667,0.5479166666666667,16
157,-0.615625,0.0974445622307029,-0.74375,-0.6166666666666667,-0.4166666666666667,16
158,0.028125,0.10956332992333195,-0.20833333333333331,0.05,0.15,16
159,0.09583333333333333,0.06934715407122183,-0.010416666666666666,0.09166666666666667,0.21458333333333332,16
160,-0.43125,0.08677777333191056,-0.5375000000000001,-0.45833333333333337,-0.2625,16
161,-0.6739583333333333,0.051020403734410254,-0.7604166666666667,-0.675,-0.5791666666666666,16
162,0.43020833333333336,0.08563868503777952,0.30624999999999997,0.43333333333333335,0.5645833333333333,16
163,-0.15729166666666666,0.10474319621234487,-0.3979166666666667,-0.125,-0.03958333333333333,16
164,-0.020833333333333336,0.10549157417643469,-0.18125,-0.016666666666666666,0.15833333333333333,16
165,-0.0020833333333333355,0.06558365099457164,-0.11041666666666666,0.0,0.10416666666666667,16
166,0.09479166666666666,0.09748909305090948,-0.08541666666666667,0.11666666666666667,0.2583333333333333,16
167,-0.4947916666666667,0.08594223471805545,-0.63125,-0.5166666666666666,-0.36666666666666664,16
168,0.09791666666666668,0.09407351587396365,-0.06041666666666667,0.1,0.2583333333333333,16
169,0.8104166666666667,0.05769742676719261,0.7166666666666667,0.8166666666666667,0.89375,16
170,0.671875,0.08472151069828722,0.5291666666666667,0.6916666666666667,0.81875,16
171,-0.40208333333333335,0.09407351587396365,-0.5375000000000001,-0.42500000000000004,-0.21666666666666667,16
172,0.09479166666666666,0.10353454033155635,-0.06666666666666667,0.08333333333333334,0.24791666666666667,16
173,0.5427083333333333,0.08699631816921909,0.39583333333333337,0.5333333333333333,0.6708333333333334,16
174,0.002083333333333332,0.09553849573165084,-0.15208333333333332,0.0,0.15,16
175,0.09166666666666666,0.08740073734751262,-0.09583333333333333,0.11666666666666667,0.18333333333333332,16
176,-0.23541666666666666,0.10049789245993614,-0.36041666666666666,-0.275,-0.018750000000000003,16
177,0.3416666666666667,0.08858454843945543,0.21666666666666667,0.32499999999999996,0.5104166666666667,16
178,0.5822916666666667,0.06022779385614069,0.4625,0.5833333333333334,0.6708333333333334,16
179,-0.23020833333333335,0.11535253181973175,-0.4041666666666667,-0.2583333333333333,-0.04583333333333334,16
180,0.5218750000000001,0.07281987623581902,0.40625,0.525,0.6520833333333333,16
181,0.17708333333333331,0.11317314046284226,-0.018750000000000003,0.18333333333333335,0.37083333333333335,16
182,0.046875,0.08823476221925737,-0.12708333333333333,0.05,0.17708333333333331,16
183,-0.9291666666666667,0.03254270698294439,-0.9770833333333333,-0.9333333333333333,-0.8833333333333333,16
184,0.7145833333333333,0.0733321496116585,0.5833333333333334,0.7166666666666667,0.8479166666666667,16
185,-0.10729166666666667,0.13894052859447137,-0.2875,-0.10833333333333334,0.17291666666666666,16
186,-0.05208333333333333,0.0783676786408501,-0.16666666666666666,-0.03333333333333333,0.06458333333333333,16
187,0.796875,0.059866387689587554,0.7020833333333333,0.8,0.9,16
188,0.6552083333333334,0.07039539866197063,0.50625,0.6583333333333333,0.7666666666666667,16
189,-0.16770833333333335,0.11703346357868001,-0.36041666666666666,-0.175,0.016666666666666666,16
190,0.5239583333333333,0.0679482927387518,0.40208333333333335,0.525,0.6166666666666667,16
191,0.042708333333333334,0.14895104877292925,-0.19375,0.05,0.2895833333333333,16
192,0.6958333333333333,0.06934715407122183,0.5895833333333333,0.6916666666666667,0.8145833333333333,16
193,-0.565625,0.06933933016934425,-0.6708333333333334,-0.575,-0.47291666666666665,16
194,0.3697916666666667,0.12179484543690673,0.17916666666666667,0.3916666666666667,0.58125,16
195,0.7322916666666668,0.0969085963249219,0.5458333333333333,0.7416666666666667,0.9041666666666667,16
196,-0.17291666666666666,0.1318768101508205,-0.4375,-0.15,0.02916666666666666,16
197,0.14479166666666668,0.10699797992641419,-0.020833333333333332,0.16666666666666666,0.30416666666666664,16
198,-0.4072916666666667,0.0893589729219549,-0.5604166666666667,-0.4166666666666667,-0.24166666666666667,16
199,-0.6031250000000001,0.08563868503777951,-0.7416666666666667,-0.6166666666666667,-0.43125,16
200,0.6708333333333334,0.07761640004248817,0.48750000000000004,0.6833333333333333,0.7666666666666667,16
201,0.2989583333333333,0.08828393862670857,0.16249999999999998,0.2833333333333333,0.4375,16
202,-0.21145833333333333,0.08201430049760292,-0.31666666666666665,-0.23333333333333334,-0.07291666666666666,16
203,-0.030208333333333337,0.09614419689831634,-0.19791666666666666,-0.03333333333333333,0.14166666666666666,16
204,-0.17812499999999998,0.09977731281597925,-0.34375,-0.18333333333333332,0.002083333333333333,16
205,0.5447916666666666,0.07943348676373486,0.4291666666666667,0.5333333333333333,0.6958333333333333,16
206,-0.421875,0.15283419097360237,-0.6520833333333333,-0.44166666666666665,-0.13333333333333333,16
207,0.7791666666666667,0.09344858955002418,0.58125,0.7833333333333333,0.9104166666666667,16
208,0.22291666666666665,0.10538866558284782,0.04583333333333334,0.24166666666666667,0.3875,16
209,0.8500000000000001,0.053033008588991064,0.7625,0.8583333333333334,0.9333333333333333,16
210,-0.17395833333333333,0.08955304720604927,-0.3208333333333333,-0.16666666666666666,-0.04583333333333334,16
211,0.48958333333333337,0.07589169000036243,0.35833333333333334,0.5083333333333333,0.6354166666666666,16
212,0.5270833333333333,0.0975169144872371,0.37916666666666665,0.525,0.7125,16
213,-0.5270833333333333,0.07702700644723397,-0.65,-0.5333333333333334,-0.40625,16
214,0.017708333333333333,0.10936507891512313,-0.15833333333333333,0.008333333333333333,0.21875,16
215,0.25625,0.10049789245993614,0.12291666666666667,0.2583333333333333,0.4479166666666667,16
216,-0.19270833333333331,0.13692667720555976,-0.4375,-0.14166666666666666,-0.004166666666666673,16
217,0.46770833333333334,0.06521033010787308,0.3520833333333333,0.45833333333333337,0.5604166666666667,16
218,-0.33333333333333337,0.0959238702768445,-0.475,-0.375,-0.15625,16
219,0.6864583333333333,0.05869493577908671,0.6,0.7,0.7666666666666667,16
220,-0.10833333333333334,0.11039701082909809,-0.2895833333333333,-0.11666666666666667,0.10208333333333333,16
221,-0.403125,0.12654856747729526,-0.6,-0.3916666666666667,-0.22291666666666668,16
222,0.35104166666666664,0.07625540736746332,0.22291666666666668,0.3583333333333333,0.4708333333333333,16
223,0.54375,0.08330728759638419,0.39166666666666666,0.5416666666666667,0.6833333333333333,16
224,0.5104166666666666,0.1011865370381741,0.3,0.5,0.6541666666666667,16
225,-0.14479166666666665,0.08594223471805543,-0.31875,-0.14166666666666666,-0.00625,16
226,-0.08750000000000001,0.0876981882493716,-0.21666666666666667,-0.08333333333333333,0.07708333333333334,16
227,0.22499999999999998,0.08975274678557507,0.03125,0.24166666666666667,0.36458333333333337,16
228,-0.8760416666666666,0.04928965901800406,-0.95,-0.8833333333333333,-0.8,16
229,0.23229166666666667,0.12183047619768855,0.018750000000000003,0.21666666666666667,0.42708333333333337,16
230,-0.14166666666666666,0.0907147544044885,-0.25416666666666665,-0.16666666666666666,0.020833333333333332,16
231,0.8229166666666667,0.04925662673973705,0.7395833333333333,0.8333333333333334,0.9,16
232,-0.04895833333333333,0.07716071566326135,-0.19166666666666668,-0.025,0.05,16
233,0.3260416666666667,0.10205675674457926,0.18958333333333333,0.31666666666666665,0.47708333333333336,16
234,0.828125,0.06965160074335056,0.7124999999999999,0.825,0.9479166666666666,16
235,0.490625,0.0861943761861011,0.35624999999999996,0.5,0.6,16
236,0.3197916666666667,0.08563868503777951,0.18333333333333332,0.31666666666666665,0.45416666666666666,16
237,0.07916666666666666,0.1084134319271474,-0.1,0.058333333333333334,0.25416666666666665,16
238,-0.6833333333333332,0.062360956446232345,-0.8166666666666667,-0.6666666666666666,-0.60625,16
239,0.20833333333333334,0.11577036657874837,-0.02916666666666666,0.20833333333333334,0.38958333333333334,16
240,-0.115625,0.0710703754308987,-0.27291666666666664,-0.10833333333333334,-0.03333333333333333,16
241,0.65625,0.07067998105703072,0.5395833333333333,0.6666666666666667,0.7916666666666666,16
242,-0.36354166666666665,0.12050512177911776,-0.53125,-0.4,-0.10416666666666666,16
243,-0.0625,0.11172573064826602,-0.22708333333333333,-0.1,0.1375,16
244,0.5114583333333333,0.11253375265275353,0.31666666666666665,0.5,0.7104166666666667,16
245,-0.7854166666666667,0.05709245669185301,-0.8666666666666667,-0.8,-0.6895833333333333,16
246,-0.4458333333333333,0.09344858955002419,-0.6208333333333333,-0.44166666666666665,-0.3125,16
247,-0.11875,0.10990447240924983,-0.3145833333333333,-0.09166666666666667,0.027083333333333334,16
248,0.29791666666666666,0.09910624910221914,0.14583333333333331,0.3,0.44375000000000003,16
249,-0.18645833333333334,0.06775639319978922,-0.2875,-0.16666666666666666,-0.07291666666666666,16
250,0.184375,0.14061728373891708,-0.11041666666666668,0.18333333333333332,0.38333333333333336,16
251,-0.1322916666666667,0.07323590829565023,-0.25416666666666665,-0.13333333333333333,0.0,16
252,0.6104166666666666,0.07380412326632645,0.4541666666666667,0.6333333333333333,0.69375,16
253,0.28020833333333334,0.09704286531390824,0.13333333333333333,0.275,0.45833333333333337,16
254,0.65625,0.0756625824888953,0.47500000000000003,0.6666666666666666,0.7333333333333333,16
255,0.6802083333333333,0.05310457123554534,0.5791666666666666,0.6916666666666667,0.74375,16
256,0.8562500000000001,0.047461607291227156,0.7458333333333333,0.8666666666666667,0.9104166666666667,16
257,0.90625,0.04202966875381669,0.8354166666666667,0.9,0.99375,16
258,-0.06979166666666667,0.08862740946419077,-0.20416666666666666,-0.08333333333333333,0.05,16
259,0.31354166666666666,0.10577405656240413,0.11875,0.3333333333333333,0.4604166666666667,16
260,0.3875,0.06521864934374387,0.26666666666666666,0.3916666666666667,0.48333333333333334,16
261,-0.5114583333333333,0.07258107296518686,-0.6041666666666667,-0.5416666666666667,-0.36041666666666666,16
262,0.090625,0.10703853634971326,-0.09375,0.075,0.29791666666666666,16
263,0.32916666666666666,0.11078946500256943,0.17291666666666666,0.3416666666666667,0.48333333333333334,16
264,-0.5249999999999999,0.08917056066263623,-0.64375,-0.525,-0.3520833333333333,16
265,0.6833333333333333,0.07523112535528245,0.5354166666666667,0.6916666666666667,0.8208333333333334,16
266,-0.23541666666666664,0.0996303933434862,-0.4166666666666667,-0.24166666666666667,-0.05,16
267,-0.04479166666666666,0.09766701329574438,-0.20416666666666666,-0.05,0.10416666666666667,16
268,0.59375,0.070925185543955,0.4895833333333333,0.5833333333333333,0.7145833333333333,16
269,0.3125,0.11733439866940604,0.11666666666666667,0.32499999999999996,0.48125,16
270,-0.8718750000000001,0.054873196629441345,-0.9666666666666667,-0.8666666666666667,-0.7729166666666667,16
271,-0.7197916666666666,0.08502833473809383,-0.8541666666666667,-0.725,-0.5729166666666666,16
272,-0.15937500000000002,0.09482600110787712,-0.34375,-0.15833333333333333,-0.008333333333333335,16
273,0.21562499999999998,0.12996644198279286,-0.016666666666666663,0.2,0.4708333333333333,16
274,-0.353125,0.08254181389857305,-0.4854166666666667,-0.36666666666666664,-0.21666666666666667,16
275,-0.7052083333333333,0.09977731281597926,-0.875,-0.6833333333333333,-0.5458333333333333,16
276,0.15833333333333333,0.07614861201040445,0.03958333333333333,0.16666666666666666,0.2875,16
277,-0.7729166666666667,0.060344784824834324,-0.8916666666666666,-0.7833333333333333,-0.6833333333333333,16
278,0.32395833333333335,0.10273495260188284,0.14166666666666666,0.32499999999999996,0.5125000000000001,16
279,-0.2947916666666667,0.09199161155900153,-0.46666666666666673,-0.3,-0.14791666666666667,16
280,-0.14166666666666666,0.06795627679291705,-0.24375,-0.15,-0.029166666666666667,16
281,0.19270833333333334,0.08896955432743395,0.04791666666666666,0.175,0.35,16
282,0.1,0.1286953767623375,-0.11041666666666666,0.1,0.3,16
283,-0.38749999999999996,0.07300589778306348,-0.5041666666666667,-0.4,-0.26666666666666666,16
284,-0.3854166666666667,0.10032499273195422,-0.5104166666666667,-0.3916666666666667,-0.20208333333333334,16
285,0.6572916666666666,0.08955304720604927,0.49375,0.6416666666666666,0.8041666666666667,16
286,-0.30104166666666665,0.06304450313072504,-0.4104166666666667,-0.3,-0.18333333333333332,16
287,0.5125000000000001,0.10433320021290761,0.3729166666666667,0.48333333333333334,0.6875,16
288,0.30729166666666663,0.08206720442214824,0.16666666666666666,0.30833333333333335,0.44375000000000003,16
289,-0.43125,0.08162307510066556,-0.5375000000000001,-0.44166666666666665,-0.27291666666666664,16
290,0.3708333333333333,0.06859199013814303,0.27291666666666664,0.3583333333333333,0.5208333333333334,16
291,-0.7791666666666667,0.06705615391429616,-0.88125,-0.775,-0.65,16
292,0.33125000000000004,0.10669840022751564,0.11875,0.3333333333333333,0.49583333333333335,16
293,0.5406249999999999,0.07772117856300315,0.43333333333333335,0.5333333333333333,0.6958333333333333,16
294,0.34791666666666665,0.11454544828242728,0.14166666666666666,0.375,0.5145833333333333,16
295,0.3833333333333333,0.09204467514322719,0.18125,0.3833333333333333,0.53125,16
296,-0.3052083333333333,0.10618359853208134,-0.4979166666666667,-0.29166666666666663,-0.13125,16
297,0.6916666666666667,0.07288689868556625,0.5333333333333333,0.7,0.7770833333333333,16
298,0.5739583333333333,0.08838220935547807,0.4395833333333333,0.5833333333333334,0.71875,16
299,0.565625,0.08196136242495944,0.4354166666666667,0.5666666666666667,0.7104166666666667,16
300,0.27708333333333335,0.11378509837017813,0.12291666666666667,0.2833333333333333,0.5208333333333334,16
301,-0.321875,0.11376125554813858,-0.4875,-0.32499999999999996,-0.13333333333333333,16
302,0.3677083333333333,0.08984337258374835,0.22916666666666669,0.35833333333333334,0.5,16
303,0.40208333333333335,0.09314620377545066,0.24583333333333335,0.4083333333333333,0.5333333333333333,16
304,0.253125,0.08960150009594954,0.10833333333333334,0.25,0.4104166666666667,16
305,0.4552083333333334,0.08285670989726783,0.29375,0.45,0.5770833333333334,16
306,0.40729166666666666,0.0912811495539407,0.2791666666666667,0.3916666666666667,0.5916666666666667,16
307,0.15208333333333335,0.09572004173050118,-0.004166666666666666,0.16666666666666666,0.32499999999999996,16
308,0.2989583333333333,0.0622128821734963,0.18541666666666667,0.30833333333333335,0.39375000000000004,16
309,0.10833333333333334,0.10720566941890505,-0.08125,0.11666666666666667,0.2708333333333333,16
310,0.6208333333333333,0.07371585838730886,0.4854166666666667,0.6583333333333333,0.73125,16
311,0.6843750000000001,0.08405288307237162,0.55,0.6916666666666667,0.825,16
312,0.7104166666666667,0.05428672591998078,0.6333333333333333,0.7166666666666667,0.8083333333333333,16
313,0.6760416666666667,0.08353491244517001,0.5395833333333333,0.6666666666666667,0.8041666666666667,16
314,0.022916666666666665,0.11679680242008149,-0.22083333333333333,0.03333333333333333,0.20833333333333334,16
315,-0.271875,0.10618359853208131,-0.45416666666666666,-0.275,-0.07291666666666666,16
316,-0.6666666666666667,0.07288689868556625,-0.7979166666666667,-0.6666666666666666,-0.5625,16
317,-0.7781250000000001,0.07562672174348606,-0.8979166666666667,-0.7833333333333333,-0.6625,16
318,0.10833333333333334,0.09109671295448102,-0.041666666666666664,0.11666666666666667,0.25416666666666665,16
319,0.8937499999999999,0.04559597630883183,0.8125,0.9,0.9708333333333333,16
320,0.6864583333333334,0.07551185291433099,0.5395833333333333,0.7,0.7666666666666667,16
321,0.10520833333333332,0.07608446284302144,-0.041666666666666664,0.1,0.2375,16
322,-0.7645833333333334,0.04365068091616035,-0.8270833333333334,-0.775,-0.6791666666666666,16
323,-0.50625,0.12117408849346557,-0.7020833333333333,-0.5333333333333334,-0.28541666666666665,16
324,0.528125,0.10860842476785838,0.32708333333333334,0.5166666666666666,0.69375,16
325,0.025,0.13424169744655842,-0.19791666666666666,0.0,0.2604166666666667,16
326,0.6843750000000001,0.06331928298095474,0.5895833333333333,0.6666666666666666,0.7875000000000001,16
327,-0.06458333333333333,0.11363241786078869,-0.2520833333333333,-0.05,0.09375,16
328,0.140625,0.0803570050704286,0.0,0.15833333333333333,0.25416666666666665,16
329,0.3645833333333333,0.08475352336169997,0.21666666666666667,0.38333333333333336,0.4875,16
330,0.815625,0.05050740801000275,0.71875,0.8166666666666667,0.89375,16
331,-0.6520833333333333,0.07589169000036244,-0.78125,-0.65,-0.5125,16
332,0.24999999999999997,0.06692657668420421,0.15625,0.24166666666666667,0.375,16
333,-0.821875,0.0427844849539851,-0.9041666666666667,-0.8083333333333333,-0.7729166666666667,16
334,0.3458333333333333,0.09081039465709738,0.1375,0.35,0.45416666666666666,16
335,0.525,0.1320248293146238,0.3729166666666667,0.45,0.7479166666666667,16
336,0.09166666666666666,0.08249579113843054,-0.06041666666666667,0.10833333333333334,0.23125,16
337,0.24479166666666666,0.08793912627809963,0.08958333333333333,0.25,0.36666666666666664,16
338,0.23854166666666665,0.08754339201853623,0.09166666666666667,0.24166666666666667,0.3875,16
339,0.21666666666666665,0.10801234497346433,-0.020833333333333332,0.23333333333333334,0.3770833333333333,16
340,-0.259375,0.06613557991395823,-0.37083333333333335,-0.2583333333333333,-0.15,16
341,-0.5614583333333334,0.0713750729713579,-0.6666666666666666,-0.5333333333333334,-0.4666666666666667,16
342,0.29270833333333335,0.10896749483472379,0.07083333333333333,0.29166666666666663,0.46875,16
343,0.428125,0.11421816812817284,0.21875,0.42500000000000004,0.6041666666666667,16
344,0.48750000000000004,0.09023503261544881,0.35624999999999996,0.4666666666666667,0.64375,16
345,0.20625,0.1334472169894233,0.02291666666666667,0.19166666666666665,0.44375000000000003,16
346,0.07916666666666666,0.12672421938121292,-0.08750000000000001,0.058333333333333334,0.35833333333333334,16
347,0.23229166666666667,0.10298812465252702,0.08958333333333333,0.21666666666666667,0.39375000000000004,16
348,-0.04791666666666666,0.15622221975264736,-0.34791666666666665,0.0,0.19375,16
349,0.690625,0.07335434121440938,0.5958333333333333,0.6833333333333333,0.8354166666666667,16
350,0.7666666666666667,0.07476816018719318,0.5916666666666667,0.7916666666666667,0.84375,16
351,0.4510416666666667,0.09564633022814369,0.25416666666666665,0.45833333333333337,0.5645833333333333,16
352,-0.11770833333333333,0.15280578972997064,-0.38125,-0.15833333333333333,0.13125,16
353,0.659375,0.06971388700730054,0.5395833333333333,0.675,0.75,16
354,0.2427083333333333,0.09222721602108566,0.10625000000000001,0.24166666666666667,0.40208333333333335,16
355,0.44791666666666663,0.09804955521458411,0.2583333333333333,0.45833333333333337,0.5875,16
356,0.5208333333333333,0.11569536147429017,0.32083333333333336,0.5083333333333333,0.7291666666666667,16
357,-0.34270833333333334,0.1240195927061527,-0.5479166666666667,-0.3,-0.15416666666666667,16
358,-0.5906250000000001,0.09109075716924668,-0.7333333333333333,-0.575,-0.47291666666666665,16
359,0.04687500000000001,0.13218499636452274,-0.19166666666666668,0.075,0.21666666666666667,16
360,0.8416666666666667,0.05400617248673216,0.75625,0.85,0.9520833333333333,16
361,0.6291666666666667,0.09157192073264962,0.5,0.675,0.7854166666666667,16
362,-0.5041666666666667,0.10129371484286015,-0.6729166666666666,-0.5166666666666667,-0.29583333333333334,16
363,0.2260416666666667,0.054635391841430646,0.11875,0.23333333333333334,0.30416666666666664,16
364,0.33333333333333337,0.10976616560266243,0.17291666666666666,0.3,0.5479166666666667,16
365,0.778125,0.06256073437957001,0.6520833333333333,0.8,0.8645833333333334,16
366,0.7,0.07264831572567788,0.53125,0.7083333333333333,0.8020833333333334,16
367,-0.18333333333333335,0.13437096247164249,-0.42291666666666666,-0.16666666666666669,-0.0125,16
368,0.25,0.14361406616345074,0.035416666666666666,0.23333333333333334,0.5145833333333333,16
369,0.15208333333333335,0.12074350109035084,-0.07916666666666666,0.175,0.33125,16
370,0.8041666666666667,0.07132184486926538,0.6854166666666667,0.8,0.9208333333333334,16
371,-0.04583333333333334,0.13143175246322922,-0.25416666666666665,-0.025,0.18541666666666667,16
372,0.08645833333333333,0.08317041365974642,-0.05833333333333333,0.08333333333333333,0.23333333333333334,16
373,-0.13333333333333333,0.10290907529357057,-0.3458333333333333,-0.13333333333333333,0.05,16
374,0.5114583333333333,0.0974890930509095,0.3729166666666667,0.5166666666666667,0.7041666666666667,16
375,0.578125,0.10319862691539175,0.35625,0.5916666666666667,0.7,16
376,0.6666666666666667,0.09771699499632143,0.4854166666666667,0.7,0.83125,16
377,0.8114583333333334,0.05972121284676734,0.7166666666666667,0.8166666666666667,0.9104166666666667,16
378,0.02395833333333334,0.09334984043014392,-0.15208333333333332,0.03333333333333333,0.17500000000000002,16
379,0.6520833333333333,0.07858890047441672,0.5395833333333333,0.6416666666666666,0.7833333333333333,16
380,-0.13124999999999998,0.09857931803600817,-0.29583333333333334,-0.14166666666666666,0.03958333333333333,16
381,0.33854166666666663,0.09784461001165744,0.19583333333333333,0.36666666666666664,0.4979166666666667,16
382,0.6989583333333333,0.09061302602888345,0.5645833333333333,0.6666666666666666,0.8479166666666667,16
383,0.4302083333333333,0.09113839255342517,0.2520833333333333,0.44166666666666665,0.5541666666666667,16
384,0.7541666666666667,0.07204840194079411,0.6104166666666666,0.7666666666666666,0.84375,16
385,-0.08541666666666667,0.11131708339493789,-0.2708333333333333,-0.1,0.12916666666666665,16
386,0.83125,0.053643304956598886,0.7458333333333333,0.8416666666666667,0.9145833333333333,16
387,0.334375,0.06933933016934425,0.19583333333333333,0.3416666666666667,0.43333333333333335,16
388,-0.09791666666666667,0.13627930367855243,-0.2895833333333333,-0.14166666666666666,0.15208333333333332,16
389,0.49479166666666663,0.1384084572620715,0.2520833333333333,0.48333333333333334,0.6875,16
390,0.34791666666666665,0.07968579791210534,0.22916666666666669,0.3333333333333333,0.4916666666666667,16
391,-0.3427083333333334,0.0824892143623099,-0.4979166666666667,-0.3333333333333333,-0.22916666666666669,16
392,-0.6520833333333333,0.09462554124313136,-0.8104166666666667,-0.625,-0.4854166666666667,16
393,0.553125,0.08764249310250262,0.38958333333333334,0.5583333333333333,0.7083333333333333,16
394,0.803125,0.052114573963954115,0.7229166666666667,0.7916666666666667,0.89375,16
395,-0.21458333333333332,0.13615185047912087,-0.36041666666666666,-0.2583333333333333,0.06458333333333333,16
396,0.1875,0.0932626220233308,0.0125,0.18333333333333332,0.3104166666666667,16
397,-0.42708333333333337,0.11797995945639808,-0.6208333333333333,-0.43333333333333335,-0.21666666666666667,16
398,-0.43333333333333335,0.12430361575146917,-0.5604166666666667,-0.475,-0.16458333333333333,16
399,0.6895833333333332,0.07968579791210532,0.525,0.7083333333333333,0.8104166666666667,16
400,0.325,0.10358169078880045,0.12083333333333332,0.3333333333333333,0.44375000000000003,16
401,0.8604166666666667,0.032207551736958974,0.80625,0.8583333333333334,0.9208333333333334,16
402,0.0875,0.12644992421244597,-0.15208333333333332,0.10833333333333334,0.2833333333333333,16
403,0.853125,0.04175771302672384,0.76875,0.8666666666666667,0.9104166666666667,16
404,0.7927083333333333,0.04786002086525058,0.6958333333333333,0.7833333333333333,0.8604166666666667,16
405,0.5020833333333333,0.09680216796240786,0.35,0.5,0.6541666666666667,16
406,0.7458333333333333,0.07252872993970505,0.6229166666666667,0.7666666666666667,0.8645833333333334,16
407,-0.6635416666666667,0.0788851903964799,-0.7333333333333333,-0.7,-0.50625,16
408,0.4666666666666667,0.0692218655243173,0.3125,0.4666666666666667,0.5645833333333333,16
409,0.7552083333333334,0.06889977372564038,0.6479166666666667,0.7416666666666667,0.8770833333333333,16
410,0.34895833333333337,0.09099541159067064,0.18958333333333333,0.3416666666666667,0.5291666666666667,16
411,0.10729166666666666,0.07021018790824528,-0.010416666666666666,0.10833333333333334,0.21666666666666667,16
412,0.35416666666666663,0.07828455928356641,0.24583333333333335,0.3333333333333333,0.5125000000000001,16
413,0.20625,0.10669840022751564,0.020833333333333332,0.20833333333333331,0.34375,16
414,-0.23958333333333331,0.12045558771228138,-0.46875,-0.2583333333333333,-0.04583333333333334,16
415,0.4625,0.11659223816361018,0.25,0.45,0.68125,16
416,0.49583333333333335,0.09655525188547057,0.3125,0.5166666666666666,0.6166666666666667,16
417,0.715625,0.05635599581134992,0.6333333333333333,0.7166666666666667,0.8166666666666667,16
418,-0.19166666666666665,0.10189182717197903,-0.3770833333333333,-0.19166666666666665,-0.04166666666666667,16
419,-0.15625,0.10734727523323542,-0.27708333333333335,-0.16666666666666666,0.08541666666666667,16
420,-0.28229166666666666,0.10432800006336852,-0.4708333333333333,-0.275,-0.1,16
421,0.3541666666666667,0.11807189429420628,0.15833333333333333,0.3833333333333333,0.55625,16
422,0.9156249999999999,0.025323428710715044,0.8833333333333333,0.9166666666666666,0.9604166666666667,16
423,0.015625,0.10532172107668747,-0.19583333333333333,0.03333333333333333,0.16458333333333333,16
424,-0.16770833333333332,0.10711960313126631,-0.3333333333333333,-0.18333333333333335,-0.00625,16
425,0.11354166666666668,0.12165221803476407,-0.07708333333333334,0.11666666666666667,0.2875,16
426,-0.08958333333333333,0.11147293518059788,-0.22708333333333333,-0.125,0.15625,16
427,0.075,0.11226827987756234,-0.15,0.09166666666666667,0.24375,16
428,0.0031249999999999993,0.09951597268501396,-0.1875,0.008333333333333333,0.13333333333333333,16
429,-0.5864583333333333,0.088037781898834,-0.7,-0.5833333333333334,-0.42500000000000004,16
430,0.31666666666666665,0.11562030771259674,0.15625,0.2833333333333333,0.5354166666666667,16
431,0.5604166666666667,0.11664806399307849,0.3125,0.5916666666666667,0.7104166666666667,16
432,0.21666666666666665,0.13475801357330192,-0.0375,0.2,0.42083333333333334,16
433,0.8239583333333333,0.04858009923483756,0.75625,0.825,0.9041666666666667,16
434,0.51875,0.09183223683555912,0.3416666666666667,0.5083333333333333,0.6479166666666667,16
435,-0.6916666666666667,0.07614861201040445,-0.8083333333333333,-0.7166666666666667,-0.5458333333333333,16
436,0.5625,0.06653633092779714,0.4666666666666667,0.5416666666666667,0.6666666666666666,16
437,0.42083333333333334,0.11280821975567404,0.21875,0.4166666666666667,0.6041666666666667,16
438,0.2572916666666667,0.09241526712195461,0.07916666666666666,0.26666666666666666,0.39375000000000004,16
439,0.7010416666666667,0.058768835633068894,0.6124999999999999,0.7,0.8104166666666667,16
440,0.45729166666666665,0.09316367578681678,0.3125,0.45833333333333337,0.59375,16
441,0.375,0.11711224435462665,0.18958333333333333,0.3916666666666667,0.5375000000000001,16
442,0.6635416666666667,0.07932413068123301,0.5458333333333333,0.6499999999999999,0.8041666666666667,16
443,-0.3104166666666667,0.1260890062614501,-0.5541666666666667,-0.275,-0.10625000000000001,16
444,0.4791666666666667,0.09798313346920705,0.3020833333333333,0.4916666666666667,0.66875,16
445,0.5791666666666666,0.08508574106942557,0.44166666666666665,0.575,0.7145833333333333,16
446,-0.11354166666666667,0.11832434678318181,-0.29375,-0.11666666666666667,0.11875,16
447,-0.38645833333333335,0.12764136362611192,-0.6499999999999999,-0.375,-0.20625000000000002,16
448,-0.31354166666666666,0.14639401148005415,-0.5708333333333334,-0.29166666666666663,-0.10208333333333333,16
449,0.18229166666666666,0.1124951773657678,-0.08125,0.2,0.30416666666666664,16
450,0.86875,0.04925662673973705,0.7625,0.8833333333333333,0.9333333333333333,16
451,0.28541666666666665,0.1050586806926914,0.09583333333333333,0.3,0.4375,16
452,0.9239583333333334,0.03582788233733299,0.8624999999999999,0.925,0.9875,16
453,0.684375,0.06883675082315323,0.5291666666666667,0.6833333333333333,0.7833333333333333,16
454,0.3572916666666667,0.06560846352499891,0.23958333333333334,0.36666666666666664,0.4604166666666667,16
455,-0.46354166666666663,0.1355568184993535,-0.70625,-0.44166666666666665,-0.26666666666666666,16
456,0.5229166666666667,0.10322490951531246,0.37916666666666665,0.5166666666666667,0.6770833333333334,16
457,0.54375,0.08454843286542926,0.3833333333333333,0.5333333333333333,0.6979166666666666,16
458,-0.5979166666666667,0.09145335028186653,-0.7208333333333333,-0.6166666666666667,-0.39791666666666664,16
459,0.7520833333333334,0.06288078446994405,0.6291666666666667,0.7666666666666666,0.84375,16
460,-0.30729166666666663,0.11241798708144728,-0.5,-0.29166666666666663,-0.15208333333333332,16
461,0.048958333333333326,0.12808264882705836,-0.17916666666666667,0.041666666666666664,0.27291666666666664,16
462,0.590625,0.09032517452392648,0.42291666666666666,0.6,0.7354166666666667,16
463,0.665625,0.08003227430577964,0.48125,0.6833333333333333,0.7666666666666667,16
464,0.6645833333333333,0.06893913378239289,0.50625,0.6666666666666666,0.7333333333333333,16
465,-0.03645833333333333,0.11699637191668238,-0.225,-0.041666666666666664,0.17291666666666666,16
466,0.42291666666666666,0.07880950133074058,0.2895833333333333,0.44166666666666665,0.5333333333333333,16
467,-0.07083333333333333,0.09619496983845996,-0.2,-0.075,0.09583333333333333,16
468,0.18854166666666666,0.1340758945005071,-0.03125,0.16666666666666666,0.43125,16
469,0.065625,0.09061302602888345,-0.07708333333333334,0.05,0.23125,16
470,-0.290625,0.12623951414099926,-0.5166666666666666,-0.30833333333333335,-0.05416666666666667,16
471,0.5885416666666667,0.08410450468514355,0.45625,0.6083333333333334,0.7291666666666667,16
472,-0.20625,0.1607140101408572,-0.42083333333333334,-0.225,0.13958333333333334,16
473,-0.0875,0.09400428477232065,-0.23541666666666666,-0.09166666666666667,0.07083333333333333,16
474,0.1375,0.11448859720028405,-0.04791666666666666,0.13333333333333333,0.31875,16
475,0.019791666666666666,0.07976065541843157,-0.06666666666666667,0.0,0.16666666666666666,16
476,-0.3333333333333333,0.08518770125108698,-0.48333333333333334,-0.3333333333333333,-0.18333333333333332,16
477,0.5520833333333334,0.10831329942963297,0.36875,0.575,0.7145833333333333,16
478,0.40520833333333334,0.1183976864333834,0.19791666666666666,0.4083333333333333,0.58125,16
479,0.6177083333333333,0.09232128945216866,0.4625,0.6166666666666667,0.79375,16
480,0.315625,0.1140280103868246,0.08125,0.30833333333333335,0.4708333333333333,16
481,0.7281249999999999,0.05391568456086473,0.6666666666666666,0.7166666666666667,0.83125,16
482,0.8635416666666667,0.0486693599425986,0.7895833333333333,0.85,0.9541666666666667,16
483,0.026041666666666668,0.11561561523475586,-0.16666666666666666,0.016666666666666666,0.24375,16
484,0.7208333333333333,0.07488416981504763,0.5833333333333334,0.7583333333333333,0.8104166666666667,16
485,-0.007291666666666666,0.09591821422151502,-0.18125,0.008333333333333331,0.12708333333333333,16
486,0.234375,0.07849910429425294,0.08125,0.23333333333333334,0.37083333333333335,16
487,0.6510416666666667,0.06331928298095471,0.5729166666666666,0.625,0.7854166666666667,16
488,-0.290625,0.0939061200082295,-0.43125,-0.2833333333333333,-0.13541666666666666,16
489,0.32395833333333335,0.0912811495539407,0.19583333333333333,0.31666666666666665,0.5,16
490,-0.30104166666666665,0.116736400290474,-0.46875,-0.31666666666666665,-0.06874999999999999,16
491,0.41666666666666663,0.10524442450262575,0.22916666666666669,0.42500000000000004,0.5979166666666667,16
492,0.18541666666666665,0.1125578554936675,-0.016666666666666663,0.18333333333333332,0.35416666666666663,16
493,0.5989583333333333,0.0710703754308987,0.4791666666666667,0.6000000000000001,0.7104166666666667,16
494,-0.32916666666666666,0.12997061633735185,-0.5520833333333334,-0.3416666666666667,-0.12291666666666667,16
495,0.056249999999999994,0.10604555493853678,-0.15208333333333332,0.04166666666666667,0.2,16
496,0.4229166666666667,0.10067049523624641,0.26875,0.3916666666666667,0.5979166666666667,16
497,0.46458333333333335,0.08098246552323671,0.3,0.45833333333333337,0.5666666666666667,16
498,0.6104166666666667,0.07237896985850087,0.5041666666666667,0.5916666666666667,0.75,16
499,0.059375000000000004,0.08779093497559351,-0.10833333333333334,0.075,0.2,16
500,0.10625,0.08141009867741635,0.0,0.08333333333333333,0.26458333333333334,16
501,0.3614583333333333,0.07744145414081818,0.21250000000000002,0.375,0.4666666666666667,16
502,-0.5416666666666667,0.10324593077803224,-0.6979166666666666,-0.5333333333333334,-0.36875,16
503,0.4395833333333333,0.08309862781324638,0.27708333333333335,0.44166666666666665,0.5604166666666667,16
504,-0.16145833333333331,0.09532815217564128,-0.32499999999999996,-0.15,-0.03958333333333333,16
505,-0.3989583333333333,0.09061302602888346,-0.5729166666666667,-0.4166666666666667,-0.2625,16
506,0.9760416666666667,0.015555400544862581,0.95,0.975,1.0,16
507,0.8864583333333333,0.053104571235545364,0.7625,0.9,0.9333333333333333,16
508,0.7270833333333333,0.0733321496116585,0.5875,0.7,0.8375,16
509,0.5489583333333333,0.06249131884154434,0.4291666666666667,0.5583333333333333,0.6333333333333333,16
510,0.8104166666666667,0.0582961190818051,0.7166666666666667,0.825,0.8875000000000001,16
511,-0.24166666666666667,0.09860132971832694,-0.4041666666666667,-0.23333333333333334,-0.06875,16
512,-0.2739583333333333,0.09824302880272642,-0.4375,-0.26666666666666666,-0.09583333333333333,16
513,-0.5520833333333334,0.053643304956598886,-0.6604166666666667,-0.5416666666666667,-0.48333333333333334,16
514,0.12291666666666666,0.08577162020932876,-0.027083333333333334,0.13333333333333333,0.24375,16
515,-0.18854166666666666,0.12229273139797713,-0.4,-0.15833333333333333,-0.0125,16
516,0.48333333333333334,0.08700255424092124,0.4,0.45,0.66875,16
517,-0.16145833333333331,0.09960316225178574,-0.33541666666666664,-0.175,0.010416666666666671,16
518,-0.228125,0.08833308765689105,-0.34375,-0.23333333333333334,-0.058333333333333334,16
519,-0.7260416666666667,0.05399612576122681,-0.7937500000000001,-0.725,-0.60625,16
520,0.5791666666666667,0.09510593508761106,0.41875,0.5833333333333333,0.7375,16
521,0.14375,0.10305658505026363,-0.020833333333333332,0.15833333333333333,0.29375,16
522,0.46458333333333335,0.10288798520721455,0.30833333333333335,0.4666666666666667,0.66875,16
523,0.011458333333333334,0.09367473830880031,-0.16041666666666665,0.016666666666666666,0.17083333333333334,16
524,0.640625,0.09222721602108566,0.48333333333333334,0.6416666666666666,0.8041666666666667,16
525,-0.27708333333333335,0.10406244786451814,-0.44375000000000003,-0.29166666666666663,-0.11666666666666667,16
526,0.019791666666666666,0.10428638953222355,-0.11041666666666666,-0.008333333333333335,0.19791666666666666,16
527,0.23124999999999996,0.11900557293206435,0.016666666666666666,0.24166666666666667,0.4083333333333333,16
528,0.7239583333333333,0.07476090360832549,0.5666666666666667,0.7166666666666667,0.8333333333333334,16
529,0.878125,0.046666201634587734,0.7958333333333333,0.8833333333333333,0.95,16
530,-0.14166666666666666,0.08057949835755715,-0.2833333333333333,-0.125,-0.018750000000000003,16
531,0.6729166666666666,0.08076779989575054,0.5041666666666667,0.6833333333333333,0.7937500000000001,16
532,0.06041666666666667,0.0942578835488635,-0.13541666666666666,0.06666666666666667,0.21041666666666667,16
533,0.3104166666666667,0.09069082858199548,0.16249999999999998,0.3416666666666667,0.4479166666666667,16
534,-0.5291666666666667,0.10095034532988098,-0.7125,-0.55,-0.34375,16
535,0.20520833333333333,0.07137507297135791,0.06458333333333333,0.19166666666666665,0.3104166666666667,16
536,-0.08229166666666667,0.1590410444490492,-0.36875,-0.058333333333333334,0.1375,16
537,-0.04895833333333334,0.10776594204055792,-0.19375,-0.04166666666666667,0.12708333333333333,16
538,0.09687499999999999,0.11043140624890689,-0.075,0.1,0.30416666666666664,16
539,0.36458333333333337,0.1145454482824273,0.16666666666666669,0.3416666666666667,0.5583333333333333,16
540,-0.103125,0.1037857619088476,-0.2625,-0.1,0.05833333333333333,16
541,-0.18854166666666666,0.14798633922501842,-0.36041666666666666,-0.23333333333333334,0.15208333333333332,16
542,0.12708333333333333,0.11317314046284226,-0.043750000000000004,0.125,0.3104166666666667,16
543,0.32395833333333335,0.09699812963546142,0.13333333333333333,0.31666666666666665,0.4604166666666667,16
544,0.6833333333333333,0.0726483157256779,0.5458333333333333,0.6916666666666667,0.8,16
545,0.5697916666666666,0.09560094105475925,0.38541666666666663,0.575,0.7145833333333333,16
546,0.153125,0.12391455809683272,-0.08541666666666667,0.19166666666666665,0.3333333333333333,16
547,-0.3739583333333334,0.10622446588605555,-0.5833333333333333,-0.3416666666666667,-0.22291666666666668,16
548,0.17291666666666666,0.09945598551900009,-0.008333333333333331,0.18333333333333332,0.32708333333333334,16
549,0.4385416666666666,0.07353163293213791,0.32916666666666666,0.42500000000000004,0.5645833333333333,16
550,0.7177083333333334,0.0782776286864758,0.5750000000000001,0.7083333333333333,0.8270833333333334,16
551,0.8093750000000001,0.0574240893847405,0.6895833333333333,0.825,0.8770833333333333,16
552,0.65625,0.052332736196168614,0.5729166666666666,0.6666666666666666,0.7333333333333333,16
553,0.6260416666666666,0.06480975095959282,0.5125,0.6333333333333333,0.7333333333333333,16
554,-0.6135416666666667,0.10260813232607074,-0.7937500000000001,-0.6166666666666667,-0.44583333333333336,16
555,-0.7260416666666667,0.08353491244517003,-0.8270833333333334,-0.75,-0.5541666666666667,16
556,0.08125,0.06505206248331664,-0.016666666666666666,0.08333333333333333,0.2125,16
557,-0.21145833333333333,0.09496321473485288,-0.3854166666666667,-0.2,-0.08333333333333333,16
558,-0.6052083333333333,0.06990041279086506,-0.7270833333333333,-0.5916666666666667,-0.4916666666666667,16
559,0.43229166666666663,0.06833047504184678,0.29583333333333334,0.45,0.5208333333333334,16
560,-0.6083333333333334,0.06428020258558963,-0.725,-0.6083333333333334,-0.5333333333333333,16
561,-0.05520833333333333,0.09236829023894871,-0.22083333333333333,-0.058333333333333334,0.09375,16
562,0.26666666666666666,0.0885845484394554,0.13333333333333333,0.26666666666666666,0.39166666666666666,16
563,-0.2,0.11195857368787003,-0.4541666666666667,-0.19166666666666665,-0.05,16
564,0.7104166666666667,0.06120179508986826,0.5958333333333333,0.725,0.8083333333333333,16
565,0.5552083333333333,0.08222571196610785,0.4395833333333333,0.5583333333333333,0.6666666666666666,16
566,0.7010416666666667,0.07276024889625135,0.56875,0.7,0.8145833333333333,16
567,0.08125,0.07792335087193768,-0.07083333333333333,0.08333333333333333,0.20208333333333334,16
568,-0.42291666666666666,0.10863339853736409,-0.6208333333333333,-0.4,-0.26458333333333334,16
569,0.43020833333333336,0.07665279539368847,0.3125,0.4166666666666667,0.5791666666666667,16
570,-0.03958333333333333,0.07747647492411272,-0.15416666666666667,-0.04166666666666667,0.07708333333333334,16
571,-0.20416666666666666,0.12040152730666576,-0.39375000000000004,-0.24166666666666667,-0.0125,16
572,-0.36666666666666664,0.0982485510212633,-0.5208333333333334,-0.38333333333333336,-0.17291666666666666,16
573,-0.7572916666666667,0.061228383373689986,-0.8604166666666667,-0.75,-0.6625,16
574,0.8510416666666667,0.05935672233295157,0.7229166666666667,0.85,0.9270833333333334,16
575,-0.903125,0.05211457396395411,-0.9770833333333333,-0.9166666666666666,-0.8125,16
576,-0.24479166666666669,0.11206997287161465,-0.4354166666666667,-0.25,-0.05625,16
577,0.46875,0.07189764136140583,0.3395833333333333,0.4666666666666667,0.58125,16
578,0.41770833333333335,0.09600867112170419,0.32916666666666666,0.3916666666666667,0.65625,16
579,-0.3260416666666667,0.0920387807001906,-0.42708333333333337,-0.3416666666666667,-0.1125,16
580,-0.6166666666666667,0.08270597183866336,-0.7770833333333333,-0.6083333333333334,-0.50625,16
581,-0.8604166666666666,0.03991092512639169,-0.93125,-0.85,-0.8,16
582,-0.036458333333333336,0.08543571941979407,-0.17708333333333331,-0.025,0.1,16
583,-0.21458333333333332,0.11021995055342748,-0.3770833333333333,-0.21666666666666667,-0.03333333333333333,16
584,-0.021875000000000002,0.10201421980129372,-0.14791666666666667,-0.04166666666666667,0.19791666666666666,16
585,-0.7666666666666667,0.07095577652469333,-0.84375,-0.7833333333333333,-0.6083333333333334,16
586,0.78125,0.07725206757391317,0.6458333333333333,0.7916666666666667,0.9083333333333333,16
587,-0.3260416666666667,0.10457731556391929,-0.49375,-0.32499999999999996,-0.17291666666666666,16
588,0.5572916666666667,0.06665852814906731,0.44166666666666665,0.55,0.6708333333333334,16
589,-0.459375,0.08332682266233365,-0.5604166666666667,-0.475,-0.3125,16
590,-0.5708333333333333,0.07488416981504761,-0.6916666666666667,-0.5916666666666667,-0.44583333333333336,16
591,-0.18229166666666669,0.09600867112170419,-0.35833333333333334,-0.15,-0.04166666666666667,16
592,-0.4760416666666667,0.08269941177743245,-0.6270833333333333,-0.48333333333333334,-0.33541666666666664,16
593,0.046875,0.09151858304009446,-0.11249999999999999,0.03333333333333333,0.21666666666666667,16
594,0.13333333333333333,0.08457409637576849,-0.020833333333333332,0.14166666666666666,0.26666666666666666,16
595,0.8583333333333334,0.04677071733467426,0.7895833333333333,0.8666666666666667,0.9333333333333333,16
596,-0.34479166666666666,0.08852941091649838,-0.48125,-0.35,-0.18958333333333333,16
597,-0.12916666666666665,0.10647443615983865,-0.34375,-0.10833333333333334,0.05,16
598,0.325,0.11651776211757969,0.14583333333333331,0.3,0.5,16
599,-0.8177083333333334,0.08729514710643045,-0.93125,-0.85,-0.6291666666666667,16
600,0.20208333333333334,0.0980495552145841,0.06666666666666667,0.19166666666666665,0.34375,16
601,-0.278125,0.1136085429959678,-0.47708333333333336,-0.2833333333333333,-0.06458333333333333,16
602,-0.20520833333333333,0.107322002183978,-0.37083333333333335,-0.21666666666666667,-0.02708333333333333,16
603,-0.815625,0.04911323014219284,-0.89375,-0.8,-0.7395833333333333,16
604,-0.35416666666666663,0.12520816001097265,-0.6354166666666666,-0.31666666666666665,-0.22291666666666668,16
605,0.3416666666666667,0.07839536550927825,0.23958333333333334,0.32499999999999996,0.47708333333333336,16
606,0.08854166666666666,0.12014440819049567,-0.09375,0.075,0.26666666666666666,16
607,-0.3625,0.07132184486926538,-0.48125,-0.3583333333333333,-0.225,16
608,-0.16562500000000002,0.13749605423631456,-0.42291666666666666,-0.13333333333333333,0.041666666666666664,16
609,-0.2708333333333333,0.07761640004248815,-0.3979166666666667,-0.26666666666666666,-0.13125,16
610,0.903125,0.04610478328402233,0.8333333333333334,0.8916666666666666,0.9833333333333333,16
611,0.19791666666666663,0.09220956656804469,0.0625,0.175,0.35416666666666663,16
612,-0.4,0.08838834764831845,-0.5375000000000001,-0.4083333333333333,-0.25625,16
613,0.29374999999999996,0.11812702085279031,0.08333333333333333,0.2833333333333333,0.4708333333333333,16
614,0.828125,0.060872918057029074,0.7229166666666667,0.8333333333333333,0.9104166666666667,16
615,0.84375,0.06005639710583154,0.75625,0.8333333333333334,0.94375,16
616,0.37395833333333334,0.08599272215652258,0.2,0.38333333333333336,0.47708333333333336,16
617,0.6791666666666667,0.08630131323836657,0.51875,0.6833333333333333,0.7937500000000001,16
618,0.21458333333333332,0.0951743648375035,0.06458333333333333,0.2,0.3770833333333333,16
619,-0.25312499999999993,0.11580316603568698,-0.50625,-0.23333333333333334,-0.10625000000000001,16
620,-0.30208333333333337,0.10815289460347843,-0.4604166666666667,-0.31666666666666665,-0.09791666666666667,16
621,0.6239583333333333,0.09013276280329785,0.47500000000000003,0.625,0.75,16
622,-0.010416666666666668,0.05888872510459404,-0.11041666666666666,-0.016666666666666666,0.09166666666666667,16
623,-0.12291666666666667,0.10990447240924982,-0.27708333333333335,-0.15,0.06041666666666667,16
624,-0.3260416666666667,0.13241464100611297,-0.5208333333333334,-0.3333333333333333,-0.03958333333333333,16
625,0.011458333333333334,0.09330333409250592,-0.15416666666666667,0.025,0.13333333333333333,16
626,-0.40520833333333334,0.08158983418089945,-0.5583333333333333,-0.4,-0.3,16
627,0.5166666666666666,0.07095577652469333,0.38333333333333336,0.525,0.6270833333333333,16
628,0.5604166666666667,0.09822646028438568,0.40625,0.5666666666666667,0.7041666666666667,16
629,-0.6343750000000001,0.0844649726053482,-0.7604166666666667,-0.6583333333333333,-0.5,16
630,0.7708333333333333,0.07916666666666666,0.6124999999999999,0.7916666666666667,0.9041666666666667,16
631,0.15729166666666666,0.09877175393299442,-0.008333333333333331,0.15,0.31666666666666665,16
632,-0.07083333333333333,0.1125,-0.225,-0.1,0.15,16
633,0.13020833333333331,0.09302380780985287,-0.06666666666666667,0.14166666666666666,0.26666666666666666,16
634,0.7437499999999999,0.06148481068072379,0.6520833333333333,0.7166666666666667,0.8541666666666667,16
635,0.48020833333333335,0.09560094105475928,0.33541666666666664,0.45833333333333337,0.6583333333333333,16
636,-0.8427083333333333,0.06534331078150912,-0.9375,-0.8333333333333334,-0.70625,16
637,-0.40104166666666663,0.06730649991312546,-0.5,-0.3916666666666667,-0.28541666666666665,16
638,-0.020833333333333336,0.11311559967081855,-0.22708333333333333,0.0,0.18333333333333332,16
639,-0.325,0.12416387021459452,-0.5916666666666667,-0.3,-0.17916666666666667,16
640,-0.21145833333333333,0.09977731281597926,-0.38333333333333336,-0.19166666666666665,-0.0625,16
641,0.4614583333333333,0.09066091242463131,0.3020833333333333,0.45833333333333337,0.6041666666666667,16
642,0.6447916666666667,0.10748364701199899,0.42500000000000004,0.6666666666666666,0.7937500000000001,16
643,0.8979166666666667,0.03529390488770295,0.8395833333333333,0.9,0.9666666666666667,16
644,0.2635416666666667,0.08998818402373107,0.15,0.24166666666666667,0.45625,16
645,0.146875,0.08724541336240993,0.0,0.15,0.28125,16
646,-0.33125,0.07427309779156621,-0.43333333333333335,-0.3416666666666667,-0.19166666666666665,16
647,0.78125,0.06843361544023685,0.6895833333333333,0.7666666666666666,0.8875000000000001,16
648,0.46770833333333334,0.10332472242347855,0.2583333333333333,0.4916666666666667,0.625,16
649,-0.003124999999999996,0.12668568250902618,-0.23541666666666666,0.058333333333333334,0.15833333333333333,16
650,0.06354166666666666,0.10192909266031731,-0.07708333333333334,0.04166666666666667,0.2833333333333333,16
651,0.08333333333333333,0.09372684899334996,-0.027083333333333334,0.05,0.23333333333333334,16
652,0.734375,0.08867636812527276,0.58125,0.7333333333333334,0.88125,16
653,0.5072916666666667,0.11054925215838313,0.3125,0.4916666666666667,0.7354166666666666,16
654,0.8427083333333334,0.059210297879676306,0.7229166666666667,0.85,0.9416666666666667,16
655,0.25104166666666666,0.09042122684352878,0.0875,0.23333333333333334,0.4041666666666667,16
656,0.46145833333333336,0.12743717815064803,0.21250000000000002,0.48333333333333334,0.65,16
657,-0.5739583333333333,0.07119241093684071,-0.6875,-0.575,-0.4625,16
658,-0.24375000000000002,0.09030715334038851,-0.38125,-0.25,-0.07291666666666666,16
659,0.31875,0.10101481602000549,0.15208333333333332,0.31666666666666665,0.4979166666666667,16
660,0.71875,0.048546584157212684,0.65,0.725,0.8041666666666667,16
661,0.5583333333333333,0.05713045500334203,0.45833333333333337,0.55,0.6645833333333333,16
662,0.38958333333333334,0.08816709987291177,0.26875,0.38333333333333336,0.5770833333333333,16
663,-0.11041666666666666,0.0920210951056574,-0.28541666666666665,-0.1,0.06666666666666667,16
664,0.35,0.1015504800579495,0.17291666666666666,0.3583333333333333,0.49375,16
665,0.22083333333333335,0.10383279828647593,0.06666666666666667,0.23333333333333334,0.3979166666666667,16
666,-0.11354166666666667,0.12939747523511508,-0.3416666666666667,-0.10833333333333334,0.09791666666666667,16
667,-0.4375,0.07916666666666668,-0.5645833333333333,-0.44166666666666665,-0.3020833333333333,16
668,0.7447916666666667,0.07039539866197066,0.625,0.7416666666666667,0.8541666666666667,16
669,0.29166666666666663,0.08270597183866336,0.1375,0.29166666666666663,0.43333333333333335,16
670,-0.6854166666666667,0.06370368688091939,-0.7770833333333333,-0.6916666666666667,-0.55625,16
671,0.5416666666666666,0.07216878364870322,0.43333333333333335,0.5333333333333334,0.6708333333333334,16
672,0.228125,0.0671127652826859,0.12916666666666665,0.225,0.35416666666666663,16
673,0.7354166666666666,0.08777239347058709,0.61875,0.725,0.8770833333333333,16
674,-0.3208333333333333,0.11464013743498004,-0.5145833333333333,-0.32499999999999996,-0.11041666666666666,16
675,-0.11979166666666666,0.08441357143058613,-0.23333333333333334,-0.11666666666666667,0.02916666666666666,16
676,0.2520833333333333,0.07924886084004264,0.11875,0.23333333333333334,0.38333333333333336,16
677,-0.40208333333333335,0.07725206757391315,-0.5354166666666667,-0.4,-0.26458333333333334,16
678,0.8072916666666667,0.06151127663101928,0.7124999999999999,0.8166666666666667,0.9041666666666667,16
679,0.09791666666666667,0.0980495552145841,-0.043750000000000004,0.075,0.27291666666666664,16
680,0.6572916666666666,0.056201754000900855,0.5729166666666666,0.6666666666666666,0.7333333333333333,16
681,-0.4302083333333333,0.08482390869390016,-0.5770833333333334,-0.4166666666666667,-0.30624999999999997,16
682,0.165625,0.09061302602888345,0.029166666666666667,0.16666666666666666,0.3145833333333333,16
683,-0.425,0.09519716382329887,-0.55,-0.42500000000000004,-0.2583333333333333,16
684,-0.18020833333333333,0.09793328759642682,-0.36041666666666666,-0.2,-0.03333333333333333,16
685,-0.60625,0.06478463252277587,-0.7104166666666667,-0.6083333333333334,-0.47291666666666665,16
686,-0.353125,0.072700572651726,-0.49375,-0.35,-0.24166666666666667,16
687,0.5791666666666666,0.10265570828962432,0.36875,0.5916666666666667,0.7416666666666667,16
688,0.09375,0.09608210464666837,-0.05416666666666667,0.08333333333333333,0.29166666666666663,16
689,-0.171875,0.107322002183978,-0.3104166666666667,-0.2,0.043750000000000004,16
690,-0.3541666666666667,0.11311559967081858,-0.5375000000000001,-0.35,-0.19583333333333333,16
691,-0.078125,0.09713227485982424,-0.20416666666666666,-0.10833333333333334,0.08750000000000001,16
692,0.36041666666666666,0.06817945071647323,0.26666666666666666,0.3583333333333333,0.4875,16
693,0.20729166666666665,0.10205675674457924,0.035416666666666666,0.21666666666666667,0.34791666666666665,16
694,0.06041666666666667,0.11469691340417336,-0.12708333333333333,0.08333333333333334,0.23333333333333334,16
695,0.23958333333333331,0.12745846273285358,-0.010416666666666666,0.26666666666666666,0.42916666666666664,16
696,0.725,0.06846531968814577,0.5958333333333333,0.75,0.8104166666666667,16
697,0.17708333333333331,0.09239765358973619,0.0062500000000000056,0.16666666666666666,0.36041666666666666,16
698,-0.11875,0.09388878616036458,-0.2895833333333333,-0.11666666666666667,0.0,16
699,0.040624999999999994,0.05558050654980875,-0.03333333333333333,0.04166666666666667,0.15416666666666667,16
700,0.3625,0.09213893494789993,0.17708333333333331,0.36666666666666664,0.5041666666666667,16
701,-0.25,0.09982623792259117,-0.4041666666666667,-0.23333333333333334,-0.10625000000000001,16
702,0.384375,0.10214177748763399,0.25625,0.375,0.5437500000000001,16
703,-0.690625,0.09609904287591353,-0.8479166666666667,-0.7,-0.5166666666666666,16
704,0.7302083333333333,0.06269933490255078,0.65625,0.7166666666666667,0.8708333333333333,16
705,0.046875,0.08337889379546574,-0.05833333333333333,0.03333333333333333,0.24166666666666667,16
706,-0.12395833333333332,0.10523926937908892,-0.27708333333333335,-0.13333333333333333,0.03333333333333333,16
707,-0.06562499999999999,0.08609360821222445,-0.18333333333333332,-0.075,0.08750000000000001,16
708,0.5895833333333333,0.05709245669185299,0.4895833333333333,0.6,0.6875,16
709,0.55,0.08354140689901425,0.38333333333333336,0.5583333333333333,0.6833333333333333,16
710,0.60625,0.11590150871417604,0.38125,0.6416666666666666,0.7833333333333333,16
711,0.06354166666666666,0.10055725808104443,-0.10416666666666667,0.06666666666666667,0.2,16
712,0.25416666666666665,0.10680004681646914,0.1,0.24166666666666667,0.45208333333333334,16
713,-0.771875,0.06420419627597906,-0.84375,-0.7833333333333333,-0.6208333333333333,16
714,0.0625,0.09042722672587794,-0.06666666666666667,0.03333333333333333,0.23125,16
715,0.009375000000000001,0.13919021133167214,-0.21041666666666667,0.016666666666666666,0.24583333333333332,16
716,0.5291666666666667,0.10248644896874036,0.36875,0.5083333333333333,0.7041666666666667,16
717,-0.19062500000000002,0.11784652654806778,-0.3979166666666667,-0.15,-0.02291666666666667,16
718,0.5249999999999999,0.10491398593345143,0.32291666666666663,0.5333333333333333,0.6895833333333333,16
719,0.09999999999999999,0.11365151414154881,-0.13333333333333333,0.14166666666666666,0.24166666666666667,16
720,-0.5583333333333333,0.06846531968814577,-0.6708333333333334,-0.55,-0.45208333333333334,16
721,-0.08854166666666667,0.10924595562053749,-0.23125,-0.10833333333333334,0.14375,16
722,0.7927083333333333,0.04328873907329196,0.75,0.7666666666666667,0.8770833333333333,16
723,0.540625,0.11710761165839448,0.31875,0.55,0.7083333333333333,16
724,0.6697916666666667,0.09132868563296224,0.5270833333333333,0.65,0.86875,16
725,0.4916666666666667,0.08559432743405891,0.3395833333333333,0.4916666666666667,0.6375000000000001,16
726,-0.4125,0.10680004681646915,-0.5708333333333334,-0.42500000000000004,-0.2,16
727,-0.6604166666666667,0.10356073768030472,-0.8145833333333333,-0.675,-0.4354166666666667,16
728,-0.30312500000000003,0.10740285500809041,-0.4166666666666667,-0.33333333333333337,-0.12916666666666665,16
729,-0.00625,0.07680128579652817,-0.15833333333333333,0.008333333333333333,0.11458333333333333,16
730,-0.20520833333333333,0.10403637685124052,-0.4125,-0.2,-0.04583333333333334,16
731,0.5718749999999999,0.08180234265526196,0.4041666666666667,0.5833333333333333,0.6833333333333333,16
732,0.45,0.08333333333333334,0.3125,0.45,0.5770833333333334,16
733,-0.10312500000000001,0.09170808723274566,-0.2708333333333333,-0.09166666666666667,0.0375,16
734,0.2625,0.11188101318414628,0.1,0.24166666666666667,0.4729166666666667,16
735,0.018750000000000003,0.10604555493853678,-0.13333333333333333,0.016666666666666666,0.19791666666666666,16
736,-0.7093750000000001,0.07614148699406038,-0.8270833333333334,-0.7166666666666667,-0.5729166666666666,16
737,-0.17395833333333333,0.07429500833763254,-0.3020833333333333,-0.18333333333333332,-0.04166666666666667,16
738,0.33541666666666664,0.08495811876709868,0.18541666666666667,0.32499999999999996,0.47708333333333336,16
739,0.8,0.04526158538000089,0.7229166666666667,0.8,0.8708333333333333,16
740,-0.32708333333333334,0.09295963132217962,-0.4604166666666667,-0.29166666666666663,-0.18125,16
741,0.13125,0.10305658505026363,-0.06666666666666667,0.16666666666666666,0.275,16
742,0.0625,0.08730136183232068,-0.06041666666666667,0.058333333333333334,0.23125,16
743,0.32916666666666666,0.0744190462478823,0.16458333333333333,0.3416666666666667,0.4104166666666667,16
744,-0.10729166666666666,0.16104786533995274,-0.38125,-0.125,0.17500000000000002,16
745,-0.40312499999999996,0.11414214304736199,-0.58125,-0.42500000000000004,-0.17291666666666666,16
746,-0.8041666666666667,0.0798218502527834,-0.9270833333333334,-0.8166666666666667,-0.6416666666666667,16
747,-0.5874999999999999,0.10680004681646912,-0.7375,-0.6000000000000001,-0.40625,16
748,-0.29270833333333335,0.11576568018343492,-0.4666666666666667,-0.3,-0.10625000000000001,16
749,-0.8447916666666666,0.06447403385601576,-0.9541666666666667,-0.8333333333333334,-0.7395833333333333,16
750,0.4041666666666667,0.07058780977540591,0.28541666666666665,0.4083333333333333,0.5208333333333334,16
751,-0.21458333333333332,0.07792335087193768,-0.3208333333333333,-0.23333333333333334,-0.07291666666666666,16
752,0.6072916666666667,0.08896955432743396,0.4895833333333333,0.6083333333333334,0.8083333333333333,16
753,-0.046875,0.10428638953222355,-0.225,-0.05,0.10833333333333334,16
754,0.17916666666666667,0.12154960121512351,0.0020833333333333363,0.16666666666666666,0.4166666666666667,16
755,-0.4239583333333333,0.08759295657566692,-0.5604166666666667,-0.42500000000000004,-0.3,16
756,-0.44687499999999997,0.07976065541843158,-0.5854166666666667,-0.45,-0.3125,16
757,-0.2885416666666667,0.10876815780722675,-0.45,-0.2833333333333333,-0.12291666666666667,16
758,-0.057291666666666664,0.08679652730828451,-0.20833333333333334,-0.06666666666666667,0.08750000000000001,16
759,-0.6802083333333333,0.05343049418013401,-0.7770833333333333,-0.675,-0.6,16
760,-0.3760416666666667,0.08436213893750627,-0.47708333333333336,-0.4,-0.21666666666666667,16
761,0.4375,0.06705615391429617,0.3125,0.45,0.5479166666666667,16
762,0.7260416666666667,0.068457395002699,0.5979166666666667,0.725,0.8541666666666667,16
763,0.2520833333333333,0.08637671850678283,0.13333333333333333,0.225,0.40208333333333335,16
764,0.640625,0.07021018790824526,0.5083333333333333,0.6416666666666666,0.7541666666666667,16
765,0.04166666666666667,0.11562030771259672,-0.13333333333333333,0.025,0.2375,16
766,0.3302083333333333,0.07997802432543581,0.18958333333333333,0.32499999999999996,0.44375000000000003,16
767,-0.321875,0.08634530764771052,-0.49375,-0.3,-0.22291666666666668,16
768,0.15937500000000002,0.09279022600288603,-0.010416666666666666,0.175,0.2833333333333333,16
769,-0.4041666666666667,0.13313787757225382,-0.6083333333333333,-0.42500000000000004,-0.18541666666666667,16
770,0.9604166666666667,0.025600428598842716,0.9229166666666666,0.9583333333333333,1.0,16
771,-0.1625,0.10095034532988098,-0.3854166666666667,-0.14166666666666666,-0.025,16
772,-0.18958333333333333,0.0742730977915662,-0.3125,-0.19166666666666665,-0.058333333333333334,16
773,-0.2,0.1165177621175797,-0.42083333333333334,-0.2,0.03125,16
774,-0.6645833333333333,0.06451609403000842,-0.7958333333333334,-0.6583333333333333,-0.5520833333333334,16
775,0.07291666666666666,0.11053452829068591,-0.10416666666666667,0.075,0.2604166666666667,16
776,0.02604166666666667,0.10991928067399681,-0.12708333333333333,0.03333333333333333,0.20416666666666666,16
777,0.17708333333333334,0.115150113378629,-0.033333333333333326,0.19166666666666665,0.3666666666666667,16
778,-0.4479166666666667,0.07968579791210534,-0.5708333333333334,-0.43333333333333335,-0.29791666666666666,16
779,-0.18020833333333333,0.0968637986355641,-0.3416666666666667,-0.16666666666666666,-0.04583333333333334,16
780,-0.014583333333333335,0.07356851492920656,-0.13125,-0.025,0.13125,16
781,0.31145833333333334,0.09641467694576153,0.18333333333333332,0.3,0.4604166666666667,16
782,-0.0072916666666666685,0.10188650241813192,-0.14375,-0.03333333333333333,0.17500000000000002,16
783,-0.6052083333333333,0.07721694501352808,-0.7166666666666667,-0.625,-0.50625,16
784,0.265625,0.09564633022814369,0.07916666666666666,0.29166666666666663,0.41458333333333336,16
785,-0.2635416666666667,0.09668440031302304,-0.42708333333333337,-0.25,-0.10416666666666666,16
786,0.12083333333333332,0.11909671606630377,-0.043750000000000004,0.11666666666666667,0.36875,16
787,0.07604166666666667,0.08206720442214824,-0.06041666666666667,0.09166666666666667,0.21666666666666667,16
788,-0.6041666666666666,0.04805234414446165,-0.7041666666666667,-0.6000000000000001,-0.5395833333333333,16
789,0.7645833333333334,0.07634784250753623,0.5895833333333333,0.8,0.85,16
790,-0.6104166666666666,0.0754327791259653,-0.7375,-0.6166666666666667,-0.47500000000000003,16
791,-0.8739583333333334,0.057424089384740494,-0.95,-0.8833333333333333,-0.7583333333333333,16
792,0.48437499999999994,0.09726623507729243,0.30833333333333335,0.48333333333333334,0.6208333333333333,16
793,-0.3520833333333333,0.13383693955290854,-0.5437500000000001,-0.33333333333333337,-0.15208333333333332,16
794,0.640625,0.08497727433130446,0.48125,0.65,0.7604166666666667,16
795,-0.5770833333333334,0.09220956656804469,-0.74375,-0.5583333333333333,-0.42291666666666666,16
796,-0.6822916666666666,0.07179947723037793,-0.8208333333333334,-0.6666666666666666,-0.5645833333333333,16
797,-0.4625,0.10095034532988098,-0.5875,-0.4916666666666667,-0.25625,16
798,-0.0072916666666666685,0.13654577351162828,-0.2520833333333333,0.008333333333333331,0.19791666666666666,16
799,0.7125,0.06984606089266755,0.5729166666666666,0.7166666666666667,0.8104166666666667,16
800,-0.10104166666666667,0.09885959986825311,-0.28125,-0.11666666666666667,0.06041666666666667,16
801,-0.3489583333333333,0.09003640274602515,-0.45,-0.3583333333333333,-0.17083333333333334,16
802,-0.36354166666666665,0.08169615751537998,-0.5020833333333333,-0.375,-0.22916666666666669,16
803,-0.2885416666666667,0.12057713500540271,-0.4604166666666667,-0.3,-0.05625,16
804,0.041666666666666664,0.0650854139658888,-0.06041666666666667,0.025,0.15416666666666667,16
805,-0.353125,0.12321203917321645,-0.5166666666666667,-0.375,-0.13333333333333333,16
806,-0.203125,0.11307242486074527,-0.35416666666666663,-0.23333333333333334,0.020833333333333332,16
807,0.23541666666666666,0.0987552741207611,0.09583333333333333,0.20833333333333334,0.43125,16
808,0.45416666666666666,0.11418491338370602,0.2583333333333333,0.45,0.6479166666666667,16
809,0.05625,0.09733871988519723,-0.15625,0.075,0.15,16
810,-0.06041666666666666,0.08597379284151395,-0.20416666666666666,-0.05,0.10208333333333333,16
811,0.3052083333333333,0.08389782766026252,0.16458333333333333,0.29166666666666663,0.44375000000000003,16
812,-0.18020833333333333,0.09432117670491606,-0.3145833333333333,-0.2,-0.00625,16
813,0.5135416666666667,0.1064285672672312,0.3125,0.525,0.6645833333333333,16
814,-0.11979166666666667,0.08127002958245638,-0.22708333333333333,-0.125,0.020833333333333332,16
815,-0.08645833333333333,0.10610181660137168,-0.3020833333333333,-0.075,0.08125,16
816,0.190625,0.10407808733777196,-0.029166666666666674,0.18333333333333335,0.34375,16
817,-0.7749999999999999,0.08079466429027216,-0.9083333333333333,-0.7833333333333333,-0.6145833333333334,16
818,-0.94375,0.02114352409394213,-0.9770833333333333,-0.95,-0.9166666666666666,16
819,0.484375,0.09137619698258403,0.3395833333333333,0.5166666666666667,0.6333333333333333,16
820,-0.4979166666666667,0.08677777333191054,-0.625,-0.5166666666666667,-0.32708333333333334,16
821,0.5614583333333334,0.10218426133162037,0.38125,0.5583333333333333,0.7145833333333333,16
822,0.13645833333333335,0.06749967849717672,-0.008333333333333331,0.15,0.24375,16
823,0.6197916666666666,0.05957568424095335,0.5125,0.6333333333333333,0.6833333333333333,16
824,0.6510416666666666,0.07871995679128782,0.5395833333333333,0.6416666666666666,0.7770833333333333,16
825,0.8083333333333333,0.058034951154933824,0.6958333333333333,0.825,0.8770833333333333,16
826,0.103125,0.08604317997054993,-0.05416666666666667,0.10833333333333334,0.26875,16
827,0.3895833333333334,0.08162307510066556,0.2375,0.4,0.5166666666666667,16
828,0.5333333333333332,0.10172129679778086,0.35,0.5666666666666667,0.6604166666666667,16
829,0.7458333333333333,0.0720484019407941,0.6291666666666667,0.7416666666666667,0.8916666666666666,16
830,0.7979166666666666,0.043650680916160346,0.71875,0.8,0.8666666666666667,16
831,-0.32083333333333336,0.11110243021644486,-0.5125000000000001,-0.31666666666666665,-0.12916666666666665,16
832,-0.03229166666666666,0.09213304653537127,-0.20833333333333334,-0.016666666666666666,0.10416666666666667,16
833,-0.25312500000000004,0.08979505020693883,-0.4083333333333333,-0.25,-0.12291666666666667,16
834,-0.45416666666666666,0.08111634305804911,-0.625,-0.44166666666666665,-0.3333333333333333,16
835,-0.2197916666666667,0.08998818402373107,-0.4291666666666667,-0.2,-0.12291666666666667,16
836,-0.5385416666666667,0.09199161155900151,-0.7,-0.5166666666666666,-0.38958333333333334,16
837,-0.7489583333333334,0.06574063885620691,-0.8833333333333333,-0.7583333333333333,-0.6416666666666667,16
838,-0.03645833333333333,0.08862740946419079,-0.1875,-0.03333333333333334,0.11041666666666666,16
839,0.04479166666666667,0.09348922063532245,-0.11041666666666666,0.058333333333333334,0.2125,16
840,0.3979166666666667,0.10305658505026363,0.17291666666666666,0.4166666666666667,0.5354166666666667,16
841,0.6614583333333334,0.06839396446324778,0.5395833333333333,0.6833333333333333,0.7708333333333334,16
842,0.25416666666666665,0.09437293044088438,0.09583333333333333,0.25,0.39375000000000004,16
843,0.4291666666666667,0.07872684844871326,0.30416666666666664,0.42500000000000004,0.5958333333333333,16
844,-0.7302083333333333,0.03736956482219188,-0.7937500000000001,-0.7333333333333333,-0.6729166666666666,16
845,-0.359375,0.1137994016655819,-0.5458333333333334,-0.36666666666666664,-0.15208333333333332,16
846,-0.75,0.07383352144445562,-0.8770833333333333,-0.75,-0.6145833333333334,16
847,0.27291666666666664,0.09388878616036458,0.09583333333333333,0.30833333333333335,0.38333333333333336,16
848,0.21145833333333333,0.12537703554346252,0.0020833333333333363,0.19166666666666665,0.45208333333333334,16
849,0.041666666666666664,0.08207381501496755,-0.06666666666666667,0.025,0.16666666666666666,16
850,0.37083333333333335,0.07872684844871329,0.19583333333333333,0.4,0.4604166666666667,16
851,-0.21666666666666667,0.082915619758885,-0.3875,-0.2,-0.09583333333333333,16
852,-0.29270833333333335,0.07094813001607427,-0.41458333333333336,-0.30833333333333335,-0.18958333333333333,16
853,0.359375,0.10523926937908894,0.17291666666666666,0.35833333333333334,0.5270833333333333,16
854,0.22916666666666666,0.11464013743498004,0.004166666666666666,0.23333333333333334,0.42916666666666664,16
855,0.6177083333333333,0.0986838297994605,0.43125,0.6583333333333333,0.74375,16
856,-0.5583333333333333,0.09646530752325187,-0.7333333333333333,-0.5166666666666666,-0.4395833333333333,16
857,-0.23854166666666665,0.1463347036287398,-0.4375,-0.26666666666666666,0.06041666666666667,16
858,0.3208333333333333,0.08670271686118672,0.14791666666666667,0.3333333333333333,0.43333333333333335,16
859,0.14583333333333331,0.14571423708371428,-0.14166666666666666,0.15833333333333333,0.35,16
860,-0.12604166666666666,0.07429500833763254,-0.26875,-0.11666666666666667,-0.004166666666666673,16
861,-0.315625,0.08548650600143472,-0.4708333333333333,-0.31666666666666665,-0.16458333333333333,16
862,-0.42708333333333337,0.09314620377545066,-0.6104166666666667,-0.4166666666666667,-0.2833333333333333,16
863,0.12395833333333334,0.10622446588605555,-0.03125,0.1,0.3541666666666667,16
864,0.07916666666666668,0.08946212730659954,-0.06666666666666667,0.1,0.20416666666666666,16
865,0.4729166666666667,0.06919050793923173,0.3458333333333333,0.48333333333333334,0.5604166666666667,16
866,0.61875,0.06424643310462197,0.48125,0.6166666666666667,0.7104166666666667,16
867,-0.012499999999999999,0.153263117981246,-0.2833333333333333,0.0,0.23125,16
868,-0.24062499999999998,0.12147369828485508,-0.44375000000000003,-0.25,-0.020833333333333332,16
869,0.7093750000000001,0.05558050654980876,0.6124999999999999,0.7,0.8,16
870,-0.2833333333333333,0.1241638702145945,-0.4854166666666667,-0.3333333333333333,-0.1,16
871,0.153125,0.11027408246677407,-0.016666666666666666,0.14166666666666666,0.36041666666666666,16
872,-0.446875,0.09227426472508765,-0.5666666666666667,-0.4166666666666667,-0.27291666666666664,16
873,-0.5020833333333333,0.11131708339493789,-0.6645833333333333,-0.5083333333333333,-0.32916666666666666,16
874,-0.057291666666666664,0.10848847064959893,-0.21458333333333332,-0.07500000000000001,0.09375,16
875,0.6979166666666666,0.06260408000548633,0.5958333333333333,0.7,0.81875,16
876,0.6812499999999999,0.07018700219967924,0.5458333333333333,0.7,0.7666666666666667,16
877,-0.38020833333333337,0.1136849249143341,-0.5041666666666667,-0.44166666666666665,-0.15000000000000002,16
878,0.4427083333333333,0.11133170376801431,0.2625,0.45,0.6270833333333333,16
879,0.2635416666666667,0.10072975913303873,0.10625000000000001,0.26666666666666666,0.4375,16
880,-0.03229166666666667,0.08153662052176992,-0.19791666666666666,-0.03333333333333333,0.08750000000000001,16
881,0.2708333333333333,0.08385254915624211,0.08125,0.3,0.37083333333333335,16
882,-0.42604166666666665,0.10490881457246574,-0.58125,-0.44166666666666665,-0.22916666666666669,16
883,0.9125,0.03200477394945252,0.85625,0.9166666666666666,0.9708333333333333,16
884,-0.42604166666666665,0.11379940166558192,-0.6333333333333333,-0.42500000000000004,-0.22916666666666666,16
885,-0.4145833333333333,0.0982264602843857,-0.625,-0.4083333333333333,-0.25625,16
886,0.10520833333333333,0.10064354556497346,-0.043750000000000004,0.08333333333333333,0.29583333333333334,16
887,-0.35,0.12829003598617209,-0.5666666666666667,-0.35,-0.14583333333333331,16
888,0.7552083333333333,0.06711276528268591,0.65,0.7666666666666667,0.84375,16
889,-0.5552083333333333,0.07608446284302145,-0.6916666666666667,-0.5583333333333333,-0.4354166666666667,16
890,0.04583333333333334,0.08789592962387077,-0.11875,0.05,0.16666666666666666,16
891,-0.43020833333333336,0.08482390869390016,-0.58125,-0.42500000000000004,-0.30833333333333335,16
892,-0.3770833333333334,0.10958808608197841,-0.5208333333333334,-0.4083333333333333,-0.16875,16
893,0.14583333333333334,0.09583333333333333,0.008333333333333335,0.14166666666666666,0.3375,16
894,0.22291666666666665,0.09370369226687092,0.07291666666666666,0.225,0.36458333333333337,16
895,0.022916666666666665,0.11069148190654358,-0.1375,0.0,0.19375,16
896,-0.16145833333333331,0.09441316373319512,-0.32499999999999996,-0.175,-0.02291666666666667,16
897,-0.5802083333333333,0.07411954261341755,-0.6979166666666666,-0.6,-0.44166666666666665,16
898,0.21041666666666664,0.08351542605344768,0.07916666666666666,0.20833333333333334,0.33749999999999997,16
899,0.03854166666666666,0.08793912627809965,-0.14375,0.03333333333333333,0.16041666666666665,16
900,0.5354166666666667,0.10238051979421346,0.3229166666666667,0.575,0.6708333333333334,16
901,0.534375,0.09708758037920652,0.34375,0.55,0.6645833333333333,16
902,0.4739583333333333,0.07614148699406038,0.3458333333333333,0.48333333333333334,0.61875,16
903,0.6052083333333333,0.09066091242463131,0.5,0.6,0.7604166666666667,16
904,-0.39583333333333337,0.11494261853444769,-0.5416666666666666,-0.44166666666666665,-0.13125,16
905,0.6270833333333333,0.08098246552323671,0.47708333333333336,0.6083333333333334,0.7708333333333334,16
906,-0.11145833333333334,0.12426432820358742,-0.36875,-0.1,0.06875,16
907,0.8739583333333334,0.06065863900641944,0.7416666666666667,0.8833333333333333,0.94375,16
908,0.09479166666666668,0.08201430049760293,-0.027083333333333334,0.09166666666666667,0.2520833333333333,16
909,-0.13749999999999998,0.06984606089266754,-0.25416666666666665,-0.13333333333333333,-0.018750000000000003,16
910,-0.40208333333333335,0.11797995945639808,-0.5541666666666667,-0.42500000000000004,-0.175,16
911,0.359375,0.09947234924283678,0.16875,0.38333333333333336,0.49375,16
912,-0.048958333333333326,0.1286236907394763,-0.29375,-0.06666666666666667,0.14375,16
913,0.4104166666666667,0.10032499273195422,0.24583333333333335,0.4166666666666667,0.6270833333333333,16
914,0.40729166666666666,0.09735543948451068,0.26458333333333334,0.3916666666666667,0.6,16
915,0.3541666666666667,0.07603453162872775,0.23541666666666666,0.3416666666666667,0.4916666666666667,16
916,0.6166666666666667,0.05496210815947048,0.51875,0.6416666666666666,0.6833333333333333,16
917,-0.7885416666666667,0.06001121133680865,-0.8770833333333333,-0.8,-0.6895833333333333,16
918,0.2729166666666667,0.09480883544152295,0.10833333333333334,0.3,0.39375000000000004,16
919,0.20520833333333333,0.08694641349385518,0.05416666666666667,0.21666666666666667,0.32708333333333334,16
920,-0.64375,0.06505206248331664,-0.75,-0.65,-0.5395833333333333,16
921,-0.3145833333333333,0.10847346705787345,-0.5166666666666666,-0.31666666666666665,-0.12083333333333332,16
922,-0.5708333333333333,0.08907315969346645,-0.7166666666666667,-0.5666666666666667,-0.42291666666666666,16
923,-0.7083333333333334,0.06614378277661478,-0.8208333333333334,-0.6916666666666667,-0.6124999999999999,16
924,-0.3364583333333333,0.0991664478288902,-0.5270833333333333,-0.32499999999999996,-0.18958333333333333,16
925,-0.13229166666666667,0.09381363580998707,-0.29375,-0.125,0.01458333333333333,16
926,0.7364583333333333,0.08400122973636888,0.6124999999999999,0.7333333333333334,0.85,16
927,0.012499999999999999,0.09745012969605417,-0.17916666666666667,0.016666666666666666,0.18333333333333335,16
928,0.446875,0.09614419689831634,0.26666666666666666,0.4666666666666667,0.5958333333333333,16
929,0.95,0.02357022603955158,0.9166666666666666,0.95,0.9833333333333333,16
930,0.07395833333333332,0.07522391343700338,-0.043750000000000004,0.058333333333333334,0.20416666666666666,16
931,-0.103125,0.11368492491433407,-0.27708333333333335,-0.09166666666666667,0.10416666666666667,16
932,-0.353125,0.09523704891538332,-0.5145833333333333,-0.3416666666666667,-0.17708333333333331,16
933,0.3489583333333333,0.10416145820311849,0.15833333333333333,0.35,0.5541666666666667,16
934,-0.43125,0.11885959854663261,-0.625,-0.43333333333333335,-0.24166666666666667,16
935,-0.20937499999999998,0.09260293634353312,-0.3958333333333333,-0.2,-0.035416666666666666,16
936,0.04791666666666666,0.10422914792790823,-0.09375,0.025,0.21041666666666667,16
937,0.3229166666666667,0.10604555493853678,0.13125,0.31666666666666665,0.4875,16
938,-0.16770833333333332,0.07058012340202052,-0.24375,-0.19166666666666665,-0.008333333333333335,16
939,-0.159375,0.10507417188454175,-0.33749999999999997,-0.15833333333333333,-0.016666666666666666,16
940,-0.3104166666666667,0.09258535851370406,-0.4729166666666667,-0.32499999999999996,-0.14791666666666667,16
941,-0.7458333333333333,0.07716774657271724,-0.8666666666666667,-0.7666666666666667,-0.6020833333333333,16
942,-0.14270833333333333,0.1148623496843069,-0.3104166666666667,-0.14166666666666666,0.08333333333333333,16
943,-0.22395833333333331,0.09166074791497902,-0.36666666666666664,-0.225,-0.08958333333333333,16
944,0.6072916666666668,0.07992373752174282,0.46875,0.6166666666666667,0.73125,16
945,0.6802083333333333,0.07149658839957175,0.55625,0.6916666666666667,0.7979166666666667,16
946,0.31354166666666666,0.09650466849674512,0.16666666666666666,0.3,0.45416666666666666,16
947,0.28125,0.11856711062610163,0.10625000000000001,0.275,0.4875,16
948,-0.27604166666666663,0.08311821191999848,-0.39375000000000004,-0.3,-0.11041666666666666,16
949,-0.20104166666666667,0.12183047619768854,-0.45,-0.20833333333333334,-0.0125,16
950,0.8541666666666667,0.03930825471690251,0.7729166666666667,0.85,0.9104166666666667,16
951,0.340625,0.09877175393299444,0.19583333333333333,0.3333333333333333,0.4979166666666667,16
952,0.20625,0.08895125850087164,0.08958333333333333,0.18333333333333332,0.36666666666666664,16
953,0.6614583333333333,0.07161789765057955,0.5625,0.6583333333333333,0.7958333333333334,16
954,-0.396875,0.08724541336240994,-0.53125,-0.4,-0.20625,16
955,0.059375,0.09334984043014392,-0.06666666666666667,0.075,0.23958333333333331,16
956,-0.4145833333333333,0.07792335087193768,-0.5666666666666667,-0.4,-0.29583333333333334,16
957,0.08750000000000001,0.13116730198914328,-0.125,0.058333333333333334,0.2875,16
958,0.5229166666666667,0.05769742676719261,0.4395833333333333,0.5166666666666667,0.6104166666666667,16
959,0.5052083333333334,0.06915129096167812,0.40625,0.5083333333333333,0.6,16
960,-0.08125,0.13830258192335626,-0.29791666666666666,-0.09166666666666667,0.17916666666666667,16
961,0.678125,0.06839396446324778,0.5291666666666667,0.6833333333333333,0.7770833333333333,16
962,0.409375,0.10085894130748482,0.21250000000000002,0.4,0.5437500000000001,16
963,-0.2,0.14684175155588414,-0.4479166666666667,-0.16666666666666666,0.027083333333333334,16
964,0.07395833333333335,0.0640010714971068,-0.05833333333333333,0.09166666666666667,0.16041666666666665,16
965,0.4854166666666667,0.07067998105703073,0.3520833333333333,0.48333333333333334,0.6125,16
966,0.459375,0.0893589729219549,0.275,0.4666666666666667,0.58125,16
967,0.2822916666666667,0.08322258265572445,0.15208333333333332,0.2833333333333333,0.45625,16
968,0.284375,0.08964992679863158,0.11875,0.29166666666666663,0.42500000000000004,16
969,-0.4427083333333333,0.12801485780738284,-0.63125,-0.4666666666666667,-0.21458333333333332,16
970,-0.6666666666666666,0.06454972243679029,-0.7666666666666667,-0.6666666666666666,-0.5666666666666667,16
971,-0.584375,0.07464470240561095,-0.69375,-0.5833333333333334,-0.45208333333333334,16
972,0.48541666666666666,0.1312169270499978,0.2583333333333333,0.5,0.7333333333333334,16
973,0.18124999999999997,0.09258535851370404,0.025,0.18333333333333332,0.3333333333333333,16
974,0.48958333333333326,0.08141009867741635,0.36875,0.48333333333333334,0.63125,16
975,0.2583333333333333,0.07993052538854532,0.12291666666666667,0.275,0.3770833333333333,16
976,-0.07916666666666666,0.06679674809117249,-0.21458333333333332,-0.06666666666666667,0.020833333333333332,16
977,0.6604166666666667,0.08657747814658395,0.50625,0.6666666666666666,0.8145833333333333,16
978,0.17291666666666666,0.1188595985466326,-0.025,0.175,0.37916666666666665,16
979,-0.29375,0.11454544828242728,-0.4916666666666667,-0.26666666666666666,-0.11666666666666667,16
980,0.8145833333333333,0.06063180087856353,0.6833333333333333,0.8333333333333334,0.89375,16
981,0.2895833333333333,0.0975169144872371,0.06875,0.29166666666666663,0.42083333333333334,16
982,0.27604166666666663,0.07545435292281022,0.16666666666666666,0.3,0.38333333333333336,16
983,-0.10104166666666667,0.09546464405154868,-0.2625,-0.11666666666666667,0.07083333333333333,16
984,0.6010416666666667,0.07805552466389264,0.49583333333333335,0.6166666666666667,0.7270833333333333,16
985,-0.04791666666666667,0.1312169270499978,-0.33958333333333335,-0.025,0.14583333333333331,16
986,-0.39479166666666665,0.0869464134938552,-0.5416666666666666,-0.4083333333333333,-0.23958333333333334,16
987,0.0875,0.0952883052169106,-0.06041666666666667,0.1,0.24375,16
988,-0.13333333333333333,0.08740073734751264,-0.2604166666666667,-0.10833333333333334,-0.0020833333333333363,16
989,0.25520833333333337,0.09977731281597926,0.12291666666666667,0.25,0.4041666666666667,16
990,0.4447916666666667,0.107322002183978,0.2583333333333333,0.45833333333333337,0.6291666666666667,16
991,-0.1125,0.09904053603337261,-0.24375,-0.125,0.06666666666666667,16
992,-0.5364583333333333,0.1077256594704035,-0.7333333333333334,-0.525,-0.3520833333333333,16
993,0.5864583333333333,0.08979505020693883,0.4354166666666667,0.5916666666666667,0.7375,16
994,0.5854166666666667,0.10538866558284782,0.39583333333333337,0.6083333333333334,0.7166666666666667,16
995,0.59375,0.0899218410621135,0.4083333333333333,0.6333333333333333,0.69375,16
996,-0.5395833333333333,0.08617549116644346,-0.6541666666666667,-0.55,-0.40625,16
997,-0.06562499999999999,0.10646934059207426,-0.22083333333333333,-0.1,0.14166666666666666,16
998,-0.53125,0.10084280258567457,-0.7041666666666667,-0.525,-0.35833333333333334,16
999,0.6114583333333332,0.09695337331533246,0.4354166666666667,0.6333333333333333,0.7791666666666667,16
1000,0.03854166666666667,0.137653796563456,-0.15833333333333333,-0.025,0.3020833333333333,16
1001,0.540625,0.11710761165839448,0.3208333333333333,0.525,0.7541666666666667,16
1002,0.17708333333333334,0.0873759040646282,0.0125,0.175,0.3104166666666667,16
1003,0.4270833333333333,0.11469691340417337,0.22916666666666669,0.45833333333333337,0.59375,16
1004,0.26666666666666666,0.10206207261596575,0.13958333333333334,0.24166666666666667,0.45833333333333337,16
1005,0.5760416666666666,0.06921402745991755,0.43333333333333335,0.5916666666666667,0.6770833333333334,16
1006,-0.6364583333333333,0.06406885131117407,-0.7270833333333333,-0.65,-0.5395833333333333,16
1007,0.04479166666666666,0.09293044554037892,-0.10833333333333334,0.05,0.21458333333333332,16
1008,-0.25,0.12318121249245402,-0.4604166666666667,-0.25,-0.0062500000000000056,16
1009,0.3729166666666667,0.09840304732182954,0.23333333333333334,0.3833333333333333,0.5416666666666666,16
1010,-0.21458333333333332,0.0871769831371153,-0.33749999999999997,-0.225,-0.0625,16
1011,0.06979166666666667,0.15025658032364358,-0.13125,0.08333333333333333,0.3875,16
1012,-0.17812499999999998,0.10924595562053747,-0.3958333333333333,-0.175,-0.03958333333333333,16
1013,-0.03333333333333334,0.14707802162268993,-0.23125,-0.03333333333333334,0.2583333333333333,16
1014,-0.478125,0.07562672174348607,-0.5645833333333333,-0.5083333333333333,-0.32916666666666666,16
1015,-0.14895833333333333,0.11295721135554924,-0.31875,-0.19166666666666665,0.041666666666666664,16
1016,0.159375,0.0939061200082295,0.03333333333333333,0.14166666666666666,0.34791666666666665,16
1017,-0.5791666666666666,0.0867027168611867,-0.6979166666666666,-0.6083333333333334,-0.38958333333333334,16
1018,-0.5104166666666666,0.09716019846967515,-0.6541666666666667,-0.5166666666666666,-0.33541666666666664,16
1019,0.10729166666666667,0.0939061200082295,-0.05833333333333333,0.11666666666666667,0.23333333333333334,16
1020,0.4239583333333333,0.10832832520475275,0.27291666666666664,0.4083333333333333,0.64375,16
1021,0.15833333333333333,0.10913167378090663,-0.002083333333333333,0.15,0.36875,16
1022,-0.8114583333333333,0.0591369496968219,-0.9041666666666667,-0.8166666666666667,-0.7020833333333333,16
1023,0.9177083333333333,0.03357658637767958,0.85625,0.925,0.9666666666666667,16
1024,-0.20833333333333331,0.13149778198382917,-0.38333333333333336,-0.225,-0.02291666666666667,16
1025,-0.7958333333333334,0.05017331074496792,-0.8875000000000001,-0.8,-0.7124999999999999,16
1026,-0.6312500000000001,0.08475352336169996,-0.775,-0.6333333333333333,-0.4895833333333333,16
1027,0.27708333333333335,0.09030715334038851,0.06875,0.30833333333333335,0.3875,16
1028,-0.68125,0.04709439398107214,-0.7604166666666667,-0.675,-0.6166666666666667,16
1029,0.24375,0.08597379284151396,0.13333333333333333,0.23333333333333334,0.42500000000000004,16
1030,-0.334375,0.12492619348817303,-0.55,-0.3333333333333333,-0.10416666666666666,16
1031,0.08958333333333333,0.10015179451434929,-0.09583333333333333,0.10833333333333334,0.25625,16
1032,0.6291666666666667,0.10043308994328291,0.5,0.6333333333333333,0.7937500000000001,16
1033,0.42604166666666665,0.09771144273659389,0.29583333333333334,0.3916666666666667,0.6,16
1034,0.553125,0.07976065541843155,0.42291666666666666,0.55,0.6770833333333334,16
1035,-0.421875,0.07965174851606628,-0.5479166666666667,-0.4,-0.3,16
1036,0.20520833333333333,0.09532815217564128,0.037500000000000006,0.20833333333333334,0.36041666666666666,16
1037,-0.3302083333333333,0.09632460131993512,-0.47708333333333336,-0.32499999999999996,-0.18541666666666667,16
1038,0.3572916666666667,0.07860960810302461,0.23541666666666666,0.35,0.5041666666666667,16
1039,-0.740625,0.062352255929071614,-0.8270833333333334,-0.7333333333333333,-0.6145833333333334,16
1040,0.04895833333333334,0.121259127663309,-0.125,0.03333333333333333,0.3,16
1041,0.24999999999999997,0.10622957319984967,0.07916666666666666,0.25,0.45625,16
1042,0.3364583333333333,0.09037321344476656,0.20833333333333331,0.30833333333333335,0.53125,16
1043,0.8552083333333333,0.06311331024875462,0.7395833333333333,0.8666666666666667,0.95,16
1044,-0.32291666666666663,0.07285711854185714,-0.42708333333333337,-0.32499999999999996,-0.18125,16
1045,0.5802083333333333,0.08502833473809383,0.4625,0.55,0.7291666666666667,16
1046,-0.09895833333333333,0.09510023038586418,-0.24375,-0.10833333333333334,0.07291666666666667,16
1047,-0.13229166666666667,0.09636964965693297,-0.26458333333333334,-0.15833333333333333,0.04791666666666666,16
1048,0.47500000000000003,0.08207381501496755,0.3458333333333333,0.48333333333333334,0.5833333333333334,16
1049,0.32291666666666663,0.07880950133074056,0.16041666666666665,0.35,0.4166666666666667,16
1050,-0.027083333333333334,0.09314620377545066,-0.2125,-0.03333333333333333,0.11041666666666666,16
1051,0.026041666666666664,0.11288033702160492,-0.14166666666666666,0.0,0.225,16
1052,0.08645833333333333,0.12050512177911776,-0.10208333333333333,0.09166666666666667,0.28125,16
1053,-0.78125,0.05769742676719263,-0.8604166666666667,-0.7833333333333333,-0.6729166666666666,16
1054,0.38645833333333335,0.072700572651726,0.2625,0.3916666666666667,0.49375,16
1055,0.9552083333333333,0.028697869404074813,0.9020833333333333,0.95,1.0,16
1056,-0.048958333333333326,0.11850761080810145,-0.24166666666666667,-0.05,0.16875,16
1057,0.46145833333333336,0.1043695940050443,0.27291666666666664,0.475,0.59375,16
1058,-0.6322916666666667,0.07670939705943608,-0.7708333333333334,-0.6166666666666667,-0.51875,16
1059,-0.6739583333333333,0.08935897292195488,-0.8270833333333334,-0.6666666666666666,-0.51875,16
1060,-0.7427083333333333,0.05950278646603219,-0.84375,-0.7416666666666667,-0.65,16
1061,-0.33958333333333335,0.07702700644723397,-0.47708333333333336,-0.3333333333333333,-0.20833333333333331,16
1062,-0.06041666666666666,0.08992184106211348,-0.22083333333333333,-0.05,0.08125,16
1063,0.8114583333333333,0.05643295862742307,0.7062499999999999,0.8083333333333333,0.9041666666666667,16
1064,-0.8333333333333334,0.0716860438920219,-0.94375,-0.8416666666666667,-0.6916666666666667,16
1065,-0.26041666666666663,0.11131708339493789,-0.4708333333333333,-0.24166666666666667,-0.09166666666666667,16
1066,0.59375,0.07946762967816937,0.4895833333333333,0.5666666666666667,0.7166666666666667,16
1067,0.65625,0.06063180087856351,0.5416666666666667,0.6666666666666666,0.74375,16
1068,-0.7406250000000001,0.06235225592907159,-0.8104166666666667,-0.7583333333333333,-0.5958333333333333,16
1069,0.28541666666666665,0.11393757428229431,0.11666666666666667,0.30833333333333335,0.46875,16
1070,0.065625,0.07937882755425964,-0.10833333333333334,0.06666666666666667,0.17708333333333331,16
1071,0.10729166666666666,0.10222672751998102,-0.06458333333333333,0.15,0.27291666666666664,16
1072,0.428125,0.1160278268228024,0.2625,0.3916666666666667,0.6499999999999999,16
1073,0.20104166666666667,0.10515675303247687,0.025,0.225,0.37083333333333335,16
1074,0.13020833333333331,0.0928369893804308,-0.0625,0.14166666666666666,0.2604166666666667,16
1075,0.10625000000000001,0.10571762046971062,-0.06041666666666667,0.08333333333333333,0.30416666666666664,16
1076,-0.121875,0.09348922063532245,-0.24791666666666667,-0.14166666666666666,0.06458333333333333,16
1077,0.5729166666666667,0.09049919428738946,0.4291666666666667,0.5666666666666667,0.75,16
1078,0.7270833333333333,0.0463512405443479,0.6458333333333333,0.725,0.8041666666666667,16
1079,0.4916666666666667,0.07949493345141215,0.35833333333333334,0.475,0.6375000000000001,16
1080,0.7020833333333334,0.045595976308831866,0.6333333333333333,0.7083333333333333,0.7666666666666667,16
1081,0.019791666666666662,0.1268226492981439,-0.18958333333333333,0.025,0.2625,16
1082,0.8041666666666667,0.059947894041408996,0.68125,0.8083333333333333,0.9083333333333333,16
1083,0.5916666666666667,0.0699702317656111,0.4895833333333333,0.6,0.7145833333333333,16
1084,0.12083333333333333,0.09833686434338289,-0.05833333333333333,0.125,0.2708333333333333,16
1085,0.03958333333333333,0.08141009867741635,-0.09791666666666667,0.04166666666666667,0.16041666666666665,16
1086,0.4291666666666667,0.11031835245728105,0.26666666666666666,0.4166666666666667,0.64375,16
1087,0.5083333333333333,0.09646530752325189,0.3145833333333333,0.5083333333333333,0.6166666666666667,16
1088,0.15,0.11118053386771945,-0.0375,0.175,0.33958333333333335,16
1089,-0.86875,0.04746160729122714,-0.95,-0.8666666666666667,-0.76875,16
1090,0.8104166666666667,0.06005639710583158,0.7,0.8166666666666667,0.9041666666666667,16
1091,0.4041666666666667,0.08385254915624213,0.25625,0.4083333333333333,0.5375000000000001,16
1092,-0.4291666666666667,0.10332997306364372,-0.5916666666666667,-0.42500000000000004,-0.22916666666666666,16
1093,0.6677083333333333,0.08945606269436285,0.49583333333333335,0.6916666666666667,0.7708333333333334,16
1094,-0.071875,0.07470282560102916,-0.16666666666666666,-0.09166666666666667,0.06875,16
1095,0.5145833333333333,0.11147293518059788,0.36666666666666664,0.5083333333333333,0.7416666666666667,16
1096,0.115625,0.11280341029862527,-0.027083333333333334,0.075,0.32708333333333334,16
1097,0.28229166666666666,0.09564633022814367,0.15208333333333332,0.275,0.47708333333333336,16
1098,0.37916666666666665,0.08508574106942557,0.23541666666666666,0.3583333333333333,0.5270833333333333,16
1099,0.9166666666666667,0.03173238794109963,0.8833333333333333,0.9166666666666666,0.9666666666666667,16
1100,0.49895833333333334,0.07058012340202052,0.38958333333333334,0.5,0.625,16
1101,0.7895833333333333,0.07116954521891135,0.6395833333333334,0.7833333333333333,0.89375,16
1102,0.34375000000000006,0.1286785130556855,0.06874999999999999,0.3916666666666667,0.5104166666666667,16
1103,-0.035416666666666666,0.08076779989575053,-0.16666666666666666,-0.016666666666666666,0.07708333333333334,16
1104,-0.38125,0.09840304732182954,-0.5270833333333333,-0.3666666666666667,-0.23333333333333334,16
1105,0.02291666666666667,0.07836767864085012,-0.10208333333333333,0.025,0.17708333333333331,16
1106,0.11666666666666667,0.08333333333333334,-0.041666666666666664,0.1,0.2375,16
1107,-0.5395833333333333,0.09351823203109769,-0.74375,-0.5333333333333334,-0.40625,16
1108,0.4614583333333333,0.08243658126436076,0.32291666666666663,0.4666666666666667,0.5770833333333334,16
1109,0.3375,0.10614782669047498,0.14166666666666666,0.3333333333333333,0.4875,16
1110,-0.6614583333333334,0.06633216864555402,-0.775,-0.6583333333333333,-0.5479166666666667,16
1111,0.7572916666666667,0.07816665556147755,0.61875,0.75,0.8666666666666667,16
1112,0.37916666666666665,0.11234557302260637,0.21250000000000002,0.3833333333333333,0.55,16
1113,0.01875,0.1358965854775036,-0.19375,0.04166666666666667,0.19375,16
1114,-0.24687499999999998,0.07799989983967927,-0.35416666666666663,-0.2583333333333333,-0.09166666666666667,16
1115,-0.29166666666666663,0.10206207261596575,-0.4375,-0.3,-0.09166666666666667,16
1116,0.9135416666666666,0.04496092053105674,0.85,0.9,0.9833333333333333,16
1117,-0.20937499999999998,0.06122838337368998,-0.30416666666666664,-0.20833333333333334,-0.11666666666666667,16
1118,0.4770833333333333,0.08076779989575054,0.3395833333333333,0.48333333333333334,0.6104166666666667,16
1119,-0.4375,0.1176299517791092,-0.6395833333333334,-0.45,-0.23958333333333334,16
1120,0.35624999999999996,0.08637671850678284,0.23333333333333334,0.3333333333333333,0.5083333333333333,16
1121,0.13124999999999998,0.10238051979421345,0.0,0.10833333333333334,0.32499999999999996,16
1122,-0.39687500000000003,0.09264979425233497,-0.5895833333333333,-0.38333333333333336,-0.26875,16
1123,-0.7520833333333333,0.037673211083385685,-0.8104166666666667,-0.75,-0.6833333333333333,16
1124,-0.028124999999999997,0.11050998415175989,-0.1875,-0.04166666666666667,0.14791666666666667,16
1125,0.4322916666666667,0.09307045382397144,0.22083333333333333,0.45,0.5604166666666667,16
1126,-0.4552083333333333,0.09236829023894871,-0.6041666666666667,-0.4666666666666667,-0.29791666666666666,16
1127,0.2520833333333333,0.1281377026223482,0.04791666666666666,0.23333333333333334,0.44375000000000003,16
1128,0.8104166666666667,0.06715317275535916,0.6854166666666667,0.8166666666666667,0.9208333333333334,16
1129,0.35624999999999996,0.0923976535897362,0.19374999999999998,0.3666666666666667,0.5229166666666667,16
1130,0.4854166666666667,0.0922095665680447,0.35833333333333334,0.4666666666666667,0.65,16
1131,0.115625,0.11311080328352568,-0.043750000000000004,0.1,0.35833333333333334,16
1132,0.030208333333333334,0.11978260835316991,-0.18125,0.05,0.20416666666666666,16
1133,-0.15416666666666667,0.10197698542100347,-0.34375,-0.11666666666666667,0.004166666666666666,16
1134,0.7166666666666667,0.07614861201040443,0.6083333333333334,0.725,0.8791666666666667,16
1135,0.4666666666666667,0.08079466429027216,0.3520833333333333,0.44166666666666665,0.61875,16
1136,0.052083333333333336,0.09963039334348618,-0.10416666666666667,0.058333333333333334,0.24166666666666667,16
1137,0.7635416666666666,0.0692767071444492,0.63125,0.775,0.8541666666666667,16
1138,0.6614583333333334,0.06685357912383348,0.5166666666666667,0.6666666666666666,0.74375,16
1139,0.5875,0.10532687216470447,0.42291666666666666,0.6083333333333334,0.7583333333333333,16
1140,0.30520833333333336,0.07562672174348606,0.2,0.3,0.4375,16
1141,0.45416666666666666,0.0960143218483576,0.32291666666666663,0.45,0.6395833333333334,16
1142,-0.84375,0.040771637064126925,-0.9104166666666667,-0.85,-0.7833333333333333,16
1143,-0.16354166666666667,0.112147402691973,-0.33541666666666664,-0.18333333333333335,0.041666666666666664,16
1144,-0.14479166666666668,0.10167328359614546,-0.27708333333333335,-0.15,0.0625,16
1145,0.7708333333333334,0.047324236215002306,0.6791666666666666,0.7833333333333333,0.8479166666666667,16
1146,0.35,0.06152009608430585,0.26666666666666666,0.3583333333333333,0.45416666666666666,16
1147,0.10520833333333332,0.1050328569623176,-0.06458333333333333,0.1,0.28541666666666665,16
1148,-0.21354166666666669,0.11535253181973175,-0.4104166666666667,-0.21666666666666667,-0.016666666666666666,16
1149,0.7479166666666667,0.05947542676508417,0.65625,0.7416666666666667,0.86875,16
1150,-0.6072916666666667,0.08818555838873693,-0.7833333333333333,-0.6,-0.4604166666666667,16
1151,-0.19791666666666666,0.08055256220492168,-0.3,-0.20833333333333334,-0.04166666666666667,16
1152,0.18125,0.09407351587396363,0.008333333333333335,0.2,0.33125,16
1153,-0.6802083333333333,0.06352458786870552,-0.7708333333333334,-0.6833333333333333,-0.5583333333333333,16
1154,0.5010416666666666,0.11554050967085094,0.30416666666666664,0.4916666666666667,0.6833333333333333,16
1155,-0.18645833333333334,0.11168201853426937,-0.36666666666666664,-0.21666666666666667,-0.016666666666666666,16
1156,0.953125,0.020597624930505393,0.9333333333333333,0.95,0.99375,16
1157,0.11041666666666666,0.12059963032005254,-0.0375,0.08333333333333333,0.35416666666666663,16
1158,0.18333333333333332,0.08539125638299665,0.02291666666666667,0.18333333333333332,0.32708333333333334,16
1159,0.58125,0.09590124405403253,0.39166666666666666,0.5833333333333333,0.7270833333333333,16
1160,-0.5989583333333334,0.07805552466389266,-0.7479166666666667,-0.5833333333333334,-0.4854166666666667,16
1161,0.5833333333333333,0.0816496580927726,0.4666666666666667,0.575,0.7458333333333333,16
1162,0.023958333333333335,0.1121086944665756,-0.18958333333333333,0.025,0.2375,16
1163,-0.16041666666666665,0.09680216796240786,-0.29375,-0.175,0.010416666666666666,16
1164,0.18020833333333333,0.07866480179639854,0.05,0.19166666666666665,0.30416666666666664,16
1165,0.6583333333333333,0.05743353646704258,0.55625,0.675,0.7333333333333333,16
1166,0.5687500000000001,0.1375473403353672,0.32083333333333336,0.5666666666666667,0.7645833333333333,16
1167,-0.246875,0.10626531752332619,-0.39375000000000004,-0.23333333333333334,-0.06458333333333333,16
1168,-0.4510416666666667,0.07033371593497832,-0.5645833333333333,-0.45833333333333337,-0.32499999999999996,16
1169,-0.8125,0.07034142923389222,-0.9270833333333334,-0.825,-0.675,16
1170,0.3614583333333333,0.08513036367503928,0.21041666666666664,0.375,0.4916666666666667,16
1171,0.3427083333333333,0.08857842374290581,0.16041666666666665,0.35,0.4604166666666667,16
1172,0.48854166666666665,0.07699178121721825,0.3333333333333333,0.475,0.6,16
1173,-0.903125,0.040917748627921566,-0.9708333333333333,-0.8916666666666666,-0.85,16
1174,-0.5354166666666667,0.0754327791259653,-0.6333333333333333,-0.5583333333333333,-0.39583333333333337,16
1175,0.825,0.05980291706003052,0.71875,0.8166666666666667,0.9104166666666667,16
1176,0.48854166666666665,0.07400233432879744,0.38958333333333334,0.48333333333333334,0.63125,16
1177,0.8541666666666667,0.058184333515703915,0.75625,0.8583333333333334,0.94375,16
1178,0.04374999999999999,0.10555327117411167,-0.09375,0.008333333333333331,0.25,16
1179,-0.8145833333333333,0.049956578367840836,-0.9041666666666667,-0.8,-0.7333333333333333,16
1180,0.42500000000000004,0.08057949835755716,0.25,0.44166666666666665,0.5375000000000001,16
1181,0.2739583333333333,0.09735543948451068,0.09166666666666667,0.275,0.41458333333333336,16
1182,0.5177083333333334,0.08174926732597261,0.37916666666666665,0.525,0.64375,16
1183,0.803125,0.06297562083413268,0.6895833333333333,0.8083333333333333,0.9,16
1184,0.09583333333333333,0.11016086722001904,-0.09791666666666667,0.10833333333333334,0.28541666666666665,16
1185,-0.6166666666666667,0.07861650943380502,-0.7520833333333333,-0.6166666666666667,-0.48333333333333334,16
1186,-0.490625,0.0774974797977328,-0.625,-0.48333333333333334,-0.36666666666666664,16
1187,0.296875,0.07100927902980944,0.15416666666666667,0.3,0.38333333333333336,16
1188,0.36979166666666663,0.10932538557240745,0.23333333333333334,0.35833333333333334,0.5833333333333333,16
1189,-0.2666666666666666,0.07453559924999299,-0.4,-0.2583333333333333,-0.16666666666666666,16
1190,-0.4375,0.07828455928356641,-0.5333333333333333,-0.42500000000000004,-0.31666666666666665,16
1191,-0.6864583333333334,0.07458653391642936,-0.8145833333333333,-0.6833333333333333,-0.5583333333333333,16
1192,0.09375,0.07497105923102741,-0.027083333333333334,0.10833333333333334,0.19375,16
1193,0.5770833333333334,0.07116954521891133,0.4354166666666667,0.5833333333333333,0.6770833333333334,16
1194,-0.22708333333333333,0.0895348706122679,-0.38125,-0.21666666666666667,-0.07916666666666666,16
1195,0.16666666666666669,0.09033118078616166,-0.008333333333333331,0.16666666666666666,0.2833333333333333,16
1196,0.4395833333333333,0.07543277912596531,0.3395833333333333,0.43333333333333335,0.5895833333333333,16
1197,-0.45729166666666665,0.08916447621920091,-0.5604166666666667,-0.48333333333333334,-0.275,16
1198,0.08541666666666667,0.10815289460347842,-0.07083333333333333,0.08333333333333333,0.26666666666666666,16
1199,0.7916666666666667,0.08897565210026091,0.6291666666666667,0.8,0.9041666666666667,16
1200,0.34895833333333337,0.08487506136472991,0.19791666666666666,0.35,0.5125000000000001,16
1201,-0.27083333333333337,0.08488145328109735,-0.35,-0.30833333333333335,-0.09583333333333333,16
1202,-0.7895833333333333,0.053643304956598886,-0.8604166666666667,-0.8,-0.6958333333333333,16
1203,-0.303125,0.10900731849793899,-0.4875,-0.3,-0.11666666666666667,16
1204,0.5104166666666667,0.07356851492920656,0.37916666666666665,0.5166666666666666,0.6,16
1205,-0.28229166666666666,0.08848037093992468,-0.42083333333333334,-0.275,-0.1125,16
1206,0.7583333333333333,0.07383352144445565,0.6333333333333333,0.7666666666666666,0.8875000000000001,16
1207,-0.309375,0.06372923136642679,-0.4104166666666667,-0.31666666666666665,-0.19583333333333333,16
1208,0.020833333333333336,0.10744830798523022,-0.15833333333333333,0.058333333333333334,0.20416666666666666,16
1209,-0.18854166666666666,0.11360854299596782,-0.40625,-0.18333333333333332,-0.008333333333333335,16
1210,0.6041666666666667,0.07395099728874518,0.45833333333333337,0.6166666666666667,0.7,16
1211,-0.7239583333333333,0.08599272215652258,-0.8541666666666667,-0.725,-0.5895833333333333,16
1212,-0.7364583333333333,0.07246137620599452,-0.875,-0.725,-0.6291666666666667,16
1213,0.75,0.06666666666666668,0.6520833333333333,0.75,0.8666666666666667,16
1214,-0.17395833333333333,0.0640010714971068,-0.28541666666666665,-0.18333333333333332,-0.05208333333333333,16
1215,-0.21979166666666666,0.14556150260857667,-0.4375,-0.24166666666666667,0.10208333333333336,16
1216,0.3177083333333333,0.10265042316035526,0.18541666666666667,0.30833333333333335,0.5354166666666667,16
1217,0.06874999999999999,0.09733871988519723,-0.11249999999999999,0.09166666666666667,0.18333333333333332,16
1218,-0.3989583333333333,0.10872824654717018,-0.6125,-0.4083333333333333,-0.25625,16
1219,0.634375,0.04840108398120393,0.5729166666666666,0.6166666666666667,0.7416666666666667,16
1220,-0.8260416666666667,0.07192027559504109,-0.9375,-0.8333333333333334,-0.6875,16
1221,0.31145833333333334,0.10150238605569822,0.1125,0.31666666666666665,0.46875,16
1222,-0.5406249999999999,0.12289459547605103,-0.725,-0.5833333333333334,-0.3145833333333333,16
1223,-0.10625,0.07213870705491994,-0.22708333333333333,-0.1,0.004166666666666666,16
1224,0.7375,0.0923271658590014,0.5625,0.7583333333333333,0.8916666666666666,16
1225,-0.278125,0.1043695940050443,-0.4666666666666667,-0.2833333333333333,-0.12916666666666665,16
1226,-0.24270833333333333,0.10357645290905758,-0.40208333333333335,-0.25,-0.05208333333333333,16
1227,-0.6875,0.08690272339422588,-0.8104166666666667,-0.6833333333333333,-0.51875,16
1228,-0.734375,0.05318623921341561,-0.8375,-0.7333333333333333,-0.6666666666666666,16
1229,0.1875,0.09474014167418394,0.02291666666666667,0.18333333333333332,0.34791666666666665,16
1230,-0.165625,0.11613999424784249,-0.3416666666666667,-0.19166666666666665,0.05208333333333333,16
1231,0.7281249999999999,0.07921462363239645,0.5791666666666666,0.7166666666666667,0.8645833333333334,16
1232,-0.8541666666666667,0.05728219618694799,-0.9166666666666666,-0.875,-0.7520833333333333,16
1233,-0.020833333333333336,0.12658714609136093,-0.28125,0.03333333333333333,0.125,16
1234,-0.575,0.06095307849303248,-0.64375,-0.5833333333333334,-0.44166666666666665,16
1235,-0.35625,0.08777239347058707,-0.47708333333333336,-0.3416666666666667,-0.21250000000000002,16
1236,-0.06145833333333333,0.09311707647126576,-0.19375,-0.05,0.10208333333333333,16
1237,-0.5927083333333334,0.08078794902913015,-0.7041666666666667,-0.6083333333333334,-0.44583333333333336,16
1238,0.4510416666666667,0.11311080328352568,0.27291666666666664,0.4666666666666667,0.6083333333333333,16
1239,0.06041666666666667,0.11664806399307849,-0.10833333333333334,0.05,0.26458333333333334,16
1240,0.40729166666666666,0.07948810838735566,0.275,0.42500000000000004,0.5270833333333333,16
1241,0.453125,0.09487176103386438,0.2833333333333333,0.45,0.6104166666666667,16
1242,-0.17083333333333334,0.0875,-0.3020833333333333,-0.175,-0.008333333333333335,16
1243,-0.23020833333333335,0.08296140961984137,-0.35416666666666663,-0.25,-0.08958333333333333,16
1244,-0.5322916666666666,0.09903505797611942,-0.69375,-0.5333333333333333,-0.375,16
1245,0.7010416666666666,0.09022901995293237,0.5083333333333333,0.7166666666666666,0.8270833333333334,16
1246,-0.26041666666666663,0.11408984641744224,-0.5041666666666667,-0.26666666666666666,-0.09583333333333333,16
1247,-0.009375000000000001,0.12555000525465718,-0.22708333333333333,0.008333333333333333,0.19375,16
1248,0.6375,0.0705878097754059,0.5291666666666667,0.6166666666666667,0.7604166666666667,16
1249,0.05520833333333334,0.0772169450135281,-0.09791666666666667,0.05,0.19791666666666666,16
1250,-0.2822916666666666,0.10366022722497445,-0.4604166666666667,-0.2833333333333333,-0.10208333333333333,16
1251,-0.14375,0.10669840022751564,-0.29791666666666666,-0.16666666666666666,0.05,16
1252,0.328125,0.11268792174999649,0.13333333333333333,0.36666666666666664,0.49375,16
1253,-0.5562499999999999,0.07814583055629605,-0.6979166666666666,-0.5583333333333333,-0.41041666666666665,16
1254,-0.04895833333333333,0.07915981329984721,-0.19375,-0.04166666666666667,0.06041666666666667,16
1255,0.37604166666666666,0.09663949869661646,0.225,0.375,0.5458333333333334,16
1256,0.3885416666666667,0.0867465076946745,0.21875,0.4083333333333333,0.5416666666666666,16
1257,-0.6354166666666666,0.09499177595981664,-0.7333333333333333,-0.6666666666666666,-0.42916666666666664,16
1258,0.35624999999999996,0.10067049523624642,0.18125,0.375,0.4666666666666667,16
1259,-0.03958333333333333,0.14054395812935777,-0.2791666666666667,-0.075,0.20208333333333334,16
1260,0.19895833333333332,0.0993850449151067,0.018750000000000003,0.20833333333333334,0.36041666666666666,16
1261,0.05729166666666667,0.09753360353972595,-0.13125,0.04166666666666667,0.2125,16
1262,-0.3125,0.07603453162872775,-0.4104166666666667,-0.31666666666666665,-0.15416666666666667,16
1263,0.13541666666666666,0.08617549116644348,-0.004166666666666666,0.14166666666666666,0.2833333333333333,16
1264,-0.056249999999999994,0.10555327117411167,-0.21041666666666667,-0.04166666666666667,0.11041666666666666,16
1265,0.7260416666666667,0.07021018790824528,0.6020833333333333,0.7333333333333333,0.8604166666666667,16
1266,-0.4625,0.057282196186948006,-0.5583333333333333,-0.48333333333333334,-0.3520833333333333,16
1267,0.41458333333333336,0.09388878616036458,0.26458333333333334,0.4166666666666667,0.5979166666666667,16
1268,0.4447916666666667,0.09180269263480238,0.24375,0.45,0.5666666666666667,16
1269,0.6604166666666667,0.07543277912596531,0.5458333333333333,0.6583333333333333,0.7875000000000001,16
1270,-0.01666666666666667,0.08579691784155834,-0.14375,-0.008333333333333335,0.125,16
1271,0.7552083333333334,0.07493486755176124,0.6145833333333334,0.775,0.8604166666666667,16
1272,0.6302083333333334,0.07932413068123301,0.4625,0.6333333333333333,0.7375,16
1273,0.006250000000000004,0.11131708339493789,-0.17708333333333331,0.016666666666666666,0.17500000000000002,16
1274,0.3302083333333333,0.07458653391642936,0.19166666666666665,0.35,0.4375,16
1275,-0.071875,0.10098795823430302,-0.2708333333333333,-0.058333333333333334,0.05416666666666667,16
1276,0.0010416666666666669,0.10548643113110698,-0.21875,0.0,0.14791666666666667,16
1277,-0.628125,0.07281987623581902,-0.7583333333333333,-0.6166666666666667,-0.5229166666666667,16
1278,0.8500000000000001,0.05137011669140814,0.7416666666666667,0.85,0.9208333333333334,16
1279,0.11145833333333334,0.11222477908940907,-0.10208333333333333,0.13333333333333333,0.30833333333333335,16
1280,0.7635416666666667,0.09650466849674512,0.5583333333333333,0.8,0.8875000000000001,16
1281,0.6041666666666667,0.08609990966571592,0.48333333333333334,0.6,0.74375,16
1282,0.6343749999999999,0.08446497260534819,0.50625,0.6416666666666666,0.78125,16
1283,0.6218750000000001,0.07986941381961488,0.4916666666666667,0.6333333333333333,0.7375,16
1284,0.39479166666666665,0.129464542282176,0.19166666666666665,0.39166666666666666,0.6125,16
1285,0.09895833333333333,0.09436718142741976,-0.09166666666666667,0.125,0.23125,16
1286,0.31666666666666665,0.10720566941890507,0.13958333333333334,0.3333333333333333,0.4916666666666667,16
1287,-0.5552083333333333,0.10167328359614546,-0.7270833333333333,-0.5583333333333333,-0.38958333333333334,16
1288,-0.39583333333333337,0.09232716585900141,-0.5333333333333333,-0.4,-0.21666666666666667,16
1289,-0.5010416666666667,0.09990772652525151,-0.6416666666666666,-0.5083333333333333,-0.33541666666666664,16
1290,0.8791666666666667,0.04768967975941497,0.80625,0.8666666666666667,0.95,16
1291,-0.4083333333333333,0.08333333333333336,-0.5708333333333334,-0.3916666666666667,-0.28125,16
1292,0.23958333333333334,0.08267972847076845,0.06041666666666666,0.24166666666666667,0.34375,16
1293,0.7239583333333333,0.06122838337368999,0.6229166666666667,0.7166666666666667,0.8270833333333334,16
1294,-0.4520833333333333,0.10734727523323542,-0.6229166666666667,-0.475,-0.2604166666666667,16
1295,0.22708333333333333,0.10288798520721455,0.05208333333333333,0.2583333333333333,0.3958333333333333,16
1296,0.7489583333333333,0.08343093242983152,0.6229166666666667,0.7416666666666667,0.9166666666666667,16
1297,-0.8302083333333333,0.07411954261341758,-0.9333333333333333,-0.8416666666666667,-0.7124999999999999,16
1298,0.15520833333333334,0.10519801929641494,0.016666666666666666,0.15,0.37083333333333335,16
1299,-0.175,0.10590220855949029,-0.3208333333333333,-0.2,0.018750000000000003,16
1300,0.3645833333333333,0.09258535851370406,0.22291666666666668,0.3583333333333333,0.5083333333333333,16
1301,0.50625,0.10456175076108003,0.3395833333333333,0.5083333333333333,0.6604166666666667,16
1302,0.08645833333333333,0.09775585198453453,-0.0375,0.06666666666666667,0.2583333333333333,16
1303,0.12083333333333333,0.08730136183232068,0.0,0.10833333333333334,0.26666666666666666,16
1304,0.7145833333333333,0.058593171293438474,0.5854166666666667,0.7166666666666667,0.7937500000000001,16
1305,-0.18645833333333334,0.08998818402373107,-0.33749999999999997,-0.18333333333333335,-0.04166666666666667,16
1306,0.3302083333333333,0.08482390869390016,0.2,0.3333333333333333,0.4979166666666667,16
1307,-0.3854166666666667,0.08617549116644349,-0.5104166666666667,-0.3833333333333333,-0.24166666666666667,16
1308,0.31562500000000004,0.07894019140744749,0.19791666666666666,0.3,0.4604166666666667,16
1309,-0.12604166666666666,0.08679652730828451,-0.25,-0.11666666666666667,0.041666666666666664,16
1310,-0.8583333333333334,0.0485912657903775,-0.9333333333333333,-0.85,-0.775,16
1311,-0.5666666666666667,0.09807168579949849,-0.69375,-0.5666666666666667,-0.3645833333333333,16
1312,-0.38541666666666663,0.10422914792790824,-0.55,-0.4,-0.21875,16
1313,-0.4135416666666667,0.09376735950389846,-0.5708333333333334,-0.4083333333333333,-0.25416666666666665,16
1314,-0.9645833333333332,0.0175544786941174,-0.9833333333333333,-0.9666666666666667,-0.9333333333333333,16
1315,-0.5947916666666666,0.06606992034958116,-0.69375,-0.6083333333333334,-0.45625,16
1316,0.51875,0.06558365099457164,0.4166666666666667,0.525,0.64375,16
1317,-0.3041666666666667,0.07418539089485357,-0.39375000000000004,-0.31666666666666665,-0.14791666666666667,16
1318,-0.51875,0.10439558180306291,-0.7125,-0.5333333333333333,-0.38333333333333336,16
1319,-0.50625,0.06715317275535916,-0.59375,-0.5166666666666667,-0.3520833333333333,16
1320,-0.11979166666666666,0.09037321344476655,-0.27708333333333335,-0.10833333333333334,0.04791666666666666,16
1321,0.415625,0.12154513764898665,0.23958333333333334,0.4166666666666667,0.625,16
1322,-0.26041666666666663,0.0901147031411757,-0.4104166666666667,-0.26666666666666666,-0.13958333333333334,16
1323,-0.04791666666666667,0.11069148190654358,-0.24375,-0.05,0.14166666666666666,16
1324,-0.35833333333333334,0.09128709291752769,-0.49375,-0.3833333333333333,-0.21666666666666667,16
1325,0.5677083333333333,0.09564633022814367,0.45,0.55,0.7583333333333333,16
1326,0.5302083333333334,0.08744417862270763,0.36875,0.5333333333333333,0.6749999999999999,16
1327,0.5166666666666667,0.07861650943380503,0.4,0.525,0.6645833333333333,16
1328,0.259375,0.07749747979773278,0.14166666666666666,0.24166666666666667,0.4104166666666667,16
1329,0.45937500000000003,0.07311728354348088,0.3395833333333333,0.45833333333333337,0.5770833333333334,16
1330,-0.08333333333333333,0.12047360245667468,-0.2708333333333333,-0.03333333333333333,0.08125,16
1331,0.7479166666666667,0.04890289414293961,0.6729166666666666,0.7416666666666667,0.8375,16
1332,0.6166666666666667,0.0973610120462327,0.41875,0.625,0.7583333333333333,16
1333,-0.175,0.09592387027684447,-0.34375,-0.15833333333333333,-0.03333333333333333,16
1334,-0.34791666666666665,0.10637247842683119,-0.5479166666666667,-0.3583333333333333,-0.19583333333333333,16
1335,-0.453125,0.08724541336240994,-0.5979166666666667,-0.42500000000000004,-0.3333333333333333,16
1336,0.85625,0.06715317275535915,0.7166666666666667,0.8666666666666667,0.9479166666666666,16
1337,0.46770833333333334,0.09762256363441578,0.2875,0.475,0.6104166666666667,16
1338,0.6791666666666667,0.08946212730659953,0.5395833333333333,0.675,0.8166666666666667,16
1339,-0.5979166666666667,0.10238051979421345,-0.8,-0.5916666666666667,-0.42291666666666666,16
1340,-0.17500000000000002,0.10358169078880045,-0.37083333333333335,-0.125,-0.05625,16
1341,0.09791666666666667,0.08076779989575053,-0.03125,0.08333333333333333,0.24166666666666667,16
1342,-0.19687499999999997,0.09170808723274566,-0.36041666666666666,-0.18333333333333332,-0.020833333333333332,16
1343,-0.521875,0.0974890930509095,-0.6770833333333334,-0.5416666666666667,-0.33541666666666664,16
1344,-0.8125,0.05667279378639768,-0.9208333333333334,-0.8083333333333333,-0.7291666666666666,16
1345,0.8083333333333333,0.06263873490988713,0.7,0.8,0.89375,16
1346,-0.28541666666666665,0.09088205879661349,-0.4895833333333333,-0.2583333333333333,-0.18333333333333332,16
1347,0.6052083333333333,0.09293044554037892,0.4395833333333333,0.6083333333333334,0.7770833333333333,16
1348,0.2177083333333333,0.12054113376999386,0.05625,0.18333333333333332,0.4604166666666667,16
1349,-0.3833333333333333,0.11055415967851334,-0.5437500000000001,-0.39166666666666666,-0.20208333333333334,16
1350,0.28645833333333337,0.10090196527928592,0.08958333333333333,0.29166666666666663,0.4625,16
1351,0.4302083333333333,0.10756437833275063,0.2833333333333333,0.45833333333333337,0.63125,16
1352,0.79375,0.05030290194854015,0.7166666666666667,0.8,0.8875000000000001,16
1353,0.32708333333333334,0.10472765606297338,0.18958333333333333,0.31666666666666665,0.5020833333333333,16
1354,0.19583333333333333,0.0798218502527834,0.06458333333333333,0.18333333333333332,0.3729166666666667,16
1355,0.21041666666666667,0.13525631531774526,-0.08541666666666665,0.25,0.37083333333333335,16
1356,0.48958333333333337,0.08796996804465589,0.36666666666666664,0.5083333333333333,0.6104166666666667,16
1357,0.7041666666666666,0.05051814855409227,0.6124999999999999,0.7,0.7875000000000001,16
1358,-0.5052083333333333,0.10235402037101968,-0.6708333333333334,-0.525,-0.3375,16
1359,-0.34895833333333337,0.07783278684676101,-0.5166666666666666,-0.32499999999999996,-0.25625,16
1360,-0.7041666666666666,0.05086064839889044,-0.7875000000000001,-0.7083333333333333,-0.6124999999999999,16
1361,-0.08645833333333333,0.07076436593449496,-0.16666666666666666,-0.11666666666666667,0.07291666666666667,16
1362,-0.325,0.08518770125108698,-0.45416666666666666,-0.31666666666666665,-0.15625,16
1363,-0.36875,0.08516222264987373,-0.5,-0.3666666666666667,-0.21875,16
1364,-0.6166666666666667,0.08122328620674134,-0.7333333333333333,-0.6166666666666667,-0.50625,16
1365,0.14583333333333334,0.0875,0.0,0.15,0.29375,16
1366,0.5260416666666666,0.10407808733777196,0.375,0.4916666666666667,0.69375,16
1367,0.37812499999999993,0.10667297344636499,0.22291666666666668,0.35,0.59375,16
1368,0.07916666666666666,0.12795127110653406,-0.12083333333333333,0.058333333333333334,0.3,16
1369,0.08437499999999999,0.10077283825791332,-0.05416666666666667,0.06666666666666667,0.2708333333333333,16
1370,0.5864583333333333,0.09704286531390824,0.39791666666666664,0.5666666666666667,0.7166666666666667,16
1371,-0.6083333333333334,0.10736748938937604,-0.75,-0.6083333333333334,-0.38125,16
1372,0.17604166666666665,0.07772117856300316,0.07291666666666666,0.15833333333333333,0.33125,16
1373,0.5447916666666667,0.04027628110246085,0.47291666666666665,0.55,0.6166666666666667,16
1374,0.7447916666666667,0.06447403385601576,0.65,0.75,0.8375,16
1375,0.12083333333333333,0.0990405360333726,-0.09375,0.11666666666666667,0.2604166666666667,16
1376,0.3677083333333333,0.08467026526145083,0.25,0.375,0.51875,16
1377,0.42708333333333337,0.08717698313711533,0.28125,0.42500000000000004,0.575,16
1378,0.16770833333333332,0.08528317821300464,-0.016666666666666666,0.19166666666666665,0.26666666666666666,16
1379,0.38437499999999997,0.09436718142741976,0.23958333333333334,0.375,0.5520833333333334,16
1380,-0.153125,0.08084165549943227,-0.31666666666666665,-0.13333333333333333,-0.03958333333333333,16
1381,0.20937499999999998,0.10188650241813191,0.02291666666666667,0.20833333333333334,0.3333333333333333,16
1382,0.2875,0.07418539089485357,0.14583333333333331,0.3,0.38333333333333336,16
1383,0.30625,0.09822646028438571,0.12916666666666665,0.3,0.46458333333333335,16
1384,-0.4916666666666667,0.0961046882889233,-0.69375,-0.48333333333333334,-0.3458333333333333,16
1385,0.7562500000000001,0.06558365099457165,0.6458333333333333,0.7833333333333333,0.84375,16
1386,0.784375,0.07204087140490305,0.675,0.7666666666666667,0.8833333333333333,16
1387,-0.03333333333333333,0.08838834764831845,-0.21041666666666667,-0.025,0.08333333333333333,16
1388,-0.6989583333333333,0.06494355187819309,-0.7937500000000001,-0.7,-0.6,16
1389,-0.21562499999999998,0.10824816363595068,-0.40625,-0.21666666666666667,-0.037500000000000006,16
1390,0.08750000000000001,0.12781551375148306,-0.08333333333333333,0.11666666666666667,0.32916666666666666,16
1391,0.48020833333333335,0.07844379401485145,0.3458333333333333,0.5,0.6125,16
1392,0.634375,0.0878897569401577,0.4791666666666667,0.675,0.7333333333333333,16
1393,-0.6145833333333334,0.06478463252277587,-0.7520833333333333,-0.6000000000000001,-0.55,16
1394,-0.165625,0.10776594204055792,-0.33541666666666664,-0.20833333333333334,-0.00625,16
1395,0.5708333333333334,0.09939050368230468,0.39583333333333337,0.5583333333333333,0.74375,16
1396,0.2979166666666667,0.11783271451982727,0.0625,0.3,0.4479166666666667,16
1397,-0.39166666666666666,0.11562030771259675,-0.5979166666666667,-0.36666666666666664,-0.19374999999999998,16
1398,0.13645833333333332,0.07976065541843158,0.00625,0.15,0.2604166666666667,16
1399,-0.5729166666666667,0.07814583055629604,-0.6770833333333334,-0.5666666666666667,-0.4166666666666667,16
1400,-0.08958333333333333,0.06663410663216449,-0.19375,-0.075,0.010416666666666666,16
1401,0.64375,0.07968579791210531,0.5229166666666667,0.6333333333333333,0.7833333333333333,16
1402,0.26979166666666665,0.12236369258848348,0.010416666666666664,0.3,0.44375000000000003,16
1403,0.35,0.11334558757279536,0.10625,0.35,0.49375,16
1404,0.8083333333333333,0.06481812160876685,0.6729166666666666,0.8166666666666667,0.8979166666666667,16
1405,-0.5208333333333334,0.08690272339422588,-0.65,-0.4916666666666667,-0.38125,16
1406,-0.4666666666666667,0.10069204977995477,-0.6166666666666667,-0.45,-0.3,16
1407,-0.11770833333333333,0.07693538730288192,-0.21041666666666667,-0.14166666666666666,0.020833333333333332,16
1408,0.03229166666666667,0.09726623507729243,-0.15625,0.03333333333333333,0.17500000000000002,16
1409,0.7135416666666667,0.0687736701676836,0.5895833333333333,0.725,0.8270833333333334,16
1410,-0.409375,0.09681898021852718,-0.61875,-0.36666666666666664,-0.2791666666666667,16
1411,-0.17604166666666665,0.09555553032137909,-0.34791666666666665,-0.16666666666666666,-0.04583333333333334,16
1412,0.47395833333333337,0.05802560198835606,0.38333333333333336,0.48333333333333334,0.5666666666666667,16
1413,-0.016666666666666666,0.0973610120462327,-0.17916666666666667,-0.025,0.13333333333333333,16
1414,0.23645833333333333,0.1064285672672312,0.02291666666666666,0.25,0.39375000000000004,16
1415,0.021875,0.09422909987837562,-0.11041666666666666,0.016666666666666666,0.2125,16
1416,0.465625,0.1018012684787812,0.3395833333333333,0.42500000000000004,0.6333333333333333,16
1417,0.553125,0.07822216180355936,0.43333333333333335,0.5666666666666667,0.6645833333333333,16
1418,0.0010416666666666647,0.10025466704293066,-0.16458333333333333,-0.016666666666666666,0.16666666666666666,16
1419,0.47291666666666665,0.09126331714087296,0.3395833333333333,0.45833333333333337,0.6270833333333333,16
1420,-0.12395833333333332,0.09316367578681678,-0.2,-0.16666666666666666,0.09375,16
1421,0.29166666666666663,0.07993052538854532,0.14583333333333331,0.3,0.42083333333333334,16
1422,0.24375000000000002,0.08816709987291178,0.07500000000000001,0.26666666666666666,0.375,16
1423,-0.5760416666666667,0.07452832002743058,-0.6666666666666666,-0.5666666666666667,-0.4291666666666667,16
1424,0.8947916666666667,0.02929658564671923,0.85,0.8916666666666666,0.9583333333333333,16
1425,0.40625,0.07836767864085012,0.3125,0.4,0.575,16
1426,0.5854166666666667,0.0966226552108769,0.4083333333333333,0.575,0.7270833333333333,16
1427,0.8166666666666667,0.047507309379130745,0.7395833333333333,0.8083333333333333,0.8833333333333333,16
1428,-0.8666666666666667,0.03818813079129866,-0.9270833333333334,-0.8583333333333334,-0.80625,16
1429,-0.7197916666666666,0.07551185291433099,-0.84375,-0.7166666666666667,-0.6,16
1430,0.18437499999999998,0.08808706827464644,0.03958333333333333,0.2,0.3104166666666667,16
1431,0.24583333333333332,0.0722889648870728,0.13333333333333333,0.2583333333333333,0.35833333333333334,16
1432,0.010416666666666666,0.1247045118581432,-0.20208333333333334,0.016666666666666666,0.21458333333333332,16
1433,0.30625,0.0933324032691755,0.15,0.29166666666666663,0.44375000000000003,16
1434,0.5489583333333333,0.09362839335194569,0.4,0.5333333333333334,0.7166666666666667,16
1435,0.6312500000000001,0.05166498653182184,0.55625,0.625,0.7375,16
1436,-0.051041666666666666,0.0670480626739754,-0.16041666666666665,-0.04166666666666667,0.05416666666666667,16
1437,-0.31770833333333337,0.1254808459819001,-0.5291666666666667,-0.32499999999999996,-0.08958333333333333,16
1438,0.7416666666666666,0.07453559924999299,0.6124999999999999,0.7333333333333333,0.8708333333333333,16
1439,-0.9114583333333333,0.04553644373832164,-0.9604166666666667,-0.9333333333333333,-0.8125,16
1440,0.25,0.09519716382329886,0.05,0.24166666666666667,0.38333333333333336,16
1441,0.134375,0.08046495743489833,0.0020833333333333363,0.13333333333333333,0.30624999999999997,16
1442,0.165625,0.08046495743489833,-0.008333333333333331,0.18333333333333332,0.2708333333333333,16
1443,0.1625,0.08068715304598786,0.0,0.175,0.2604166666666667,16
1444,-0.2583333333333333,0.08897565210026093,-0.38125,-0.2583333333333333,-0.09375,16
1445,-0.7281249999999999,0.08410450468514355,-0.85,-0.7416666666666667,-0.5729166666666666,16
1446,0.27395833333333336,0.05862094276413128,0.18958333333333333,0.2583333333333333,0.37083333333333335,16
1447,0.42604166666666665,0.0786096081030246,0.32291666666666663,0.4166666666666667,0.5895833333333333,16
1448,0.053125,0.10361834853334508,-0.10208333333333333,0.03333333333333333,0.25625,16
1449,0.321875,0.09855179651950656,0.17291666666666666,0.3416666666666667,0.43333333333333335,16
1450,-0.10416666666666666,0.11063265039459794,-0.34375,-0.09166666666666667,0.05416666666666667,16
1451,-0.15,0.1,-0.3208333333333333,-0.14166666666666666,0.03125,16
1452,-0.29791666666666666,0.08972856444732513,-0.46875,-0.3,-0.15625,16
1453,0.5114583333333333,0.061157455596190395,0.42291666666666666,0.4916666666666667,0.6166666666666667,16
1454,0.3302083333333333,0.12544625204755136,0.125,0.31666666666666665,0.55,16
1455,-0.075,0.0770551750371122,-0.19375,-0.058333333333333334,0.08125,16
1456,0.4135416666666667,0.09132868563296226,0.2625,0.42500000000000004,0.5437500000000001,16
1457,-0.5510416666666667,0.0974445622307029,-0.7083333333333333,-0.5333333333333333,-0.38541666666666663,16
1458,0.36041666666666666,0.09107288747664333,0.19166666666666665,0.3916666666666667,0.4875,16
1459,0.7854166666666667,0.03767321108338568,0.7166666666666667,0.8,0.8166666666666667,16
1460,-0.5416666666666667,0.08759915017345266,-0.7041666666666667,-0.5416666666666667,-0.4291666666666667,16
1461,-0.5322916666666666,0.10231160701775509,-0.7,-0.5083333333333333,-0.38958333333333334,16
1462,0.478125,0.041965077246841016,0.4166666666666667,0.48333333333333334,0.5437500000000001,16
1463,0.47916666666666663,0.06627489050244527,0.38541666666666663,0.475,0.6229166666666667,16
1464,0.58125,0.061484810680723784,0.44583333333333336,0.5833333333333334,0.65,16
1465,-0.23645833333333333,0.09614419689831634,-0.36666666666666664,-0.26666666666666666,-0.04166666666666667,16
1466,0.51875,0.0801203521792892,0.39583333333333337,0.5166666666666667,0.6541666666666667,16
1467,-0.3135416666666667,0.09094770131784531,-0.4666666666666667,-0.32499999999999996,-0.14583333333333331,16
1468,0.4895833333333333,0.10032499273195422,0.3145833333333333,0.5083333333333333,0.6416666666666666,16
1469,0.56875,0.0901147031411757,0.38125,0.5916666666666667,0.7041666666666667,16
1470,-0.07604166666666666,0.10687621831664267,-0.26041666666666663,-0.08333333333333334,0.08750000000000001,16
1471,0.721875,0.06115745559619041,0.6229166666666667,0.7166666666666667,0.8333333333333334,16
1472,0.446875,0.10072975913303872,0.2604166666666667,0.42500000000000004,0.6333333333333333,16
1473,0.5145833333333333,0.08288944276699066,0.35833333333333334,0.5166666666666667,0.6479166666666667,16
1474,-0.7197916666666667,0.06698329756571991,-0.83125,-0.7166666666666666,-0.6083333333333334,16
1475,0.001041666666666663,0.1000813471215624,-0.19375,0.008333333333333333,0.17708333333333331,16
1476,0.7677083333333333,0.06249131884154435,0.65625,0.7916666666666667,0.8645833333333334,16
1477,0.5041666666666667,0.08260094833999587,0.3729166666666667,0.4916666666666667,0.6166666666666667,16
1478,0.2791666666666667,0.09455671431591847,0.13125,0.3,0.44375000000000003,16
1479,0.7239583333333333,0.06065863900641945,0.6145833333333334,0.7166666666666667,0.8270833333333334,16
1480,0.09999999999999998,0.1131923142267177,-0.04791666666666666,0.075,0.30416666666666664,16
1481,0.6625,0.07156485015549029,0.5520833333333334,0.6499999999999999,0.7875000000000001,16
1482,0.5125000000000001,0.09619496983845996,0.3416666666666667,0.525,0.6958333333333333,16
1483,0.59375,0.07634784250753623,0.46875,0.6000000000000001,0.7166666666666667,16
1484,-0.6677083333333333,0.08174926732597262,-0.7937500000000001,-0.65,-0.5354166666666667,16
1485,0.07916666666666666,0.0932626220233308,-0.043750000000000004,0.04166666666666667,0.24791666666666667,16
1486,0.7291666666666666,0.06808389432653414,0.6041666666666666,0.7333333333333333,0.8604166666666667,16
1487,0.12916666666666665,0.09780578828587919,-0.05625000000000001,0.15,0.29166666666666663,16
1488,0.11875,0.106860988360268,-0.08541666666666667,0.11666666666666667,0.27708333333333335,16
1489,0.5958333333333333,0.09727181274940626,0.40625,0.6083333333333334,0.7520833333333333,16
1490,0.546875,0.10478462534328846,0.43333333333333335,0.5166666666666667,0.73125,16
1491,0.22708333333333333,0.10101481602000548,0.018750000000000003,0.25,0.3854166666666667,16
1492,0.5895833333333333,0.08637671850678283,0.41458333333333336,0.5916666666666667,0.7166666666666667,16
1493,0.7843749999999999,0.06908849749496011,0.6625,0.7833333333333333,0.9041666666666667,16
1494,-0.19166666666666665,0.11501811451535218,-0.3854166666666667,-0.16666666666666666,-0.016666666666666666,16
1495,0.89375,0.04672429477501209,0.8083333333333333,0.8916666666666666,0.9604166666666667,16
1496,-0.11458333333333334,0.14587796935947678,-0.3958333333333333,-0.10833333333333334,0.06041666666666667,16
1497,0.4625,0.0871022706681953,0.3125,0.475,0.6020833333333333,16
1498,0.9291666666666667,0.03749999999999999,0.8729166666666667,0.9333333333333333,0.99375,16
1499,-0.26666666666666666,0.11681538140730155,-0.47708333333333336,-0.2833333333333333,-0.07083333333333333,16
1500,0.49687499999999996,0.08744417862270765,0.3395833333333333,0.5083333333333333,0.6416666666666666,16
1501,0.5,0.10172129679778086,0.32083333333333336,0.5,0.6708333333333334,16
1502,0.3104166666666667,0.08033674785274517,0.15625,0.31666666666666665,0.44375000000000003,16
1503,-0.3989583333333333,0.11569067204067156,-0.63125,-0.35,-0.2625,16
1504,0.621875,0.09907887395347652,0.4125,0.6416666666666666,0.74375,16
1505,0.16354166666666667,0.06567458444228381,0.025,0.175,0.23333333333333334,16
1506,0.5541666666666667,0.07180703308172534,0.44166666666666665,0.55,0.6749999999999999,16
1507,-0.47291666666666665,0.09049919428738948,-0.6270833333333333,-0.4666666666666667,-0.3145833333333333,16
1508,0.2677083333333333,0.12464794171986955,-0.03125,0.31666666666666665,0.3979166666666667,16
1509,0.8218749999999999,0.05581428468591172,0.7062499999999999,0.8333333333333334,0.9104166666666667,16
1510,0.20833333333333331,0.11636866703140784,0.00625,0.23333333333333334,0.42291666666666666,16
1511,0.42291666666666666,0.07792335087193768,0.25416666666666665,0.44166666666666665,0.5354166666666667,16
1512,0.30000000000000004,0.11531960419248374,0.07500000000000001,0.30833333333333335,0.4854166666666667,16
1513,0.61875,0.0929596313221796,0.4791666666666667,0.6083333333333334,0.7958333333333334,16
1514,0.3520833333333333,0.09662265521087691,0.2,0.36666666666666664,0.5083333333333333,16
1515,0.4166666666666667,0.11960583412006104,0.22291666666666668,0.43333333333333335,0.6,16
1516,0.3885416666666667,0.09218014330344929,0.23541666666666666,0.375,0.53125,16
1517,-0.12916666666666665,0.08467667263708989,-0.30416666666666664,-0.15,-0.00625,16
1518,0.2875,0.11157023199163237,0.10833333333333334,0.2833333333333333,0.49375,16
1519,0.5739583333333333,0.09409081569006733,0.40625,0.575,0.7166666666666667,16
1520,0.22395833333333331,0.09464274015416549,0.07916666666666666,0.21666666666666667,0.375,16
1521,0.725,0.07144345083117604,0.5854166666666667,0.7416666666666667,0.8416666666666667,16
1522,0.6645833333333333,0.09295963132217962,0.5,0.675,0.7937500000000001,16
1523,0.553125,0.09650466849674509,0.43333333333333335,0.5416666666666667,0.73125,16
1524,0.009374999999999998,0.08206720442214824,-0.13333333333333333,0.03333333333333333,0.13125,16
1525,0.5531250000000001,0.08704619423361112,0.39791666666666664,0.5666666666666667,0.6875,16
1526,0.17291666666666666,0.08677777333191054,0.010416666666666664,0.16666666666666666,0.30416666666666664,16
1527,0.9020833333333333,0.04559597630883183,0.8333333333333334,0.9083333333333333,0.9708333333333333,16
1528,-0.19062500000000002,0.10324067586362352,-0.36666666666666664,-0.16666666666666666,-0.03333333333333333,16
1529,-0.19583333333333333,0.13469358229370512,-0.4104166666666667,-0.19166666666666665,0.03125,16
1530,0.8166666666666667,0.05590169943749475,0.7395833333333333,0.7916666666666667,0.9,16
1531,-0.007291666666666666,0.05399612576122682,-0.11458333333333333,0.0,0.07708333333333334,16
1532,0.15625,0.14468296279183057,-0.1375,0.175,0.3958333333333333,16
1533,0.4135416666666667,0.0829614096198414,0.26666666666666666,0.42500000000000004,0.5270833333333333,16
1534,0.44375,0.08516222264987373,0.32291666666666663,0.4666666666666667,0.575,16
1535,-0.4239583333333333,0.1003412147375145,-0.6,-0.42500000000000004,-0.2520833333333333,16
1536,0.7822916666666666,0.07849910429425294,0.6291666666666667,0.8083333333333333,0.8708333333333333,16
1537,0.3041666666666667,0.09042722672587794,0.14166666666666666,0.3,0.42708333333333337,16
1538,0.003125000000000002,0.076878952021271,-0.15,0.016666666666666666,0.12083333333333333,16
1539,0.078125,0.09123358870686461,-0.06041666666666667,0.08333333333333333,0.24375,16
1540,-0.01979166666666667,0.10260813232607074,-0.16666666666666666,-0.025,0.15416666666666667,16
1541,0.051041666666666666,0.08507936450096985,-0.08750000000000001,0.05,0.21458333333333332,16
1542,-0.521875,0.09942870666127228,-0.7,-0.525,-0.3333333333333333,16
1543,-0.684375,0.06413655949525894,-0.7875000000000001,-0.6916666666666667,-0.5895833333333333,16
1544,-0.3416666666666667,0.10929064207170001,-0.5666666666666667,-0.3333333333333333,-0.20208333333333334,16
1545,0.17604166666666665,0.09409081569006733,0.04166666666666667,0.14166666666666666,0.3333333333333333,16
1546,0.6781250000000001,0.07744145414081817,0.55,0.6833333333333333,0.8,16
1547,-0.11666666666666665,0.1552328000849763,-0.3854166666666667,-0.09166666666666667,0.12916666666666665,16
1548,-0.4,0.08579691784155834,-0.5625,-0.4083333333333333,-0.26666666666666666,16
1549,0.13020833333333331,0.07528158943814439,0.02291666666666667,0.11666666666666667,0.2583333333333333,16
1550,-0.109375,0.09445912365497929,-0.2625,-0.125,0.08541666666666667,16
1551,0.215625,0.06547602137424051,0.10625000000000001,0.225,0.31666666666666665,16
1552,-0.2635416666666667,0.07844379401485145,-0.42083333333333334,-0.25,-0.16666666666666666,16
1553,-0.26875000000000004,0.11131708339493789,-0.4479166666666667,-0.2583333333333333,-0.07916666666666666,16
1554,-0.128125,0.09404467577522221,-0.21666666666666667,-0.15,0.07708333333333334,16
1555,-0.09583333333333334,0.11953323573150877,-0.2708333333333333,-0.1,0.11458333333333333,16
1556,0.35625,0.11240350800180175,0.13333333333333333,0.3583333333333333,0.5333333333333333,16
1557,0.6989583333333333,0.06574063885620693,0.60625,0.6916666666666667,0.8,16
1558,0.2729166666666667,0.06478463252277589,0.15625,0.26666666666666666,0.3770833333333333,16
1559,0.034375,0.10792692197089246,-0.1625,0.025,0.25,16
1560,-0.46875000000000006,0.0891462203972278,-0.5833333333333334,-0.4916666666666667,-0.2875,16
1561,0.5843750000000001,0.15405049113665442,0.2895833333333333,0.5916666666666667,0.8020833333333334,16
1562,0.13020833333333331,0.10511547056821739,-0.043750000000000004,0.125,0.32708333333333334,16
1563,-0.39375,0.10305658505026365,-0.5875,-0.3916666666666667,-0.22916666666666669,16
1564,0.49479166666666674,0.08327471896947143,0.30833333333333335,0.5,0.6041666666666667,16
1565,0.20625,0.0742730977915662,0.06875,0.21666666666666667,0.3,16
1566,0.3802083333333333,0.11714466809841961,0.18958333333333333,0.3916666666666667,0.575,16
1567,0.7072916666666667,0.07359063525491694,0.60625,0.7,0.8333333333333334,16
1568,-0.31666666666666665,0.11785113019775792,-0.5020833333333333,-0.32499999999999996,-0.12291666666666667,16
1569,0.55,0.06640573937712177,0.44583333333333336,0.5416666666666667,0.6666666666666666,16
1570,-0.25104166666666666,0.07827762868647578,-0.36666666666666664,-0.23333333333333334,-0.12291666666666667,16
1571,0.13020833333333331,0.10311447757764722,-0.0375,0.13333333333333333,0.3208333333333333,16
1572,0.7333333333333333,0.0726483157256779,0.5875,0.7333333333333333,0.8270833333333334,16
1573,0.6260416666666667,0.055580506549808735,0.5395833333333333,0.625,0.7208333333333333,16
1574,0.6010416666666667,0.09955957701296245,0.45,0.6083333333333334,0.7770833333333333,16
1575,0.5677083333333334,0.10281941255046259,0.38541666666666663,0.5583333333333333,0.7458333333333333,16
1576,0.6479166666666667,0.07858890047441672,0.51875,0.65,0.7854166666666667,16
1577,-0.5989583333333334,0.0791598132998472,-0.7416666666666667,-0.5916666666666667,-0.4895833333333333,16
1578,0.8583333333333334,0.050346024889977366,0.8,0.8416666666666667,0.94375,16
1579,0.5614583333333333,0.08513036367503925,0.4395833333333333,0.5583333333333333,0.7,16
1580,-0.13437500000000002,0.07299846602269576,-0.25416666666666665,-0.13333333333333333,-0.008333333333333335,16
1581,0.30937499999999996,0.10205675674457926,0.11041666666666666,0.32499999999999996,0.43333333333333335,16
1582,0.265625,0.08196136242495945,0.15625,0.2583333333333333,0.44375000000000003,16
1583,-0.071875,0.09995115994824673,-0.24166666666666667,-0.07500000000000001,0.06666666666666667,16
1584,-0.15208333333333332,0.08992184106211348,-0.2833333333333333,-0.16666666666666666,0.037500000000000006,16
1585,-0.690625,0.06372923136642679,-0.7833333333333333,-0.6833333333333333,-0.5895833333333333,16
1586,0.721875,0.05487319662944135,0.65,0.7,0.8208333333333334,16
1587,-0.29166666666666663,0.058034951154933824,-0.3875,-0.2833333333333333,-0.18958333333333333,16
1588,0.39479166666666665,0.09623444138318325,0.25625,0.38333333333333336,0.5541666666666667,16
1589,0.28125,0.10799225152245363,0.07916666666666666,0.3,0.46458333333333335,16
1590,-0.11770833333333333,0.11938336212713134,-0.34791666666666665,-0.075,0.03333333333333333,16
1591,-0.6114583333333333,0.06115745559619039,-0.7166666666666667,-0.6083333333333334,-0.5229166666666667,16
1592,0.22604166666666664,0.08993993945035395,0.03958333333333333,0.225,0.35833333333333334,16
1593,-0.7364583333333333,0.07574141636368954,-0.8375,-0.7333333333333333,-0.5895833333333333,16
1594,0.6781250000000001,0.052611901246559976,0.6166666666666667,0.6583333333333333,0.7875000000000001,16
1595,0.9375,0.03410563654946852,0.8666666666666667,0.95,0.9833333333333333,16
1596,-0.10208333333333333,0.11131708339493789,-0.29791666666666666,-0.1,0.09583333333333333,16
1597,0.4458333333333333,0.09307628293203615,0.2708333333333333,0.44166666666666665,0.59375,16
1598,0.6427083333333333,0.07070300510272215,0.48333333333333334,0.6583333333333333,0.7270833333333333,16
1599,0.7135416666666666,0.10544527773789691,0.5354166666666667,0.7,0.8833333333333333,16
1600,0.46875,0.08657747814658395,0.32291666666666663,0.4666666666666667,0.6145833333333334,16
1601,0.10104166666666667,0.09850774609982033,-0.08125,0.125,0.2604166666666667,16
1602,0.278125,0.11003767505066415,0.11458333333333333,0.25,0.4708333333333333,16
1603,0.396875,0.05007589725717466,0.29791666666666666,0.4,0.48125,16
1604,-0.025,0.13149778198382917,-0.25,0.0,0.16875,16
1605,-0.5739583333333333,0.09947234924283677,-0.69375,-0.6000000000000001,-0.38541666666666663,16
1606,0.6000000000000001,0.1,0.43333333333333335,0.6166666666666667,0.7666666666666667,16
1607,0.4677083333333334,0.10999822441748776,0.26875,0.48333333333333334,0.6604166666666667,16
1608,0.3104166666666667,0.10152910775842672,0.12916666666666665,0.29166666666666663,0.47708333333333336,16
1609,0.5802083333333333,0.07051860225422003,0.45208333333333334,0.5833333333333333,0.6770833333333334,16
1610,0.03645833333333333,0.0846189887902762,-0.09166666666666667,0.025,0.19791666666666666,16
1611,0.8489583333333333,0.06730649991312543,0.7083333333333334,0.8666666666666667,0.9270833333333334,16
1612,-0.084375,0.11234074375903577,-0.26458333333333334,-0.058333333333333334,0.09791666666666667,16
1613,0.778125,0.04776924786582542,0.6958333333333333,0.7666666666666667,0.8645833333333334,16
1614,0.5447916666666668,0.1043695940050443,0.38541666666666663,0.5333333333333334,0.7458333333333333,16
1615,-0.46875,0.09893091725486472,-0.59375,-0.48333333333333334,-0.2604166666666667,16
1616,-0.12708333333333333,0.09698134843589484,-0.28541666666666665,-0.10833333333333334,0.035416666666666666,16
1617,-0.3572916666666667,0.1178465265480678,-0.55,-0.3666666666666667,-0.17291666666666666,16
1618,-0.29166666666666663,0.1295022522326671,-0.4875,-0.29166666666666663,-0.10625000000000001,16
1619,0.27812499999999996,0.062282608036986445,0.18333333333333332,0.26666666666666666,0.3770833333333333,16
1620,0.8677083333333333,0.043087745583221725,0.7854166666666667,0.875,0.9270833333333334,16
1621,-0.721875,0.0686473349608142,-0.8375,-0.7083333333333333,-0.61875,16
1622,-0.5052083333333334,0.08833308765689107,-0.6375000000000001,-0.4916666666666667,-0.3645833333333333,16
1623,0.490625,0.11379940166558189,0.27291666666666664,0.475,0.66875,16
1624,-0.03333333333333333,0.1030776406404415,-0.18333333333333332,-0.058333333333333334,0.14375,16
1625,0.14166666666666666,0.07406828681096324,0.00625,0.15,0.2604166666666667,16
1626,-0.6979166666666666,0.10571762046971063,-0.8333333333333334,-0.7166666666666667,-0.5020833333333333,16
1627,0.042708333333333334,0.08100256125923151,-0.13333333333333333,0.05,0.14375,16
1628,-0.26145833333333335,0.11237937205683653,-0.46875,-0.24166666666666667,-0.10208333333333333,16
1629,-0.022916666666666665,0.0835154260534477,-0.1375,-0.03333333333333333,0.13333333333333333,16
1630,0.2833333333333333,0.08270597183866336,0.12291666666666667,0.30833333333333335,0.3979166666666667,16
1631,0.4947916666666667,0.10150238605569821,0.3458333333333333,0.475,0.6875,16
1632,-0.375,0.11211353372561426,-0.5604166666666667,-0.375,-0.19374999999999998,16
1633,0.0031249999999999984,0.10175862473684151,-0.1875,0.0,0.14375,16
1634,0.5385416666666667,0.10235402037101969,0.39166666666666666,0.5166666666666667,0.7479166666666667,16
1635,0.803125,0.06433925652784275,0.6854166666666667,0.8083333333333333,0.8979166666666667,16
1636,-0.6760416666666667,0.07727313344738765,-0.8083333333333333,-0.6833333333333333,-0.5208333333333334,16
1637,0.153125,0.08940753098717256,-0.004166666666666666,0.14166666666666666,0.30833333333333335,16
1638,0.051041666666666666,0.1161399942478425,-0.12708333333333333,0.04166666666666667,0.21666666666666667,16
1639,-0.38645833333333335,0.13414062247217368,-0.6145833333333334,-0.375,-0.18958333333333333,16
1640,-0.596875,0.07997802432543578,-0.7208333333333333,-0.6,-0.46458333333333335,16
1641,0.6927083333333334,0.06820331889529521,0.5750000000000001,0.6833333333333333,0.8041666666666667,16
1642,0.10625000000000001,0.0910728874766433,-0.06458333333333333,0.10833333333333334,0.24375,16
1643,0.184375,0.10366022722497444,0.0125,0.175,0.35,16
1644,0.07604166666666667,0.10991928067399681,-0.06041666666666667,0.06666666666666667,0.2895833333333333,16
1645,-0.6135416666666667,0.09668440031302304,-0.8020833333333334,-0.6166666666666667,-0.5,16
1646,0.271875,0.09942870666127229,0.09791666666666667,0.29166666666666663,0.4395833333333333,16
1647,0.03229166666666667,0.1228239410135952,-0.1375,0.01666666666666667,0.24375,16
1648,-0.565625,0.08709604173618402,-0.7,-0.5666666666666667,-0.44583333333333336,16
1649,-0.09270833333333334,0.0759131333791752,-0.21041666666666667,-0.075,0.03125,16
1650,0.46041666666666664,0.09314620377545066,0.2708333333333333,0.475,0.6,16
1651,0.159375,0.12061312549497531,-0.08125,0.16666666666666666,0.33125,16
1652,0.11770833333333333,0.09194441821919733,-0.03125,0.1,0.27708333333333335,16
1653,0.23541666666666666,0.10522380249311993,0.06875,0.24166666666666667,0.39166666666666666,16
1654,-0.6499999999999999,0.08599903100229288,-0.75,-0.6666666666666666,-0.4895833333333333,16
1655,0.7697916666666667,0.07458653391642936,0.6145833333333334,0.7666666666666667,0.8604166666666667,16
1656,0.4229166666666667,0.07092518554395502,0.30624999999999997,0.44166666666666665,0.5520833333333334,16
1657,0.7302083333333333,0.08664638184085423,0.58125,0.725,0.8666666666666667,16
1658,-0.37916666666666665,0.09157192073264962,-0.5,-0.3916666666666667,-0.21875,16
1659,0.165625,0.12929680943687497,-0.12083333333333333,0.18333333333333332,0.3104166666666667,16
1660,0.8635416666666667,0.05343049418013399,0.7791666666666667,0.8583333333333334,0.9541666666666667,16
1661,0.5020833333333333,0.07902948640996106,0.3625,0.4916666666666667,0.6333333333333333,16
1662,-0.3354166666666667,0.11317314046284226,-0.5583333333333333,-0.30833333333333335,-0.17916666666666667,16
1663,0.020833333333333336,0.09042722672587793,-0.15208333333333332,0.03333333333333333,0.15833333333333333,16
1664,-0.4395833333333333,0.07285711854185713,-0.575,-0.43333333333333335,-0.30833333333333335,16
1665,-0.23125,0.092772683659218,-0.38125,-0.225,-0.07083333333333333,16
1666,-0.4125,0.0969141945801084,-0.5979166666666667,-0.4,-0.23958333333333331,16
1667,-0.44895833333333335,0.06807592523956044,-0.5604166666666667,-0.45833333333333337,-0.3625,16
1668,0.3302083333333333,0.07551185291433098,0.21666666666666667,0.31666666666666665,0.47708333333333336,16
1669,0.19583333333333333,0.08426561840065286,0.058333333333333334,0.19166666666666665,0.36875,16
1670,0.31145833333333334,0.08553726242924126,0.14583333333333331,0.3333333333333333,0.42708333333333337,16
1671,0.3104166666666667,0.10221080476696734,0.15625,0.29166666666666663,0.5104166666666667,16
1672,0.5072916666666667,0.08896955432743395,0.38958333333333334,0.5083333333333333,0.6604166666666667,16
1673,-0.834375,0.059063510426395155,-0.9333333333333333,-0.825,-0.73125,16
1674,0.43125,0.05769742676719264,0.35,0.44166666666666665,0.5375000000000001,16
1675,-0.14479166666666668,0.1516939936461999,-0.42083333333333334,-0.15,0.14375,16
1676,0.7437499999999999,0.07520227353241686,0.6145833333333334,0.7333333333333334,0.8666666666666667,16
1677,-0.10208333333333333,0.08055256220492168,-0.2375,-0.1,0.020833333333333332,16
1678,-0.20416666666666666,0.0952883052169106,-0.40625,-0.19166666666666665,-0.06666666666666667,16
1679,0.4989583333333334,0.07276024889625132,0.40625,0.475,0.6541666666666667,16
1680,0.184375,0.09118600305297836,0.03958333333333333,0.19166666666666665,0.34375,16
1681,0.09270833333333334,0.08353491244517003,-0.05416666666666667,0.10833333333333334,0.21458333333333332,16
1682,0.22499999999999998,0.09223309842157773,0.07916666666666666,0.25,0.39166666666666666,16
1683,0.13958333333333334,0.11408984641744223,-0.016666666666666666,0.10833333333333334,0.3729166666666667,16
1684,-0.49375,0.08204736944798006,-0.64375,-0.48333333333333334,-0.37916666666666665,16
1685,-0.10208333333333333,0.06715317275535915,-0.22083333333333333,-0.09166666666666667,-0.00625,16
1686,-0.3458333333333333,0.07276770498572076,-0.46875,-0.35,-0.21875,16
1687,0.8666666666666667,0.0452615853800009,0.7833333333333333,0.8666666666666667,0.94375,16
1688,0.30208333333333337,0.09787233038788623,0.12708333333333333,0.2833333333333333,0.46875,16
1689,-0.9145833333333333,0.03274215342812855,-0.95,-0.9166666666666666,-0.85625,16
1690,0.4166666666666667,0.07476816018719318,0.25625,0.4166666666666667,0.5270833333333333,16
1691,0.8760416666666667,0.062073195480998246,0.7625,0.9,0.95,16
1692,-0.15520833333333334,0.12551543038164228,-0.36458333333333337,-0.15,0.09166666666666666,16
1693,0.5645833333333333,0.11271199162269982,0.38958333333333334,0.5916666666666667,0.7375,16
1694,0.27708333333333335,0.08454843286542928,0.15625,0.26666666666666666,0.42083333333333334,16
1695,0.7427083333333333,0.06691846977645427,0.65,0.75,0.8604166666666667,16
1696,0.40625,0.10734727523323545,0.1875,0.4083333333333333,0.5708333333333334,16
1697,-0.6739583333333333,0.07816665556147752,-0.8041666666666667,-0.6666666666666666,-0.5166666666666667,16
1698,0.45625000000000004,0.07067998105703074,0.3395833333333333,0.4666666666666667,0.5708333333333334,16
1699,0.6197916666666666,0.09523704891538329,0.4395833333333333,0.65,0.7708333333333334,16
1700,-0.596875,0.058694935779086695,-0.7041666666666667,-0.5916666666666667,-0.5229166666666667,16
1701,-0.06874999999999999,0.10702332949201102,-0.2375,-0.06666666666666667,0.08750000000000001,16
1702,0.21875,0.10084280258567456,-0.004166666666666666,0.25,0.32708333333333334,16
1703,0.2739583333333333,0.09089996600353845,0.09999999999999999,0.275,0.42083333333333334,16
1704,0.07291666666666666,0.09164298936634487,-0.0375,0.05,0.2625,16
1705,0.334375,0.08749379938347378,0.18333333333333332,0.3583333333333333,0.45,16
1706,-0.315625,0.09137619698258403,-0.46458333333333335,-0.3333333333333333,-0.15,16
1707,-0.10520833333333333,0.10319862691539176,-0.275,-0.08333333333333333,0.08333333333333333,16
1708,-0.125,0.06588078458684123,-0.24583333333333332,-0.13333333333333333,-0.008333333333333335,16
1709,-0.31145833333333334,0.08137677076073027,-0.45416666666666666,-0.32499999999999996,-0.18541666666666667,16
1710,0.09479166666666666,0.11956500295051037,-0.16458333333333333,0.125,0.22708333333333333,16
1711,-0.0625,0.11219093348196883,-0.19791666666666666,-0.08333333333333334,0.15416666666666667,16
1712,0.09895833333333333,0.09213304653537127,-0.05208333333333333,0.06666666666666667,0.275,16
1713,0.8125,0.07156485015549029,0.7124999999999999,0.7833333333333333,0.9333333333333333,16
1714,-0.10104166666666667,0.08808706827464642,-0.28125,-0.09166666666666667,0.010416666666666666,16
1715,0.7749999999999999,0.05068968775248519,0.7124999999999999,0.7666666666666667,0.8875000000000001,16
1716,0.5895833333333333,0.0951743648375035,0.40208333333333335,0.5833333333333334,0.7541666666666667,16
1717,-0.6333333333333333,0.055277079839256664,-0.7166666666666667,-0.6333333333333333,-0.5416666666666667,16
1718,-0.4083333333333333,0.12147816447594377,-0.6041666666666667,-0.43333333333333335,-0.19791666666666666,16
1719,0.13333333333333333,0.0845740963757685,-0.018750000000000003,0.14166666666666666,0.26666666666666666,16
1720,-0.6989583333333333,0.06626670386903719,-0.7937500000000001,-0.7083333333333333,-0.5916666666666667,16
1721,-0.28645833333333337,0.07076436593449496,-0.3979166666666667,-0.26666666666666666,-0.18958333333333333,16
1722,0.5270833333333333,0.08141009867741633,0.41250000000000003,0.5333333333333334,0.6541666666666667,16
1723,0.6000000000000001,0.0907147544044885,0.4375,0.6000000000000001,0.74375,16
1724,-0.26249999999999996,0.09213893494789992,-0.4104166666666667,-0.2583333333333333,-0.12291666666666667,16
1725,0.5208333333333334,0.06414501799308604,0.39583333333333337,0.5416666666666667,0.6104166666666667,16
1726,0.3177083333333333,0.09473441494515075,0.17291666666666666,0.30833333333333335,0.4666666666666667,16
1727,0.5052083333333334,0.10844845645897101,0.3,0.48333333333333334,0.6770833333333334,16
1728,-0.34791666666666665,0.10783136912172946,-0.5625,-0.3583333333333333,-0.17291666666666666,16
1729,0.027083333333333334,0.09333240326917548,-0.08750000000000001,0.016666666666666666,0.20208333333333334,16
1730,0.09583333333333333,0.09344858955002418,-0.06875,0.08333333333333333,0.2604166666666667,16
1731,0.49166666666666664,0.07546154281781182,0.36666666666666664,0.48333333333333334,0.6166666666666667,16
1732,-0.021875,0.07493486755176124,-0.16875,-0.016666666666666666,0.07708333333333334,16
1733,-0.5406249999999999,0.08818555838873696,-0.64375,-0.5583333333333333,-0.35,16
1734,-0.6885416666666666,0.0591369496968219,-0.7916666666666666,-0.6833333333333333,-0.5895833333333333,16
1735,-0.6614583333333333,0.08243658126436075,-0.7833333333333333,-0.675,-0.48125,16
1736,-0.3,0.08579691784155834,-0.475,-0.3,-0.18958333333333333,16
1737,-0.021875000000000002,0.09623444138318325,-0.20416666666666666,-0.025,0.15833333333333333,16
1738,-0.253125,0.09541916845337384,-0.38333333333333336,-0.26666666666666666,-0.056249999999999994,16
1739,0.5322916666666666,0.09618932972413195,0.40208333333333335,0.5583333333333333,0.7020833333333333,16
1740,0.4739583333333333,0.07926939606669008,0.3333333333333333,0.4916666666666667,0.59375,16
1741,0.5416666666666667,0.09628516673576118,0.39583333333333337,0.5583333333333333,0.6770833333333334,16
1742,-0.684375,0.06678862542462684,-0.7770833333333333,-0.6916666666666667,-0.5375,16
1743,-0.00625,0.09258535851370406,-0.14375,-0.016666666666666666,0.17708333333333331,16
1744,-0.5083333333333333,0.07795119555779044,-0.6333333333333333,-0.5,-0.40625,16
1745,0.03958333333333333,0.06969053618199055,-0.08750000000000001,0.05,0.15833333333333333,16
1746,-0.6802083333333334,0.0827518777061215,-0.7937500000000001,-0.675,-0.5208333333333334,16
1747,0.6697916666666667,0.07364959030963972,0.55625,0.6666666666666666,0.7770833333333333,16
1748,0.8625,0.049826086429589155,0.7895833333333333,0.8666666666666667,0.94375,16
1749,-0.4645833333333333,0.11575161985907585,-0.64375,-0.475,-0.25416666666666665,16
1750,0.8927083333333332,0.039951685230760633,0.8166666666666667,0.9,0.94375,16
1751,0.65625,0.07566258248889532,0.5125,0.6833333333333333,0.7604166666666667,16
1752,-0.32395833333333335,0.05832403199653925,-0.4375,-0.30833333333333335,-0.24583333333333335,16
1753,0.0875,0.0880932271327749,-0.03333333333333333,0.075,0.2583333333333333,16
1754,-0.11979166666666666,0.0690256469042888,-0.20416666666666666,-0.14166666666666666,0.0,16
1755,-0.159375,0.0920387807001906,-0.3125,-0.15,0.0,16
1756,0.234375,0.1014596166927731,0.04583333333333334,0.25,0.38125,16
1757,-0.19375000000000003,0.05098849271050174,-0.2875,-0.2,-0.1125,16
1758,-0.4864583333333333,0.08317041365974641,-0.6104166666666667,-0.475,-0.3729166666666667,16
1759,-0.15104166666666669,0.08689648015822556,-0.31666666666666665,-0.15,0.012499999999999997,16
1760,-0.0875,0.07761640004248815,-0.20416666666666666,-0.1,0.06458333333333333,16
1761,-0.4770833333333333,0.08495811876709868,-0.58125,-0.5,-0.28958333333333336,16
1762,-0.39479166666666665,0.06115745559619041,-0.4979166666666667,-0.4,-0.28541666666666665,16
1763,0.040624999999999994,0.12359891871830163,-0.17083333333333334,0.06666666666666667,0.23541666666666666,16
1764,0.15625,0.08183549725584315,0.00625,0.15833333333333333,0.25,16
1765,0.027083333333333338,0.08856004711180118,-0.09375,0.008333333333333331,0.16458333333333333,16
1766,-0.3416666666666667,0.09298297335175583,-0.5041666666666667,-0.32499999999999996,-0.18541666666666667,16
1767,0.15000000000000002,0.07021791477646966,0.0625,0.14166666666666666,0.2708333333333333,16
1768,-0.09999999999999999,0.12513881181401007,-0.35625,-0.10833333333333334,0.08125,16
1769,0.25625,0.09407351587396363,0.10625000000000001,0.25,0.39375000000000004,16
1770,-0.6052083333333333,0.09551009799725077,-0.7541666666666667,-0.625,-0.4666666666666667,16
1771,0.2197916666666667,0.12250549165695027,-0.03958333333333333,0.23333333333333334,0.38333333333333336,16
1772,-0.22291666666666665,0.07902948640996107,-0.375,-0.23333333333333334,-0.09583333333333333,16
1773,-0.43229166666666663,0.09868382979946051,-0.5604166666666667,-0.4666666666666667,-0.25625,16
1774,0.275,0.10408329997330663,0.05208333333333333,0.29166666666666663,0.4,16
1775,0.3010416666666667,0.10999822441748777,0.09791666666666667,0.3,0.47708333333333336,16
1776,0.056249999999999994,0.12103072956898178,-0.15208333333333332,0.03333333333333333,0.2604166666666667,16
1777,-0.10416666666666666,0.09195031871130797,-0.2583333333333333,-0.1,0.043750000000000004,16
1778,-0.28541666666666665,0.08577162020932876,-0.4666666666666667,-0.2833333333333333,-0.14791666666666667,16
1779,-0.3333333333333333,0.109924216318941,-0.5270833333333333,-0.31666666666666665,-0.15625,16
1780,0.19479166666666664,0.08180234265526196,0.07916666666666666,0.2,0.35208333333333336,16
1781,-0.3572916666666667,0.09184995879452292,-0.5041666666666667,-0.375,-0.21250000000000002,16
1782,0.17083333333333334,0.09437293044088436,-0.01458333333333333,0.18333333333333332,0.3208333333333333,16
1783,-0.15625,0.11605120397671212,-0.3458333333333333,-0.175,0.06875,16
1784,-0.128125,0.09819883987490777,-0.3,-0.14166666666666666,0.016666666666666666,16
1785,0.5489583333333333,0.08689648015822556,0.41875,0.5166666666666667,0.725,16
1786,-0.049999999999999996,0.11149240133549711,-0.21666666666666667,-0.05,0.17291666666666666,16
1787,0.058333333333333334,0.08759915017345266,-0.09375,0.05,0.22083333333333333,16
1788,-0.006249999999999998,0.06505206248331666,-0.12708333333333333,0.008333333333333333,0.08125,16
1789,-0.7375,0.09195031871130797,-0.8333333333333334,-0.7416666666666667,-0.5291666666666667,16
1790,0.359375,0.10912670229040086,0.13333333333333333,0.375,0.5145833333333333,16
1791,-0.28541666666666665,0.10067049523624642,-0.45416666666666666,-0.26666666666666666,-0.15208333333333332,16
1792,-0.08437499999999999,0.09510023038586418,-0.25416666666666665,-0.075,0.06458333333333333,16
1793,0.7,0.07192781875680028,0.5750000000000001,0.6916666666666667,0.8270833333333334,16
1794,-0.371875,0.06990041279086508,-0.5083333333333333,-0.36666666666666664,-0.27291666666666664,16
1795,-0.5260416666666666,0.0803570050704286,-0.6749999999999999,-0.5166666666666667,-0.38541666666666663,16
1796,0.035416666666666666,0.12302255326203855,-0.17500000000000002,0.04166666666666667,0.23541666666666666,16
1797,0.6291666666666667,0.0800390529679106,0.49583333333333335,0.6416666666666666,0.75,16
1798,-0.16666666666666669,0.10801234497346433,-0.32708333333333334,-0.175,-0.00625,16
1799,0.6083333333333334,0.07476816018719315,0.4541666666666667,0.6166666666666667,0.7333333333333333,16
1800,-0.43333333333333335,0.08660254037844387,-0.5666666666666667,-0.44166666666666665,-0.25625,16
1801,-0.4510416666666667,0.09288372921442042,-0.6145833333333334,-0.43333333333333335,-0.30624999999999997,16
1802,0.19791666666666669,0.06715317275535915,0.08958333333333333,0.19166666666666665,0.30416666666666664,16
1803,0.36562500000000003,0.10744325860399268,0.19583333333333333,0.3666666666666667,0.5479166666666667,16
1804,-0.8802083333333333,0.04298689642075696,-0.9604166666666667,-0.8833333333333333,-0.8333333333333334,16
1805,0.39375,0.07924886084004265,0.27291666666666664,0.4,0.5354166666666667,16
1806,0.017708333333333333,0.08487506136472991,-0.11041666666666666,0.008333333333333333,0.17500000000000002,16
1807,0.703125,0.0646085300310863,0.6333333333333333,0.6833333333333333,0.8104166666666667,16
1808,-0.4552083333333333,0.07447006063214637,-0.5604166666666667,-0.4666666666666667,-0.31875,16
1809,0.6697916666666667,0.09339632361013409,0.5145833333333333,0.6416666666666666,0.8354166666666667,16
1810,0.328125,0.09142368364136044,0.16458333333333333,0.3333333333333333,0.4916666666666667,16
1811,0.434375,0.10432800006336852,0.2791666666666667,0.43333333333333335,0.63125,16
1812,0.009374999999999998,0.10068666157661821,-0.21041666666666667,0.03333333333333333,0.1375,16
1813,0.24166666666666667,0.08620067027323834,0.12291666666666667,0.23333333333333334,0.4,16
1814,-0.06458333333333334,0.0976947840641113,-0.24375,-0.05,0.10625,16
1815,0.09375,0.07657489978953794,-0.02916666666666666,0.08333333333333333,0.25,16
1816,0.3364583333333333,0.09578236869475394,0.13333333333333333,0.31666666666666665,0.4604166666666667,16
1817,0.20625,0.08914622039722779,0.035416666666666666,0.20833333333333334,0.3333333333333333,16
1818,0.515625,0.10315656082705872,0.3020833333333333,0.525,0.6666666666666666,16
1819,0.090625,0.11901924885169719,-0.06458333333333333,0.06666666666666667,0.31666666666666665,16
1820,0.14895833333333333,0.15438821355955615,-0.14583333333333331,0.16666666666666666,0.3958333333333333,16
1821,0.7270833333333333,0.05233273619616864,0.6395833333333333,0.725,0.8145833333333333,16
1822,0.5708333333333333,0.09157192073264961,0.4041666666666667,0.575,0.7208333333333333,16
1823,-0.7541666666666667,0.05907269532815761,-0.8333333333333334,-0.7583333333333333,-0.6416666666666667,16
1824,0.8447916666666666,0.060587044246732766,0.7291666666666666,0.85,0.9270833333333334,16
1825,0.5385416666666667,0.12743717815064803,0.30416666666666664,0.5416666666666667,0.7333333333333334,16
1826,-0.20416666666666666,0.10008676791220263,-0.3979166666666667,-0.19166666666666665,-0.04166666666666667,16
1827,0.08333333333333334,0.07927623996016854,-0.05416666666666667,0.1,0.20416666666666666,16
1828,-0.15000000000000002,0.0650854139658888,-0.2583333333333333,-0.15,-0.03958333333333333,16
1829,-0.041666666666666664,0.08759915017345266,-0.16041666666666665,-0.06666666666666667,0.10833333333333334,16
1830,-0.040625,0.07406096165772266,-0.17083333333333334,-0.008333333333333333,0.05416666666666667,16
1831,-0.6322916666666667,0.07510842856608481,-0.7270833333333333,-0.6499999999999999,-0.50625,16
1832,0.3645833333333333,0.10895255720827403,0.13958333333333334,0.375,0.5104166666666667,16
1833,-0.30208333333333337,0.07520227353241685,-0.4,-0.2833333333333333,-0.15000000000000002,16
1834,0.34270833333333334,0.09222721602108566,0.18958333333333333,0.3333333333333333,0.5208333333333334,16
1835,0.25416666666666665,0.06332785063987777,0.125,0.275,0.32708333333333334,16
1836,0.7020833333333333,0.09928127131203213,0.5041666666666667,0.7166666666666666,0.8645833333333334,16
1837,0.128125,0.09659457620786882,-0.04583333333333333,0.125,0.27708333333333335,16
1838,0.465625,0.11952869686815798,0.25416666666666665,0.45,0.6354166666666666,16
1839,-0.03749999999999999,0.09061901321221477,-0.16041666666666665,-0.05,0.12083333333333333,16
1840,-0.6729166666666666,0.10015179451434927,-0.8583333333333333,-0.6583333333333333,-0.5291666666666667,16
1841,0.8625,0.047689679759414974,0.7833333333333333,0.8583333333333334,0.9270833333333334,16
1842,-0.014583333333333334,0.08055256220492168,-0.13333333333333333,-0.008333333333333333,0.09375,16
1843,0.25416666666666665,0.09816015824491456,0.05625,0.26666666666666666,0.38125,16
1844,-0.284375,0.08068042883638027,-0.41875,-0.29166666666666663,-0.13958333333333334,16
1845,0.9010416666666666,0.04428002355590058,0.8229166666666666,0.9,0.9708333333333333,16
1846,0.6385416666666667,0.07400233432879742,0.4854166666666667,0.6416666666666666,0.7375,16
1847,0.6895833333333333,0.09407351587396363,0.50625,0.6916666666666667,0.8166666666666667,16
1848,-0.2552083333333333,0.10303025951146585,-0.4104166666666667,-0.26666666666666666,-0.10625000000000001,16
1849,-0.5322916666666666,0.0834309324298315,-0.6708333333333334,-0.5166666666666667,-0.40625,16
1850,-0.8072916666666667,0.09573704401757045,-0.9270833333333334,-0.825,-0.5895833333333333,16
1851,-0.6166666666666667,0.05980291706003051,-0.7104166666666667,-0.6166666666666667,-0.50625,16
1852,-0.5,0.09895285072531598,-0.6166666666666667,-0.5083333333333333,-0.3145833333333333,16
1853,0.37916666666666665,0.10984521938720058,0.21458333333333332,0.4083333333333333,0.5708333333333334,16
1854,-0.8770833333333334,0.040771637064126925,-0.94375,-0.8833333333333333,-0.8166666666666667,16
1855,0.7802083333333334,0.06186307404708852,0.6729166666666666,0.7916666666666667,0.875,16
1856,0.7666666666666667,0.06846531968814576,0.6625,0.7833333333333334,0.85,16
1857,0.7802083333333334,0.056278927746833754,0.6895833333333333,0.775,0.8875000000000001,16
1858,0.484375,0.07981505314371051,0.38333333333333336,0.4666666666666667,0.625,16
1859,-0.028124999999999997,0.11082373861978607,-0.24583333333333332,-0.016666666666666666,0.14166666666666666,16
1860,0.23020833333333335,0.09339632361013409,0.08333333333333333,0.25,0.37916666666666665,16
1861,0.22083333333333333,0.09727181274940627,0.04583333333333334,0.2583333333333333,0.36458333333333337,16
1862,0.675,0.07288689868556625,0.51875,0.675,0.7833333333333333,16
1863,-0.20208333333333334,0.0754327791259653,-0.31666666666666665,-0.19166666666666665,-0.08958333333333333,16
1864,0.5750000000000001,0.07359800721939871,0.42708333333333337,0.575,0.6770833333333334,16
1865,-0.253125,0.07341348602644855,-0.3854166666666667,-0.23333333333333334,-0.13541666666666666,16
1866,-0.05416666666666667,0.09510593508761106,-0.21666666666666667,-0.06666666666666667,0.11666666666666665,16
1867,0.5770833333333333,0.0582961190818051,0.5,0.5833333333333334,0.6916666666666667,16
1868,-0.12291666666666667,0.11575161985907584,-0.35208333333333336,-0.1,0.027083333333333334,16
1869,0.036458333333333336,0.08624471602171734,-0.10416666666666667,0.05,0.18541666666666667,16
1870,0.7333333333333333,0.03584302194601095,0.6625,0.7333333333333333,0.7770833333333333,16
1871,0.23958333333333331,0.09945598551900009,0.09166666666666667,0.21666666666666667,0.42083333333333334,16
1872,0.2635416666666667,0.0680121389287726,0.15,0.26666666666666666,0.36666666666666664,16
1873,0.31770833333333337,0.0670480626739754,0.18958333333333333,0.31666666666666665,0.4104166666666667,16
1874,-0.534375,0.10128835864610612,-0.6604166666666667,-0.5416666666666667,-0.34791666666666665,16
1875,-0.20104166666666667,0.13313380252587995,-0.4479166666666667,-0.18333333333333332,0.018750000000000003,16
1876,0.2979166666666667,0.14004897456881923,-0.0062500000000000056,0.3333333333333333,0.5,16
1877,-0.17395833333333333,0.09500890857352974,-0.3208333333333333,-0.19166666666666665,-0.00625,16
1878,0.04479166666666667,0.08931038845571723,-0.125,0.06666666666666667,0.15,16
1879,-0.38749999999999996,0.15166895602667746,-0.64375,-0.3833333333333333,-0.16249999999999998,16
1880,-0.014583333333333334,0.08246948088703952,-0.16041666666666665,0.0,0.08750000000000001,16
1881,-0.2541666666666667,0.10532687216470447,-0.44375000000000003,-0.23333333333333334,-0.12291666666666667,16
1882,0.1125,0.12169234888758527,-0.1375,0.15,0.27708333333333335,16
1883,-0.4375,0.09195031871130797,-0.5604166666666667,-0.45833333333333337,-0.2583333333333333,16
1884,0.5114583333333333,0.07161789765057956,0.37916666666666665,0.5166666666666667,0.63125,16
1885,0.7666666666666666,0.04082482904638631,0.7062499999999999,0.7666666666666667,0.85,16
1886,0.22604166666666667,0.10687621831664267,0.07916666666666666,0.21666666666666667,0.45625,16
1887,0.21875,0.10588171466310886,0.06666666666666667,0.21666666666666667,0.41458333333333336,16
1888,0.40208333333333335,0.08204736944798008,0.28125,0.3916666666666667,0.575,16
1889,-0.3958333333333333,0.11403276819503341,-0.5833333333333334,-0.3916666666666667,-0.1875,16
1890,0.234375,0.09955957701296245,0.08333333333333333,0.24166666666666667,0.3979166666666667,16
1891,-0.1479166666666667,0.1536449505624358,-0.34375,-0.175,0.16875,16
1892,-0.53125,0.11424191559045996,-0.6833333333333333,-0.55,-0.28958333333333336,16
1893,-0.06666666666666667,0.11547005383792516,-0.23333333333333334,-0.075,0.15208333333333332,16
1894,0.20625,0.12330447297464742,0.03958333333333333,0.19166666666666665,0.4375,16
1895,0.3572916666666667,0.0910907571692467,0.21666666666666667,0.3333333333333333,0.49375,16
1896,-0.6333333333333334,0.09982623792259117,-0.7916666666666666,-0.6333333333333333,-0.44166666666666665,16
1897,0.4083333333333333,0.11055415967851334,0.20625000000000002,0.43333333333333335,0.5708333333333334,16
1898,0.11666666666666667,0.08579691784155834,-0.05833333333333333,0.14166666666666666,0.23333333333333334,16
1899,-0.1,0.1224744871391589,-0.30624999999999997,-0.09166666666666667,0.08333333333333333,16
1900,0.665625,0.07058012340202052,0.5520833333333334,0.6499999999999999,0.7770833333333333,16
1901,0.359375,0.11531489947819695,0.13333333333333333,0.38333333333333336,0.5270833333333333,16
1902,-0.3666666666666667,0.07406828681096325,-0.4708333333333333,-0.38333333333333336,-0.23333333333333334,16
1903,0.1802083333333333,0.1118373617630133,-0.05,0.18333333333333332,0.38958333333333334,16
1904,0.6208333333333333,0.09619496983845997,0.48125,0.6166666666666667,0.7770833333333333,16
1905,-0.8864583333333333,0.03873823746205634,-0.94375,-0.8916666666666666,-0.8229166666666666,16
1906,0.44270833333333337,0.09427514953286707,0.29791666666666666,0.42500000000000004,0.6229166666666667,16
1907,-0.20104166666666667,0.09582767193422437,-0.36875,-0.20833333333333334,-0.04583333333333334,16
1908,0.4083333333333333,0.10817295821455974,0.21250000000000002,0.45,0.5583333333333333,16
1909,0.7864583333333334,0.03239231626138796,0.7395833333333333,0.7916666666666667,0.8541666666666667,16
1910,-0.159375,0.15149357682570058,-0.36041666666666666,-0.21666666666666667,0.12916666666666665,16
1911,0.02395833333333333,0.07568409078017799,-0.06666666666666667,-0.008333333333333333,0.18541666666666667,16
1912,0.07916666666666666,0.06137883276106764,-0.03333333333333333,0.08333333333333333,0.19375,16
1913,-0.16458333333333333,0.11987768650679835,-0.3875,-0.15833333333333333,0.025,16
1914,0.5406249999999999,0.10222672751998102,0.375,0.5166666666666667,0.6979166666666666,16
1915,-0.009375,0.12204404231214602,-0.1875,-0.016666666666666666,0.21041666666666667,16
1916,-0.7635416666666667,0.08704619423361114,-0.8604166666666667,-0.75,-0.575,16
1917,-0.7458333333333333,0.09492321458245431,-0.875,-0.7666666666666667,-0.5354166666666667,16
1918,0.3927083333333333,0.08679652730828451,0.27291666666666664,0.3833333333333333,0.5333333333333333,16
1919,0.7114583333333333,0.07400233432879745,0.5895833333333333,0.725,0.8208333333333334,16
1920,0.12395833333333332,0.11887329126006395,-0.06458333333333333,0.16666666666666666,0.2875,16
1921,0.73125,0.0895348706122679,0.58125,0.7166666666666667,0.8875000000000001,16
1922,0.59375,0.09407351587396363,0.45,0.6166666666666667,0.7541666666666667,16
1923,-0.5854166666666667,0.11724188552826256,-0.75,-0.5833333333333333,-0.39791666666666664,16
1924,0.1125,0.1193879065157867,-0.08750000000000001,0.11666666666666667,0.3145833333333333,16
1925,-0.9052083333333334,0.031023484607990467,-0.95,-0.9083333333333333,-0.8458333333333333,16
1926,0.3572916666666667,0.0768224752812179,0.18958333333333333,0.375,0.4791666666666667,16
1927,-0.271875,0.06420419627597906,-0.36666666666666664,-0.275,-0.15208333333333332,16
1928,-0.47395833333333337,0.08779093497559351,-0.65625,-0.475,-0.3458333333333333,16
1929,0.0010416666666666647,0.12168789055749686,-0.22083333333333333,0.03333333333333333,0.19375,16
1930,-0.042708333333333334,0.061511276631019275,-0.13333333333333333,-0.06666666666666667,0.06041666666666667,16
1931,0.93125,0.02491304321479456,0.9,0.9333333333333333,0.9770833333333333,16
1932,-0.8364583333333333,0.05689254918508905,-0.9270833333333334,-0.8166666666666667,-0.75,16
1933,0.078125,0.08492618322532941,-0.07083333333333333,0.09166666666666667,0.21458333333333332,16
1934,-0.5885416666666666,0.11572818218903197,-0.76875,-0.6083333333333334,-0.3625,16
1935,0.596875,0.09075660941649251,0.40625,0.6166666666666667,0.71875,16
1936,-0.165625,0.12025273587786313,-0.40625,-0.15833333333333333,0.03125,16
1937,-0.10729166666666667,0.12018052826893381,-0.375,-0.075,0.041666666666666664,16
1938,-0.02395833333333333,0.13513994161403373,-0.2520833333333333,-0.025,0.19791666666666666,16
1939,-0.38958333333333334,0.1106914819065436,-0.5791666666666667,-0.4,-0.22291666666666668,16
1940,0.21770833333333334,0.08507936450096984,0.058333333333333334,0.23333333333333334,0.34791666666666665,16
1941,0.14270833333333333,0.12869116104284534,-0.12708333333333333,0.15833333333333333,0.32916666666666666,16
1942,-0.9145833333333333,0.03220755173695896,-0.9604166666666667,-0.9083333333333333,-0.85625,16
1943,0.871875,0.05359271237252733,0.7958333333333333,0.8583333333333334,0.94375,16
1944,0.9427083333333334,0.03225804701500421,0.8895833333333333,0.9416666666666667,1.0,16
1945,-0.041666666666666664,0.08312473893025002,-0.18541666666666667,-0.05,0.11041666666666666,16
1946,-0.37812500000000004,0.10972167281859638,-0.5666666666666667,-0.375,-0.19791666666666666,16
1947,0.128125,0.09605386762703057,0.016666666666666666,0.11666666666666667,0.29791666666666666,16
1948,-0.8229166666666667,0.06843361544023686,-0.9,-0.8416666666666667,-0.6916666666666667,16
1949,-0.05416666666666667,0.08730136183232068,-0.16041666666666665,-0.075,0.12083333333333333,16
1950,0.13229166666666667,0.10111681054602147,-0.06875,0.13333333333333333,0.2708333333333333,16
1951,-0.5583333333333333,0.09807168579949847,-0.6875,-0.5416666666666667,-0.38333333333333336,16
1952,0.453125,0.08441357143058613,0.3,0.4666666666666667,0.5875,16
1953,-0.6291666666666667,0.08405933750763338,-0.7166666666666667,-0.6666666666666666,-0.45208333333333334,16
1954,0.7,0.07312470322826768,0.5833333333333334,0.7,0.83125,16
1955,0.3145833333333333,0.12146029872623673,0.11875,0.30833333333333335,0.5416666666666666,16
1956,-0.14270833333333333,0.10154513740477952,-0.3145833333333333,-0.14166666666666666,0.004166666666666666,16
1957,-0.5218750000000001,0.09478021908898267,-0.6979166666666666,-0.525,-0.35624999999999996,16
1958,-0.5333333333333333,0.06922186552431729,-0.6708333333333334,-0.525,-0.4395833333333333,16
1959,-0.6270833333333333,0.08288944276699066,-0.7583333333333333,-0.6333333333333333,-0.48750000000000004,16
1960,0.7447916666666667,0.0665933842017692,0.6166666666666667,0.7666666666666667,0.8166666666666667,16
1961,-0.5802083333333333,0.08979505020693883,-0.7166666666666667,-0.5916666666666667,-0.4354166666666667,16
1962,-0.28020833333333334,0.12179484543690673,-0.5083333333333333,-0.25,-0.0625,16
1963,-0.11979166666666666,0.07246137620599451,-0.24375,-0.11666666666666667,-0.0125,16
1964,0.28125,0.0996303933434862,0.06458333333333334,0.3,0.4,16
1965,0.7104166666666667,0.054922609693600286,0.6229166666666667,0.7166666666666667,0.8208333333333334,16
1966,0.5677083333333334,0.12862369073947633,0.375,0.575,0.8291666666666667,16
1967,0.5135416666666667,0.09321025180561773,0.37916666666666665,0.5,0.68125,16
1968,0.4166666666666667,0.13176156917368248,0.18541666666666667,0.42500000000000004,0.6520833333333333,16
1969,0.6729166666666666,0.07189764136140583,0.5520833333333334,0.6583333333333333,0.8020833333333334,16
1970,0.6677083333333333,0.06782042004440844,0.5729166666666666,0.6666666666666666,0.81875,16
1971,0.4625,0.0875,0.3458333333333333,0.45,0.6208333333333333,16
1972,-0.603125,0.09302380780985287,-0.7541666666666667,-0.6,-0.42291666666666666,16
1973,-1.734723475976807e-18,0.11606990230986766,-0.2,0.03333333333333333,0.15416666666666667,16
1974,0.5270833333333333,0.07924886084004264,0.42291666666666666,0.5166666666666666,0.6770833333333334,16
1975,0.9104166666666667,0.03673998351780915,0.8458333333333333,0.9166666666666666,0.9666666666666667,16
1976,0.8458333333333333,0.07371585838730889,0.7229166666666667,0.8583333333333334,0.9541666666666667,16
1977,0.04479166666666667,0.14514345753043398,-0.18541666666666667,0.04166666666666667,0.29166666666666663,16
1978,0.434375,0.10281941255046259,0.25625,0.45,0.59375,16
1979,0.06145833333333333,0.11941971239428327,-0.1375,0.075,0.2625,16
1980,0.8697916666666666,0.04831132760543846,0.7583333333333333,0.875,0.9166666666666666,16
1981,0.259375,0.10357645290905758,0.12291666666666667,0.26666666666666666,0.4375,16
1982,-0.703125,0.044960920531056735,-0.7708333333333334,-0.7,-0.6291666666666667,16
1983,0.7489583333333333,0.09726623507729243,0.55625,0.7833333333333333,0.8770833333333333,16
1984,0.38541666666666663,0.0929596313221796,0.23333333333333334,0.3916666666666667,0.5416666666666666,16
1985,0.8322916666666667,0.06883675082315324,0.6895833333333333,0.8333333333333334,0.9270833333333334,16
1986,-0.040625,0.1063877783159325,-0.2833333333333333,-0.05,0.1,16
1987,-0.7979166666666667,0.05492260969360029,-0.8770833333333333,-0.8,-0.7124999999999999,16
1988,0.27395833333333336,0.10507417188454175,0.07291666666666666,0.29166666666666663,0.42708333333333337,16
1989,0.23645833333333333,0.06775639319978922,0.15,0.225,0.36041666666666666,16
1990,-0.6010416666666667,0.08003227430577964,-0.7625,-0.5833333333333333,-0.4708333333333333,16
1991,0.47187499999999993,0.09311707647126577,0.29791666666666666,0.5,0.6145833333333334,16
1992,0.7322916666666667,0.0710703754308987,0.5854166666666667,0.7416666666666667,0.8375,16
1993,0.053125000000000006,0.07246137620599451,-0.03333333333333333,0.04166666666666667,0.19375,16
1994,0.5125,0.09780578828587919,0.32916666666666666,0.5333333333333333,0.6333333333333333,16
1995,0.37916666666666665,0.09081039465709738,0.1875,0.4166666666666667,0.49375,16
1996,0.228125,0.12028882342789236,0.06875,0.2,0.46666666666666673,16
1997,-0.165625,0.12644563362919609,-0.35416666666666663,-0.16666666666666666,0.07708333333333334,16
1998,0.012500000000000004,0.11326897682556822,-0.15,0.008333333333333333,0.22083333333333333,16
1999,-0.3625,0.1386317063301177,-0.6166666666666667,-0.35,-0.14375,16
2000,0.5562499999999999,0.10067049523624641,0.38125,0.575,0.725,16
2001,-0.49687500000000007,0.0764259695355214,-0.6104166666666667,-0.4916666666666667,-0.34375,16
2002,0.36979166666666663,0.09899122260472279,0.1875,0.375,0.5,16
2003,0.29270833333333335,0.09260293634353312,0.13333333333333333,0.2833333333333333,0.44375000000000003,16
2004,0.2770833333333333,0.07237896985850087,0.16666666666666666,0.275,0.38125,16
2005,0.5104166666666667,0.07213870705491993,0.3625,0.525,0.6208333333333333,16
2006,-0.31875,0.1410372045084401,-0.5479166666666667,-0.3333333333333333,-0.07291666666666666,16
2007,0.37604166666666666,0.11288033702160492,0.17916666666666667,0.36666666666666664,0.58125,16
2008,0.403125,0.1064285672672312,0.23333333333333334,0.44166666666666665,0.56875,16
2009,-0.453125,0.08337889379546574,-0.5875,-0.4666666666666667,-0.3125,16
2010,0.3135416666666666,0.10361834853334509,0.12916666666666665,0.3416666666666667,0.4895833333333333,16
2011,0.41666666666666663,0.10358169078880045,0.2270833333333333,0.44166666666666665,0.5666666666666667,16
2012,0.40208333333333335,0.05678755487682922,0.29583333333333334,0.4166666666666667,0.48333333333333334,16
2013,0.43333333333333335,0.074535599249993,0.3125,0.42500000000000004,0.5583333333333333,16
2014,-0.5041666666666667,0.12311072252245131,-0.725,-0.4916666666666667,-0.3125,16
2015,0.042708333333333334,0.14742803682362005,-0.23333333333333334,0.06666666666666667,0.21666666666666667,16
2016,-0.49375,0.12894806771203152,-0.7104166666666667,-0.4916666666666667,-0.2604166666666667,16
2017,0.39479166666666665,0.07088692825353787,0.30624999999999997,0.38333333333333336,0.5583333333333333,16
2018,0.20729166666666668,0.10928567781278571,0.035416666666666666,0.2,0.43333333333333335,16
2019,-0.8708333333333333,0.054486236794258396,-0.94375,-0.8833333333333333,-0.7666666666666667,16
2020,0.3770833333333333,0.10911178645977915,0.23958333333333334,0.3416666666666667,0.5833333333333333,16
2021,0.34479166666666666,0.09977731281597926,0.17291666666666666,0.35,0.4875,16
2022,0.790625,0.07070300510272215,0.6333333333333333,0.7916666666666667,0.8875000000000001,16
2023,0.7510416666666666,0.06933933016934425,0.625,0.7416666666666667,0.84375,16
2024,0.9052083333333333,0.028697869404074813,0.85625,0.9,0.95,16
2025,0.39479166666666665,0.0785543756295953,0.24375,0.3916666666666667,0.5354166666666667,16
2026,-0.415625,0.11156536916634222,-0.6104166666666667,-0.4166666666666667,-0.23958333333333334,16
2027,-0.4302083333333333,0.10964252995530521,-0.6041666666666667,-0.45,-0.22291666666666668,16
2028,-0.34270833333333334,0.07816665556147755,-0.45416666666666666,-0.35,-0.20208333333333334,16
2029,-0.7541666666666667,0.08302024518821363,-0.91875,-0.7416666666666667,-0.6291666666666667,16
2030,0.234375,0.08589171760290848,0.08958333333333333,0.24166666666666667,0.4,16
2031,-0.1645833333333333,0.09351823203109767,-0.3208333333333333,-0.16666666666666666,-0.0020833333333333363,16
2032,0.38541666666666663,0.07566258248889533,0.2270833333333333,0.4083333333333333,0.47708333333333336,16
2033,0.678125,0.0665933842017692,0.5354166666666667,0.6833333333333333,0.7916666666666666,16
2034,0.4666666666666667,0.09428090415820635,0.28541666666666665,0.475,0.6104166666666667,16
2035,-0.50625,0.10015179451434929,-0.6708333333333334,-0.5166666666666666,-0.3020833333333333,16
2036,0.8625,0.05994789404140899,0.7291666666666666,0.8666666666666667,0.94375,16
2037,-0.20520833333333333,0.10370208900445974,-0.41875,-0.19166666666666665,-0.05625,16
2038,-0.6125,0.06166103577895309,-0.7041666666666667,-0.6166666666666667,-0.4854166666666667,16
2039,0.24583333333333332,0.08690272339422588,0.11875,0.23333333333333334,0.4041666666666667,16
2040,0.5229166666666667,0.10911178645977913,0.36875,0.5166666666666667,0.7104166666666667,16
2041,-0.5833333333333333,0.070464727188699,-0.6833333333333333,-0.5833333333333333,-0.46458333333333335,16
2042,0.390625,0.09788895884566805,0.20208333333333334,0.4,0.5604166666666667,16
2043,0.14375,0.11193918860008073,-0.027083333333333334,0.16666666666666666,0.3,16
2044,-0.26145833333333335,0.13978142038951782,-0.5458333333333334,-0.23333333333333334,-0.11666666666666667,16
2045,0.9322916666666667,0.029737713382542063,0.8729166666666667,0.9333333333333333,0.9770833333333333,16
2046,0.4625,0.07418539089485357,0.35624999999999996,0.45,0.6104166666666667,16
2047,0.19895833333333335,0.052858810234855315,0.10208333333333333,0.2,0.26666666666666666,16
2048,0.09270833333333332,0.07682247528121788,-0.020833333333333332,0.1,0.20416666666666666,16
2049,0.05,0.12162099599438687,-0.14375,0.05,0.2583333333333333,16
2050,-0.46562499999999996,0.08259437993727069,-0.58125,-0.48333333333333334,-0.2833333333333333,16
2051,0.026041666666666664,0.12760735540233478,-0.18125,0.03333333333333333,0.25416666666666665,16
2052,0.7395833333333333,0.06091746465505602,0.65,0.725,0.8333333333333334,16
2053,0.6697916666666667,0.07932413068123301,0.5291666666666667,0.6916666666666667,0.7666666666666667,16
2054,0.8208333333333333,0.04545296714431547,0.7520833333333333,0.8083333333333333,0.9041666666666667,16
2055,0.2,0.10017346066809424,0.0625,0.19166666666666665,0.4166666666666667,16
2056,0.7239583333333333,0.07591313337917519,0.5958333333333333,0.7333333333333333,0.8583333333333333,16
2057,-0.3625,0.09991315673568166,-0.5416666666666666,-0.3583333333333333,-0.21250000000000002,16
2058,0.2375,0.06782841915041543,0.09791666666666667,0.24166666666666667,0.34791666666666665,16
2059,0.16770833333333335,0.08301370996206991,0.029166666666666667,0.15,0.33541666666666664,16
2060,0.5604166666666667,0.0910728874766433,0.4395833333333333,0.5666666666666667,0.7270833333333333,16
2061,-0.40625,0.11408984641744224,-0.5437500000000001,-0.4083333333333333,-0.17708333333333331,16
2062,0.296875,0.07777700272431291,0.19583333333333333,0.2833333333333333,0.46875,16
2063,-0.23854166666666665,0.10386936740979562,-0.41875,-0.225,-0.08541666666666667,16
2064,0.009375000000000001,0.060083492255915576,-0.11458333333333333,0.016666666666666666,0.10416666666666667,16
2065,0.3416666666666667,0.08518770125108698,0.21250000000000002,0.3333333333333333,0.49375,16
2066,0.037500000000000006,0.09798313346920705,-0.12708333333333333,0.058333333333333334,0.19166666666666668,16
2067,0.10729166666666667,0.10085894130748481,-0.04791666666666666,0.09166666666666667,0.2604166666666667,16
2068,-0.5010416666666667,0.07533922128538952,-0.63125,-0.48333333333333334,-0.375,16
2069,-0.28854166666666664,0.1182509616474875,-0.48125,-0.26666666666666666,-0.13958333333333334,16
2070,0.5489583333333334,0.09850774609982033,0.41250000000000003,0.525,0.7041666666666667,16
2071,-0.8427083333333334,0.051020403734410226,-0.9249999999999999,-0.8500000000000001,-0.7625,16
2072,0.06770833333333333,0.0997338036837171,-0.10416666666666667,0.09166666666666667,0.2,16
2073,0.3854166666666667,0.0883637919185354,0.2520833333333333,0.3666666666666667,0.5625,16
2074,0.16770833333333335,0.09455097647712465,0.02291666666666667,0.16666666666666666,0.35000000000000003,16
2075,0.16979166666666667,0.07687895202127101,0.05625,0.15833333333333333,0.29791666666666666,16
2076,0.37187499999999996,0.11082373861978609,0.18125,0.375,0.5583333333333333,16
2077,0.6020833333333333,0.07543277912596527,0.46875,0.6166666666666667,0.7,16
2078,0.40208333333333335,0.08697760727145043,0.225,0.38333333333333336,0.5270833333333333,16
2079,0.134375,0.07204087140490305,0.03958333333333333,0.15,0.2791666666666667,16
2080,0.20104166666666665,0.06386529606653889,0.07916666666666666,0.21666666666666667,0.2875,16
2081,-0.553125,0.07270057265172598,-0.6604166666666667,-0.5416666666666667,-0.4291666666666667,16
2082,-0.4072916666666667,0.0816430131561925,-0.5270833333333333,-0.4083333333333333,-0.2375,16
2083,0.284375,0.08238391454040042,0.15,0.29166666666666663,0.42916666666666664,16
2084,0.7927083333333333,0.04893616519394313,0.7062499999999999,0.8,0.8604166666666667,16
2085,0.25104166666666666,0.08507936450096985,0.1125,0.2583333333333333,0.4041666666666667,16
2086,0.309375,0.09353563454938207,0.17291666666666666,0.30833333333333335,0.4604166666666667,16
2087,-0.40625,0.0899218410621135,-0.5833333333333333,-0.3916666666666667,-0.2833333333333333,16
2088,0.7885416666666667,0.05161245475765623,0.6895833333333333,0.7833333333333333,0.88125,16
2089,0.035416666666666666,0.10439558180306291,-0.17708333333333331,0.025,0.19375,16
2090,0.04062499999999999,0.1301666599978658,-0.21041666666666667,0.04166666666666667,0.23541666666666666,16
2091,0.22604166666666664,0.1221862123404728,-0.018750000000000003,0.23333333333333334,0.44375,16
2092,-0.09791666666666668,0.11424191559045996,-0.2875,-0.09166666666666667,0.09375,16
2093,0.24895833333333334,0.1124951773657678,0.0625,0.2833333333333333,0.42083333333333334,16
2094,-0.175,0.09947780321927768,-0.35416666666666663,-0.175,-0.05,16
2095,-0.109375,0.07568409078017799,-0.23125,-0.1,0.0,16
2096,0.26666666666666666,0.10017346066809424,0.1,0.2833333333333333,0.42708333333333337,16
2097,0.56875,0.07990337046152127,0.45,0.5833333333333334,0.6770833333333334,16
2098,0.528125,0.09995115994824673,0.35833333333333334,0.55,0.6708333333333334,16
2099,-0.084375,0.10265042316035526,-0.20833333333333334,-0.11666666666666667,0.15208333333333332,16
2100,-0.5489583333333333,0.08867636812527274,-0.6979166666666666,-0.5666666666666667,-0.375,16
2101,0.190625,0.10474319621234487,0.00625,0.225,0.3416666666666667,16
2102,0.7489583333333334,0.07648273906575262,0.6229166666666667,0.775,0.8604166666666667,16
2103,-0.20625,0.08637671850678284,-0.39375000000000004,-0.21666666666666667,-0.07916666666666666,16
2104,-0.11770833333333333,0.10094497091374972,-0.25416666666666665,-0.13333333333333333,0.06041666666666667,16
2105,-0.009375,0.08639555954059985,-0.14375,-0.025,0.14791666666666667,16
2106,-0.5,0.09185586535436918,-0.6166666666666667,-0.5083333333333333,-0.29583333333333334,16
2107,0.6510416666666667,0.055424106643429276,0.5333333333333333,0.6666666666666666,0.7270833333333333,16
2108,0.0625,0.09851325347947408,-0.10833333333333334,0.075,0.2,16
2109,0.17291666666666666,0.06663410663216449,0.04791666666666666,0.175,0.29166666666666663,16
2110,0.17395833333333333,0.0920387807001906,0.04583333333333334,0.15833333333333333,0.34791666666666665,16
2111,-0.478125,0.08094896154367887,-0.6104166666666667,-0.48333333333333334,-0.3125,16
2112,0.5104166666666666,0.10254995395199139,0.36666666666666664,0.48333333333333334,0.6604166666666667,16
2113,-0.37395833333333334,0.09964672842653247,-0.5458333333333334,-0.375,-0.21666666666666667,16
2114,-0.0625,0.10937003957005573,-0.22708333333333333,-0.03333333333333333,0.10833333333333334,16
2115,0.10208333333333333,0.10389548033159736,-0.08333333333333333,0.125,0.275,16
2116,-0.33229166666666665,0.09955957701296246,-0.4604166666666667,-0.35,-0.17291666666666666,16
2117,-0.25104166666666666,0.1143321109628534,-0.42083333333333334,-0.275,-0.07916666666666666,16
2118,-0.8,0.07144345083117602,-0.8770833333333333,-0.825,-0.6395833333333333,16
2119,-0.003124999999999996,0.10511547056821739,-0.15,-0.016666666666666666,0.15833333333333333,16
2120,0.746875,0.05565854169746894,0.6833333333333333,0.7333333333333333,0.8583333333333333,16
2121,-0.3489583333333333,0.07693538730288192,-0.47708333333333336,-0.3333333333333333,-0.23541666666666666,16
2122,0.6062500000000001,0.06558365099457163,0.4895833333333333,0.6166666666666667,0.7,16
2123,-0.246875,0.1226471267838482,-0.4354166666666667,-0.275,0.012499999999999997,16
2124,0.18958333333333333,0.08267972847076846,0.0625,0.175,0.32708333333333334,16
2125,0.39687500000000003,0.06460853003108628,0.24166666666666667,0.43333333333333335,0.4604166666666667,16
2126,-0.375,0.12204848763230676,-0.6041666666666667,-0.36666666666666664,-0.21666666666666667,16
2127,-0.16354166666666664,0.08921314014762624,-0.30833333333333335,-0.175,-0.0020833333333333363,16
2128,-0.24687499999999998,0.1316585902058806,-0.42500000000000004,-0.24166666666666667,0.03125,16
2129,-0.17916666666666667,0.105161912201033,-0.36041666666666666,-0.16666666666666666,-0.008333333333333335,16
2130,-0.16666666666666666,0.07861650943380503,-0.29375,-0.15833333333333333,-0.03958333333333333,16
2131,0.2739583333333333,0.09841958611249874,0.16249999999999998,0.25,0.49166666666666664,16
2132,-0.059375000000000004,0.09353563454938206,-0.21041666666666667,-0.06666666666666667,0.125,16
2133,0.34895833333333337,0.08446497260534822,0.17083333333333334,0.375,0.45416666666666666,16
2134,-0.8510416666666667,0.03252603124165832,-0.9,-0.8583333333333334,-0.7854166666666667,16
2135,-0.30937499999999996,0.07568409078017799,-0.44166666666666665,-0.30833333333333335,-0.18125,16
2136,-0.16875,0.09733871988519723,-0.35833333333333334,-0.15,-0.04583333333333334,16
2137,-0.5260416666666666,0.10671365338814168,-0.71875,-0.5166666666666666,-0.3520833333333333,16
2138,0.5874999999999999,0.07083333333333332,0.4895833333333333,0.5833333333333334,0.7166666666666667,16
2139,-0.5958333333333333,0.09833686434338289,-0.7708333333333334,-0.5833333333333334,-0.45625,16
2140,0.005208333333333332,0.1396571633103325,-0.20208333333333334,-0.016666666666666666,0.29166666666666663,16
2141,0.11666666666666667,0.08759915017345266,-0.03333333333333333,0.14166666666666666,0.24375,16
2142,-0.3458333333333333,0.07132184486926538,-0.44375000000000003,-0.35,-0.21875,16
2143,-0.503125,0.0752815894381444,-0.6041666666666667,-0.5333333333333334,-0.37916666666666665,16
2144,-0.8604166666666667,0.05166498653182186,-0.9270833333333334,-0.8666666666666667,-0.7520833333333333,16
2145,0.11770833333333333,0.08749379938347378,0.00625,0.1,0.29791666666666666,16
2146,-0.615625,0.07228145941387734,-0.7416666666666667,-0.6000000000000001,-0.48750000000000004,16
2147,0.31875000000000003,0.12386638746828958,0.12708333333333333,0.3,0.55,16
2148,0.4145833333333333,0.08225869592666515,0.2895833333333333,0.42500000000000004,0.5375000000000001,16
2149,0.008333333333333333,0.09446486707295529,-0.18333333333333335,0.0,0.14375,16
2150,0.16979166666666667,0.08169615751538,0.035416666666666666,0.15833333333333333,0.3104166666666667,16
2151,0.28125,0.1063724784268312,0.09583333333333333,0.29166666666666663,0.4729166666666667,16
2152,0.7270833333333333,0.07285711854185714,0.6124999999999999,0.7333333333333334,0.8375,16
2153,0.4125,0.0667967480911725,0.3125,0.3916666666666667,0.5479166666666667,16
2154,-0.9697916666666666,0.020597624930505397,-0.99375,-0.975,-0.9229166666666666,16
2155,-0.16145833333333331,0.11175971713904792,-0.35625,-0.16666666666666666,-0.018750000000000003,16
2156,-0.37604166666666666,0.08035700507042862,-0.47708333333333336,-0.38333333333333336,-0.21666666666666667,16
2157,-0.14583333333333334,0.09510593508761106,-0.3104166666666667,-0.15,-0.016666666666666666,16
2158,-0.44791666666666663,0.08119656362460449,-0.5979166666666667,-0.43333333333333335,-0.3020833333333333,16
2159,-0.6197916666666666,0.09899122260472278,-0.7604166666666667,-0.6416666666666666,-0.44166666666666665,16
2160,-0.25520833333333337,0.10353454033155635,-0.38333333333333336,-0.2583333333333333,-0.08541666666666667,16
2161,-0.3833333333333333,0.09646530752325189,-0.56875,-0.36666666666666664,-0.21250000000000002,16
2162,0.35624999999999996,0.11271199162269983,0.15,0.3583333333333333,0.5395833333333333,16
2163,0.37395833333333334,0.09573704401757047,0.20208333333333334,0.3916666666666667,0.51875,16
2164,0.7260416666666667,0.05102040373441025,0.6395833333333333,0.725,0.7937500000000001,16
2165,-0.7916666666666666,0.041247895569215286,-0.8604166666666667,-0.8,-0.7124999999999999,16
2166,-0.14791666666666664,0.13028747594795476,-0.3333333333333333,-0.15833333333333333,0.13125,16
2167,-0.03333333333333333,0.08878031563609383,-0.22708333333333333,-0.016666666666666666,0.07083333333333333,16
2168,0.5229166666666667,0.08330728759638419,0.39583333333333337,0.5166666666666666,0.6708333333333334,16
2169,-0.03333333333333334,0.12679270045585783,-0.22083333333333333,-0.08333333333333333,0.17083333333333334,16
2170,0.34375,0.08657747814658395,0.23541666666666666,0.3333333333333333,0.5291666666666667,16
2171,0.17291666666666666,0.11560153665837568,-0.010416666666666666,0.16666666666666666,0.34791666666666665,16
2172,-0.5895833333333333,0.08597379284151394,-0.7583333333333333,-0.5833333333333334,-0.42708333333333337,16
2173,-0.4625,0.11599509089229212,-0.63125,-0.45833333333333337,-0.26458333333333334,16
2174,-0.13541666666666669,0.08204736944798006,-0.2791666666666667,-0.15,0.004166666666666666,16
2175,-0.29270833333333335,0.07452832002743058,-0.3770833333333333,-0.31666666666666665,-0.125,16
2176,-0.34791666666666665,0.14587796935947678,-0.5666666666666667,-0.3583333333333333,-0.06874999999999999,16
2177,0.078125,0.10552756847541467,-0.07916666666666666,0.06666666666666667,0.30416666666666664,16
2178,0.7895833333333334,0.07018700219967923,0.66875,0.7833333333333333,0.9145833333333333,16
2179,0.5249999999999999,0.09166666666666667,0.3729166666666667,0.5333333333333333,0.65,16
2180,0.03854166666666667,0.08872529977094722,-0.09791666666666667,0.03333333333333333,0.21875,16
2181,0.20729166666666665,0.09645968321589653,0.00208333333333334,0.225,0.33749999999999997,16
2182,0.08541666666666667,0.07725206757391315,-0.03125,0.07500000000000001,0.20416666666666666,16
2183,-0.253125,0.07051860225422005,-0.34791666666666665,-0.275,-0.09583333333333333,16
2184,-0.7541666666666667,0.05697830971323894,-0.8375,-0.7583333333333333,-0.6395833333333333,16
2185,0.38125,0.08816709987291178,0.22083333333333333,0.38333333333333336,0.53125,16
2186,0.503125,0.09358202544351725,0.35624999999999996,0.5083333333333333,0.6645833333333333,16
2187,-0.30208333333333337,0.08895125850087164,-0.4166666666666667,-0.30833333333333335,-0.12916666666666665,16
2188,-0.19374999999999998,0.0951743648375035,-0.36458333333333337,-0.19166666666666665,-0.04583333333333334,16
2189,0.15625,0.08351542605344768,-0.012499999999999997,0.175,0.2875,16
2190,-0.753125,0.0632506999302511,-0.8541666666666667,-0.7583333333333333,-0.6291666666666667,16
2191,0.44375,0.07612010794352131,0.32916666666666666,0.43333333333333335,0.5979166666666667,16
2192,-0.43437499999999996,0.08046495743489834,-0.5437500000000001,-0.45,-0.2875,16
2193,-0.7677083333333334,0.0776094097781391,-0.8770833333333333,-0.775,-0.6104166666666666,16
2194,-0.28229166666666666,0.09528261143391624,-0.48333333333333334,-0.26666666666666666,-0.13125,16
2195,0.29270833333333335,0.08353491244517003,0.15208333333333332,0.3,0.42083333333333334,16
2196,0.17708333333333334,0.08055256220492168,0.02291666666666667,0.18333333333333335,0.3145833333333333,16
2197,0.7385416666666667,0.06366108996082301,0.6229166666666667,0.7583333333333333,0.83125,16
2198,-0.49895833333333334,0.09381363580998707,-0.6479166666666667,-0.525,-0.33541666666666664,16
2199,0.23958333333333331,0.10084280258567457,0.11666666666666667,0.225,0.45,16
2200,0.18437499999999998,0.07228145941387736,0.05416666666666667,0.16666666666666666,0.29375,16
2201,-0.1645833333333333,0.09840304732182951,-0.26666666666666666,-0.18333333333333332,0.05625000000000001,16
2202,0.11666666666666667,0.10491398593345143,-0.03333333333333333,0.1,0.29791666666666666,16
2203,0.24791666666666667,0.108313299429633,0.0625,0.2583333333333333,0.4,16
2204,0.13958333333333334,0.08119656362460449,0.0125,0.14166666666666666,0.2833333333333333,16
2205,0.26666666666666666,0.10257111354242643,0.12916666666666665,0.24166666666666667,0.4729166666666667,16
2206,-0.5958333333333333,0.08690272339422586,-0.7625,-0.6000000000000001,-0.44166666666666665,16
2207,0.29270833333333335,0.10273495260188284,0.08541666666666667,0.275,0.4375,16
2208,0.8104166666666666,0.05030290194854015,0.7083333333333334,0.8166666666666667,0.9020833333333333,16
2209,0.44270833333333337,0.08779093497559352,0.29583333333333334,0.44166666666666665,0.5979166666666667,16
2210,-0.4916666666666667,0.09947780321927768,-0.6604166666666667,-0.4916666666666667,-0.32916666666666666,16
2211,0.7729166666666667,0.06531839752746202,0.6833333333333333,0.7583333333333333,0.8770833333333333,16
2212,0.33958333333333335,0.09407351587396363,0.20625000000000002,0.3333333333333333,0.49375,16
2213,-0.5291666666666667,0.11342214657346833,-0.775,-0.5083333333333333,-0.3625,16
2214,-0.2677083333333333,0.09325680456257453,-0.44583333333333336,-0.275,-0.13333333333333333,16
2215,0.33958333333333335,0.07116954521891135,0.25,0.3333333333333333,0.475,16
2216,0.48020833333333335,0.07341348602644855,0.3333333333333333,0.48333333333333334,0.5833333333333334,16
2217,0.06875,0.08856004711180118,-0.05833333333333333,0.06666666666666667,0.24166666666666667,16
2218,0.4760416666666667,0.0824892143623099,0.3333333333333333,0.48333333333333334,0.6041666666666667,16
2219,-0.5291666666666667,0.14463795798091483,-0.7937500000000001,-0.525,-0.2833333333333333,16
2220,-0.2885416666666667,0.0751661931803269,-0.39375000000000004,-0.29166666666666663,-0.14166666666666666,16
2221,-0.25416666666666665,0.10937003957005573,-0.3770833333333333,-0.29166666666666663,-0.03125,16
2222,0.12395833333333332,0.0891644762192009,-0.010416666666666666,0.1,0.30833333333333335,16
2223,0.6729166666666666,0.06315627663010048,0.55625,0.675,0.7916666666666666,16
2224,0.22395833333333331,0.11606522800898544,0.025,0.25,0.43333333333333335,16
2225,-0.11562499999999999,0.11643857912364498,-0.3208333333333333,-0.09166666666666667,0.06666666666666667,16
2226,-0.9541666666666666,0.023199018178458423,-0.9833333333333333,-0.9583333333333333,-0.9020833333333333,16
2227,0.4395833333333333,0.08454843286542928,0.2875,0.45,0.5666666666666667,16
2228,0.6302083333333334,0.09132868563296224,0.44375000000000003,0.6333333333333333,0.7604166666666667,16
2229,-0.696875,0.08169615751537997,-0.8104166666666667,-0.7083333333333333,-0.55,16
2230,0.459375,0.05495223620462492,0.36666666666666664,0.4666666666666667,0.5333333333333333,16
2231,0.8416666666666667,0.053033008588991064,0.7229166666666667,0.85,0.9104166666666667,16
2232,-0.24583333333333335,0.09418878796214429,-0.40625,-0.26666666666666666,-0.06666666666666667,16
2233,0.30729166666666663,0.0855879887568603,0.14166666666666666,0.31666666666666665,0.44375000000000003,16
2234,-0.15104166666666669,0.1063061534620122,-0.29791666666666666,-0.175,0.05625000000000001,16
2235,-0.7166666666666667,0.0959238702768445,-0.8541666666666667,-0.7166666666666667,-0.5145833333333333,16
2236,0.7354166666666667,0.06260408000548634,0.6083333333333334,0.7416666666666667,0.8166666666666667,16
2237,-0.32499999999999996,0.0973610120462327,-0.5479166666666667,-0.32499999999999996,-0.20208333333333334,16
2238,0.26979166666666665,0.11245658884654114,0.07291666666666666,0.2833333333333333,0.4479166666666667,16
2239,0.3822916666666667,0.1004276878460871,0.17916666666666667,0.375,0.5583333333333333,16
2240,-0.3520833333333333,0.06558365099457165,-0.4708333333333333,-0.3416666666666667,-0.2375,16
2241,-0.1479166666666667,0.11709371246996998,-0.3666666666666667,-0.14166666666666666,0.010416666666666666,16
2242,-0.415625,0.09815463105336511,-0.5166666666666667,-0.45833333333333337,-0.2270833333333333,16
2243,0.5083333333333333,0.08395600699837452,0.3520833333333333,0.525,0.6354166666666666,16
2244,-0.26979166666666665,0.09541916845337384,-0.45416666666666666,-0.25,-0.14583333333333331,16
2245,0.5552083333333333,0.08513036367503925,0.45625,0.5166666666666667,0.74375,16
2246,0.303125,0.07732928105403111,0.13958333333333334,0.3,0.4104166666666667,16
2247,0.125,0.11118053386771945,-0.09999999999999999,0.13333333333333333,0.2875,16
2248,0.07395833333333332,0.11740373568493372,-0.11458333333333333,0.1,0.22708333333333333,16
2249,-0.2833333333333333,0.13333333333333336,-0.43333333333333335,-0.31666666666666665,-0.029166666666666667,16
2250,-0.13854166666666667,0.09478021908898267,-0.33541666666666664,-0.125,-0.016666666666666666,16
2251,0.38958333333333334,0.09444189130535947,0.20208333333333334,0.4166666666666667,0.5354166666666667,16
2252,-0.4302083333333333,0.09339632361013409,-0.5437500000000001,-0.43333333333333335,-0.2583333333333333,16
2253,-0.010416666666666668,0.07380412326632646,-0.1375,-0.025,0.11041666666666666,16
2254,-0.328125,0.10699797992641419,-0.45,-0.3416666666666667,-0.15625,16
2255,0.784375,0.0670480626739754,0.6729166666666666,0.7833333333333333,0.9229166666666666,16
2256,0.37187499999999996,0.07965174851606628,0.25,0.3833333333333333,0.5083333333333333,16
2257,0.6302083333333333,0.06379729999076067,0.5125,0.65,0.7104166666666667,16
2258,0.7385416666666667,0.09311707647126577,0.54375,0.7416666666666667,0.88125,16
2259,-0.384375,0.07716071566326137,-0.48333333333333334,-0.4083333333333333,-0.22083333333333333,16
2260,-0.53125,0.11499924516660485,-0.7104166666666667,-0.55,-0.31875,16
2261,0.34270833333333334,0.06008349225591558,0.23541666666666666,0.35,0.43333333333333335,16
2262,-0.11875,0.08895125850087164,-0.3,-0.11666666666666667,0.0,16
2263,0.21770833333333334,0.10281941255046258,0.08958333333333333,0.19166666666666665,0.41875,16
2264,0.5520833333333334,0.07990337046152128,0.42291666666666666,0.5666666666666667,0.6708333333333334,16
2265,0.2833333333333333,0.09646530752325189,0.10833333333333334,0.3,0.42708333333333337,16
2266,-0.46875,0.12117408849346555,-0.6833333333333333,-0.45833333333333337,-0.30624999999999997,16
2267,-0.5708333333333333,0.1006058038970803,-0.7104166666666667,-0.575,-0.4166666666666667,16
2268,0.54375,0.08577162020932876,0.3625,0.5416666666666667,0.6708333333333334,16
2269,0.19166666666666665,0.09912814377808599,0.03125,0.16666666666666666,0.36666666666666664,16
2270,0.1489583333333333,0.08629502649181019,-0.035416666666666666,0.15,0.2708333333333333,16
2271,-0.04583333333333334,0.07580585582775105,-0.20208333333333334,-0.03333333333333334,0.06458333333333333,16
2272,0.36250000000000004,0.0638737904864829,0.23958333333333334,0.3666666666666667,0.45416666666666666,16
2273,0.33229166666666665,0.0670480626739754,0.21666666666666667,0.3416666666666667,0.4166666666666667,16
2274,0.696875,0.06101535269003114,0.6,0.7083333333333333,0.7979166666666667,16
2275,0.3927083333333333,0.10523926937908895,0.22291666666666668,0.4083333333333333,0.5854166666666667,16
2276,-0.3447916666666667,0.09677414104501265,-0.48125,-0.35,-0.2,16
2277,-0.010416666666666666,0.12074350109035084,-0.24791666666666667,0.0,0.19791666666666666,16
2278,-0.0010416666666666664,0.10416145820311849,-0.19375,-0.008333333333333333,0.16458333333333333,16
2279,-0.7104166666666667,0.08288944276699067,-0.8541666666666667,-0.7083333333333333,-0.55,16
2280,-0.03229166666666666,0.08217291009072136,-0.16041666666666665,-0.03333333333333333,0.11458333333333333,16
2281,0.6708333333333334,0.06387379048648287,0.5729166666666666,0.6666666666666666,0.7708333333333334,16
2282,0.7010416666666666,0.07008644216251814,0.5395833333333333,0.7083333333333333,0.8145833333333333,16
2283,0.5854166666666667,0.06451609403000841,0.46458333333333335,0.5833333333333334,0.69375,16
2284,-0.6739583333333334,0.07749747979773276,-0.83125,-0.6583333333333333,-0.5729166666666666,16
2285,-0.07291666666666666,0.09644280832585589,-0.23125,-0.1,0.09375,16
2286,0.53125,0.08757437315409876,0.3458333333333333,0.5416666666666667,0.6479166666666667,16
2287,0.8604166666666666,0.046724294775012075,0.7895833333333333,0.8666666666666667,0.9479166666666666,16
2288,-0.02708333333333333,0.10118653703817408,-0.23541666666666666,-0.04166666666666667,0.10416666666666667,16
2289,0.5697916666666667,0.07246137620599451,0.4354166666666667,0.5666666666666667,0.6666666666666666,16
2290,0.453125,0.08543571941979408,0.26666666666666666,0.45833333333333337,0.5708333333333334,16
2291,-0.18124999999999997,0.08895125850087164,-0.35416666666666663,-0.16666666666666666,-0.07291666666666666,16
2292,0.27083333333333337,0.10180659769058847,0.04375,0.2833333333333333,0.4041666666666667,16
2293,0.7979166666666666,0.08119656362460449,0.6666666666666666,0.7833333333333333,0.9375,16
2294,0.7708333333333333,0.05286907308520635,0.6895833333333333,0.7666666666666667,0.8645833333333334,16
2295,0.08541666666666667,0.08875586835058663,-0.06666666666666667,0.10833333333333334,0.21041666666666667,16
2296,0.596875,0.12349352631480999,0.36875,0.6000000000000001,0.7770833333333333,16
2297,0.76875,0.0835154260534477,0.6270833333333333,0.7583333333333333,0.9229166666666666,16
2298,-0.615625,0.06626670386903716,-0.7333333333333333,-0.6083333333333334,-0.50625,16
2299,-0.390625,0.12706198591195123,-0.6375000000000001,-0.35,-0.23958333333333334,16
2300,-0.3114583333333333,0.0686473349608142,-0.4104166666666667,-0.30833333333333335,-0.19583333333333333,16
2301,0.24791666666666667,0.07380412326632646,0.13958333333333334,0.25,0.3979166666666667,16
2302,0.509375,0.0918499587945229,0.3729166666666667,0.5166666666666666,0.6666666666666666,16
2303,-0.2,0.0980716857994985,-0.37083333333333335,-0.20833333333333334,-0.014583333333333334,16
2304,-0.5645833333333333,0.10588171466310885,-0.7479166666666667,-0.5583333333333333,-0.40625,16
2305,0.5041666666666667,0.08467667263708989,0.3520833333333333,0.4916666666666667,0.6208333333333333,16
2306,0.8760416666666666,0.061228383373689986,0.7520833333333333,0.8833333333333333,0.9666666666666667,16
2307,-0.8229166666666667,0.058296119081805105,-0.9104166666666667,-0.8166666666666667,-0.71875,16
2308,-0.10729166666666667,0.12046909902312891,-0.3208333333333333,-0.1,0.06041666666666667,16
2309,-0.041666666666666664,0.08518770125108698,-0.16041666666666665,-0.05,0.08750000000000001,16
2310,0.37083333333333335,0.049124275510631664,0.2625,0.38333333333333336,0.42708333333333337,16
2311,-0.10104166666666667,0.10532172107668748,-0.29791666666666666,-0.08333333333333334,0.043750000000000004,16
2312,-0.8885416666666667,0.05228087538054001,-0.9604166666666667,-0.9,-0.7895833333333333,16
2313,0.03645833333333333,0.07777700272431291,-0.09791666666666667,0.04166666666666667,0.16875,16
2314,0.8604166666666667,0.04404661356638745,0.7625,0.8666666666666667,0.9270833333333334,16
2315,-0.07604166666666667,0.13423765590879813,-0.34375,-0.04166666666666667,0.11041666666666666,16
2316,-0.8229166666666666,0.06843361544023682,-0.93125,-0.8166666666666667,-0.6875,16
2317,0.59375,0.10322490951531245,0.4166666666666667,0.5916666666666667,0.7270833333333333,16
2318,-0.14687499999999998,0.10328270769268848,-0.29375,-0.11666666666666667,0.02291666666666667,16
2319,0.40625,0.1136324178607887,0.21666666666666667,0.4,0.6020833333333333,16
2320,0.5645833333333333,0.07380412326632646,0.4625,0.5583333333333333,0.69375,16
2321,-0.3104166666666667,0.10049789245993614,-0.475,-0.32499999999999996,-0.15208333333333332,16
2322,-0.5052083333333334,0.10552756847541467,-0.6875,-0.5,-0.32291666666666663,16
2323,-0.121875,0.14490403313726102,-0.38125,-0.10833333333333334,0.10416666666666667,16
2324,0.13958333333333334,0.11424191559045996,-0.08958333333333333,0.175,0.32499999999999996,16
2325,0.6020833333333333,0.08536583853561616,0.47291666666666665,0.6166666666666667,0.7354166666666667,16
2326,0.21875,0.07880950133074058,0.04583333333333334,0.225,0.34375,16
2327,-0.5729166666666667,0.08856004711180118,-0.7458333333333333,-0.5833333333333334,-0.41875,16
2328,-0.20208333333333334,0.09590124405403253,-0.34375,-0.2,-0.0625,16
2329,-0.46249999999999997,0.1125,-0.6145833333333334,-0.48333333333333334,-0.21666666666666667,16
2330,0.3208333333333333,0.10952866190079098,0.17291666666666666,0.29166666666666663,0.5166666666666667,16
2331,0.5895833333333333,0.10015179451434929,0.3729166666666667,0.6166666666666667,0.7145833333333333,16
2332,-0.6072916666666666,0.08599272215652257,-0.74375,-0.6083333333333334,-0.4375,16
2333,0.40208333333333335,0.07473912964438374,0.2833333333333333,0.4166666666666667,0.5145833333333333,16
2334,-0.5760416666666667,0.10273495260188283,-0.7520833333333333,-0.5666666666666667,-0.38958333333333334,16
2335,-0.4520833333333333,0.09258535851370406,-0.6395833333333334,-0.4666666666666667,-0.3125,16
2336,0.05416666666666667,0.08650224788344456,-0.06666666666666667,0.04166666666666667,0.22083333333333333,16
2337,-0.012499999999999997,0.08260094833999587,-0.18541666666666667,0.0,0.09166666666666667,16
2338,-0.190625,0.12118751969800998,-0.4041666666666667,-0.20833333333333334,0.010416666666666666,16
2339,-0.36041666666666666,0.09314620377545066,-0.5354166666666667,-0.3333333333333333,-0.20625000000000002,16
2340,0.6145833333333333,0.10204080746882047,0.4625,0.5916666666666667,0.8020833333333334,16
2341,0.4416666666666667,0.08014743359029727,0.35,0.43333333333333335,0.6145833333333334,16
2342,-0.5,0.09483172230617536,-0.64375,-0.5083333333333333,-0.3458333333333333,16
2343,0.3197916666666667,0.10544527773789694,0.16875,0.30833333333333335,0.5041666666666667,16
2344,0.3104166666666667,0.07634784250753623,0.17291666666666666,0.30833333333333335,0.43333333333333335,16
2345,0.78125,0.07116954521891136,0.6833333333333333,0.8083333333333333,0.89375,16
2346,0.4833333333333334,0.09464847243000457,0.35,0.5083333333333333,0.6708333333333334,16
2347,-0.115625,0.1006004110743755,-0.32291666666666663,-0.08333333333333333,0.010416666666666666,16
2348,0.7822916666666666,0.07441175562369164,0.6458333333333333,0.8083333333333333,0.8770833333333333,16
2349,-0.6156249999999999,0.06883675082315323,-0.74375,-0.6083333333333334,-0.50625,16
2350,0.3885416666666667,0.07493486755176125,0.26875,0.3916666666666667,0.53125,16
2351,0.8239583333333333,0.05862094276413129,0.7333333333333333,0.825,0.9208333333333334,16
2352,0.42708333333333337,0.08495811876709869,0.3,0.42500000000000004,0.5604166666666667,16
2353,-0.4010416666666667,0.08568935132532839,-0.5729166666666667,-0.4166666666666667,-0.2895833333333333,16
2354,0.528125,0.08348293862620472,0.40625,0.5166666666666667,0.6541666666666667,16
2355,-0.029166666666666667,0.107124667768187,-0.22916666666666666,-0.025,0.1625,16
2356,-0.3572916666666667,0.09482600110787713,-0.5375000000000001,-0.375,-0.21666666666666667,16
2357,0.17291666666666666,0.12146029872623675,-0.020833333333333332,0.19166666666666665,0.35208333333333336,16
2358,-0.34791666666666665,0.08856004711180118,-0.4666666666666667,-0.3416666666666667,-0.18333333333333332,16
2359,0.33125000000000004,0.11147293518059789,0.08958333333333333,0.35,0.48125,16
2360,0.28541666666666665,0.0873759040646282,0.15833333333333333,0.275,0.44166666666666665,16
2361,0.303125,0.09541916845337384,0.13958333333333334,0.3,0.4479166666666667,16
2362,-0.6635416666666666,0.07051860225422003,-0.7979166666666667,-0.65,-0.5625,16
2363,0.2760416666666667,0.13306858481207684,0.037500000000000006,0.3,0.5145833333333333,16
2364,-0.590625,0.10290380317720686,-0.7333333333333333,-0.6083333333333334,-0.4083333333333333,16
2365,0.6041666666666666,0.08175590362645244,0.47291666666666665,0.625,0.7416666666666667,16
2366,-0.11770833333333333,0.11762533947288362,-0.25416666666666665,-0.15,0.13541666666666666,16
2367,-0.4895833333333333,0.11378509837017811,-0.6770833333333333,-0.5,-0.28125,16
2368,-0.271875,0.08892075709116892,-0.41458333333333336,-0.29166666666666663,-0.08958333333333332,16
2369,-0.5125,0.05877806658194119,-0.6104166666666667,-0.5166666666666667,-0.4083333333333333,16
2370,0.005208333333333336,0.10167328359614546,-0.17916666666666667,0.03333333333333333,0.1375,16
2371,0.2583333333333333,0.1165177621175797,0.06666666666666667,0.24166666666666667,0.46458333333333335,16
2372,-0.028125000000000004,0.09659457620786882,-0.2125,-0.016666666666666666,0.1375,16
2373,0.2947916666666667,0.08431067506879278,0.17291666666666666,0.29166666666666663,0.44166666666666665,16
2374,-0.26875,0.07680128579652817,-0.35,-0.2833333333333333,-0.09791666666666667,16
2375,-0.5614583333333334,0.0671127652826859,-0.65,-0.5666666666666667,-0.44583333333333336,16
2376,0.37395833333333334,0.07382617299741634,0.24583333333333335,0.375,0.5020833333333333,16
2377,0.4739583333333333,0.08659627550048303,0.31875,0.48333333333333334,0.63125,16
2378,-0.734375,0.062212882173496305,-0.8104166666666667,-0.7583333333333333,-0.6229166666666667,16
2379,0.9729166666666667,0.021949278651776535,0.9333333333333333,0.975,1.0,16
2380,0.6614583333333334,0.07447006063214635,0.5083333333333333,0.675,0.7604166666666667,16
2381,-0.16875,0.12988710375638615,-0.4166666666666667,-0.18333333333333335,0.05,16
2382,0.7166666666666668,0.0788370330351021,0.55,0.7166666666666667,0.84375,16
2383,0.8802083333333333,0.05277663558705584,0.7520833333333333,0.8833333333333333,0.9333333333333333,16
2384,0.20729166666666668,0.12513447627563629,0.05208333333333333,0.175,0.475,16
2385,-0.6833333333333333,0.052704627669472995,-0.7770833333333333,-0.6666666666666666,-0.5916666666666667,16
2386,-0.4145833333333333,0.08875586835058664,-0.5791666666666667,-0.4166666666666667,-0.29583333333333334,16
2387,0.5989583333333333,0.0670480626739754,0.4791666666666667,0.6083333333333334,0.69375,16
2388,0.27083333333333337,0.11094605796411956,0.06458333333333333,0.29166666666666663,0.44166666666666665,16
2389,0.47291666666666665,0.08162307510066556,0.35,0.5083333333333333,0.5770833333333334,16
2390,-0.3729166666666667,0.08875586835058666,-0.5104166666666667,-0.375,-0.20208333333333334,16
2391,0.565625,0.06304450313072504,0.4395833333333333,0.575,0.65,16
2392,0.6010416666666667,0.07252124928062273,0.48333333333333334,0.6,0.7354166666666667,16
2393,0.12916666666666665,0.08090203266228166,-0.008333333333333331,0.125,0.26875,16
2394,0.14270833333333333,0.09482600110787712,-0.025,0.15,0.29791666666666666,16
2395,-0.8791666666666667,0.054166666666666655,-0.95,-0.8916666666666666,-0.7729166666666667,16
2396,-0.3510416666666667,0.11218609756164581,-0.5270833333333333,-0.32499999999999996,-0.19166666666666665,16
2397,0.7010416666666667,0.07299846602269575,0.5479166666666667,0.7083333333333333,0.8041666666666667,16
2398,0.048958333333333326,0.11584063975757576,-0.11666666666666667,0.06666666666666667,0.25416666666666665,16
2399,-0.60625,0.11590150871417602,-0.8145833333333333,-0.6166666666666667,-0.40208333333333335,16
2400,-0.4125,0.08047169964928319,-0.55625,-0.42500000000000004,-0.25416666666666665,16
2401,0.05416666666666666,0.10231690964840562,-0.12708333333333333,0.08333333333333333,0.23333333333333334,16
2402,-0.4,0.08579691784155835,-0.5645833333333333,-0.375,-0.3,16
2403,0.409375,0.0861943761861011,0.2583333333333333,0.4,0.5791666666666667,16
2404,-0.4135416666666667,0.0586949357790867,-0.5041666666666667,-0.4166666666666667,-0.29791666666666666,16
2405,-0.2885416666666667,0.06366108996082301,-0.3770833333333333,-0.29166666666666663,-0.16666666666666666,16
2406,0.38645833333333335,0.0640688513111741,0.24583333333333335,0.4083333333333333,0.4666666666666667,16
2407,0.4614583333333333,0.07676595699121962,0.28125,0.4666666666666667,0.5770833333333334,16
2408,-0.7697916666666667,0.0672419837229688,-0.8604166666666667,-0.7833333333333334,-0.65,16
2409,0.8041666666666667,0.07034142923389221,0.6625,0.825,0.9041666666666667,16
2410,0.11041666666666666,0.10032499273195421,-0.07083333333333333,0.10833333333333334,0.275,16
2411,0.6072916666666667,0.08818555838873693,0.4791666666666667,0.6166666666666667,0.74375,16
2412,-0.5697916666666667,0.0777770027243129,-0.6604166666666667,-0.5916666666666667,-0.4354166666666667,16
2413,0.25416666666666665,0.11996816707406642,0.05208333333333333,0.24166666666666667,0.4625,16
2414,-0.5875,0.09213893494789992,-0.7354166666666667,-0.575,-0.44166666666666665,16
2415,0.33958333333333335,0.08677777333191054,0.20208333333333334,0.3333333333333333,0.49375,16
2416,-0.19583333333333333,0.10060580389708028,-0.34375,-0.20833333333333334,-0.014583333333333334,16
2417,-0.6489583333333333,0.08848037093992467,-0.7958333333333334,-0.6583333333333333,-0.4895833333333333,16
2418,-0.234375,0.09510023038586418,-0.3875,-0.225,-0.07291666666666666,16
2419,0.7802083333333333,0.07317661995701452,0.7,0.75,0.9104166666666667,16
2420,0.17083333333333334,0.07671646933134153,0.02291666666666667,0.175,0.29166666666666663,16
2421,-0.4979166666666667,0.0996303933434862,-0.63125,-0.5083333333333333,-0.3125,16
2422,-0.5385416666666667,0.07921462363239644,-0.64375,-0.55,-0.40625,16
2423,0.35000000000000003,0.1165177621175797,0.13958333333333334,0.375,0.5166666666666667,16
2424,-0.21666666666666667,0.08436856971381912,-0.35208333333333336,-0.25,-0.05208333333333333,16
2425,0.6291666666666667,0.08068715304598784,0.5166666666666667,0.6416666666666666,0.7645833333333333,16
2426,0.721875,0.05942979927331631,0.6229166666666667,0.7333333333333334,0.8208333333333334,16
2427,0.02395833333333333,0.12471756286149561,-0.22916666666666666,0.058333333333333334,0.16666666666666666,16
2428,0.5802083333333333,0.08019480405376785,0.47291666666666665,0.5833333333333333,0.7208333333333333,16
2429,-0.051041666666666666,0.11658758480453892,-0.2833333333333333,-0.03333333333333333,0.13125,16
2430,0.0875,0.08405933750763339,-0.0375,0.06666666666666667,0.23333333333333334,16
2431,0.871875,0.04278448495398509,0.80625,0.8666666666666667,0.94375,16
2432,0.20833333333333331,0.10929064207170001,0.035416666666666666,0.19166666666666665,0.3770833333333333,16
2433,0.34270833333333334,0.09982080298381363,0.18958333333333333,0.35,0.5041666666666667,16
2434,0.09895833333333333,0.0888719330616315,-0.07708333333333334,0.1,0.2375,16
2435,0.7322916666666667,0.03606935352745998,0.6833333333333333,0.725,0.7979166666666667,16
2436,-0.6364583333333333,0.08482390869390015,-0.7833333333333333,-0.6,-0.5395833333333333,16
2437,0.384375,0.0997338036837171,0.19791666666666666,0.4,0.5437500000000001,16
2438,0.31875,0.08677777333191054,0.16249999999999998,0.32499999999999996,0.44375000000000003,16
2439,0.5739583333333333,0.0891644762192009,0.4166666666666667,0.575,0.725,16
2440,0.040625,0.10784646204210874,-0.19375,0.058333333333333334,0.1875,16
2441,0.7072916666666667,0.07287945479046586,0.5833333333333334,0.725,0.8208333333333334,16
2442,0.31875,0.07814583055629605,0.17083333333333334,0.30833333333333335,0.46458333333333335,16
2443,0.43854166666666666,0.12072103258477097,0.2520833333333333,0.42500000000000004,0.6499999999999999,16
2444,0.47500000000000003,0.10720566941890507,0.28541666666666665,0.48333333333333334,0.6458333333333334,16
2445,0.26666666666666666,0.10290907529357057,0.1125,0.29166666666666663,0.4395833333333333,16
2446,-0.534375,0.08003227430577962,-0.6479166666666667,-0.55,-0.38958333333333334,16
2447,0.46770833333333334,0.08196136242495945,0.2791666666666667,0.48333333333333334,0.5770833333333334,16
2448,-0.23854166666666665,0.0778885310163755,-0.3729166666666667,-0.24166666666666667,-0.08958333333333333,16
2449,-0.6031250000000001,0.09969027556219646,-0.7833333333333333,-0.5916666666666667,-0.45,16
2450,-0.12083333333333333,0.12589954108115106,-0.30416666666666664,-0.13333333333333333,0.09375,16
2451,0.5270833333333333,0.09145335028186653,0.3645833333333333,0.525,0.6770833333333334,16
2452,0.4625,0.08589803386703461,0.35,0.45,0.6270833333333333,16
2453,0.3145833333333333,0.1048932989597842,0.2,0.31666666666666665,0.5270833333333333,16
2454,0.015625000000000003,0.06730649991312544,-0.09375,0.0,0.11041666666666666,16
2455,0.8291666666666666,0.04583333333333332,0.7666666666666667,0.825,0.9104166666666667,16
2456,-0.07083333333333333,0.10197698542100347,-0.22708333333333333,-0.075,0.12708333333333333,16
2457,0.53125,0.08288944276699066,0.43333333333333335,0.525,0.6666666666666666,16
2458,-0.8041666666666667,0.052539667553827045,-0.89375,-0.8,-0.7291666666666666,16
2459,-0.13229166666666664,0.13261116275076965,-0.3416666666666667,-0.14166666666666666,0.1,16
2460,0.5041666666666667,0.12282835810819728,0.24375,0.525,0.6604166666666667,16
2461,0.7,0.06897060565519521,0.5895833333333333,0.7083333333333333,0.83125,16
2462,-0.284375,0.09510023038586418,-0.4104166666666667,-0.3,-0.08333333333333334,16
2463,-0.6333333333333333,0.09537935951882996,-0.8125,-0.6416666666666666,-0.45625000000000004,16
2464,0.7104166666666667,0.0582961190818051,0.6124999999999999,0.7,0.8104166666666667,16
2465,-0.5791666666666666,0.06360140634364062,-0.6770833333333334,-0.575,-0.44166666666666665,16
2466,0.5197916666666667,0.07665279539368845,0.36041666666666666,0.5166666666666667,0.6416666666666666,16
2467,0.49895833333333334,0.07915981329984723,0.3125,0.5166666666666667,0.5770833333333334,16
2468,0.07395833333333333,0.06896273903348096,-0.0375,0.08333333333333334,0.16666666666666666,16
2469,-0.7083333333333333,0.061520096084305836,-0.8145833333333333,-0.7166666666666667,-0.60625,16
2470,0.7166666666666667,0.041247895569215286,0.6666666666666666,0.7083333333333333,0.7937500000000001,16
2471,0.7302083333333333,0.080410999368522,0.60625,0.7416666666666667,0.84375,16
2472,0.5458333333333334,0.06705615391429617,0.45625,0.5333333333333334,0.6604166666666667,16
2473,0.0010416666666666664,0.07579869859260997,-0.16666666666666666,0.016666666666666666,0.08750000000000001,16
2474,-0.03229166666666667,0.07347258322742649,-0.16875,-0.025,0.08750000000000001,16
2475,0.375,0.12190615698606495,0.15000000000000002,0.3916666666666667,0.56875,16
2476,0.46875,0.07702700644723397,0.35,0.4916666666666667,0.5770833333333334,16
2477,-0.35520833333333335,0.09385988930019279,-0.47708333333333336,-0.3666666666666667,-0.16666666666666666,16
2478,0.6749999999999999,0.06263873490988713,0.6,0.6666666666666666,0.7937500000000001,16
2479,0.6875,0.05448623679425841,0.5833333333333334,0.6916666666666667,0.7666666666666667,16
2480,-0.21666666666666667,0.10671873729054748,-0.39375000000000004,-0.20833333333333334,-0.02291666666666667,16
2481,0.3291666666666666,0.08196798155377502,0.20208333333333334,0.31666666666666665,0.4854166666666667,16
2482,0.44375,0.0975169144872371,0.2895833333333333,0.45833333333333337,0.5875,16
2483,-0.037500000000000006,0.13533651474093095,-0.27291666666666664,-0.025,0.15,16
2484,0.6802083333333333,0.05780076832918785,0.5854166666666667,0.6833333333333333,0.7666666666666667,16
2485,0.3104166666666667,0.1125578554936675,0.11458333333333333,0.30833333333333335,0.4708333333333333,16
2486,-0.034375,0.12111586939556866,-0.20416666666666666,-0.075,0.21458333333333332,16
2487,0.421875,0.06580662696702953,0.30624999999999997,0.43333333333333335,0.53125,16
2488,0.3260416666666667,0.11455965664471746,0.10208333333333333,0.36666666666666664,0.47708333333333336,16
2489,0.5531250000000001,0.07411954261341756,0.45,0.5333333333333334,0.6833333333333333,16
2490,0.6135416666666667,0.07505061949185436,0.4895833333333333,0.6416666666666666,0.7166666666666667,16
2491,0.734375,0.07179947723037791,0.6020833333333333,0.75,0.85,16
2492,-0.2791666666666667,0.09418878796214429,-0.4041666666666667,-0.2833333333333333,-0.11666666666666667,16
2493,-0.6625,0.06137883276106764,-0.75,-0.6666666666666666,-0.5458333333333333,16
2494,-0.140625,0.08374248515206868,-0.3125,-0.125,-0.0125,16
2495,0.025,0.09185586535436918,-0.09375,0.008333333333333333,0.19166666666666668,16
2496,-0.7354166666666667,0.09126331714087296,-0.8875000000000001,-0.7333333333333334,-0.5854166666666667,16
2497,-0.790625,0.07883015101046893,-0.89375,-0.8083333333333333,-0.625,16
2498,0.6572916666666666,0.07287945479046583,0.5083333333333333,0.675,0.7854166666666667,16
2499,-0.36979166666666663,0.056586570231421135,-0.44375000000000003,-0.36666666666666664,-0.25625,16
2500,-0.12916666666666665,0.14099103596407192,-0.31666666666666665,-0.15,0.15625,16
2501,0.15312499999999998,0.12966553528855176,-0.08333333333333333,0.175,0.3729166666666667,16
2502,0.0020833333333333363,0.10254995395199139,-0.1875,0.03333333333333333,0.11666666666666667,16
2503,-0.11875000000000001,0.07702700644723395,-0.28125,-0.10833333333333334,-0.0020833333333333363,16
2504,0.43333333333333335,0.10358169078880045,0.2520833333333333,0.44166666666666665,0.59375,16
2505,0.41145833333333337,0.0647427468052514,0.3395833333333333,0.4,0.5583333333333333,16
2506,-0.29166666666666663,0.12402396721781014,-0.5,-0.32499999999999996,-0.08333333333333333,16
2507,-0.2427083333333333,0.09591821422151502,-0.3770833333333333,-0.26666666666666666,-0.04375,16
2508,-0.3354166666666667,0.08677777333191054,-0.4708333333333333,-0.3333333333333333,-0.20625000000000002,16
2509,-0.359375,0.08599272215652258,-0.49375,-0.35833333333333334,-0.22916666666666669,16
2510,0.5427083333333333,0.08558798875686029,0.4291666666666667,0.5166666666666667,0.7020833333333333,16
2511,0.8791666666666667,0.041874481754670366,0.7916666666666667,0.8833333333333333,0.9333333333333333,16
2512,0.42708333333333337,0.11209417543595504,0.23958333333333334,0.43333333333333335,0.6020833333333333,16
2513,-0.19166666666666665,0.11149240133549711,-0.3875,-0.2,-0.02291666666666667,16
2514,-0.2875,0.11807189429420628,-0.47708333333333336,-0.2833333333333333,-0.041666666666666664,16
2515,0.83125,0.0689391337823929,0.6958333333333333,0.85,0.9166666666666666,16
2516,0.6833333333333333,0.07453559924999299,0.5458333333333333,0.675,0.7937500000000001,16
2517,0.225,0.06373774391990981,0.12916666666666665,0.21666666666666667,0.35625,16
2518,0.60625,0.07990337046152127,0.47291666666666665,0.6083333333333334,0.74375,16
2519,0.778125,0.060872918057029116,0.7,0.775,0.8666666666666667,16
2520,0.6104166666666666,0.09183223683555913,0.4625,0.6166666666666667,0.78125,16
2521,-0.042708333333333334,0.10589708545721802,-0.21041666666666667,-0.04166666666666667,0.12708333333333333,16
2522,0.46770833333333334,0.07805552466389265,0.3125,0.475,0.5875,16
2523,-0.0031249999999999976,0.10852847008709025,-0.19791666666666666,0.016666666666666666,0.14791666666666667,16
2524,-0.8333333333333333,0.04289845892077916,-0.89375,-0.8333333333333334,-0.75,16
2525,0.2635416666666667,0.0909477013178453,0.1125,0.2583333333333333,0.39375000000000004,16
2526,0.09166666666666667,0.09372684899334993,-0.09791666666666667,0.10833333333333334,0.21666666666666667,16
2527,0.7541666666666667,0.06653633092779716,0.6666666666666666,0.7583333333333333,0.8666666666666667,16
2528,-0.06145833333333334,0.11098028322134022,-0.24791666666666667,-0.05,0.11041666666666666,16
2529,-0.11979166666666667,0.11276492725774465,-0.3125,-0.13333333333333333,0.11458333333333333,16
2530,0.375,0.10358169078880045,0.14375,0.38333333333333336,0.5395833333333333,16
2531,0.25,0.09895285072531598,0.08958333333333333,0.275,0.4270833333333333,16
2532,-0.05520833333333333,0.09872780165406522,-0.23333333333333334,-0.05,0.09791666666666667,16
2533,-0.43229166666666663,0.08887193306163152,-0.5583333333333333,-0.45833333333333337,-0.24375,16
2534,-0.6145833333333333,0.07747647492411272,-0.74375,-0.625,-0.5125,16
2535,0.024999999999999998,0.13096861371251425,-0.20416666666666666,0.025,0.1875,16
2536,-0.0125,0.08609990966571594,-0.1375,-0.05,0.16041666666666665,16
2537,-0.5010416666666666,0.10332472242347855,-0.6375000000000001,-0.525,-0.28125,16
2538,0.5520833333333334,0.10767024632852125,0.38958333333333334,0.55,0.7520833333333333,16
2539,-0.36770833333333336,0.11078456790596383,-0.5666666666666667,-0.375,-0.16666666666666666,16
2540,0.028125,0.08714586072594996,-0.08750000000000001,-0.008333333333333333,0.19791666666666666,16
2541,-0.15520833333333334,0.12537703554346252,-0.35,-0.13333333333333333,0.05416666666666667,16
2542,0.7197916666666666,0.04647981566108982,0.6458333333333333,0.7166666666666667,0.8145833333333333,16
2543,0.18541666666666667,0.07702700644723395,0.008333333333333335,0.2,0.29375,16
2544,-0.4791666666666667,0.1125,-0.69375,-0.475,-0.35,16
2545,-0.3583333333333333,0.09700372272352346,-0.575,-0.3333333333333333,-0.25625,16
2546,0.13541666666666669,0.06397563555326703,0.04583333333333334,0.125,0.2708333333333333,16
2547,0.5145833333333333,0.06120179508986826,0.3875,0.5333333333333333,0.59375,16
2548,-0.184375,0.12996644198279286,-0.38333333333333336,-0.175,0.06458333333333333,16
2549,0.13020833333333331,0.08704619423361112,0.016666666666666666,0.125,0.28541666666666665,16
2550,0.303125,0.0941369329900745,0.13541666666666666,0.30833333333333335,0.46458333333333335,16
2551,0.37083333333333335,0.10197698542100347,0.20625000000000002,0.38333333333333336,0.55,16
2552,-0.11979166666666666,0.1347861925730278,-0.35833333333333334,-0.1,0.08750000000000001,16
2553,-0.4760416666666667,0.10687621831664268,-0.64375,-0.45833333333333337,-0.3333333333333333,16
2554,0.7947916666666667,0.07631230378080152,0.6354166666666666,0.8083333333333333,0.9083333333333333,16
2555,0.475,0.09895285072531598,0.32916666666666666,0.4666666666666667,0.64375,16
2556,0.6125,0.09816015824491456,0.4479166666666667,0.575,0.7666666666666667,16
2557,0.4197916666666667,0.10311447757764723,0.22083333333333333,0.45,0.6000000000000001,16
2558,0.34687500000000004,0.08233121412589788,0.21875,0.3416666666666667,0.5104166666666667,16
2559,0.6625000000000001,0.07465197027987049,0.5416666666666667,0.65,0.8,16
2560,0.31979166666666664,0.09075660941649252,0.19583333333333333,0.31666666666666665,0.4875,16
2561,-0.2864583333333333,0.06487668591258341,-0.36041666666666666,-0.29166666666666663,-0.14375,16
2562,-0.3833333333333333,0.11547005383792516,-0.6145833333333334,-0.35,-0.21458333333333332,16
2563,-0.48854166666666665,0.10470175068843035,-0.6270833333333333,-0.5083333333333333,-0.3,16
2564,-0.4666666666666667,0.08539125638299666,-0.5645833333333333,-0.5083333333333333,-0.2791666666666667,16
2565,0.4322916666666667,0.08609360821222445,0.30624999999999997,0.4166666666666667,0.6104166666666667,16
2566,0.58125,0.09145335028186652,0.4666666666666667,0.5666666666666667,0.73125,16
2567,0.125,0.12909944487358055,-0.016666666666666666,0.1,0.36875,16
2568,-0.5625,0.05636562191028617,-0.6666666666666666,-0.5583333333333333,-0.4895833333333333,16
2569,0.8072916666666666,0.06400107149710679,0.675,0.8,0.8833333333333333,16
2570,-0.20416666666666666,0.10873323625583241,-0.36875,-0.21666666666666667,-0.00625,16
2571,-0.21666666666666667,0.11931517552730295,-0.42708333333333337,-0.20833333333333334,-0.05625,16
2572,0.603125,0.08254181389857305,0.4791666666666667,0.5916666666666667,0.7479166666666667,16
2573,0.5302083333333334,0.060155686324920445,0.41875,0.5333333333333333,0.6270833333333333,16
2574,-0.7291666666666667,0.057584479004521905,-0.84375,-0.7166666666666667,-0.6458333333333333,16
2575,0.7760416666666667,0.05681620893039436,0.66875,0.7916666666666667,0.8604166666666667,16
2576,0.05520833333333333,0.10012470522914023,-0.06458333333333333,0.025,0.26666666666666666,16
2577,-0.33333333333333337,0.08994597143717878,-0.5104166666666667,-0.3416666666666667,-0.20625000000000002,16
2578,-0.5062500000000001,0.11037735149124671,-0.7020833333333333,-0.48333333333333334,-0.32499999999999996,16
2579,-0.011458333333333334,0.08431067506879278,-0.15416666666666667,0.0,0.125,16
2580,0.528125,0.08410450468514355,0.34791666666666665,0.5416666666666667,0.6625,16
2581,0.8479166666666667,0.04482798914864585,0.7854166666666667,0.8333333333333334,0.9479166666666666,16
2582,-0.565625,0.0834309324298315,-0.6916666666666667,-0.5833333333333333,-0.4291666666666667,16
2583,0.859375,0.04964063565601606,0.7958333333333333,0.8416666666666667,0.9541666666666667,16
2584,0.5760416666666668,0.05463539184143064,0.5,0.5666666666666667,0.6770833333333334,16
2585,0.4166666666666667,0.08858454843945542,0.25,0.4166666666666667,0.5333333333333333,16
2586,0.6072916666666666,0.07905007862460071,0.4791666666666667,0.6,0.7166666666666667,16
2587,0.3927083333333333,0.0768224752812179,0.27291666666666664,0.4083333333333333,0.5,16
2588,0.44166666666666665,0.10491398593345144,0.20625,0.43333333333333335,0.5604166666666667,16
2589,-0.6447916666666667,0.08327471896947143,-0.7604166666666667,-0.65,-0.5020833333333333,16
2590,0.43645833333333334,0.09321025180561776,0.27291666666666664,0.45833333333333337,0.5541666666666667,16
2591,-0.371875,0.11883677385155005,-0.5520833333333334,-0.38333333333333336,-0.12083333333333332,16
2592,0.5739583333333333,0.07522391343700338,0.4125,0.5833333333333334,0.6666666666666666,16
2593,0.825,0.05863019699779287,0.7395833333333333,0.8166666666666667,0.93125,16
2594,0.278125,0.11003767505066415,0.10625000000000001,0.31666666666666665,0.42708333333333337,16
2595,0.3239583333333333,0.10589708545721802,0.15208333333333332,0.30833333333333335,0.4875,16
2596,0.8770833333333334,0.04672429477501206,0.8229166666666666,0.8666666666666667,0.9708333333333333,16
2597,0.10624999999999998,0.1503323863606538,-0.22291666666666665,0.13333333333333333,0.29166666666666663,16
2598,-0.546875,0.07458653391642935,-0.6604166666666667,-0.5416666666666667,-0.43333333333333335,16
2599,0.7114583333333333,0.07305789893791241,0.5854166666666667,0.7166666666666667,0.8479166666666667,16
2600,-0.225,0.1256925260749863,-0.4166666666666667,-0.21666666666666667,-0.014583333333333334,16
2601,0.3645833333333333,0.08816709987291178,0.24583333333333335,0.35,0.5437500000000001,16
2602,-0.6989583333333333,0.11062774635636798,-0.8791666666666667,-0.7083333333333333,-0.5229166666666667,16
2603,0.778125,0.08492618322532941,0.6666666666666666,0.7833333333333333,0.93125,16
2604,0.578125,0.0965945762078688,0.4395833333333333,0.575,0.7208333333333333,16
2605,-0.7229166666666667,0.09698134843589486,-0.8541666666666667,-0.7416666666666667,-0.5375,16
2606,-0.25625,0.11347953192830268,-0.4166666666666667,-0.26666666666666666,-0.029166666666666667,16
2607,-0.7604166666666666,0.061484810680723784,-0.85,-0.7666666666666667,-0.6729166666666666,16
2608,0.3385416666666667,0.09199161155900153,0.15000000000000002,0.3416666666666667,0.46458333333333335,16
2609,-0.8302083333333333,0.04902477760729206,-0.9208333333333334,-0.8333333333333334,-0.7520833333333333,16
2610,-0.11666666666666667,0.10817295821455974,-0.31875,-0.125,0.06875,16
2611,0.5229166666666667,0.07589169000036243,0.4,0.5166666666666666,0.6375000000000001,16
2612,-0.11354166666666665,0.11803053247877102,-0.33125,-0.1,0.09375,16
2613,0.6541666666666667,0.07418539089485357,0.48333333333333334,0.6583333333333333,0.75,16
2614,0.8520833333333333,0.05918280296392414,0.725,0.8666666666666667,0.9270833333333334,16
2615,0.13125,0.0951743648375035,-0.010416666666666666,0.13333333333333333,0.29791666666666666,16
2616,-0.5416666666666667,0.12076147288491199,-0.775,-0.5416666666666667,-0.3125,16
2617,-0.25,0.10206207261596575,-0.4354166666666667,-0.25,-0.10625000000000001,16
2618,0.5520833333333334,0.06260408000548633,0.41875,0.5666666666666667,0.64375,16
2619,-0.5802083333333334,0.08563868503777951,-0.725,-0.5833333333333334,-0.4395833333333333,16
2620,-0.2625,0.1278155137514831,-0.4916666666666667,-0.2583333333333333,-0.03958333333333333,16
2621,0.8760416666666666,0.04081153755033277,0.7854166666666667,0.875,0.9333333333333333,16
2622,0.8229166666666667,0.048546584157212684,0.7229166666666667,0.825,0.8833333333333333,16
2623,0.19791666666666669,0.11454544828242727,-0.002083333333333333,0.175,0.35,16
2624,0.06666666666666667,0.120761472884912,-0.11041666666666666,0.05,0.24375,16
2625,0.21770833333333334,0.10744325860399268,0.025,0.24166666666666667,0.37083333333333335,16
2626,0.2427083333333333,0.074992765854818,0.10208333333333333,0.25,0.34375,16
2627,-0.15104166666666666,0.10298812465252702,-0.3145833333333333,-0.13333333333333333,-0.0020833333333333363,16
2628,-0.41875,0.1317450979480198,-0.6541666666666667,-0.44166666666666665,-0.16458333333333333,16
2629,0.005208333333333336,0.08594223471805543,-0.11041666666666666,0.0,0.19166666666666668,16
2630,0.26875000000000004,0.09535660409454841,0.07083333333333333,0.275,0.4104166666666667,16
2631,0.46875,0.07189764136140582,0.35624999999999996,0.43333333333333335,0.59375,16
2632,0.23854166666666665,0.09551009799725077,0.1125,0.20833333333333334,0.42500000000000004,16
2633,0.8145833333333333,0.05199993322645286,0.7333333333333333,0.8333333333333334,0.8833333333333333,16
2634,0.5260416666666667,0.07682247528121788,0.3770833333333333,0.5333333333333334,0.6208333333333333,16
2635,0.8135416666666666,0.05869493577908669,0.675,0.8333333333333334,0.8770833333333333,16
2636,0.2572916666666667,0.10768536183148468,0.06458333333333333,0.2583333333333333,0.41458333333333336,16
2637,-0.7729166666666667,0.05299207225823711,-0.8604166666666667,-0.7666666666666666,-0.6958333333333333,16
2638,0.40208333333333335,0.10135796712641786,0.225,0.3916666666666667,0.5791666666666667,16
2639,0.5062500000000001,0.0923976535897362,0.3520833333333333,0.5333333333333333,0.65,16
2640,-0.040625,0.12555000525465718,-0.22083333333333333,-0.03333333333333334,0.16041666666666665,16
2641,-0.25937499999999997,0.07522391343700338,-0.3979166666666667,-0.25,-0.13541666666666666,16
2642,0.2,0.0905231707600018,0.016666666666666666,0.20833333333333334,0.3208333333333333,16
2643,0.059375000000000004,0.1499963830582443,-0.24375,0.05,0.3,16
2644,-0.5687500000000001,0.0951743648375035,-0.7541666666666667,-0.575,-0.4395833333333333,16
2645,0.03958333333333333,0.10702332949201102,-0.1,0.03333333333333333,0.23125,16
2646,0.3729166666666667,0.071655764674666,0.2833333333333333,0.3666666666666667,0.4875,16
2647,0.47395833333333337,0.08838220935547808,0.32499999999999996,0.48333333333333334,0.6208333333333333,16
2648,0.7197916666666666,0.06379729999076068,0.6333333333333333,0.725,0.85,16
2649,-0.13125,0.08351542605344768,-0.25,-0.14166666666666666,0.03333333333333333,16
2650,0.490625,0.09427514953286707,0.3625,0.45833333333333337,0.6708333333333334,16
2651,-0.43125,0.09295963132217962,-0.59375,-0.3916666666666667,-0.31875,16
2652,-0.2989583333333333,0.07131423761151141,-0.38333333333333336,-0.30833333333333335,-0.14791666666666667,16
2653,0.14895833333333333,0.11599041357658256,-0.05833333333333332,0.13333333333333333,0.38333333333333336,16
2654,-0.11458333333333333,0.07725206757391316,-0.21666666666666667,-0.10833333333333334,-0.0020833333333333363,16
2655,-0.24479166666666669,0.1079671294499704,-0.42708333333333337,-0.24166666666666667,-0.0625,16
2656,0.2791666666666667,0.06934715407122181,0.16875,0.26666666666666666,0.39375000000000004,16
2657,0.16041666666666665,0.10799225152245362,-0.03125,0.175,0.29791666666666666,16
2658,0.334375,0.09022901995293237,0.1125,0.3583333333333333,0.42708333333333337,16
2659,0.34062499999999996,0.09147114564774572,0.16458333333333333,0.3333333333333333,0.49583333333333335,16
2660,0.6208333333333333,0.07252872993970504,0.5229166666666667,0.6083333333333334,0.7541666666666667,16
2661,0.5729166666666667,0.10169996039549102,0.3875,0.5833333333333334,0.7270833333333333,16
2662,-0.06770833333333334,0.11850761080810145,-0.22083333333333333,-0.09166666666666667,0.1375,16
2663,0.7104166666666667,0.07770023416238131,0.60625,0.6916666666666667,0.8583333333333333,16
2664,-0.628125,0.05795075435708801,-0.7208333333333333,-0.6416666666666666,-0.5333333333333333,16
2665,0.5625,0.08447139555297205,0.4395833333333333,0.55,0.725,16
2666,0.47291666666666665,0.0830986278132464,0.30833333333333335,0.4916666666666667,0.6041666666666667,16
2667,-0.16145833333333331,0.0906609124246313,-0.2833333333333333,-0.175,-0.02291666666666667,16
2668,0.228125,0.07014834232222138,0.10625000000000001,0.2583333333333333,0.3104166666666667,16
2669,-0.11458333333333333,0.1015291077584267,-0.3125,-0.14166666666666666,0.05208333333333333,16
2670,0.525,0.07021791477646964,0.39583333333333337,0.5333333333333333,0.6416666666666666,16
2671,0.12083333333333333,0.09400428477232065,0.0,0.11666666666666667,0.3,16
2672,0.6822916666666666,0.09955957701296243,0.47708333333333336,0.6916666666666667,0.8104166666666667,16
2673,-0.253125,0.09505458044665123,-0.4354166666666667,-0.23333333333333334,-0.12291666666666667,16
2674,0.48124999999999996,0.10588171466310885,0.28125,0.4666666666666667,0.6645833333333333,16
2675,-0.653125,0.08979505020693883,-0.78125,-0.6583333333333333,-0.4625,16
2676,-0.21770833333333334,0.05964849292591837,-0.30416666666666664,-0.23333333333333334,-0.10833333333333334,16
2677,0.746875,0.08882308219463877,0.55625,0.7666666666666667,0.85,16
2678,-0.24166666666666667,0.08975274678557507,-0.41458333333333336,-0.23333333333333334,-0.09166666666666667,16
2679,0.7552083333333334,0.05228087538054004,0.6666666666666666,0.7583333333333333,0.8270833333333334,16
2680,-0.7270833333333333,0.0637036868809194,-0.8166666666666667,-0.7416666666666667,-0.5791666666666666,16
2681,-0.696875,0.10260813232607073,-0.8645833333333334,-0.7,-0.4854166666666667,16
2682,0.13958333333333334,0.10456175076108003,-0.03333333333333333,0.13333333333333333,0.2833333333333333,16
2683,0.2958333333333333,0.07982185025278339,0.13541666666666666,0.30833333333333335,0.4083333333333333,16
2684,-0.834375,0.049465458627432346,-0.9208333333333334,-0.8333333333333334,-0.75625,16
2685,-0.3875,0.09400428477232065,-0.4666666666666667,-0.43333333333333335,-0.19791666666666666,16
2686,0.017708333333333333,0.07738538792232608,-0.1,0.025,0.11041666666666666,16
2687,-0.6104166666666666,0.07946762967816938,-0.7416666666666667,-0.6166666666666667,-0.4791666666666667,16
2688,0.4041666666666667,0.08154327412825386,0.29583333333333334,0.3833333333333333,0.5625,16
2689,0.84375,0.05586286532413301,0.7416666666666667,0.8333333333333334,0.9270833333333334,16
2690,0.8666666666666666,0.03486083443891981,0.8166666666666667,0.875,0.9166666666666666,16
2691,-0.011458333333333333,0.11360854299596782,-0.2,0.008333333333333333,0.17291666666666666,16
2692,0.003125000000000001,0.13152665947547584,-0.21041666666666667,0.0,0.23125,16
2693,-0.7,0.08186201126828542,-0.8416666666666667,-0.6833333333333333,-0.5479166666666667,16
2694,0.4979166666666667,0.0733321496116585,0.40625,0.48333333333333334,0.6270833333333333,16
2695,0.7260416666666667,0.07311728354348088,0.6333333333333333,0.7083333333333333,0.8645833333333334,16
2696,0.784375,0.07871995679128782,0.6791666666666666,0.7666666666666667,0.9479166666666666,16
2697,0.16770833333333332,0.13391393769258425,-0.10208333333333333,0.225,0.3104166666666667,16
2698,-0.47604166666666664,0.11101938488140009,-0.6479166666666667,-0.475,-0.31666666666666665,16
2699,-0.7104166666666667,0.08536583853561616,-0.85,-0.6833333333333333,-0.6020833333333333,16
2700,0.034375,0.08238391454040041,-0.11458333333333333,0.025,0.16041666666666665,16
2701,0.34791666666666665,0.07067998105703073,0.26666666666666666,0.3333333333333333,0.4875,16
2702,-0.353125,0.1200721354367171,-0.5604166666666667,-0.35,-0.17916666666666667,16
2703,-0.7614583333333333,0.06338779182758916,-0.8770833333333333,-0.7666666666666667,-0.6666666666666666,16
2704,0.7177083333333334,0.0660041954685037,0.6229166666666667,0.7083333333333333,0.83125,16
2705,-0.6666666666666666,0.07592027982620249,-0.8145833333333333,-0.65,-0.5729166666666666,16
2706,-0.08124999999999999,0.11987768650679835,-0.27708333333333335,-0.1,0.15833333333333333,16
2707,0.32395833333333335,0.12175920424938907,0.09166666666666667,0.3,0.5104166666666667,16
2708,0.05,0.0814367511903836,-0.05,0.03333333333333333,0.21875,16
2709,0.08645833333333333,0.10659156698715794,-0.11666666666666667,0.10833333333333334,0.22708333333333333,16
2710,0.5010416666666666,0.08003227430577964,0.35833333333333334,0.4916666666666667,0.6583333333333333,16
2711,-0.2520833333333333,0.11021995055342748,-0.45,-0.26666666666666666,-0.08541666666666667,16
2712,0.24895833333333334,0.09744456223070291,0.06666666666666667,0.2583333333333333,0.4083333333333333,16
2713,-0.5625,0.09157192073264961,-0.7020833333333333,-0.575,-0.38333333333333336,16
2714,-0.5052083333333334,0.07562672174348604,-0.6416666666666666,-0.5,-0.375,16
2715,-0.3729166666666667,0.08162307510066556,-0.5104166666666667,-0.36666666666666664,-0.23541666666666666,16
2716,-0.2958333333333333,0.10349785290311851,-0.45833333333333337,-0.3,-0.13958333333333334,16
2717,0.8135416666666666,0.06073014936311837,0.6958333333333333,0.825,0.8833333333333333,16
2718,-0.653125,0.07364959030963972,-0.7937500000000001,-0.6333333333333333,-0.5520833333333334,16
2719,0.8208333333333333,0.07252872993970505,0.6895833333333333,0.825,0.93125,16
2720,0.6635416666666667,0.06852076682372368,0.5729166666666666,0.6666666666666667,0.78125,16
2721,0.165625,0.15438821355955612,-0.11458333333333333,0.20833333333333331,0.375,16
2722,0.44895833333333335,0.06359287553998832,0.32291666666666663,0.4666666666666667,0.5375000000000001,16
2723,0.09791666666666668,0.08914622039722779,-0.043750000000000004,0.09166666666666667,0.24375,16
2724,0.528125,0.10029795022553772,0.35833333333333334,0.5333333333333333,0.71875,16
2725,0.30625,0.10254995395199139,0.11458333333333333,0.30833333333333335,0.49375,16
2726,-0.015625,0.12753931175001168,-0.23541666666666666,0.0,0.20416666666666666,16
2727,0.07604166666666667,0.13188915142607024,-0.15,0.09166666666666667,0.24375,16
2728,0.22083333333333333,0.12781551375148306,-0.004166666666666666,0.26666666666666666,0.4,16
2729,0.03229166666666667,0.09833134708445952,-0.12083333333333333,0.016666666666666666,0.2,16
2730,-0.5,0.08036375634160796,-0.64375,-0.5,-0.35,16
2731,0.06145833333333334,0.11602782682280238,-0.08333333333333333,0.03333333333333333,0.26458333333333334,16
2732,0.24270833333333333,0.09788895884566803,0.04583333333333334,0.25,0.4145833333333333,16
2733,-0.49687499999999996,0.10593806333839076,-0.725,-0.4666666666666667,-0.32708333333333334,16
2734,0.6833333333333333,0.05237418787490222,0.5895833333333333,0.6833333333333333,0.75,16
2735,-0.359375,0.12218621234047282,-0.6000000000000001,-0.3333333333333333,-0.23333333333333334,16
2736,-0.290625,0.09089996600353845,-0.42083333333333334,-0.2833333333333333,-0.10833333333333334,16
2737,-0.42708333333333337,0.08677777333191054,-0.575,-0.4166666666666667,-0.26875,16
2738,0.29270833333333335,0.08290907628574543,0.15208333333333332,0.2833333333333333,0.4354166666666667,16
2739,0.24374999999999997,0.08637671850678283,0.10833333333333334,0.2583333333333333,0.4,16
2740,0.15520833333333334,0.06813965183927621,0.06666666666666667,0.15833333333333333,0.26458333333333334,16
2741,-0.3458333333333333,0.11219093348196885,-0.5125000000000001,-0.3416666666666667,-0.11041666666666666,16
2742,-0.578125,0.07986941381961488,-0.69375,-0.6,-0.4625,16
2743,-0.33125000000000004,0.10555327117411169,-0.5395833333333333,-0.30833333333333335,-0.15833333333333333,16
2744,-0.10208333333333333,0.07566258248889532,-0.23958333333333331,-0.1,0.025,16
2745,-0.4697916666666666,0.07198059875565238,-0.59375,-0.45833333333333337,-0.36666666666666664,16
2746,0.4979166666666667,0.07990337046152128,0.35624999999999996,0.4916666666666667,0.63125,16
2747,0.4447916666666667,0.08911578571661077,0.30624999999999997,0.45,0.5875,16
2748,-0.26145833333333335,0.10029795022553774,-0.44375000000000003,-0.24166666666666667,-0.12291666666666667,16
2749,-0.3104166666666667,0.13967658576551445,-0.51875,-0.3416666666666667,-0.03958333333333333,16
2750,-0.503125,0.07866480179639854,-0.6645833333333333,-0.48333333333333334,-0.375,16
2751,-0.21041666666666667,0.08657747814658395,-0.375,-0.2,-0.06666666666666667,16
2752,-0.6760416666666667,0.06613557991395821,-0.75,-0.7,-0.55,16
2753,0.5229166666666667,0.08914622039722779,0.35833333333333334,0.5083333333333333,0.6708333333333334,16
2754,0.7833333333333334,0.051706973524961904,0.7166666666666667,0.7833333333333333,0.8916666666666666,16
2755,0.528125,0.09066091242463131,0.3645833333333333,0.5583333333333333,0.6375000000000001,16
2756,0.6895833333333332,0.04818763960925157,0.6020833333333333,0.6916666666666667,0.7666666666666667,16
2757,-0.86875,0.0399109251263917,-0.9270833333333334,-0.8666666666666667,-0.80625,16
2758,-0.18645833333333334,0.0669832975657199,-0.32708333333333334,-0.175,-0.08958333333333333,16
2759,-0.17812499999999998,0.11780969087426081,-0.3875,-0.175,0.018750000000000003,16
2760,0.44895833333333335,0.07487692447907061,0.3,0.45,0.5645833333333333,16
2761,0.690625,0.06769230579533311,0.5625,0.7,0.7875000000000001,16
2762,-0.7552083333333333,0.06606992034958119,-0.8333333333333334,-0.75,-0.625,16
2763,0.5208333333333334,0.0798218502527834,0.38333333333333336,0.5333333333333334,0.63125,16
2764,0.8270833333333333,0.03813126087025651,0.7520833333333333,0.8166666666666667,0.8833333333333333,16
2765,0.45416666666666666,0.10549157417643468,0.28541666666666665,0.4166666666666667,0.6208333333333333,16
2766,0.871875,0.05359271237252733,0.7541666666666667,0.8666666666666667,0.9541666666666667,16
2767,-0.4197916666666667,0.0692767071444492,-0.5708333333333334,-0.4,-0.32916666666666666,16
2768,-0.8010416666666667,0.058175008356013344,-0.8833333333333333,-0.8083333333333333,-0.6916666666666667,16
2769,0.7979166666666666,0.04365068091616035,0.7333333333333333,0.7833333333333333,0.8666666666666667,16
2770,-0.12604166666666666,0.08679652730828451,-0.25,-0.13333333333333333,0.016666666666666666,16
2771,0.7260416666666667,0.07406096165772266,0.6229166666666667,0.7166666666666667,0.8708333333333333,16
2772,0.8197916666666667,0.04647981566108981,0.725,0.825,0.8833333333333333,16
2773,0.5052083333333333,0.1063469737201978,0.3020833333333333,0.525,0.6541666666666667,16
2774,0.3385416666666667,0.08714586072594996,0.21250000000000002,0.3416666666666667,0.49375,16
2775,0.6979166666666666,0.07285711854185714,0.5791666666666666,0.6916666666666667,0.8208333333333334,16
2776,0.396875,0.09413693299007451,0.27291666666666664,0.3666666666666667,0.55,16
2777,0.9322916666666666,0.03088326475077831,0.86875,0.9416666666666667,0.9770833333333333,16
2778,-0.1802083333333333,0.10294597254817153,-0.34375,-0.15,-0.029166666666666667,16
2779,-0.37604166666666666,0.09427514953286707,-0.5104166666666667,-0.4083333333333333,-0.19374999999999998,16
2780,0.6916666666666667,0.0768295371441074,0.5729166666666666,0.7,0.8041666666666667,16
2781,0.86875,0.03858387328635861,0.80625,0.875,0.9270833333333334,16
2782,-0.328125,0.11751458981524143,-0.5479166666666667,-0.31666666666666665,-0.14166666666666666,16
2783,-0.6052083333333333,0.07400233432879742,-0.7270833333333333,-0.6,-0.46875,16
2784,-0.22604166666666667,0.10655084043414308,-0.4479166666666667,-0.225,-0.08958333333333333,16
2785,-0.15104166666666666,0.06249131884154435,-0.21666666666666667,-0.175,-0.03333333333333333,16
2786,0.25,0.07839536550927824,0.11666666666666667,0.25,0.35416666666666663,16
2787,0.06041666666666666,0.09295963132217962,-0.08333333333333333,0.05,0.22916666666666666,16
2788,0.38749999999999996,0.1011221758292633,0.22916666666666669,0.3916666666666667,0.58125,16
2789,-0.8229166666666666,0.05947542676508417,-0.9145833333333333,-0.8333333333333334,-0.7020833333333333,16
2790,-0.20729166666666668,0.12541164857070583,-0.3979166666666667,-0.23333333333333334,0.027083333333333334,16
2791,0.3875,0.12423376263229646,0.21666666666666667,0.3916666666666667,0.6041666666666667,16
2792,-0.6239583333333334,0.09537367117175356,-0.7604166666666667,-0.6083333333333334,-0.4354166666666667,16
2793,-0.24166666666666664,0.06640573937712178,-0.3333333333333333,-0.2583333333333333,-0.10833333333333334,16
2794,0.7458333333333333,0.0746519702798705,0.65,0.7333333333333333,0.8666666666666667,16
2795,0.6489583333333333,0.0981546310533651,0.4541666666666667,0.6583333333333333,0.8145833333333333,16
2796,-0.35520833333333335,0.10098795823430304,-0.5375000000000001,-0.31666666666666665,-0.23333333333333334,16
2797,0.14791666666666664,0.12622662049750924,-0.05416666666666667,0.13333333333333333,0.36458333333333337,16
2798,0.8854166666666666,0.06370368688091939,0.75625,0.9,0.9666666666666667,16
2799,-0.9072916666666666,0.04893616519394309,-0.9833333333333333,-0.9166666666666666,-0.8333333333333334,16
2800,0.7354166666666666,0.05523780659817856,0.6625,0.7166666666666667,0.8541666666666667,16
2801,0.89375,0.037673211083385665,0.8229166666666666,0.8916666666666666,0.9604166666666667,16
2802,0.6187499999999999,0.07261843774138906,0.4916666666666667,0.625,0.7375,16
2803,0.7875000000000001,0.07347996703561832,0.6625,0.7916666666666667,0.9166666666666666,16
2804,-0.13020833333333331,0.09650466849674509,-0.26458333333333334,-0.16666666666666666,0.08750000000000001,16
2805,0.5927083333333334,0.09260293634353309,0.4395833333333333,0.5916666666666667,0.7458333333333333,16
2806,0.6625,0.07850601533923654,0.5354166666666667,0.6666666666666667,0.7979166666666667,16
2807,-0.5489583333333333,0.0660041954685037,-0.6645833333333333,-0.5416666666666667,-0.4395833333333333,16
2808,0.23541666666666666,0.1296195019191857,0.020833333333333332,0.21666666666666667,0.46875,16
2809,0.29791666666666666,0.11454544828242728,0.10208333333333333,0.32499999999999996,0.49375,16
2810,-0.05208333333333333,0.11317314046284226,-0.25,-0.04166666666666667,0.1375,16
2811,0.4229166666666667,0.12567525943213062,0.18541666666666667,0.42500000000000004,0.5979166666666667,16
2812,-0.12604166666666666,0.10655084043414309,-0.29375,-0.13333333333333333,0.06041666666666667,16
2813,-0.0875,0.10728660991319777,-0.24791666666666667,-0.11666666666666667,0.12916666666666665,16
2814,0.3385416666666667,0.0857399876726788,0.18541666666666667,0.3416666666666667,0.4604166666666667,16
2815,-0.546875,0.09969027556219646,-0.6770833333333334,-0.5666666666666667,-0.37916666666666665,16
2816,-0.02604166666666667,0.09663949869661645,-0.23333333333333334,-0.025,0.09375,16
2817,-0.128125,0.07376735906814673,-0.2520833333333333,-0.14166666666666666,-0.00625,16
2818,-0.3375,0.11265421528829812,-0.53125,-0.3583333333333333,-0.13125,16
2819,0.05416666666666667,0.08068715304598785,-0.075,0.016666666666666666,0.1875,16
2820,0.5510416666666667,0.07441175562369161,0.42291666666666666,0.5666666666666667,0.6770833333333334,16
2821,-0.29583333333333334,0.10248644896874036,-0.4604166666666667,-0.3,-0.10208333333333333,16
2822,0.8645833333333333,0.058593171293438474,0.775,0.85,0.975,16
2823,0.971875,0.027461304846800136,0.9125,0.975,1.0,16
2824,0.42708333333333337,0.08413675210961948,0.3,0.4166666666666667,0.5854166666666667,16
2825,-0.14166666666666666,0.11273124382057235,-0.3104166666666667,-0.15,0.027083333333333334,16
2826,0.31666666666666665,0.09354143466934854,0.16249999999999998,0.30833333333333335,0.5145833333333333,16
2827,-0.525,0.09090593428863095,-0.64375,-0.5416666666666667,-0.3625,16
2828,0.6822916666666667,0.09600867112170419,0.51875,0.675,0.8270833333333334,16
2829,-0.20625,0.13081939947033,-0.4166666666666667,-0.23333333333333334,0.05208333333333333,16
2830,0.5802083333333333,0.09899122260472278,0.4395833333333333,0.6083333333333334,0.7562500000000001,16
2831,0.6958333333333333,0.06833841444523636,0.6,0.7,0.8,16
2832,-0.007291666666666665,0.11501339746839156,-0.19166666666666668,0.0,0.21041666666666667,16
2833,0.47395833333333337,0.12032490015463226,0.2583333333333333,0.5,0.6854166666666667,16
2834,-0.4520833333333334,0.11037735149124672,-0.6104166666666667,-0.45833333333333337,-0.26458333333333334,16
2835,-0.5572916666666666,0.08057276516361536,-0.68125,-0.5666666666666667,-0.4083333333333333,16
2836,0.196875,0.11137068204623891,-0.02916666666666666,0.21666666666666667,0.34791666666666665,16
2837,0.271875,0.11050998415175989,0.03958333333333333,0.275,0.47500000000000003,16
2838,0.5354166666666667,0.061766529501556644,0.4041666666666667,0.5333333333333333,0.6375000000000001,16
2839,0.027083333333333334,0.11664806399307849,-0.125,0.0,0.2833333333333333,16
2840,0.026041666666666657,0.12555000525465718,-0.18333333333333335,0.03333333333333333,0.23125,16
2841,0.31875,0.09733871988519723,0.16458333333333333,0.35,0.5,16
2842,-0.684375,0.059648492925918374,-0.7770833333333333,-0.6916666666666667,-0.6,16
2843,0.2520833333333333,0.11709371246996998,0.05208333333333333,0.24166666666666667,0.48750000000000004,16
2844,0.8083333333333333,0.05137011669140813,0.7229166666666667,0.8083333333333333,0.89375,16
2845,-0.21458333333333335,0.11605120397671212,-0.4479166666666667,-0.18333333333333335,-0.08958333333333333,16
2846,-0.5166666666666667,0.09260879487872029,-0.7,-0.5333333333333333,-0.38958333333333334,16
2847,-0.225,0.11989578808281798,-0.4666666666666667,-0.23333333333333334,-0.025,16
2848,0.7760416666666667,0.05650981662507853,0.66875,0.775,0.8666666666666667,16
2849,-0.26875,0.07702700644723395,-0.3770833333333333,-0.2833333333333333,-0.12916666666666665,16
2850,0.22916666666666666,0.09344858955002418,0.10625000000000001,0.21666666666666667,0.42916666666666664,16
2851,-0.6583333333333333,0.05400617248673218,-0.7666666666666667,-0.65,-0.5791666666666666,16
2852,0.528125,0.08158983418089943,0.39166666666666666,0.525,0.6604166666666667,16
2853,-0.4447916666666667,0.12186609654088011,-0.6270833333333333,-0.42500000000000004,-0.22916666666666669,16
2854,0.06979166666666665,0.09899122260472279,-0.1,0.058333333333333334,0.24375,16
2855,0.10416666666666666,0.09288957004003313,-0.0625,0.10833333333333334,0.24375,16
2856,-0.015625,0.12603305755722274,-0.17708333333333331,-0.03333333333333334,0.17708333333333331,16
2857,-0.1958333333333333,0.09042722672587794,-0.33749999999999997,-0.19166666666666665,-0.020833333333333332,16
2858,0.17604166666666665,0.1320207199121074,0.02291666666666667,0.15833333333333333,0.4395833333333333,16
2859,0.859375,0.045249597143694725,0.7895833333333333,0.8583333333333334,0.9166666666666666,16
2860,0.11979166666666666,0.11429414263936129,-0.03125,0.09166666666666667,0.33125,16
2861,0.65625,0.09608210464666839,0.4895833333333333,0.6583333333333333,0.8145833333333333,16
2862,0.31666666666666665,0.07660323462854265,0.20625000000000002,0.31666666666666665,0.4791666666666667,16
2863,-0.4895833333333333,0.09388878616036458,-0.65625,-0.5083333333333333,-0.33541666666666664,16
2864,0.6447916666666667,0.054236733528936716,0.5270833333333333,0.65,0.7166666666666667,16
2865,0.415625,0.09250914932228776,0.25625,0.4166666666666667,0.5604166666666667,16
2866,-0.7552083333333333,0.06283762971606531,-0.8541666666666667,-0.75,-0.65,16
2867,0.17395833333333333,0.1281504039855773,-0.10208333333333336,0.18333333333333332,0.35625,16
2868,0.44062500000000004,0.09409081569006736,0.2895833333333333,0.45,0.5770833333333334,16
2869,-0.04479166666666667,0.08094896154367887,-0.17083333333333334,-0.05,0.10416666666666667,16
2870,0.14270833333333333,0.10523926937908892,-0.06041666666666667,0.16666666666666666,0.29791666666666666,16
2871,0.2833333333333333,0.09519716382329886,0.11458333333333333,0.29166666666666663,0.4166666666666667,16
2872,0.14375,0.0922095665680447,0.02291666666666667,0.13333333333333333,0.31875,16
2873,0.33229166666666665,0.11493789838913496,0.13958333333333334,0.3333333333333333,0.5375000000000001,16
2874,-0.6395833333333334,0.06944097213541232,-0.7583333333333333,-0.6666666666666666,-0.5333333333333333,16
2875,0.653125,0.07574141636368954,0.5125,0.6666666666666666,0.7854166666666667,16
2876,0.16458333333333333,0.08536583853561616,-0.025,0.19166666666666665,0.26458333333333334,16
2877,-0.06875,0.0933324032691755,-0.19375,-0.09166666666666667,0.11875,16
2878,0.43333333333333335,0.06346477588219925,0.31666666666666665,0.45,0.5208333333333334,16
2879,-0.41770833333333335,0.09672928108615532,-0.5895833333333333,-0.4083333333333333,-0.27291666666666664,16
2880,0.13437500000000002,0.12808264882705836,-0.043750000000000004,0.14166666666666666,0.36041666666666666,16
2881,-0.09583333333333333,0.0923271658590014,-0.2875,-0.075,0.0375,16
2882,0.09791666666666667,0.10456175076108004,-0.08125,0.075,0.2708333333333333,16
2883,0.30104166666666665,0.08749379938347378,0.14166666666666666,0.3333333333333333,0.42083333333333334,16
2884,0.7760416666666666,0.07045702738785774,0.6791666666666666,0.775,0.9,16
2885,-0.26666666666666666,0.08333333333333334,-0.39375000000000004,-0.25,-0.12916666666666665,16
2886,-0.006249999999999999,0.09857931803600817,-0.17083333333333334,0.016666666666666666,0.13333333333333333,16
2887,0.20104166666666667,0.09708758037920653,0.03125,0.2,0.37916666666666665,16
2888,0.3458333333333333,0.1188048119115271,0.15000000000000002,0.35,0.575,16
2889,0.17291666666666666,0.09088205879661349,0.029166666666666667,0.175,0.33749999999999997,16
2890,-0.3979166666666667,0.10734727523323544,-0.5916666666666667,-0.4,-0.21875,16
2891,0.2604166666666667,0.10238051979421346,0.06666666666666667,0.2583333333333333,0.4104166666666667,16
2892,-0.08333333333333334,0.09409658158863514,-0.21666666666666667,-0.075,0.06041666666666667,16
2893,-0.18437499999999998,0.10382757307457184,-0.35,-0.15,-0.029166666666666667,16
2894,-0.184375,0.09990772652525151,-0.37083333333333335,-0.15,-0.07291666666666666,16
2895,0.125,0.12761160692594628,-0.10833333333333334,0.10833333333333334,0.32708333333333334,16
2896,0.728125,0.058249567833399234,0.6354166666666666,0.725,0.8166666666666667,16
2897,0.5770833333333334,0.08757437315409876,0.43333333333333335,0.6,0.7166666666666667,16
2898,0.25625000000000003,0.08796996804465589,0.09166666666666667,0.2833333333333333,0.37083333333333335,16
2899,0.496875,0.08882308219463879,0.33541666666666664,0.5083333333333333,0.6270833333333333,16
2900,0.0125,0.11172573064826602,-0.17708333333333331,0.025,0.1875,16
2901,-0.625,0.07927623996016853,-0.7583333333333333,-0.6333333333333333,-0.4625,16
2902,0.9635416666666666,0.027775607554111223,0.9166666666666666,0.9666666666666667,1.0,16
2903,0.5864583333333333,0.06433925652784274,0.45,0.6,0.6666666666666666,16
2904,-0.44791666666666663,0.11973277537917511,-0.6770833333333333,-0.45,-0.24375,16
2905,-0.6041666666666667,0.09195031871130795,-0.7395833333333333,-0.625,-0.40625,16
2906,-0.41666666666666663,0.08374896350934075,-0.5541666666666667,-0.4,-0.3,16
2907,0.34270833333333334,0.08227847995611544,0.175,0.3416666666666667,0.48125,16
2908,-0.49895833333333334,0.07204087140490306,-0.6041666666666667,-0.4916666666666667,-0.35624999999999996,16
2909,0.3875,0.09583333333333334,0.24583333333333335,0.38333333333333336,0.5375000000000001,16
2910,0.3052083333333333,0.11299562891005022,0.13333333333333333,0.31666666666666665,0.46458333333333335,16
2911,0.6645833333333333,0.07725206757391315,0.5291666666666667,0.675,0.7875000000000001,16
2912,0.434375,0.07648273906575262,0.30624999999999997,0.4166666666666667,0.5645833333333333,16
2913,0.809375,0.04638634182960899,0.725,0.8166666666666667,0.88125,16
2914,-0.196875,0.12377437330122544,-0.3770833333333333,-0.21666666666666667,0.041666666666666664,16
2915,-0.042708333333333334,0.10357645290905756,-0.24375,-0.03333333333333333,0.12708333333333333,16
2916,0.08020833333333333,0.08233121412589786,-0.06041666666666667,0.075,0.21875,16
2917,0.34479166666666666,0.10370208900445975,0.18958333333333333,0.3583333333333333,0.5041666666666667,16
2918,0.3604166666666667,0.07680128579652817,0.23333333333333334,0.36666666666666664,0.4666666666666667,16
2919,0.10416666666666669,0.12197734306920373,-0.08750000000000001,0.15,0.23333333333333334,16
2920,0.3489583333333333,0.08322258265572445,0.20416666666666666,0.3416666666666667,0.5020833333333333,16
2921,0.40208333333333335,0.09444189130535947,0.23958333333333334,0.4166666666666667,0.5270833333333333,16
2922,0.7479166666666667,0.05098849271050176,0.6729166666666666,0.7666666666666667,0.8333333333333334,16
2923,0.8291666666666667,0.06884463184107628,0.7229166666666667,0.8333333333333334,0.9208333333333334,16
2924,-0.07083333333333333,0.10857345183996152,-0.18333333333333332,-0.1,0.13333333333333333,16
2925,-0.18020833333333333,0.10804749952117253,-0.3208333333333333,-0.20833333333333334,0.03958333333333333,16
2926,0.05208333333333333,0.07092518554395501,-0.08125,0.05,0.16041666666666665,16
2927,-0.23541666666666666,0.08992184106211348,-0.35,-0.2583333333333333,-0.037500000000000006,16
2928,-0.18645833333333334,0.08862740946419077,-0.36458333333333337,-0.15833333333333333,-0.1,16
2929,0.4708333333333333,0.07626252174051303,0.3458333333333333,0.4916666666666667,0.5958333333333333,16
2930,-0.19583333333333333,0.09344858955002418,-0.34791666666666665,-0.18333333333333335,-0.04583333333333334,16
2931,-0.3416666666666667,0.08819171036881969,-0.49375,-0.3333333333333333,-0.21250000000000002,16
2932,0.32499999999999996,0.13057033013327,0.0875,0.3583333333333333,0.5145833333333333,16
2933,-0.5447916666666667,0.08137677076073026,-0.68125,-0.5333333333333333,-0.42291666666666666,16
2934,0.47291666666666665,0.09698134843589486,0.3333333333333333,0.475,0.6583333333333333,16
2935,-0.6968749999999999,0.07755346498097657,-0.8541666666666667,-0.6666666666666666,-0.6,16
2936,-0.13749999999999998,0.13261525385699624,-0.32708333333333334,-0.15833333333333333,0.12916666666666665,16
2937,-0.225,0.10769039986100071,-0.44583333333333336,-0.19166666666666665,-0.08958333333333333,16
2938,0.051041666666666666,0.09061302602888345,-0.08333333333333333,0.04166666666666667,0.21875,16
2939,-0.49062500000000003,0.08838220935547807,-0.6625,-0.5166666666666667,-0.3520833333333333,16
2940,-0.43437499999999996,0.09232128945216868,-0.5666666666666667,-0.4666666666666667,-0.26666666666666666,16
2941,0.4927083333333333,0.07883015101046893,0.37916666666666665,0.4916666666666667,0.6166666666666667,16
2942,0.60625,0.06792433494542127,0.47708333333333336,0.6083333333333334,0.7041666666666667,16
2943,0.7739583333333333,0.06639756887701372,0.6458333333333333,0.7916666666666667,0.8708333333333333,16
2944,0.30520833333333336,0.08180234265526196,0.14166666666666666,0.31666666666666665,0.4104166666666667,16
2945,-0.634375,0.07299846602269576,-0.7375,-0.6416666666666666,-0.4916666666666667,16
2946,0.290625,0.10880805442766328,0.08333333333333334,0.30833333333333335,0.48750000000000004,16
2947,0.021875,0.07562672174348606,-0.11041666666666666,0.016666666666666666,0.16041666666666665,16
2948,0.29166666666666663,0.08955910525085282,0.13541666666666666,0.3,0.4375,16
2949,-0.7177083333333334,0.0670480626739754,-0.8333333333333334,-0.7083333333333333,-0.6166666666666667,16
2950,0.30208333333333337,0.07924886084004265,0.14583333333333331,0.32499999999999996,0.39375000000000004,16
2951,0.1875,0.11063265039459794,-0.03958333333333333,0.20833333333333331,0.36666666666666664,16
2952,0.553125,0.08502833473809382,0.4291666666666667,0.5583333333333333,0.7020833333333333,16
2953,-0.75625,0.07018700219967923,-0.8708333333333333,-0.7583333333333333,-0.6291666666666667,16
2954,-0.14375,0.07261843774138907,-0.25416666666666665,-0.15,-0.03333333333333333,16
2955,-0.8104166666666667,0.05166498653182185,-0.89375,-0.8166666666666667,-0.7124999999999999,16
2956,-0.45,0.075,-0.575,-0.45833333333333337,-0.28958333333333336,16
2957,0.13229166666666667,0.11880024521813451,-0.05,0.15833333333333333,0.31875,16
2958,0.6052083333333333,0.0916133841356042,0.41458333333333336,0.625,0.7208333333333333,16
2959,0.7208333333333333,0.08508574106942557,0.5791666666666666,0.7166666666666667,0.85,16
2960,0.07604166666666667,0.074992765854818,-0.0375,0.075,0.19791666666666666,16
2961,0.09166666666666666,0.07772815877574013,-0.01458333333333333,0.06666666666666667,0.24166666666666667,16
2962,-0.446875,0.08502833473809383,-0.5645833333333333,-0.45,-0.29166666666666663,16
2963,-0.3625,0.08343743497708661,-0.5270833333333333,-0.35,-0.23958333333333334,16
2964,0.22291666666666665,0.09145335028186653,0.0625,0.21666666666666667,0.34375,16
2965,-0.17083333333333334,0.10499669306961794,-0.3208333333333333,-0.18333333333333332,0.03333333333333333,16
2966,-0.031249999999999993,0.11147293518059788,-0.2708333333333333,0.0,0.09791666666666667,16
2967,0.4041666666666667,0.0952883052169106,0.25,0.3916666666666667,0.5708333333333334,16
2968,0.5791666666666666,0.07083333333333332,0.43125,0.5833333333333334,0.6770833333333334,16
2969,-0.8916666666666666,0.03584302194601093,-0.95,-0.8833333333333333,-0.8229166666666666,16
2970,-0.46875,0.08267972847076846,-0.5875,-0.4916666666666667,-0.3125,16
2971,-0.35520833333333335,0.10634697372019783,-0.5104166666666667,-0.38333333333333336,-0.175,16
2972,-0.08958333333333335,0.062046969215980956,-0.19791666666666666,-0.08333333333333333,0.03125,16
2973,0.24270833333333333,0.06845739500269897,0.12916666666666665,0.25,0.35,16
2974,-0.7697916666666667,0.05627892774683377,-0.8666666666666667,-0.775,-0.6895833333333333,16
2975,0.47187500000000004,0.07423656584415347,0.32499999999999996,0.48333333333333334,0.5833333333333334,16
2976,-0.08125,0.09126331714087296,-0.24791666666666667,-0.09166666666666667,0.043750000000000004,16
2977,-0.4625,0.0649519052838329,-0.5979166666666667,-0.45,-0.3729166666666667,16
2978,-0.13125,0.09480883544152295,-0.29375,-0.125,0.027083333333333334,16
2979,-0.011458333333333329,0.11751458981524143,-0.19375,0.03333333333333333,0.14166666666666666,16
2980,0.4,0.10374916331657277,0.2,0.42500000000000004,0.5437500000000001,16
2981,0.12083333333333333,0.09798313346920705,-0.043750000000000004,0.13333333333333333,0.27708333333333335,16
2982,0.5989583333333333,0.09921020577821395,0.45208333333333334,0.5833333333333333,0.7937500000000001,16
2983,-0.61875,0.06397563555326702,-0.7208333333333333,-0.6,-0.4979166666666667,16
2984,-0.340625,0.12922965534057748,-0.6145833333333334,-0.3333333333333333,-0.17916666666666667,16
2985,0.7635416666666667,0.07844379401485145,0.6291666666666667,0.7916666666666667,0.8770833333333333,16
2986,-0.453125,0.09037321344476655,-0.5875,-0.45833333333333337,-0.29583333333333334,16
2987,-0.5041666666666667,0.07228896488707282,-0.6041666666666667,-0.5,-0.36041666666666666,16
2988,-0.2114583333333333,0.11050998415175987,-0.36041666666666666,-0.24166666666666667,-0.018750000000000003,16
2989,-0.47916666666666663,0.07534642216677134,-0.6291666666666667,-0.4666666666666667,-0.3729166666666667,16
2990,0.6343749999999999,0.0917554021267655,0.5125,0.625,0.83125,16
2991,0.28020833333333334,0.09487176103386437,0.11458333333333333,0.275,0.44583333333333336,16
2992,0.078125,0.08989166898427116,-0.05,0.06666666666666667,0.22083333333333333,16
2993,0.94375,0.029389033290970583,0.8791666666666667,0.95,0.9770833333333333,16
2994,-0.14687499999999998,0.10916646787513706,-0.35833333333333334,-0.13333333333333333,0.010416666666666666,16
2995,0.5427083333333333,0.1314936561101798,0.35,0.5583333333333333,0.7479166666666667,16
2996,0.5020833333333334,0.06005639710583156,0.4,0.5166666666666667,0.59375,16
2997,-0.065625,0.06521033010787308,-0.17708333333333331,-0.075,0.027083333333333334,16
2998,0.728125,0.07210109366946754,0.60625,0.7166666666666667,0.8583333333333333,16
2999,0.9708333333333333,0.020833333333333336,0.9395833333333333,0.975,1.0,16
3000,0.7208333333333334,0.06495190528383292,0.6229166666666667,0.725,0.8416666666666667,16
3001,0.4947916666666667,0.07329514867605116,0.37916666666666665,0.475,0.64375,16
3002,-0.2989583333333333,0.16785707689546153,-0.5541666666666667,-0.26666666666666666,0.0062500000000000056,16
3003,0.6010416666666667,0.06249131884154434,0.50625,0.5916666666666667,0.69375,16
3004,0.058333333333333334,0.0816496580927726,-0.06041666666666667,0.058333333333333334,0.17708333333333331,16
3005,0.265625,0.07871995679128783,0.13333333333333333,0.26666666666666666,0.4,16
3006,0.1989583333333333,0.1014596166927731,0.0625,0.19166666666666665,0.3875,16
3007,-0.11875,0.08856004711180118,-0.28125,-0.11666666666666667,0.0,16
3008,0.48958333333333337,0.10238051979421346,0.32916666666666666,0.4916666666666667,0.6541666666666667,16
