unit_index,sample_mean,sample_std,q025,q500,q975,num_finite_samples
0,-0.15108695652173915,0.11324709922131157,-0.3391304347826087,-0.13043478260869565,-0.004347826086956523,16
1,-0.2217391304347826,0.06721576014669699,-0.32608695652173914,-0.22608695652173913,-0.10217391304347827,16
2,-0.11195652173913044,0.09613883116734394,-0.28043478260869564,-0.09565217391304348,0.04782608695652174,16
3,-0.049999999999999996,0.06647341239748111,-0.16304347826086957,-0.052173913043478265,0.05434782608695652,16
4,-0.11304347826086955,0.06565073421974564,-0.21956521739130433,-0.1217391304347826,0.017391304347826084,16
5,-0.3695652173913044,0.10551879216966606,-0.5369565217391304,-0.4,-0.1673913043478261,16
6,0.029347826086956526,0.09745703333231383,-0.1782608695652174,0.052173913043478265,0.1673913043478261,16
7,0.006521739130434781,0.07627306431673406,-0.1,-0.008695652173913044,0.13043478260869565,16
8,0.17826086956521742,0.06860753842634565,0.05652173913043478,0.16521739130434782,0.2847826086956522,16
9,-0.11847826086956523,0.06755764884026232,-0.21956521739130433,-0.14782608695652175,0.019565217391304346,16
10,0.19782608695652174,0.10841267512862332,0.010869565217391302,0.2,0.3565217391304348,16
11,-0.558695652173913,0.04637115001674247,-0.6347826086956522,-0.5652173913043478,-0.4782608695652174,16
12,-0.06630434782608696,0.08288711662302771,-0.2217391304347826,-0.052173913043478265,0.06521739130434782,16
13,-0.2532608695652174,0.053768653069702764,-0.34347826086956523,-0.2434782608695652,-0.16086956521739132,16
14,-0.35,0.08736317955395705,-0.4608695652173913,-0.3565217391304348,-0.20652173913043478,16
15,-0.1673913043478261,0.07966731392090737,-0.29130434782608694,-0.16521739130434782,-0.021739130434782608,16
16,-0.0967391304347826,0.10112201355644024,-0.29130434782608694,-0.09565217391304348,0.06521739130434782,16
17,-0.19456521739130433,0.07473171928756128,-0.30434782608695654,-0.19130434782608696,-0.07391304347826087,16
18,-0.36630434782608695,0.10084121603125196,-0.5217391304347826,-0.34782608695652173,-0.20217391304347826,16
19,0.2934782608695652,0.07451798478696788,0.18913043478260871,0.2956521739130435,0.4282608695652174,16
20,-0.12282608695652175,0.07776868176775366,-0.26304347826086955,-0.1217391304347826,-0.015217391304347825,16
21,0.03152173913043478,0.06585736721609178,-0.06521739130434782,0.034782608695652174,0.14130434782608697,16
22,0.18478260869565216,0.0747712327039993,0.08478260869565218,0.17391304347826086,0.3456521739130435,16
23,0.19021739130434784,0.0878150552692821,0.052173913043478265,0.1826086956521739,0.3717391304347826,16
24,0.04456521739130434,0.0864044978000313,-0.0891304347826087,0.043478260869565216,0.18695652173913044,16
25,0.1358695652173913,0.08334199702916335,-0.010869565217391304,0.13043478260869565,0.26304347826086955,16
26,0.15217391304347827,0.1001888575808949,0.008695652173913044,0.1391304347826087,0.30434782608695654,16
27,0.06630434782608696,0.0826587377033702,-0.06521739130434782,0.043478260869565216,0.2043478260869565,16
28,-0.1597826086956522,0.08732936372936757,-0.3108695652173913,-0.16521739130434782,-0.015217391304347825,16
29,0.02826086956521739,0.10665475280031374,-0.1826086956521739,0.02608695652173913,0.21304347826086956,16
30,0.05543478260869565,0.06614378277661477,-0.06521739130434782,0.06956521739130435,0.14782608695652175,16
31,-0.41847826086956524,0.10158828467948941,-0.6152173913043478,-0.4260869565217391,-0.26521739130434785,16
32,-0.03913043478260869,0.0980914275885085,-0.21956521739130433,-0.043478260869565216,0.11739130434782609,16
33,-0.36195652173913045,0.08379440814003494,-0.5108695652173914,-0.3739130434782609,-0.23478260869565218,16
34,-0.2510869565217392,0.07740321110165185,-0.3891304347826087,-0.2434782608695652,-0.13695652173913042,16
35,-0.20978260869565216,0.08824453693389041,-0.35434782608695653,-0.23478260869565218,-0.041304347826086954,16
36,0.07391304347826087,0.08878512111592234,-0.09347826086956522,0.08695652173913043,0.1826086956521739,16
37,-0.24021739130434785,0.09319344882335713,-0.40869565217391307,-0.23478260869565218,-0.06956521739130435,16
38,0.14782608695652175,0.08110764393990273,3.469446951953614e-18,0.15652173913043477,0.29565217391304344,16
39,0.04347826086956522,0.08867860023639626,-0.13043478260869565,0.052173913043478265,0.18695652173913044,16
40,-0.4097826086956522,0.08121682105748976,-0.5065217391304349,-0.43478260869565216,-0.26956521739130435,16
41,0.019565217391304346,0.0711437746606677,-0.08260869565217391,0.008695652173913044,0.16521739130434782,16
42,-0.1923913043478261,0.07752522609144265,-0.26956521739130435,-0.20869565217391306,-0.034782608695652174,16
43,0.005434782608695655,0.09186551154660941,-0.15217391304347824,-0.008695652173913044,0.16956521739130434,16
44,-0.2956521739130435,0.08110764393990275,-0.40869565217391307,-0.28695652173913044,-0.1826086956521739,16
45,-0.04891304347826088,0.08819096610671379,-0.15869565217391304,-0.0782608695652174,0.11304347826086956,16
46,0.10543478260869564,0.09364873232544352,-0.017391304347826084,0.0782608695652174,0.31521739130434784,16
47,0.05217391304347826,0.06536215816683873,-0.08043478260869566,0.052173913043478265,0.14130434782608697,16
48,0.11847826086956523,0.05279297584600388,0.06086956521739131,0.10434782608695653,0.24347826086956523,16
49,-0.3,0.03961058077888825,-0.3717391304347826,-0.28695652173913044,-0.23695652173913043,16
50,0.1760869565217391,0.1054067645426144,0.06086956521739131,0.14782608695652172,0.35,16
51,0.006521739130434783,0.072460144836952,-0.1108695652173913,0.0,0.13478260869565217,16
52,-0.4880434782608696,0.09623709497852416,-0.7,-0.48695652173913045,-0.3739130434782609,16
53,-0.14021739130434785,0.10084121603125196,-0.25217391304347825,-0.16521739130434782,0.034782608695652174,16
54,-0.060869565217391314,0.07530655685082076,-0.2043478260869565,-0.052173913043478265,0.03695652173913043,16
55,-0.23043478260869565,0.07365684498303225,-0.37826086956521743,-0.22608695652173913,-0.13043478260869565,16
56,-0.5869565217391304,0.07692089570849622,-0.7326086956521739,-0.5826086956521739,-0.4782608695652174,16
57,0.06304347826086956,0.09423355131170975,-0.06956521739130435,0.052173913043478265,0.23913043478260868,16
58,-0.38913043478260867,0.07219879089311139,-0.5130434782608696,-0.3739130434782609,-0.28260869565217395,16
59,-0.27717391304347827,0.08407592886638125,-0.4326086956521739,-0.2782608695652174,-0.1391304347826087,16
60,0.008695652173913042,0.0860825646661884,-0.0891304347826087,-0.026086956521739132,0.18043478260869567,16
61,0.4097826086956522,0.07416039175398126,0.24347826086956523,0.40869565217391307,0.5108695652173914,16
62,-0.08369565217391303,0.07867493121390248,-0.1934782608695652,-0.09565217391304348,0.03695652173913043,16
63,0.05543478260869565,0.08711263160995276,-0.0891304347826087,0.06086956521739131,0.2217391304347826,16
64,-0.30326086956521736,0.0432466657914734,-0.3739130434782609,-0.30434782608695654,-0.24130434782608695,16
65,-0.33695652173913043,0.07701299819094935,-0.5021739130434782,-0.33043478260869563,-0.23043478260869565,16
66,0.026086956521739132,0.09243605054551869,-0.11739130434782609,0.034782608695652174,0.1760869565217391,16
67,0.4967391304347826,0.080983731942406,0.33695652173913043,0.5130434782608696,0.6391304347826087,16
68,0.009782608695652173,0.08004458823593331,-0.1282608695652174,0.017391304347826087,0.13478260869565217,16
69,0.22065217391304348,0.06628652647169271,0.11956521739130435,0.23478260869565218,0.31956521739130433,16
70,0.1532608695652174,0.07189541606153778,0.05,0.14782608695652175,0.2891304347826087,16
71,0.21739130434782605,0.09365504012407833,0.06739130434782609,0.2434782608695652,0.3760869565217391,16
72,-0.5967391304347827,0.08502612742001937,-0.7652173913043478,-0.6,-0.4391304347826087,16
73,0.14021739130434782,0.10140203351391008,-0.021739130434782608,0.13043478260869565,0.3282608695652174,16
74,0.10108695652173913,0.07498424535220513,-0.017391304347826084,0.08695652173913043,0.25,16
75,0.49347826086956526,0.09969234337215739,0.3173913043478261,0.48695652173913045,0.6456521739130435,16
76,0.517391304347826,0.07741084267289067,0.4152173913043478,0.5217391304347826,0.6282608695652174,16
77,-0.0032608695652173864,0.09359825463287957,-0.16304347826086957,0.017391304347826087,0.1282608695652174,16
78,0.014130434782608697,0.074224089761648,-0.13478260869565217,0.02608695652173913,0.11739130434782609,16
79,0.1826086956521739,0.08586268547013695,0.006521739130434783,0.21739130434782608,0.29782608695652174,16
80,0.10869565217391305,0.058169948522868054,0.015217391304347825,0.13043478260869565,0.1826086956521739,16
81,0.17173913043478262,0.07652050394260018,0.052173913043478265,0.16521739130434782,0.28695652173913044,16
82,-0.10978260869565218,0.09470254895634002,-0.31304347826086953,-0.11304347826086956,0.019565217391304346,16
83,-0.2326086956521739,0.06732114159653053,-0.36086956521739133,-0.22608695652173913,-0.13695652173913042,16
84,0.08043478260869566,0.09220569591499346,-0.03695652173913043,0.08695652173913043,0.2608695652173913,16
85,-0.013043478260869565,0.07288284614887049,-0.1282608695652174,-0.017391304347826084,0.1108695652173913,16
86,0.05869565217391305,0.07871246517492032,-0.07173913043478261,0.06956521739130435,0.18043478260869567,16
87,-0.45543478260869563,0.0681149784082317,-0.558695652173913,-0.45217391304347826,-0.3630434782608696,16
88,-0.7717391304347825,0.044285975624920364,-0.8652173913043478,-0.7565217391304347,-0.7217391304347827,16
89,-0.15543478260869564,0.08110036023965547,-0.26304347826086955,-0.17391304347826086,0.013043478260869563,16
90,-0.31739130434782614,0.07543196336042379,-0.45,-0.3217391304347826,-0.17391304347826086,16
91,-0.13695652173913042,0.06760135567594006,-0.26304347826086955,-0.14782608695652175,-0.028260869565217395,16
92,-0.1315217391304348,0.08792262236551801,-0.31521739130434784,-0.11304347826086956,-3.469446951953614e-18,16
93,0.0021739130434782605,0.04554853660816731,-0.09347826086956522,0.008695652173913044,0.07608695652173914,16
94,-0.5108695652173912,0.04797407932763893,-0.6130434782608696,-0.5043478260869565,-0.45,16
95,-0.1141304347826087,0.08074997000590546,-0.2217391304347826,-0.13043478260869565,0.013043478260869563,16
96,-0.30000000000000004,0.0657945476105285,-0.40217391304347827,-0.3217391304347826,-0.2,16
97,-0.23478260869565218,0.0539551028086559,-0.30434782608695654,-0.25217391304347825,-0.13695652173913042,16
98,-0.07391304347826086,0.08397046919925202,-0.21956521739130433,-0.0782608695652174,0.06304347826086956,16
99,0.2902173913043478,0.05225311018139963,0.21304347826086958,0.2782608695652174,0.3565217391304348,16
100,-0.15652173913043477,0.08952721861727828,-0.29782608695652174,-0.14782608695652175,-0.004347826086956523,16
101,-0.5923913043478262,0.07752522609144265,-0.7760869565217392,-0.5826086956521739,-0.5130434782608696,16
102,-0.5021739130434782,0.07701299819094935,-0.6173913043478261,-0.5130434782608696,-0.3695652173913043,16
103,-0.22717391304347825,0.09201971310129071,-0.3956521739130435,-0.23478260869565215,-0.06956521739130435,16
104,-0.2434782608695652,0.08203461853962264,-0.3826086956521739,-0.26956521739130435,-0.11956521739130435,16
105,-0.20978260869565218,0.11551949728642402,-0.3739130434782609,-0.20869565217391306,0.013043478260869563,16
106,-0.2184782608695652,0.07364882441949967,-0.3217391304347826,-0.23478260869565218,-0.10217391304347827,16
107,0.21413043478260868,0.07561187082364644,0.05869565217391304,0.20869565217391306,0.3456521739130435,16
108,-0.31086956521739134,0.06445203078423302,-0.40217391304347827,-0.32173913043478264,-0.1956521739130435,16
109,0.10760869565217392,0.08645917554497512,-0.03043478260869565,0.11304347826086956,0.24565217391304348,16
110,-0.2728260869565218,0.12453600082283509,-0.5,-0.25217391304347825,-0.10869565217391304,16
111,0.17065217391304346,0.08967885361884045,0.043478260869565216,0.17391304347826086,0.3565217391304348,16
112,-0.3586956521739131,0.046777032155108735,-0.44130434782608696,-0.3565217391304348,-0.2717391304347826,16
113,0.20869565217391306,0.09284415871331575,0.08478260869565218,0.23478260869565215,0.3717391304347826,16
114,-0.31195652173913047,0.07679022809208723,-0.43043478260869567,-0.31304347826086953,-0.17391304347826086,16
115,-0.43043478260869567,0.048997511606889754,-0.5282608695652173,-0.4173913043478261,-0.3630434782608696,16
116,0.1532608695652174,0.08220007635023752,0.02608695652173913,0.13043478260869565,0.3108695652173913,16
117,-0.07282608695652174,0.08010360729518567,-0.2,-0.06956521739130435,0.04782608695652174,16
118,-0.6804347826086956,0.0747712327039993,-0.7891304347826087,-0.6869565217391305,-0.5608695652173913,16
119,-0.175,0.08607570194327988,-0.33695652173913043,-0.16521739130434782,-0.01739130434782609,16
120,-0.32608695652173914,0.07716625804042977,-0.4434782608695652,-0.3217391304347826,-0.19130434782608696,16
121,-0.34456521739130436,0.10265267112193822,-0.5434782608695652,-0.3391304347826087,-0.1956521739130435,16
122,-0.31956521739130433,0.08084501731211761,-0.46956521739130436,-0.30434782608695654,-0.20652173913043478,16
123,-0.16086956521739132,0.06608123545030722,-0.26304347826086955,-0.16521739130434782,-0.05,16
124,-0.08043478260869566,0.07061035551700745,-0.1934782608695652,-0.0782608695652174,0.043478260869565216,16
125,-0.275,0.09072669234141412,-0.4434782608695652,-0.26956521739130435,-0.13695652173913042,16
126,-0.341304347826087,0.06815832785474298,-0.4652173913043478,-0.3565217391304348,-0.23695652173913043,16
127,-0.21413043478260868,0.07409663898762724,-0.34347826086956523,-0.20869565217391306,-0.07608695652173914,16
128,0.21956521739130436,0.059574737417585746,0.11521739130434783,0.21739130434782608,0.30434782608695654,16
129,-0.49782608695652175,0.0779886570202265,-0.5934782608695652,-0.5130434782608696,-0.3282608695652174,16
130,-0.3065217391304348,0.07919132869603036,-0.4369565217391304,-0.2956521739130435,-0.18478260869565216,16
131,-0.4141304347826087,0.09618797562099055,-0.6130434782608696,-0.4173913043478261,-0.30434782608695654,16
132,-0.5097826086956522,0.0863497854324746,-0.6391304347826087,-0.5130434782608696,-0.3739130434782609,16
133,-0.13804347826086957,0.1019597663338371,-0.31521739130434784,-0.16521739130434782,0.03043478260869565,16
134,-0.4423913043478261,0.09171105072016457,-0.5934782608695652,-0.408695652173913,-0.3282608695652174,16
135,-0.03369565217391304,0.07403283132112097,-0.14130434782608697,-0.02608695652173913,0.0782608695652174,16
136,-0.44130434782608696,0.07087756689957003,-0.5847826086956522,-0.4434782608695652,-0.3282608695652174,16
137,0.0021739130434782587,0.08200580919069571,-0.15652173913043477,0.008695652173913042,0.11304347826086956,16
138,-0.11521739130434783,0.09200045204129925,-0.2565217391304348,-0.08695652173913043,0.0608695652173913,16
139,-0.17717391304347826,0.08424438973764622,-0.33695652173913043,-0.17391304347826086,-0.0391304347826087,16
140,-0.3717391304347826,0.09302214302319421,-0.523913043478261,-0.3826086956521739,-0.20217391304347826,16
141,0.005434782608695653,0.06031384521306558,-0.10652173913043478,0.02608695652173913,0.0782608695652174,16
142,-0.12391304347826085,0.09281870452264866,-0.2608695652173913,-0.1391304347826087,0.06956521739130435,16
143,-0.0782608695652174,0.10649955403405122,-0.21521739130434783,-0.10434782608695653,0.14347826086956522,16
144,-0.16521739130434782,0.07196932764020368,-0.29565217391304344,-0.14782608695652175,-0.04565217391304348,16
145,-0.4489130434782609,0.0711022453975056,-0.5652173913043478,-0.4434782608695652,-0.3565217391304348,16
146,-0.5097826086956522,0.07927334205093403,-0.6347826086956522,-0.4782608695652174,-0.38913043478260867,16
147,1.3010426069826053e-18,0.05499613322031964,-0.0891304347826087,0.008695652173913042,0.07173913043478261,16
148,-0.22934782608695653,0.10855969758390316,-0.40217391304347827,-0.25217391304347825,-0.05652173913043478,16
149,0.005434782608695654,0.08480350912951969,-0.1391304347826087,0.017391304347826087,0.13478260869565217,16
150,-0.266304347826087,0.08569051227609674,-0.37826086956521743,-0.2608695652173913,-0.1108695652173913,16
151,0.24239130434782608,0.0801625829021404,0.09782608695652174,0.2608695652173913,0.35,16
152,-0.30000000000000004,0.0906811026722357,-0.43478260869565216,-0.2956521739130435,-0.15434782608695652,16
153,-0.07934782608695652,0.08574564531205708,-0.2282608695652174,-0.06086956521739131,0.03695652173913043,16
154,-0.007608695652173914,0.06163148914058625,-0.12173913043478261,0.0,0.09347826086956522,16
155,-0.5489130434782609,0.08418827356839681,-0.7043478260869566,-0.5304347826086957,-0.4173913043478261,16
156,-0.07934782608695652,0.0720923452121323,-0.2108695652173913,-0.06956521739130435,0.019565217391304346,16
157,-0.5728260869565218,0.0735203764047211,-0.6804347826086957,-0.5565217391304347,-0.44130434782608696,16
158,-0.2554347826086957,0.08656842742939971,-0.3847826086956522,-0.26956521739130435,-0.11956521739130435,16
159,-0.3010869565217391,0.08524816436387478,-0.41956521739130437,-0.3217391304347826,-0.14347826086956522,16
160,-0.1315217391304348,0.09769919306289984,-0.30217391304347824,-0.11304347826086956,0.0021739130434782605,16
161,-0.658695652173913,0.061140700480109715,-0.75,-0.6695652173913044,-0.5391304347826087,16
162,-0.6554347826086957,0.0651358185503419,-0.7717391304347826,-0.6608695652173913,-0.5369565217391304,16
163,-0.6054347826086957,0.085358966248969,-0.7326086956521739,-0.6260869565217391,-0.42608695652173917,16
164,-0.5326086956521738,0.07823067050194166,-0.6543478260869565,-0.5478260869565217,-0.3804347826086957,16
165,-0.13913043478260867,0.061179335997696906,-0.23913043478260868,-0.14782608695652175,-0.03260869565217391,16
166,-0.3239130434782609,0.07426387327190749,-0.4434782608695652,-0.3217391304347826,-0.1956521739130435,16
167,-0.6282608695652173,0.06871078534469177,-0.75,-0.6347826086956522,-0.5152173913043478,16
168,0.0467391304347826,0.08851190472406972,-0.1282608695652174,0.052173913043478265,0.20869565217391303,16
169,-0.4739130434782609,0.07957828355531794,-0.5934782608695652,-0.4956521739130435,-0.30434782608695654,16
170,-0.18804347826086956,0.07648189427066208,-0.30434782608695654,-0.2,-0.041304347826086954,16
171,-0.1391304347826087,0.07301241575542028,-0.25217391304347825,-0.13043478260869565,-0.021739130434782608,16
172,-0.37282608695652175,0.061937449390905994,-0.4891304347826087,-0.3565217391304348,-0.2782608695652174,16
173,-0.3358695652173913,0.050035431680364804,-0.4456521739130435,-0.3217391304347826,-0.26521739130434785,16
174,-0.1358695652173913,0.049846171686078695,-0.23695652173913043,-0.14782608695652175,-0.06086956521739131,16
175,-0.21847826086956523,0.07813244293468238,-0.3521739130434783,-0.22608695652173913,-0.052173913043478265,16
176,-0.6945652173913044,0.05498539073887712,-0.7739130434782608,-0.6956521739130435,-0.5913043478260869,16
177,-0.6358695652173912,0.0428073231902505,-0.7086956521739131,-0.6434782608695653,-0.5717391304347825,16
178,-0.38913043478260867,0.10175678033450827,-0.6065217391304348,-0.4,-0.23043478260869565,16
179,-0.09239130434782608,0.07280986191745294,-0.16521739130434782,-0.11304347826086956,0.07826086956521738,16
180,-0.7739130434782608,0.06448868249648403,-0.8652173913043478,-0.7826086956521738,-0.6369565217391304,16
181,-0.7663043478260869,0.06269581800617278,-0.8652173913043478,-0.7652173913043478,-0.6434782608695653,16
182,-0.46304347826086956,0.08605511049082386,-0.6152173913043478,-0.46956521739130436,-0.31956521739130433,16
183,-0.5478260869565217,0.06956521739130435,-0.6630434782608696,-0.5304347826086957,-0.45,16
184,-0.5815217391304348,0.07050151160078924,-0.6804347826086957,-0.6,-0.4391304347826087,16
185,-0.3619565217391304,0.06585736721609178,-0.4652173913043478,-0.3565217391304348,-0.23695652173913043,16
186,-0.5282608695652175,0.08154347536309153,-0.6543478260869565,-0.5217391304347827,-0.358695652173913,16
187,-0.7489130434782609,0.051798924162799354,-0.8304347826086956,-0.7565217391304347,-0.6760869565217391,16
188,-0.2576086956521739,0.08150724508833775,-0.41739130434782606,-0.2434782608695652,-0.1282608695652174,16
189,-0.32499999999999996,0.07511019000589812,-0.4369565217391304,-0.3217391304347826,-0.1826086956521739,16
190,-0.5434782608695652,0.08214975490300515,-0.6891304347826087,-0.5478260869565217,-0.4152173913043478,16
191,-0.17717391304347826,0.0812749888866527,-0.3239130434782609,-0.1826086956521739,-0.0391304347826087,16
192,-0.6380434782608695,0.05225311018139964,-0.7260869565217392,-0.6521739130434783,-0.5434782608695652,16
193,-0.691304347826087,0.06997163886709164,-0.7847826086956522,-0.6869565217391305,-0.5565217391304348,16
194,-0.11195652173913043,0.08121682105748974,-0.23478260869565218,-0.1217391304347826,0.04782608695652174,16
195,-0.4217391304347826,0.04782608695652175,-0.4956521739130435,-0.4260869565217391,-0.33478260869565213,16
196,-0.7402173913043478,0.049751271701503494,-0.8347826086956522,-0.7304347826086957,-0.6695652173913044,16
197,-0.625,0.047615643725672875,-0.7043478260869566,-0.6173913043478261,-0.5652173913043478,16
198,-0.6608695652173913,0.06330530338504799,-0.7673913043478261,-0.6521739130434783,-0.5717391304347825,16
199,-0.7,0.06164107338590359,-0.808695652173913,-0.7043478260869566,-0.5891304347826086,16
200,-0.10217391304347825,0.06083073295492706,-0.1934782608695652,-0.11304347826086956,0.034782608695652174,16
201,-0.8771739130434782,0.04324666579147339,-0.9304347826086956,-0.8869565217391304,-0.7869565217391304,16
202,-0.20652173913043478,0.09383148632568364,-0.3326086956521739,-0.20869565217391306,-0.034782608695652174,16
203,-0.7043478260869566,0.0611793359976969,-0.7847826086956522,-0.7043478260869566,-0.5847826086956521,16
204,-0.6173913043478261,0.060869565217391314,-0.7086956521739131,-0.6173913043478261,-0.49782608695652175,16
205,-0.10326086956521739,0.07945198642858474,-0.23913043478260868,-0.09565217391304348,0.04565217391304348,16
206,-0.25869565217391305,0.07966731392090737,-0.3739130434782609,-0.25217391304347825,-0.13695652173913042,16
207,-0.258695652173913,0.057966485330319055,-0.3217391304347826,-0.26956521739130435,-0.14347826086956522,16
208,-0.7434782608695651,0.04899751160688975,-0.8260869565217391,-0.7391304347826086,-0.6869565217391305,16
209,-0.026086956521739132,0.08931581993119189,-0.18043478260869567,-0.02608695652173913,0.14130434782608697,16
210,-0.20652173913043478,0.058291685555617055,-0.29782608695652174,-0.19130434782608696,-0.11956521739130435,16
211,-0.576086956521739,0.06326796613415325,-0.6978260869565218,-0.5652173913043478,-0.4847826086956522,16
212,-0.45000000000000007,0.10486736604515073,-0.5826086956521739,-0.4782608695652174,-0.24782608695652175,16
213,-0.3456521739130435,0.07527517257904691,-0.48043478260869565,-0.3391304347826087,-0.19782608695652174,16
214,-0.23369565217391303,0.07492119363169868,-0.3565217391304348,-0.2434782608695652,-0.09565217391304348,16
215,-0.1282608695652174,0.0667571849251482,-0.2217391304347826,-0.14782608695652175,0.02391304347826087,16
216,-0.4184782608695652,0.0719611189914584,-0.5326086956521738,-0.43478260869565216,-0.29347826086956524,16
217,-0.6152173913043477,0.0784719375990437,-0.7217391304347827,-0.6173913043478261,-0.45869565217391306,16
218,-0.783695652173913,0.04213972168473942,-0.8717391304347827,-0.7826086956521738,-0.7282608695652174,16
219,-0.5956521739130435,0.07814000328526707,-0.7260869565217392,-0.6,-0.46304347826086956,16
220,-0.5152173913043478,0.07375302371168423,-0.6173913043478261,-0.5217391304347827,-0.3760869565217391,16
221,-0.5076086956521739,0.08645917554497512,-0.6630434782608696,-0.4956521739130435,-0.3869565217391304,16
222,-0.35,0.06760135567594006,-0.4717391304347826,-0.3391304347826087,-0.24782608695652175,16
223,-0.7739130434782608,0.04880422678400793,-0.8652173913043478,-0.7739130434782608,-0.7108695652173913,16
224,-0.3543478260869565,0.07701299819094935,-0.4652173913043478,-0.3739130434782609,-0.21304347826086958,16
225,-0.7195652173913043,0.05664701835128426,-0.8021739130434783,-0.7130434782608697,-0.6347826086956522,16
226,-0.6532608695652173,0.047813733582440836,-0.7152173913043479,-0.6608695652173913,-0.5717391304347825,16
227,-0.6369565217391304,0.06980258416522749,-0.7673913043478261,-0.6173913043478261,-0.5369565217391304,16
228,-0.14673913043478262,0.07441485663809888,-0.26956521739130435,-0.14782608695652175,-3.469446951953614e-18,16
229,-0.4902173913043478,0.06921617597796942,-0.6108695652173913,-0.4782608695652174,-0.3978260869565218,16
230,-0.7923913043478261,0.038629034008514924,-0.8434782608695652,-0.7913043478260869,-0.717391304347826,16
231,-0.6499999999999999,0.058615081577012035,-0.7217391304347827,-0.6695652173913044,-0.532608695652174,16
232,-0.8152173913043478,0.051398219206682146,-0.9,-0.8260869565217391,-0.7391304347826086,16
233,-0.4521739130434783,0.07993381004717494,-0.5478260869565217,-0.46956521739130436,-0.29347826086956524,16
234,-0.34130434782608693,0.06871078534469177,-0.4478260869565217,-0.3565217391304348,-0.23478260869565218,16
235,0.014130434782608697,0.08356850873489316,-0.1,0.017391304347826087,0.16086956521739132,16
236,-0.5619565217391305,0.05152449084561447,-0.6565217391304348,-0.5652173913043478,-0.4847826086956522,16
237,-0.8282608695652174,0.046777032155108735,-0.8782608695652174,-0.8521739130434782,-0.7347826086956522,16
238,-0.5880434782608697,0.060470352372613584,-0.691304347826087,-0.5826086956521739,-0.4782608695652174,16
239,-0.675,0.052071911160884714,-0.75,-0.6869565217391305,-0.5717391304347825,16
240,-0.5054347826086957,0.06762756621870555,-0.6282608695652174,-0.5130434782608696,-0.3978260869565218,16
241,-0.2543478260869565,0.08107850521291964,-0.40217391304347827,-0.25217391304347825,-0.13043478260869565,16
242,-0.5717391304347825,0.08014047213550766,-0.7152173913043479,-0.5652173913043478,-0.4391304347826087,16
243,-0.8271739130434783,0.05306084890199532,-0.9130434782608695,-0.8347826086956522,-0.7347826086956522,16
244,-0.6141304347826086,0.06713661550731417,-0.7195652173913043,-0.6347826086956522,-0.4847826086956522,16
245,-0.5619565217391305,0.05438042500586515,-0.6456521739130435,-0.5652173913043478,-0.4739130434782609,16
246,-0.4434782608695652,0.05070392952039393,-0.5065217391304349,-0.45217391304347826,-0.33478260869565213,16
247,-0.8032608695652175,0.05022397848759966,-0.9,-0.8,-0.7347826086956522,16
248,-0.15760869565217392,0.08651381873295175,-0.2891304347826087,-0.1826086956521739,0.017391304347826084,16
249,-0.08152173913043478,0.06769741138704358,-0.2,-0.0782608695652174,0.02608695652173913,16
250,-0.3586956521739131,0.05861508157701202,-0.4717391304347826,-0.34782608695652173,-0.28695652173913044,16
251,-0.175,0.07968955597073467,-0.3065217391304348,-0.19130434782608696,-0.01304347826086957,16
252,0.043478260869565216,0.10009447333235946,-0.14782608695652175,0.02608695652173913,0.22608695652173913,16
253,-0.05108695652173913,0.051432687670960785,-0.12391304347826086,-0.052173913043478265,0.05434782608695652,16
254,-0.13369565217391305,0.06741759655417699,-0.2565217391304348,-0.13043478260869565,-0.03260869565217391,16
255,-0.8293478260869566,0.0606264555103667,-0.9130434782608695,-0.8347826086956522,-0.717391304347826,16
256,-0.7076086956521739,0.04313724963692267,-0.8,-0.7043478260869566,-0.6521739130434783,16
257,-0.6608695652173913,0.07327086759283791,-0.7891304347826087,-0.6695652173913044,-0.5195652173913043,16
258,-0.8293478260869566,0.03995212162932417,-0.8956521739130435,-0.8434782608695652,-0.7739130434782608,16
259,-0.4391304347826087,0.07568215298056179,-0.5739130434782609,-0.4434782608695652,-0.3130434782608696,16
260,-0.10326086956521739,0.06477203006712862,-0.23043478260869565,-0.08695652173913043,0.010869565217391304,16
261,-0.7413043478260869,0.07246014483695198,-0.8304347826086956,-0.7739130434782608,-0.6065217391304347,16
262,-0.39565217391304347,0.07910176260287066,-0.567391304347826,-0.3826086956521739,-0.2891304347826087,16
263,-0.6043478260869566,0.0761800672518923,-0.758695652173913,-0.5913043478260869,-0.5086956521739131,16
264,-0.7358695652173913,0.06853000115716572,-0.8543478260869566,-0.7391304347826086,-0.6130434782608696,16
265,-0.8130434782608695,0.05550932754262481,-0.9173913043478261,-0.817391304347826,-0.7282608695652174,16
266,-0.75,0.06703975628308378,-0.8739130434782608,-0.7391304347826086,-0.6260869565217391,16
267,-0.5967391304347827,0.06277115094774308,-0.6804347826086957,-0.6086956521739131,-0.491304347826087,16
268,-0.3565217391304348,0.06763630080914802,-0.4652173913043478,-0.3652173913043478,-0.25869565217391305,16
269,-0.6369565217391304,0.08450344228511658,-0.7478260869565218,-0.6521739130434783,-0.4608695652173913,16
270,-0.3054347826086956,0.07182965303285556,-0.4282608695652174,-0.31304347826086953,-0.18913043478260871,16
271,-0.6641304347826087,0.06811497840823175,-0.7913043478260869,-0.6521739130434783,-0.5608695652173913,16
272,-0.40326086956521734,0.047912471392465635,-0.4717391304347826,-0.4173913043478261,-0.3217391304347826,16
273,-0.18804347826086953,0.0716320016982409,-0.3173913043478261,-0.2,-0.05,16
274,-0.2554347826086957,0.07561187082364644,-0.3673913043478261,-0.25217391304347825,-0.1108695652173913,16
275,-0.3043478260869565,0.073528410979512,-0.41304347826086957,-0.30434782608695654,-0.1673913043478261,16
276,-0.2847826086956522,0.065325996527464,-0.3891304347826087,-0.2956521739130435,-0.1782608695652174,16
277,-0.29891304347826086,0.07770788935528317,-0.40217391304347827,-0.31304347826086953,-0.16086956521739132,16
278,-0.5358695652173913,0.05625984475916317,-0.5934782608695652,-0.5478260869565217,-0.4,16
279,-0.4173913043478261,0.061794219145877814,-0.4782608695652174,-0.43478260869565216,-0.2891304347826087,16
280,-0.017391304347826087,0.06679257172059659,-0.13478260869565217,-0.017391304347826084,0.09347826086956522,16
281,-0.22065217391304348,0.1042061991777358,-0.3652173913043478,-0.2434782608695652,-0.015217391304347822,16
282,0.16739130434782606,0.05796648533031906,0.07391304347826087,0.16521739130434782,0.2673913043478261,16
283,-0.47173913043478266,0.06590220170097444,-0.6043478260869565,-0.4608695652173913,-0.3760869565217391,16
284,-0.46630434782608693,0.05725898778724315,-0.5521739130434783,-0.46956521739130436,-0.3804347826086957,16
285,-0.17608695652173914,0.08246555103648112,-0.31304347826086953,-0.1826086956521739,-0.028260869565217395,16
286,-0.03152173913043478,0.06262039443840903,-0.13478260869565217,-0.043478260869565216,0.06086956521739131,16
287,-0.25326086956521743,0.10407005601779175,-0.4652173913043478,-0.22608695652173913,-0.12608695652173912,16
288,-0.10760869565217392,0.0817388413500901,-0.23913043478260868,-0.13043478260869565,0.0021739130434782605,16
289,-0.04565217391304348,0.09179474926398874,-0.21956521739130433,-0.034782608695652174,0.1,16
290,-0.31739130434782603,0.08553180683872175,-0.4826086956521739,-0.3217391304347826,-0.2,16
291,0.0010869565217391302,0.07945198642858474,-0.13478260869565217,0.0,0.1391304347826087,16
292,0.12065217391304348,0.058322080109983965,0.02608695652173913,0.11304347826086956,0.23695652173913043,16
293,-0.11521739130434783,0.09403273371253117,-0.29565217391304344,-0.11304347826086956,0.04782608695652174,16
294,-0.13478260869565217,0.06492688923073077,-0.23913043478260868,-0.1391304347826087,-0.028260869565217395,16
295,-0.1,0.0881440649248404,-0.2717391304347826,-0.11304347826086956,0.06956521739130435,16
296,0.019565217391304346,0.08627449927384534,-0.1108695652173913,0.02608695652173913,0.16304347826086957,16
297,-0.43804347826086953,0.09400131720912767,-0.5521739130434783,-0.4782608695652174,-0.25434782608695655,16
298,-0.17934782608695654,0.06246927411087397,-0.2673913043478261,-0.1826086956521739,-0.047826086956521734,16
299,-0.02391304347826087,0.06788041302606955,-0.14782608695652175,0.0,0.06086956521739131,16
300,-0.36630434782608695,0.08888486850286312,-0.4717391304347826,-0.391304347826087,-0.1760869565217391,16
301,-0.6326086956521739,0.06386274270247122,-0.7326086956521739,-0.6347826086956522,-0.5195652173913043,16
302,0.18369565217391304,0.1183485528521275,-0.017391304347826084,0.19130434782608696,0.37826086956521743,16
303,-0.3467391304347826,0.11810871765939024,-0.5304347826086957,-0.33043478260869563,-0.1391304347826087,16
304,-0.6271739130434784,0.057341463865695566,-0.7152173913043479,-0.6347826086956522,-0.5195652173913043,16
305,-0.31195652173913047,0.09425235602496676,-0.48695652173913045,-0.30434782608695654,-0.1565217391304348,16
306,-0.44239130434782603,0.06748765902728429,-0.558695652173913,-0.43478260869565216,-0.3239130434782609,16
307,-0.21956521739130436,0.0664734123974811,-0.34347826086956523,-0.21739130434782608,-0.11956521739130435,16
308,-0.07608695652173914,0.10753730613940553,-0.26304347826086955,-0.043478260869565216,0.10869565217391305,16
309,0.1076086956521739,0.0548993752138017,0.03260869565217391,0.09565217391304348,0.2,16
310,0.05434782608695652,0.07701299819094935,-0.06086956521739131,0.052173913043478265,0.1760869565217391,16
311,-0.24673913043478263,0.07319827024927449,-0.3673913043478261,-0.25217391304347825,-0.10217391304347827,16
312,-0.15434782608695652,0.09055071999851534,-0.27391304347826084,-0.19130434782608696,0.0021739130434782605,16
313,-0.1358695652173913,0.08220007635023752,-0.2934782608695652,-0.1217391304347826,-0.015217391304347825,16
314,0.06956521739130436,0.08673885801417393,-0.07608695652173914,0.08695652173913043,0.1826086956521739,16
315,-0.3739130434782609,0.056354266942677055,-0.4891304347826087,-0.3739130434782609,-0.2717391304347826,16
316,-0.41630434782608694,0.07143380348107721,-0.523913043478261,-0.4260869565217391,-0.2608695652173913,16
317,-0.07065217391304349,0.0820274171509822,-0.20217391304347826,-0.08695652173913043,0.09347826086956522,16
318,-0.3858695652173913,0.10154175391571574,-0.5695652173913043,-0.391304347826087,-0.2108695652173913,16
319,-0.24347826086956526,0.07429568474189158,-0.3739130434782609,-0.21739130434782608,-0.14782608695652175,16
320,-0.07173913043478261,0.09797090729777173,-0.25434782608695655,-0.034782608695652174,0.05869565217391305,16
321,-0.6445652173913043,0.05667829488905953,-0.7673913043478261,-0.6347826086956522,-0.5826086956521739,16
322,-0.23043478260869565,0.05447810472235508,-0.33043478260869563,-0.21739130434782608,-0.14782608695652175,16
323,-0.17934782608695654,0.080456812494335,-0.31521739130434784,-0.2,-0.0391304347826087,16
324,0.0641304347826087,0.08413211996964068,-0.0782608695652174,0.06086956521739131,0.2108695652173913,16
325,-0.06956521739130435,0.0968306845709569,-0.2891304347826087,-0.06086956521739131,0.043478260869565216,16
326,0.2728260869565218,0.06186110119622694,0.1956521739130435,0.25217391304347825,0.39999999999999997,16
327,-0.5130434782608696,0.09933617094605096,-0.6456521739130435,-0.5391304347826087,-0.3130434782608696,16
328,-0.1869565217391304,0.09712307784212468,-0.3391304347826087,-0.2173913043478261,-0.010869565217391302,16
329,-0.18804347826086956,0.08010360729518567,-0.30434782608695654,-0.16521739130434782,-0.06086956521739131,16
330,-0.14782608695652175,0.10009447333235946,-0.3565217391304348,-0.11304347826086956,-0.015217391304347825,16
331,-0.4326086956521739,0.059256579001908734,-0.5565217391304348,-0.40869565217391307,-0.3630434782608696,16
332,-0.22391304347826085,0.08014047213550765,-0.3739130434782609,-0.20869565217391306,-0.11956521739130435,16
333,0.11304347826086958,0.08846517369293827,-0.0391304347826087,0.09565217391304348,0.2673913043478261,16
334,-0.2043478260869565,0.07789770811812573,-0.33043478260869563,-0.23478260869565218,-0.06086956521739131,16
335,-0.11739130434782608,0.07886242237920459,-0.2326086956521739,-0.13043478260869565,0.019565217391304346,16
336,-0.02826086956521739,0.06561473162081118,-0.11304347826086956,-0.043478260869565216,0.07173913043478261,16
337,-0.06847826086956521,0.08339868263138384,-0.24347826086956523,-0.06086956521739131,0.043478260869565216,16
338,-0.5065217391304347,0.06760135567594004,-0.6108695652173913,-0.4956521739130435,-0.3739130434782609,16
339,-0.07826086956521738,0.09202613255876836,-0.2326086956521739,-0.0782608695652174,0.09130434782608696,16
340,-0.20869565217391306,0.07249274782840463,-0.28695652173913044,-0.22608695652173913,-0.06521739130434782,16
341,-0.05217391304347826,0.09078527399052652,-0.1826086956521739,-0.052173913043478265,0.12391304347826086,16
342,-0.3793478260869565,0.0757367717897602,-0.4782608695652174,-0.391304347826087,-0.25217391304347825,16
343,-0.09565217391304348,0.08016995180254684,-0.1760869565217391,-0.1217391304347826,0.09130434782608696,16
344,0.059782608695652176,0.07617231237150861,-0.06521739130434782,0.06086956521739131,0.21956521739130433,16
345,-0.17173913043478262,0.08014047213550766,-0.28695652173913044,-0.16521739130434782,-0.06086956521739131,16
346,-0.283695652173913,0.06657109564253288,-0.40869565217391307,-0.2782608695652174,-0.18913043478260871,16
347,-0.08260869565217391,0.07862235356532662,-0.18695652173913044,-0.0782608695652174,0.06086956521739131,16
348,-0.25,0.08907739673281687,-0.3891304347826087,-0.2608695652173913,-0.05652173913043478,16
349,-0.21521739130434783,0.08427944336947882,-0.3652173913043478,-0.2173913043478261,-0.06086956521739131,16
350,-0.1934782608695652,0.0752751725790469,-0.32608695652173914,-0.1826086956521739,-0.08478260869565218,16
351,0.24130434782608695,0.09034171632687021,0.052173913043478265,0.25217391304347825,0.3717391304347826,16
352,-0.33369565217391306,0.08469198054714572,-0.49347826086956526,-0.32173913043478264,-0.23478260869565218,16
353,-0.08586956521739131,0.10102850109759356,-0.25869565217391305,-0.09565217391304348,0.10652173913043478,16
354,-0.6771739130434782,0.057670188673401346,-0.7717391304347826,-0.6782608695652175,-0.5891304347826086,16
355,0.5423913043478261,0.08196978326566466,0.4260869565217391,0.5478260869565217,0.6978260869565218,16
356,0.05543478260869565,0.08883168383482358,-0.10434782608695653,0.052173913043478265,0.20869565217391303,16
357,0.015217391304347825,0.07451798478696788,-0.08260869565217391,0.0,0.15652173913043477,16
358,0.04021739130434783,0.0991873882921578,-0.12391304347826086,0.043478260869565216,0.22391304347826085,16
359,0.025,0.09415202082045117,-0.1282608695652174,0.02608695652173913,0.1760869565217391,16
360,-0.10869565217391304,0.07568215298056179,-0.25434782608695655,-0.09565217391304348,0.010869565217391304,16
361,0.28804347826086957,0.06635778317216172,0.1673913043478261,0.28695652173913044,0.4043478260869565,16
362,-0.08804347826086956,0.09201971310129071,-0.24565217391304348,-0.052173913043478265,0.04565217391304348,16
363,-0.059782608695652176,0.12212187503862264,-0.2782608695652174,-0.026086956521739132,0.11739130434782609,16
364,0.0010869565217391285,0.06621519308920884,-0.07173913043478261,0.0,0.14130434782608697,16
365,-0.02282608695652174,0.06246927411087397,-0.11304347826086956,-0.043478260869565216,0.09347826086956522,16
366,-0.005434782608695652,0.07927334205093403,-0.1760869565217391,0.008695652173913044,0.11739130434782609,16
367,0.041304347826086954,0.09362980637981752,-0.12391304347826086,0.043478260869565216,0.1826086956521739,16
368,0.11739130434782608,0.07692089570849624,-0.034782608695652174,0.13043478260869565,0.23913043478260868,16
369,-0.4869565217391304,0.08272303300191498,-0.5913043478260869,-0.5130434782608696,-0.30434782608695654,16
370,-0.4815217391304347,0.08322851000184164,-0.6086956521739131,-0.4956521739130435,-0.33478260869565213,16
371,-0.18478260869565216,0.06703975628308381,-0.29130434782608694,-0.2,-0.05869565217391304,16
372,0.11847826086956523,0.08819096610671379,-0.02391304347826087,0.11304347826086956,0.26304347826086955,16
373,-0.3108695652173913,0.09261481914843823,-0.47608695652173916,-0.29565217391304344,-0.17173913043478262,16
374,-0.24891304347826088,0.10636079234120069,-0.43478260869565216,-0.25217391304347825,-0.09130434782608696,16
375,0.03478260869565218,0.06901959941907627,-0.09782608695652173,0.052173913043478265,0.14130434782608697,16
376,-0.5869565217391304,0.09314906645925455,-0.758695652173913,-0.5826086956521739,-0.4391304347826087,16
377,0.0032608695652173933,0.101355417245034,-0.16956521739130434,0.0,0.17391304347826086,16
378,-0.2554347826086957,0.08413211996964066,-0.40652173913043477,-0.2434782608695652,-0.13043478260869565,16
379,-0.35434782608695653,0.08292274401200284,-0.4891304347826087,-0.3565217391304348,-0.21521739130434783,16
380,-0.7934782608695652,0.04637115001674248,-0.8434782608695652,-0.808695652173913,-0.6934782608695652,16
381,0.22934782608695653,0.06170812142277068,0.11521739130434783,0.22608695652173913,0.34347826086956523,16
382,-0.40326086956521734,0.07721982712570168,-0.5543478260869565,-0.40869565217391307,-0.26521739130434785,16
383,-0.16630434782608694,0.05976284258213597,-0.30217391304347824,-0.14782608695652175,-0.10217391304347827,16
384,0.5271739130434783,0.06513581855034188,0.4152173913043478,0.5304347826086957,0.6347826086956522,16
385,0.41630434782608694,0.056343783403019286,0.3108695652173913,0.43478260869565216,0.4891304347826087,16
386,-0.2684782608695652,0.05583825886539705,-0.36086956521739133,-0.2608695652173913,-0.18913043478260871,16
387,-0.0391304347826087,0.06404747766372276,-0.14130434782608697,-0.02608695652173913,0.07173913043478261,16
388,0.0967391304347826,0.11328882238721875,-0.043478260869565216,0.09565217391304348,0.33260869565217394,16
389,-0.4097826086956522,0.09314272439514786,-0.558695652173913,-0.408695652173913,-0.25869565217391305,16
390,0.1576086956521739,0.08607570194327988,0.010869565217391302,0.14782608695652172,0.30217391304347824,16
391,-0.5478260869565218,0.07826086956521738,-0.6804347826086957,-0.5217391304347827,-0.4434782608695652,16
392,-0.02717391304347826,0.08485921845339928,-0.15869565217391304,-0.034782608695652174,0.10652173913043478,16
393,0.22391304347826085,0.09777776584369138,0.023913043478260877,0.22608695652173913,0.35434782608695653,16
394,-0.1467391304347826,0.08749156048956842,-0.28695652173913044,-0.14782608695652172,0.02391304347826087,16
395,0.12608695652173912,0.07314175583156836,0.004347826086956523,0.13043478260869565,0.25217391304347825,16
396,-0.19130434782608696,0.08739022279235557,-0.35434782608695653,-0.17391304347826086,-0.0782608695652174,16
397,0.21956521739130436,0.09582494278493127,0.015217391304347822,0.22608695652173913,0.35,16
398,0.03043478260869565,0.06970095452991912,-0.08260869565217391,0.043478260869565216,0.14565217391304347,16
399,-0.3880434782608696,0.08978418779535645,-0.5456521739130434,-0.3739130434782609,-0.2391304347826087,16
400,-0.7760869565217392,0.04554853660816732,-0.8543478260869566,-0.7652173913043478,-0.7108695652173913,16
401,-0.26413043478260867,0.08057420349237715,-0.43043478260869567,-0.23478260869565218,-0.1565217391304348,16
402,-0.07934782608695652,0.08662300169955123,-0.1934782608695652,-0.10434782608695653,0.08260869565217391,16
403,0.18586956521739129,0.0991873882921578,0.023913043478260877,0.1826086956521739,0.3934782608695652,16
404,-0.1967391304347826,0.07998552562819665,-0.3217391304347826,-0.2,-0.06739130434782609,16
405,0.20543478260869566,0.08446848161079534,0.08043478260869566,0.19130434782608696,0.35434782608695653,16
406,-0.15760869565217392,0.050692277462439206,-0.24565217391304348,-0.14782608695652172,-0.09565217391304348,16
407,0.30543478260869567,0.06101496608993995,0.22391304347826085,0.28695652173913044,0.40217391304347827,16
408,-0.34456521739130436,0.060156930878355275,-0.45869565217391306,-0.32173913043478264,-0.26956521739130435,16
409,0.03260869565217392,0.08605511049082386,-0.12173913043478261,0.034782608695652174,0.14782608695652175,16
410,-0.18043478260869567,0.07774589018368551,-0.30217391304347824,-0.1826086956521739,-0.052173913043478265,16
411,0.23369565217391303,0.07076913395938274,0.13043478260869565,0.21739130434782608,0.35,16
412,-0.6358695652173914,0.07416039175398124,-0.7608695652173912,-0.6434782608695653,-0.491304347826087,16
413,0.08913043478260868,0.07652050394260018,-0.05652173913043478,0.11304347826086956,0.1934782608695652,16
414,0.02608695652173913,0.08889151434896031,-0.10434782608695653,0.0,0.18695652173913044,16
415,0.07173913043478261,0.07602481934802484,-0.06304347826086956,0.06086956521739131,0.21304347826086956,16
416,-0.07500000000000001,0.10256055429250756,-0.25,-0.06956521739130435,0.10652173913043478,16
417,-0.3271739130434783,0.07293956117307661,-0.44130434782608696,-0.3391304347826087,-0.1956521739130435,16
418,0.558695652173913,0.06561473162081116,0.4217391304347826,0.5652173913043478,0.6391304347826087,16
419,0.20543478260869566,0.061401018445646084,0.10217391304347827,0.19130434782608696,0.3217391304347826,16
420,-0.1032608695652174,0.07479493073408162,-0.2282608695652174,-0.08695652173913043,-0.008695652173913044,16
421,0.19130434782608696,0.08430747578115354,0.028260869565217395,0.20869565217391306,0.30869565217391304,16
422,0.058695652173913045,0.10753730613940553,-0.16086956521739132,0.06956521739130435,0.2282608695652174,16
423,-0.06630434782608696,0.09870977680963108,-0.21521739130434783,-0.06086956521739131,0.13478260869565217,16
424,-0.26521739130434785,0.09355406431021746,-0.41956521739130437,-0.25217391304347825,-0.10869565217391304,16
425,-0.13478260869565217,0.06285579258609114,-0.2673913043478261,-0.11304347826086956,-0.043478260869565216,16
426,-0.10108695652173913,0.07891484008015937,-0.24565217391304348,-0.10434782608695653,0.008695652173913044,16
427,-0.3315217391304348,0.09181405347700873,-0.49347826086956526,-0.34782608695652173,-0.16956521739130434,16
428,0.12608695652173912,0.06942921488117962,0.03260869565217391,0.13043478260869565,0.26304347826086955,16
429,-0.33043478260869563,0.07945942122824812,-0.4652173913043478,-0.33043478260869563,-0.1760869565217391,16
430,-0.1826086956521739,0.06791521457310135,-0.28043478260869564,-0.19130434782608696,-0.06739130434782609,16
431,0.009782608695652176,0.09904434667711051,-0.18913043478260871,0.017391304347826087,0.14130434782608697,16
432,-0.2532608695652174,0.1232006600895581,-0.4608695652173913,-0.26956521739130435,-0.03260869565217391,16
433,-0.2934782608695652,0.10806337844901365,-0.4478260869565217,-0.2782608695652174,-0.1,16
434,-0.09456521739130433,0.11041573783062145,-0.3,-0.10434782608695653,0.0891304347826087,16
435,0.16086956521739132,0.05271458979557453,0.06739130434782609,0.14782608695652175,0.2608695652173913,16
436,-0.5597826086956521,0.07447833701359087,-0.6847826086956522,-0.5652173913043478,-0.4326086956521739,16
437,0.28369565217391307,0.08546962449183364,0.14782608695652175,0.2956521739130435,0.40217391304347827,16
438,0.02391304347826087,0.10683184674178794,-0.1956521739130435,0.034782608695652174,0.1934782608695652,16
439,-0.37065217391304345,0.051156289677174324,-0.4543478260869565,-0.3739130434782609,-0.29347826086956524,16
440,-0.5380434782608696,0.06621519308920883,-0.65,-0.5217391304347827,-0.4173913043478261,16
441,-0.4760869565217391,0.0777458901836855,-0.6260869565217391,-0.4608695652173913,-0.3804347826086957,16
442,-0.09347826086956522,0.07725806801702982,-0.23913043478260868,-0.08695652173913043,0.0391304347826087,16
443,0.09130434782608696,0.061641073385903584,-0.034782608695652174,0.10434782608695653,0.1760869565217391,16
444,0.006521739130434785,0.08539356235392329,-0.09565217391304348,-0.017391304347826084,0.14782608695652175,16
445,-0.4445652173913043,0.10764162868910473,-0.5869565217391304,-0.4608695652173913,-0.24782608695652175,16
446,-0.3489130434782609,0.07143380348107721,-0.4826086956521739,-0.34782608695652173,-0.23695652173913043,16
447,-0.015217391304347827,0.08107850521291965,-0.15,-0.017391304347826084,0.11304347826086956,16
448,-0.35000000000000003,0.09241048394274906,-0.4891304347826087,-0.3652173913043478,-0.1782608695652174,16
449,0.1108695652173913,0.07298004491997617,-0.0021739130434782605,0.11304347826086958,0.2326086956521739,16
450,-0.5119565217391304,0.0723540836549679,-0.6347826086956522,-0.4956521739130435,-0.4,16
451,-0.07173913043478261,0.10063597390524093,-0.26521739130434785,-0.0608695652173913,0.06521739130434782,16
452,0.2760869565217391,0.08014047213550765,0.1,0.26956521739130435,0.39999999999999997,16
453,-0.27391304347826084,0.07288284614887047,-0.3565217391304348,-0.2782608695652174,-0.16086956521739132,16
454,-0.2326086956521739,0.06445203078423302,-0.35,-0.23478260869565218,-0.12608695652173912,16
455,0.20652173913043476,0.05176469956430721,0.11956521739130435,0.2,0.28043478260869564,16
456,0.3695652173913043,0.07692089570849624,0.27608695652173915,0.34782608695652173,0.5108695652173914,16
457,0.07934782608695652,0.08749156048956842,-0.06956521739130435,0.06086956521739131,0.24782608695652175,16
458,-0.032608695652173905,0.09261481914843823,-0.22608695652173913,-0.026086956521739132,0.0891304347826087,16
459,-0.28260869565217395,0.07642780796194325,-0.42391304347826086,-0.2608695652173913,-0.1782608695652174,16
460,-0.15217391304347827,0.0669339318188724,-0.23478260869565218,-0.16521739130434782,-0.05,16
461,0.16847826086956522,0.1018206195391043,-0.0021739130434782605,0.14782608695652175,0.35,16
462,0.0891304347826087,0.05697974966122242,-0.02608695652173913,0.09565217391304348,0.1760869565217391,16
463,0.20652173913043478,0.102127649100403,0.034782608695652174,0.20869565217391306,0.408695652173913,16
464,-0.05869565217391304,0.07577576112144947,-0.14782608695652175,-0.0782608695652174,0.08260869565217391,16
465,0.2684782608695652,0.06832280491225097,0.14347826086956522,0.26956521739130435,0.3826086956521739,16
466,-0.18043478260869564,0.08928935990396891,-0.31956521739130433,-0.1826086956521739,0.006521739130434783,16
467,0.08260869565217391,0.09555330859059091,-0.03695652173913043,0.06956521739130435,0.24347826086956523,16
468,-0.8554347826086957,0.04946547936079458,-0.941304347826087,-0.8608695652173913,-0.7804347826086956,16
469,-0.1423913043478261,0.08797635659352289,-0.2891304347826087,-0.13043478260869565,-0.015217391304347825,16
470,-0.4402173913043478,0.08851190472406972,-0.5826086956521739,-0.4173913043478261,-0.3217391304347826,16
471,0.391304347826087,0.06448868249648404,0.3108695652173913,0.3739130434782609,0.5173913043478261,16
472,0.11847826086956521,0.06811497840823173,-0.019565217391304346,0.13043478260869565,0.21521739130434783,16
473,-0.7380434782608696,0.056844812456490784,-0.808695652173913,-0.7391304347826086,-0.6239130434782608,16
474,-0.18369565217391304,0.08441251441458228,-0.29782608695652174,-0.20869565217391306,-0.010869565217391302,16
475,-0.5891304347826087,0.11583101569354107,-0.7434782608695653,-0.6086956521739131,-0.4152173913043478,16
476,0.3641304347826087,0.06023543914129309,0.27608695652173915,0.3652173913043478,0.4608695652173913,16
477,0.11956521739130434,0.09055071999851534,-0.028260869565217395,0.10434782608695653,0.2565217391304348,16
478,-0.5347826086956522,0.0937559071862949,-0.7152173913043479,-0.5217391304347827,-0.40869565217391307,16
479,0.3108695652173913,0.09542958290281725,0.15434782608695652,0.3391304347826087,0.45869565217391306,16
480,-0.4739130434782609,0.07339975224406145,-0.6304347826086957,-0.48695652173913045,-0.3739130434782609,16
481,-0.0021739130434782605,0.08992225165194102,-0.2043478260869565,0.008695652173913044,0.11739130434782609,16
482,-0.30434782608695654,0.0946588741612054,-0.4739130434782609,-0.29565217391304344,-0.15,16
483,-0.07282608695652174,0.0915563293097368,-0.1826086956521739,-0.10434782608695653,0.11521739130434783,16
484,-0.21413043478260868,0.09765080915845278,-0.3565217391304348,-0.21739130434782608,-0.015217391304347825,16
485,0.1989130434782609,0.09273593015126766,0.04565217391304348,0.20869565217391306,0.3565217391304348,16
486,0.4391304347826087,0.08351901179260238,0.3282608695652174,0.4260869565217391,0.6239130434782608,16
487,0.24891304347826088,0.0770973288100232,0.16521739130434782,0.2173913043478261,0.391304347826087,16
488,0.06630434782608696,0.06411200914373316,-0.05869565217391305,0.0782608695652174,0.14130434782608697,16
489,-0.30978260869565216,0.06866778466124819,-0.391304347826087,-0.3391304347826087,-0.2,16
490,0.23260869565217393,0.1073613758683978,0.06956521739130435,0.23478260869565218,0.4326086956521739,16
491,-0.3152173913043478,0.12478715337883624,-0.5304347826086957,-0.2608695652173913,-0.15217391304347827,16
492,-0.1956521739130435,0.06888251964241243,-0.29130434782608694,-0.20869565217391306,-0.06304347826086956,16
493,0.17065217391304346,0.08010360729518567,0.07391304347826087,0.1391304347826087,0.32608695652173914,16
494,0.4510869565217392,0.10288260235664172,0.25869565217391305,0.4608695652173913,0.6173913043478261,16
495,-0.001086956521739131,0.10542357627581513,-0.18043478260869567,0.0,0.18913043478260871,16
496,0.3184782608695652,0.07254976780854452,0.21956521739130436,0.2956521739130435,0.4608695652173913,16
497,0.4358695652173913,0.10084121603125194,0.2608695652173913,0.43478260869565216,0.6173913043478261,16
498,-0.5717391304347825,0.06266754480608511,-0.6565217391304348,-0.5739130434782609,-0.4565217391304348,16
499,-0.041304347826086954,0.09443394186510205,-0.15869565217391304,-0.052173913043478265,0.15869565217391304,16
500,0.11195652173913043,0.08727523115715576,-0.019565217391304346,0.09565217391304348,0.25217391304347825,16
501,-0.8239130434782609,0.06326796613415327,-0.8956521739130435,-0.8347826086956522,-0.7000000000000001,16
502,-0.43804347826086953,0.061708121422770684,-0.5413043478260869,-0.4260869565217391,-0.3391304347826087,16
503,0.12065217391304348,0.06678372677958971,0.02608695652173913,0.13043478260869565,0.2326086956521739,16
504,0.10108695652173913,0.06921617597796943,-0.02391304347826087,0.09565217391304348,0.2043478260869565,16
505,-0.1934782608695652,0.0903417163268702,-0.3326086956521739,-0.20869565217391306,-0.034782608695652174,16
506,-0.33695652173913043,0.06415806331901612,-0.4260869565217391,-0.3217391304347826,-0.23043478260869565,16
507,-0.20652173913043478,0.05925657900190874,-0.28695652173913044,-0.20869565217391306,-0.08043478260869566,16
508,0.10652173913043478,0.10841267512862332,-0.07826086956521738,0.09565217391304348,0.3282608695652174,16
509,-0.266304347826087,0.08413211996964068,-0.4391304347826087,-0.25217391304347825,-0.14347826086956522,16
510,-0.7423913043478261,0.050035431680364784,-0.8195652173913044,-0.7304347826086957,-0.658695652173913,16
511,-0.15000000000000002,0.07725806801702984,-0.29782608695652174,-0.1391304347826087,-0.05,16
512,-0.7695652173913043,0.07568215298056177,-0.8978260869565218,-0.7826086956521738,-0.6326086956521739,16
513,-0.49673913043478257,0.07313367877827978,-0.6108695652173913,-0.48695652173913045,-0.3695652173913043,16
514,0.0032608695652173924,0.10338665108188855,-0.1760869565217391,0.0,0.1760869565217391,16
515,-0.5782608695652174,0.03961058077888824,-0.6282608695652174,-0.5826086956521739,-0.5086956521739131,16
516,-0.7576086956521739,0.06804556185169364,-0.8717391304347827,-0.7739130434782608,-0.6478260869565218,16
517,-0.05217391304347826,0.06846963368705922,-0.15217391304347824,-0.06956521739130435,0.07173913043478261,16
518,-0.25326086956521743,0.1058709043750676,-0.3847826086956522,-0.2956521739130435,-0.08478260869565218,16
519,-0.46195652173913043,0.10242222370785922,-0.6108695652173913,-0.4608695652173913,-0.28260869565217395,16
520,-0.8347826086956522,0.040320080415198724,-0.9065217391304348,-0.8260869565217391,-0.7804347826086956,16
521,-0.06195652173913044,0.07813244293468238,-0.18043478260869567,-0.0782608695652174,0.09565217391304348,16
522,-0.6706521739130434,0.07050151160078925,-0.8,-0.6695652173913044,-0.5543478260869564,16
523,-0.4260869565217391,0.0918204873127951,-0.6,-0.4173913043478261,-0.28260869565217395,16
524,-0.6304347826086957,0.06693393181887242,-0.7369565217391304,-0.6434782608695653,-0.5152173913043478,16
525,-0.7891304347826087,0.05391129029407497,-0.8934782608695652,-0.7826086956521738,-0.7108695652173913,16
526,-0.3010869565217391,0.07685174641005885,-0.43478260869565216,-0.2956521739130435,-0.15217391304347827,16
527,-0.5739130434782609,0.07530655685082074,-0.6956521739130435,-0.5826086956521739,-0.4282608695652174,16
528,-0.5467391304347826,0.0754241315623068,-0.65,-0.5652173913043478,-0.3978260869565218,16
529,-0.2076086956521739,0.09201971310129073,-0.36086956521739133,-0.20869565217391306,-0.06304347826086956,16
530,-0.4326086956521739,0.07323861099096964,-0.5739130434782609,-0.4260869565217391,-0.3173913043478261,16
531,-0.5130434782608695,0.07378505542816148,-0.65,-0.5217391304347827,-0.3826086956521739,16
532,-0.3315217391304348,0.08629503837645125,-0.4891304347826087,-0.31304347826086953,-0.1956521739130435,16
533,-0.2108695652173913,0.08154347536309153,-0.3326086956521739,-0.2,-0.05434782608695652,16
534,-0.03260869565217391,0.059574737417585746,-0.14782608695652175,-0.034782608695652174,0.043478260869565216,16
535,-0.46521739130434786,0.08728199956471623,-0.6108695652173913,-0.4608695652173913,-0.2891304347826087,16
536,-0.6467391304347826,0.08033924996579295,-0.7673913043478261,-0.6347826086956522,-0.5304347826086957,16
537,-0.5695652173913044,0.08706514954130777,-0.691304347826087,-0.5826086956521739,-0.4326086956521739,16
538,-0.7510869565217391,0.07345606816901282,-0.9065217391304348,-0.7391304347826086,-0.6695652173913044,16
539,-0.4152173913043478,0.08992225165194104,-0.5413043478260869,-0.4,-0.25652173913043474,16
540,-0.3076086956521739,0.07635821212905862,-0.43478260869565216,-0.30434782608695654,-0.1826086956521739,16
541,-0.019565217391304346,0.0747712327039993,-0.14782608695652175,0.0,0.08260869565217391,16
542,-0.7619565217391304,0.05558377250237215,-0.8369565217391305,-0.7652173913043478,-0.6652173913043479,16
543,-0.41630434782608694,0.07428773315148599,-0.5717391304347826,-0.40869565217391307,-0.3065217391304348,16
544,-0.15000000000000002,0.11680610984356252,-0.40217391304347827,-0.11304347826086956,-0.010869565217391302,16
545,-0.65,0.07942967785410916,-0.7673913043478261,-0.6608695652173913,-0.49782608695652175,16
546,-0.24239130434782608,0.0714338034810772,-0.34347826086956523,-0.2434782608695652,-0.13043478260869565,16
547,-0.7847826086956522,0.07919132869603036,-0.8652173913043478,-0.808695652173913,-0.5956521739130435,16
548,0.020652173913043484,0.07003071159932442,-0.10652173913043478,0.017391304347826087,0.15,16
549,-0.7086956521739131,0.06860753842634565,-0.8130434782608695,-0.6869565217391305,-0.6,16
550,-0.35543478260869565,0.09004698416536715,-0.5217391304347826,-0.3391304347826087,-0.22391304347826085,16
551,-0.2,0.08519964322724097,-0.3326086956521739,-0.20869565217391306,-0.015217391304347822,16
552,-0.7369565217391305,0.06326796613415325,-0.8586956521739131,-0.7304347826086957,-0.6326086956521739,16
553,-0.4880434782608696,0.049560926587730425,-0.5521739130434783,-0.4956521739130435,-0.3869565217391304,16
554,-0.508695652173913,0.07157425057893185,-0.6108695652173913,-0.5130434782608696,-0.3869565217391304,16
555,-0.6695652173913043,0.04880422678400794,-0.7391304347826086,-0.6695652173913044,-0.5847826086956521,16
556,-0.08043478260869566,0.06083073295492706,-0.16956521739130434,-0.08695652173913043,0.041304347826086954,16
557,-0.8380434782608697,0.058240992715733964,-0.9239130434782609,-0.817391304347826,-0.7304347826086957,16
558,-0.3978260869565218,0.07871246517492031,-0.5326086956521738,-0.4,-0.24782608695652175,16
559,-0.5141304347826087,0.06462594128780325,-0.6260869565217391,-0.5304347826086957,-0.4152173913043478,16
560,-0.5793478260869566,0.07176382974019158,-0.6695652173913044,-0.5913043478260869,-0.4782608695652174,16
561,-0.10217391304347827,0.10432517870175502,-0.2673913043478261,-0.08695652173913043,0.10434782608695653,16
562,-0.35000000000000003,0.07298004491997617,-0.4543478260869565,-0.3565217391304348,-0.20217391304347826,16
563,-0.3793478260869565,0.07345606816901284,-0.4891304347826087,-0.3826086956521739,-0.23260869565217393,16
564,-0.17282608695652174,0.07009816233646186,-0.30869565217391304,-0.14782608695652175,-0.07391304347826087,16
565,-0.18478260869565216,0.05631232107386356,-0.27391304347826084,-0.19130434782608696,-0.08478260869565218,16
566,-0.30978260869565216,0.04791247139246563,-0.3673913043478261,-0.33043478260869563,-0.20652173913043478,16
567,-0.3173913043478261,0.08283721253590284,-0.40869565217391307,-0.33043478260869563,-0.13695652173913042,16
568,-0.4326086956521739,0.08246555103648111,-0.5760869565217391,-0.4260869565217391,-0.28260869565217395,16
569,-0.5358695652173913,0.06322126356180811,-0.6391304347826087,-0.5304347826086957,-0.4391304347826087,16
570,-0.43260869565217397,0.06206131488530522,-0.523913043478261,-0.4434782608695652,-0.3130434782608696,16
571,-0.3358695652173913,0.10256055429250756,-0.5108695652173914,-0.3391304347826087,-0.16086956521739132,16
572,-0.4130434782608696,0.05307198093797263,-0.4956521739130435,-0.4173913043478261,-0.3,16
573,-0.3282608695652174,0.08886492798247694,-0.4826086956521739,-0.33043478260869563,-0.1956521739130435,16
574,-0.5880434782608696,0.057915507846770534,-0.691304347826087,-0.5739130434782609,-0.5195652173913043,16
575,-0.10217391304347825,0.06871078534469177,-0.25217391304347825,-0.0782608695652174,-0.015217391304347825,16
576,-0.22608695652173913,0.07480282840906631,-0.31521739130434784,-0.2434782608695652,-0.05000000000000001,16
577,-0.31739130434782603,0.05377963859501296,-0.41304347826086957,-0.3217391304347826,-0.22391304347826085,16
578,0.05869565217391304,0.0851719044528684,-0.0891304347826087,0.06086956521739131,0.18695652173913044,16
579,-0.12826086956521737,0.08177496901653925,-0.26304347826086955,-0.14782608695652175,0.008695652173913044,16
580,-0.6934782608695652,0.06843511408129214,-0.8021739130434783,-0.6956521739130435,-0.5891304347826086,16
581,-0.40543478260869564,0.059046855893656845,-0.523913043478261,-0.391304347826087,-0.3282608695652174,16
582,-0.4706521739130435,0.07352037640472109,-0.5826086956521739,-0.4782608695652174,-0.3304347826086957,16
583,-0.5434782608695652,0.07518094115561122,-0.6456521739130435,-0.5478260869565217,-0.3934782608695652,16
584,-0.42391304347826086,0.09362980637981752,-0.5521739130434783,-0.40869565217391307,-0.24565217391304348,16
585,-0.6793478260869565,0.054293451059748594,-0.7891304347826087,-0.6695652173913044,-0.6065217391304347,16
586,-0.6760869565217391,0.0598912057128518,-0.7891304347826087,-0.6782608695652175,-0.5717391304347825,16
587,-0.21847826086956523,0.0691478649068214,-0.3521739130434783,-0.20869565217391306,-0.10434782608695653,16
588,-0.004347826086956519,0.06860753842634565,-0.13043478260869565,-0.017391304347826084,0.1,16
589,-0.4478260869565217,0.06375164477658773,-0.5695652173913043,-0.45217391304347826,-0.3521739130434782,16
590,-0.5032608695652174,0.057997050312843905,-0.6043478260869565,-0.5043478260869565,-0.4217391304347826,16
591,0.10108695652173913,0.058886565524267555,0.021739130434782608,0.0782608695652174,0.2217391304347826,16
592,-0.22934782608695653,0.0711022453975056,-0.32608695652173914,-0.23478260869565218,-0.06956521739130435,16
593,-0.5130434782608695,0.07850204384899037,-0.6347826086956522,-0.5217391304347826,-0.3978260869565218,16
594,-0.47500000000000003,0.08300107043744563,-0.5826086956521739,-0.48695652173913045,-0.3108695652173913,16
595,-0.3804347826086957,0.07502362576842347,-0.49782608695652175,-0.391304347826087,-0.24130434782608695,16
596,-0.15869565217391304,0.08539356235392329,-0.27391304347826084,-0.15652173913043477,-0.002173913043478262,16
597,-0.5684782608695652,0.06425926632111936,-0.6869565217391305,-0.5565217391304347,-0.4739130434782609,16
598,0.011956521739130433,0.06880529225260201,-0.09347826086956522,0.0,0.14130434782608697,16
599,-0.33369565217391306,0.05385647452972824,-0.41956521739130437,-0.3217391304347826,-0.25217391304347825,16
600,-0.16195652173913044,0.07149993059866817,-0.23913043478260868,-0.1826086956521739,0.0043478260869565175,16
601,-0.4532608695652174,0.07428773315148599,-0.6173913043478261,-0.4434782608695652,-0.3630434782608696,16
602,-0.21630434782608693,0.08596582386824392,-0.3717391304347826,-0.22608695652173913,-0.08478260869565218,16
603,0.035869565217391305,0.07873497696293241,-0.11739130434782609,0.052173913043478265,0.14782608695652175,16
604,-0.2510869565217392,0.08051552938775099,-0.3717391304347826,-0.2608695652173913,-0.12608695652173912,16
605,-0.008695652173913042,0.07037571328799411,-0.13695652173913042,-0.02608695652173913,0.11739130434782609,16
606,-0.4836956521739131,0.07523592382900961,-0.6217391304347826,-0.4956521739130435,-0.358695652173913,16
607,-0.4108695652173913,0.06356605007484108,-0.5065217391304349,-0.4173913043478261,-0.30434782608695654,16
608,-0.26413043478260867,0.09072669234141412,-0.40217391304347827,-0.2434782608695652,-0.14347826086956522,16
609,8.673617379884035e-19,0.07580693814853345,-0.12173913043478261,0.0,0.13478260869565217,16
610,0.0010869565217391285,0.09015188821627809,-0.14130434782608697,0.02608695652173913,0.15869565217391304,16
611,0.018478260869565215,0.06678372677958971,-0.09347826086956522,0.02608695652173913,0.1391304347826087,16
612,-0.5554347826086956,0.08952061996470859,-0.7239130434782608,-0.5391304347826087,-0.4217391304347826,16
613,-0.5032608695652174,0.06706618630827106,-0.5826086956521739,-0.5304347826086957,-0.40869565217391307,16
614,-0.3793478260869565,0.07371296449211293,-0.5,-0.3739130434782609,-0.24347826086956523,16
615,-0.6141304347826086,0.0717638297401916,-0.7217391304347827,-0.6,-0.4956521739130435,16
616,-0.46521739130434786,0.05652173913043479,-0.5521739130434783,-0.46956521739130436,-0.3565217391304348,16
617,-0.05978260869565217,0.08962614010738276,-0.18695652173913044,-0.052173913043478265,0.1282608695652174,16
618,-0.14565217391304347,0.06051917785684806,-0.23913043478260868,-0.14782608695652172,-0.034782608695652174,16
619,-0.059782608695652176,0.1044327100398912,-0.2108695652173913,-0.043478260869565216,0.1108695652173913,16
620,-0.39565217391304347,0.07391304347826089,-0.5173913043478261,-0.4,-0.25652173913043474,16
621,-0.4478260869565217,0.07314175583156837,-0.5521739130434783,-0.4608695652173913,-0.3282608695652174,16
622,-0.1467391304347826,0.08727523115715576,-0.27391304347826084,-0.17391304347826086,0.008695652173913044,16
623,-0.125,0.09638430285803344,-0.30434782608695654,-0.09565217391304348,0.04565217391304348,16
624,-0.6130434782608696,0.045392636995263275,-0.6804347826086957,-0.6173913043478261,-0.5108695652173914,16
625,-0.37282608695652175,0.0691478649068214,-0.4782608695652174,-0.3652173913043478,-0.25869565217391305,16
626,-0.8206521739130435,0.06170812142277069,-0.9065217391304348,-0.808695652173913,-0.7021739130434783,16
627,-0.6445652173913043,0.07504724409917335,-0.8021739130434783,-0.6434782608695653,-0.5543478260869564,16
628,-0.7489130434782609,0.0647720300671286,-0.8652173913043478,-0.7304347826086957,-0.6521739130434783,16
629,-0.03152173913043478,0.08033924996579296,-0.12391304347826086,-0.043478260869565216,0.12173913043478261,16
630,-0.24239130434782608,0.06447952152158215,-0.3652173913043478,-0.23478260869565215,-0.16521739130434782,16
631,0.034782608695652174,0.08016995180254684,-0.1108695652173913,0.043478260869565216,0.15217391304347824,16
632,-0.08695652173913043,0.07429568474189158,-0.19782608695652174,-0.09565217391304348,0.06304347826086956,16
633,-0.07608695652173914,0.0838296499332993,-0.1934782608695652,-0.08695652173913043,0.06521739130434782,16
634,-0.3815217391304348,0.06982796846238706,-0.5130434782608696,-0.3652173913043478,-0.29347826086956524,16
635,-0.6543478260869565,0.07193648742510564,-0.7565217391304347,-0.6347826086956522,-0.5478260869565217,16
636,-0.7554347826086957,0.059445690929892665,-0.8369565217391305,-0.7565217391304347,-0.6760869565217391,16
637,-0.18804347826086956,0.08446848161079534,-0.30869565217391304,-0.19130434782608696,-0.01304347826086957,16
638,-0.6445652173913043,0.04640935226132436,-0.7152173913043479,-0.6521739130434783,-0.5608695652173913,16
639,0.013043478260869566,0.06805424279347186,-0.12173913043478261,0.008695652173913044,0.11304347826086956,16
640,-0.09239130434782608,0.09062245368302048,-0.2608695652173913,-0.10434782608695653,0.043478260869565216,16
641,-0.24456521739130435,0.08039805271837977,-0.3739130434782609,-0.23478260869565218,-0.10869565217391304,16
642,-0.059782608695652176,0.04859801936110469,-0.14782608695652175,-0.06086956521739131,0.02391304347826087,16
643,-0.567391304347826,0.08779487176655944,-0.7521739130434782,-0.5478260869565217,-0.4434782608695652,16
644,-0.17391304347826086,0.06622411396403399,-0.28695652173913044,-0.16521739130434782,-0.07391304347826087,16
645,-0.5521739130434783,0.06777590116573867,-0.6521739130434783,-0.5478260869565217,-0.4391304347826087,16
646,-0.1565217391304348,0.073528410979512,-0.2565217391304348,-0.1826086956521739,-0.043478260869565216,16
647,-0.49130434782608695,0.07262301342821766,-0.6043478260869565,-0.48695652173913045,-0.391304347826087,16
648,-0.29782608695652174,0.09362980637981752,-0.45217391304347826,-0.28695652173913044,-0.1282608695652174,16
649,-0.3065217391304348,0.06326796613415325,-0.3847826086956522,-0.32173913043478264,-0.20652173913043478,16
650,-0.02717391304347826,0.07980807554687229,-0.15217391304347824,-0.026086956521739132,0.1282608695652174,16
651,-0.043478260869565216,0.08016995180254684,-0.18695652173913044,-0.043478260869565216,0.11304347826086956,16
652,-0.20543478260869563,0.08883168383482358,-0.35,-0.21739130434782608,-0.0782608695652174,16
653,-0.09456521739130436,0.06224190566182786,-0.2043478260869565,-0.09565217391304348,0.02391304347826087,16
654,-0.08369565217391305,0.08925627383920827,-0.23913043478260868,-0.0782608695652174,0.041304347826086954,16
655,-0.08478260869565218,0.08337743004680481,-0.25434782608695655,-0.0782608695652174,0.019565217391304346,16
656,-0.6413043478260869,0.04797407932763897,-0.7043478260869566,-0.6521739130434783,-0.5543478260869564,16
657,-0.26086956521739124,0.05993064674821836,-0.3673913043478261,-0.23478260869565218,-0.1782608695652174,16
658,-0.26521739130434785,0.057844063894130736,-0.3217391304347826,-0.2782608695652174,-0.1391304347826087,16
659,-0.42065217391304344,0.08513721827572115,-0.5630434782608695,-0.4434782608695652,-0.27608695652173915,16
660,-0.32065217391304346,0.06635778317216173,-0.40869565217391307,-0.33043478260869563,-0.21739130434782608,16
661,0.0923913043478261,0.06880529225260201,-0.0608695652173913,0.11304347826086956,0.16521739130434782,16
662,-0.025,0.07617231237150861,-0.13043478260869565,-0.026086956521739132,0.13260869565217392,16
663,-0.2793478260869565,0.10506434251473204,-0.4369565217391304,-0.2782608695652174,-0.09782608695652174,16
664,-0.041304347826086954,0.08360384575230179,-0.14782608695652175,-0.034782608695652174,0.1,16
665,-0.5108695652173914,0.07942967785410916,-0.6217391304347826,-0.5217391304347827,-0.3695652173913043,16
666,0.06086956521739131,0.09140780887664625,-0.08260869565217391,0.0782608695652174,0.2217391304347826,16
667,0.10760869565217393,0.101355417245034,-0.06521739130434782,0.10434782608695653,0.29130434782608694,16
668,-0.14565217391304347,0.10665475280031374,-0.32608695652173914,-0.1217391304347826,0.006521739130434783,16
669,-0.004347826086956524,0.07862235356532662,-0.11304347826086956,-0.008695652173913044,0.15217391304347824,16
670,-0.06304347826086956,0.07007287591863563,-0.19130434782608696,-0.06086956521739131,0.05434782608695652,16
671,0.09999999999999999,0.0613336346941995,-0.013043478260869563,0.09565217391304348,0.1934782608695652,16
672,-0.01847826086956522,0.09242965955781474,-0.1673913043478261,-0.008695652173913044,0.15217391304347824,16
673,0.043478260869565216,0.0860825646661884,-0.1,0.052173913043478265,0.16956521739130434,16
674,-0.00652173913043478,0.11599410062568782,-0.18043478260869567,0.0,0.20652173913043476,16
675,-0.20652173913043476,0.0667571849251482,-0.3217391304347826,-0.2,-0.07608695652173914,16
676,-0.30869565217391304,0.10461921230883447,-0.4652173913043478,-0.30434782608695654,-0.1391304347826087,16
677,-0.12934782608695652,0.11362205615377885,-0.3173913043478261,-0.11304347826086956,0.08043478260869566,16
678,-0.03260869565217391,0.0641580633190161,-0.1108695652173913,-0.043478260869565216,0.12608695652173912,16
679,0.13152173913043477,0.05583825886539705,0.0391304347826087,0.11304347826086956,0.2282608695652174,16
680,0.04021739130434782,0.09784420122145925,-0.17173913043478262,0.06086956521739131,0.17391304347826086,16
681,-0.3739130434782609,0.07275304578557179,-0.5173913043478261,-0.3739130434782609,-0.28695652173913044,16
682,-0.11956521739130435,0.05925657900190874,-0.23478260869565218,-0.09565217391304348,-0.05,16
683,0.06739130434782609,0.07847193759904367,-0.04782608695652174,0.06086956521739131,0.2,16
684,-0.019565217391304346,0.05925657900190874,-0.1391304347826087,-0.008695652173913044,0.09347826086956522,16
685,0.375,0.09150469737030859,0.1956521739130435,0.3565217391304348,0.4956521739130435,16
686,0.18695652173913044,0.08553180683872175,0.05,0.2,0.33695652173913043,16
687,-0.11304347826086958,0.055338791571121114,-0.2108695652173913,-0.11304347826086956,-0.02608695652173913,16
688,0.001086956521739131,0.10807977694858183,-0.13478260869565217,-0.02608695652173913,0.1934782608695652,16
689,0.02934782608695652,0.08700406309092078,-0.12173913043478261,0.02608695652173913,0.15869565217391304,16
690,-0.27717391304347827,0.08407592886638127,-0.40217391304347827,-0.25217391304347825,-0.16086956521739132,16
691,-0.01847826086956522,0.09505122487225742,-0.16304347826086957,-0.043478260869565216,0.1673913043478261,16
692,-0.10326086956521739,0.09405157857735429,-0.26304347826086955,-0.10434782608695653,0.03695652173913043,16
693,-0.1108695652173913,0.07602481934802484,-0.2282608695652174,-0.09565217391304348,0.013043478260869563,16
694,-0.13478260869565217,0.06404747766372275,-0.25,-0.12173913043478261,-0.0391304347826087,16
695,-0.08804347826086956,0.08759952481938603,-0.2217391304347826,-0.10434782608695653,0.06521739130434782,16
696,-0.18804347826086956,0.09009945145848054,-0.3391304347826087,-0.2,-0.03260869565217391,16
697,0.13478260869565217,0.064341950378038,0.05,0.13043478260869565,0.2282608695652174,16
698,-0.1934782608695652,0.08292274401200282,-0.3217391304347826,-0.2,-0.043478260869565216,16
699,0.3673913043478261,0.09383148632568364,0.23043478260869565,0.3739130434782609,0.5326086956521738,16
700,0.07391304347826087,0.06608123545030724,-0.019565217391304346,0.06956521739130435,0.1826086956521739,16
701,-0.1076086956521739,0.06078215773919919,-0.2282608695652174,-0.10434782608695653,-0.02608695652173913,16
702,0.15869565217391304,0.10432517870175502,0.02608695652173913,0.14782608695652172,0.3326086956521739,16
703,-0.6293478260869565,0.06811497840823175,-0.7434782608695653,-0.6173913043478261,-0.5260869565217391,16
704,-0.05108695652173913,0.07504724409917335,-0.1826086956521739,-0.02608695652173913,0.05434782608695652,16
705,-0.4,0.060869565217391314,-0.4891304347826087,-0.4,-0.2891304347826087,16
706,0.07173913043478261,0.0886519500178421,-0.06739130434782609,0.06086956521739131,0.2565217391304348,16
707,-0.035869565217391305,0.08294411309984938,-0.19130434782608696,-0.034782608695652174,0.0891304347826087,16
708,-0.33260869565217394,0.08692934357883567,-0.4543478260869565,-0.3565217391304348,-0.2,16
709,0.19456521739130433,0.09985220647535145,0.008695652173913049,0.2,0.36086956521739133,16
710,-0.7000000000000001,0.05342698142367177,-0.8108695652173913,-0.7043478260869566,-0.6239130434782608,16
711,-0.14565217391304347,0.06843511408129214,-0.24565217391304348,-0.15652173913043477,-0.043478260869565216,16
712,-0.13043478260869565,0.08608256466618838,-0.25217391304347825,-0.13043478260869565,0.05434782608695653,16
713,-0.4097826086956522,0.07542413156230682,-0.5347826086956522,-0.40869565217391307,-0.2673913043478261,16
714,-0.27608695652173915,0.08605511049082386,-0.39999999999999997,-0.2956521739130435,-0.1,16
715,-0.4880434782608696,0.07479493073408162,-0.6043478260869565,-0.48695652173913045,-0.3521739130434782,16
716,-0.21195652173913043,0.06699568307058686,-0.34782608695652173,-0.2,-0.13043478260869565,16
717,-0.39021739130434785,0.08396343384511129,-0.5478260869565217,-0.3739130434782609,-0.26521739130434785,16
718,-0.2684782608695652,0.07666704336774938,-0.40217391304347827,-0.2782608695652174,-0.12608695652173912,16
719,0.05,0.07426387327190749,-0.05434782608695652,0.06086956521739131,0.1782608695652174,16
720,0.05543478260869565,0.06921617597796943,-0.05869565217391305,0.06086956521739131,0.19130434782608696,16
721,-0.05543478260869565,0.09359825463287956,-0.21956521739130433,-0.06086956521739131,0.10652173913043478,16
722,-0.4108695652173913,0.07750236291293865,-0.5326086956521738,-0.43478260869565216,-0.2782608695652174,16
723,-0.15652173913043477,0.08040540003872579,-0.26956521739130435,-0.13043478260869565,-0.0391304347826087,16
724,-0.07934782608695652,0.10551319361323981,-0.26521739130434785,-0.09565217391304348,0.12173913043478261,16
725,0.15543478260869567,0.10140203351391007,-0.006521739130434783,0.16521739130434782,0.35434782608695653,16
726,-0.3793478260869565,0.12656860778396242,-0.6086956521739131,-0.34782608695652173,-0.21739130434782608,16
727,-0.17934782608695654,0.09410181310013883,-0.29782608695652174,-0.1826086956521739,0.013043478260869563,16
728,-0.07282608695652174,0.10172774927051426,-0.2326086956521739,-0.08695652173913043,0.11521739130434783,16
729,-0.31630434782608696,0.058886565524267555,-0.391304347826087,-0.31304347826086953,-0.22391304347826085,16
730,-0.6652173913043479,0.06860753842634566,-0.7652173913043478,-0.6608695652173913,-0.5282608695652173,16
731,-0.3565217391304348,0.07091089752304387,-0.48043478260869565,-0.3652173913043478,-0.24130434782608695,16
732,-0.21413043478260868,0.08480350912951969,-0.3934782608695652,-0.19130434782608696,-0.11956521739130435,16
733,-0.7119565217391304,0.05429345105974858,-0.7891304347826087,-0.7391304347826086,-0.6173913043478261,16
734,-0.16086956521739132,0.06997163886709167,-0.28043478260869564,-0.14782608695652175,-0.04565217391304348,16
735,-0.3467391304347826,0.057670188673401346,-0.4369565217391304,-0.3739130434782609,-0.24130434782608695,16
736,-0.1641304347826087,0.07364882441949967,-0.31956521739130433,-0.15652173913043477,-0.06739130434782609,16
737,0.03695652173913043,0.072720559494251,-0.0782608695652174,0.052173913043478265,0.16956521739130434,16
738,-0.6445652173913043,0.07679022809208723,-0.7565217391304347,-0.6434782608695653,-0.5260869565217391,16
739,-0.19130434782608696,0.07679792057676388,-0.30869565217391304,-0.1826086956521739,-0.08478260869565218,16
740,-0.13043478260869565,0.052893587219984516,-0.2108695652173913,-0.1391304347826087,-0.021739130434782608,16
741,-0.09130434782608696,0.08397046919925202,-0.2326086956521739,-0.0782608695652174,0.02608695652173913,16
742,-0.14347826086956522,0.051992438013484334,-0.2282608695652174,-0.14782608695652175,-0.06086956521739131,16
743,-0.08478260869565217,0.09443394186510205,-0.26956521739130435,-0.0782608695652174,0.052173913043478265,16
744,-0.10326086956521739,0.09837406907777432,-0.2673913043478261,-0.1217391304347826,0.06086956521739131,16
745,-0.45,0.065325996527464,-0.5782608695652174,-0.45217391304347826,-0.33478260869565213,16
746,-0.7402173913043478,0.05446726007116325,-0.8260869565217391,-0.7304347826086957,-0.6391304347826087,16
747,-0.40760869565217395,0.1062274105865543,-0.5413043478260869,-0.4347826086956522,-0.21521739130434783,16
748,-0.4195652173913043,0.07577576112144946,-0.5760869565217391,-0.4260869565217391,-0.2891304347826087,16
749,-0.675,0.05455395691882438,-0.7608695652173912,-0.6782608695652175,-0.5891304347826086,16
750,-0.37717391304347825,0.059046855893656824,-0.4543478260869565,-0.391304347826087,-0.26521739130434785,16
751,0.06630434782608696,0.08424438973764621,-0.05434782608695652,0.052173913043478265,0.2043478260869565,16
752,-0.3739130434782608,0.0863018836577357,-0.5108695652173914,-0.3739130434782609,-0.22391304347826085,16
753,-0.22499999999999998,0.0801625829021404,-0.3804347826086957,-0.23478260869565215,-0.10217391304347827,16
754,-0.3358695652173913,0.0606264555103667,-0.4717391304347826,-0.3217391304347826,-0.25869565217391305,16
755,-0.3989130434782609,0.061784658657053536,-0.4717391304347826,-0.4173913043478261,-0.28260869565217395,16
756,-0.43478260869565216,0.10140785904078783,-0.5695652173913043,-0.4434782608695652,-0.23478260869565215,16
757,-0.5902173913043478,0.06955672502511373,-0.7304347826086957,-0.5826086956521739,-0.4739130434782609,16
758,-0.35434782608695653,0.11302257331787789,-0.5739130434782609,-0.3652173913043478,-0.18913043478260871,16
759,-0.3032608695652174,0.07076913395938274,-0.44130434782608696,-0.2956521739130435,-0.20217391304347826,16
760,-0.5380434782608696,0.061477938010344645,-0.6282608695652174,-0.5391304347826087,-0.45,16
761,0.12717391304347825,0.07435132206375082,-0.0021739130434782605,0.1217391304347826,0.25,16
762,-0.466304347826087,0.06921617597796943,-0.5956521739130435,-0.4782608695652174,-0.3630434782608696,16
763,-0.47391304347826085,0.06521739130434782,-0.5760869565217391,-0.4782608695652174,-0.358695652173913,16
764,-0.5228260869565218,0.09344665795413837,-0.6391304347826087,-0.5217391304347827,-0.31521739130434784,16
765,-0.4978260869565217,0.07652050394260017,-0.5934782608695652,-0.5391304347826087,-0.358695652173913,16
766,-0.41956521739130437,0.07823067050194166,-0.5695652173913043,-0.4,-0.3065217391304348,16
767,0.04347826086956522,0.08542122914951522,-0.08695652173913043,0.02608695652173913,0.1934782608695652,16
768,-0.34456521739130436,0.07746424261998623,-0.4739130434782609,-0.3565217391304348,-0.20217391304347826,16
769,-0.2663043478260869,0.07807193377328493,-0.39999999999999997,-0.26956521739130435,-0.12608695652173912,16
770,-0.5869565217391304,0.06997163886709165,-0.6804347826086957,-0.6,-0.43695652173913047,16
771,-0.5619565217391305,0.06366819411133681,-0.65,-0.5652173913043478,-0.42391304347826086,16
772,-0.3184782608695652,0.08022151515263061,-0.46956521739130436,-0.31304347826086953,-0.19130434782608696,16
773,0.1815217391304348,0.0906745879911919,0.0391304347826087,0.19130434782608696,0.3326086956521739,16
774,-0.28695652173913044,0.08673885801417393,-0.4456521739130435,-0.28695652173913044,-0.13260869565217392,16
775,0.020652173913043477,0.10338665108188855,-0.1673913043478261,0.008695652173913044,0.15869565217391304,16
776,-0.43695652173913047,0.0909672867517725,-0.5869565217391304,-0.45217391304347826,-0.29347826086956524,16
777,-0.2532608695652174,0.09750551339168949,-0.40869565217391307,-0.25217391304347825,-0.10869565217391304,16
778,-0.2891304347826087,0.06871078534469177,-0.4217391304347826,-0.2782608695652174,-0.18478260869565216,16
779,-0.3760869565217391,0.09423355131170975,-0.4826086956521739,-0.4,-0.14782608695652175,16
780,-0.5815217391304348,0.06776718456854931,-0.7043478260869566,-0.5739130434782609,-0.46956521739130436,16
781,-0.7206521739130434,0.04701636685626557,-0.7739130434782608,-0.7217391304347827,-0.6239130434782608,16
782,-0.4043478260869565,0.07391304347826089,-0.523913043478261,-0.391304347826087,-0.27608695652173915,16
783,-0.4173913043478261,0.08226473012358479,-0.591304347826087,-0.4260869565217391,-0.2956521739130435,16
784,-0.29239130434782606,0.0716320016982409,-0.40217391304347827,-0.2956521739130435,-0.16304347826086957,16
785,-0.4619565217391305,0.06578556848423482,-0.558695652173913,-0.45217391304347826,-0.3630434782608696,16
786,-0.25217391304347825,0.06735623210795508,-0.3717391304347826,-0.26956521739130435,-0.13260869565217392,16
787,-0.22717391304347825,0.07377704880284051,-0.33695652173913043,-0.23478260869565218,-0.06956521739130435,16
788,-0.2597826086956522,0.08629503837645125,-0.391304347826087,-0.2434782608695652,-0.14347826086956522,16
789,-0.5521739130434782,0.07050989017489936,-0.6956521739130435,-0.5391304347826087,-0.4565217391304348,16
790,-0.5402173913043478,0.08294411309984936,-0.6565217391304348,-0.5478260869565217,-0.3739130434782609,16
791,-0.46195652173913043,0.07156599661470227,-0.5760869565217391,-0.4434782608695652,-0.358695652173913,16
792,-0.4315217391304348,0.08311486801676482,-0.5739130434782609,-0.4260869565217391,-0.2782608695652174,16
793,-0.41195652173913044,0.08022151515263061,-0.5608695652173913,-0.4173913043478261,-0.2717391304347826,16
794,-0.028260869565217388,0.08517190445286842,-0.1869565217391304,-0.034782608695652174,0.13478260869565217,16
795,-0.55,0.06020601053967925,-0.6347826086956522,-0.5565217391304347,-0.4326086956521739,16
796,-0.7423913043478261,0.06425926632111935,-0.8630434782608696,-0.7565217391304347,-0.6413043478260869,16
797,-0.45108695652173914,0.10214500053461012,-0.6326086956521739,-0.46956521739130436,-0.27608695652173915,16
798,-0.4902173913043478,0.0769746355493705,-0.5934782608695652,-0.5130434782608696,-0.3521739130434782,16
799,-0.26086956521739124,0.082723033001915,-0.3847826086956522,-0.2608695652173913,-0.12608695652173912,16
800,0.01630434782608696,0.061784658657053536,-0.0891304347826087,0.034782608695652174,0.1,16
801,-0.15217391304347827,0.10569778940124537,-0.3326086956521739,-0.14782608695652172,0.013043478260869563,16
802,-0.4260869565217391,0.07404081028663653,-0.5652173913043478,-0.40869565217391307,-0.3217391304347826,16
803,-0.5858695652173913,0.06713661550731419,-0.7086956521739131,-0.5739130434782609,-0.4739130434782609,16
804,-0.5249999999999999,0.050971191685623266,-0.5934782608695652,-0.5391304347826087,-0.4434782608695652,16
805,-0.4913043478260869,0.07442279464618994,-0.6043478260869565,-0.5043478260869565,-0.3804347826086957,16
806,-0.10326086956521739,0.11033010273265456,-0.2934782608695652,-0.10434782608695653,0.06086956521739131,16
807,-0.06413043478260869,0.07998552562819665,-0.2108695652173913,-0.052173913043478265,0.043478260869565216,16
808,0.03804347826086957,0.08288711662302771,-0.1,0.02608695652173913,0.1934782608695652,16
809,-0.4543478260869565,0.04637115001674249,-0.523913043478261,-0.4608695652173913,-0.391304347826087,16
810,-0.5434782608695652,0.064341950378038,-0.6,-0.5652173913043478,-0.391304347826087,16
811,-0.44130434782608696,0.08494966818513011,-0.5847826086956522,-0.4434782608695652,-0.27608695652173915,16
812,-0.2793478260869565,0.097795889058918,-0.40217391304347827,-0.28695652173913044,-0.10869565217391304,16
813,-0.3858695652173913,0.08491489122858811,-0.5,-0.4,-0.24130434782608695,16
814,0.13043478260869565,0.07480282840906631,-0.02391304347826087,0.1391304347826087,0.21739130434782608,16
815,-0.4543478260869565,0.06590220170097442,-0.5695652173913043,-0.4608695652173913,-0.3565217391304348,16
816,-0.6326086956521739,0.05957473741758575,-0.7630434782608696,-0.6260869565217391,-0.5369565217391304,16
817,-0.4478260869565217,0.07183787670373176,-0.5652173913043478,-0.43478260869565216,-0.3391304347826087,16
818,-0.5130434782608696,0.07605589428059085,-0.6391304347826087,-0.5304347826086957,-0.3978260869565218,16
819,-0.1771739130434783,0.08883168383482358,-0.30434782608695654,-0.2,0.006521739130434783,16
820,-0.6217391304347826,0.07104406364507908,-0.7391304347826086,-0.6173913043478261,-0.5195652173913043,16
821,-0.09565217391304348,0.05865538070970453,-0.1760869565217391,-0.09565217391304348,0.03043478260869565,16
822,0.25217391304347825,0.09624323313555937,0.10217391304347827,0.2608695652173913,0.40217391304347827,16
823,-0.3173913043478261,0.07814000328526709,-0.40869565217391307,-0.34782608695652173,-0.18913043478260871,16
824,-0.5728260869565218,0.06269581800617276,-0.6521739130434783,-0.6,-0.4673913043478261,16
825,-0.4641304347826087,0.07635821212905862,-0.5804347826086956,-0.46956521739130436,-0.3282608695652174,16
826,-0.2619565217391304,0.08317170841870115,-0.3326086956521739,-0.28695652173913044,-0.047826086956521734,16
827,-0.5206521739130434,0.06085985947464964,-0.6173913043478261,-0.5217391304347827,-0.4043478260869565,16
828,-0.41956521739130437,0.06871078534469179,-0.5065217391304349,-0.43478260869565216,-0.28260869565217395,16
829,-0.45434782608695645,0.07451798478696785,-0.5934782608695652,-0.4434782608695652,-0.3521739130434782,16
830,-0.20652173913043476,0.10007086336072961,-0.3956521739130435,-0.2,-0.06739130434782609,16
831,-0.7130434782608697,0.05217391304347825,-0.808695652173913,-0.7043478260869566,-0.6521739130434783,16
832,-0.43369565217391304,0.07897470342279442,-0.558695652173913,-0.4173913043478261,-0.29130434782608694,16
833,-0.591304347826087,0.06300598585299755,-0.7239130434782608,-0.5826086956521739,-0.5195652173913043,16
834,0.25,0.09835605239881408,0.06304347826086956,0.28695652173913044,0.3739130434782609,16
835,-0.5478260869565217,0.07480282840906631,-0.6739130434782609,-0.5478260869565217,-0.4282608695652174,16
836,-0.17282608695652174,0.07654366039764458,-0.3108695652173913,-0.1826086956521739,-0.03260869565217391,16
837,-0.6521739130434783,0.069836427844387,-0.7673913043478261,-0.6521739130434783,-0.5043478260869565,16
838,0.0858695652173913,0.09242965955781475,-0.08043478260869566,0.0782608695652174,0.2217391304347826,16
839,-0.41195652173913044,0.09329481494313659,-0.523913043478261,-0.43478260869565216,-0.2217391304347826,16
840,-0.325,0.10582625665378842,-0.5065217391304349,-0.30434782608695654,-0.14565217391304347,16
841,-0.14456521739130435,0.0633705906397757,-0.2673913043478261,-0.1391304347826087,-0.05652173913043478,16
842,-0.7141304347826086,0.0506922774624392,-0.7739130434782608,-0.7217391304347827,-0.6173913043478261,16
843,-0.34347826086956523,0.05516772843673705,-0.45869565217391306,-0.33043478260869563,-0.26521739130434785,16
844,-0.6489130434782608,0.07974883777619626,-0.8195652173913044,-0.6173913043478261,-0.5478260869565217,16
845,-0.791304347826087,0.03937123973103226,-0.8717391304347827,-0.7826086956521738,-0.7282608695652174,16
846,-0.48586956521739133,0.09818172072007025,-0.6282608695652174,-0.4956521739130435,-0.28260869565217395,16
847,-0.8510869565217392,0.04302755524541193,-0.9239130434782609,-0.8521739130434782,-0.7804347826086956,16
848,-0.3717391304347826,0.09034171632687021,-0.5,-0.3826086956521739,-0.19782608695652174,16
849,-0.6086956521739131,0.0946588741612054,-0.7717391304347826,-0.6347826086956522,-0.44565217391304346,16
850,-0.5706521739130435,0.07267993121045276,-0.6630434782608696,-0.5913043478260869,-0.4434782608695652,16
851,-0.24891304347826088,0.0773421314226966,-0.3391304347826087,-0.2782608695652174,-0.11956521739130435,16
852,-0.8445652173913043,0.031633983067076626,-0.9,-0.8434782608695652,-0.7913043478260869,16
853,-0.7315217391304347,0.04761564372567283,-0.8130434782608695,-0.7304347826086957,-0.6695652173913044,16
854,-0.49239130434782613,0.050785419070537664,-0.5760869565217391,-0.48695652173913045,-0.4217391304347826,16
855,-0.7760869565217392,0.05426079988847253,-0.8434782608695652,-0.7826086956521738,-0.682608695652174,16
856,-0.5869565217391305,0.06492688923073077,-0.7065217391304348,-0.5739130434782609,-0.5021739130434782,16
857,-0.682608695652174,0.05751633284923024,-0.7847826086956522,-0.6782608695652175,-0.5847826086956521,16
858,-0.508695652173913,0.07692089570849622,-0.6565217391304348,-0.5043478260869565,-0.4043478260869565,16
859,-0.3695652173913044,0.09962121075990957,-0.523913043478261,-0.3652173913043478,-0.18043478260869567,16
860,-0.2543478260869565,0.06474466352971926,-0.3760869565217391,-0.25217391304347825,-0.15,16
861,-0.8119565217391305,0.05709367820290826,-0.9130434782608695,-0.8,-0.7391304347826086,16
862,-0.29021739130434787,0.0606264555103667,-0.3891304347826087,-0.2956521739130435,-0.18478260869565216,16
863,-0.7260869565217392,0.07442279464618995,-0.8434782608695652,-0.7217391304347827,-0.6021739130434782,16
864,-0.6391304347826088,0.06133363469419952,-0.7217391304347827,-0.6521739130434783,-0.5369565217391304,16
865,-0.8967391304347826,0.029145842777808496,-0.941304347826087,-0.9043478260869565,-0.85,16
866,-0.8543478260869566,0.049525155434323974,-0.941304347826087,-0.8347826086956522,-0.7978260869565217,16
867,-0.45108695652173914,0.07529871200920868,-0.5760869565217391,-0.4608695652173913,-0.3456521739130435,16
868,-0.7717391304347826,0.07871246517492031,-0.8869565217391304,-0.7913043478260869,-0.6304347826086957,16
869,-0.15108695652173915,0.07435132206375082,-0.26304347826086955,-0.14782608695652175,-0.02608695652173913,16
870,-0.45217391304347826,0.0670749940023544,-0.5913043478260869,-0.43478260869565216,-0.3739130434782609,16
871,-0.2434782608695652,0.09933617094605098,-0.4260869565217391,-0.2434782608695652,-0.06304347826086956,16
872,-0.38586956521739135,0.07293956117307661,-0.5304347826086957,-0.391304347826087,-0.29347826086956524,16
873,-0.7608695652173914,0.05881630112377688,-0.8608695652173913,-0.7652173913043478,-0.6760869565217391,16
874,-0.7934782608695652,0.03246344461536539,-0.8260869565217391,-0.7913043478260869,-0.7282608695652174,16
875,-0.4489130434782609,0.07215786882957717,-0.5782608695652174,-0.45217391304347826,-0.31521739130434784,16
876,-0.75,0.03978914177765895,-0.8195652173913044,-0.7565217391304347,-0.6934782608695652,16
877,-0.7032608695652174,0.05944569092989268,-0.7913043478260869,-0.7130434782608697,-0.5956521739130435,16
878,-0.8891304347826087,0.028093147789826255,-0.9304347826086956,-0.8956521739130435,-0.8282608695652174,16
879,-0.6673913043478261,0.05597562256340754,-0.7434782608695653,-0.6782608695652175,-0.55,16
880,-0.11195652173913043,0.06607229528447449,-0.2043478260869565,-0.1391304347826087,0.0021739130434782605,16
881,-0.8434782608695652,0.0514441720269532,-0.9391304347826087,-0.8347826086956522,-0.7739130434782608,16
882,-0.607608695652174,0.05864530852267917,-0.7021739130434783,-0.6173913043478261,-0.49782608695652175,16
883,-0.3195652173913044,0.07007287591863563,-0.4543478260869565,-0.3217391304347826,-0.18478260869565216,16
884,-0.7565217391304349,0.06117933599769691,-0.8543478260869566,-0.7478260869565216,-0.6369565217391304,16
885,-0.43260869565217397,0.05763945036331676,-0.5130434782608696,-0.4434782608695652,-0.3456521739130435,16
886,-0.716304347826087,0.04711677565585486,-0.7847826086956522,-0.7304347826086957,-0.6304347826086957,16
887,-0.5902173913043478,0.06178465865705354,-0.7021739130434783,-0.5826086956521739,-0.4847826086956522,16
888,-0.8217391304347825,0.05051717408096633,-0.9065217391304348,-0.8260869565217391,-0.7456521739130434,16
889,-0.3967391304347826,0.05455395691882438,-0.49347826086956526,-0.4,-0.3,16
890,-0.3010869565217391,0.06425926632111936,-0.3847826086956522,-0.31304347826086953,-0.16956521739130434,16
891,-0.7804347826086957,0.05212860351426869,-0.8434782608695652,-0.7826086956521738,-0.6934782608695652,16
892,-0.6630434782608696,0.0670397562830838,-0.7826086956521738,-0.6608695652173913,-0.55,16
893,-0.841304347826087,0.052489984641954944,-0.941304347826087,-0.8260869565217391,-0.7565217391304347,16
894,0.07173913043478261,0.10396214957581168,-0.09565217391304348,0.08695652173913043,0.21521739130434783,16
895,-0.23804347826086958,0.08254431129418996,-0.3891304347826087,-0.2434782608695652,-0.10217391304347827,16
896,-0.6141304347826086,0.0701655482326631,-0.7260869565217392,-0.6,-0.4826086956521739,16
897,-0.5576086956521739,0.05767018867340134,-0.682608695652174,-0.5565217391304347,-0.4956521739130435,16
898,-0.6760869565217391,0.05495315069462843,-0.7717391304347826,-0.6869565217391305,-0.5891304347826086,16
899,-0.3967391304347826,0.08883168383482358,-0.5565217391304348,-0.391304347826087,-0.2608695652173913,16
900,-0.8347826086956522,0.05107539184552492,-0.9347826086956521,-0.8434782608695652,-0.7565217391304347,16
901,-0.3184782608695652,0.06797607440762857,-0.4565217391304348,-0.3217391304347826,-0.21956521739130436,16
902,-0.6619565217391303,0.06535311963285832,-0.7847826086956522,-0.6521739130434783,-0.5608695652173913,16
903,-0.7891304347826087,0.05028275437487121,-0.8652173913043478,-0.7826086956521738,-0.6934782608695652,16
904,-0.6467391304347826,0.06411200914373318,-0.7434782608695653,-0.6521739130434783,-0.5217391304347826,16
905,-0.5271739130434783,0.06935259626499682,-0.6282608695652174,-0.5217391304347827,-0.4043478260869565,16
906,-0.708695652173913,0.07365684498303225,-0.8347826086956522,-0.7304347826086957,-0.5891304347826086,16
907,-0.7239130434782608,0.0667571849251482,-0.8260869565217391,-0.7217391304347827,-0.6086956521739131,16
908,-0.4989130434782609,0.07149993059866819,-0.65,-0.48695652173913045,-0.4152173913043478,16
909,-0.8586956521739131,0.03127716210856122,-0.9065217391304348,-0.8608695652173913,-0.7978260869565217,16
910,-0.8489130434782609,0.03875118145646933,-0.9173913043478261,-0.8347826086956522,-0.7978260869565217,16
911,-0.6945652173913044,0.07009816233646186,-0.8391304347826087,-0.6869565217391305,-0.6065217391304347,16
912,-0.6728260869565217,0.06155476145551203,-0.75,-0.6869565217391305,-0.5347826086956522,16
913,-0.47934782608695653,0.06101496608993994,-0.5478260869565217,-0.4956521739130435,-0.34347826086956523,16
914,-0.6880434782608695,0.04741672632866789,-0.7673913043478261,-0.6782608695652175,-0.6239130434782608,16
915,-0.8141304347826087,0.0420274237590896,-0.8717391304347827,-0.817391304347826,-0.7456521739130434,16
916,-0.19673913043478258,0.06797607440762857,-0.30434782608695654,-0.2,-0.07391304347826087,16
917,-0.7380434782608696,0.05515701937550118,-0.8347826086956522,-0.7565217391304347,-0.6521739130434783,16
918,-0.7445652173913043,0.053149839906076725,-0.8369565217391305,-0.7391304347826086,-0.6695652173913044,16
919,-0.5315217391304348,0.08144924312754018,-0.6717391304347826,-0.5217391304347827,-0.4260869565217391,16
920,-0.7282608695652174,0.05893670309446068,-0.8304347826086956,-0.7304347826086957,-0.6304347826086957,16
921,-0.8532608695652174,0.033660570798265274,-0.9,-0.8608695652173913,-0.7913043478260869,16
922,-0.5543478260869565,0.05731054924549594,-0.6673913043478261,-0.5478260869565217,-0.4565217391304348,16
923,-0.12282608695652174,0.08202741715098219,-0.2565217391304348,-0.13043478260869565,-0.015217391304347825,16
924,-0.6554347826086956,0.06186110119622694,-0.7565217391304347,-0.6608695652173913,-0.55,16
925,-0.23369565217391303,0.10297443109508922,-0.3739130434782609,-0.25217391304347825,-0.023913043478260877,16
926,-0.42391304347826086,0.06474466352971926,-0.5413043478260869,-0.4173913043478261,-0.30217391304347824,16
927,-0.12717391304347825,0.05709367820290824,-0.2,-0.1391304347826087,-0.03260869565217391,16
928,-0.8336956521739131,0.04801100614208211,-0.9239130434782609,-0.8260869565217391,-0.741304347826087,16
929,-0.7543478260869565,0.060519177856848065,-0.8369565217391305,-0.7565217391304347,-0.6347826086956522,16
930,-0.85,0.051764699564307216,-0.9456521739130435,-0.8608695652173913,-0.7630434782608695,16
931,-0.6521739130434783,0.07170618479335061,-0.7565217391304347,-0.6608695652173913,-0.5282608695652173,16
932,-0.8576086956521739,0.06600073036200114,-0.9130434782608695,-0.8869565217391304,-0.7021739130434783,16
933,-0.6771739130434783,0.05288241763117452,-0.75,-0.6869565217391305,-0.5826086956521739,16
934,-0.548913043478261,0.06887394309756907,-0.6739130434782609,-0.5391304347826087,-0.4326086956521739,16
935,-0.6858695652173914,0.07103574807606308,-0.808695652173913,-0.6956521739130435,-0.5543478260869564,16
936,-0.8608695652173912,0.0434782608695652,-0.941304347826087,-0.8521739130434782,-0.808695652173913,16
937,-0.7271739130434782,0.08150724508833776,-0.8543478260869566,-0.7304347826086957,-0.6065217391304347,16
938,-0.7260869565217392,0.06345443269272358,-0.808695652173913,-0.7304347826086957,-0.5956521739130435,16
939,-0.8847826086956522,0.03784107649028087,-0.9478260869565217,-0.8869565217391304,-0.8152173913043478,16
940,-0.5173913043478261,0.10056550874974242,-0.6630434782608696,-0.4782608695652174,-0.3521739130434782,16
941,-0.8228260869565218,0.05403168922450684,-0.8891304347826088,-0.8347826086956522,-0.717391304347826,16
942,-0.05434782608695652,0.07847193759904368,-0.2,-0.02608695652173913,0.04782608695652174,16
943,-0.05652173913043478,0.08237954487607138,-0.1826086956521739,-0.034782608695652174,0.0782608695652174,16
944,0.06195652173913044,0.08749156048956844,-0.09565217391304348,0.09565217391304348,0.19130434782608696,16
945,-0.3108695652173913,0.08822445168566531,-0.4260869565217391,-0.30434782608695654,-0.13695652173913042,16
946,-0.6086956521739131,0.06024524548065659,-0.7347826086956522,-0.6173913043478261,-0.5195652173913043,16
947,0.1576086956521739,0.11551949728642402,-0.07608695652173914,0.15652173913043477,0.3326086956521739,16
948,-0.44999999999999996,0.0930221430231942,-0.6,-0.4260869565217391,-0.3391304347826087,16
949,0.09239130434782608,0.0787949769540845,-0.052173913043478265,0.10434782608695653,0.21521739130434783,16
950,-0.275,0.08776122228014979,-0.43043478260869567,-0.26956521739130435,-0.1217391304347826,16
951,-0.35543478260869565,0.04620524197137453,-0.4369565217391304,-0.3565217391304348,-0.27608695652173915,16
952,0.16847826086956524,0.10163479414040348,-0.05434782608695652,0.1826086956521739,0.29130434782608694,16
953,-0.31739130434782614,0.07288284614887049,-0.4260869565217391,-0.30434782608695654,-0.22391304347826085,16
954,-0.6586956521739131,0.03882732847715599,-0.7369565217391304,-0.6608695652173913,-0.6,16
955,-0.5119565217391304,0.04579429224552367,-0.5826086956521739,-0.5043478260869565,-0.4434782608695652,16
956,-0.27717391304347827,0.06564173542123587,-0.3847826086956522,-0.26956521739130435,-0.17173913043478262,16
957,-0.18369565217391304,0.09475243835738048,-0.35434782608695653,-0.1826086956521739,-0.034782608695652174,16
958,-0.38913043478260867,0.0903417163268702,-0.5478260869565217,-0.4,-0.22608695652173913,16
959,-0.34347826086956523,0.06164107338590358,-0.4260869565217391,-0.3565217391304348,-0.23478260869565218,16
960,-0.12065217391304348,0.10737788157621588,-0.31521739130434784,-0.1391304347826087,0.06956521739130435,16
961,-0.30869565217391304,0.08963273099168828,-0.4260869565217391,-0.32173913043478264,-0.15434782608695652,16
962,-0.6989130434782609,0.062317787318365916,-0.8021739130434783,-0.6869565217391305,-0.5913043478260869,16
963,-0.4489130434782609,0.07867493121390248,-0.6021739130434782,-0.45217391304347826,-0.34130434782608693,16
964,-0.12282608695652172,0.0755493429065441,-0.2608695652173913,-0.1217391304347826,0.006521739130434783,16
965,-0.19130434782608696,0.08110764393990273,-0.3673913043478261,-0.17391304347826086,-0.08478260869565218,16
966,-0.15760869565217392,0.07326280477382116,-0.27391304347826084,-0.13043478260869565,-0.043478260869565216,16
967,-0.3760869565217392,0.0752751725790469,-0.4826086956521739,-0.391304347826087,-0.23043478260869565,16
968,-0.13043478260869565,0.10895620944471016,-0.29130434782608694,-0.14782608695652172,0.019565217391304346,16
969,-0.3847826086956522,0.07676714601308512,-0.5304347826086957,-0.391304347826087,-0.26521739130434785,16
970,-0.4423913043478261,0.060078320023632524,-0.5413043478260869,-0.4260869565217391,-0.3630434782608696,16
971,-0.5217391304347826,0.04259982161362047,-0.6043478260869565,-0.5130434782608696,-0.4608695652173913,16
972,-0.05652173913043478,0.07765465695431197,-0.18695652173913044,-0.06086956521739131,0.0782608695652174,16
973,-0.4260869565217391,0.08782178207271371,-0.5760869565217391,-0.40869565217391307,-0.28260869565217395,16
974,-0.7097826086956522,0.06811497840823173,-0.808695652173913,-0.7043478260869566,-0.5804347826086956,16
975,-0.6228260869565219,0.05059896440133646,-0.7043478260869566,-0.6347826086956522,-0.5434782608695652,16
976,-0.3271739130434782,0.09947285444414743,-0.4543478260869565,-0.3391304347826087,-0.13478260869565217,16
977,-0.35978260869565215,0.09103869220425385,-0.5130434782608696,-0.3565217391304348,-0.1934782608695652,16
978,0.09347826086956522,0.11484764297280252,-0.09565217391304348,0.11304347826086956,0.30217391304347824,16
979,-0.2391304347826087,0.07568215298056177,-0.34347826086956523,-0.25217391304347825,-0.07608695652173914,16
980,-0.5760869565217392,0.08450344228511658,-0.7152173913043479,-0.5739130434782609,-0.4391304347826087,16
981,-0.3184782608695652,0.11424424966811512,-0.4717391304347826,-0.3391304347826087,-0.09130434782608696,16
982,-0.2847826086956522,0.07627306431673406,-0.40217391304347827,-0.2956521739130435,-0.15434782608695652,16
983,-0.3108695652173913,0.09179474926398874,-0.4478260869565217,-0.30434782608695654,-0.15217391304347827,16
984,0.15000000000000002,0.057639450363316753,0.043478260869565216,0.14782608695652175,0.23913043478260868,16
985,0.0782608695652174,0.08226473012358479,-0.07173913043478261,0.10434782608695653,0.18695652173913044,16
986,-0.4902173913043478,0.05725898778724315,-0.5869565217391304,-0.4956521739130435,-0.4043478260869565,16
987,-0.10978260869565218,0.056091590641046386,-0.2,-0.1217391304347826,-0.010869565217391302,16
988,-0.6130434782608695,0.08857195124984071,-0.758695652173913,-0.6173913043478261,-0.4326086956521739,16
989,-0.10217391304347825,0.072720559494251,-0.2282608695652174,-0.09565217391304348,0.019565217391304346,16
990,0.1989130434782609,0.09534907511226161,0.032608695652173905,0.2,0.3826086956521739,16
991,-0.3532608695652174,0.11224109043417457,-0.5130434782608696,-0.3652173913043478,-0.11521739130434783,16
992,-0.23152173913043478,0.08413211996964068,-0.408695652173913,-0.22608695652173913,-0.10869565217391304,16
993,0.08478260869565216,0.12493854822174794,-0.16521739130434782,0.0782608695652174,0.2847826086956522,16
994,-0.1826086956521739,0.122513067857438,-0.34347826086956523,-0.20869565217391306,0.08478260869565217,16
995,-0.6130434782608696,0.07050989017489936,-0.7391304347826086,-0.6086956521739131,-0.5021739130434782,16
996,0.3326086956521739,0.08450344228511658,0.18913043478260871,0.3391304347826087,0.49347826086956526,16
997,-0.28043478260869564,0.08692934357883567,-0.391304347826087,-0.30434782608695654,-0.10434782608695653,16
998,0.06521739130434782,0.08508863387296056,-0.09565217391304348,0.06956521739130435,0.18695652173913044,16
999,-0.38913043478260867,0.06898535501140188,-0.5108695652173914,-0.40869565217391307,-0.27608695652173915,16
1000,-0.1847826086956522,0.057310549245495945,-0.28043478260869564,-0.1826086956521739,-0.09130434782608696,16
1001,-0.20652173913043478,0.08907739673281687,-0.3565217391304348,-0.21739130434782608,-0.06086956521739131,16
1002,-0.31630434782608696,0.0711022453975056,-0.41956521739130437,-0.30434782608695654,-0.17173913043478262,16
1003,-0.29456521739130437,0.0719611189914584,-0.40869565217391307,-0.26956521739130435,-0.1782608695652174,16
1004,-0.3021739130434783,0.07942967785410916,-0.41304347826086957,-0.31304347826086953,-0.1673913043478261,16
1005,-0.2510869565217391,0.09923502301133653,-0.3847826086956522,-0.2782608695652174,-0.07173913043478261,16
1006,-0.28695652173913044,0.08134037797334655,-0.4434782608695652,-0.2608695652173913,-0.17391304347826086,16
1007,-0.4913043478260869,0.11560639826355071,-0.6673913043478261,-0.4956521739130435,-0.24347826086956523,16
1008,-0.5130434782608695,0.0840829548078857,-0.6217391304347826,-0.5391304347826087,-0.3456521739130435,16
1009,-0.16956521739130434,0.0812240943142148,-0.29782608695652174,-0.16521739130434782,-0.0391304347826087,16
1010,-0.16195652173913044,0.0920710562287903,-0.33043478260869563,-0.16521739130434782,-0.021739130434782608,16
1011,0.03369565217391304,0.10807977694858181,-0.1673913043478261,0.02608695652173913,0.19782608695652174,16
1012,-0.3695652173913043,0.08597269536210952,-0.4782608695652174,-0.3826086956521739,-0.23043478260869565,16
1013,0.16304347826086957,0.09013222800707774,-0.015217391304347828,0.2,0.2847826086956522,16
1014,-0.48586956521739133,0.06564173542123586,-0.6173913043478261,-0.46956521739130436,-0.40869565217391307,16
1015,-0.1978260869565217,0.09988178267530559,-0.36086956521739133,-0.19130434782608696,-0.034782608695652174,16
1016,-0.28043478260869564,0.07602481934802484,-0.40217391304347827,-0.28695652173913044,-0.1282608695652174,16
1017,-0.35434782608695653,0.07349626741033465,-0.4652173913043478,-0.3739130434782609,-0.23695652173913043,16
1018,-0.18043478260869567,0.0692588361829304,-0.28695652173913044,-0.19130434782608696,-0.0782608695652174,16
1019,-0.5195652173913043,0.08269446348526188,-0.6,-0.5565217391304347,-0.3521739130434782,16
1020,-0.22282608695652173,0.07843428853599328,-0.34782608695652173,-0.25217391304347825,-0.06304347826086956,16
1021,-0.013043478260869563,0.06225139592728849,-0.13043478260869565,0.0,0.0891304347826087,16
1022,-0.4945652173913044,0.07642007822154805,-0.6,-0.5043478260869565,-0.3456521739130435,16
1023,-0.10108695652173913,0.07083588156578746,-0.2326086956521739,-0.1217391304347826,0.013043478260869563,16
1024,-0.29456521739130437,0.10379723399252533,-0.44130434782608696,-0.30434782608695654,-0.11956521739130435,16
1025,-0.6326086956521739,0.07627306431673407,-0.7695652173913043,-0.6260869565217391,-0.5021739130434782,16
1026,-0.2358695652173913,0.08508169097923818,-0.3739130434782609,-0.25217391304347825,-0.09782608695652174,16
1027,-0.32282608695652176,0.11850817332807749,-0.4891304347826087,-0.32173913043478264,-0.13043478260869565,16
1028,-0.24891304347826088,0.09248077509306864,-0.3847826086956522,-0.2434782608695652,-0.07173913043478261,16
1029,-0.17065217391304346,0.05824099271573398,-0.26956521739130435,-0.16521739130434782,-0.06956521739130435,16
1030,-0.7097826086956522,0.08988939853928413,-0.8434782608695652,-0.7217391304347827,-0.5826086956521739,16
1031,0.125,0.06976025647704365,0.004347826086956523,0.13043478260869565,0.21739130434782608,16
1032,-0.009782608695652176,0.08941497529599483,-0.12391304347826086,-0.008695652173913044,0.16956521739130434,16
1033,-0.5847826086956522,0.09322513757561551,-0.7543478260869565,-0.5652173913043478,-0.4608695652173913,16
1034,-0.10434782608695652,0.09799502321377951,-0.29565217391304344,-0.09565217391304348,0.07608695652173914,16
1035,-0.3760869565217392,0.08154347536309153,-0.4782608695652174,-0.3826086956521739,-0.23695652173913043,16
1036,-0.5793478260869566,0.09822984312007775,-0.6978260869565218,-0.6,-0.3652173913043478,16
1037,-0.6815217391304348,0.0614010184456461,-0.7826086956521738,-0.6782608695652175,-0.567391304347826,16
1038,-0.5576086956521739,0.09119429184869247,-0.7434782608695653,-0.5478260869565217,-0.4326086956521739,16
1039,-0.02282608695652174,0.08634978543247461,-0.20217391304347826,-0.008695652173913044,0.11304347826086956,16
1040,-0.075,0.09529949805178668,-0.2608695652173913,-0.06956521739130435,0.08478260869565217,16
1041,-0.466304347826087,0.05984186786304697,-0.5804347826086956,-0.4782608695652174,-0.3695652173913043,16
1042,-0.05543478260869565,0.08645917554497512,-0.1826086956521739,-0.0782608695652174,0.09565217391304348,16
1043,-0.6489130434782608,0.053327376400156876,-0.7391304347826086,-0.6434782608695653,-0.5608695652173913,16
1044,-0.35326086956521735,0.07660537672325066,-0.4717391304347826,-0.3565217391304348,-0.23043478260869565,16
1045,-0.41304347826086957,0.07416835699666079,-0.55,-0.4,-0.30434782608695654,16
1046,-0.14021739130434782,0.07654366039764458,-0.28043478260869564,-0.1391304347826087,-0.010869565217391302,16
1047,-0.4717391304347826,0.05631232107386357,-0.567391304347826,-0.4782608695652174,-0.3630434782608696,16
1048,0.15108695652173915,0.10546839446309884,0.008695652173913044,0.14782608695652175,0.34782608695652173,16
1049,-0.06739130434782609,0.07193648742510564,-0.16956521739130434,-0.06956521739130435,0.06521739130434782,16
1050,-0.3847826086956522,0.0831503978213273,-0.5413043478260869,-0.3652173913043478,-0.24130434782608695,16
1051,-0.02065217391304348,0.05824099271573398,-0.09565217391304348,-0.02608695652173913,0.09347826086956522,16
1052,-0.4641304347826087,0.06216593138186437,-0.558695652173913,-0.4782608695652174,-0.3521739130434782,16
1053,-0.43804347826086953,0.048305404441932556,-0.523913043478261,-0.4260869565217391,-0.3521739130434782,16
1054,-0.6141304347826086,0.06396441295567173,-0.7043478260869566,-0.6086956521739131,-0.5021739130434782,16
1055,-0.24999999999999997,0.10558595169200774,-0.41739130434782606,-0.25217391304347825,-0.05434782608695652,16
1056,-0.07608695652173914,0.09562746716488162,-0.2217391304347826,-0.08695652173913043,0.1,16
1057,-0.40326086956521734,0.05888656552426756,-0.49347826086956526,-0.4173913043478261,-0.29130434782608694,16
1058,-0.23586956521739133,0.09475243835738048,-0.45,-0.21739130434782608,-0.11956521739130435,16
1059,-0.34347826086956523,0.10782258058814995,-0.4891304347826087,-0.3739130434782609,-0.13478260869565217,16
1060,-0.07065217391304347,0.08407592886638125,-0.1934782608695652,-0.06086956521739131,0.10434782608695653,16
1061,-0.575,0.08930920565933248,-0.7543478260869565,-0.5478260869565217,-0.4565217391304348,16
1062,-0.4282608695652174,0.07966731392090735,-0.5695652173913043,-0.4,-0.3391304347826087,16
1063,-0.022826086956521736,0.06880529225260201,-0.14130434782608697,0.008695652173913044,0.05434782608695652,16
1064,0.09891304347826087,0.08322851000184163,-0.041304347826086954,0.10434782608695653,0.2608695652173913,16
1065,-0.2326086956521739,0.09179474926398874,-0.35,-0.25217391304347825,-0.05652173913043478,16
1066,-0.25,0.11385577717542172,-0.48695652173913045,-0.22608695652173913,-0.08478260869565218,16
1067,0.10543478260869565,0.055328115620106144,-0.006521739130434783,0.11304347826086956,0.18043478260869567,16
1068,0.1673913043478261,0.11615695658602214,-0.019565217391304346,0.15652173913043477,0.4,16
1069,-0.0891304347826087,0.09055071999851534,-0.2326086956521739,-0.09565217391304348,0.07173913043478261,16
1070,0.1423913043478261,0.07770788935528317,0.008695652173913044,0.13043478260869565,0.2565217391304348,16
1071,0.4108695652173913,0.05829168555561707,0.3217391304347826,0.40869565217391307,0.5065217391304349,16
1072,0.05869565217391304,0.07871246517492031,-0.043478260869565216,0.034782608695652174,0.1934782608695652,16
1073,-0.36847826086956526,0.0888316838348236,-0.5130434782608696,-0.3565217391304348,-0.24130434782608695,16
1074,-0.782608695652174,0.04722948039652267,-0.8543478260869566,-0.7913043478260869,-0.7108695652173913,16
1075,-0.33804347826086956,0.06996319583371347,-0.4543478260869565,-0.3217391304347826,-0.23478260869565218,16
1076,-0.1184782608695652,0.07746424261998623,-0.24565217391304348,-0.11304347826086956,0.008695652173913044,16
1077,-0.14021739130434782,0.07248459845534438,-0.25217391304347825,-0.13043478260869565,-0.03260869565217391,16
1078,0.13369565217391305,0.0887252188571414,-0.008695652173913044,0.14782608695652172,0.26956521739130435,16
1079,-0.034782608695652174,0.05865538070970453,-0.15217391304347824,-0.043478260869565216,0.05869565217391305,16
1080,-0.4565217391304348,0.0859726953621095,-0.5760869565217391,-0.45217391304347826,-0.3173913043478261,16
1081,0.17934782608695654,0.10420619917773578,-0.0043478260869565175,0.17391304347826086,0.3782608695652174,16
1082,0.20760869565217394,0.07728100346892801,0.10217391304347827,0.21739130434782608,0.34782608695652173,16
1083,0.13478260869565217,0.0846431405823121,-0.03695652173913043,0.1391304347826087,0.26304347826086955,16
1084,-0.20108695652173914,0.0984701023590467,-0.3978260869565217,-0.2,-0.043478260869565216,16
1085,0.046739130434782616,0.10689265502148655,-0.14347826086956522,0.034782608695652174,0.2217391304347826,16
1086,0.1467391304347826,0.07023286947456568,0.06086956521739131,0.14782608695652175,0.2673913043478261,16
1087,-0.09239130434782608,0.08546962449183362,-0.27391304347826084,-0.09565217391304348,0.043478260869565216,16
1088,-0.23043478260869565,0.0980914275885085,-0.3739130434782609,-0.2173913043478261,-0.07391304347826087,16
1089,0.20217391304347826,0.07219879089311136,0.07391304347826087,0.2173913043478261,0.29782608695652174,16
1090,-0.19456521739130433,0.05920671231041879,-0.29782608695652174,-0.19130434782608696,-0.09130434782608696,16
1091,0.25217391304347825,0.05668871656697955,0.14782608695652175,0.26956521739130435,0.3326086956521739,16
1092,-0.36195652173913045,0.059206712310418796,-0.46956521739130436,-0.3652173913043478,-0.25434782608695655,16
1093,0.15543478260869564,0.08156520580328092,0.015217391304347825,0.16521739130434782,0.29782608695652174,16
1094,0.02717391304347826,0.08640449780003132,-0.1282608695652174,0.02608695652173913,0.1760869565217391,16
1095,-0.28043478260869564,0.08061085312060504,-0.3673913043478261,-0.31304347826086953,-0.13043478260869565,16
1096,0.10652173913043478,0.08037600672754848,-0.017391304347826084,0.09565217391304348,0.2608695652173913,16
1097,0.2608695652173913,0.05929644216080807,0.15434782608695652,0.26956521739130435,0.35,16
1098,-0.3695652173913043,0.08684775806712251,-0.5304347826086956,-0.3739130434782609,-0.21521739130434783,16
1099,0.20978260869565218,0.0948521384384749,0.04565217391304348,0.2434782608695652,0.31521739130434784,16
1100,-0.4782608695652174,0.06956521739130433,-0.5934782608695652,-0.48695652173913045,-0.3739130434782609,16
1101,-0.04565217391304348,0.10044795697519932,-0.1956521739130435,-0.0608695652173913,0.15217391304347827,16
1102,0.2108695652173913,0.07193648742510564,0.06956521739130435,0.2434782608695652,0.28695652173913044,16
1103,-0.3391304347826087,0.06707499400235441,-0.45217391304347826,-0.34782608695652173,-0.21956521739130436,16
1104,0.007608695652173911,0.07441485663809888,-0.12391304347826086,-0.008695652173913044,0.12391304347826086,16
1105,0.03369565217391304,0.078494518369047,-0.12173913043478261,0.06086956521739131,0.14565217391304347,16
1106,-0.042391304347826085,0.07235408365496791,-0.21521739130434783,-0.02608695652173913,0.043478260869565216,16
1107,-0.4489130434782609,0.08379440814003494,-0.5847826086956522,-0.46956521739130436,-0.3,16
1108,-0.5956521739130434,0.05945562752685802,-0.7021739130434783,-0.6,-0.5021739130434782,16
1109,-0.2728260869565218,0.07176382974019159,-0.37826086956521743,-0.28695652173913044,-0.10434782608695653,16
1110,0.08695652173913043,0.09264032935940225,-0.07391304347826087,0.09565217391304348,0.2717391304347826,16
1111,0.1934782608695652,0.0711437746606677,0.08478260869565218,0.2,0.31956521739130433,16
1112,-0.1358695652173913,0.0826587377033702,-0.30869565217391304,-0.1217391304347826,-0.015217391304347825,16
1113,0.4445652173913044,0.05124858797446209,0.391304347826087,0.4434782608695652,0.5630434782608695,16
1114,-0.08586956521739131,0.08133311511534973,-0.23043478260869565,-0.08695652173913043,0.06956521739130435,16
1115,0.20108695652173914,0.12411787037607386,0.010869565217391302,0.1826086956521739,0.40217391304347827,16
1116,-0.7858695652173914,0.050971191685623286,-0.8608695652173913,-0.7913043478260869,-0.7043478260869566,16
1117,0.043478260869565216,0.09990543733109615,-0.09565217391304348,0.043478260869565216,0.24565217391304348,16
1118,0.23260869565217387,0.09013222800707774,0.05,0.25217391304347825,0.35,16
1119,-0.05543478260869565,0.07083588156578748,-0.1956521739130435,-0.043478260869565216,0.03695652173913043,16
1120,0.2423913043478261,0.08563534374485034,0.1,0.22608695652173913,0.3956521739130435,16
1121,0.42282608695652174,0.07660537672325067,0.27608695652173915,0.4260869565217391,0.5304347826086957,16
1122,0.36086956521739133,0.08168823577415625,0.24130434782608695,0.3391304347826087,0.5173913043478261,16
1123,0.019565217391304346,0.08950082108799522,-0.08260869565217391,-0.017391304347826084,0.19782608695652174,16
1124,-0.28043478260869564,0.056647018351284266,-0.35,-0.28695652173913044,-0.18913043478260871,16
1125,-0.41195652173913044,0.054726938587713506,-0.4956521739130435,-0.4,-0.3391304347826087,16
1126,-0.1869565217391304,0.06777590116573867,-0.28043478260869564,-0.17391304347826086,-0.09565217391304348,16
1127,-0.4315217391304348,0.06201370358954744,-0.5347826086956522,-0.43478260869565216,-0.3217391304347826,16
1128,-0.47934782608695653,0.0823723736425539,-0.6608695652173913,-0.45217391304347826,-0.3695652173913043,16
1129,-0.5891304347826087,0.06843511408129216,-0.7086956521739131,-0.5826086956521739,-0.45869565217391306,16
1130,-0.37826086956521743,0.05342698142367177,-0.4608695652173913,-0.3739130434782609,-0.28260869565217395,16
1131,-0.6054347826086957,0.0831148680167648,-0.7608695652173912,-0.5826086956521739,-0.4739130434782609,16
1132,-0.4467391304347826,0.09369918282463181,-0.6086956521739131,-0.4260869565217391,-0.3108695652173913,16
1133,-0.5619565217391305,0.08208501057015499,-0.7086956521739131,-0.5304347826086957,-0.4608695652173913,16
1134,-0.557608695652174,0.08824453693389041,-0.7239130434782608,-0.5478260869565217,-0.4326086956521739,16
1135,-0.5119565217391304,0.07592373797869705,-0.6152173913043478,-0.5130434782608696,-0.3652173913043478,16
1136,-0.4282608695652174,0.05320538369791487,-0.5304347826086957,-0.4260869565217391,-0.3565217391304348,16
1137,-0.6434782608695652,0.06956521739130435,-0.7826086956521738,-0.6434782608695653,-0.532608695652174,16
1138,-0.6086956521739131,0.057680431136615654,-0.6978260869565218,-0.6086956521739131,-0.5195652173913043,16
1139,-0.517391304347826,0.06463508151008045,-0.6152173913043478,-0.5304347826086957,-0.3847826086956522,16
1140,-0.3880434782608696,0.07280986191745294,-0.5347826086956522,-0.3739130434782609,-0.2782608695652174,16
1141,-0.4217391304347826,0.07391304347826087,-0.5456521739130434,-0.40869565217391307,-0.3173913043478261,16
1142,-0.5771739130434782,0.07986726938074498,-0.6804347826086957,-0.5826086956521739,-0.4,16
1143,-0.10869565217391304,0.08706514954130777,-0.24565217391304348,-0.09565217391304348,0.019565217391304346,16
1144,-0.5358695652173913,0.07319827024927447,-0.65,-0.5304347826086957,-0.3978260869565218,16
1145,-0.15108695652173912,0.06797607440762857,-0.23478260869565218,-0.15652173913043477,-0.006521739130434783,16
1146,-0.366304347826087,0.0703673187375631,-0.4717391304347826,-0.3565217391304348,-0.27608695652173915,16
1147,-0.22391304347826085,0.1296899020719535,-0.43043478260869567,-0.23478260869565218,-0.0391304347826087,16
1148,-0.35108695652173916,0.06976025647704366,-0.44130434782608696,-0.3565217391304348,-0.2,16
1149,-0.3239130434782609,0.09988178267530559,-0.5043478260869565,-0.30434782608695654,-0.14347826086956522,16
1150,-0.383695652173913,0.07090256633608884,-0.5065217391304349,-0.3652173913043478,-0.28260869565217395,16
1151,-0.059782608695652176,0.07517308320511623,-0.1934782608695652,-0.034782608695652174,0.043478260869565216,16
1152,-0.48043478260869565,0.06871078534469176,-0.5934782608695652,-0.4782608695652174,-0.3630434782608696,16
1153,-0.3402173913043478,0.06887394309756908,-0.45869565217391306,-0.34782608695652173,-0.25217391304347825,16
1154,-0.41630434782608694,0.06023543914129309,-0.4891304347826087,-0.4260869565217391,-0.28260869565217395,16
1155,-0.6543478260869565,0.058615081577012014,-0.75,-0.6521739130434783,-0.5260869565217391,16
1156,-0.30217391304347824,0.06843511408129214,-0.40869565217391307,-0.2956521739130435,-0.17173913043478262,16
1157,-0.46956521739130436,0.04560038470305007,-0.5521739130434783,-0.46956521739130436,-0.3869565217391304,16
1158,-0.3021739130434783,0.05320538369791485,-0.41304347826086957,-0.2956521739130435,-0.22391304347826085,16
1159,-0.5728260869565217,0.07752522609144265,-0.7369565217391304,-0.5739130434782609,-0.4782608695652174,16
1160,-0.36413043478260865,0.09952035252704719,-0.5347826086956522,-0.3739130434782609,-0.1826086956521739,16
1161,-0.1934782608695652,0.07451798478696786,-0.34347826086956523,-0.16521739130434782,-0.10217391304347827,16
1162,-0.2282608695652174,0.06590220170097442,-0.3217391304347826,-0.22608695652173913,-0.09347826086956522,16
1163,-0.2554347826086957,0.0404225086560588,-0.3326086956521739,-0.25217391304347825,-0.18913043478260871,16
1164,-0.22391304347826085,0.06898535501140186,-0.35,-0.20869565217391306,-0.11521739130434783,16
1165,-0.2326086956521739,0.0851719044528684,-0.3673913043478261,-0.2434782608695652,-0.07608695652173914,16
1166,0.021739130434782608,0.04580719022979452,-0.05869565217391305,0.02608695652173913,0.0891304347826087,16
1167,-0.042391304347826085,0.05549868439660758,-0.12391304347826086,-0.043478260869565216,0.06521739130434782,16
1168,-0.21521739130434783,0.06532599652746399,-0.35,-0.2,-0.11521739130434783,16
1169,0.04891304347826087,0.0716320016982409,-0.0782608695652174,0.052173913043478265,0.14782608695652175,16
1170,-0.8858695652173914,0.04389743588327971,-0.9478260869565217,-0.8956521739130435,-0.8043478260869565,16
1171,0.048913043478260865,0.0724193704570214,-0.06956521739130435,0.043478260869565216,0.19782608695652174,16
1172,-0.3184782608695652,0.06455277291870105,-0.4391304347826087,-0.30434782608695654,-0.23478260869565218,16
1173,0.15434782608695652,0.08360384575230179,0.021739130434782608,0.13043478260869565,0.28043478260869564,16
1174,-0.17282608695652174,0.09181405347700872,-0.35,-0.14782608695652172,-0.04565217391304348,16
1175,-0.12826086956521737,0.05176469956430721,-0.2282608695652174,-0.11304347826086956,-0.05,16
1176,-0.8608695652173913,0.04032008041519871,-0.9239130434782609,-0.8695652173913044,-0.7869565217391304,16
1177,-0.1934782608695652,0.052848894700622685,-0.2847826086956522,-0.19130434782608696,-0.11956521739130435,16
1178,-0.025,0.09495173383374327,-0.14130434782608697,-0.06086956521739131,0.16956521739130434,16
1179,-0.30326086956521736,0.04661256878780776,-0.3847826086956522,-0.30434782608695654,-0.22391304347826085,16
1180,-0.01956521739130435,0.10341521645448955,-0.1934782608695652,-0.043478260869565216,0.17173913043478262,16
1181,-0.31304347826086953,0.09445896079304536,-0.491304347826087,-0.30434782608695654,-0.15,16
1182,-0.7043478260869565,0.06679257172059659,-0.808695652173913,-0.6956521739130435,-0.5956521739130435,16
1183,-0.19891304347826086,0.0691478649068214,-0.341304347826087,-0.20869565217391306,-0.09565217391304348,16
1184,0.02934782608695652,0.07254976780854452,-0.0891304347826087,0.017391304347826087,0.15652173913043477,16
1185,-0.1815217391304348,0.07416039175398124,-0.31521739130434784,-0.17391304347826086,-0.07391304347826087,16
1186,-0.29130434782608694,0.09109707321633463,-0.43043478260869567,-0.28695652173913044,-0.16521739130434782,16
1187,-0.39891304347826084,0.07703600660599964,-0.5369565217391304,-0.4,-0.2608695652173913,16
1188,-0.283695652173913,0.044855891917311624,-0.3673913043478261,-0.28695652173913044,-0.21739130434782608,16
1189,0.13043478260869565,0.08295123490582136,-0.0021739130434782605,0.14782608695652172,0.24565217391304348,16
1190,-0.3391304347826087,0.05567934119506825,-0.4369565217391304,-0.33043478260869563,-0.25869565217391305,16
1191,-0.02282608695652174,0.08185439375462761,-0.17391304347826086,0.0,0.09347826086956522,16
1192,0.1826086956521739,0.08203461853962264,0.01956521739130435,0.19130434782608696,0.3173913043478261,16
1193,0.15434782608695652,0.07919132869603035,0.008695652173913044,0.17391304347826086,0.26304347826086955,16
1194,-0.3173913043478261,0.10799775955108018,-0.5217391304347826,-0.33043478260869563,-0.13478260869565217,16
1195,-0.2717391304347826,0.06532599652746399,-0.3739130434782609,-0.2608695652173913,-0.18913043478260871,16
1196,-0.13369565217391305,0.06366819411133683,-0.2847826086956522,-0.11304347826086956,-0.052173913043478265,16
1197,-0.19782608695652176,0.06561473162081118,-0.32173913043478264,-0.2,-0.09565217391304348,16
1198,0.024999999999999998,0.07492119363169869,-0.13478260869565217,0.052173913043478265,0.11304347826086956,16
1199,-0.24891304347826085,0.06825359972365043,-0.35,-0.2608695652173913,-0.13695652173913042,16
1200,-0.5804347826086957,0.06590220170097442,-0.6739130434782609,-0.5913043478260869,-0.45217391304347826,16
1201,0.11956521739130435,0.07602481934802484,-0.02391304347826087,0.15652173913043477,0.1934782608695652,16
1202,-0.23152173913043478,0.06484495103597675,-0.3326086956521739,-0.20869565217391306,-0.13695652173913042,16
1203,-0.14021739130434782,0.05701084366062328,-0.24565217391304348,-0.13043478260869565,-0.06086956521739131,16
1204,-0.2891304347826087,0.09117485641526421,-0.4652173913043478,-0.2782608695652174,-0.15434782608695652,16
1205,-0.0021739130434782657,0.06843511408129214,-0.11739130434782609,-0.008695652173913044,0.12391304347826086,16
1206,-0.12717391304347825,0.05297170839570089,-0.2108695652173913,-0.11304347826086956,-0.04565217391304348,16
1207,-0.32717391304347826,0.09093481119229561,-0.4782608695652174,-0.30434782608695654,-0.16304347826086957,16
1208,-0.19130434782608696,0.07922116155777652,-0.32608695652173914,-0.16521739130434782,-0.06739130434782609,16
1209,0.14782608695652172,0.07429568474189158,-0.0021739130434782605,0.14782608695652175,0.24565217391304348,16
1210,0.23043478260869565,0.06915640748081246,0.11521739130434783,0.22608695652173913,0.3565217391304348,16
1211,-0.16847826086956522,0.07202676198708398,-0.27391304347826084,-0.1826086956521739,-0.04565217391304348,16
1212,0.007608695652173915,0.0746684543286765,-0.12391304347826086,-0.008695652173913044,0.13043478260869565,16
1213,-0.1923913043478261,0.05288241763117453,-0.29782608695652174,-0.19130434782608696,-0.11304347826086956,16
1214,-0.3521739130434782,0.05377963859501296,-0.4369565217391304,-0.3565217391304348,-0.25869565217391305,16
1215,0.07717391304347826,0.07441485663809888,-0.04782608695652174,0.06956521739130435,0.18695652173913044,16
1216,-0.28695652173913044,0.1010343481619326,-0.4543478260869565,-0.28695652173913044,-0.10869565217391304,16
1217,-0.2,0.07801894976054939,-0.36086956521739133,-0.2,-0.08478260869565218,16
1218,0.035869565217391305,0.0719611189914584,-0.06521739130434782,0.034782608695652174,0.14782608695652175,16
1219,-0.1815217391304348,0.06403825357241494,-0.28043478260869564,-0.19130434782608696,-0.0782608695652174,16
1220,-0.3423913043478261,0.11308005261175265,-0.567391304347826,-0.3217391304347826,-0.2,16
1221,-0.23043478260869565,0.05088999961182445,-0.3217391304347826,-0.23478260869565218,-0.1391304347826087,16
1222,-0.7576086956521739,0.05515701937550118,-0.8434782608695652,-0.7565217391304347,-0.6695652173913044,16
1223,-0.4271739130434783,0.08237237364255388,-0.558695652173913,-0.4434782608695652,-0.3,16
1224,0.12934782608695652,0.09293954983958999,0.02608695652173913,0.10434782608695653,0.29565217391304344,16
1225,-0.30543478260869567,0.0746684543286765,-0.43478260869565216,-0.30434782608695654,-0.17391304347826086,16
1226,0.07934782608695652,0.06039214949169174,-0.02608695652173913,0.09565217391304348,0.17391304347826086,16
1227,-0.20326086956521738,0.05775207751645753,-0.30434782608695654,-0.2,-0.10869565217391304,16
1228,-0.6945652173913044,0.08694972799547858,-0.8369565217391305,-0.7043478260869566,-0.5304347826086957,16
1229,-0.5554347826086956,0.04801100614208211,-0.6347826086956522,-0.5478260869565217,-0.4739130434782609,16
1230,0.13152173913043477,0.05161613074166855,0.021739130434782608,0.14782608695652175,0.1934782608695652,16
1231,-0.175,0.058322080109983965,-0.26304347826086955,-0.19130434782608696,-0.06304347826086956,16
1232,-0.4173913043478261,0.0903678682209849,-0.5652173913043478,-0.40869565217391307,-0.30434782608695654,16
1233,-0.1173913043478261,0.10224326970699867,-0.30434782608695654,-0.1217391304347826,0.041304347826086954,16
1234,-0.025,0.08144924312754018,-0.15217391304347824,-0.034782608695652174,0.11304347826086956,16
1235,-0.29130434782608694,0.09355406431021746,-0.46956521739130436,-0.3217391304347826,-0.15,16
1236,-0.06739130434782609,0.06898535501140186,-0.14130434782608697,-0.0782608695652174,0.10434782608695653,16
1237,-0.30869565217391304,0.07862235356532662,-0.43478260869565216,-0.31304347826086953,-0.17391304347826086,16
1238,-0.19782608695652174,0.07087756689957003,-0.28695652173913044,-0.2173913043478261,-0.0782608695652174,16
1239,-0.23804347826086958,0.06825359972365043,-0.35,-0.23478260869565218,-0.13043478260869565,16
1240,-0.4,0.10252022715262257,-0.5565217391304348,-0.4173913043478261,-0.24782608695652175,16
1241,0.013043478260869566,0.09634139046156669,-0.14130434782608697,0.0,0.1760869565217391,16
1242,0.014130434782608694,0.055242633737274185,-0.06086956521739131,0.017391304347826087,0.10652173913043478,16
1243,-0.09239130434782608,0.0738410774968643,-0.21739130434782608,-0.09565217391304348,0.03043478260869565,16
1244,-0.2793478260869565,0.08248703856480075,-0.3847826086956522,-0.30434782608695654,-0.13695652173913042,16
1245,-0.10652173913043478,0.08671161163121362,-0.25217391304347825,-0.13043478260869565,0.041304347826086954,16
1246,-0.5206521739130434,0.07776868176775366,-0.6521739130434783,-0.5043478260869565,-0.3934782608695652,16
1247,-0.3010869565217391,0.0526136361316563,-0.3956521739130435,-0.28695652173913044,-0.21304347826086958,16
1248,-0.4097826086956522,0.10315784334078586,-0.5630434782608695,-0.4173913043478261,-0.19782608695652174,16
1249,-0.07826086956521738,0.07275304578557179,-0.19782608695652174,-0.08695652173913043,0.05869565217391305,16
1250,-0.07826086956521738,0.06389973242043073,-0.1934782608695652,-0.08695652173913043,0.0021739130434782605,16
1251,-0.3739130434782609,0.07144207271806514,-0.5043478260869565,-0.3652173913043478,-0.2391304347826087,16
1252,-0.08260869565217391,0.07262301342821768,-0.18695652173913044,-0.10434782608695653,0.04782608695652174,16
1253,0.15760869565217392,0.09036133095702575,-0.034782608695652174,0.16521739130434782,0.2891304347826087,16
1254,0.03804347826086957,0.061708121422770684,-0.05434782608695652,0.043478260869565216,0.15217391304347824,16
1255,-0.11304347826086956,0.07144207271806514,-0.2043478260869565,-0.1391304347826087,0.02608695652173913,16
1256,0.13695652173913042,0.0849496681851301,0.010869565217391302,0.11304347826086956,0.26956521739130435,16
1257,-0.7076086956521739,0.06600073036200114,-0.7913043478260869,-0.7043478260869566,-0.5956521739130435,16
1258,-0.16630434782608694,0.0654975865007949,-0.2565217391304348,-0.17391304347826086,-0.04565217391304348,16
1259,-0.0608695652173913,0.07945942122824812,-0.18695652173913044,-0.017391304347826084,0.05434782608695652,16
1260,-0.02173913043478261,0.08857195124984071,-0.19130434782608696,-0.008695652173913044,0.1108695652173913,16
1261,-0.5521739130434783,0.055509327542624796,-0.6565217391304348,-0.5478260869565217,-0.4608695652173913,16
1262,0.0967391304347826,0.06720697090048135,-0.008695652173913044,0.1217391304347826,0.1826086956521739,16
1263,-0.12173913043478261,0.09445896079304536,-0.23478260869565218,-0.1391304347826087,0.034782608695652174,16
1264,-0.39021739130434785,0.06914786490682141,-0.5173913043478261,-0.3826086956521739,-0.30434782608695654,16
1265,-0.275,0.0812749888866527,-0.391304347826087,-0.28695652173913044,-0.14782608695652175,16
1266,-0.17173913043478262,0.06618842325060142,-0.2847826086956522,-0.1826086956521739,-0.041304347826086954,16
1267,-0.05652173913043479,0.06805424279347186,-0.15217391304347824,-0.0782608695652174,0.0782608695652174,16
1268,-0.10217391304347825,0.058615081577012014,-0.18695652173913044,-0.10434782608695653,-3.469446951953614e-18,16
1269,-0.7826086956521738,0.05735176503596921,-0.8826086956521739,-0.7826086956521738,-0.682608695652174,16
1270,-0.5695652173913043,0.07077748085260742,-0.6695652173913044,-0.5652173913043478,-0.4565217391304348,16
1271,-0.29347826086956524,0.07871246517492031,-0.40652173913043477,-0.30434782608695654,-0.15,16
1272,-0.1782608695652174,0.05447810472235508,-0.26956521739130435,-0.17391304347826086,-0.09565217391304348,16
1273,-0.6326086956521739,0.06356605007484108,-0.7195652173913043,-0.6434782608695653,-0.4934782608695652,16
1274,-0.16956521739130437,0.07934038082997677,-0.3326086956521739,-0.16521739130434782,-0.06739130434782609,16
1275,-0.5,0.07210053892076956,-0.6391304347826087,-0.4782608695652174,-0.4260869565217391,16
1276,-0.45869565217391306,0.05861508157701201,-0.558695652173913,-0.4608695652173913,-0.3521739130434782,16
1277,-0.5043478260869565,0.06270523957328675,-0.5760869565217391,-0.5304347826086957,-0.391304347826087,16
1278,-0.625,0.05634378340301929,-0.7260869565217392,-0.6173913043478261,-0.5369565217391304,16
1279,-0.8521739130434782,0.04642207935665789,-0.9282608695652174,-0.8608695652173913,-0.7913043478260869,16
1280,-0.5293478260869566,0.0694207058775468,-0.6565217391304348,-0.5217391304347827,-0.4108695652173913,16
1281,-0.21739130434782608,0.09223131928520185,-0.35,-0.21739130434782608,-0.01739130434782609,16
1282,-0.4141304347826087,0.05659485237802093,-0.4891304347826087,-0.40869565217391307,-0.3173913043478261,16
1283,-0.682608695652174,0.06521739130434782,-0.8130434782608695,-0.6608695652173913,-0.6065217391304347,16
1284,-0.19130434782608696,0.08249419983047945,-0.3391304347826087,-0.16521739130434782,-0.08478260869565218,16
1285,-0.43695652173913047,0.06326796613415327,-0.523913043478261,-0.43478260869565216,-0.33478260869565213,16
1286,-0.6195652173913043,0.06590220170097444,-0.6869565217391305,-0.6347826086956522,-0.4673913043478261,16
1287,-0.19021739130434784,0.08497052752692641,-0.31956521739130433,-0.20869565217391306,-0.03260869565217391,16
1288,0.006521739130434783,0.10468694893769136,-0.10652173913043478,-0.008695652173913044,0.22608695652173913,16
1289,-0.7250000000000001,0.07016554823266309,-0.8260869565217391,-0.7217391304347827,-0.6065217391304347,16
1290,-0.375,0.055157019375501194,-0.45869565217391306,-0.3739130434782609,-0.26521739130434785,16
1291,-0.7184782608695652,0.06600073036200114,-0.8108695652173913,-0.7391304347826086,-0.5847826086956521,16
1292,-0.49782608695652175,0.10486736604515076,-0.6565217391304348,-0.48695652173913045,-0.30217391304347824,16
1293,-0.05217391304347826,0.06819298757112227,-0.18043478260869567,-0.06086956521739131,0.06521739130434782,16
1294,0.125,0.08356850873489315,-0.006521739130434783,0.1391304347826087,0.2934782608695652,16
1295,-0.7489130434782608,0.06955672502511373,-0.8478260869565217,-0.7565217391304347,-0.6130434782608696,16
1296,-0.26413043478260867,0.07056851233969318,-0.36086956521739133,-0.26956521739130435,-0.11956521739130435,16
1297,-0.10434782608695652,0.0732708675928379,-0.23695652173913043,-0.09565217391304348,-0.008695652173913044,16
1298,-0.6804347826086957,0.05391129029407498,-0.75,-0.6869565217391305,-0.5782608695652174,16
1299,-0.3967391304347826,0.06351956666820428,-0.5,-0.3826086956521739,-0.3,16
1300,-0.625,0.05464051620676874,-0.7152173913043479,-0.6260869565217391,-0.5369565217391304,16
1301,-0.6271739130434784,0.07428773315148599,-0.7543478260869565,-0.6434782608695653,-0.49782608695652175,16
1302,-0.8315217391304348,0.03570449501229748,-0.8717391304347827,-0.8434782608695652,-0.7543478260869565,16
1303,-0.29456521739130437,0.09263395246527256,-0.44130434782608696,-0.31304347826086953,-0.13695652173913042,16
1304,-0.8119565217391305,0.052613636131656295,-0.9065217391304348,-0.817391304347826,-0.7086956521739131,16
1305,-0.28260869565217395,0.07365684498303225,-0.40869565217391307,-0.28695652173913044,-0.14782608695652175,16
1306,-0.1358695652173913,0.05856466866532258,-0.2,-0.1391304347826087,-0.01739130434782609,16
1307,-0.6326086956521739,0.06532599652746401,-0.7152173913043479,-0.6434782608695653,-0.5086956521739131,16
1308,-0.6565217391304348,0.07467636537964203,-0.7847826086956522,-0.6347826086956522,-0.5391304347826087,16
1309,-0.28043478260869564,0.03525494508744968,-0.35,-0.28695652173913044,-0.22391304347826085,16
1310,-0.29130434782608694,0.0881440649248404,-0.4369565217391304,-0.28695652173913044,-0.15,16
1311,-0.052173913043478265,0.059614387829574296,-0.14130434782608697,-0.052173913043478265,0.03695652173913043,16
1312,-0.1108695652173913,0.0831503978213273,-0.2282608695652174,-0.11304347826086956,0.008695652173913044,16
1313,-0.18695652173913044,0.08920993273340518,-0.35434782608695653,-0.14782608695652175,-0.06304347826086956,16
1314,-0.7010869565217391,0.080456812494335,-0.8304347826086956,-0.7130434782608696,-0.5782608695652174,16
1315,-0.2326086956521739,0.07552588159147916,-0.3217391304347826,-0.25217391304347825,-0.11304347826086956,16
1316,-0.3847826086956522,0.08405484751817915,-0.5391304347826087,-0.3391304347826087,-0.26521739130434785,16
1317,-0.7315217391304347,0.0358366120039881,-0.7913043478260869,-0.7391304347826086,-0.6760869565217391,16
1318,-0.6065217391304347,0.06020601053967928,-0.7086956521739131,-0.6,-0.5195652173913043,16
1319,-0.37282608695652175,0.060078320023632524,-0.4608695652173913,-0.3826086956521739,-0.27608695652173915,16
1320,-0.43369565217391304,0.07752522609144265,-0.5760869565217391,-0.43478260869565216,-0.3391304347826087,16
1321,-0.2847826086956522,0.07167322400797624,-0.41739130434782606,-0.28695652173913044,-0.15434782608695652,16
1322,-0.49782608695652175,0.08822445168566533,-0.6347826086956522,-0.4956521739130435,-0.3565217391304348,16
1323,-0.20108695652173914,0.07861483960214559,-0.30434782608695654,-0.20869565217391306,-0.04565217391304348,16
1324,-0.6967391304347826,0.06762756621870555,-0.7739130434782608,-0.7043478260869566,-0.5413043478260869,16
1325,-0.2793478260869565,0.05464051620676871,-0.3673913043478261,-0.2608695652173913,-0.20652173913043478,16
1326,-0.7347826086956522,0.0694292148811796,-0.8739130434782608,-0.7391304347826086,-0.6304347826086957,16
1327,-0.41086956521739126,0.09797090729777175,-0.5065217391304349,-0.4260869565217391,-0.18043478260869564,16
1328,-0.44456521739130433,0.09415202082045117,-0.5934782608695652,-0.45217391304347826,-0.2673913043478261,16
1329,-0.2793478260869565,0.08888486850286312,-0.3956521739130435,-0.31304347826086953,-0.10869565217391304,16
1330,-0.6076086956521739,0.057670188673401346,-0.6869565217391305,-0.6086956521739131,-0.5195652173913043,16
1331,-0.5021739130434782,0.05355949997719529,-0.5978260869565217,-0.4956521739130435,-0.4043478260869565,16
1332,-0.1108695652173913,0.09179474926398874,-0.23913043478260868,-0.13043478260869565,0.06956521739130435,16
1333,-0.16956521739130434,0.0861922939199957,-0.29782608695652174,-0.16521739130434782,-0.01956521739130435,16
1334,-0.22826086956521738,0.05989120571285179,-0.33043478260869563,-0.20869565217391306,-0.13695652173913042,16
1335,-0.673913043478261,0.05235475903822738,-0.7717391304347826,-0.6782608695652175,-0.5891304347826086,16
1336,-0.29565217391304344,0.0834057656228299,-0.44130434782608696,-0.2956521739130435,-0.17173913043478262,16
1337,-0.2358695652173913,0.06804556185169365,-0.34347826086956523,-0.2434782608695652,-0.10869565217391304,16
1338,-0.7402173913043477,0.04820747143812321,-0.8130434782608695,-0.7565217391304347,-0.6521739130434783,16
1339,-0.5760869565217391,0.05829168555561705,-0.6673913043478261,-0.6,-0.46956521739130436,16
1340,-0.3565217391304348,0.06763630080914804,-0.45869565217391306,-0.34782608695652173,-0.25217391304347825,16
1341,-0.7891304347826087,0.04385704565615654,-0.8434782608695652,-0.8,-0.7108695652173913,16
1342,-0.7173913043478262,0.05584883729854403,-0.8195652173913044,-0.7217391304347827,-0.6347826086956522,16
1343,-0.34456521739130436,0.060470352372613584,-0.4369565217391304,-0.3217391304347826,-0.26956521739130435,16
1344,-0.42934782608695654,0.05642759718442353,-0.5130434782608696,-0.4260869565217391,-0.3239130434782609,16
1345,-0.4434782608695652,0.07275304578557179,-0.5978260869565217,-0.4173913043478261,-0.3739130434782609,16
1346,-0.6380434782608695,0.05904685589365685,-0.7260869565217392,-0.6434782608695653,-0.5543478260869564,16
1347,-0.6239130434782608,0.06760135567594007,-0.7326086956521739,-0.6260869565217391,-0.5195652173913043,16
1348,-0.6706521739130434,0.04781373358244081,-0.7673913043478261,-0.6695652173913044,-0.5956521739130435,16
1349,-0.30217391304347824,0.07602481934802484,-0.41304347826086957,-0.30434782608695654,-0.1826086956521739,16
1350,-0.525,0.07319827024927447,-0.6173913043478261,-0.5304347826086957,-0.3782608695652174,16
1351,0.08152173913043478,0.10968570841900946,-0.07173913043478261,0.06086956521739131,0.24565217391304348,16
1352,0.09130434782608696,0.08706514954130776,-0.07608695652173914,0.09565217391304348,0.2326086956521739,16
1353,-0.12934782608695652,0.06491779009408309,-0.23913043478260868,-0.1391304347826087,-0.03260869565217391,16
1354,-0.1967391304347826,0.07043444712748875,-0.31956521739130433,-0.20869565217391306,-0.07391304347826087,16
1355,-0.4652173913043478,0.07391304347826087,-0.6173913043478261,-0.45217391304347826,-0.3521739130434782,16
1356,0.16956521739130437,0.0877140913123131,0.010869565217391302,0.19130434782608696,0.33043478260869563,16
1357,-0.2630434782608696,0.08907739673281685,-0.4108695652173913,-0.2782608695652174,-0.10869565217391304,16
1358,-0.34891304347826085,0.06846100541739016,-0.48695652173913045,-0.34782608695652173,-0.23478260869565218,16
1359,-0.1315217391304348,0.05815979226813803,-0.2326086956521739,-0.11304347826086956,-0.023913043478260877,16
1360,-0.5326086956521738,0.061449104456967676,-0.6391304347826087,-0.5391304347826087,-0.4108695652173913,16
1361,-0.33478260869565213,0.07692089570849622,-0.49565217391304345,-0.33043478260869563,-0.20869565217391303,16
1362,-0.025,0.08260154431288405,-0.15869565217391304,-0.02608695652173913,0.12391304347826086,16
1363,-0.07282608695652174,0.10004134306056202,-0.23478260869565218,-0.06086956521739131,0.07608695652173914,16
1364,0.13369565217391305,0.11942185080589515,-0.08260869565217391,0.16521739130434782,0.29782608695652174,16
1365,0.08478260869565218,0.07942967785410916,-0.03043478260869565,0.0782608695652174,0.2282608695652174,16
1366,-0.12391304347826088,0.062061314885305204,-0.25,-0.11304347826086956,-0.021739130434782608,16
1367,-0.02934782608695652,0.07306903020981872,-0.1826086956521739,-0.008695652173913044,0.06521739130434782,16
1368,0.043478260869565216,0.08363210461596236,-0.0891304347826087,0.0782608695652174,0.14782608695652175,16
1369,-0.4369565217391304,0.07676714601308511,-0.5347826086956522,-0.45217391304347826,-0.28043478260869564,16
1370,-0.17500000000000002,0.09740852914449799,-0.3217391304347826,-0.17391304347826086,-0.01304347826086957,16
1371,-0.31630434782608696,0.06556970057328554,-0.44130434782608696,-0.30434782608695654,-0.19782608695652174,16
1372,0.04782608695652174,0.09653740570075876,-0.10434782608695653,0.02608695652173913,0.22608695652173913,16
1373,0.03152173913043478,0.08819096610671377,-0.13260869565217392,0.02608695652173913,0.18478260869565216,16
1374,-0.16630434782608694,0.06607229528447449,-0.28043478260869564,-0.14782608695652175,-0.07391304347826087,16
1375,-0.03260869565217391,0.10700864760207798,-0.21521739130434783,-0.008695652173913044,0.1282608695652174,16
1376,-0.06521739130434782,0.06805424279347186,-0.18695652173913044,-0.06086956521739131,0.03695652173913043,16
1377,-0.29130434782608694,0.07442279464618996,-0.4391304347826087,-0.2782608695652174,-0.1826086956521739,16
1378,-0.035869565217391305,0.09933022391871928,-0.1934782608695652,-0.02608695652173913,0.15652173913043477,16
1379,-0.03152173913043478,0.08946781322366483,-0.1826086956521739,-0.034782608695652174,0.11739130434782609,16
1380,-0.14456521739130435,0.07660537672325066,-0.26956521739130435,-0.1391304347826087,-0.008695652173913044,16
1381,-0.4315217391304348,0.08265873770337022,-0.5869565217391304,-0.4260869565217391,-0.3282608695652174,16
1382,-0.4141304347826087,0.05455395691882437,-0.4782608695652174,-0.43478260869565216,-0.3108695652173913,16
1383,0.019565217391304342,0.0838296499332993,-0.07608695652173914,-0.008695652173913044,0.21304347826086956,16
1384,-0.30217391304347824,0.08736317955395705,-0.4369565217391304,-0.30434782608695654,-0.14347826086956522,16
1385,-0.3934782608695652,0.07847193759904367,-0.5347826086956522,-0.4,-0.26521739130434785,16
1386,-0.2891304347826087,0.0779886570202265,-0.41304347826086957,-0.28695652173913044,-0.1565217391304348,16
1387,0.12391304347826086,0.07219879089311136,0.015217391304347825,0.10434782608695653,0.2565217391304348,16
1388,-0.23369565217391308,0.08144924312754018,-0.36086956521739133,-0.22608695652173913,-0.10217391304347827,16
1389,0.034782608695652174,0.05897678246195885,-0.08260869565217391,0.043478260869565216,0.13043478260869565,16
1390,0.13369565217391305,0.08829807525941864,0.015217391304347825,0.10434782608695653,0.31956521739130433,16
1391,0.11630434782608695,0.07254976780854452,0.015217391304347825,0.10434782608695653,0.23478260869565218,16
1392,0.2282608695652174,0.09700135442314395,0.09130434782608696,0.20869565217391306,0.43043478260869567,16
1393,-0.12065217391304348,0.07801137767825267,-0.23913043478260868,-0.13043478260869565,0.006521739130434783,16
1394,-0.20978260869565218,0.058966765173994976,-0.30434782608695654,-0.21739130434782608,-0.09565217391304348,16
1395,0.061956521739130424,0.06887394309756907,-0.043478260869565216,0.043478260869565216,0.1760869565217391,16
1396,0.09456521739130434,0.06832280491225097,-0.041304347826086954,0.11304347826086956,0.1760869565217391,16
1397,0.33695652173913043,0.08177496901653926,0.24130434782608695,0.32173913043478264,0.5,16
1398,-0.19782608695652176,0.07750236291293865,-0.31956521739130433,-0.2,-0.05869565217391304,16
1399,0.2619565217391304,0.08385078789957767,0.11521739130434783,0.26956521739130435,0.4260869565217391,16
1400,0.08478260869565218,0.10450622036279926,-0.05434782608695652,0.06956521739130435,0.24565217391304348,16
1401,-0.27717391304347827,0.09662915096716497,-0.43043478260869567,-0.26956521739130435,-0.09130434782608696,16
1402,0.1467391304347826,0.08121682105748974,-0.015217391304347828,0.16521739130434782,0.2673913043478261,16
1403,0.1826086956521739,0.0602452454806566,0.08043478260869566,0.17391304347826086,0.2847826086956522,16
1404,-0.01956521739130435,0.059891205712851794,-0.1282608695652174,-0.008695652173913044,0.08695652173913043,16
1405,-0.2532608695652174,0.08283008092618396,-0.391304347826087,-0.25217391304347825,-0.11956521739130435,16
1406,0.23043478260869565,0.07077748085260742,0.10869565217391304,0.2434782608695652,0.3391304347826087,16
1407,0.09021739130434783,0.06921617597796943,-0.0021739130434782605,0.08695652173913043,0.2217391304347826,16
1408,-0.08043478260869566,0.060206010539679264,-0.18043478260869567,-0.06956521739130435,0.008695652173913044,16
1409,-0.48043478260869565,0.08200580919069571,-0.6152173913043478,-0.4608695652173913,-0.3630434782608696,16
1410,-0.2608695652173913,0.055338791571121114,-0.36086956521739133,-0.2608695652173913,-0.17173913043478262,16
1411,-0.04239130434782609,0.08508169097923818,-0.18043478260869567,-0.043478260869565216,0.09565217391304348,16
1412,-0.5532608695652174,0.06047035237261358,-0.6521739130434783,-0.5478260869565217,-0.4673913043478261,16
1413,0.021739130434782608,0.08351901179260238,-0.12173913043478261,0.02608695652173913,0.16956521739130434,16
1414,-0.3217391304347826,0.07898218315036934,-0.4434782608695652,-0.3217391304347826,-0.18913043478260871,16
1415,-0.28043478260869564,0.09322513757561551,-0.44130434782608696,-0.2956521739130435,-0.13043478260869565,16
1416,0.0717391304347826,0.08992225165194102,-0.07391304347826087,0.06086956521739131,0.23043478260869565,16
1417,-0.30543478260869567,0.0870583642746068,-0.4260869565217391,-0.28695652173913044,-0.1782608695652174,16
1418,0.17717391304347826,0.09380000241836992,-0.019565217391304346,0.19130434782608696,0.31521739130434784,16
1419,-0.06630434782608695,0.09520026647672829,-0.23695652173913043,-0.052173913043478265,0.06521739130434782,16
1420,-0.17391304347826086,0.09624323313555937,-0.3217391304347826,-0.1826086956521739,-0.015217391304347825,16
1421,-0.35,0.10504747328999625,-0.5130434782608696,-0.3391304347826087,-0.1782608695652174,16
1422,0.03369565217391304,0.09057028936516644,-0.13043478260869565,0.02608695652173913,0.15869565217391304,16
1423,-0.11847826086956521,0.12138438219954811,-0.3673913043478261,-0.11304347826086956,0.08695652173913043,16
1424,0.18478260869565216,0.08907739673281687,-0.006521739130434783,0.2,0.31956521739130433,16
1425,0.20217391304347826,0.10063597390524093,0.06086956521739131,0.2,0.3673913043478261,16
1426,-0.28586956521739126,0.09374960617434608,-0.4652173913043478,-0.2782608695652174,-0.1391304347826087,16
1427,-0.3,0.0998107850717304,-0.45869565217391306,-0.3217391304347826,-0.11956521739130435,16
1428,-0.35543478260869565,0.07789012424933318,-0.523913043478261,-0.33043478260869563,-0.24782608695652175,16
1429,-0.20217391304347826,0.05925657900190875,-0.30434782608695654,-0.2,-0.10217391304347827,16
1430,-0.33152173913043476,0.08430046855213583,-0.48695652173913045,-0.3391304347826087,-0.20652173913043478,16
1431,0.019565217391304346,0.10806337844901363,-0.16956521739130434,0.02608695652173913,0.19782608695652174,16
1432,-0.4630434782608696,0.05563688648725968,-0.5630434782608695,-0.4608695652173913,-0.3869565217391304,16
1433,-0.408695652173913,0.05430433042085564,-0.5065217391304349,-0.391304347826087,-0.3282608695652174,16
1434,-0.7402173913043479,0.06832280491225096,-0.8195652173913044,-0.7565217391304347,-0.6130434782608696,16
1435,-0.283695652173913,0.09608966157907858,-0.4369565217391304,-0.2956521739130435,-0.1,16
1436,-0.24130434782608695,0.0747712327039993,-0.37826086956521743,-0.22608695652173913,-0.14782608695652175,16
1437,-0.37826086956521743,0.06579454761052851,-0.4717391304347826,-0.3739130434782609,-0.25869565217391305,16
1438,-0.22282608695652173,0.053149839906076746,-0.29782608695652174,-0.23478260869565218,-0.13043478260869565,16
1439,-0.16521739130434782,0.10791020561731181,-0.3521739130434783,-0.17391304347826086,0.05434782608695652,16
1440,-0.4739130434782609,0.05816994852286805,-0.5695652173913043,-0.4782608695652174,-0.358695652173913,16
1441,-0.5293478260869565,0.06859892750212894,-0.6347826086956522,-0.5217391304347827,-0.4152173913043478,16
1442,-0.12065217391304348,0.06269581800617277,-0.23913043478260868,-0.10434782608695653,-0.015217391304347825,16
1443,-0.03260869565217392,0.07823067050194166,-0.16956521739130434,-0.043478260869565216,0.11956521739130434,16
1444,-0.45543478260869563,0.07396896861238733,-0.5739130434782609,-0.4782608695652174,-0.33478260869565213,16
1445,-0.052173913043478265,0.06179421914587781,-0.16304347826086957,-0.06086956521739131,0.05434782608695652,16
1446,0.15434782608695652,0.09661080888386508,-0.0021739130434782605,0.14782608695652172,0.31521739130434784,16
1447,-0.3010869565217391,0.045690977297790654,-0.3565217391304348,-0.30434782608695654,-0.21739130434782608,16
1448,-0.5684782608695651,0.06853000115716572,-0.6804347826086957,-0.5826086956521739,-0.45,16
1449,-0.6380434782608696,0.06396441295567172,-0.75,-0.6260869565217391,-0.532608695652174,16
1450,-0.2423913043478261,0.078253320891984,-0.3847826086956522,-0.2,-0.14347826086956522,16
1451,-0.5184782608695653,0.07447833701359086,-0.6282608695652174,-0.5043478260869565,-0.4152173913043478,16
1452,-0.75,0.06020601053967925,-0.841304347826087,-0.7565217391304347,-0.6478260869565218,16
1453,-0.11195652173913043,0.07861483960214559,-0.2326086956521739,-0.13043478260869565,0.019565217391304346,16
1454,-0.7239130434782608,0.07552588159147917,-0.8456521739130435,-0.7391304347826086,-0.5782608695652174,16
1455,-0.43043478260869567,0.0861922939199957,-0.5739130434782609,-0.4434782608695652,-0.29347826086956524,16
1456,-0.3369565217391304,0.05861508157701201,-0.4478260869565217,-0.3217391304347826,-0.24347826086956523,16
1457,-0.1608695652173913,0.07789770811812573,-0.28043478260869564,-0.14782608695652175,-0.05,16
1458,-0.4173913043478261,0.06270523957328678,-0.4956521739130435,-0.4173913043478261,-0.28478260869565214,16
1459,-0.07282608695652174,0.07697463554937051,-0.18695652173913044,-0.09565217391304348,0.08260869565217391,16
1460,-0.7554347826086956,0.05583825886539705,-0.8521739130434782,-0.7565217391304347,-0.6521739130434783,16
1461,-0.39456521739130435,0.06600073036200116,-0.4891304347826087,-0.40869565217391307,-0.28260869565217395,16
1462,-0.592391304347826,0.08651381873295175,-0.7478260869565218,-0.6,-0.4673913043478261,16
1463,-0.4956521739130435,0.09565217391304348,-0.6391304347826087,-0.4956521739130435,-0.3065217391304348,16
1464,-0.325,0.06155476145551204,-0.4369565217391304,-0.33043478260869563,-0.23043478260869565,16
1465,-0.29456521739130437,0.08294411309984938,-0.41956521739130437,-0.2956521739130435,-0.14347826086956522,16
1466,-0.4260869565217391,0.07454968782383586,-0.5521739130434783,-0.4173913043478261,-0.3217391304347826,16
1467,-0.19130434782608696,0.05289358721998452,-0.29130434782608694,-0.1826086956521739,-0.11304347826086956,16
1468,-0.34239130434782605,0.1003243793721562,-0.4826086956521739,-0.34782608695652173,-0.13043478260869565,16
1469,-0.5597826086956521,0.10873368899689434,-0.7195652173913043,-0.5739130434782609,-0.3565217391304348,16
1470,-0.12391304347826088,0.0826944634852619,-0.2326086956521739,-0.15652173913043477,0.0391304347826087,16
1471,-0.2673913043478261,0.0849496681851301,-0.41739130434782606,-0.26956521739130435,-0.1108695652173913,16
1472,-0.6565217391304348,0.056521739130434796,-0.7434782608695653,-0.6695652173913044,-0.5434782608695652,16
1473,-0.2326086956521739,0.07007287591863563,-0.34347826086956523,-0.22608695652173913,-0.11521739130434783,16
1474,-0.5434782608695652,0.09847610132961847,-0.6782608695652175,-0.5652173913043478,-0.3630434782608696,16
1475,-0.6239130434782608,0.08494966818513011,-0.7543478260869565,-0.6173913043478261,-0.48043478260869565,16
1476,-0.6369565217391304,0.09739033384609617,-0.7913043478260869,-0.6434782608695653,-0.44565217391304346,16
1477,-0.03260869565217391,0.0864933315829468,-0.15869565217391304,-0.043478260869565216,0.12391304347826086,16
1478,-0.5739130434782609,0.06179421914587781,-0.6630434782608696,-0.5826086956521739,-0.4434782608695652,16
1479,-0.47934782608695653,0.04661256878780775,-0.5652173913043478,-0.48695652173913045,-0.4,16
1480,-0.2782608695652174,0.07630403815123583,-0.42391304347826086,-0.25217391304347825,-0.1673913043478261,16
1481,-0.15108695652173912,0.06741759655417699,-0.26304347826086955,-0.14782608695652175,-0.04565217391304348,16
1482,-0.5010869565217392,0.07030012624791358,-0.6152173913043478,-0.5130434782608696,-0.3869565217391304,16
1483,-0.8293478260869566,0.05332737640015686,-0.9130434782608695,-0.8260869565217391,-0.7521739130434782,16
1484,0.009782608695652175,0.08983680856927768,-0.11739130434782609,0.008695652173913042,0.14130434782608697,16
1485,-0.13043478260869565,0.07777627747825355,-0.27391304347826084,-0.11304347826086956,-0.010869565217391302,16
1486,-0.05434782608695652,0.08714653153403237,-0.15869565217391304,-0.06086956521739131,0.12608695652173912,16
1487,-0.6456521739130434,0.05212860351426869,-0.7391304347826086,-0.6347826086956522,-0.5717391304347825,16
1488,-0.44565217391304346,0.07652050394260018,-0.5413043478260869,-0.4782608695652174,-0.28260869565217395,16
1489,-0.45543478260869563,0.06976025647704366,-0.5565217391304348,-0.46956521739130436,-0.3391304347826087,16
1490,-0.21195652173913043,0.10393373452360251,-0.42391304347826086,-0.17391304347826086,-0.06304347826086956,16
1491,-0.27608695652173915,0.08800992382607462,-0.45869565217391306,-0.26956521739130435,-0.12608695652173912,16
1492,-0.5119565217391304,0.07050151160078921,-0.6,-0.5130434782608696,-0.3695652173913043,16
1493,-0.48586956521739133,0.06116967940605003,-0.6021739130434782,-0.48695652173913045,-0.3869565217391304,16
1494,-0.5402173913043479,0.07326280477382116,-0.6608695652173913,-0.5304347826086957,-0.4260869565217391,16
1495,-0.2554347826086956,0.09726287144934026,-0.4282608695652174,-0.26956521739130435,-0.09130434782608696,16
1496,-0.808695652173913,0.05735176503596922,-0.8717391304347827,-0.8347826086956522,-0.6891304347826087,16
1497,-0.15000000000000002,0.06144910445696769,-0.2673913043478261,-0.1391304347826087,-0.06086956521739131,16
1498,-0.3576086956521739,0.08074997000590547,-0.4891304347826087,-0.3739130434782609,-0.25217391304347825,16
1499,-0.37826086956521743,0.07765465695431197,-0.4782608695652174,-0.4,-0.24130434782608695,16
1500,-0.6586956521739131,0.05796648533031908,-0.7434782608695653,-0.6695652173913044,-0.5543478260869564,16
1501,-0.43369565217391304,0.058645308522679185,-0.5173913043478261,-0.4434782608695652,-0.3391304347826087,16
1502,-0.19456521739130433,0.10338665108188855,-0.3826086956521739,-0.2,-0.05,16
1503,-0.1891304347826087,0.07193648742510564,-0.29130434782608694,-0.21739130434782608,-0.05652173913043478,16
1504,-0.38260869565217387,0.08226473012358479,-0.5717391304347826,-0.3565217391304348,-0.2891304347826087,16
1505,-0.4739130434782609,0.10112785521402615,-0.65,-0.46956521739130436,-0.29782608695652174,16
1506,-0.6597826086956522,0.07897470342279443,-0.8021739130434783,-0.6521739130434783,-0.5369565217391304,16
1507,-0.4956521739130435,0.08226473012358478,-0.6,-0.5130434782608696,-0.3108695652173913,16
1508,-0.4565217391304348,0.08052286598892232,-0.5760869565217391,-0.4608695652173913,-0.3108695652173913,16
1509,-0.3021739130434783,0.0614491044569677,-0.40217391304347827,-0.28695652173913044,-0.21739130434782608,16
1510,-0.5608695652173913,0.09171749178143038,-0.7260869565217392,-0.5391304347826087,-0.4326086956521739,16
1511,0.04673913043478261,0.08700406309092078,-0.09565217391304348,0.06086956521739131,0.21304347826086956,16
1512,0.07717391304347826,0.07861483960214558,-0.03695652173913043,0.052173913043478265,0.2326086956521739,16
1513,-0.44565217391304346,0.09158858449104738,-0.6347826086956522,-0.4173913043478261,-0.3108695652173913,16
1514,-0.75,0.04298634768105474,-0.8195652173913044,-0.7565217391304347,-0.6760869565217391,16
1515,-0.47391304347826085,0.10261238018439953,-0.6,-0.5130434782608696,-0.2956521739130435,16
1516,-0.5554347826086956,0.08651381873295175,-0.7130434782608696,-0.5652173913043478,-0.4217391304347826,16
1517,-0.7000000000000001,0.06805424279347186,-0.8021739130434783,-0.7130434782608697,-0.5608695652173913,16
1518,-0.6391304347826088,0.0512601135763113,-0.6978260869565218,-0.6434782608695653,-0.5391304347826087,16
1519,-0.3695652173913044,0.09192336744289555,-0.5173913043478261,-0.3739130434782609,-0.20869565217391303,16
1520,-0.1967391304347826,0.08254431129418996,-0.33695652173913043,-0.19130434782608696,-0.06739130434782609,16
1521,-0.7010869565217391,0.0536806879341989,-0.7934782608695652,-0.7130434782608697,-0.6,16
1522,-0.45652173913043476,0.07862235356532662,-0.5695652173913043,-0.4782608695652174,-0.28478260869565214,16
1523,-0.23043478260869565,0.0994312750089502,-0.391304347826087,-0.21739130434782608,-0.09565217391304348,16
1524,-0.6608695652173913,0.07826086956521741,-0.7608695652173912,-0.6782608695652175,-0.48913043478260865,16
1525,-0.608695652173913,0.06448868249648404,-0.7152173913043479,-0.6086956521739131,-0.5021739130434782,16
1526,-0.1141304347826087,0.07666704336774936,-0.26956521739130435,-0.11304347826086956,-0.004347826086956523,16
1527,0.02065217391304348,0.06499054751685543,-0.07173913043478261,0.034782608695652174,0.12173913043478261,16
1528,-0.20869565217391306,0.07945942122824812,-0.31521739130434784,-0.2,-0.05652173913043478,16
1529,-0.783695652173913,0.04213972168473942,-0.8434782608695652,-0.7913043478260869,-0.717391304347826,16
1530,-0.8347826086956521,0.055679341195068247,-0.9347826086956521,-0.8434782608695652,-0.7304347826086957,16
1531,0.16304347826086957,0.09700135442314393,-0.041304347826086954,0.16521739130434782,0.29130434782608694,16
1532,-0.5793478260869565,0.0952994980517867,-0.7043478260869566,-0.5826086956521739,-0.4043478260869565,16
1533,-0.7967391304347826,0.05984186786304698,-0.8782608695652174,-0.7739130434782608,-0.7108695652173913,16
1534,-0.12826086956521737,0.10063597390524093,-0.25217391304347825,-0.16521739130434782,0.05434782608695652,16
1535,0.03152173913043478,0.07819290527140303,-0.09347826086956522,0.034782608695652174,0.15869565217391304,16
1536,-0.6521739130434783,0.06148754619013458,-0.7717391304347826,-0.6521739130434783,-0.5652173913043478,16
1537,-0.18369565217391304,0.11075761611469527,-0.34347826086956523,-0.19130434782608696,-0.006521739130434783,16
1538,-0.2782608695652174,0.06956521739130435,-0.39999999999999997,-0.2782608695652174,-0.15434782608695652,16
1539,-0.1141304347826087,0.06254487991659044,-0.2108695652173913,-0.11304347826086956,0.006521739130434783,16
1540,-0.2793478260869565,0.09242965955781474,-0.41304347826086957,-0.2782608695652174,-0.0891304347826087,16
1541,-0.13478260869565217,0.06608123545030722,-0.24565217391304348,-0.1391304347826087,-0.06086956521739131,16
1542,-0.5826086956521739,0.09663526422127333,-0.75,-0.5652173913043478,-0.4391304347826087,16
1543,-0.10217391304347827,0.11968373572609395,-0.24565217391304348,-0.1217391304347826,0.15652173913043477,16
1544,-0.875,0.035438783449784995,-0.9304347826086956,-0.8782608695652174,-0.8260869565217391,16
1545,-0.2510869565217391,0.09923502301133655,-0.4456521739130435,-0.23478260869565215,-0.10869565217391304,16
1546,-0.06086956521739131,0.09663526422127335,-0.1826086956521739,-0.08695652173913043,0.11739130434782609,16
1547,-0.6032608695652173,0.05368068793419892,-0.7021739130434783,-0.5826086956521739,-0.5152173913043478,16
1548,-0.14891304347826087,0.09314272439514787,-0.29130434782608694,-0.14782608695652175,0.02608695652173913,16
1549,-0.625,0.05498539073887714,-0.6978260869565218,-0.6260869565217391,-0.5043478260869565,16
1550,-0.7315217391304348,0.05429345105974858,-0.8347826086956522,-0.7304347826086957,-0.658695652173913,16
1551,-0.5282608695652173,0.03304061772515359,-0.5869565217391304,-0.5217391304347827,-0.4782608695652174,16
1552,-0.13695652173913045,0.0502827543748712,-0.2217391304347826,-0.14782608695652175,-0.05,16
1553,-0.7163043478260869,0.05791550784677051,-0.7913043478260869,-0.7130434782608697,-0.6086956521739131,16
1554,-0.5358695652173913,0.07986726938074497,-0.6739130434782609,-0.5391304347826087,-0.4152173913043478,16
1555,-0.4782608695652174,0.06565073421974564,-0.5869565217391304,-0.46956521739130436,-0.3869565217391304,16
1556,-0.6152173913043478,0.07774589018368551,-0.7565217391304347,-0.6086956521739131,-0.491304347826087,16
1557,-0.8043478260869565,0.05235475903822737,-0.8826086956521739,-0.808695652173913,-0.6934782608695652,16
1558,-0.5010869565217391,0.06528076630911651,-0.6130434782608696,-0.4956521739130435,-0.3695652173913043,16
1559,-0.4108695652173913,0.07552588159147917,-0.5521739130434783,-0.4,-0.3065217391304348,16
1560,-0.5934782608695652,0.07676714601308511,-0.7456521739130435,-0.5826086956521739,-0.46304347826086956,16
1561,-0.3760869565217391,0.05391129029407497,-0.4608695652173913,-0.3739130434782609,-0.27608695652173915,16
1562,-0.825,0.05198107478790585,-0.9130434782608695,-0.8260869565217391,-0.7391304347826086,16
1563,-0.3739130434782608,0.061487546190134565,-0.47608695652173916,-0.3826086956521739,-0.28695652173913044,16
1564,-0.7076086956521739,0.057093678202908234,-0.817391304347826,-0.7043478260869566,-0.6239130434782608,16
1565,-0.9076086956521738,0.031182583234306605,-0.9586956521739131,-0.9130434782608695,-0.85,16
1566,-0.32173913043478264,0.07301241575542028,-0.4478260869565217,-0.32173913043478264,-0.18695652173913044,16
1567,-0.383695652173913,0.10084121603125194,-0.5478260869565217,-0.3739130434782609,-0.2108695652173913,16
1568,-0.8782608695652174,0.05635426694267704,-0.9586956521739131,-0.8956521739130435,-0.7804347826086956,16
1569,-0.3652173913043478,0.08846517369293828,-0.5173913043478261,-0.391304347826087,-0.23478260869565218,16
1570,-0.7793478260869565,0.06894252558217165,-0.8652173913043478,-0.7826086956521738,-0.6326086956521739,16
1571,-0.7054347826086956,0.059126838125909326,-0.7739130434782608,-0.7217391304347827,-0.5956521739130435,16
1572,-0.5,0.06463508151008045,-0.5934782608695652,-0.5217391304347827,-0.3978260869565218,16
1573,-0.592391304347826,0.07479493073408162,-0.7260869565217392,-0.6,-0.4782608695652174,16
1574,-0.44565217391304346,0.0664734123974811,-0.5804347826086956,-0.4434782608695652,-0.3630434782608696,16
1575,-0.5815217391304347,0.05651128665893896,-0.6956521739130435,-0.5826086956521739,-0.491304347826087,16
1576,-0.8336956521739131,0.06269581800617277,-0.941304347826087,-0.8260869565217391,-0.7282608695652174,16
1577,-0.6760869565217391,0.0826944634852619,-0.8065217391304348,-0.6608695652173913,-0.5434782608695652,16
1578,-0.30543478260869567,0.08983680856927768,-0.4652173913043478,-0.28695652173913044,-0.18913043478260871,16
1579,-0.6076086956521739,0.056678294889059545,-0.7152173913043479,-0.6,-0.5260869565217391,16
1580,-0.44347826086956527,0.07117698062497783,-0.5413043478260869,-0.4260869565217391,-0.3304347826086957,16
1581,-0.43804347826086953,0.08602078044976774,-0.5913043478260869,-0.4347826086956522,-0.3217391304347826,16
1582,-0.5260869565217392,0.0846431405823121,-0.6456521739130435,-0.5478260869565217,-0.3804347826086957,16
1583,-0.8032608695652175,0.0769746355493705,-0.9347826086956521,-0.817391304347826,-0.6543478260869565,16
1584,-0.44021739130434784,0.07409663898762724,-0.5413043478260869,-0.45217391304347826,-0.2782608695652174,16
1585,-0.6391304347826086,0.06915640748081248,-0.7652173913043478,-0.6260869565217391,-0.532608695652174,16
1586,-0.7456521739130435,0.051764699564307196,-0.8195652173913044,-0.7478260869565216,-0.6391304347826087,16
1587,-0.6967391304347826,0.07009816233646185,-0.7739130434782608,-0.7130434782608697,-0.55,16
1588,-0.6760869565217391,0.07774589018368551,-0.817391304347826,-0.6695652173913044,-0.532608695652174,16
1589,-0.5163043478260869,0.07123505381656932,-0.6456521739130435,-0.5043478260869565,-0.4,16
1590,-0.75,0.05631232107386355,-0.8521739130434782,-0.7565217391304347,-0.6521739130434783,16
1591,-0.06413043478260869,0.0952994980517867,-0.2282608695652174,-0.043478260869565216,0.0891304347826087,16
1592,-0.4326086956521739,0.08131132264897846,-0.5630434782608695,-0.4434782608695652,-0.26521739130434785,16
1593,-0.7510869565217391,0.06262039443840903,-0.8586956521739131,-0.7565217391304347,-0.6521739130434783,16
1594,-0.8467391304347827,0.053680687934198903,-0.941304347826087,-0.8521739130434782,-0.758695652173913,16
1595,-0.7260869565217392,0.06255432421712241,-0.8239130434782609,-0.7304347826086957,-0.6152173913043478,16
1596,-0.8695652173913043,0.036376522892785895,-0.9304347826086956,-0.8782608695652174,-0.7934782608695652,16
1597,-0.3108695652173913,0.09403273371253117,-0.45869565217391306,-0.28695652173913044,-0.14130434782608697,16
1598,-0.7195652173913044,0.05989120571285178,-0.841304347826087,-0.7217391304347827,-0.6304347826086957,16
1599,-0.7260869565217392,0.05718672364333001,-0.808695652173913,-0.7391304347826086,-0.6239130434782608,16
1600,-0.4902173913043479,0.07498424535220512,-0.6043478260869565,-0.4956521739130435,-0.3652173913043478,16
1601,-0.7880434782608696,0.046915743162841826,-0.8434782608695652,-0.8,-0.7043478260869566,16
1602,-0.816304347826087,0.05701084366062331,-0.8891304347826088,-0.8347826086956522,-0.717391304347826,16
1603,-0.8326086956521739,0.05102910693176306,-0.9065217391304348,-0.8347826086956522,-0.7304347826086957,16
1604,-0.675,0.053149839906076746,-0.7913043478260869,-0.6695652173913044,-0.5956521739130435,16
1605,-0.7467391304347826,0.06873657284244511,-0.8586956521739131,-0.7478260869565216,-0.6413043478260869,16
1606,-0.6293478260869565,0.0705685123396932,-0.7326086956521739,-0.6173913043478261,-0.48913043478260865,16
1607,-0.7271739130434782,0.06262039443840901,-0.8195652173913044,-0.7391304347826086,-0.6239130434782608,16
1608,-0.55,0.06760135567594006,-0.6739130434782609,-0.5391304347826087,-0.4391304347826087,16
1609,-0.48043478260869565,0.05631232107386356,-0.5978260869565217,-0.4608695652173913,-0.4152173913043478,16
1610,-0.7663043478260869,0.06901103991021729,-0.8652173913043478,-0.7739130434782608,-0.6369565217391304,16
1611,-0.5043478260869565,0.0659380473395787,-0.6282608695652174,-0.5043478260869565,-0.4043478260869565,16
1612,-0.7304347826086957,0.06209937763950303,-0.8586956521739131,-0.7217391304347827,-0.6413043478260869,16
1613,-0.32391304347826083,0.07652050394260018,-0.45869565217391306,-0.33043478260869563,-0.17391304347826086,16
1614,-0.3521739130434782,0.06636668488032064,-0.4652173913043478,-0.34782608695652173,-0.22391304347826085,16
1615,-0.7543478260869565,0.06760135567594006,-0.8608695652173913,-0.7565217391304347,-0.6347826086956522,16
1616,-0.7706521739130434,0.04810933907897985,-0.8608695652173913,-0.7652173913043478,-0.6891304347826087,16
1617,-0.8804347826086957,0.030044076002359227,-0.9304347826086956,-0.8782608695652174,-0.8260869565217391,16
1618,-0.8336956521739132,0.059920788923207485,-0.9065217391304348,-0.8434782608695652,-0.7086956521739131,16
1619,-0.6076086956521739,0.06054845424871938,-0.6978260869565218,-0.6086956521739131,-0.491304347826087,16
1620,-0.8999999999999999,0.0410173092698113,-0.9586956521739131,-0.9043478260869565,-0.8260869565217391,16
1621,-0.558695652173913,0.0703421290754932,-0.65,-0.5826086956521739,-0.3934782608695652,16
1622,-0.7141304347826087,0.058645308522679164,-0.7913043478260869,-0.7217391304347827,-0.5978260869565217,16
1623,-0.9065217391304348,0.03471460744058978,-0.9478260869565217,-0.9130434782608695,-0.8326086956521739,16
1624,-0.8228260869565218,0.04888888292184571,-0.8782608695652174,-0.8347826086956522,-0.717391304347826,16
1625,-0.6260869565217391,0.08016995180254685,-0.8021739130434783,-0.6173913043478261,-0.5043478260869565,16
1626,-0.7293478260869566,0.049178026199407025,-0.8195652173913044,-0.7304347826086957,-0.6521739130434783,16
1627,-0.8554347826086957,0.043355805815606815,-0.9173913043478261,-0.8695652173913044,-0.7760869565217391,16
1628,-0.7793478260869565,0.05625984475916318,-0.8934782608695652,-0.7913043478260869,-0.6934782608695652,16
1629,-0.8152173913043479,0.048366511872363044,-0.8782608695652174,-0.817391304347826,-0.7456521739130434,16
1630,-0.6728260869565217,0.0717638297401916,-0.7913043478260869,-0.6869565217391305,-0.5608695652173913,16
1631,-0.7934782608695652,0.055636886487259674,-0.9,-0.7913043478260869,-0.7217391304347827,16
1632,-0.7641304347826087,0.06535311963285832,-0.8543478260869566,-0.7565217391304347,-0.6434782608695653,16
1633,-0.5695652173913044,0.059455627526858,-0.6347826086956522,-0.5913043478260869,-0.4347826086956522,16
1634,-0.475,0.07016554823266308,-0.5934782608695652,-0.4608695652173913,-0.358695652173913,16
1635,-0.38152173913043474,0.08063283490162189,-0.5173913043478261,-0.3652173913043478,-0.25,16
1636,-0.7673913043478261,0.0535594999771953,-0.8195652173913044,-0.7739130434782608,-0.6369565217391304,16
1637,-0.7489130434782609,0.05252373664499811,-0.8195652173913044,-0.7565217391304347,-0.658695652173913,16
1638,-0.8119565217391305,0.04357326576701621,-0.8891304347826088,-0.808695652173913,-0.7391304347826086,16
1639,-0.7326086956521739,0.05697974966122241,-0.8586956521739131,-0.7391304347826086,-0.6413043478260869,16
1640,-0.8793478260869565,0.039595664348015175,-0.9304347826086956,-0.8869565217391304,-0.7978260869565217,16
1641,-0.7184782608695652,0.05541346563709079,-0.8021739130434783,-0.7217391304347827,-0.6195652173913043,16
1642,-0.9304347826086956,0.029488391230979415,-0.9760869565217392,-0.9217391304347826,-0.8847826086956522,16
1643,-0.8184782608695652,0.04258595222643421,-0.8717391304347827,-0.817391304347826,-0.7304347826086957,16
1644,-0.7293478260869565,0.051063824550201496,-0.8347826086956522,-0.7217391304347827,-0.658695652173913,16
1645,-0.7293478260869566,0.06790651585842293,-0.8260869565217391,-0.7478260869565216,-0.6,16
1646,-0.40760869565217395,0.060392149491691756,-0.523913043478261,-0.40869565217391307,-0.3282608695652174,16
1647,-0.7445652173913044,0.05659485237802092,-0.8130434782608695,-0.7652173913043478,-0.6130434782608696,16
1648,-0.7119565217391304,0.06208986413846835,-0.8021739130434783,-0.7217391304347827,-0.6239130434782608,16
1649,-0.7619565217391304,0.05314983990607674,-0.8434782608695652,-0.7478260869565216,-0.682608695652174,16
1650,-0.7673913043478261,0.060206010539679264,-0.8717391304347827,-0.7565217391304347,-0.6652173913043479,16
1651,-0.4010869565217391,0.07728100346892801,-0.523913043478261,-0.40869565217391307,-0.25434782608695655,16
1652,-0.5913043478260869,0.0617942191458778,-0.7065217391304348,-0.5913043478260869,-0.48043478260869565,16
1653,-0.5771739130434782,0.0828871166230277,-0.6804347826086957,-0.6,-0.4108695652173913,16
1654,-0.5239130434782608,0.08692934357883567,-0.6673913043478261,-0.5217391304347826,-0.3760869565217391,16
1655,-0.7130434782608696,0.05144417202695318,-0.7956521739130434,-0.7217391304347827,-0.6130434782608696,16
1656,-0.8641304347826086,0.06093746213221643,-0.9630434782608696,-0.8608695652173913,-0.758695652173913,16
1657,-0.8347826086956522,0.034782608695652195,-0.8891304347826088,-0.8347826086956522,-0.7804347826086956,16
1658,-0.8152173913043478,0.04596168372144778,-0.8717391304347827,-0.8260869565217391,-0.7065217391304348,16
1659,-0.5978260869565217,0.08843845916003476,-0.6869565217391305,-0.6173913043478261,-0.39565217391304347,16
1660,-0.8282608695652174,0.03304061772515364,-0.8782608695652174,-0.8260869565217391,-0.7804347826086956,16
1661,-0.5532608695652175,0.07867493121390248,-0.6630434782608696,-0.5565217391304347,-0.3934782608695652,16
1662,-0.7195652173913043,0.051764699564307196,-0.8021739130434783,-0.7217391304347827,-0.6413043478260869,16
1663,-0.7815217391304348,0.056678294889059525,-0.8717391304347827,-0.7739130434782608,-0.7043478260869566,16
1664,-0.7054347826086956,0.04368158977697851,-0.7673913043478261,-0.7043478260869566,-0.6239130434782608,16
1665,-0.28586956521739126,0.07666704336774938,-0.3956521739130435,-0.2956521739130435,-0.16086956521739132,16
1666,0.1891304347826087,0.04677703215510873,0.09782608695652174,0.19130434782608696,0.27391304347826084,16
1667,-0.2467391304347826,0.08080847388607115,-0.3956521739130435,-0.23478260869565218,-0.1217391304347826,16
1668,-0.4097826086956522,0.08328527284561098,-0.5065217391304349,-0.43478260869565216,-0.23260869565217393,16
1669,-0.8869565217391304,0.051075391845524905,-0.9586956521739131,-0.8956521739130435,-0.7978260869565217,16
1670,-0.40652173913043477,0.0670397562830838,-0.5478260869565217,-0.4,-0.3173913043478261,16
1671,-0.658695652173913,0.07349626741033465,-0.7891304347826087,-0.6521739130434783,-0.5543478260869564,16
1672,-0.8239130434782609,0.06326796613415327,-0.9456521739130435,-0.817391304347826,-0.7391304347826086,16
1673,-0.30760869565217386,0.0536806879341989,-0.3847826086956522,-0.31304347826086953,-0.20217391304347826,16
1674,-0.6826086956521739,0.05945562752685801,-0.7891304347826087,-0.6782608695652175,-0.6,16
1675,0.13804347826086957,0.05928647888388975,0.02608695652173913,0.1391304347826087,0.2217391304347826,16
1676,-0.6739130434782609,0.05014157649856868,-0.7369565217391304,-0.6869565217391305,-0.5565217391304348,16
1677,-0.8097826086956521,0.054813224709230314,-0.8826086956521739,-0.8260869565217391,-0.7021739130434783,16
1678,-0.27717391304347827,0.06955672502511373,-0.40217391304347827,-0.2608695652173913,-0.1826086956521739,16
1679,-0.6804347826086956,0.07349626741033463,-0.7913043478260869,-0.6782608695652175,-0.5456521739130435,16
1680,-0.3184782608695652,0.07149993059866817,-0.45869565217391306,-0.30434782608695654,-0.20217391304347826,16
1681,-0.3847826086956522,0.07375302371168423,-0.5326086956521738,-0.3739130434782609,-0.28260869565217395,16
1682,-0.3717391304347826,0.07298004491997617,-0.5173913043478261,-0.3652173913043478,-0.25434782608695655,16
1683,-0.47282608695652173,0.09500149237709496,-0.6173913043478261,-0.4608695652173913,-0.3065217391304348,16
1684,-0.2663043478260869,0.06216593138186437,-0.3717391304347826,-0.26956521739130435,-0.14782608695652175,16
1685,-0.6228260869565216,0.08033924996579296,-0.7391304347826086,-0.6173913043478261,-0.48695652173913045,16
1686,-0.325,0.0952994980517867,-0.4717391304347826,-0.33043478260869563,-0.16086956521739132,16
1687,-0.6097826086956522,0.06678372677958974,-0.7217391304347827,-0.6086956521739131,-0.5086956521739131,16
1688,-0.43369565217391304,0.07377704880284051,-0.558695652173913,-0.4260869565217391,-0.3282608695652174,16
1689,-0.3760869565217391,0.06898535501140188,-0.5108695652173914,-0.3565217391304348,-0.28260869565217395,16
1690,-0.2891304347826087,0.07701299819094935,-0.40217391304347827,-0.28695652173913044,-0.16521739130434782,16
1691,-0.01630434782608696,0.08452441174876334,-0.13478260869565217,-0.02608695652173913,0.1391304347826087,16
1692,-0.2619565217391304,0.09344665795413837,-0.4326086956521739,-0.25217391304347825,-0.1108695652173913,16
1693,-0.21521739130434783,0.06503597957239822,-0.31521739130434784,-0.2,-0.12608695652173912,16
1694,-0.12934782608695652,0.052703382271307206,-0.2108695652173913,-0.13043478260869565,-0.0391304347826087,16
1695,0.17282608695652174,0.09263395246527256,0.010869565217391302,0.16521739130434782,0.34347826086956523,16
1696,0.1423913043478261,0.06047035237261358,0.04565217391304348,0.13043478260869565,0.23913043478260868,16
1697,-0.14782608695652172,0.07850204384899037,-0.2565217391304348,-0.17391304347826086,-0.015217391304347825,16
1698,0.034782608695652174,0.058655380709704524,-0.09130434782608696,0.043478260869565216,0.11739130434782609,16
1699,-0.16521739130434782,0.05430433042085563,-0.26304347826086955,-0.17391304347826086,-0.0782608695652174,16
1700,-0.5130434782608695,0.06956521739130433,-0.6,-0.5304347826086957,-0.3652173913043478,16
1701,-0.21521739130434783,0.0711437746606677,-0.34347826086956523,-0.19130434782608696,-0.11956521739130435,16
1702,-0.23043478260869565,0.05051717408096631,-0.33043478260869563,-0.22608695652173913,-0.15434782608695652,16
1703,-0.12282608695652174,0.078253320891984,-0.2565217391304348,-0.11304347826086956,0.006521739130434783,16
1704,-0.25,0.07140899002459496,-0.3673913043478261,-0.25217391304347825,-0.13043478260869565,16
1705,0.004347826086956522,0.05784406389413074,-0.0782608695652174,0.0,0.11304347826086956,16
1706,-0.14565217391304347,0.04952515543432398,-0.2282608695652174,-0.1391304347826087,-0.06739130434782609,16
1707,-0.13043478260869565,0.07064381221422573,-0.26304347826086955,-0.1391304347826087,-0.008695652173913044,16
1708,-0.39565217391304347,0.033396285860298296,-0.45869565217391306,-0.391304347826087,-0.3456521739130435,16
1709,-0.0934782608695652,0.09200045204129925,-0.2326086956521739,-0.08695652173913043,0.05869565217391305,16
1710,-0.20543478260869563,0.07598595781128942,-0.3326086956521739,-0.20869565217391306,-0.08478260869565218,16
1711,-0.2804347826086957,0.06356605007484108,-0.3847826086956522,-0.2782608695652174,-0.17173913043478262,16
1712,-0.2608695652173913,0.07249274782840465,-0.40217391304347827,-0.2608695652173913,-0.16521739130434782,16
1713,-0.7510869565217391,0.05524263373727418,-0.8434782608695652,-0.7478260869565216,-0.6478260869565218,16
1714,0.021739130434782608,0.07416835699666079,-0.0782608695652174,0.008695652173913042,0.15217391304347824,16
1715,0.2391304347826087,0.0846431405823121,0.047826086956521734,0.25217391304347825,0.34347826086956523,16
1716,-0.43369565217391304,0.07654366039764458,-0.567391304347826,-0.43478260869565216,-0.3065217391304348,16
1717,0.1815217391304348,0.06969247870395845,0.09130434782608696,0.16521739130434782,0.29782608695652174,16
1718,-0.07065217391304349,0.06477203006712862,-0.15869565217391304,-0.06956521739130435,0.06521739130434782,16
1719,0.05652173913043478,0.054129998252124924,-0.03043478260869565,0.043478260869565216,0.15217391304347824,16
1720,-0.16630434782608697,0.0691478649068214,-0.29130434782608694,-0.16521739130434782,-0.06739130434782609,16
1721,-0.6956521739130435,0.06507230237867723,-0.8065217391304348,-0.6869565217391305,-0.6065217391304347,16
1722,-0.6847826086956521,0.08177496901653925,-0.8260869565217391,-0.6869565217391305,-0.5369565217391304,16
1723,0.07282608695652174,0.0769746355493705,-0.06304347826086956,0.06956521739130435,0.2043478260869565,16
1724,-0.2391304347826087,0.07981547717689487,-0.3217391304347826,-0.2608695652173913,-0.0391304347826087,16
1725,-0.6652173913043479,0.06550660510138855,-0.7739130434782608,-0.6521739130434783,-0.5717391304347825,16
1726,-0.01956521739130435,0.0831503978213273,-0.16956521739130434,-0.017391304347826084,0.1,16
1727,0.3760869565217391,0.08131132264897846,0.25869565217391305,0.3565217391304348,0.5130434782608696,16
1728,-0.6989130434782609,0.05791550784677052,-0.7739130434782608,-0.6956521739130435,-0.6065217391304347,16
1729,-0.1934782608695652,0.0838296499332993,-0.34782608695652173,-0.2,-0.0782608695652174,16
1730,-0.4347826086956521,0.07091089752304386,-0.558695652173913,-0.4434782608695652,-0.3173913043478261,16
1731,0.06739130434782609,0.07652050394260018,-0.08695652173913043,0.0782608695652174,0.15869565217391304,16
1732,-0.20217391304347826,0.06083073295492705,-0.28043478260869564,-0.2173913043478261,-0.09130434782608696,16
1733,-0.020652173913043477,0.08356850873489316,-0.13478260869565217,-0.034782608695652174,0.1282608695652174,16
1734,0.3576086956521739,0.07235408365496791,0.24347826086956523,0.34782608695652173,0.5,16
1735,-0.29130434782608694,0.06721576014669699,-0.40217391304347827,-0.2956521739130435,-0.18913043478260871,16
1736,-0.3847826086956522,0.059574737417585746,-0.4608695652173913,-0.3826086956521739,-0.26521739130434785,16
1737,-0.36847826086956526,0.08602078044976774,-0.5260869565217391,-0.3739130434782609,-0.19782608695652174,16
1738,-0.25217391304347825,0.07728864710709207,-0.37826086956521743,-0.2608695652173913,-0.10869565217391304,16
1739,-0.17934782608695654,0.07536144787679545,-0.29782608695652174,-0.17391304347826086,-0.06739130434782609,16
1740,-0.4206521739130435,0.08080847388607114,-0.558695652173913,-0.4173913043478261,-0.28478260869565214,16
1741,-0.7358695652173913,0.06277115094774308,-0.841304347826087,-0.7217391304347827,-0.6478260869565218,16
1742,-0.16195652173913044,0.068805292252602,-0.27391304347826084,-0.15652173913043477,-0.05,16
1743,-0.4891304347826087,0.05460807255252377,-0.5652173913043478,-0.48695652173913045,-0.3978260869565218,16
1744,-0.10108695652173913,0.05659485237802093,-0.2043478260869565,-0.09565217391304348,-3.469446951953614e-18,16
1745,-0.11739130434782609,0.05516772843673704,-0.1934782608695652,-0.1391304347826087,-0.015217391304347825,16
1746,-0.24673913043478263,0.07598595781128942,-0.37826086956521743,-0.25217391304347825,-0.09347826086956522,16
1747,-0.48586956521739133,0.05701084366062328,-0.5760869565217391,-0.48695652173913045,-0.391304347826087,16
1748,-0.35978260869565215,0.06277115094774309,-0.47608695652173916,-0.3565217391304348,-0.25869565217391305,16
1749,-0.2076086956521739,0.06389048699863302,-0.30869565217391304,-0.20869565217391306,-0.09782608695652174,16
1750,-0.1467391304347826,0.07416039175398124,-0.30869565217391304,-0.1391304347826087,-0.05,16
1751,-0.5869565217391304,0.051627574291469205,-0.6804347826086957,-0.5826086956521739,-0.5021739130434782,16
1752,-0.4934782608695652,0.05355949997719529,-0.5760869565217391,-0.4956521739130435,-0.391304347826087,16
1753,-0.29782608695652174,0.07627306431673406,-0.43478260869565216,-0.2956521739130435,-0.1826086956521739,16
1754,-0.32500000000000007,0.11506860779141644,-0.4891304347826087,-0.33043478260869563,-0.1108695652173913,16
1755,-0.3521739130434782,0.05162757429146921,-0.4543478260869565,-0.3565217391304348,-0.27608695652173915,16
1756,-0.19891304347826086,0.0746684543286765,-0.3217391304347826,-0.19130434782608696,-0.06956521739130435,16
1757,-0.4141304347826087,0.07267993121045277,-0.523913043478261,-0.4,-0.29347826086956524,16
1758,-0.7032608695652174,0.0677671845685493,-0.8021739130434783,-0.7130434782608697,-0.5826086956521739,16
1759,-0.38586956521739135,0.08967885361884047,-0.523913043478261,-0.3739130434782609,-0.21521739130434783,16
1760,-0.4260869565217391,0.08087424016407947,-0.5304347826086957,-0.4260869565217391,-0.2608695652173913,16
1761,-0.10108695652173913,0.08883168383482358,-0.24565217391304348,-0.09565217391304348,0.08695652173913043,16
1762,-0.8521739130434782,0.05144417202695318,-0.9347826086956521,-0.8608695652173913,-0.7543478260869565,16
1763,-0.3293478260869565,0.06734746119417247,-0.45869565217391306,-0.33043478260869563,-0.21956521739130436,16
1764,-0.6706521739130435,0.078854931291809,-0.8130434782608695,-0.6521739130434783,-0.5543478260869564,16
1765,-0.4489130434782609,0.08242972604194262,-0.5869565217391304,-0.4260869565217391,-0.3456521739130435,16
1766,-0.45543478260869563,0.0672772527193208,-0.5695652173913043,-0.45217391304347826,-0.3630434782608696,16
1767,-0.5456521739130435,0.05796648533031905,-0.6391304347826087,-0.5478260869565217,-0.4565217391304348,16
1768,-0.3956521739130435,0.05977272645594574,-0.4717391304347826,-0.40869565217391307,-0.2608695652173913,16
1769,0.14021739130434782,0.06734746119417247,0.043478260869565216,0.1217391304347826,0.27391304347826084,16
1770,-0.43478260869565216,0.0670749940023544,-0.5695652173913043,-0.4260869565217391,-0.3456521739130435,16
1771,-0.30000000000000004,0.03864432355354604,-0.3673913043478261,-0.2956521739130435,-0.25217391304347825,16
1772,0.02282608695652174,0.06989561485118599,-0.0891304347826087,0.02608695652173913,0.15652173913043477,16
1773,-0.26413043478260867,0.06839194007277988,-0.36086956521739133,-0.2608695652173913,-0.15434782608695652,16
1774,-0.5402173913043478,0.07403283132112096,-0.6695652173913044,-0.5478260869565217,-0.4,16
1775,-0.3923913043478261,0.04146137200600142,-0.4652173913043478,-0.391304347826087,-0.3065217391304348,16
1776,-0.08586956521739131,0.08317170841870115,-0.20869565217391303,-0.09565217391304348,0.07391304347826087,16
1777,-0.4260869565217391,0.05735176503596922,-0.523913043478261,-0.4260869565217391,-0.3173913043478261,16
1778,-0.5847826086956521,0.059256579001908734,-0.6695652173913044,-0.6,-0.4782608695652174,16
1779,-0.6467391304347825,0.07770788935528317,-0.7391304347826086,-0.6608695652173913,-0.4847826086956522,16
1780,-0.5119565217391304,0.0771586022779187,-0.6347826086956522,-0.5043478260869565,-0.3804347826086957,16
1781,-0.45652173913043476,0.053779638595012974,-0.5413043478260869,-0.4434782608695652,-0.3695652173913043,16
1782,-0.46304347826086956,0.06474466352971926,-0.5456521739130434,-0.4782608695652174,-0.31521739130434784,16
1783,-0.6163043478260869,0.05012979372869656,-0.6869565217391305,-0.6173913043478261,-0.5260869565217391,16
1784,-0.55,0.06144910445696769,-0.6565217391304348,-0.5478260869565217,-0.45,16
1785,-0.4391304347826087,0.06860753842634566,-0.523913043478261,-0.4434782608695652,-0.29347826086956524,16
1786,-0.5880434782608696,0.08711263160995276,-0.741304347826087,-0.5826086956521739,-0.4391304347826087,16
1787,-0.34347826086956523,0.061946986299021775,-0.43478260869565216,-0.3565217391304348,-0.22608695652173913,16
1788,-0.15434782608695652,0.08107850521291964,-0.3173913043478261,-0.14782608695652175,-0.028260869565217395,16
1789,-0.42065217391304344,0.059841867863046974,-0.5391304347826087,-0.4260869565217391,-0.3456521739130435,16
1790,-0.3228260869565217,0.049369847605112024,-0.40217391304347827,-0.3217391304347826,-0.23043478260869565,16
1791,-0.20652173913043478,0.057639450363316753,-0.29782608695652174,-0.19130434782608696,-0.09782608695652174,16
1792,-0.7141304347826087,0.06147793801034466,-0.8369565217391305,-0.7043478260869566,-0.6521739130434783,16
1793,-0.4652173913043478,0.07716625804042977,-0.5978260869565217,-0.4608695652173913,-0.3521739130434782,16
1794,-0.3695652173913043,0.07314175583156836,-0.49347826086956526,-0.3739130434782609,-0.25217391304347825,16
1795,-0.4902173913043478,0.06866778466124819,-0.6260869565217391,-0.4956521739130435,-0.3760869565217391,16
1796,-0.39565217391304347,0.06608123545030722,-0.5347826086956522,-0.3739130434782609,-0.2956521739130435,16
1797,-0.43478260869565216,0.07378505542816148,-0.558695652173913,-0.43478260869565216,-0.3108695652173913,16
1798,-0.32717391304347826,0.08220007635023752,-0.4543478260869565,-0.32173913043478264,-0.2,16
1799,-0.5304347826086957,0.05360360002581717,-0.6282608695652174,-0.5304347826086957,-0.4282608695652174,16
1800,-0.21956521739130436,0.09443394186510205,-0.3760869565217391,-0.23478260869565218,-0.0782608695652174,16
1801,-0.1358695652173913,0.07136761509208464,-0.2782608695652174,-0.1391304347826087,-0.021739130434782608,16
1802,-0.7554347826086956,0.06254487991659044,-0.8478260869565217,-0.7739130434782608,-0.6369565217391304,16
1803,-0.1108695652173913,0.07502362576842347,-0.2673913043478261,-0.09565217391304348,0.0021739130434782605,16
1804,-0.4771739130434783,0.06887394309756907,-0.5869565217391304,-0.4608695652173913,-0.3695652173913043,16
1805,-0.5271739130434783,0.06425926632111935,-0.6608695652173913,-0.5217391304347827,-0.4434782608695652,16
1806,0.04891304347826087,0.08196978326566466,-0.1,0.043478260869565216,0.16956521739130434,16
1807,-0.3076086956521739,0.07511019000589812,-0.41956521739130437,-0.31304347826086953,-0.1956521739130435,16
1808,-0.07173913043478261,0.09758424211940626,-0.21739130434782608,-0.0782608695652174,0.1,16
1809,-0.1706521739130435,0.09618797562099055,-0.28043478260869564,-0.2,0.03260869565217392,16
1810,-0.20869565217391306,0.09223131928520185,-0.3652173913043478,-0.2173913043478261,-0.06739130434782609,16
1811,0.0608695652173913,0.0968306845709569,-0.14130434782608697,0.06956521739130435,0.20869565217391303,16
1812,-0.21630434782608693,0.08749156048956842,-0.3717391304347826,-0.2,-0.07391304347826087,16
1813,-0.32934782608695656,0.10343235189131772,-0.4782608695652174,-0.3565217391304348,-0.14347826086956522,16
1814,-0.7565217391304347,0.06901959941907627,-0.8717391304347827,-0.7565217391304347,-0.6478260869565218,16
1815,-0.7141304347826087,0.061169679406050025,-0.7847826086956522,-0.7217391304347827,-0.5847826086956521,16
1816,-0.44130434782608696,0.07919132869603036,-0.5478260869565217,-0.4608695652173913,-0.28260869565217395,16
1817,-0.10217391304347827,0.0838296499332993,-0.25434782608695655,-0.09565217391304348,0.019565217391304346,16
1818,-0.3989130434782609,0.06955672502511373,-0.5173913043478261,-0.3826086956521739,-0.2891304347826087,16
1819,-0.33369565217391306,0.09380000241836992,-0.48695652173913045,-0.33913043478260874,-0.1565217391304348,16
1820,-0.3967391304347826,0.10098171239479578,-0.5869565217391304,-0.3739130434782609,-0.22608695652173913,16
1821,-0.6489130434782608,0.061554761455512044,-0.7826086956521738,-0.6347826086956522,-0.5717391304347825,16
1822,0.0641304347826087,0.07123505381656932,-0.06956521739130435,0.0782608695652174,0.18695652173913044,16
1823,-0.057608695652173914,0.08893802136663755,-0.2108695652173913,-0.06956521739130435,0.10434782608695653,16
1824,-0.4695652173913043,0.06901959941907626,-0.5934782608695652,-0.45217391304347826,-0.3739130434782609,16
1825,-0.4217391304347826,0.06888251964241243,-0.5413043478260869,-0.4260869565217391,-0.3,16
1826,-0.5597826086956522,0.06976025647704365,-0.7130434782608696,-0.5478260869565217,-0.4673913043478261,16
1827,-0.5739130434782609,0.07777627747825355,-0.6847826086956522,-0.5826086956521739,-0.41304347826086957,16
1828,-0.2543478260869565,0.07087756689957003,-0.35434782608695653,-0.26956521739130435,-0.10869565217391304,16
1829,-0.22282608695652173,0.08033924996579295,-0.3652173913043478,-0.21739130434782608,-0.10217391304347827,16
1830,-0.10108695652173913,0.12461187380273035,-0.24565217391304348,-0.11304347826086956,0.13695652173913042,16
1831,-0.7217391304347827,0.06300598585299756,-0.8369565217391305,-0.7217391304347827,-0.6130434782608696,16
1832,-0.40760869565217395,0.06804556185169365,-0.5304347826086957,-0.40869565217391307,-0.28695652173913044,16
1833,-0.1782608695652174,0.09130434782608694,-0.3217391304347826,-0.15652173913043477,-0.028260869565217395,16
1834,-0.6869565217391305,0.07117698062497783,-0.8304347826086956,-0.6695652173913044,-0.6,16
1835,0.01847826086956522,0.06678372677958971,-0.08260869565217391,0.008695652173913042,0.15652173913043477,16
1836,-0.6554347826086957,0.08277300592824316,-0.7739130434782608,-0.6521739130434783,-0.5543478260869564,16
1837,-0.5913043478260869,0.07223151185146151,-0.7065217391304348,-0.6173913043478261,-0.45869565217391306,16
1838,-0.38369565217391305,0.08385078789957769,-0.5304347826086957,-0.391304347826087,-0.23478260869565218,16
1839,-0.3695652173913043,0.0568552036114001,-0.45869565217391306,-0.3652173913043478,-0.25652173913043474,16
1840,-0.15652173913043477,0.046422079356657875,-0.2282608695652174,-0.14782608695652175,-0.08478260869565218,16
1841,-0.2326086956521739,0.06732114159653053,-0.35434782608695653,-0.23478260869565218,-0.10869565217391304,16
1842,-0.058695652173913045,0.09241048394274906,-0.21521739130434783,-0.052173913043478265,0.08695652173913043,16
1843,-0.2902173913043478,0.08277300592824315,-0.41956521739130437,-0.2782608695652174,-0.13695652173913042,16
1844,-0.35978260869565215,0.07927334205093405,-0.4826086956521739,-0.3565217391304348,-0.23043478260869565,16
1845,-0.1989130434782609,0.08168100384675736,-0.34782608695652173,-0.1826086956521739,-0.04565217391304348,16
1846,-0.49891304347826093,0.07358462843918614,-0.6521739130434783,-0.4956521739130435,-0.3869565217391304,16
1847,-0.7510869565217391,0.0678368859853475,-0.8717391304347827,-0.7391304347826086,-0.658695652173913,16
1848,-0.22065217391304348,0.06425926632111935,-0.36086956521739133,-0.20869565217391306,-0.12608695652173912,16
1849,-0.4032608695652174,0.0879763565935229,-0.5413043478260869,-0.391304347826087,-0.25869565217391305,16
1850,-0.4010869565217391,0.11617221262749317,-0.5826086956521739,-0.43478260869565216,-0.23478260869565218,16
1851,-0.5282608695652173,0.05460807255252378,-0.6260869565217391,-0.5391304347826087,-0.4326086956521739,16
1852,-0.36630434782608695,0.08294411309984938,-0.4956521739130435,-0.3652173913043478,-0.23043478260869565,16
1853,-0.12282608695652175,0.10807977694858183,-0.29130434782608694,-0.09565217391304348,0.06521739130434782,16
1854,-0.4945652173913043,0.09088282615949639,-0.6391304347826087,-0.4956521739130435,-0.33478260869565213,16
1855,-0.15543478260869564,0.06477203006712862,-0.23478260869565218,-0.16521739130434782,-0.03260869565217391,16
1856,-0.3141304347826087,0.06928441969775342,-0.4434782608695652,-0.2956521739130435,-0.23043478260869565,16
1857,-0.3760869565217392,0.07847193759904367,-0.5043478260869565,-0.3826086956521739,-0.22608695652173913,16
1858,-0.22608695652173913,0.10825999650424985,-0.43478260869565216,-0.21739130434782608,-0.052173913043478265,16
1859,-0.4891304347826087,0.0711437746606677,-0.6195652173913043,-0.48695652173913045,-0.3760869565217391,16
1860,-0.541304347826087,0.09138195459558132,-0.7021739130434783,-0.5391304347826087,-0.3869565217391304,16
1861,-0.05,0.07871246517492032,-0.14130434782608697,-0.06086956521739131,0.11304347826086956,16
1862,-0.2847826086956522,0.07966731392090738,-0.40217391304347827,-0.28695652173913044,-0.13260869565217392,16
1863,0.05217391304347826,0.10452882852322876,-0.09347826086956522,0.052173913043478265,0.26304347826086955,16
1864,-0.5130434782608696,0.06507230237867723,-0.6108695652173913,-0.5217391304347826,-0.4152173913043478,16
1865,-0.3326086956521739,0.07087756689957003,-0.43043478260869567,-0.34782608695652173,-0.20652173913043478,16
1866,-0.30434782608695654,0.06360321234055562,-0.391304347826087,-0.31304347826086953,-0.1673913043478261,16
1867,-0.6891304347826087,0.07272055949425102,-0.817391304347826,-0.6956521739130435,-0.5826086956521739,16
1868,-0.6108695652173913,0.06980258416522749,-0.7195652173913043,-0.6086956521739131,-0.5021739130434782,16
1869,-0.12173913043478261,0.076551377659387,-0.2326086956521739,-0.13043478260869565,0.028260869565217395,16
1870,-0.4521739130434782,0.09015844066664226,-0.5869565217391304,-0.46956521739130436,-0.2956521739130435,16
1871,-0.592391304347826,0.09505122487225742,-0.6869565217391305,-0.6173913043478261,-0.4043478260869565,16
1872,-0.3032608695652174,0.09847010235904671,-0.45217391304347826,-0.30434782608695654,-0.1565217391304348,16
1873,-0.5945652173913043,0.10429686255469224,-0.7543478260869565,-0.6,-0.4326086956521739,16
1874,-0.23478260869565218,0.07249274782840465,-0.37826086956521743,-0.21739130434782608,-0.13043478260869565,16
1875,-0.06413043478260869,0.10968570841900946,-0.29130434782608694,-0.043478260869565216,0.11956521739130434,16
1876,0.14456521739130435,0.06769741138704356,0.043478260869565216,0.15652173913043477,0.24565217391304348,16
1877,0.1782608695652174,0.10817265482282372,-0.0608695652173913,0.1826086956521739,0.3391304347826087,16
1878,-0.05869565217391305,0.08583516096695493,-0.1760869565217391,-0.09565217391304348,0.1108695652173913,16
1879,0.1108695652173913,0.050657305207526274,0.05,0.09565217391304348,0.2043478260869565,16
1880,0.09021739130434783,0.08424438973764621,-0.02608695652173913,0.09565217391304348,0.2608695652173913,16
1881,-0.15108695652173912,0.06825359972365043,-0.2826086956521739,-0.14782608695652175,-0.04565217391304348,16
1882,0.019565217391304346,0.06618842325060142,-0.06086956521739131,0.017391304347826087,0.13043478260869565,16
1883,-0.3869565217391304,0.09712307784212466,-0.5478260869565217,-0.3826086956521739,-0.21739130434782608,16
1884,0.07500000000000001,0.09745703333231383,-0.10434782608695653,0.09565217391304348,0.21739130434782608,16
1885,0.02282608695652174,0.0787949769540845,-0.10652173913043478,0.034782608695652174,0.14130434782608697,16
1886,-0.4478260869565217,0.0826086956521739,-0.5652173913043478,-0.4434782608695652,-0.29347826086956524,16
1887,-0.25,0.08928935990396891,-0.4282608695652174,-0.26956521739130435,-0.11304347826086956,16
1888,-0.7902173913043479,0.05198107478790584,-0.8608695652173913,-0.8,-0.7043478260869566,16
1889,-0.22717391304347825,0.045587428207632105,-0.29782608695652174,-0.2434782608695652,-0.16521739130434782,16
1890,-0.04782608695652174,0.10316356971917107,-0.23695652173913043,-0.043478260869565216,0.09565217391304348,16
1891,-0.7597826086956523,0.04691574316284181,-0.8260869565217391,-0.7478260869565216,-0.6934782608695652,16
1892,-0.5271739130434783,0.09390071376389329,-0.7369565217391304,-0.5130434782608696,-0.3978260869565218,16
1893,-0.4,0.08295123490582136,-0.5282608695652173,-0.4173913043478261,-0.24782608695652175,16
1894,-0.6641304347826087,0.04291758048347749,-0.7217391304347827,-0.6695652173913044,-0.5891304347826086,16
1895,-0.04021739130434782,0.07228873788986002,-0.1782608695652174,-0.043478260869565216,0.09565217391304348,16
1896,-0.021739130434782615,0.10371182992936141,-0.18043478260869567,-0.034782608695652174,0.16521739130434782,16
1897,0.05217391304347826,0.048415342285478453,-0.03043478260869565,0.043478260869565216,0.13478260869565217,16
1898,0.02282608695652174,0.07016554823266309,-0.06521739130434782,0.008695652173913044,0.1673913043478261,16
1899,-0.4923913043478261,0.06685445354209468,-0.6108695652173913,-0.4956521739130435,-0.3869565217391304,16
1900,-0.8119565217391304,0.05297170839570089,-0.8717391304347827,-0.8347826086956522,-0.6934782608695652,16
1901,-0.557608695652174,0.03636027974712549,-0.6108695652173913,-0.5652173913043478,-0.4847826086956522,16
1902,-0.6130434782608696,0.06521739130434784,-0.7304347826086957,-0.6173913043478261,-0.5021739130434782,16
1903,-0.7141304347826086,0.06535311963285832,-0.8021739130434783,-0.7217391304347827,-0.5739130434782609,16
1904,-0.8130434782608695,0.06521739130434784,-0.8891304347826088,-0.808695652173913,-0.6630434782608695,16
1905,-0.8826086956521739,0.04497426275125477,-0.941304347826087,-0.8956521739130435,-0.7978260869565217,16
1906,-0.06847826086956521,0.08541431329077018,-0.2,-0.0782608695652174,0.06086956521739131,16
1907,-0.34130434782608693,0.05355949997719529,-0.4260869565217391,-0.34782608695652173,-0.26956521739130435,16
1908,-0.8097826086956521,0.043681589776978544,-0.8826086956521739,-0.817391304347826,-0.7456521739130434,16
1909,-0.7086956521739131,0.056521739130434775,-0.8021739130434783,-0.7130434782608697,-0.6173913043478261,16
1910,-0.875,0.023987039663819463,-0.9130434782608695,-0.8782608695652174,-0.8434782608695652,16
1911,-0.8608695652173912,0.04560038470305006,-0.9239130434782609,-0.8695652173913044,-0.7804347826086956,16
1912,-0.8586956521739131,0.034165725316308064,-0.9130434782608695,-0.8608695652173913,-0.7978260869565217,16
1913,-0.6717391304347826,0.06788041302606955,-0.8021739130434783,-0.6608695652173913,-0.5782608695652174,16
1914,-0.7826086956521738,0.03937123973103226,-0.8543478260869566,-0.7913043478260869,-0.717391304347826,16
1915,-0.39456521739130435,0.06425926632111936,-0.4717391304347826,-0.40869565217391307,-0.25434782608695655,16
1916,-0.7923913043478261,0.051248587974462106,-0.8608695652173913,-0.8,-0.7108695652173913,16
1917,-0.8782608695652174,0.04762804847871009,-0.9586956521739131,-0.8782608695652174,-0.7804347826086956,16
1918,-0.7913043478260869,0.04957284456952774,-0.8717391304347827,-0.8,-0.6891304347826087,16
1919,-0.7554347826086956,0.057176392738423516,-0.8478260869565217,-0.7478260869565216,-0.6543478260869565,16
1920,-0.7880434782608696,0.05472693858771351,-0.8652173913043478,-0.7913043478260869,-0.6782608695652175,16
1921,-0.6119565217391305,0.05558377250237217,-0.691304347826087,-0.6260869565217391,-0.5043478260869565,16
1922,-0.7826086956521738,0.060869565217391314,-0.8608695652173913,-0.7913043478260869,-0.6434782608695653,16
1923,-0.6478260869565218,0.0493818117026111,-0.7043478260869566,-0.6695652173913044,-0.5543478260869564,16
1924,-0.43369565217391304,0.08317170841870115,-0.5739130434782609,-0.4434782608695652,-0.27391304347826084,16
1925,-0.6641304347826087,0.10501935189388538,-0.8652173913043478,-0.6608695652173913,-0.5369565217391304,16
1926,-0.09239130434782608,0.09745703333231383,-0.21739130434782608,-0.11304347826086956,0.05434782608695652,16
1927,-0.5630434782608695,0.08154347536309153,-0.6869565217391305,-0.5739130434782609,-0.4326086956521739,16
1928,-0.7152173913043478,0.05829168555561705,-0.8195652173913044,-0.7217391304347827,-0.6021739130434782,16
1929,-0.7391304347826088,0.04032008041519869,-0.8021739130434783,-0.7478260869565216,-0.6695652173913044,16
1930,-0.6967391304347825,0.05566873055348643,-0.8021739130434783,-0.6956521739130435,-0.5978260869565217,16
1931,-0.44021739130434784,0.07123505381656932,-0.5413043478260869,-0.45217391304347826,-0.3108695652173913,16
1932,-0.6228260869565218,0.04548364337588627,-0.6804347826086957,-0.6260869565217391,-0.5369565217391304,16
1933,-0.8021739130434782,0.06980258416522749,-0.8891304347826088,-0.8260869565217391,-0.6760869565217391,16
1934,-0.6369565217391304,0.07167322400797625,-0.7717391304347826,-0.6521739130434783,-0.5108695652173914,16
1935,-0.4532608695652174,0.08271589154785049,-0.5869565217391304,-0.4434782608695652,-0.3108695652173913,16
1936,-0.7782608695652173,0.07024128009305873,-0.9130434782608695,-0.7652173913043478,-0.6869565217391305,16
1937,-0.6380434782608695,0.0818543937546276,-0.7673913043478261,-0.6260869565217391,-0.5217391304347826,16
1938,-0.30217391304347824,0.06732114159653053,-0.45,-0.2956521739130435,-0.21739130434782608,16
1939,-0.408695652173913,0.07605589428059088,-0.5173913043478261,-0.40869565217391307,-0.25652173913043474,16
1940,-0.8456521739130435,0.04596168372144777,-0.9239130434782609,-0.8434782608695652,-0.7804347826086956,16
1941,-0.6717391304347826,0.058936703094460696,-0.7608695652173912,-0.6695652173913044,-0.5652173913043478,16
1942,-0.6206521739130435,0.07561187082364644,-0.7326086956521739,-0.6173913043478261,-0.5021739130434782,16
1943,-0.4032608695652174,0.08967885361884045,-0.5391304347826087,-0.4,-0.25434782608695655,16
1944,-0.7728260869565218,0.041002904595347854,-0.8434782608695652,-0.7739130434782608,-0.7108695652173913,16
1945,-0.2673913043478261,0.08950082108799522,-0.4326086956521739,-0.2608695652173913,-0.13695652173913042,16
1946,0.04021739130434782,0.0763582121290586,-0.06086956521739131,0.034782608695652174,0.18913043478260871,16
1947,-0.06739130434782609,0.0703421290754932,-0.18695652173913044,-0.06086956521739131,0.05434782608695652,16
1948,-0.2543478260869565,0.07349626741033463,-0.3934782608695652,-0.25217391304347825,-0.13260869565217392,16
1949,0.10108695652173913,0.07498424535220513,-0.043478260869565216,0.10434782608695653,0.2108695652173913,16
1950,-0.5097826086956523,0.06825359972365043,-0.6521739130434783,-0.4956521739130435,-0.4108695652173913,16
1951,0.03260869565217392,0.09158858449104737,-0.13043478260869565,0.034782608695652174,0.19782608695652174,16
1952,-0.1423913043478261,0.05625984475916319,-0.23478260869565218,-0.13043478260869565,-0.0782608695652174,16
1953,0.05108695652173913,0.07849451836904701,-0.1108695652173913,0.06086956521739131,0.16956521739130434,16
1954,-0.15869565217391304,0.09302214302319421,-0.2847826086956522,-0.1826086956521739,-0.004347826086956523,16
1955,-0.11847826086956521,0.07003071159932442,-0.21739130434782608,-0.1217391304347826,-0.015217391304347825,16
1956,-0.04673913043478261,0.06093746213221643,-0.14130434782608697,-0.052173913043478265,0.03695652173913043,16
1957,-0.0010869565217391294,0.05960447769937041,-0.09565217391304348,0.0,0.0782608695652174,16
1958,-0.21956521739130436,0.05829168555561705,-0.3217391304347826,-0.21739130434782608,-0.11521739130434783,16
1959,0.023913043478260874,0.06647341239748111,-0.08260869565217391,0.008695652173913044,0.14565217391304347,16
1960,-0.06304347826086956,0.09483345265733581,-0.21304347826086956,-0.08695652173913043,0.1108695652173913,16
1961,-0.04239130434782608,0.08552489992169682,-0.21956521739130433,-0.017391304347826084,0.06086956521739131,16
1962,0.0891304347826087,0.08950082108799522,-0.06956521739130435,0.08695652173913043,0.24347826086956523,16
1963,-0.16956521739130434,0.0657945476105285,-0.26304347826086955,-0.16521739130434782,-0.05652173913043478,16
1964,0.022826086956521743,0.1102015253137382,-0.13043478260869565,0.017391304347826087,0.20217391304347826,16
1965,0.03260869565217391,0.08886492798247694,-0.10652173913043478,0.034782608695652174,0.19782608695652174,16
1966,-0.642391304347826,0.06389048699863303,-0.7152173913043479,-0.6521739130434783,-0.49782608695652175,16
1967,-0.053260869565217396,0.07300432439220428,-0.13043478260869565,-0.06956521739130435,0.10869565217391305,16
1968,-0.4173913043478261,0.07874247946206449,-0.5717391304347826,-0.40869565217391307,-0.30434782608695654,16
1969,-0.1989130434782609,0.09212237074091327,-0.3391304347826087,-0.1826086956521739,-0.041304347826086954,16
1970,-0.4847826086956522,0.08757929164558123,-0.6282608695652174,-0.46956521739130436,-0.358695652173913,16
1971,0.020652173913043477,0.06699568307058686,-0.0891304347826087,0.02608695652173913,0.14782608695652175,16
1972,-0.05,0.04875578585218653,-0.11304347826086956,-0.06086956521739131,0.041304347826086954,16
1973,-0.3630434782608696,0.07323861099096965,-0.49347826086956526,-0.3652173913043478,-0.25217391304347825,16
1974,-0.1826086956521739,0.07301241575542028,-0.3326086956521739,-0.2,-0.09565217391304348,16
1975,-0.0717391304347826,0.08561464638050094,-0.2282608695652174,-0.06086956521739131,0.0891304347826087,16
1976,-0.36630434782608695,0.10842902080155883,-0.5,-0.3826086956521739,-0.12608695652173912,16
1977,-0.12282608695652174,0.09036133095702575,-0.28043478260869564,-0.1391304347826087,0.02608695652173913,16
1978,-0.018478260869565215,0.097988994791196,-0.14782608695652175,-0.008695652173913045,0.1282608695652174,16
1979,-0.39456521739130435,0.10618291276887809,-0.5826086956521739,-0.391304347826087,-0.24130434782608695,16
1980,-0.20217391304347826,0.06618842325060142,-0.29130434782608694,-0.20869565217391306,-0.06956521739130435,16
1981,0.018478260869565222,0.08339868263138384,-0.13043478260869565,0.008695652173913044,0.18043478260869567,16
1982,-0.006521739130434783,0.08822445168566533,-0.13478260869565217,-0.017391304347826084,0.16956521739130434,16
1983,-0.19130434782608696,0.0897381193067404,-0.34347826086956523,-0.1826086956521739,-0.0391304347826087,16
1984,-0.4097826086956522,0.051616130741668556,-0.5065217391304349,-0.40869565217391307,-0.3282608695652174,16
1985,-0.04021739130434782,0.08345532973088952,-0.1760869565217391,-0.02608695652173913,0.1,16
1986,-0.1141304347826087,0.08168100384675736,-0.26521739130434785,-0.10434782608695653,0.03043478260869565,16
1987,-0.3934782608695652,0.07966731392090738,-0.5065217391304349,-0.391304347826087,-0.2282608695652174,16
1988,-0.23260869565217393,0.07219879089311138,-0.34347826086956523,-0.22608695652173913,-0.11956521739130435,16
1989,-0.20108695652173914,0.08168100384675735,-0.3326086956521739,-0.21739130434782608,-0.08478260869565218,16
1990,-0.15,0.04385704565615655,-0.23913043478260868,-0.15652173913043477,-0.08478260869565218,16
1991,-0.07065217391304349,0.057670188673401346,-0.13043478260869565,-0.06956521739130435,0.03695652173913043,16
1992,-0.3010869565217391,0.0690794862845028,-0.41739130434782606,-0.28695652173913044,-0.18913043478260871,16
1993,-0.05108695652173913,0.05566873055348643,-0.15869565217391304,-0.052173913043478265,0.03695652173913043,16
1994,0.04673913043478261,0.08915031591630686,-0.15000000000000002,0.052173913043478265,0.17391304347826086,16
1995,0.05326086956521739,0.08385078789957769,-0.08260869565217391,0.034782608695652174,0.18695652173913044,16
1996,-0.11847826086956523,0.07215786882957717,-0.23913043478260868,-0.11304347826086956,0.0021739130434782605,16
1997,-0.25434782608695655,0.07140899002459496,-0.36086956521739133,-0.22608695652173913,-0.1391304347826087,16
1998,-0.22934782608695653,0.0724193704570214,-0.3586956521739131,-0.2434782608695652,-0.10869565217391304,16
1999,-0.006521739130434785,0.07375302371168424,-0.14130434782608697,0.008695652173913044,0.11739130434782609,16
2000,-0.043478260869565216,0.06086956521739131,-0.14130434782608697,-0.052173913043478265,0.08478260869565217,16
2001,-0.2,0.06086956521739131,-0.28043478260869564,-0.19130434782608696,-0.11304347826086956,16
2002,-0.024999999999999998,0.08596582386824392,-0.14130434782608697,-0.052173913043478265,0.10652173913043478,16
2003,-0.2782608695652174,0.08385783270428657,-0.42391304347826086,-0.25217391304347825,-0.14347826086956522,16
2004,-0.2478260869565217,0.07157425057893187,-0.3652173913043478,-0.25217391304347825,-0.1217391304347826,16
2005,-0.23369565217391303,0.07390505071873729,-0.34347826086956523,-0.23478260869565218,-0.10217391304347827,16
2006,-0.5010869565217391,0.07215786882957716,-0.5934782608695652,-0.5043478260869565,-0.3804347826086957,16
2007,-0.0054347826086956486,0.08722106498830293,-0.16521739130434782,0.0,0.16086956521739132,16
2008,-0.3097826086956522,0.07523592382900962,-0.41956521739130437,-0.2956521739130435,-0.18913043478260871,16
2009,-0.18913043478260871,0.07725806801702984,-0.30434782608695654,-0.19130434782608696,-0.04565217391304348,16
2010,-0.3826086956521739,0.06240304388872749,-0.4608695652173913,-0.3739130434782609,-0.27608695652173915,16
2011,-0.12826086956521737,0.07349626741033465,-0.2847826086956522,-0.13043478260869565,0.0021739130434782605,16
2012,-0.2597826086956522,0.056343783403019286,-0.35434782608695653,-0.2608695652173913,-0.15434782608695652,16
2013,0.22608695652173913,0.08695652173913043,0.08043478260869566,0.22608695652173913,0.3739130434782609,16
2014,0.06847826086956521,0.06269581800617277,-0.05652173913043478,0.06086956521739131,0.14782608695652175,16
2015,-0.18695652173913044,0.05977272645594574,-0.26956521739130435,-0.19130434782608696,-0.0782608695652174,16
2016,0.017391304347826087,0.06901959941907627,-0.0891304347826087,0.017391304347826087,0.13478260869565217,16
2017,-0.2043478260869565,0.07104406364507909,-0.33043478260869563,-0.21739130434782608,-0.08043478260869566,16
2018,-0.125,0.05170760822724477,-0.2108695652173913,-0.13043478260869565,-0.05,16
2019,-0.27065217391304347,0.0713013652610575,-0.3847826086956522,-0.26956521739130435,-0.14347826086956522,16
2020,-0.0021739130434782613,0.09138195459558131,-0.1391304347826087,-0.008695652173913045,0.14782608695652175,16
2021,-0.10543478260869565,0.08607570194327988,-0.2217391304347826,-0.13043478260869565,0.04565217391304348,16
2022,-0.09565217391304347,0.06179421914587781,-0.2043478260869565,-0.08695652173913043,0.013043478260869563,16
2023,0.14891304347826087,0.07390505071873728,0.06739130434782609,0.13043478260869565,0.3,16
2024,0.13369565217391305,0.08185439375462761,-0.03043478260869565,0.1391304347826087,0.25434782608695655,16
2025,-0.40217391304347827,0.0499053925358652,-0.4608695652173913,-0.4260869565217391,-0.3,16
2026,-0.13804347826086957,0.0755493429065441,-0.27391304347826084,-0.1217391304347826,-0.015217391304347825,16
2027,-0.4,0.07530655685082076,-0.5065217391304349,-0.40869565217391307,-0.23260869565217393,16
2028,-0.2108695652173913,0.07895225998841252,-0.3739130434782609,-0.2,-0.09782608695652174,16
2029,-0.3847826086956522,0.07627306431673404,-0.4782608695652174,-0.391304347826087,-0.23260869565217393,16
2030,-0.04456521739130434,0.049751271701503515,-0.14565217391304347,-0.034782608695652174,0.041304347826086954,16
2031,-0.06521739130434782,0.07339975224406145,-0.1760869565217391,-0.052173913043478265,0.06521739130434782,16
2032,-0.07826086956521738,0.09015844066664226,-0.24565217391304348,-0.0782608695652174,0.07173913043478261,16
2033,-0.06521739130434782,0.08168823577415625,-0.2108695652173913,-0.052173913043478265,0.04782608695652174,16
2034,-0.14347826086956522,0.1193080237740195,-0.3326086956521739,-0.15652173913043477,0.052173913043478265,16
2035,-0.7282608695652174,0.06474466352971926,-0.8478260869565217,-0.7217391304347827,-0.6260869565217391,16
2036,-0.4945652173913043,0.1044327100398912,-0.6565217391304348,-0.5130434782608696,-0.33478260869565213,16
2037,-0.8054347826086956,0.05872583764887,-0.8782608695652174,-0.808695652173913,-0.7108695652173913,16
2038,-0.24130434782608692,0.07847193759904367,-0.4043478260869565,-0.21739130434782608,-0.13260869565217392,16
2039,-0.46847826086956523,0.08271589154785049,-0.5652173913043478,-0.46956521739130436,-0.3217391304347826,16
2040,-0.08478260869565218,0.09797090729777173,-0.24565217391304348,-0.08695652173913043,0.06521739130434782,16
2041,0.05543478260869565,0.09072669234141412,-0.1108695652173913,0.06956521739130435,0.18043478260869567,16
2042,-0.2152173913043478,0.06020601053967926,-0.32608695652173914,-0.21739130434782608,-0.11956521739130435,16
2043,0.2293478260869565,0.09658023100404116,0.05869565217391304,0.23478260869565215,0.3891304347826087,16
2044,-0.06739130434782609,0.09988178267530559,-0.2326086956521739,-0.06086956521739131,0.1108695652173913,16
2045,-0.41847826086956524,0.09222491411006409,-0.5130434782608696,-0.45217391304347826,-0.20217391304347826,16
2046,-0.8597826086956522,0.04280732319025047,-0.9239130434782609,-0.8695652173913044,-0.7913043478260869,16
2047,-0.16521739130434782,0.06650895017729719,-0.27391304347826084,-0.16521739130434782,-0.05,16
2048,-0.6586956521739131,0.05391129029407497,-0.75,-0.6608695652173913,-0.5782608695652174,16
2049,-0.15217391304347827,0.07957828355531794,-0.30869565217391304,-0.14782608695652172,-0.023913043478260877,16
2050,-0.5771739130434782,0.08356850873489316,-0.6869565217391305,-0.6,-0.4217391304347826,16
2051,-0.4815217391304348,0.05609159064104637,-0.5652173913043478,-0.48695652173913045,-0.3804347826086957,16
2052,0.075,0.08634978543247461,-0.03695652173913043,0.07826086956521738,0.1826086956521739,16
2053,-0.1402173913043478,0.06592908775704673,-0.23913043478260868,-0.15652173913043477,-0.006521739130434783,16
2054,0.10978260869565218,0.08546962449183362,-0.02608695652173913,0.13043478260869565,0.25,16
2055,-0.673913043478261,0.05849401759597266,-0.8,-0.6608695652173913,-0.5847826086956521,16
2056,-0.8402173913043478,0.06600073036200114,-0.941304347826087,-0.817391304347826,-0.7347826086956522,16
2057,-0.15543478260869564,0.097408529144498,-0.341304347826087,-0.15652173913043477,-0.004347826086956523,16
2058,0.01956521739130435,0.10486736604515076,-0.16086956521739132,-0.008695652173913044,0.1934782608695652,16
2059,-0.15978260869565217,0.09155632930973678,-0.30869565217391304,-0.14782608695652172,-0.01304347826086957,16
2060,-0.6967391304347825,0.05864530852267917,-0.7739130434782608,-0.7043478260869566,-0.5891304347826086,16
2061,-0.4815217391304347,0.11257742557272409,-0.6521739130434783,-0.5043478260869565,-0.2782608695652174,16
2062,-0.7695652173913043,0.04497426275125478,-0.8586956521739131,-0.7652173913043478,-0.7108695652173913,16
2063,-0.7489130434782609,0.09263395246527256,-0.8891304347826088,-0.7478260869565216,-0.6130434782608696,16
2064,-0.4608695652173913,0.07480282840906631,-0.6217391304347826,-0.45217391304347826,-0.3630434782608696,16
2065,-0.366304347826087,0.07897470342279442,-0.4652173913043478,-0.4,-0.24130434782608695,16
2066,-0.17717391304347826,0.08535896624896899,-0.34347826086956523,-0.17391304347826086,-0.0782608695652174,16
2067,-0.6217391304347826,0.06255432421712245,-0.7478260869565218,-0.6086956521739131,-0.5478260869565217,16
2068,-0.4456521739130435,0.08037600672754848,-0.5695652173913043,-0.46956521739130436,-0.3282608695652174,16
2069,0.11521739130434783,0.08292274401200282,-0.008695652173913044,0.10434782608695653,0.26304347826086955,16
2070,-0.46195652173913043,0.06635778317216172,-0.6,-0.46956521739130436,-0.358695652173913,16
2071,-0.45869565217391306,0.06326796613415325,-0.5695652173913043,-0.45217391304347826,-0.34130434782608693,16
2072,-0.5815217391304348,0.06403825357241495,-0.6869565217391305,-0.5826086956521739,-0.45217391304347826,16
2073,-0.14565217391304347,0.08561464638050094,-0.28043478260869564,-0.13043478260869565,-0.021739130434782608,16
2074,-0.03043478260869565,0.06608123545030724,-0.13043478260869565,-0.034782608695652174,0.08260869565217391,16
2075,-0.17717391304347826,0.06528076630911651,-0.29130434782608694,-0.16521739130434782,-0.06739130434782609,16
2076,-0.5923913043478262,0.07403283132112097,-0.6869565217391305,-0.6,-0.4565217391304348,16
2077,-0.05434782608695652,0.09582494278493127,-0.2043478260869565,-0.052173913043478265,0.10652173913043478,16
2078,0.11413043478260869,0.09515061188136871,-0.013043478260869563,0.09565217391304348,0.29782608695652174,16
2079,-0.16521739130434782,0.06929294543699663,-0.26304347826086955,-0.17391304347826086,-0.05,16
2080,-0.6152173913043479,0.07193648742510564,-0.7326086956521739,-0.6173913043478261,-0.4847826086956522,16
2081,-0.46521739130434786,0.08878512111592232,-0.6326086956521739,-0.4608695652173913,-0.3239130434782609,16
2082,0.075,0.0823149812832834,-0.05434782608695652,0.08695652173913043,0.1934782608695652,16
2083,-0.2673913043478261,0.06760135567594006,-0.41956521739130437,-0.25217391304347825,-0.1782608695652174,16
2084,0.008695652173913045,0.07530655685082076,-0.1391304347826087,0.0,0.13478260869565217,16
2085,-0.45434782608695656,0.06675718492514819,-0.5760869565217391,-0.43478260869565216,-0.3739130434782609,16
2086,-0.42934782608695654,0.08786885527755714,-0.6086956521739131,-0.40869565217391307,-0.3108695652173913,16
2087,-0.42826086956521736,0.072460144836952,-0.567391304347826,-0.4260869565217391,-0.2891304347826087,16
2088,-0.16304347826086957,0.050657305207526274,-0.25217391304347825,-0.14782608695652175,-0.09130434782608696,16
2089,0.030434782608695653,0.08857195124984071,-0.09565217391304348,0.034782608695652174,0.1760869565217391,16
2090,0.0641304347826087,0.07332728250227362,-0.06521739130434782,0.06086956521739131,0.20217391304347826,16
2091,-0.046739130434782616,0.08613058841590232,-0.18695652173913044,-0.06086956521739131,0.09347826086956522,16
2092,-0.16304347826086957,0.1024971759489242,-0.30869565217391304,-0.16521739130434782,0.02391304347826087,16
2093,-0.3141304347826087,0.09385037160036933,-0.4543478260869565,-0.2956521739130435,-0.14565217391304347,16
2094,-0.03804347826086957,0.07819290527140303,-0.16304347826086957,-0.06086956521739131,0.1,16
2095,-0.005434782608695652,0.1049293127802203,-0.13478260869565217,-0.017391304347826084,0.22608695652173916,16
2096,-0.15000000000000002,0.062061314885305204,-0.23478260869565218,-0.14782608695652175,-0.05,16
2097,-0.5293478260869566,0.055498684396607566,-0.6282608695652174,-0.5130434782608696,-0.4391304347826087,16
2098,-0.7282608695652174,0.07167322400797624,-0.8369565217391305,-0.7391304347826086,-0.6065217391304347,16
2099,0.1684782608695652,0.046915743162841826,0.08478260869565218,0.17391304347826086,0.25434782608695655,16
2100,-0.06521739130434784,0.08749831216303525,-0.1934782608695652,-0.06956521739130435,0.0782608695652174,16
2101,-0.15869565217391304,0.08292274401200282,-0.26304347826086955,-0.16521739130434782,-0.0391304347826087,16
2102,0.07608695652173914,0.07298004491997617,-0.03043478260869565,0.06086956521739131,0.23043478260869565,16
2103,-0.3358695652173913,0.06962463495100346,-0.44130434782608696,-0.3565217391304348,-0.22391304347826085,16
2104,-0.4956521739130435,0.06735623210795506,-0.6217391304347826,-0.48695652173913045,-0.3760869565217391,16
2105,-0.12608695652173912,0.07024128009305874,-0.23913043478260868,-0.1217391304347826,-0.010869565217391302,16
2106,0.017391304347826087,0.10362065467663466,-0.15869565217391304,0.034782608695652174,0.17391304347826086,16
2107,-0.11195652173913044,0.07023286947456568,-0.25434782608695655,-0.09565217391304348,0.0021739130434782605,16
2108,-0.4945652173913043,0.05815979226813802,-0.5869565217391304,-0.5043478260869565,-0.3978260869565218,16
2109,-0.5315217391304348,0.08856528142406597,-0.6673913043478261,-0.5391304347826087,-0.3978260869565218,16
2110,-0.32173913043478264,0.11084825029549532,-0.4543478260869565,-0.34782608695652173,-0.09130434782608697,16
2111,-0.3695652173913043,0.09355406431021746,-0.5108695652173914,-0.3565217391304348,-0.19782608695652174,16
2112,-0.6978260869565217,0.05697974966122242,-0.7956521739130434,-0.6956521739130435,-0.5891304347826086,16
2113,-0.533695652173913,0.07536144787679544,-0.6630434782608696,-0.5391304347826087,-0.4108695652173913,16
2114,-0.45869565217391306,0.09931238070000364,-0.6043478260869565,-0.4782608695652174,-0.29347826086956524,16
2115,-0.6065217391304347,0.06732114159653055,-0.7260869565217392,-0.6086956521739131,-0.491304347826087,16
2116,-0.3652173913043478,0.09485836621422362,-0.5304347826086957,-0.3652173913043478,-0.25217391304347825,16
2117,-0.2858695652173913,0.08552489992169683,-0.42391304347826086,-0.2956521739130435,-0.15434782608695652,16
2118,-0.425,0.09293954983959,-0.5739130434782609,-0.4434782608695652,-0.24130434782608695,16
2119,-0.45217391304347826,0.06024524548065661,-0.5413043478260869,-0.45217391304347826,-0.3456521739130435,16
2120,-0.22391304347826085,0.08037600672754848,-0.3565217391304348,-0.21739130434782608,-0.10217391304347827,16
2121,-0.6956521739130435,0.05499613322031963,-0.7739130434782608,-0.7043478260869566,-0.6065217391304347,16
2122,-0.5152173913043478,0.058936703094460675,-0.6173913043478261,-0.5217391304347827,-0.4217391304347826,16
2123,-0.5380434782608696,0.07326280477382115,-0.6630434782608696,-0.5304347826086957,-0.40652173913043477,16
2124,-0.23369565217391305,0.08485921845339928,-0.3826086956521739,-0.2173913043478261,-0.11956521739130435,16
2125,-0.06956521739130433,0.08157244799692921,-0.2043478260869565,-0.0782608695652174,0.07173913043478261,16
2126,-0.19021739130434784,0.05896676517399496,-0.26956521739130435,-0.19130434782608696,-0.07391304347826087,16
2127,-0.18369565217391304,0.06314646760120789,-0.26304347826086955,-0.19130434782608696,-0.06956521739130435,16
2128,-0.6608695652173913,0.08134037797334655,-0.7956521739130434,-0.6695652173913044,-0.5086956521739131,16
2129,-0.5391304347826087,0.06763630080914801,-0.6282608695652174,-0.5652173913043478,-0.4152173913043478,16
2130,-0.22391304347826085,0.07919132869603036,-0.3326086956521739,-0.23478260869565218,-0.06956521739130435,16
2131,-0.3815217391304348,0.059920788923207485,-0.4891304347826087,-0.3739130434782609,-0.29347826086956524,16
2132,-0.05,0.1073613758683978,-0.21521739130434783,-0.052173913043478265,0.15652173913043477,16
2133,-0.2467391304347826,0.06231778731836592,-0.3673913043478261,-0.2434782608695652,-0.15434782608695652,16
2134,-0.45326086956521733,0.08317170841870114,-0.5978260869565217,-0.4434782608695652,-0.34130434782608693,16
2135,-0.5119565217391304,0.05750606115830998,-0.6173913043478261,-0.5130434782608696,-0.4217391304347826,16
2136,-0.46304347826086956,0.07451798478696788,-0.5695652173913043,-0.4782608695652174,-0.3,16
2137,-0.46630434782608693,0.06556970057328552,-0.5826086956521739,-0.4608695652173913,-0.3630434782608696,16
2138,-0.16521739130434782,0.10488989636360711,-0.3326086956521739,-0.16521739130434782,-0.004347826086956523,16
2139,-0.25217391304347825,0.06735623210795508,-0.3391304347826087,-0.25217391304347825,-0.13260869565217392,16
2140,-0.7695652173913043,0.06550660510138853,-0.8369565217391305,-0.7913043478260869,-0.6239130434782608,16
2141,-0.31304347826086953,0.07091089752304387,-0.48043478260869565,-0.2956521739130435,-0.23478260869565218,16
2142,-0.7684782608695653,0.05022397848759966,-0.8608695652173913,-0.7739130434782608,-0.6782608695652175,16
2143,-0.40108695652173915,0.06873657284244512,-0.5065217391304349,-0.40869565217391307,-0.2717391304347826,16
2144,-0.25434782608695655,0.07652050394260018,-0.41956521739130437,-0.23478260869565218,-0.15434782608695652,16
2145,-0.24347826086956523,0.07064381221422575,-0.3826086956521739,-0.2434782608695652,-0.13260869565217392,16
2146,-0.021739130434782608,0.054824000925732565,-0.11739130434782609,-0.017391304347826084,0.05434782608695652,16
2147,0.1141304347826087,0.07050151160078924,-0.02608695652173913,0.1391304347826087,0.1934782608695652,16
2148,0.05652173913043479,0.08486617954757884,-0.13260869565217392,0.06956521739130435,0.18043478260869567,16
2149,-0.0934782608695652,0.07627306431673406,-0.2108695652173913,-0.10434782608695653,0.041304347826086954,16
2150,0.030434782608695653,0.06463508151008046,-0.05434782608695652,0.017391304347826087,0.17173913043478262,16
2151,-0.21739130434782608,0.06846963368705923,-0.29782608695652174,-0.22608695652173913,-0.07608695652173914,16
2152,-0.17934782608695654,0.058725837648869995,-0.28043478260869564,-0.16521739130434782,-0.09130434782608696,16
2153,-0.10978260869565218,0.07460513572129225,-0.2282608695652174,-0.11304347826086956,0.02391304347826087,16
2154,-0.007608695652173913,0.06607229528447449,-0.12608695652173912,-0.017391304347826084,0.10652173913043478,16
2155,-0.6326086956521739,0.06474466352971928,-0.7260869565217392,-0.6434782608695653,-0.5152173913043478,16
2156,-0.07065217391304347,0.06846100541739016,-0.16521739130434782,-0.0782608695652174,0.05869565217391305,16
2157,-0.3967391304347826,0.07110224539750562,-0.5065217391304349,-0.40869565217391307,-0.29347826086956524,16
2158,-0.4054347826086957,0.05936613828009294,-0.523913043478261,-0.4,-0.3065217391304348,16
2159,0.004347826086956521,0.04976314409678086,-0.0782608695652174,0.0,0.0891304347826087,16
2160,0.0641304347826087,0.08435651008636412,-0.08260869565217391,0.06956521739130435,0.21521739130434783,16
2161,-0.10652173913043479,0.08450344228511657,-0.25,-0.10434782608695653,0.013043478260869563,16
2162,-0.17391304347826086,0.08064016083039742,-0.28043478260869564,-0.1826086956521739,-0.028260869565217395,16
2163,-0.11304347826086958,0.06735623210795508,-0.2108695652173913,-0.1217391304347826,0.017391304347826084,16
2164,-0.1934782608695652,0.08472684899958728,-0.34347826086956523,-0.19130434782608696,-0.0391304347826087,16
2165,0.03260869565217391,0.08154347536309153,-0.12173913043478261,0.06086956521739131,0.16304347826086957,16
2166,-0.18043478260869567,0.052128603514268686,-0.26304347826086955,-0.17391304347826086,-0.09565217391304348,16
2167,-0.13804347826086955,0.07036731873756312,-0.2717391304347826,-0.1391304347826087,-0.004347826086956523,16
2168,-0.30434782608695654,0.05735176503596921,-0.3847826086956522,-0.30434782608695654,-0.1782608695652174,16
2169,-0.028260869565217388,0.09302214302319421,-0.15869565217391304,-0.043478260869565216,0.14130434782608697,16
2170,-0.5869565217391304,0.06040193038891221,-0.6978260869565218,-0.5652173913043478,-0.49782608695652175,16
2171,-0.03260869565217391,0.058615081577012014,-0.11739130434782609,-0.034782608695652174,0.08695652173913043,16
2172,-0.3652173913043478,0.08586268547013695,-0.5282608695652173,-0.3565217391304348,-0.21304347826086958,16
2173,-0.20217391304347826,0.06815832785474296,-0.30869565217391304,-0.20869565217391306,-0.09565217391304348,16
2174,0.2217391304347826,0.07314175583156836,0.06739130434782609,0.22608695652173913,0.32608695652173914,16
2175,-0.058695652173913045,0.05763945036331675,-0.14130434782608697,-0.06956521739130435,0.03695652173913043,16
2176,-0.018478260869565222,0.06447952152158214,-0.14130434782608697,-0.017391304347826084,0.07173913043478261,16
2177,-0.06630434782608696,0.05558377250237216,-0.14130434782608697,-0.0782608695652174,0.04782608695652174,16
2178,-0.05869565217391304,0.05925657900190874,-0.16304347826086957,-0.052173913043478265,0.019565217391304346,16
2179,-0.03804347826086957,0.07345606816901284,-0.14130434782608697,-0.034782608695652174,0.08260869565217391,16
2180,0.10869565217391305,0.05816994852286805,0.03260869565217391,0.09565217391304348,0.21521739130434783,16
2181,0.10108695652173913,0.08150724508833776,-0.05652173913043478,0.11304347826086956,0.24565217391304348,16
2182,-0.1891304347826087,0.05731054924549594,-0.30217391304347824,-0.1826086956521739,-0.09565217391304348,16
2183,0.015217391304347822,0.08131132264897846,-0.14347826086956522,0.017391304347826087,0.14130434782608697,16
2184,-0.004347826086956519,0.08397046919925202,-0.13043478260869565,-0.008695652173913044,0.13478260869565217,16
2185,-0.14021739130434782,0.06762756621870557,-0.2108695652173913,-0.16521739130434782,0.02391304347826087,16
2186,-0.1815217391304348,0.05161613074166854,-0.2565217391304348,-0.19130434782608696,-0.07391304347826087,16
2187,-0.0021739130434782605,0.09483345265733581,-0.1673913043478261,0.0,0.1673913043478261,16
2188,-0.07065217391304349,0.06023543914129309,-0.16304347826086957,-0.06086956521739131,0.02391304347826087,16
2189,-0.2793478260869565,0.0719611189914584,-0.41304347826086957,-0.2782608695652174,-0.1673913043478261,16
2190,-0.23913043478260868,0.06315582194058239,-0.3391304347826087,-0.21739130434782608,-0.14782608695652175,16
2191,-0.18586956521739129,0.05078541907053768,-0.2565217391304348,-0.19130434782608696,-0.08478260869565218,16
2192,0.1923913043478261,0.07090256633608882,0.06739130434782609,0.19130434782608696,0.31521739130434784,16
2193,0.09130434782608696,0.07236224772649234,-0.019565217391304346,0.11304347826086956,0.21739130434782608,16
2194,-0.15760869565217392,0.07776868176775366,-0.25217391304347825,-0.19130434782608696,-0.004347826086956523,16
2195,-0.5097826086956522,0.08092535476275814,-0.6739130434782609,-0.5043478260869565,-0.37173913043478257,16
2196,-0.27717391304347827,0.0735203764047211,-0.3891304347826087,-0.28695652173913044,-0.14782608695652175,16
2197,0.08695652173913043,0.06956521739130435,-0.006521739130434783,0.06086956521739131,0.2217391304347826,16
2198,-0.006521739130434781,0.09680627860092313,-0.15652173913043477,0.0,0.15217391304347824,16
2199,-0.06630434782608696,0.08010360729518567,-0.21521739130434783,-0.06086956521739131,0.07173913043478261,16
2200,-0.5967391304347825,0.0783136899045437,-0.7086956521739131,-0.5913043478260869,-0.43695652173913047,16
2201,0.08260869565217391,0.08899778039329878,-0.09782608695652173,0.09565217391304348,0.23695652173913043,16
2202,0.028260869565217395,0.08037600672754848,-0.11956521739130434,0.034782608695652174,0.17391304347826086,16
2203,0.00326086956521739,0.08220007635023752,-0.12391304347826086,0.0,0.17173913043478262,16
2204,-0.2,0.042153737890576776,-0.27391304347826084,-0.2,-0.12608695652173912,16
2205,-0.18369565217391304,0.0691478649068214,-0.30434782608695654,-0.16521739130434782,-0.09130434782608696,16
2206,-0.19891304347826086,0.06578556848423482,-0.33043478260869563,-0.2,-0.11304347826086956,16
2207,-0.3532608695652174,0.06741759655417699,-0.4717391304347826,-0.3391304347826087,-0.26956521739130435,16
2208,-0.07282608695652174,0.059206712310418796,-0.18043478260869567,-0.0782608695652174,0.03043478260869565,16
2209,-0.14456521739130435,0.09309197232795781,-0.29130434782608694,-0.1391304347826087,0.0021739130434782605,16
2210,0.002173913043478262,0.06296847112156626,-0.1,0.0,0.09565217391304348,16
2211,-0.2326086956521739,0.06788041302606954,-0.32608695652173914,-0.23478260869565215,-0.09347826086956522,16
2212,-0.2673913043478261,0.07942967785410918,-0.37826086956521743,-0.28695652173913044,-0.1108695652173913,16
2213,-0.6304347826086957,0.07543196336042379,-0.7326086956521739,-0.6695652173913044,-0.5021739130434782,16
2214,-0.2554347826086957,0.06713661550731417,-0.35,-0.2782608695652174,-0.1217391304347826,16
2215,-0.5054347826086956,0.06873657284244511,-0.6108695652173913,-0.4782608695652174,-0.4152173913043478,16
2216,-0.19782608695652176,0.07750236291293863,-0.32608695652173914,-0.20869565217391306,-0.07391304347826087,16
2217,-0.12608695652173912,0.03558849031248892,-0.1934782608695652,-0.1217391304347826,-0.0782608695652174,16
2218,-0.5489130434782609,0.095942001620032,-0.7456521739130435,-0.5565217391304347,-0.4260869565217391,16
2219,0.11195652173913043,0.0691478649068214,-0.017391304347826084,0.11304347826086956,0.2282608695652174,16
2220,-0.23586956521739127,0.06664204806943187,-0.35434782608695653,-0.25217391304347825,-0.13695652173913042,16
2221,-0.035869565217391305,0.0714338034810772,-0.16521739130434782,-0.034782608695652174,0.06086956521739131,16
2222,-0.27065217391304347,0.05481322470923031,-0.3652173913043478,-0.28695652173913044,-0.17173913043478262,16
2223,-0.3858695652173913,0.0757367717897602,-0.5,-0.391304347826087,-0.24782608695652175,16
2224,-0.375,0.0654975865007949,-0.4717391304347826,-0.3739130434782609,-0.25,16
2225,-0.2793478260869565,0.07654366039764457,-0.40652173913043477,-0.28695652173913044,-0.16086956521739132,16
2226,0.041304347826086954,0.06020601053967926,-0.06956521739130435,0.034782608695652174,0.13478260869565217,16
2227,0.1934782608695652,0.07375302371168424,0.06739130434782609,0.20869565217391306,0.29782608695652174,16
2228,0.3815217391304348,0.07326280477382117,0.25,0.391304347826087,0.5108695652173914,16
2229,0.1826086956521739,0.11763260224755376,-0.07608695652173914,0.20869565217391306,0.3217391304347826,16
2230,0.24130434782608695,0.09443394186510205,0.06086956521739131,0.2608695652173913,0.3847826086956522,16
2231,0.058695652173913045,0.08992225165194102,-0.08695652173913043,0.052173913043478265,0.2108695652173913,16
2232,0.12282608695652172,0.07992641937543364,-0.03260869565217392,0.1217391304347826,0.24565217391304348,16
2233,-0.15760869565217392,0.0762962958714583,-0.28043478260869564,-0.14782608695652175,-0.03260869565217391,16
2234,-0.18478260869565216,0.08886492798247694,-0.3239130434782609,-0.1826086956521739,-0.002173913043478262,16
2235,-0.015217391304347827,0.07007287591863565,-0.15652173913043477,0.0,0.08260869565217391,16
2236,0.14347826086956522,0.09109707321633462,-0.0021739130434782605,0.14782608695652175,0.2847826086956522,16
2237,-0.175,0.043897435883279726,-0.2608695652173913,-0.16521739130434782,-0.11956521739130435,16
2238,0.1423913043478261,0.06976025647704365,0.006521739130434783,0.13043478260869565,0.2282608695652174,16
2239,-0.08369565217391305,0.05059896440133644,-0.1760869565217391,-0.0782608695652174,-0.008695652173913044,16
2240,0.004347826086956521,0.06315582194058239,-0.10652173913043478,0.017391304347826087,0.12173913043478261,16
2241,-0.11630434782608695,0.063071582940887,-0.1934782608695652,-0.1217391304347826,0.015217391304347828,16
2242,-0.2184782608695652,0.1026066230446534,-0.44782608695652176,-0.19130434782608696,-0.08478260869565218,16
2243,0.06739130434782609,0.10138455492487843,-0.09347826086956522,0.06086956521739131,0.26956521739130435,16
2244,0.075,0.07460513572129227,-0.03695652173913043,0.06086956521739131,0.20869565217391303,16
2245,-0.16304347826086957,0.09013222800707774,-0.26304347826086955,-0.1826086956521739,0.019565217391304346,16
2246,0.075,0.09706832119288995,-0.0891304347826087,0.09565217391304348,0.23913043478260868,16
2247,-0.060869565217391314,0.05217391304347826,-0.15869565217391304,-0.052173913043478265,0.0021739130434782605,16
2248,-0.4793478260869566,0.06433276850851169,-0.5826086956521739,-0.4782608695652174,-0.3521739130434782,16
2249,0.10326086956521739,0.08474776318487302,-0.041304347826086954,0.09565217391304348,0.25217391304347825,16
2250,-0.05543478260869565,0.08667754160843318,-0.24782608695652175,-0.034782608695652174,0.05869565217391305,16
2251,0.3010869565217391,0.11308005261175265,0.09347826086956522,0.30434782608695654,0.4652173913043478,16
2252,0.029347826086956522,0.06513581855034188,-0.09782608695652173,0.02608695652173913,0.1282608695652174,16
2253,0.14456521739130435,0.06628652647169271,0.0391304347826087,0.15652173913043477,0.2565217391304348,16
2254,0.16739130434782606,0.07602481934802484,-0.008695652173913042,0.2,0.26304347826086955,16
2255,-0.24130434782608695,0.06415806331901612,-0.32608695652173914,-0.25217391304347825,-0.11739130434782609,16
2256,-0.1565217391304348,0.0903678682209849,-0.3239130434782609,-0.1391304347826087,-0.028260869565217395,16
2257,0.18804347826086956,0.05659485237802093,0.11304347826086956,0.19130434782608696,0.28043478260869564,16
2258,0.013043478260869566,0.06285579258609113,-0.0891304347826087,0.0,0.10652173913043478,16
2259,0.008695652173913044,0.06478114967717974,-0.0891304347826087,0.0,0.13260869565217392,16
2260,0.15108695652173912,0.1007005236487775,-0.0021739130434782605,0.1391304347826087,0.30434782608695654,16
2261,-0.1217391304347826,0.07249274782840463,-0.24347826086956523,-0.11304347826086956,0.013043478260869563,16
2262,-0.7608695652173914,0.06404747766372275,-0.8434782608695652,-0.7739130434782608,-0.6521739130434783,16
2263,-0.34456521739130436,0.07396896861238733,-0.4956521739130435,-0.3391304347826087,-0.23695652173913043,16
2264,-0.7630434782608695,0.05957473741758574,-0.8652173913043478,-0.7739130434782608,-0.6695652173913044,16
2265,-0.5652173913043479,0.06507230237867724,-0.6521739130434783,-0.5739130434782609,-0.4326086956521739,16
2266,-0.44456521739130433,0.05815979226813803,-0.5347826086956522,-0.4434782608695652,-0.3456521739130435,16
2267,-0.29130434782608694,0.06255432421712243,-0.3847826086956522,-0.28695652173913044,-0.1956521739130435,16
2268,-0.673913043478261,0.04497426275125478,-0.75,-0.6695652173913044,-0.5956521739130435,16
2269,-0.44565217391304346,0.09241048394274906,-0.6173913043478261,-0.4434782608695652,-0.28695652173913044,16
2270,-0.5326086956521738,0.06144910445696768,-0.6347826086956522,-0.5217391304347827,-0.45,16
2271,-0.8065217391304348,0.0589367030944607,-0.9173913043478261,-0.8,-0.717391304347826,16
2272,-0.592391304347826,0.09015188821627809,-0.7391304347826086,-0.5826086956521739,-0.43695652173913047,16
2273,-0.22282608695652173,0.07371296449211293,-0.3391304347826087,-0.21739130434782608,-0.09130434782608696,16
2274,-0.7076086956521739,0.051890079401217426,-0.8108695652173913,-0.7043478260869566,-0.6195652173913043,16
2275,-0.575,0.09263395246527256,-0.6804347826086957,-0.5826086956521739,-0.3934782608695652,16
2276,-0.3673913043478261,0.09483345265733581,-0.49347826086956526,-0.391304347826087,-0.16956521739130434,16
2277,-0.6391304347826087,0.03961058077888828,-0.7152173913043479,-0.6347826086956522,-0.5891304347826086,16
2278,-0.7336956521739131,0.053149839906076725,-0.8304347826086956,-0.7217391304347827,-0.658695652173913,16
2279,-0.4423913043478261,0.0776470493464608,-0.5934782608695652,-0.4260869565217391,-0.3456521739130435,16
2280,-0.783695652173913,0.052523736644998126,-0.8543478260869566,-0.7913043478260869,-0.6717391304347826,16
2281,-0.7543478260869565,0.06083073295492705,-0.8478260869565217,-0.7478260869565216,-0.658695652173913,16
2282,-0.49782608695652175,0.05212860351426867,-0.5760869565217391,-0.4956521739130435,-0.40869565217391307,16
2283,-0.7119565217391305,0.08294411309984936,-0.8521739130434782,-0.7130434782608697,-0.5630434782608695,16
2284,-0.5391304347826087,0.07505511522448725,-0.6456521739130435,-0.5391304347826087,-0.4326086956521739,16
2285,-0.6119565217391305,0.060782157739199205,-0.7260869565217392,-0.5913043478260869,-0.5369565217391304,16
2286,-0.725,0.04269678117696163,-0.8130434782608695,-0.7217391304347827,-0.6695652173913044,16
2287,-0.7815217391304348,0.06116967940605004,-0.8717391304347827,-0.7913043478260869,-0.6717391304347826,16
2288,-0.8271739130434783,0.05012979372869656,-0.8891304347826088,-0.8434782608695652,-0.7282608695652174,16
2289,-0.3543478260869566,0.07725806801702984,-0.49347826086956526,-0.34782608695652173,-0.23043478260869565,16
2290,-0.5478260869565217,0.06929294543699661,-0.6804347826086956,-0.5478260869565217,-0.4173913043478261,16
2291,-0.683695652173913,0.07332728250227362,-0.8195652173913044,-0.6695652173913044,-0.5782608695652174,16
2292,-0.7467391304347826,0.06621519308920884,-0.8434782608695652,-0.7565217391304347,-0.6195652173913043,16
2293,-0.6684782608695652,0.08463616114378594,-0.8260869565217391,-0.6782608695652175,-0.5369565217391304,16
2294,-0.5815217391304348,0.09415202082045117,-0.7217391304347827,-0.5739130434782609,-0.4434782608695652,16
2295,-0.3239130434782609,0.06561473162081118,-0.45217391304347826,-0.28695652173913044,-0.24782608695652175,16
2296,-0.5717391304347825,0.0779886570202265,-0.7043478260869566,-0.5652173913043478,-0.4565217391304348,16
2297,-0.7619565217391304,0.040188003363774226,-0.8195652173913044,-0.7739130434782608,-0.6934782608695652,16
2298,-0.6880434782608696,0.05651128665893895,-0.8,-0.6869565217391305,-0.5956521739130435,16
2299,-0.8304347826086957,0.052354759038227394,-0.9065217391304348,-0.8260869565217391,-0.7565217391304347,16
2300,-0.7510869565217392,0.06642896343738053,-0.8652173913043478,-0.7478260869565216,-0.658695652173913,16
2301,-0.3456521739130435,0.08971178383462325,-0.5108695652173914,-0.33043478260869563,-0.20217391304347826,16
2302,-0.8130434782608695,0.060088152004718495,-0.9065217391304348,-0.817391304347826,-0.7108695652173913,16
2303,-0.7402173913043478,0.06720697090048135,-0.8652173913043478,-0.7391304347826086,-0.6239130434782608,16
2304,-0.22065217391304348,0.05968371266648846,-0.29782608695652174,-0.23478260869565218,-0.11304347826086956,16
2305,-0.5815217391304348,0.05684481245649078,-0.6347826086956522,-0.6,-0.4565217391304348,16
2306,-0.3891304347826087,0.07323861099096965,-0.5065217391304349,-0.40869565217391307,-0.28260869565217395,16
2307,-0.14456521739130435,0.07903452142298038,-0.24565217391304348,-0.17391304347826086,-3.469446951953614e-18,16
2308,-0.7391304347826088,0.057021204559147824,-0.8260869565217391,-0.7391304347826086,-0.6413043478260869,16
2309,-0.8434782608695652,0.03311205698201701,-0.8891304347826088,-0.8521739130434782,-0.7760869565217391,16
2310,-0.48586956521739133,0.06447952152158214,-0.5760869565217391,-0.4956521739130435,-0.3739130434782609,16
2311,-0.8565217391304348,0.04662524041201569,-0.9065217391304348,-0.8782608695652174,-0.7478260869565218,16
2312,-0.5913043478260871,0.08825123100080191,-0.6804347826086957,-0.6347826086956522,-0.4326086956521739,16
2313,-0.8521739130434782,0.057680431136615654,-0.9456521739130435,-0.8608695652173913,-0.7456521739130434,16
2314,-0.33913043478260874,0.0719693276402037,-0.4543478260869565,-0.34782608695652173,-0.21739130434782608,16
2315,-0.6054347826086957,0.06322126356180811,-0.7195652173913043,-0.6086956521739131,-0.5130434782608696,16
2316,-0.5782608695652174,0.07862235356532664,-0.6804347826086957,-0.6086956521739131,-0.4391304347826087,16
2317,-0.4358695652173913,0.08651381873295176,-0.5717391304347826,-0.4434782608695652,-0.27608695652173915,16
2318,-0.6771739130434783,0.06790651585842294,-0.7913043478260869,-0.6695652173913044,-0.5891304347826086,16
2319,-0.3641304347826087,0.06023543914129309,-0.4608695652173913,-0.3565217391304348,-0.28695652173913044,16
2320,-0.7684782608695653,0.048305404441932535,-0.8369565217391305,-0.7826086956521738,-0.6717391304347826,16
2321,-0.0032608695652173933,0.055583772502372154,-0.12608695652173912,0.008695652173913044,0.06086956521739131,16
2322,0.26086956521739135,0.11033545687347408,0.05652173913043478,0.28695652173913044,0.4108695652173913,16
2323,-0.20108695652173914,0.09109058828497091,-0.3326086956521739,-0.2173913043478261,-0.0391304347826087,16
2324,-0.3978260869565218,0.08714653153403237,-0.5130434782608696,-0.40869565217391307,-0.2108695652173913,16
2325,-0.08260869565217391,0.11771292496244247,-0.2565217391304348,-0.09565217391304348,0.16956521739130437,16
2326,-0.31630434782608696,0.08104206707112474,-0.46956521739130436,-0.2782608695652174,-0.21739130434782608,16
2327,-0.044565217391304354,0.06996319583371347,-0.15869565217391304,-0.043478260869565216,0.06086956521739131,16
2328,-0.3663043478260869,0.07036731873756312,-0.4608695652173913,-0.3652173913043478,-0.24130434782608695,16
2329,-0.025,0.08941497529599483,-0.19782608695652174,-0.02608695652173913,0.11739130434782609,16
2330,-0.05652173913043479,0.06375164477658775,-0.14782608695652175,-0.06956521739130435,0.06086956521739131,16
2331,0.05326086956521738,0.08824453693389041,-0.13260869565217392,0.052173913043478265,0.18695652173913044,16
2332,-0.1217391304347826,0.053249777017025615,-0.2,-0.1217391304347826,-0.05,16
2333,-0.14130434782608695,0.07552588159147916,-0.3,-0.1217391304347826,-0.05,16
2334,-0.341304347826087,0.06356605007484106,-0.4369565217391304,-0.34782608695652173,-0.23043478260869565,16
2335,-0.016304347826086953,0.0801625829021404,-0.13043478260869565,-0.017391304347826084,0.13260869565217392,16
2336,-0.1597826086956522,0.07473171928756127,-0.3,-0.16521739130434782,-0.05,16
2337,-0.2141304347826087,0.07782942669540456,-0.3586956521739131,-0.20869565217391306,-0.10217391304347827,16
2338,-0.18043478260869564,0.065325996527464,-0.2847826086956522,-0.16521739130434782,-0.07391304347826087,16
2339,-0.15543478260869564,0.06650006751279317,-0.29130434782608694,-0.14782608695652175,-0.06739130434782609,16
2340,-0.28695652173913044,0.0659380473395787,-0.3956521739130435,-0.28695652173913044,-0.1565217391304348,16
2341,-0.013043478260869566,0.06375164477658775,-0.09565217391304348,-0.026086956521739132,0.1,16
2342,-0.2793478260869565,0.06418567996280272,-0.3739130434782609,-0.2782608695652174,-0.1826086956521739,16
2343,0.18369565217391304,0.08574564531205708,0.041304347826086954,0.1826086956521739,0.341304347826087,16
2344,0.16630434782608694,0.12150112604206434,-0.07391304347826087,0.1826086956521739,0.341304347826087,16
2345,-0.1,0.05618629557965254,-0.1760869565217391,-0.1217391304347826,-0.015217391304347825,16
2346,0.014130434782608694,0.07770788935528317,-0.13695652173913042,0.017391304347826087,0.14347826086956522,16
2347,0.2467391304347826,0.08356850873489315,0.15434782608695652,0.21739130434782608,0.41956521739130437,16
2348,0.04456521739130435,0.08508169097923818,-0.06521739130434782,0.017391304347826087,0.18695652173913044,16
2349,-0.0967391304347826,0.06748765902728429,-0.2108695652173913,-0.10434782608695653,0.013043478260869563,16
2350,0.004347826086956522,0.059772726455945745,-0.07608695652173914,0.0,0.1282608695652174,16
2351,-0.25,0.09680627860092313,-0.41739130434782606,-0.23478260869565218,-0.07391304347826087,16
2352,-0.06630434782608696,0.0855801396496726,-0.19782608695652174,-0.043478260869565216,0.09130434782608696,16
2353,-0.27717391304347827,0.06592908775704674,-0.3934782608695652,-0.2956521739130435,-0.17173913043478262,16
2354,-0.5532608695652175,0.10411545685145661,-0.7347826086956522,-0.5565217391304347,-0.3456521739130435,16
2355,-0.05543478260869565,0.08010360729518567,-0.2217391304347826,-0.043478260869565216,0.05434782608695652,16
2356,0.029347826086956522,0.10510931387795347,-0.1391304347826087,0.008695652173913042,0.21521739130434783,16
2357,0.016304347826086956,0.08585580517159871,-0.1282608695652174,0.008695652173913044,0.16956521739130434,16
2358,-0.11956521739130435,0.08843845916003476,-0.28695652173913044,-0.11304347826086956,0.013043478260869563,16
2359,0.08369565217391305,0.09579411405370683,-0.043478260869565216,0.08695652173913043,0.26304347826086955,16
2360,-0.05326086956521739,0.0801625829021404,-0.19130434782608696,-0.034782608695652174,0.0782608695652174,16
2361,-0.14891304347826087,0.07715860227791871,-0.25217391304347825,-0.17391304347826086,0.0021739130434782605,16
2362,-0.38152173913043474,0.0820274171509822,-0.523913043478261,-0.3565217391304348,-0.26956521739130435,16
2363,-0.22717391304347828,0.06790651585842294,-0.34782608695652173,-0.21739130434782608,-0.10869565217391304,16
2364,-0.3391304347826087,0.08087424016407946,-0.47608695652173916,-0.3391304347826087,-0.20217391304347826,16
2365,-0.18804347826086956,0.06811497840823173,-0.28043478260869564,-0.2,-0.08478260869565218,16
2366,-0.20869565217391306,0.07655137765938701,-0.3673913043478261,-0.1826086956521739,-0.10869565217391304,16
2367,-0.21630434782608696,0.05815979226813802,-0.31956521739130433,-0.2,-0.12608695652173912,16
2368,-0.46956521739130436,0.06983642784438698,-0.5760869565217391,-0.4782608695652174,-0.3739130434782609,16
2369,-0.03043478260869565,0.07765465695431197,-0.1760869565217391,-0.008695652173913044,0.08260869565217391,16
2370,0.2467391304347826,0.05022397848759965,0.17173913043478262,0.23478260869565218,0.3217391304347826,16
2371,-0.3869565217391304,0.08260869565217392,-0.5065217391304349,-0.4,-0.26956521739130435,16
2372,-0.048913043478260865,0.07939248296663107,-0.19782608695652174,-0.034782608695652174,0.08695652173913043,16
2373,-0.3108695652173913,0.08084501731211761,-0.4369565217391304,-0.31304347826086953,-0.1782608695652174,16
2374,-0.16521739130434782,0.07037571328799411,-0.28043478260869564,-0.16521739130434782,-0.06086956521739131,16
2375,-0.016304347826086956,0.08716686516017742,-0.16304347826086957,-0.008695652173913044,0.10652173913043478,16
2376,0.014130434782608697,0.0716320016982409,-0.12391304347826086,0.02608695652173913,0.12391304347826086,16
2377,0.18152173913043476,0.05411908384567218,0.10217391304347827,0.1826086956521739,0.2847826086956522,16
2378,-0.11195652173913043,0.10297443109508922,-0.29782608695652174,-0.10434782608695653,0.06304347826086956,16
2379,0.026086956521739132,0.08717364198158009,-0.09565217391304348,0.043478260869565216,0.18695652173913044,16
2380,0.027173913043478264,0.06969247870395844,-0.1,0.02608695652173913,0.16086956521739132,16
2381,-0.3739130434782609,0.06956521739130435,-0.4826086956521739,-0.3739130434782609,-0.25869565217391305,16
2382,0.18804347826086956,0.053149839906076746,0.09130434782608696,0.1826086956521739,0.28043478260869564,16
2383,-0.29782608695652174,0.07451798478696786,-0.4326086956521739,-0.30434782608695654,-0.15217391304347827,16
2384,-0.4532608695652174,0.06928441969775341,-0.5478260869565217,-0.46956521739130436,-0.30869565217391304,16
2385,-0.20978260869565216,0.06982796846238706,-0.30434782608695654,-0.21739130434782608,-0.09565217391304348,16
2386,-0.006521739130434785,0.10286537534192157,-0.2282608695652174,0.008695652173913042,0.10652173913043478,16
2387,-0.17717391304347826,0.04908183436902451,-0.25217391304347825,-0.2,-0.08478260869565218,16
2388,-0.5184782608695653,0.07447833701359086,-0.6260869565217391,-0.5130434782608696,-0.3608695652173913,16
2389,-0.5065217391304347,0.06815832785474296,-0.6282608695652174,-0.4956521739130435,-0.40869565217391307,16
2390,-0.35108695652173916,0.10821087548291451,-0.4891304347826087,-0.3565217391304348,-0.13260869565217392,16
2391,-0.014130434782608694,0.08819096610671379,-0.15869565217391304,-0.008695652173913045,0.13478260869565217,16
2392,-0.03913043478260869,0.06521739130434784,-0.18478260869565216,-0.034782608695652174,0.05434782608695652,16
2393,-0.2076086956521739,0.06592908775704674,-0.30434782608695654,-0.2,-0.08695652173913043,16
2394,0.05108695652173913,0.07169794601756731,-0.05434782608695652,0.06956521739130435,0.15869565217391304,16
2395,-0.2891304347826087,0.09055071999851534,-0.49782608695652175,-0.2608695652173913,-0.17391304347826086,16
2396,-0.12391304347826088,0.05028275437487121,-0.2,-0.1217391304347826,-0.0391304347826087,16
2397,-0.30217391304347824,0.06898535501140186,-0.42391304347826086,-0.30434782608695654,-0.17391304347826086,16
2398,0.027173913043478264,0.06664204806943187,-0.08260869565217391,0.02608695652173913,0.14782608695652175,16
2399,0.12608695652173912,0.06404747766372276,0.03260869565217391,0.1391304347826087,0.21739130434782608,16
2400,-0.1815217391304348,0.10640521577107592,-0.3673913043478261,-0.15652173913043477,-0.02608695652173913,16
2401,-0.40108695652173915,0.06389048699863302,-0.4891304347826087,-0.408695652173913,-0.29347826086956524,16
2402,-0.034782608695652174,0.06819298757112227,-0.14782608695652175,-0.017391304347826084,0.07173913043478261,16
2403,0.02282608695652174,0.08069142370855419,-0.1,0.02608695652173913,0.1760869565217391,16
2404,-0.13260869565217392,0.09342769107367085,-0.29565217391304344,-0.10434782608695653,-0.004347826086956523,16
2405,-0.4608695652173913,0.06448868249648403,-0.6,-0.4434782608695652,-0.3695652173913043,16
2406,-0.22391304347826085,0.07061035551700745,-0.3717391304347826,-0.21739130434782608,-0.11521739130434783,16
2407,-0.3597826086956522,0.0861305884159023,-0.4826086956521739,-0.34782608695652173,-0.21956521739130436,16
2408,-0.4739130434782609,0.05945562752685801,-0.5804347826086956,-0.46956521739130436,-0.3978260869565218,16
2409,0.0891304347826087,0.062061314885305204,0.004347826086956523,0.09565217391304348,0.19782608695652174,16
2410,-0.03369565217391304,0.077281003468928,-0.18478260869565216,-0.017391304347826084,0.07608695652173914,16
2411,-0.27499999999999997,0.08104206707112474,-0.45869565217391306,-0.26956521739130435,-0.1826086956521739,16
2412,0.02282608695652174,0.08045681249433502,-0.07173913043478261,-0.008695652173913044,0.1934782608695652,16
2413,0.015217391304347827,0.08627449927384534,-0.10652173913043478,0.017391304347826087,0.19782608695652174,16
2414,-0.4304347826086956,0.07210053892076955,-0.5695652173913043,-0.43478260869565216,-0.3173913043478261,16
2415,0.12499999999999999,0.09339607104668013,-0.02608695652173913,0.12173913043478261,0.28043478260869564,16
2416,-0.10434782608695653,0.08846517369293828,-0.23913043478260868,-0.09565217391304348,0.04782608695652174,16
2417,-0.35978260869565215,0.10256055429250756,-0.49347826086956526,-0.3739130434782609,-0.1565217391304348,16
2418,0.20543478260869566,0.08754555929766525,0.052173913043478265,0.20869565217391306,0.3586956521739131,16
2419,-0.24456521739130432,0.11320536067784236,-0.5152173913043478,-0.22608695652173913,-0.11521739130434783,16
2420,-0.6228260869565218,0.07371296449211293,-0.7652173913043478,-0.6173913043478261,-0.5304347826086957,16
2421,-0.2152173913043478,0.05426079988847254,-0.30217391304347824,-0.21739130434782608,-0.11521739130434783,16
2422,-0.3565217391304348,0.09445896079304535,-0.4717391304347826,-0.3739130434782609,-0.14565217391304347,16
2423,-0.5597826086956521,0.058240992715733964,-0.6347826086956522,-0.5739130434782609,-0.44565217391304346,16
2424,-0.22717391304347825,0.09304119257655748,-0.3847826086956522,-0.20869565217391306,-0.10869565217391304,16
2425,0.010869565217391304,0.09503257823649736,-0.14347826086956522,0.0,0.2043478260869565,16
2426,-0.6054347826086957,0.08925627383920828,-0.7326086956521739,-0.5913043478260869,-0.42826086956521736,16
2427,0.02826086956521739,0.08450344228511657,-0.12173913043478261,0.02608695652173913,0.18043478260869567,16
2428,-0.32608695652173914,0.05126011357631129,-0.40217391304347827,-0.33043478260869563,-0.23478260869565218,16
2429,-0.1282608695652174,0.06732114159653053,-0.2108695652173913,-0.14782608695652175,0.017391304347826084,16
2430,-0.5195652173913043,0.07272055949425099,-0.6282608695652174,-0.5130434782608696,-0.3869565217391304,16
2431,-0.1782608695652174,0.07886242237920459,-0.35434782608695653,-0.16521739130434782,-0.09130434782608696,16
2432,0.16086956521739132,0.061641073385903584,0.06739130434782609,0.14782608695652175,0.2782608695652174,16
2433,-0.1641304347826087,0.08770735624943127,-0.27391304347826084,-0.19130434782608696,-0.021739130434782608,16
2434,-0.34239130434782605,0.08786885527755714,-0.4652173913043478,-0.3565217391304348,-0.1782608695652174,16
2435,-0.5913043478260869,0.05253498249388945,-0.6978260869565218,-0.5826086956521739,-0.49782608695652175,16
2436,-0.4880434782608696,0.09098676652359759,-0.6608695652173913,-0.4782608695652174,-0.3456521739130435,16
2437,0.21630434782608696,0.08237237364255388,0.09130434782608696,0.19130434782608696,0.3391304347826087,16
2438,-0.3239130434782609,0.1024971759489242,-0.48695652173913045,-0.30434782608695654,-0.18913043478260871,16
2439,0.13695652173913042,0.09013222800707774,-0.03695652173913043,0.14782608695652175,0.2934782608695652,16
2440,0.0391304347826087,0.1100781643580188,-0.16521739130434782,0.052173913043478265,0.21521739130434783,16
2441,-0.38586956521739135,0.07030012624791361,-0.5130434782608696,-0.3565217391304348,-0.29347826086956524,16
2442,-0.30760869565217397,0.0806914237085542,-0.43478260869565216,-0.2956521739130435,-0.15434782608695652,16
2443,-0.0010869565217391285,0.062393576689418105,-0.13043478260869565,-0.008695652173913044,0.09347826086956522,16
2444,-0.15543478260869567,0.06359392381004379,-0.23913043478260868,-0.15652173913043477,-0.05,16
2445,-0.5739130434782609,0.06270523957328676,-0.6673913043478261,-0.6,-0.4673913043478261,16
2446,0.30869565217391304,0.06040193038891219,0.21304347826086958,0.30434782608695654,0.40652173913043477,16
2447,-0.46956521739130436,0.07605589428059087,-0.5826086956521739,-0.4782608695652174,-0.34130434782608693,16
2448,-0.043478260869565216,0.08846517369293828,-0.2108695652173913,-0.043478260869565216,0.1,16
2449,-0.09782608695652173,0.07426387327190749,-0.2282608695652174,-0.09565217391304348,0.03695652173913043,16
2450,-0.5869565217391304,0.07365684498303224,-0.7565217391304347,-0.5652173913043478,-0.4956521739130435,16
2451,-0.45,0.06083073295492705,-0.5782608695652174,-0.4434782608695652,-0.3630434782608696,16
2452,-0.6206521739130435,0.08978418779535643,-0.7673913043478261,-0.6173913043478261,-0.4847826086956522,16
2453,-0.6478260869565218,0.05816994852286806,-0.741304347826087,-0.6521739130434783,-0.5391304347826087,16
2454,-0.31304347826086953,0.07555716172601203,-0.4369565217391304,-0.30434782608695654,-0.1782608695652174,16
2455,-0.5336956521739131,0.05368068793419888,-0.6391304347826087,-0.5217391304347827,-0.4565217391304348,16
2456,-0.7282608695652174,0.04342387903356124,-0.7847826086956522,-0.7391304347826086,-0.6347826086956522,16
2457,-0.3467391304347826,0.10842902080155882,-0.5065217391304349,-0.34782608695652173,-0.14565217391304347,16
2458,-0.16630434782608694,0.06344512238048908,-0.29565217391304344,-0.15652173913043477,-0.06739130434782609,16
2459,-0.3586956521739131,0.09423355131170975,-0.5152173913043478,-0.3739130434782609,-0.16956521739130434,16
2460,-0.7402173913043478,0.049369847605112004,-0.8021739130434783,-0.7478260869565216,-0.6391304347826087,16
2461,-0.1282608695652174,0.08107850521291964,-0.27391304347826084,-0.11304347826086956,-0.008695652173913044,16
2462,-0.31304347826086953,0.06874516652539955,-0.4260869565217391,-0.31304347826086953,-0.21739130434782608,16
2463,-0.5706521739130435,0.06411200914373316,-0.6804347826086957,-0.5565217391304347,-0.4782608695652174,16
2464,-0.6695652173913043,0.04995271866554809,-0.7652173913043478,-0.6695652173913044,-0.5891304347826086,16
2465,-0.41630434782608694,0.078494518369047,-0.55,-0.4,-0.28260869565217395,16
2466,-0.7717391304347827,0.07007287591863565,-0.8717391304347827,-0.7565217391304347,-0.6521739130434783,16
2467,-0.3184782608695652,0.08999448628353113,-0.4652173913043478,-0.32173913043478264,-0.15,16
2468,-0.16195652173913044,0.06484495103597676,-0.28043478260869564,-0.16521739130434782,-0.034782608695652174,16
2469,-0.2619565217391304,0.06928441969775342,-0.3956521739130435,-0.23478260869565218,-0.1565217391304348,16
2470,-0.10434782608695653,0.07969696860792765,-0.2326086956521739,-0.10434782608695653,0.03695652173913043,16
2471,-0.591304347826087,0.06478114967717973,-0.7130434782608696,-0.5913043478260869,-0.4847826086956522,16
2472,-0.4717391304347826,0.06532599652746399,-0.5760869565217391,-0.46956521739130436,-0.3695652173913043,16
2473,-0.1,0.06404747766372276,-0.2043478260869565,-0.08695652173913043,-0.015217391304347825,16
2474,-0.6771739130434783,0.06621519308920884,-0.7956521739130434,-0.6608695652173913,-0.567391304347826,16
2475,-0.3880434782608696,0.08634978543247462,-0.5130434782608696,-0.3826086956521739,-0.23043478260869565,16
2476,-0.6880434782608695,0.06374237787563368,-0.7913043478260869,-0.6608695652173913,-0.6065217391304347,16
2477,-0.2554347826086956,0.055413465637090806,-0.36086956521739133,-0.25217391304347825,-0.17173913043478262,16
2478,-0.1358695652173913,0.07371296449211293,-0.2608695652173913,-0.14782608695652175,0.006521739130434783,16
2479,0.04130434782608696,0.07140899002459497,-0.06521739130434782,0.043478260869565216,0.16956521739130434,16
2480,-0.1358695652173913,0.04869516692304809,-0.2,-0.13043478260869565,-0.030434782608695657,16
2481,0.052173913043478265,0.05929644216080807,-0.05434782608695652,0.06086956521739131,0.14565217391304347,16
2482,-0.08586956521739131,0.08179663795717039,-0.2217391304347826,-0.08695652173913043,0.0782608695652174,16
2483,-0.27717391304347827,0.06147793801034466,-0.3826086956521739,-0.28695652173913044,-0.17173913043478262,16
2484,0.09347826086956522,0.07219879089311136,-0.013043478260869563,0.0782608695652174,0.22608695652173913,16
2485,-0.03369565217391304,0.10140203351391008,-0.18695652173913044,-0.06086956521739131,0.13043478260869565,16
2486,-0.6304347826086956,0.06970095452991912,-0.7369565217391304,-0.6347826086956522,-0.5021739130434782,16
2487,-0.44673913043478264,0.07536144787679545,-0.5521739130434783,-0.4434782608695652,-0.3173913043478261,16
2488,-0.4815217391304348,0.06542539294179212,-0.5978260869565217,-0.4782608695652174,-0.3804347826086957,16
2489,-0.5065217391304349,0.0747712327039993,-0.6108695652173913,-0.5304347826086957,-0.3804347826086957,16
2490,-0.2456521739130435,0.10576483526234906,-0.45869565217391306,-0.2434782608695652,-0.08043478260869566,16
2491,-0.17717391304347826,0.08469198054714572,-0.29782608695652174,-0.15652173913043477,-0.06086956521739131,16
2492,-0.20652173913043478,0.055636886487259694,-0.28695652173913044,-0.2,-0.11956521739130435,16
2493,-0.22065217391304348,0.06797607440762857,-0.3391304347826087,-0.22608695652173913,-0.10434782608695653,16
2494,-0.5652173913043479,0.05032972566430531,-0.6456521739130435,-0.5739130434782609,-0.4847826086956522,16
2495,-0.18369565217391304,0.08328527284561096,-0.32608695652173914,-0.19130434782608696,-0.05652173913043478,16
2496,-0.6108695652173913,0.06871078534469177,-0.691304347826087,-0.6347826086956522,-0.46304347826086956,16
2497,-0.014130434782608697,0.06811497840823173,-0.09565217391304348,-0.017391304347826084,0.10652173913043478,16
2498,-0.018478260869565215,0.09385037160036933,-0.16521739130434782,-0.017391304347826084,0.14130434782608697,16
2499,0.052173913043478265,0.06622411396403398,-0.08478260869565217,0.052173913043478265,0.15217391304347824,16
2500,0.125,0.06015693087835527,0.010869565217391302,0.1217391304347826,0.22608695652173913,16
2501,-0.06847826086956521,0.09662915096716497,-0.21739130434782608,-0.06956521739130435,0.0891304347826087,16
2502,-0.3326086956521739,0.04209764506747193,-0.391304347826087,-0.3391304347826087,-0.25869565217391305,16
2503,0.1815217391304348,0.10130877952612855,-0.010869565217391304,0.19130434782608696,0.31956521739130433,16
2504,-0.6673913043478261,0.041646182740582655,-0.7543478260869565,-0.6695652173913044,-0.6065217391304347,16
2505,-0.5173913043478261,0.09515682012277951,-0.6565217391304348,-0.5391304347826087,-0.33260869565217394,16
2506,-0.5652173913043478,0.0532497770170256,-0.6521739130434783,-0.5652173913043478,-0.46956521739130436,16
2507,-0.7141304347826087,0.07377704880284051,-0.841304347826087,-0.7130434782608697,-0.5739130434782609,16
2508,-0.15543478260869564,0.06023543914129308,-0.26304347826086955,-0.15652173913043477,-0.06739130434782609,16
2509,-0.24239130434782608,0.07579914509396149,-0.3847826086956522,-0.2434782608695652,-0.10869565217391304,16
2510,-0.047826086956521734,0.06636668488032064,-0.15869565217391304,-0.034782608695652174,0.043478260869565216,16
2511,-0.8902173913043478,0.04157519891066363,-0.9478260869565217,-0.8869565217391304,-0.8152173913043478,16
2512,-0.5054347826086957,0.059604477699370405,-0.5934782608695652,-0.5130434782608696,-0.4152173913043478,16
2513,-0.2793478260869565,0.08607570194327988,-0.4369565217391304,-0.2782608695652174,-0.15434782608695652,16
2514,-0.8315217391304348,0.03923596879952186,-0.8891304347826088,-0.8260869565217391,-0.7630434782608695,16
2515,0.08369565217391305,0.11661883527552826,-0.10434782608695653,0.09565217391304348,0.28043478260869564,16
2516,0.034782608695652174,0.04601306627938418,-0.02608695652173913,0.02608695652173913,0.11304347826086956,16
2517,0.015217391304347828,0.07087756689957003,-0.0891304347826087,0.0,0.13478260869565217,16
2518,-0.014130434782608694,0.08010360729518567,-0.17391304347826086,-0.017391304347826084,0.0891304347826087,16
2519,-0.022826086956521736,0.08936210612637863,-0.1760869565217391,-0.02608695652173913,0.17173913043478262,16
2520,0.11630434782608695,0.06825359972365043,0.021739130434782608,0.13043478260869565,0.2326086956521739,16
2521,0.0010869565217391294,0.07326280477382115,-0.1,0.0,0.14347826086956522,16
2522,0.07173913043478261,0.09423355131170975,-0.07608695652173914,0.08695652173913043,0.23695652173913043,16
2523,-0.725,0.06484495103597675,-0.841304347826087,-0.7217391304347827,-0.6239130434782608,16
2524,0.08152173913043478,0.08808372671017684,-0.08260869565217391,0.08695652173913043,0.25,16
2525,-0.059782608695652176,0.0731336787782798,-0.13043478260869565,-0.09565217391304348,0.1108695652173913,16
2526,-0.6271739130434784,0.07116868058639501,-0.7369565217391304,-0.6347826086956522,-0.5304347826086957,16
2527,-0.4043478260869565,0.05307198093797262,-0.4608695652173913,-0.40869565217391307,-0.30217391304347824,16
2528,0.15543478260869567,0.077281003468928,0.015217391304347825,0.17391304347826086,0.2717391304347826,16
2529,-0.7836956521739131,0.06477203006712862,-0.8608695652173913,-0.7913043478260869,-0.6652173913043479,16
2530,-0.06413043478260869,0.06825359972365044,-0.15217391304347824,-0.0782608695652174,0.06086956521739131,16
2531,-0.6380434782608695,0.06962463495100346,-0.7782608695652173,-0.6260869565217391,-0.5369565217391304,16
2532,0.1760869565217391,0.05957473741758575,0.10217391304347827,0.16521739130434782,0.29782608695652174,16
2533,-0.0032608695652173916,0.06322126356180811,-0.12173913043478261,0.0,0.11956521739130434,16
2534,-0.23369565217391303,0.08441251441458227,-0.3978260869565217,-0.2434782608695652,-0.11304347826086956,16
2535,-0.3315217391304348,0.07825332089198399,-0.4717391304347826,-0.3391304347826087,-0.19130434782608696,16
2536,0.06847826086956521,0.07428773315148599,-0.06521739130434782,0.08695652173913043,0.14782608695652175,16
2537,-0.09891304347826087,0.06246927411087397,-0.18043478260869567,-0.11304347826086956,0.041304347826086954,16
2538,-0.3108695652173913,0.07577576112144946,-0.41956521739130437,-0.30434782608695654,-0.15869565217391304,16
2539,-0.7358695652173913,0.0709691884474149,-0.8434782608695652,-0.7565217391304347,-0.6086956521739131,16
2540,-0.7793478260869565,0.04908183436902453,-0.8543478260869566,-0.7565217391304347,-0.7282608695652174,16
2541,0.0782608695652174,0.061179335997696906,-0.0021739130434782605,0.06956521739130435,0.1934782608695652,16
2542,-0.6130434782608696,0.05945562752685803,-0.7152173913043479,-0.6173913043478261,-0.4934782608695652,16
2543,0.37282608695652175,0.07050151160078924,0.27608695652173915,0.3652173913043478,0.5043478260869565,16
2544,-0.2108695652173913,0.05925657900190874,-0.31956521739130433,-0.2,-0.11521739130434783,16
2545,-0.1760869565217391,0.08360384575230179,-0.31521739130434784,-0.16521739130434782,-0.01956521739130435,16
2546,-0.4608695652173913,0.08272303300191498,-0.5978260869565217,-0.4434782608695652,-0.3282608695652174,16
2547,-0.08043478260869565,0.072720559494251,-0.1760869565217391,-0.10434782608695653,0.043478260869565216,16
2548,-0.3358695652173913,0.08390712977584903,-0.4891304347826087,-0.3391304347826087,-0.18913043478260871,16
2549,-0.07934782608695652,0.07076913395938272,-0.21521739130434783,-0.06086956521739131,0.008695652173913044,16
2550,0.17173913043478262,0.08292274401200282,0.034782608695652174,0.19130434782608696,0.31521739130434784,16
2551,-0.03369565217391304,0.0964333222142135,-0.20869565217391303,-0.034782608695652174,0.15217391304347824,16
2552,-0.7076086956521739,0.0554134656370908,-0.7956521739130434,-0.7217391304347827,-0.6086956521739131,16
2553,-0.5206521739130434,0.0907787667852721,-0.65,-0.5130434782608696,-0.3565217391304348,16
2554,-0.15978260869565217,0.07819290527140303,-0.28043478260869564,-0.15652173913043477,-0.05,16
2555,-0.07173913043478261,0.058615081577012014,-0.15869565217391304,-0.0782608695652174,0.03695652173913043,16
2556,-0.4913043478260869,0.09653740570075878,-0.6673913043478261,-0.5130434782608696,-0.3456521739130435,16
2557,-0.37391304347826093,0.10084707395428871,-0.5130434782608696,-0.3739130434782609,-0.18695652173913044,16
2558,0.016304347826086956,0.057010843660623284,-0.0782608695652174,0.02608695652173913,0.09565217391304348,16
2559,-0.3880434782608696,0.05999960617388079,-0.4782608695652174,-0.391304347826087,-0.29347826086956524,16
2560,-0.3641304347826087,0.07504724409917335,-0.4826086956521739,-0.3739130434782609,-0.23043478260869565,16
2561,-0.6260869565217391,0.07091089752304387,-0.7434782608695653,-0.6086956521739131,-0.5130434782608696,16
2562,-0.7347826086956522,0.05199243801348433,-0.8260869565217391,-0.7391304347826086,-0.6695652173913044,16
2563,0.05652173913043478,0.08553180683872175,-0.04782608695652174,0.02608695652173913,0.21956521739130433,16
2564,0.13043478260869565,0.04682752006203916,0.034782608695652174,0.1217391304347826,0.1934782608695652,16
2565,-0.3630434782608696,0.08360384575230177,-0.5282608695652173,-0.3565217391304348,-0.21304347826086958,16
2566,-0.7815217391304348,0.07752522609144265,-0.9,-0.7826086956521738,-0.6521739130434783,16
2567,-0.03369565217391304,0.06359392381004379,-0.11739130434782609,-0.06086956521739131,0.09347826086956522,16
2568,-0.059782608695652176,0.07542413156230682,-0.19130434782608696,-0.06086956521739131,0.05434782608695652,16
2569,-0.49782608695652175,0.06732114159653053,-0.5869565217391304,-0.5130434782608696,-0.34782608695652173,16
2570,-0.45869565217391306,0.0703421290754932,-0.558695652173913,-0.46956521739130436,-0.3173913043478261,16
2571,-0.07934782608695651,0.08168100384675736,-0.20869565217391303,-0.11304347826086956,0.07608695652173914,16
2572,-0.37282608695652175,0.0744148566380989,-0.4956521739130435,-0.3565217391304348,-0.25869565217391305,16
2573,-0.10108695652173913,0.08645917554497512,-0.22608695652173913,-0.11304347826086956,0.07391304347826087,16
2574,-0.2684782608695652,0.07287474039939884,-0.3891304347826087,-0.26956521739130435,-0.12391304347826088,16
2575,-0.08043478260869566,0.08800992382607462,-0.2217391304347826,-0.06086956521739131,0.07608695652173914,16
2576,-0.18369565217391304,0.06832280491225097,-0.28695652173913044,-0.1826086956521739,-0.05652173913043478,16
2577,-0.29891304347826086,0.0757367717897602,-0.4369565217391304,-0.28695652173913044,-0.1782608695652174,16
2578,-0.20869565217391306,0.09545434087000064,-0.3652173913043478,-0.21739130434782608,-0.030434782608695657,16
2579,0.03152173913043478,0.05170760822724477,-0.043478260869565216,0.043478260869565216,0.11304347826086956,16
2580,-0.34782608695652173,0.07850204384899039,-0.4891304347826087,-0.3217391304347826,-0.23260869565217393,16
2581,-0.8467391304347827,0.03801240967401244,-0.8956521739130435,-0.8608695652173913,-0.7804347826086956,16
2582,0.007608695652173911,0.1003714744947464,-0.12173913043478261,-0.017391304347826084,0.21956521739130433,16
2583,0.08804347826086956,0.06147793801034466,-0.03043478260869565,0.08695652173913043,0.18695652173913044,16
2584,0.06304347826086956,0.09302214302319421,-0.11739130434782609,0.06086956521739131,0.21521739130434783,16
2585,0.03152173913043478,0.08469198054714572,-0.12608695652173912,0.02608695652173913,0.15217391304347824,16
2586,-0.5554347826086956,0.08407592886638125,-0.6695652173913044,-0.5565217391304348,-0.4108695652173913,16
2587,-0.2608695652173913,0.082723033001915,-0.3847826086956522,-0.2782608695652174,-0.13695652173913042,16
2588,-0.05652173913043478,0.08028776222877995,-0.1934782608695652,-0.052173913043478265,0.06086956521739131,16
2589,0.30869565217391304,0.06521739130434782,0.21304347826086958,0.2956521739130435,0.4456521739130435,16
2590,-0.4913043478260869,0.06721576014669697,-0.5760869565217391,-0.48695652173913045,-0.3630434782608696,16
2591,-0.2826086956521739,0.07130964985589881,-0.45,-0.26956521739130435,-0.18913043478260871,16
2592,0.04565217391304348,0.08583516096695493,-0.08260869565217391,0.034782608695652174,0.20652173913043476,16
2593,-0.7260869565217392,0.053071980937972614,-0.8369565217391305,-0.7217391304347827,-0.6478260869565218,16
2594,-0.5793478260869565,0.08613058841590232,-0.7086956521739131,-0.5652173913043478,-0.4391304347826087,16
2595,-0.20760869565217394,0.07921370439566108,-0.30434782608695654,-0.22608695652173913,-0.09565217391304348,16
2596,-0.2391304347826087,0.0906811026722357,-0.39999999999999997,-0.23478260869565215,-0.07608695652173914,16
2597,-0.5739130434782609,0.08203461853962264,-0.6739130434782609,-0.5826086956521739,-0.38913043478260867,16
2598,-0.18043478260869567,0.06732114159653053,-0.3239130434782609,-0.17391304347826086,-0.09565217391304348,16
2599,-0.30326086956521736,0.0986618884978692,-0.4739130434782609,-0.3217391304347826,-0.14782608695652175,16
2600,-0.275,0.08196978326566466,-0.4739130434782609,-0.25217391304347825,-0.1826086956521739,16
2601,-0.24456521739130435,0.09222491411006407,-0.41956521739130437,-0.21739130434782608,-0.10434782608695653,16
2602,-0.21304347826086956,0.07838154946660846,-0.3391304347826087,-0.22608695652173913,-0.08043478260869566,16
2603,-0.3706521739130435,0.09041361583393484,-0.5065217391304349,-0.4,-0.20869565217391303,16
2604,-0.20978260869565218,0.06592908775704674,-0.35434782608695653,-0.20869565217391306,-0.13043478260869565,16
2605,-0.15760869565217392,0.09140134599200024,-0.27391304347826084,-0.17391304347826086,0.04565217391304348,16
2606,-0.5358695652173913,0.08173884135009009,-0.6739130434782609,-0.5304347826086957,-0.4043478260869565,16
2607,-0.8271739130434783,0.05376865306970277,-0.9173913043478261,-0.8260869565217391,-0.7347826086956522,16
2608,-0.29239130434782606,0.0694887487322809,-0.40652173913043477,-0.2956521739130435,-0.15869565217391304,16
2609,-0.7804347826086957,0.06326796613415325,-0.8608695652173913,-0.8,-0.658695652173913,16
2610,0.15217391304347827,0.09395731645641005,-0.008695652173913044,0.15652173913043477,0.29130434782608694,16
2611,-0.7728260869565218,0.05012979372869655,-0.8586956521739131,-0.7652173913043478,-0.6782608695652175,16
2612,0.10108695652173913,0.04869516692304809,0.015217391304347825,0.10434782608695653,0.1934782608695652,16
2613,-0.5152173913043478,0.06590220170097442,-0.6369565217391304,-0.5130434782608696,-0.38913043478260867,16
2614,-0.13369565217391305,0.09410181310013883,-0.3108695652173913,-0.1217391304347826,0.017391304347826084,16
2615,-0.3923913043478261,0.07156599661470228,-0.5,-0.391304347826087,-0.25217391304347825,16
2616,-0.7652173913043478,0.05107539184552491,-0.8543478260869566,-0.7652173913043478,-0.682608695652174,16
2617,-0.5902173913043479,0.06928441969775344,-0.7086956521739131,-0.5826086956521739,-0.4847826086956522,16
2618,-0.15543478260869564,0.06592908775704674,-0.26956521739130435,-0.1217391304347826,-0.0782608695652174,16
2619,0.14782608695652175,0.06419488287058,0.05,0.14782608695652175,0.26304347826086955,16
2620,-0.25869565217391305,0.05212860351426869,-0.3760869565217391,-0.23478260869565218,-0.2,16
2621,-0.01304347826086957,0.07593151824596948,-0.14130434782608697,0.0,0.12391304347826086,16
2622,-0.11956521739130435,0.08061085312060504,-0.2282608695652174,-0.11304347826086956,0.03043478260869565,16
2623,-0.6152173913043478,0.07774589018368551,-0.7326086956521739,-0.6086956521739131,-0.47608695652173916,16
2624,-0.32608695652173914,0.07981547717689487,-0.4543478260869565,-0.33043478260869563,-0.1826086956521739,16
2625,-0.056521739130434775,0.08397046919925202,-0.1934782608695652,-0.043478260869565216,0.06086956521739131,16
2626,0.12282608695652172,0.06359392381004379,0.010869565217391302,0.13043478260869565,0.2282608695652174,16
2627,-0.6358695652173914,0.07390505071873729,-0.758695652173913,-0.6521739130434783,-0.48695652173913045,16
2628,0.043478260869565216,0.08889151434896032,-0.1108695652173913,0.043478260869565216,0.1934782608695652,16
2629,0.16304347826086957,0.06898535501140186,0.03260869565217391,0.17391304347826086,0.26304347826086955,16
2630,-0.03260869565217391,0.08539356235392329,-0.2108695652173913,-0.008695652173913044,0.07173913043478261,16
2631,0.17826086956521742,0.10352939912861442,0.008695652173913044,0.14782608695652175,0.35434782608695653,16
2632,-0.08260869565217391,0.10298016767240879,-0.24347826086956523,-0.11304347826086956,0.09565217391304348,16
2633,-0.44130434782608696,0.06532599652746401,-0.5304347826086957,-0.4434782608695652,-0.3130434782608696,16
2634,-0.4695652173913043,0.05993064674821835,-0.5826086956521739,-0.4608695652173913,-0.3804347826086957,16
2635,0.13695652173913042,0.10629967981215349,-0.041304347826086954,0.13043478260869565,0.29782608695652174,16
2636,-0.12934782608695652,0.07517308320511623,-0.23478260869565218,-0.11304347826086956,0.010869565217391304,16
2637,0.2076086956521739,0.08063283490162187,0.06739130434782609,0.22608695652173913,0.3217391304347826,16
2638,-0.6869565217391305,0.0539551028086559,-0.7782608695652173,-0.6869565217391305,-0.6065217391304347,16
2639,-0.04673913043478261,0.045690977297790654,-0.12391304347826086,-0.06086956521739131,0.03043478260869565,16
2640,-0.3293478260869565,0.07169794601756732,-0.43043478260869567,-0.33043478260869563,-0.23478260869565218,16
2641,0.041304347826086954,0.10341521645448953,-0.13260869565217392,0.0782608695652174,0.1934782608695652,16
2642,-0.4152173913043478,0.06296847112156627,-0.523913043478261,-0.4260869565217391,-0.3108695652173913,16
2643,-0.3630434782608696,0.05028275437487121,-0.4543478260869565,-0.3565217391304348,-0.28695652173913044,16
2644,-0.5163043478260869,0.06713661550731416,-0.6391304347826087,-0.5130434782608696,-0.40869565217391307,16
2645,-0.13369565217391305,0.07782942669540455,-0.26956521739130435,-0.1391304347826087,-0.021739130434782608,16
2646,0.3739130434782609,0.07064381221422575,0.25217391304347825,0.3739130434782609,0.4717391304347826,16
2647,-0.4402173913043478,0.06825359972365044,-0.5456521739130434,-0.4434782608695652,-0.30217391304347824,16
2648,-0.14891304347826087,0.06101496608993995,-0.23913043478260868,-0.1391304347826087,-0.034782608695652174,16
2649,-0.4108695652173913,0.05460807255252379,-0.5065217391304349,-0.40869565217391307,-0.3391304347826087,16
2650,-0.3097826086956522,0.12596977313193491,-0.5630434782608695,-0.2956521739130435,-0.1282608695652174,16
2651,-0.7130434782608696,0.08889151434896032,-0.8760869565217392,-0.7130434782608697,-0.5891304347826086,16
2652,-0.39456521739130435,0.08480350912951969,-0.5413043478260869,-0.3826086956521739,-0.29347826086956524,16
2653,-0.691304347826087,0.07236224772649234,-0.8065217391304348,-0.6782608695652175,-0.5782608695652174,16
2654,-0.3826086956521739,0.08994852550250958,-0.55,-0.3739130434782609,-0.23260869565217393,16
2655,-0.7293478260869566,0.06299660926453086,-0.841304347826087,-0.7130434782608697,-0.6521739130434783,16
2656,-0.6391304347826087,0.05816994852286807,-0.7652173913043478,-0.6347826086956522,-0.5543478260869564,16
2657,-0.5304347826086957,0.0834057656228299,-0.6695652173913044,-0.5304347826086957,-0.3847826086956522,16
2658,-0.6728260869565217,0.08480350912951967,-0.8065217391304348,-0.6695652173913044,-0.5304347826086957,16
2659,-0.8336956521739131,0.04956092658773043,-0.9347826086956521,-0.8347826086956522,-0.7630434782608695,16
2660,-0.5141304347826087,0.052343474468845665,-0.6043478260869565,-0.5043478260869565,-0.4434782608695652,16
2661,-0.5706521739130435,0.055922830301767645,-0.6565217391304348,-0.5652173913043478,-0.4782608695652174,16
2662,-0.683695652173913,0.0707023233389105,-0.8,-0.6869565217391305,-0.5521739130434783,16
2663,-0.5206521739130434,0.07873497696293241,-0.6782608695652175,-0.5043478260869565,-0.4260869565217391,16
2664,-0.682608695652174,0.03864432355354604,-0.7391304347826086,-0.6695652173913044,-0.6239130434782608,16
2665,-0.9228260869565217,0.02378920503069486,-0.9695652173913043,-0.9130434782608695,-0.8956521739130435,16
2666,-0.5869565217391305,0.048219723940910515,-0.6891304347826087,-0.5913043478260869,-0.5304347826086957,16
2667,-0.3760869565217392,0.10157083814107537,-0.5456521739130434,-0.3826086956521739,-0.1826086956521739,16
2668,-0.41195652173913044,0.07709732881002321,-0.5521739130434783,-0.4,-0.3217391304347826,16
2669,-0.5304347826086957,0.09325048082403138,-0.7021739130434783,-0.5130434782608696,-0.3978260869565218,16
2670,-0.5728260869565217,0.07873497696293241,-0.6956521739130435,-0.5826086956521739,-0.4173913043478261,16
2671,-0.5413043478260869,0.07375302371168424,-0.682608695652174,-0.5478260869565217,-0.4326086956521739,16
2672,-0.3076086956521739,0.063071582940887,-0.40217391304347827,-0.30434782608695654,-0.20652173913043478,16
2673,-0.6173913043478261,0.0514441720269532,-0.6804347826086957,-0.6260869565217391,-0.5369565217391304,16
2674,-0.49782608695652175,0.07823067050194164,-0.6217391304347826,-0.4956521739130435,-0.3804347826086957,16
2675,-0.16956521739130434,0.05584883729854404,-0.25217391304347825,-0.1826086956521739,-0.05652173913043478,16
2676,-0.9141304347826087,0.03609939544655567,-0.9760869565217392,-0.9130434782608695,-0.8608695652173913,16
2677,-0.35000000000000003,0.08472684899958731,-0.5,-0.3391304347826087,-0.20652173913043478,16
2678,-0.7630434782608695,0.0517646995643072,-0.8478260869565217,-0.7739130434782608,-0.6652173913043479,16
2679,-0.31521739130434784,0.10504747328999625,-0.45869565217391306,-0.3391304347826087,-0.10434782608695653,16
2680,-0.6434782608695653,0.05533879157112113,-0.7043478260869566,-0.6608695652173913,-0.5152173913043478,16
2681,-0.7032608695652174,0.045379621185104566,-0.7891304347826087,-0.7043478260869566,-0.6239130434782608,16
2682,-0.9010869565217391,0.04018800336377422,-0.9478260869565217,-0.9130434782608695,-0.8108695652173913,16
2683,-0.3923913043478261,0.06776718456854931,-0.5173913043478261,-0.3739130434782609,-0.2956521739130435,16
2684,-0.8239130434782609,0.05460807255252379,-0.9239130434782609,-0.817391304347826,-0.7391304347826086,16
2685,-0.75,0.06618842325060142,-0.8717391304347827,-0.7391304347826086,-0.6543478260869565,16
2686,-0.7663043478260869,0.06208986413846835,-0.8934782608695652,-0.7565217391304347,-0.6760869565217391,16
2687,-0.5260869565217392,0.08237954487607137,-0.6630434782608696,-0.5304347826086957,-0.3978260869565218,16
2688,-0.7032608695652174,0.05750606115830998,-0.7956521739130434,-0.6869565217391305,-0.6130434782608696,16
2689,-0.7532608695652174,0.06513581855034188,-0.8608695652173913,-0.7652173913043478,-0.6413043478260869,16
2690,-0.5260869565217392,0.10168709185675218,-0.6695652173913044,-0.5391304347826087,-0.3130434782608696,16
2691,-0.7869565217391303,0.05088999961182447,-0.8826086956521739,-0.7826086956521738,-0.7217391304347827,16
2692,-0.0021739130434782613,0.06732114159653053,-0.0891304347826087,-0.008695652173913044,0.1282608695652174,16
2693,-0.6173913043478261,0.06846963368705923,-0.7086956521739131,-0.6434782608695653,-0.5130434782608696,16
2694,-0.24456521739130432,0.06818432429374867,-0.36086956521739133,-0.25217391304347825,-0.12608695652173912,16
2695,-0.32065217391304346,0.09885330255146164,-0.4826086956521739,-0.3217391304347826,-0.1391304347826087,16
2696,-0.21521739130434783,0.06532599652746399,-0.31521739130434784,-0.21739130434782608,-0.09782608695652174,16
2697,-0.41304347826086957,0.08920993273340516,-0.5804347826086956,-0.3826086956521739,-0.28695652173913044,16
2698,-0.5826086956521739,0.06819298757112227,-0.6891304347826087,-0.5826086956521739,-0.44347826086956527,16
2699,-0.16847826086956524,0.0685300011571657,-0.29565217391304344,-0.16521739130434782,-0.08478260869565218,16
2700,-0.7434782608695653,0.07467636537964203,-0.841304347826087,-0.7652173913043478,-0.6021739130434782,16
2701,-0.23369565217391305,0.07691321552319343,-0.34347826086956523,-0.23478260869565218,-0.09130434782608696,16
2702,-0.6423913043478261,0.07009816233646188,-0.7217391304347827,-0.6521739130434783,-0.491304347826087,16
2703,-0.15,0.0864933315829468,-0.2673913043478261,-0.16521739130434782,0.019565217391304346,16
2704,-0.3978260869565218,0.07007287591863565,-0.5173913043478261,-0.4,-0.2673913043478261,16
2705,-0.18369565217391304,0.056511286658938946,-0.28043478260869564,-0.1826086956521739,-0.09565217391304348,16
2706,-0.3141304347826087,0.10452317694156839,-0.49347826086956526,-0.31304347826086953,-0.1391304347826087,16
2707,-0.2293478260869565,0.06614378277661476,-0.35,-0.2434782608695652,-0.12608695652173912,16
2708,-0.18586956521739129,0.10546839446309883,-0.4152173913043478,-0.19130434782608696,-0.021739130434782608,16
2709,0.15543478260869564,0.05992078892320748,0.08478260869565218,0.14782608695652175,0.27391304347826084,16
2710,-0.5760869565217391,0.07966731392090735,-0.717391304347826,-0.5652173913043478,-0.45217391304347826,16
2711,-0.46847826086956523,0.06477203006712862,-0.5869565217391304,-0.4608695652173913,-0.3869565217391304,16
2712,-0.41630434782608694,0.07703600660599964,-0.5630434782608695,-0.40869565217391307,-0.27608695652173915,16
2713,-0.4434782608695652,0.07404081028663653,-0.5413043478260869,-0.4608695652173913,-0.29130434782608694,16
2714,-0.6934782608695652,0.06503597957239822,-0.7739130434782608,-0.6956521739130435,-0.5608695652173913,16
2715,-0.39891304347826084,0.06564173542123587,-0.5173913043478261,-0.4,-0.3,16
2716,-0.5858695652173913,0.07254976780854452,-0.7021739130434783,-0.5913043478260869,-0.4347826086956522,16
2717,-0.47282608695652173,0.06866778466124819,-0.5760869565217391,-0.45217391304347826,-0.358695652173913,16
2718,-0.24782608695652175,0.08984338399900793,-0.3826086956521739,-0.2608695652173913,-0.07608695652173914,16
2719,-0.5576086956521739,0.061477938010344645,-0.6521739130434783,-0.5217391304347827,-0.4956521739130435,16
2720,-0.6445652173913043,0.07009816233646188,-0.7847826086956522,-0.6347826086956522,-0.5478260869565217,16
2721,-0.4913043478260869,0.05342698142367176,-0.5934782608695652,-0.4782608695652174,-0.4152173913043478,16
2722,-0.4597826086956522,0.0720923452121323,-0.5652173913043478,-0.4608695652173913,-0.3239130434782609,16
2723,-0.4434782608695652,0.06735623210795508,-0.5478260869565217,-0.45217391304347826,-0.3456521739130435,16
2724,-0.20543478260869566,0.0716320016982409,-0.31956521739130433,-0.2,-0.10217391304347827,16
2725,-0.2391304347826087,0.04938181170261108,-0.28695652173913044,-0.2608695652173913,-0.14782608695652175,16
2726,-0.48586956521739133,0.0703673187375631,-0.5934782608695652,-0.4956521739130435,-0.3630434782608696,16
2727,-0.20108695652173914,0.06832280491225097,-0.31521739130434784,-0.2,-0.07173913043478261,16
2728,-0.3695652173913043,0.07130964985589881,-0.49347826086956526,-0.3565217391304348,-0.25869565217391305,16
2729,-0.04456521739130435,0.06664204806943187,-0.16521739130434782,-0.043478260869565216,0.06086956521739131,16
2730,-0.36847826086956526,0.08196978326566466,-0.5108695652173914,-0.3565217391304348,-0.23695652173913043,16
2731,-0.45108695652173914,0.07849451836904701,-0.5804347826086956,-0.4608695652173913,-0.3391304347826087,16
2732,-0.014130434782608697,0.08424438973764621,-0.18043478260869567,0.0,0.11739130434782609,16
2733,-0.29891304347826086,0.07548676319573767,-0.4260869565217391,-0.28695652173913044,-0.16521739130434782,16
2734,-0.15869565217391304,0.08583516096695493,-0.30869565217391304,-0.15652173913043477,-0.008695652173913044,16
2735,-0.059782608695652176,0.06635778317216173,-0.2,-0.043478260869565216,0.019565217391304346,16
2736,-0.8423913043478262,0.04579429224552369,-0.9239130434782609,-0.8347826086956522,-0.7804347826086956,16
2737,0.028260869565217388,0.06843511408129214,-0.11521739130434783,0.052173913043478265,0.10652173913043478,16
2738,-0.5815217391304348,0.08552489992169683,-0.691304347826087,-0.6086956521739131,-0.4043478260869565,16
2739,-0.701086956521739,0.09430248359453901,-0.8543478260869566,-0.7130434782608696,-0.5282608695652173,16
2740,-0.5130434782608696,0.08695652173913043,-0.6326086956521739,-0.5130434782608696,-0.33695652173913043,16
2741,-0.3934782608695652,0.10007086336072961,-0.5956521739130435,-0.391304347826087,-0.23695652173913043,16
2742,-0.6304347826086957,0.08351901179260236,-0.7673913043478261,-0.6347826086956522,-0.491304347826087,16
2743,-0.06956521739130435,0.07170618479335063,-0.1760869565217391,-0.0782608695652174,0.07173913043478261,16
2744,-0.782608695652174,0.05253498249388945,-0.8695652173913044,-0.7913043478260869,-0.6782608695652175,16
2745,-0.17282608695652174,0.10434216470149339,-0.32608695652173914,-0.2,0.008695652173913044,16
2746,-0.3804347826086957,0.09912185317546085,-0.5739130434782609,-0.3826086956521739,-0.23043478260869565,16
2747,-0.4760869565217391,0.09988178267530559,-0.6565217391304348,-0.46956521739130436,-0.30869565217391304,16
2748,-0.5826086956521739,0.06763630080914802,-0.6521739130434783,-0.5913043478260869,-0.42608695652173917,16
2749,0.08804347826086956,0.07428773315148597,-0.06521739130434782,0.10434782608695653,0.1934782608695652,16
2750,-0.4391304347826087,0.09594815865527787,-0.5826086956521739,-0.4434782608695652,-0.29347826086956524,16
2751,-0.30869565217391304,0.08878512111592234,-0.4608695652173913,-0.30434782608695654,-0.1826086956521739,16
2752,-0.5152173913043478,0.08583516096695493,-0.6391304347826087,-0.5217391304347827,-0.34782608695652173,16
2753,-0.5130434782608695,0.073528410979512,-0.6217391304347826,-0.5391304347826087,-0.358695652173913,16
2754,-0.3847826086956522,0.09138195459558131,-0.5434782608695652,-0.4,-0.21304347826086958,16
2755,-0.44239130434782614,0.10186702292286863,-0.6195652173913043,-0.4782608695652174,-0.28260869565217395,16
2756,-0.05,0.08037600672754848,-0.1760869565217391,-0.043478260869565216,0.06086956521739131,16
2757,-0.1923913043478261,0.07529871200920868,-0.31521739130434784,-0.2,-0.041304347826086954,16
2758,-0.06304347826086956,0.10594341679140179,-0.24347826086956523,-0.052173913043478265,0.06086956521739131,16
2759,-0.22608695652173913,0.08180385966185555,-0.36086956521739133,-0.2,-0.11521739130434783,16
2760,-0.24239130434782608,0.0762962958714583,-0.3673913043478261,-0.23478260869565218,-0.11304347826086956,16
2761,-0.4478260869565217,0.07210053892076955,-0.5804347826086956,-0.4173913043478261,-0.3630434782608696,16
2762,-0.16195652173913044,0.08743752833342558,-0.29565217391304344,-0.19130434782608696,-0.015217391304347825,16
2763,-0.2108695652173913,0.09322513757561551,-0.3717391304347826,-0.22608695652173913,-0.06304347826086956,16
2764,-0.5717391304347825,0.0535594999771953,-0.6847826086956522,-0.5478260869565217,-0.5021739130434782,16
2765,0.02934782608695652,0.098037211792412,-0.19130434782608696,0.06086956521739131,0.14782608695652175,16
2766,-0.758695652173913,0.04554853660816731,-0.8478260869565217,-0.7565217391304347,-0.682608695652174,16
2767,-0.30978260869565216,0.04157519891066364,-0.3847826086956522,-0.30434782608695654,-0.24130434782608695,16
2768,-0.07826086956521738,0.07249274782840463,-0.2043478260869565,-0.0782608695652174,0.043478260869565216,16
2769,-0.3934782608695653,0.11302257331787788,-0.5869565217391304,-0.391304347826087,-0.20869565217391303,16
2770,-0.23369565217391305,0.0733917035843252,-0.3565217391304348,-0.25217391304347825,-0.11956521739130435,16
2771,-0.07173913043478261,0.059256579001908734,-0.15217391304347824,-0.08695652173913043,0.041304347826086954,16
2772,-0.041304347826086954,0.0692588361829304,-0.13478260869565217,-0.043478260869565216,0.08260869565217391,16
2773,0.29456521739130437,0.06447952152158215,0.20652173913043478,0.28695652173913044,0.40217391304347827,16
2774,0.14456521739130435,0.09227614306227751,-0.043478260869565216,0.15652173913043477,0.26304347826086955,16
2775,-0.12282608695652174,0.09181405347700872,-0.2782608695652174,-0.1217391304347826,0.02391304347826087,16
2776,-0.23369565217391303,0.0963352585587847,-0.34347826086956523,-0.2608695652173913,-0.01739130434782609,16
2777,-0.6413043478260869,0.07701299819094937,-0.75,-0.6434782608695653,-0.5369565217391304,16
2778,-0.7021739130434783,0.05212860351426869,-0.8,-0.7217391304347827,-0.6347826086956522,16
2779,-0.44021739130434784,0.06455277291870105,-0.5456521739130434,-0.4434782608695652,-0.3456521739130435,16
2780,-0.001086956521739131,0.07849451836904701,-0.17608695652173914,0.008695652173913044,0.1,16
2781,0.15434782608695652,0.07577576112144946,0.05,0.14782608695652172,0.29782608695652174,16
2782,-0.1108695652173913,0.09138195459558131,-0.29782608695652174,-0.08695652173913043,0.006521739130434783,16
2783,-0.25652173913043474,0.09999999999999999,-0.40652173913043477,-0.26956521739130435,-0.08478260869565218,16
2784,0.1641304347826087,0.05815979226813802,0.0782608695652174,0.16521739130434782,0.25217391304347825,16
2785,0.010869565217391304,0.0952312874513457,-0.10652173913043478,-0.02608695652173913,0.2,16
2786,-0.5163043478260869,0.09145303628087231,-0.6347826086956522,-0.5130434782608696,-0.3739130434782609,16
2787,-0.625,0.06901103991021729,-0.7304347826086957,-0.6434782608695653,-0.49782608695652175,16
2788,-0.1989130434782609,0.0731336787782798,-0.3521739130434783,-0.19130434782608696,-0.10217391304347827,16
2789,-0.5347826086956522,0.07183787670373176,-0.6782608695652175,-0.5217391304347827,-0.4391304347826087,16
2790,-0.1576086956521739,0.09760240126892042,-0.30869565217391304,-0.17391304347826086,0.02391304347826087,16
2791,-0.40652173913043477,0.11484764297280252,-0.558695652173913,-0.4434782608695652,-0.21739130434782608,16
2792,-0.1967391304347826,0.09103869220425385,-0.3652173913043478,-0.2,-0.07391304347826087,16
2793,-0.6347826086956522,0.05993064674821836,-0.7260869565217392,-0.6260869565217391,-0.5173913043478261,16
2794,0.37826086956521743,0.0756821529805618,0.26521739130434785,0.3565217391304348,0.5173913043478261,16
2795,-0.43586956521739134,0.09760240126892042,-0.5413043478260869,-0.4608695652173913,-0.24347826086956523,16
2796,-0.5271739130434783,0.08458030490200238,-0.6673913043478261,-0.5304347826086957,-0.35434782608695653,16
2797,-0.6119565217391305,0.06585736721609178,-0.7086956521739131,-0.6173913043478261,-0.491304347826087,16
2798,-0.22608695652173913,0.11453860758538688,-0.42391304347826086,-0.22608695652173913,-0.0391304347826087,16
2799,-0.3804347826086957,0.10119792880267288,-0.5347826086956522,-0.4,-0.1760869565217391,16
2800,-0.2423913043478261,0.09222491411006409,-0.3891304347826087,-0.22608695652173913,-0.06521739130434782,16
2801,-0.23369565217391303,0.07837401241678417,-0.35,-0.2434782608695652,-0.11956521739130435,16
2802,-0.42065217391304344,0.05420633756431167,-0.4956521739130435,-0.4173913043478261,-0.3173913043478261,16
2803,-0.1706521739130435,0.06894252558217165,-0.3239130434782609,-0.16521739130434782,-0.0782608695652174,16
2804,-0.5706521739130435,0.056927888587710855,-0.6521739130434783,-0.5652173913043478,-0.4782608695652174,16
2805,-0.10652173913043478,0.1073613758683978,-0.2891304347826087,-0.11304347826086956,0.06521739130434782,16
2806,-0.20217391304347826,0.0849496681851301,-0.31521739130434784,-0.20869565217391306,-0.034782608695652174,16
2807,-0.5836956521739131,0.09004698416536716,-0.7152173913043479,-0.5739130434782609,-0.4391304347826087,16
2808,-0.04673913043478261,0.058725837648869995,-0.12391304347826086,-0.06956521739130435,0.06086956521739131,16
2809,-0.375,0.09395102895237407,-0.5108695652173914,-0.3826086956521739,-0.18913043478260871,16
2810,-0.40217391304347827,0.08405484751817915,-0.5391304347826087,-0.4,-0.26521739130434785,16
2811,-0.6521739130434783,0.061487546190134586,-0.7326086956521739,-0.6608695652173913,-0.5369565217391304,16
2812,0.06304347826086956,0.11133746110697285,-0.0782608695652174,0.043478260869565216,0.25,16
2813,-0.6369565217391304,0.07375302371168424,-0.7543478260869565,-0.6347826086956522,-0.49782608695652175,16
2814,0.15869565217391304,0.07823067050194166,0.03260869565217391,0.14782608695652175,0.30434782608695654,16
2815,-0.40760869565217395,0.07642007822154807,-0.5304347826086957,-0.4,-0.30434782608695654,16
2816,-0.2108695652173913,0.09096728675177251,-0.35,-0.20869565217391306,-0.0782608695652174,16
2817,0.08804347826086956,0.08248703856480075,-0.06956521739130435,0.10434782608695653,0.20869565217391303,16
2818,-0.12391304347826088,0.08494966818513011,-0.26521739130434785,-0.1217391304347826,0.006521739130434783,16
2819,-0.14456521739130435,0.07202676198708398,-0.23913043478260868,-0.1826086956521739,-3.469446951953614e-18,16
2820,0.1108695652173913,0.11809371178731365,-0.11739130434782609,0.08695652173913043,0.30217391304347824,16
2821,-0.4326086956521739,0.058615081577012014,-0.5347826086956522,-0.4260869565217391,-0.3456521739130435,16
2822,-0.3641304347826087,0.08845849581606952,-0.5217391304347826,-0.3565217391304348,-0.21956521739130436,16
2823,-0.7032608695652174,0.06996319583371347,-0.8130434782608695,-0.7130434782608697,-0.5891304347826086,16
2824,-0.24891304347826088,0.06124688950861219,-0.3326086956521739,-0.25217391304347825,-0.13695652173913042,16
2825,-0.45217391304347826,0.06360321234055562,-0.5652173913043478,-0.45217391304347826,-0.3630434782608696,16
2826,-0.2880434782608696,0.08877846730535983,-0.41304347826086957,-0.2782608695652174,-0.15,16
2827,-0.2945652173913043,0.07776868176775366,-0.43043478260869567,-0.28695652173913044,-0.1826086956521739,16
2828,-0.23695652173913045,0.10576483526234906,-0.40217391304347827,-0.23478260869565218,-0.023913043478260877,16
2829,-0.5195652173913043,0.05893670309446068,-0.6326086956521739,-0.5130434782608696,-0.4217391304347826,16
2830,-0.3978260869565218,0.06703975628308381,-0.5173913043478261,-0.391304347826087,-0.29347826086956524,16
2831,-0.6891304347826087,0.05460807255252378,-0.7673913043478261,-0.6956521739130435,-0.5630434782608695,16
2832,-0.11630434782608695,0.05709367820290824,-0.2108695652173913,-0.1217391304347826,-0.021739130434782608,16
2833,-0.20217391304347826,0.06980258416522749,-0.33043478260869563,-0.2,-0.09565217391304348,16
2834,-0.6065217391304347,0.0667571849251482,-0.7130434782608696,-0.6086956521739131,-0.5021739130434782,16
2835,0.06195652173913043,0.08983680856927767,-0.05434782608695652,0.02608695652173913,0.26304347826086955,16
2836,-0.8228260869565217,0.04134723174263097,-0.8782608695652174,-0.8347826086956522,-0.7565217391304347,16
2837,-0.37717391304347825,0.082085010570155,-0.5043478260869565,-0.3739130434782609,-0.25217391304347825,16
2838,-0.175,0.06506322357816166,-0.3173913043478261,-0.16521739130434782,-0.07391304347826087,16
2839,-0.642391304347826,0.07579914509396149,-0.7434782608695653,-0.6608695652173913,-0.5195652173913043,16
2840,-0.6195652173913043,0.08427944336947883,-0.7652173913043478,-0.6,-0.4847826086956522,16
2841,-0.6728260869565217,0.06797607440762858,-0.8043478260869565,-0.6521739130434783,-0.5717391304347825,16
2842,-0.607608695652174,0.06147793801034466,-0.7369565217391304,-0.5913043478260869,-0.5195652173913043,16
2843,-0.3934782608695652,0.11116754500474431,-0.558695652173913,-0.3652173913043478,-0.18695652173913044,16
2844,-0.4652173913043478,0.07642780796194323,-0.5913043478260869,-0.4782608695652174,-0.3239130434782609,16
2845,0.004347826086956523,0.07862235356532662,-0.12391304347826086,-0.017391304347826084,0.13043478260869565,16
2846,-0.47391304347826085,0.05088999961182446,-0.5652173913043478,-0.48695652173913045,-0.3978260869565218,16
2847,-0.33695652173913043,0.09661080888386511,-0.5108695652173914,-0.3391304347826087,-0.20217391304347826,16
2848,-0.06847826086956521,0.08867193843266553,-0.2108695652173913,-0.06956521739130435,0.06086956521739131,16
2849,-0.37826086956521743,0.06434195037803801,-0.4826086956521739,-0.391304347826087,-0.26956521739130435,16
2850,-0.5021739130434784,0.06175596831018171,-0.6434782608695653,-0.4956521739130435,-0.4434782608695652,16
2851,-0.4543478260869565,0.048755785852186546,-0.523913043478261,-0.4608695652173913,-0.35434782608695653,16
2852,-0.9010869565217392,0.03178302503742051,-0.9586956521739131,-0.8956521739130435,-0.85,16
2853,-0.4434782608695652,0.09425862342903825,-0.6043478260869565,-0.4260869565217391,-0.28478260869565214,16
2854,-0.7434782608695653,0.06008815200471848,-0.8543478260869566,-0.7391304347826086,-0.6413043478260869,16
2855,-0.6108695652173913,0.0836038457523018,-0.7217391304347827,-0.6086956521739131,-0.4152173913043478,16
2856,-0.1315217391304348,0.05161613074166855,-0.23695652173913043,-0.1217391304347826,-0.05652173913043478,16
2857,-0.015217391304347827,0.07966731392090737,-0.16956521739130434,-0.017391304347826084,0.09565217391304348,16
2858,-0.4782608695652174,0.062099377639503024,-0.558695652173913,-0.4956521739130435,-0.3804347826086957,16
2859,-0.8304347826086957,0.05516772843673705,-0.932608695652174,-0.8260869565217391,-0.7304347826086957,16
2860,-0.27391304347826084,0.11024975941831275,-0.4369565217391304,-0.28695652173913044,-0.11304347826086956,16
2861,-0.5217391304347826,0.06240304388872748,-0.6108695652173913,-0.5217391304347827,-0.4152173913043478,16
2862,-0.6217391304347826,0.07886242237920459,-0.7391304347826086,-0.6173913043478261,-0.5021739130434782,16
2863,0.006521739130434781,0.09582494278493127,-0.19782608695652174,0.008695652173913044,0.15869565217391304,16
2864,-0.2391304347826087,0.07981547717689487,-0.3891304347826087,-0.21739130434782608,-0.13260869565217392,16
2865,-0.1456521739130435,0.058291685555617055,-0.23478260869565218,-0.14782608695652175,-0.05,16
2866,-0.2597826086956522,0.08385078789957767,-0.3739130434782609,-0.26956521739130435,-0.10434782608695653,16
2867,-0.5695652173913044,0.07339975224406145,-0.6804347826086957,-0.5826086956521739,-0.4434782608695652,16
2868,-0.2141304347826087,0.06713661550731417,-0.32608695652173914,-0.22608695652173913,-0.08695652173913043,16
2869,0.05326086956521739,0.07825332089198399,-0.08695652173913043,0.043478260869565216,0.18695652173913044,16
2870,-0.7641304347826087,0.04432597500892104,-0.8304347826086956,-0.7652173913043478,-0.682608695652174,16
2871,-0.4739130434782609,0.0877140913123131,-0.6630434782608696,-0.4434782608695652,-0.3304347826086957,16
2872,-0.6423913043478261,0.08016258290214041,-0.7760869565217392,-0.6434782608695653,-0.5,16
2873,0.3108695652173913,0.0952312874513457,0.1782608695652174,0.28695652173913044,0.491304347826087,16
2874,-0.683695652173913,0.06186110119622694,-0.7847826086956522,-0.6869565217391305,-0.5717391304347825,16
2875,-0.3065217391304348,0.11335658977811906,-0.4847826086956522,-0.2956521739130435,-0.07608695652173914,16
2876,0.026086956521739132,0.0617942191458778,-0.06521739130434782,0.02608695652173913,0.14565217391304347,16
2877,-0.3097826086956521,0.08401970018337122,-0.41956521739130437,-0.3217391304347826,-0.13478260869565217,16
2878,-0.16739130434782606,0.065325996527464,-0.26304347826086955,-0.17391304347826086,-0.04565217391304348,16
2879,-0.5010869565217391,0.09217365668545155,-0.6434782608695653,-0.5217391304347827,-0.3391304347826087,16
2880,-0.13478260869565217,0.07593151824596948,-0.2565217391304348,-0.1391304347826087,-0.02608695652173913,16
2881,-0.01847826086956522,0.050317986952620464,-0.11521739130434783,-0.017391304347826084,0.06956521739130435,16
2882,-0.36195652173913045,0.07163200169824091,-0.4891304347826087,-0.3391304347826087,-0.24347826086956523,16
2883,0.12391304347826088,0.04797407932763893,0.06086956521739131,0.11304347826086956,0.21521739130434783,16
2884,-0.291304347826087,0.10094075448907738,-0.4543478260869565,-0.2782608695652174,-0.09130434782608696,16
2885,-0.1923913043478261,0.11436828218415389,-0.4369565217391304,-0.16521739130434782,-0.0391304347826087,16
2886,0.2173913043478261,0.07704367455073631,0.05652173913043478,0.23478260869565218,0.3326086956521739,16
2887,-0.25869565217391305,0.06898535501140186,-0.3326086956521739,-0.28695652173913044,-0.11956521739130435,16
2888,-0.24239130434782608,0.041688715023402406,-0.29782608695652174,-0.25217391304347825,-0.15434782608695652,16
2889,0.017391304347826084,0.06929294543699664,-0.09347826086956522,0.017391304347826087,0.14130434782608697,16
2890,-0.18695652173913044,0.058816301123776886,-0.29782608695652174,-0.17391304347826086,-0.10869565217391304,16
2891,-0.06521739130434781,0.05307198093797262,-0.15869565217391304,-0.06086956521739131,0.02391304347826087,16
2892,-0.052173913043478265,0.07555716172601203,-0.16304347826086957,-0.06956521739130435,0.1,16
2893,-0.08804347826086957,0.09160793214844541,-0.2565217391304348,-0.08695652173913043,0.07173913043478261,16
2894,-0.4532608695652174,0.07454176332869533,-0.6043478260869565,-0.43478260869565216,-0.3565217391304348,16
2895,-0.41195652173913044,0.06769741138704358,-0.4891304347826087,-0.43478260869565216,-0.28695652173913044,16
2896,-0.30978260869565216,0.07447833701359087,-0.40217391304347827,-0.3217391304347826,-0.14782608695652175,16
2897,-0.0891304347826087,0.0826944634852619,-0.21521739130434783,-0.1217391304347826,0.03695652173913043,16
2898,0.13369565217391305,0.09784420122145923,0.010869565217391302,0.10434782608695653,0.30869565217391304,16
2899,-0.6565217391304348,0.08075728530872484,-0.7913043478260869,-0.6347826086956522,-0.5369565217391304,16
2900,-0.5282608695652173,0.06898535501140186,-0.6565217391304348,-0.5130434782608696,-0.4434782608695652,16
2901,-0.6304347826086957,0.06463508151008049,-0.7217391304347827,-0.6347826086956522,-0.5108695652173914,16
2902,-0.08695652173913043,0.09015844066664226,-0.24565217391304348,-0.06086956521739131,0.06086956521739131,16
2903,-0.17391304347826086,0.05144417202695318,-0.26304347826086955,-0.16521739130434782,-0.10217391304347827,16
2904,0.10217391304347825,0.08131132264897845,-0.019565217391304346,0.13043478260869565,0.2108695652173913,16
2905,-0.2510869565217391,0.08168100384675736,-0.3956521739130435,-0.26956521739130435,-0.10869565217391304,16
2906,-0.5076086956521739,0.06381647540472041,-0.6043478260869565,-0.5130434782608696,-0.3760869565217391,16
2907,-0.4358695652173913,0.06790651585842293,-0.5565217391304348,-0.4434782608695652,-0.3108695652173913,16
2908,-0.37173913043478257,0.07502362576842347,-0.49347826086956526,-0.3739130434782609,-0.25869565217391305,16
2909,-0.19891304347826086,0.08418827356839681,-0.34782608695652173,-0.1826086956521739,-0.06304347826086956,16
2910,-0.567391304347826,0.0692588361829304,-0.691304347826087,-0.5652173913043478,-0.4608695652173913,16
2911,-0.5739130434782609,0.05897678246195885,-0.6869565217391305,-0.5652173913043478,-0.4847826086956522,16
2912,-0.2576086956521739,0.06469902691057883,-0.35,-0.2608695652173913,-0.1282608695652174,16
2913,0.08478260869565217,0.08061085312060504,-0.052173913043478265,0.08695652173913043,0.2217391304347826,16
2914,-0.5967391304347827,0.07435132206375082,-0.7260869565217392,-0.5826086956521739,-0.4847826086956522,16
2915,-0.2652173913043478,0.07716625804042977,-0.3739130434782609,-0.25217391304347825,-0.14782608695652175,16
2916,-0.6554347826086957,0.04042250865605882,-0.7195652173913043,-0.6608695652173913,-0.5739130434782609,16
2917,-0.07282608695652174,0.056259844759163194,-0.16956521739130434,-0.052173913043478265,-0.004347826086956523,16
2918,0.009782608695652173,0.047416726328667905,-0.07173913043478261,0.008695652173913044,0.0891304347826087,16
2919,-0.29130434782608694,0.07593151824596948,-0.40869565217391307,-0.28695652173913044,-0.15434782608695652,16
2920,-0.5054347826086956,0.0755493429065441,-0.6217391304347826,-0.5130434782608696,-0.3978260869565218,16
2921,-0.1141304347826087,0.08441251441458227,-0.29130434782608694,-0.09565217391304348,-0.015217391304347825,16
2922,-0.5173913043478261,0.07692089570849621,-0.6434782608695653,-0.5130434782608696,-0.40869565217391307,16
2923,-0.29347826086956524,0.07847193759904367,-0.41739130434782606,-0.2956521739130435,-0.15434782608695652,16
2924,-0.7434782608695653,0.06521739130434782,-0.8695652173913044,-0.7304347826086957,-0.6695652173913044,16
2925,-0.42282608695652174,0.09956782795134661,-0.5826086956521739,-0.4173913043478261,-0.25869565217391305,16
2926,-0.40869565217391307,0.0794594212282481,-0.5478260869565217,-0.40869565217391307,-0.2717391304347826,16
2927,-0.3021739130434783,0.07527517257904688,-0.41304347826086957,-0.32173913043478264,-0.16086956521739132,16
2928,-0.07826086956521738,0.07249274782840463,-0.21956521739130433,-0.0782608695652174,0.03695652173913043,16
2929,-0.49782608695652175,0.09835605239881408,-0.6391304347826087,-0.4956521739130435,-0.3282608695652174,16
2930,-0.5380434782608696,0.0801625829021404,-0.6739130434782609,-0.5391304347826087,-0.3934782608695652,16
2931,-0.726086956521739,0.06375164477658773,-0.808695652173913,-0.7391304347826086,-0.5978260869565217,16
2932,-0.08152173913043478,0.07611024488320528,-0.23478260869565218,-0.06086956521739131,0.019565217391304346,16
2933,-0.2282608695652174,0.05763945036331675,-0.3326086956521739,-0.22608695652173913,-0.14347826086956522,16
2934,-0.375,0.11641603739096579,-0.5630434782608695,-0.3652173913043478,-0.1760869565217391,16
2935,-0.24782608695652175,0.09594815865527788,-0.44130434782608696,-0.2434782608695652,-0.11956521739130435,16
2936,-0.5760869565217391,0.05829168555561705,-0.6521739130434783,-0.5826086956521739,-0.48043478260869565,16
2937,-0.7,0.07024128009305874,-0.8260869565217391,-0.6956521739130435,-0.5913043478260869,16
2938,-0.18695652173913044,0.09005354424873034,-0.3673913043478261,-0.19130434782608696,-0.03260869565217391,16
2939,-0.4652173913043478,0.07957828355531793,-0.5934782608695652,-0.4608695652173913,-0.31956521739130433,16
2940,-0.49673913043478257,0.06132400239972404,-0.5934782608695652,-0.4956521739130435,-0.3804347826086957,16
2941,-0.35,0.08950082108799522,-0.4717391304347826,-0.3565217391304348,-0.1782608695652174,16
2942,-0.375,0.09273593015126766,-0.5282608695652173,-0.3826086956521739,-0.22391304347826085,16
2943,-0.5771739130434782,0.0703001262479136,-0.691304347826087,-0.5652173913043478,-0.4782608695652174,16
2944,-0.525,0.07371296449211291,-0.6565217391304348,-0.4956521739130435,-0.4326086956521739,16
2945,-0.5543478260869565,0.09261481914843823,-0.6869565217391305,-0.5565217391304347,-0.3521739130434782,16
2946,-0.20652173913043478,0.09700135442314393,-0.3673913043478261,-0.1826086956521739,-0.08478260869565218,16
2947,-0.28804347826086957,0.05848391761875915,-0.3673913043478261,-0.30434782608695654,-0.17173913043478262,16
2948,-0.10217391304347825,0.06266754480608511,-0.1760869565217391,-0.1217391304347826,0.02391304347826087,16
2949,-0.33478260869565213,0.08814406492484042,-0.4956521739130435,-0.33043478260869563,-0.18913043478260871,16
2950,-0.4608695652173913,0.07605589428059087,-0.5826086956521739,-0.4434782608695652,-0.3282608695652174,16
2951,-0.5989130434782609,0.05306084890199532,-0.6978260869565218,-0.6,-0.5304347826086957,16
2952,-0.27717391304347827,0.07873497696293241,-0.40217391304347827,-0.2956521739130435,-0.11521739130434783,16
2953,-0.023913043478260867,0.08223600138859886,-0.15652173913043477,-0.02608695652173913,0.1282608695652174,16
2954,-0.32282608695652176,0.0691478649068214,-0.4369565217391304,-0.33043478260869563,-0.2,16
2955,-0.13695652173913042,0.07798865702022652,-0.2782608695652174,-0.14782608695652172,-0.021739130434782608,16
2956,0.10869565217391305,0.09770523936627927,-0.07826086956521738,0.11304347826086956,0.2673913043478261,16
2957,-0.3760869565217391,0.09503257823649737,-0.5130434782608696,-0.3739130434782609,-0.23043478260869565,16
2958,-0.8010869565217391,0.054985390738877135,-0.8891304347826088,-0.8,-0.7108695652173913,16
2959,-0.0967391304347826,0.06635778317216172,-0.21956521739130433,-0.09565217391304348,0.028260869565217395,16
2960,-0.2184782608695652,0.0864044978000313,-0.3326086956521739,-0.22608695652173913,-0.04565217391304348,16
2961,-0.07173913043478261,0.06871078534469177,-0.1826086956521739,-0.0782608695652174,0.04782608695652174,16
2962,-0.0467391304347826,0.08139119983270882,-0.1934782608695652,-0.02608695652173913,0.06521739130434782,16
2963,-0.27065217391304347,0.06692510556027019,-0.3673913043478261,-0.2782608695652174,-0.15,16
2964,-0.19891304347826086,0.06720697090048135,-0.30217391304347824,-0.20869565217391306,-0.06521739130434782,16
2965,-0.6771739130434782,0.058322080109983965,-0.7565217391304347,-0.6695652173913044,-0.5782608695652174,16
2966,-0.2728260869565218,0.07228873788986002,-0.37826086956521743,-0.2782608695652174,-0.1391304347826087,16
2967,-0.04456521739130434,0.055838258865397054,-0.14130434782608697,-0.043478260869565216,0.03695652173913043,16
2968,-0.33913043478260874,0.05289358721998452,-0.41956521739130437,-0.3391304347826087,-0.23695652173913043,16
2969,-0.5804347826086956,0.060206010539679264,-0.6956521739130435,-0.5826086956521739,-0.4847826086956522,16
2970,0.06956521739130435,0.08180385966185556,-0.08695652173913043,0.0782608695652174,0.19782608695652174,16
2971,-0.4043478260869565,0.10075330631527361,-0.558695652173913,-0.408695652173913,-0.24782608695652175,16
2972,-0.25869565217391305,0.07375302371168424,-0.37826086956521743,-0.26956521739130435,-0.10217391304347827,16
2973,-0.46739130434782605,0.08269446348526188,-0.6043478260869565,-0.4608695652173913,-0.3173913043478261,16
2974,-0.3673913043478261,0.08822445168566533,-0.5391304347826087,-0.3565217391304348,-0.21521739130434783,16
2975,-0.4521739130434783,0.05929644216080807,-0.523913043478261,-0.46956521739130436,-0.3239130434782609,16
2976,-0.3239130434782609,0.09055071999851534,-0.5130434782608695,-0.30434782608695654,-0.17391304347826086,16
2977,-0.12717391304347825,0.05642759718442352,-0.2217391304347826,-0.13043478260869565,-0.05,16
2978,-0.2956521739130435,0.07144207271806514,-0.3847826086956522,-0.30434782608695654,-0.15217391304347827,16
2979,-0.21630434782608696,0.09672691666913394,-0.3565217391304348,-0.2434782608695652,-0.041304347826086954,16
2980,-0.2956521739130435,0.10738338291503018,-0.46956521739130436,-0.30434782608695654,-0.07608695652173914,16
2981,-0.05543478260869565,0.0548993752138017,-0.15652173913043477,-0.06956521739130435,0.043478260869565216,16
2982,-0.3239130434782609,0.07847193759904368,-0.4630434782608696,-0.33043478260869563,-0.1956521739130435,16
2983,-0.33804347826086956,0.06748765902728429,-0.4543478260869565,-0.3565217391304348,-0.21521739130434783,16
2984,-0.42826086956521736,0.1220299321798799,-0.6543478260869565,-0.43478260869565216,-0.23695652173913043,16
2985,-0.0054347826086956555,0.07586146711484452,-0.14782608695652175,0.0,0.11304347826086956,16
2986,-0.3021739130434783,0.0849496681851301,-0.4260869565217391,-0.30434782608695654,-0.17173913043478262,16
2987,-0.23152173913043478,0.09309197232795781,-0.3717391304347826,-0.23478260869565215,-0.08478260869565218,16
2988,-0.2434782608695652,0.10233567213860713,-0.4478260869565217,-0.23478260869565218,-0.0891304347826087,16
2989,-0.30217391304347824,0.058936703094460696,-0.3847826086956522,-0.31304347826086953,-0.20652173913043478,16
2990,-0.23152173913043478,0.0733272825022736,-0.35,-0.2434782608695652,-0.08695652173913043,16
2991,-0.4271739130434783,0.0984701023590467,-0.5695652173913043,-0.4434782608695652,-0.25,16
2992,-0.3760869565217391,0.08223600138859886,-0.5065217391304349,-0.3826086956521739,-0.24782608695652175,16
2993,-0.12391304347826088,0.09342769107367085,-0.26956521739130435,-0.11304347826086956,0.041304347826086954,16
2994,-0.4152173913043478,0.08084501731211761,-0.5413043478260869,-0.43478260869565216,-0.28260869565217395,16
2995,-0.35434782608695653,0.07219879089311138,-0.4782608695652174,-0.3565217391304348,-0.24130434782608695,16
2996,-0.5760869565217391,0.0692588361829304,-0.6739130434782609,-0.5913043478260869,-0.4673913043478261,16
2997,0.14782608695652172,0.07249274782840463,0.021739130434782608,0.17391304347826086,0.23913043478260868,16
2998,-0.37282608695652175,0.09672691666913395,-0.5,-0.391304347826087,-0.1782608695652174,16
2999,-0.7130434782608697,0.07898218315036935,-0.8478260869565217,-0.7130434782608697,-0.567391304347826,16
3000,-0.7184782608695652,0.05403168922450681,-0.7739130434782608,-0.7304347826086957,-0.6065217391304347,16
3001,-0.06739130434782609,0.07061035551700745,-0.16956521739130434,-0.0782608695652174,0.03695652173913043,16
3002,-0.5706521739130435,0.07746424261998622,-0.7065217391304348,-0.5652173913043478,-0.4347826086956522,16
3003,-0.1641304347826087,0.05717639273842352,-0.26304347826086955,-0.16521739130434782,-0.08478260869565218,16
3004,-0.7771739130434783,0.06155476145551204,-0.8608695652173913,-0.7913043478260869,-0.6695652173913044,16
3005,-0.13804347826086955,0.0714338034810772,-0.27391304347826084,-0.13043478260869565,-0.043478260869565216,16
3006,-0.4836956521739131,0.0822000763502375,-0.6043478260869565,-0.5043478260869565,-0.34130434782608693,16
3007,-0.2554347826086957,0.056761614735421344,-0.3326086956521739,-0.26956521739130435,-0.16521739130434782,16
3008,-0.6673913043478261,0.0851719044528684,-0.7739130434782608,-0.6695652173913044,-0.5,16
3009,-0.2054347826086957,0.05791550784677052,-0.30869565217391304,-0.2,-0.10217391304347827,16
3010,-0.717391304347826,0.08397046919925202,-0.8434782608695652,-0.6956521739130435,-0.5847826086956521,16
3011,-0.5249999999999999,0.06783688598534748,-0.6326086956521739,-0.5217391304347827,-0.4108695652173913,16
3012,-0.5184782608695653,0.0463074095742191,-0.5934782608695652,-0.5130434782608696,-0.4434782608695652,16
3013,-0.7021739130434782,0.048755785852186526,-0.7891304347826087,-0.7043478260869566,-0.6152173913043478,16
