execution_mode,configured_num_folds,split_kind,outer_num_folds,test_fold_id,cv_spec_path,experiment_name,experiment_slug,experiment_path,search_name,search_slug,candidate_name,candidate_slug,candidate_index,cv_fold_id,fit_path
cv,7,train_cv,6,1,/orcd/home/002/phevosp/MPLE-Causal-Inference/data/configs/REVISIONS/synth/cv_spec_baselines.yaml,confounding_strong,confounding_strong,/orcd/home/002/phevosp/MPLE-Causal-Inference/experiments/Synthetic/confounding_strong,treatment_split,treatment_split,treatment_split__candidate_0001,treatment_split_candidate_0001,1,1,/orcd/home/002/phevosp/MPLE-Causal-Inference/experiments/Synthetic/confounding_strong/cv_runs_baselines/treatment_split/candidates/treatment_split_candidate_0001/fold_1
cv,7,train_cv,6,1,/orcd/home/002/phevosp/MPLE-Causal-Inference/data/configs/REVISIONS/synth/cv_spec_baselines.yaml,confounding_strong,confounding_strong,/orcd/home/002/phevosp/MPLE-Causal-Inference/experiments/Synthetic/confounding_strong,treatment_split,treatment_split,treatment_split__candidate_0001,treatment_split_candidate_0001,1,2,/orcd/home/002/phevosp/MPLE-Causal-Inference/experiments/Synthetic/confounding_strong/cv_runs_baselines/treatment_split/candidates/treatment_split_candidate_0001/fold_2
cv,7,train_cv,6,1,/orcd/home/002/phevosp/MPLE-Causal-Inference/data/configs/REVISIONS/synth/cv_spec_baselines.yaml,confounding_strong,confounding_strong,/orcd/home/002/phevosp/MPLE-Causal-Inference/experiments/Synthetic/confounding_strong,treatment_split,treatment_split,treatment_split__candidate_0001,treatment_split_candidate_0001,1,3,/orcd/home/002/phevosp/MPLE-Causal-Inference/experiments/Synthetic/confounding_strong/cv_runs_baselines/treatment_split/candidates/treatment_split_candidate_0001/fold_3
cv,7,train_cv,6,1,/orcd/home/002/phevosp/MPLE-Causal-Inference/data/configs/REVISIONS/synth/cv_spec_baselines.yaml,confounding_strong,confounding_strong,/orcd/home/002/phevosp/MPLE-Causal-Inference/experiments/Synthetic/confounding_strong,treatment_split,treatment_split,treatment_split__candidate_0001,treatment_split_candidate_0001,1,4,/orcd/home/002/phevosp/MPLE-Causal-Inference/experiments/Synthetic/confounding_strong/cv_runs_baselines/treatment_split/candidates/treatment_split_candidate_0001/fold_4
cv,7,train_cv,6,1,/orcd/home/002/phevosp/MPLE-Causal-Inference/data/configs/REVISIONS/synth/cv_spec_baselines.yaml,confounding_strong,confounding_strong,/orcd/home/002/phevosp/MPLE-Causal-Inference/experiments/Synthetic/confounding_strong,treatment_split,treatment_split,treatment_split__candidate_0001,treatment_split_candidate_0001,1,5,/orcd/home/002/phevosp/MPLE-Causal-Inference/experiments/Synthetic/confounding_strong/cv_runs_baselines/treatment_split/candidates/treatment_split_candidate_0001/fold_5
cv,7,train_cv,6,1,/orcd/home/002/phevosp/MPLE-Causal-Inference/data/configs/REVISIONS/synth/cv_spec_baselines.yaml,confounding_strong,confounding_strong,/orcd/home/002/phevosp/MPLE-Causal-Inference/experiments/Synthetic/confounding_strong,treatment_split,treatment_split,treatment_split__candidate_0001,treatment_split_candidate_0001,1,6,/orcd/home/002/phevosp/MPLE-Causal-Inference/experiments/Synthetic/confounding_strong/cv_runs_baselines/treatment_split/candidates/treatment_split_candidate_0001/fold_6
cv,7,train_cv,6,1,/orcd/home/002/phevosp/MPLE-Causal-Inference/data/configs/REVISIONS/synth/cv_spec_baselines.yaml,confounding_strong,confounding_strong,/orcd/home/002/phevosp/MPLE-Causal-Inference/experiments/Synthetic/confounding_strong,treatment_split,treatment_split,treatment_split__candidate_0001,treatment_split_candidate_0001,1,7,/orcd/home/002/phevosp/MPLE-Causal-Inference/experiments/Synthetic/confounding_strong/cv_runs_baselines/treatment_split/candidates/treatment_split_candidate_0001/fold_7
cv,7,train_cv,6,1,/orcd/home/002/phevosp/MPLE-Causal-Inference/data/configs/REVISIONS/synth/cv_spec_baselines.yaml,confounding_strong,confounding_strong,/orcd/home/002/phevosp/MPLE-Causal-Inference/experiments/Synthetic/confounding_strong,treatment_split,treatment_split,treatment_split__candidate_0002,treatment_split_candidate_0002,2,1,/orcd/home/002/phevosp/MPLE-Causal-Inference/experiments/Synthetic/confounding_strong/cv_runs_baselines/treatment_split/candidates/treatment_split_candidate_0002/fold_1
cv,7,train_cv,6,1,/orcd/home/002/phevosp/MPLE-Causal-Inference/data/configs/REVISIONS/synth/cv_spec_baselines.yaml,confounding_strong,confounding_strong,/orcd/home/002/phevosp/MPLE-Causal-Inference/experiments/Synthetic/confounding_strong,treatment_split,treatment_split,treatment_split__candidate_0002,treatment_split_candidate_0002,2,2,/orcd/home/002/phevosp/MPLE-Causal-Inference/experiments/Synthetic/confounding_strong/cv_runs_baselines/treatment_split/candidates/treatment_split_candidate_0002/fold_2
cv,7,train_cv,6,1,/orcd/home/002/phevosp/MPLE-Causal-Inference/data/configs/REVISIONS/synth/cv_spec_baselines.yaml,confounding_strong,confounding_strong,/orcd/home/002/phevosp/MPLE-Causal-Inference/experiments/Synthetic/confounding_strong,treatment_split,treatment_split,treatment_split__candidate_0002,treatment_split_candidate_0002,2,3,/orcd/home/002/phevosp/MPLE-Causal-Inference/experiments/Synthetic/confounding_strong/cv_runs_baselines/treatment_split/candidates/treatment_split_candidate_0002/fold_3
cv,7,train_cv,6,1,/orcd/home/002/phevosp/MPLE-Causal-Inference/data/configs/REVISIONS/synth/cv_spec_baselines.yaml,confounding_strong,confounding_strong,/orcd/home/002/phevosp/MPLE-Causal-Inference/experiments/Synthetic/confounding_strong,treatment_split,treatment_split,treatment_split__candidate_0002,treatment_split_candidate_0002,2,4,/orcd/home/002/phevosp/MPLE-Causal-Inference/experiments/Synthetic/confounding_strong/cv_runs_baselines/treatment_split/candidates/treatment_split_candidate_0002/fold_4
cv,7,train_cv,6,1,/orcd/home/002/phevosp/MPLE-Causal-Inference/data/configs/REVISIONS/synth/cv_spec_baselines.yaml,confounding_strong,confounding_strong,/orcd/home/002/phevosp/MPLE-Causal-Inference/experiments/Synthetic/confounding_strong,treatment_split,treatment_split,treatment_split__candidate_0002,treatment_split_candidate_0002,2,5,/orcd/home/002/phevosp/MPLE-Causal-Inference/experiments/Synthetic/confounding_strong/cv_runs_baselines/treatment_split/candidates/treatment_split_candidate_0002/fold_5
cv,7,train_cv,6,1,/orcd/home/002/phevosp/MPLE-Causal-Inference/data/configs/REVISIONS/synth/cv_spec_baselines.yaml,confounding_strong,confounding_strong,/orcd/home/002/phevosp/MPLE-Causal-Inference/experiments/Synthetic/confounding_strong,treatment_split,treatment_split,treatment_split__candidate_0002,treatment_split_candidate_0002,2,6,/orcd/home/002/phevosp/MPLE-Causal-Inference/experiments/Synthetic/confounding_strong/cv_runs_baselines/treatment_split/candidates/treatment_split_candidate_0002/fold_6
cv,7,train_cv,6,1,/orcd/home/002/phevosp/MPLE-Causal-Inference/data/configs/REVISIONS/synth/cv_spec_baselines.yaml,confounding_strong,confounding_strong,/orcd/home/002/phevosp/MPLE-Causal-Inference/experiments/Synthetic/confounding_strong,treatment_split,treatment_split,treatment_split__candidate_0002,treatment_split_candidate_0002,2,7,/orcd/home/002/phevosp/MPLE-Causal-Inference/experiments/Synthetic/confounding_strong/cv_runs_baselines/treatment_split/candidates/treatment_split_candidate_0002/fold_7
cv,7,train_cv,6,1,/orcd/home/002/phevosp/MPLE-Causal-Inference/data/configs/REVISIONS/synth/cv_spec_baselines.yaml,confounding_strong,confounding_strong,/orcd/home/002/phevosp/MPLE-Causal-Inference/experiments/Synthetic/confounding_strong,treatment_split,treatment_split,treatment_split__candidate_0003,treatment_split_candidate_0003,3,1,/orcd/home/002/phevosp/MPLE-Causal-Inference/experiments/Synthetic/confounding_strong/cv_runs_baselines/treatment_split/candidates/treatment_split_candidate_0003/fold_1
cv,7,train_cv,6,1,/orcd/home/002/phevosp/MPLE-Causal-Inference/data/configs/REVISIONS/synth/cv_spec_baselines.yaml,confounding_strong,confounding_strong,/orcd/home/002/phevosp/MPLE-Causal-Inference/experiments/Synthetic/confounding_strong,treatment_split,treatment_split,treatment_split__candidate_0003,treatment_split_candidate_0003,3,2,/orcd/home/002/phevosp/MPLE-Causal-Inference/experiments/Synthetic/confounding_strong/cv_runs_baselines/treatment_split/candidates/treatment_split_candidate_0003/fold_2
cv,7,train_cv,6,1,/orcd/home/002/phevosp/MPLE-Causal-Inference/data/configs/REVISIONS/synth/cv_spec_baselines.yaml,confounding_strong,confounding_strong,/orcd/home/002/phevosp/MPLE-Causal-Inference/experiments/Synthetic/confounding_strong,treatment_split,treatment_split,treatment_split__candidate_0003,treatment_split_candidate_0003,3,3,/orcd/home/002/phevosp/MPLE-Causal-Inference/experiments/Synthetic/confounding_strong/cv_runs_baselines/treatment_split/candidates/treatment_split_candidate_0003/fold_3
cv,7,train_cv,6,1,/orcd/home/002/phevosp/MPLE-Causal-Inference/data/configs/REVISIONS/synth/cv_spec_baselines.yaml,confounding_strong,confounding_strong,/orcd/home/002/phevosp/MPLE-Causal-Inference/experiments/Synthetic/confounding_strong,treatment_split,treatment_split,treatment_split__candidate_0003,treatment_split_candidate_0003,3,4,/orcd/home/002/phevosp/MPLE-Causal-Inference/experiments/Synthetic/confounding_strong/cv_runs_baselines/treatment_split/candidates/treatment_split_candidate_0003/fold_4
cv,7,train_cv,6,1,/orcd/home/002/phevosp/MPLE-Causal-Inference/data/configs/REVISIONS/synth/cv_spec_baselines.yaml,confounding_strong,confounding_strong,/orcd/home/002/phevosp/MPLE-Causal-Inference/experiments/Synthetic/confounding_strong,treatment_split,treatment_split,treatment_split__candidate_0003,treatment_split_candidate_0003,3,5,/orcd/home/002/phevosp/MPLE-Causal-Inference/experiments/Synthetic/confounding_strong/cv_runs_baselines/treatment_split/candidates/treatment_split_candidate_0003/fold_5
cv,7,train_cv,6,1,/orcd/home/002/phevosp/MPLE-Causal-Inference/data/configs/REVISIONS/synth/cv_spec_baselines.yaml,confounding_strong,confounding_strong,/orcd/home/002/phevosp/MPLE-Causal-Inference/experiments/Synthetic/confounding_strong,treatment_split,treatment_split,treatment_split__candidate_0003,treatment_split_candidate_0003,3,6,/orcd/home/002/phevosp/MPLE-Causal-Inference/experiments/Synthetic/confounding_strong/cv_runs_baselines/treatment_split/candidates/treatment_split_candidate_0003/fold_6
cv,7,train_cv,6,1,/orcd/home/002/phevosp/MPLE-Causal-Inference/data/configs/REVISIONS/synth/cv_spec_baselines.yaml,confounding_strong,confounding_strong,/orcd/home/002/phevosp/MPLE-Causal-Inference/experiments/Synthetic/confounding_strong,treatment_split,treatment_split,treatment_split__candidate_0003,treatment_split_candidate_0003,3,7,/orcd/home/002/phevosp/MPLE-Causal-Inference/experiments/Synthetic/confounding_strong/cv_runs_baselines/treatment_split/candidates/treatment_split_candidate_0003/fold_7
cv,7,train_cv,6,1,/orcd/home/002/phevosp/MPLE-Causal-Inference/data/configs/REVISIONS/synth/cv_spec_baselines.yaml,confounding_strong,confounding_strong,/orcd/home/002/phevosp/MPLE-Causal-Inference/experiments/Synthetic/confounding_strong,treatment_split,treatment_split,treatment_split__candidate_0004,treatment_split_candidate_0004,4,1,/orcd/home/002/phevosp/MPLE-Causal-Inference/experiments/Synthetic/confounding_strong/cv_runs_baselines/treatment_split/candidates/treatment_split_candidate_0004/fold_1
cv,7,train_cv,6,1,/orcd/home/002/phevosp/MPLE-Causal-Inference/data/configs/REVISIONS/synth/cv_spec_baselines.yaml,confounding_strong,confounding_strong,/orcd/home/002/phevosp/MPLE-Causal-Inference/experiments/Synthetic/confounding_strong,treatment_split,treatment_split,treatment_split__candidate_0004,treatment_split_candidate_0004,4,2,/orcd/home/002/phevosp/MPLE-Causal-Inference/experiments/Synthetic/confounding_strong/cv_runs_baselines/treatment_split/candidates/treatment_split_candidate_0004/fold_2
cv,7,train_cv,6,1,/orcd/home/002/phevosp/MPLE-Causal-Inference/data/configs/REVISIONS/synth/cv_spec_baselines.yaml,confounding_strong,confounding_strong,/orcd/home/002/phevosp/MPLE-Causal-Inference/experiments/Synthetic/confounding_strong,treatment_split,treatment_split,treatment_split__candidate_0004,treatment_split_candidate_0004,4,3,/orcd/home/002/phevosp/MPLE-Causal-Inference/experiments/Synthetic/confounding_strong/cv_runs_baselines/treatment_split/candidates/treatment_split_candidate_0004/fold_3
cv,7,train_cv,6,1,/orcd/home/002/phevosp/MPLE-Causal-Inference/data/configs/REVISIONS/synth/cv_spec_baselines.yaml,confounding_strong,confounding_strong,/orcd/home/002/phevosp/MPLE-Causal-Inference/experiments/Synthetic/confounding_strong,treatment_split,treatment_split,treatment_split__candidate_0004,treatment_split_candidate_0004,4,4,/orcd/home/002/phevosp/MPLE-Causal-Inference/experiments/Synthetic/confounding_strong/cv_runs_baselines/treatment_split/candidates/treatment_split_candidate_0004/fold_4
cv,7,train_cv,6,1,/orcd/home/002/phevosp/MPLE-Causal-Inference/data/configs/REVISIONS/synth/cv_spec_baselines.yaml,confounding_strong,confounding_strong,/orcd/home/002/phevosp/MPLE-Causal-Inference/experiments/Synthetic/confounding_strong,treatment_split,treatment_split,treatment_split__candidate_0004,treatment_split_candidate_0004,4,5,/orcd/home/002/phevosp/MPLE-Causal-Inference/experiments/Synthetic/confounding_strong/cv_runs_baselines/treatment_split/candidates/treatment_split_candidate_0004/fold_5
cv,7,train_cv,6,1,/orcd/home/002/phevosp/MPLE-Causal-Inference/data/configs/REVISIONS/synth/cv_spec_baselines.yaml,confounding_strong,confounding_strong,/orcd/home/002/phevosp/MPLE-Causal-Inference/experiments/Synthetic/confounding_strong,treatment_split,treatment_split,treatment_split__candidate_0004,treatment_split_candidate_0004,4,6,/orcd/home/002/phevosp/MPLE-Causal-Inference/experiments/Synthetic/confounding_strong/cv_runs_baselines/treatment_split/candidates/treatment_split_candidate_0004/fold_6
cv,7,train_cv,6,1,/orcd/home/002/phevosp/MPLE-Causal-Inference/data/configs/REVISIONS/synth/cv_spec_baselines.yaml,confounding_strong,confounding_strong,/orcd/home/002/phevosp/MPLE-Causal-Inference/experiments/Synthetic/confounding_strong,treatment_split,treatment_split,treatment_split__candidate_0004,treatment_split_candidate_0004,4,7,/orcd/home/002/phevosp/MPLE-Causal-Inference/experiments/Synthetic/confounding_strong/cv_runs_baselines/treatment_split/candidates/treatment_split_candidate_0004/fold_7
cv,7,train_cv,6,1,/orcd/home/002/phevosp/MPLE-Causal-Inference/data/configs/REVISIONS/synth/cv_spec_baselines.yaml,confounding_strong,confounding_strong,/orcd/home/002/phevosp/MPLE-Causal-Inference/experiments/Synthetic/confounding_strong,treatment_split,treatment_split,treatment_split__candidate_0005,treatment_split_candidate_0005,5,1,/orcd/home/002/phevosp/MPLE-Causal-Inference/experiments/Synthetic/confounding_strong/cv_runs_baselines/treatment_split/candidates/treatment_split_candidate_0005/fold_1
cv,7,train_cv,6,1,/orcd/home/002/phevosp/MPLE-Causal-Inference/data/configs/REVISIONS/synth/cv_spec_baselines.yaml,confounding_strong,confounding_strong,/orcd/home/002/phevosp/MPLE-Causal-Inference/experiments/Synthetic/confounding_strong,treatment_split,treatment_split,treatment_split__candidate_0005,treatment_split_candidate_0005,5,2,/orcd/home/002/phevosp/MPLE-Causal-Inference/experiments/Synthetic/confounding_strong/cv_runs_baselines/treatment_split/candidates/treatment_split_candidate_0005/fold_2
cv,7,train_cv,6,1,/orcd/home/002/phevosp/MPLE-Causal-Inference/data/configs/REVISIONS/synth/cv_spec_baselines.yaml,confounding_strong,confounding_strong,/orcd/home/002/phevosp/MPLE-Causal-Inference/experiments/Synthetic/confounding_strong,treatment_split,treatment_split,treatment_split__candidate_0005,treatment_split_candidate_0005,5,3,/orcd/home/002/phevosp/MPLE-Causal-Inference/experiments/Synthetic/confounding_strong/cv_runs_baselines/treatment_split/candidates/treatment_split_candidate_0005/fold_3
cv,7,train_cv,6,1,/orcd/home/002/phevosp/MPLE-Causal-Inference/data/configs/REVISIONS/synth/cv_spec_baselines.yaml,confounding_strong,confounding_strong,/orcd/home/002/phevosp/MPLE-Causal-Inference/experiments/Synthetic/confounding_strong,treatment_split,treatment_split,treatment_split__candidate_0005,treatment_split_candidate_0005,5,4,/orcd/home/002/phevosp/MPLE-Causal-Inference/experiments/Synthetic/confounding_strong/cv_runs_baselines/treatment_split/candidates/treatment_split_candidate_0005/fold_4
cv,7,train_cv,6,1,/orcd/home/002/phevosp/MPLE-Causal-Inference/data/configs/REVISIONS/synth/cv_spec_baselines.yaml,confounding_strong,confounding_strong,/orcd/home/002/phevosp/MPLE-Causal-Inference/experiments/Synthetic/confounding_strong,treatment_split,treatment_split,treatment_split__candidate_0005,treatment_split_candidate_0005,5,5,/orcd/home/002/phevosp/MPLE-Causal-Inference/experiments/Synthetic/confounding_strong/cv_runs_baselines/treatment_split/candidates/treatment_split_candidate_0005/fold_5
cv,7,train_cv,6,1,/orcd/home/002/phevosp/MPLE-Causal-Inference/data/configs/REVISIONS/synth/cv_spec_baselines.yaml,confounding_strong,confounding_strong,/orcd/home/002/phevosp/MPLE-Causal-Inference/experiments/Synthetic/confounding_strong,treatment_split,treatment_split,treatment_split__candidate_0005,treatment_split_candidate_0005,5,6,/orcd/home/002/phevosp/MPLE-Causal-Inference/experiments/Synthetic/confounding_strong/cv_runs_baselines/treatment_split/candidates/treatment_split_candidate_0005/fold_6
cv,7,train_cv,6,1,/orcd/home/002/phevosp/MPLE-Causal-Inference/data/configs/REVISIONS/synth/cv_spec_baselines.yaml,confounding_strong,confounding_strong,/orcd/home/002/phevosp/MPLE-Causal-Inference/experiments/Synthetic/confounding_strong,treatment_split,treatment_split,treatment_split__candidate_0005,treatment_split_candidate_0005,5,7,/orcd/home/002/phevosp/MPLE-Causal-Inference/experiments/Synthetic/confounding_strong/cv_runs_baselines/treatment_split/candidates/treatment_split_candidate_0005/fold_7
cv,7,train_cv,6,1,/orcd/home/002/phevosp/MPLE-Causal-Inference/data/configs/REVISIONS/synth/cv_spec_baselines.yaml,confounding_strong,confounding_strong,/orcd/home/002/phevosp/MPLE-Causal-Inference/experiments/Synthetic/confounding_strong,treatment_split,treatment_split,treatment_split__candidate_0006,treatment_split_candidate_0006,6,1,/orcd/home/002/phevosp/MPLE-Causal-Inference/experiments/Synthetic/confounding_strong/cv_runs_baselines/treatment_split/candidates/treatment_split_candidate_0006/fold_1
cv,7,train_cv,6,1,/orcd/home/002/phevosp/MPLE-Causal-Inference/data/configs/REVISIONS/synth/cv_spec_baselines.yaml,confounding_strong,confounding_strong,/orcd/home/002/phevosp/MPLE-Causal-Inference/experiments/Synthetic/confounding_strong,treatment_split,treatment_split,treatment_split__candidate_0006,treatment_split_candidate_0006,6,2,/orcd/home/002/phevosp/MPLE-Causal-Inference/experiments/Synthetic/confounding_strong/cv_runs_baselines/treatment_split/candidates/treatment_split_candidate_0006/fold_2
cv,7,train_cv,6,1,/orcd/home/002/phevosp/MPLE-Causal-Inference/data/configs/REVISIONS/synth/cv_spec_baselines.yaml,confounding_strong,confounding_strong,/orcd/home/002/phevosp/MPLE-Causal-Inference/experiments/Synthetic/confounding_strong,treatment_split,treatment_split,treatment_split__candidate_0006,treatment_split_candidate_0006,6,3,/orcd/home/002/phevosp/MPLE-Causal-Inference/experiments/Synthetic/confounding_strong/cv_runs_baselines/treatment_split/candidates/treatment_split_candidate_0006/fold_3
cv,7,train_cv,6,1,/orcd/home/002/phevosp/MPLE-Causal-Inference/data/configs/REVISIONS/synth/cv_spec_baselines.yaml,confounding_strong,confounding_strong,/orcd/home/002/phevosp/MPLE-Causal-Inference/experiments/Synthetic/confounding_strong,treatment_split,treatment_split,treatment_split__candidate_0006,treatment_split_candidate_0006,6,4,/orcd/home/002/phevosp/MPLE-Causal-Inference/experiments/Synthetic/confounding_strong/cv_runs_baselines/treatment_split/candidates/treatment_split_candidate_0006/fold_4
cv,7,train_cv,6,1,/orcd/home/002/phevosp/MPLE-Causal-Inference/data/configs/REVISIONS/synth/cv_spec_baselines.yaml,confounding_strong,confounding_strong,/orcd/home/002/phevosp/MPLE-Causal-Inference/experiments/Synthetic/confounding_strong,treatment_split,treatment_split,treatment_split__candidate_0006,treatment_split_candidate_0006,6,5,/orcd/home/002/phevosp/MPLE-Causal-Inference/experiments/Synthetic/confounding_strong/cv_runs_baselines/treatment_split/candidates/treatment_split_candidate_0006/fold_5
cv,7,train_cv,6,1,/orcd/home/002/phevosp/MPLE-Causal-Inference/data/configs/REVISIONS/synth/cv_spec_baselines.yaml,confounding_strong,confounding_strong,/orcd/home/002/phevosp/MPLE-Causal-Inference/experiments/Synthetic/confounding_strong,treatment_split,treatment_split,treatment_split__candidate_0006,treatment_split_candidate_0006,6,6,/orcd/home/002/phevosp/MPLE-Causal-Inference/experiments/Synthetic/confounding_strong/cv_runs_baselines/treatment_split/candidates/treatment_split_candidate_0006/fold_6
cv,7,train_cv,6,1,/orcd/home/002/phevosp/MPLE-Causal-Inference/data/configs/REVISIONS/synth/cv_spec_baselines.yaml,confounding_strong,confounding_strong,/orcd/home/002/phevosp/MPLE-Causal-Inference/experiments/Synthetic/confounding_strong,treatment_split,treatment_split,treatment_split__candidate_0006,treatment_split_candidate_0006,6,7,/orcd/home/002/phevosp/MPLE-Causal-Inference/experiments/Synthetic/confounding_strong/cv_runs_baselines/treatment_split/candidates/treatment_split_candidate_0006/fold_7
cv,7,train_cv,6,1,/orcd/home/002/phevosp/MPLE-Causal-Inference/data/configs/REVISIONS/synth/cv_spec_baselines.yaml,confounding_strong,confounding_strong,/orcd/home/002/phevosp/MPLE-Causal-Inference/experiments/Synthetic/confounding_strong,treatment_split,treatment_split,treatment_split__candidate_0007,treatment_split_candidate_0007,7,1,/orcd/home/002/phevosp/MPLE-Causal-Inference/experiments/Synthetic/confounding_strong/cv_runs_baselines/treatment_split/candidates/treatment_split_candidate_0007/fold_1
cv,7,train_cv,6,1,/orcd/home/002/phevosp/MPLE-Causal-Inference/data/configs/REVISIONS/synth/cv_spec_baselines.yaml,confounding_strong,confounding_strong,/orcd/home/002/phevosp/MPLE-Causal-Inference/experiments/Synthetic/confounding_strong,treatment_split,treatment_split,treatment_split__candidate_0007,treatment_split_candidate_0007,7,2,/orcd/home/002/phevosp/MPLE-Causal-Inference/experiments/Synthetic/confounding_strong/cv_runs_baselines/treatment_split/candidates/treatment_split_candidate_0007/fold_2
cv,7,train_cv,6,1,/orcd/home/002/phevosp/MPLE-Causal-Inference/data/configs/REVISIONS/synth/cv_spec_baselines.yaml,confounding_strong,confounding_strong,/orcd/home/002/phevosp/MPLE-Causal-Inference/experiments/Synthetic/confounding_strong,treatment_split,treatment_split,treatment_split__candidate_0007,treatment_split_candidate_0007,7,3,/orcd/home/002/phevosp/MPLE-Causal-Inference/experiments/Synthetic/confounding_strong/cv_runs_baselines/treatment_split/candidates/treatment_split_candidate_0007/fold_3
cv,7,train_cv,6,1,/orcd/home/002/phevosp/MPLE-Causal-Inference/data/configs/REVISIONS/synth/cv_spec_baselines.yaml,confounding_strong,confounding_strong,/orcd/home/002/phevosp/MPLE-Causal-Inference/experiments/Synthetic/confounding_strong,treatment_split,treatment_split,treatment_split__candidate_0007,treatment_split_candidate_0007,7,4,/orcd/home/002/phevosp/MPLE-Causal-Inference/experiments/Synthetic/confounding_strong/cv_runs_baselines/treatment_split/candidates/treatment_split_candidate_0007/fold_4
cv,7,train_cv,6,1,/orcd/home/002/phevosp/MPLE-Causal-Inference/data/configs/REVISIONS/synth/cv_spec_baselines.yaml,confounding_strong,confounding_strong,/orcd/home/002/phevosp/MPLE-Causal-Inference/experiments/Synthetic/confounding_strong,treatment_split,treatment_split,treatment_split__candidate_0007,treatment_split_candidate_0007,7,5,/orcd/home/002/phevosp/MPLE-Causal-Inference/experiments/Synthetic/confounding_strong/cv_runs_baselines/treatment_split/candidates/treatment_split_candidate_0007/fold_5
cv,7,train_cv,6,1,/orcd/home/002/phevosp/MPLE-Causal-Inference/data/configs/REVISIONS/synth/cv_spec_baselines.yaml,confounding_strong,confounding_strong,/orcd/home/002/phevosp/MPLE-Causal-Inference/experiments/Synthetic/confounding_strong,treatment_split,treatment_split,treatment_split__candidate_0007,treatment_split_candidate_0007,7,6,/orcd/home/002/phevosp/MPLE-Causal-Inference/experiments/Synthetic/confounding_strong/cv_runs_baselines/treatment_split/candidates/treatment_split_candidate_0007/fold_6
cv,7,train_cv,6,1,/orcd/home/002/phevosp/MPLE-Causal-Inference/data/configs/REVISIONS/synth/cv_spec_baselines.yaml,confounding_strong,confounding_strong,/orcd/home/002/phevosp/MPLE-Causal-Inference/experiments/Synthetic/confounding_strong,treatment_split,treatment_split,treatment_split__candidate_0007,treatment_split_candidate_0007,7,7,/orcd/home/002/phevosp/MPLE-Causal-Inference/experiments/Synthetic/confounding_strong/cv_runs_baselines/treatment_split/candidates/treatment_split_candidate_0007/fold_7
cv,7,train_cv,6,1,/orcd/home/002/phevosp/MPLE-Causal-Inference/data/configs/REVISIONS/synth/cv_spec_baselines.yaml,confounding_strong,confounding_strong,/orcd/home/002/phevosp/MPLE-Causal-Inference/experiments/Synthetic/confounding_strong,treatment_split,treatment_split,treatment_split__candidate_0008,treatment_split_candidate_0008,8,1,/orcd/home/002/phevosp/MPLE-Causal-Inference/experiments/Synthetic/confounding_strong/cv_runs_baselines/treatment_split/candidates/treatment_split_candidate_0008/fold_1
cv,7,train_cv,6,1,/orcd/home/002/phevosp/MPLE-Causal-Inference/data/configs/REVISIONS/synth/cv_spec_baselines.yaml,confounding_strong,confounding_strong,/orcd/home/002/phevosp/MPLE-Causal-Inference/experiments/Synthetic/confounding_strong,treatment_split,treatment_split,treatment_split__candidate_0008,treatment_split_candidate_0008,8,2,/orcd/home/002/phevosp/MPLE-Causal-Inference/experiments/Synthetic/confounding_strong/cv_runs_baselines/treatment_split/candidates/treatment_split_candidate_0008/fold_2
cv,7,train_cv,6,1,/orcd/home/002/phevosp/MPLE-Causal-Inference/data/configs/REVISIONS/synth/cv_spec_baselines.yaml,confounding_strong,confounding_strong,/orcd/home/002/phevosp/MPLE-Causal-Inference/experiments/Synthetic/confounding_strong,treatment_split,treatment_split,treatment_split__candidate_0008,treatment_split_candidate_0008,8,3,/orcd/home/002/phevosp/MPLE-Causal-Inference/experiments/Synthetic/confounding_strong/cv_runs_baselines/treatment_split/candidates/treatment_split_candidate_0008/fold_3
cv,7,train_cv,6,1,/orcd/home/002/phevosp/MPLE-Causal-Inference/data/configs/REVISIONS/synth/cv_spec_baselines.yaml,confounding_strong,confounding_strong,/orcd/home/002/phevosp/MPLE-Causal-Inference/experiments/Synthetic/confounding_strong,treatment_split,treatment_split,treatment_split__candidate_0008,treatment_split_candidate_0008,8,4,/orcd/home/002/phevosp/MPLE-Causal-Inference/experiments/Synthetic/confounding_strong/cv_runs_baselines/treatment_split/candidates/treatment_split_candidate_0008/fold_4
cv,7,train_cv,6,1,/orcd/home/002/phevosp/MPLE-Causal-Inference/data/configs/REVISIONS/synth/cv_spec_baselines.yaml,confounding_strong,confounding_strong,/orcd/home/002/phevosp/MPLE-Causal-Inference/experiments/Synthetic/confounding_strong,treatment_split,treatment_split,treatment_split__candidate_0008,treatment_split_candidate_0008,8,5,/orcd/home/002/phevosp/MPLE-Causal-Inference/experiments/Synthetic/confounding_strong/cv_runs_baselines/treatment_split/candidates/treatment_split_candidate_0008/fold_5
cv,7,train_cv,6,1,/orcd/home/002/phevosp/MPLE-Causal-Inference/data/configs/REVISIONS/synth/cv_spec_baselines.yaml,confounding_strong,confounding_strong,/orcd/home/002/phevosp/MPLE-Causal-Inference/experiments/Synthetic/confounding_strong,treatment_split,treatment_split,treatment_split__candidate_0008,treatment_split_candidate_0008,8,6,/orcd/home/002/phevosp/MPLE-Causal-Inference/experiments/Synthetic/confounding_strong/cv_runs_baselines/treatment_split/candidates/treatment_split_candidate_0008/fold_6
cv,7,train_cv,6,1,/orcd/home/002/phevosp/MPLE-Causal-Inference/data/configs/REVISIONS/synth/cv_spec_baselines.yaml,confounding_strong,confounding_strong,/orcd/home/002/phevosp/MPLE-Causal-Inference/experiments/Synthetic/confounding_strong,treatment_split,treatment_split,treatment_split__candidate_0008,treatment_split_candidate_0008,8,7,/orcd/home/002/phevosp/MPLE-Causal-Inference/experiments/Synthetic/confounding_strong/cv_runs_baselines/treatment_split/candidates/treatment_split_candidate_0008/fold_7
cv,7,train_cv,6,1,/orcd/home/002/phevosp/MPLE-Causal-Inference/data/configs/REVISIONS/synth/cv_spec_baselines.yaml,confounding_strong,confounding_strong,/orcd/home/002/phevosp/MPLE-Causal-Inference/experiments/Synthetic/confounding_strong,treatment_split,treatment_split,treatment_split__candidate_0009,treatment_split_candidate_0009,9,1,/orcd/home/002/phevosp/MPLE-Causal-Inference/experiments/Synthetic/confounding_strong/cv_runs_baselines/treatment_split/candidates/treatment_split_candidate_0009/fold_1
cv,7,train_cv,6,1,/orcd/home/002/phevosp/MPLE-Causal-Inference/data/configs/REVISIONS/synth/cv_spec_baselines.yaml,confounding_strong,confounding_strong,/orcd/home/002/phevosp/MPLE-Causal-Inference/experiments/Synthetic/confounding_strong,treatment_split,treatment_split,treatment_split__candidate_0009,treatment_split_candidate_0009,9,2,/orcd/home/002/phevosp/MPLE-Causal-Inference/experiments/Synthetic/confounding_strong/cv_runs_baselines/treatment_split/candidates/treatment_split_candidate_0009/fold_2
cv,7,train_cv,6,1,/orcd/home/002/phevosp/MPLE-Causal-Inference/data/configs/REVISIONS/synth/cv_spec_baselines.yaml,confounding_strong,confounding_strong,/orcd/home/002/phevosp/MPLE-Causal-Inference/experiments/Synthetic/confounding_strong,treatment_split,treatment_split,treatment_split__candidate_0009,treatment_split_candidate_0009,9,3,/orcd/home/002/phevosp/MPLE-Causal-Inference/experiments/Synthetic/confounding_strong/cv_runs_baselines/treatment_split/candidates/treatment_split_candidate_0009/fold_3
cv,7,train_cv,6,1,/orcd/home/002/phevosp/MPLE-Causal-Inference/data/configs/REVISIONS/synth/cv_spec_baselines.yaml,confounding_strong,confounding_strong,/orcd/home/002/phevosp/MPLE-Causal-Inference/experiments/Synthetic/confounding_strong,treatment_split,treatment_split,treatment_split__candidate_0009,treatment_split_candidate_0009,9,4,/orcd/home/002/phevosp/MPLE-Causal-Inference/experiments/Synthetic/confounding_strong/cv_runs_baselines/treatment_split/candidates/treatment_split_candidate_0009/fold_4
cv,7,train_cv,6,1,/orcd/home/002/phevosp/MPLE-Causal-Inference/data/configs/REVISIONS/synth/cv_spec_baselines.yaml,confounding_strong,confounding_strong,/orcd/home/002/phevosp/MPLE-Causal-Inference/experiments/Synthetic/confounding_strong,treatment_split,treatment_split,treatment_split__candidate_0009,treatment_split_candidate_0009,9,5,/orcd/home/002/phevosp/MPLE-Causal-Inference/experiments/Synthetic/confounding_strong/cv_runs_baselines/treatment_split/candidates/treatment_split_candidate_0009/fold_5
cv,7,train_cv,6,1,/orcd/home/002/phevosp/MPLE-Causal-Inference/data/configs/REVISIONS/synth/cv_spec_baselines.yaml,confounding_strong,confounding_strong,/orcd/home/002/phevosp/MPLE-Causal-Inference/experiments/Synthetic/confounding_strong,treatment_split,treatment_split,treatment_split__candidate_0009,treatment_split_candidate_0009,9,6,/orcd/home/002/phevosp/MPLE-Causal-Inference/experiments/Synthetic/confounding_strong/cv_runs_baselines/treatment_split/candidates/treatment_split_candidate_0009/fold_6
cv,7,train_cv,6,1,/orcd/home/002/phevosp/MPLE-Causal-Inference/data/configs/REVISIONS/synth/cv_spec_baselines.yaml,confounding_strong,confounding_strong,/orcd/home/002/phevosp/MPLE-Causal-Inference/experiments/Synthetic/confounding_strong,treatment_split,treatment_split,treatment_split__candidate_0009,treatment_split_candidate_0009,9,7,/orcd/home/002/phevosp/MPLE-Causal-Inference/experiments/Synthetic/confounding_strong/cv_runs_baselines/treatment_split/candidates/treatment_split_candidate_0009/fold_7
cv,7,train_cv,6,1,/orcd/home/002/phevosp/MPLE-Causal-Inference/data/configs/REVISIONS/synth/cv_spec_baselines.yaml,confounding_strong,confounding_strong,/orcd/home/002/phevosp/MPLE-Causal-Inference/experiments/Synthetic/confounding_strong,treatment_split,treatment_split,treatment_split__candidate_0010,treatment_split_candidate_0010,10,1,/orcd/home/002/phevosp/MPLE-Causal-Inference/experiments/Synthetic/confounding_strong/cv_runs_baselines/treatment_split/candidates/treatment_split_candidate_0010/fold_1
cv,7,train_cv,6,1,/orcd/home/002/phevosp/MPLE-Causal-Inference/data/configs/REVISIONS/synth/cv_spec_baselines.yaml,confounding_strong,confounding_strong,/orcd/home/002/phevosp/MPLE-Causal-Inference/experiments/Synthetic/confounding_strong,treatment_split,treatment_split,treatment_split__candidate_0010,treatment_split_candidate_0010,10,2,/orcd/home/002/phevosp/MPLE-Causal-Inference/experiments/Synthetic/confounding_strong/cv_runs_baselines/treatment_split/candidates/treatment_split_candidate_0010/fold_2
cv,7,train_cv,6,1,/orcd/home/002/phevosp/MPLE-Causal-Inference/data/configs/REVISIONS/synth/cv_spec_baselines.yaml,confounding_strong,confounding_strong,/orcd/home/002/phevosp/MPLE-Causal-Inference/experiments/Synthetic/confounding_strong,treatment_split,treatment_split,treatment_split__candidate_0010,treatment_split_candidate_0010,10,3,/orcd/home/002/phevosp/MPLE-Causal-Inference/experiments/Synthetic/confounding_strong/cv_runs_baselines/treatment_split/candidates/treatment_split_candidate_0010/fold_3
cv,7,train_cv,6,1,/orcd/home/002/phevosp/MPLE-Causal-Inference/data/configs/REVISIONS/synth/cv_spec_baselines.yaml,confounding_strong,confounding_strong,/orcd/home/002/phevosp/MPLE-Causal-Inference/experiments/Synthetic/confounding_strong,treatment_split,treatment_split,treatment_split__candidate_0010,treatment_split_candidate_0010,10,4,/orcd/home/002/phevosp/MPLE-Causal-Inference/experiments/Synthetic/confounding_strong/cv_runs_baselines/treatment_split/candidates/treatment_split_candidate_0010/fold_4
cv,7,train_cv,6,1,/orcd/home/002/phevosp/MPLE-Causal-Inference/data/configs/REVISIONS/synth/cv_spec_baselines.yaml,confounding_strong,confounding_strong,/orcd/home/002/phevosp/MPLE-Causal-Inference/experiments/Synthetic/confounding_strong,treatment_split,treatment_split,treatment_split__candidate_0010,treatment_split_candidate_0010,10,5,/orcd/home/002/phevosp/MPLE-Causal-Inference/experiments/Synthetic/confounding_strong/cv_runs_baselines/treatment_split/candidates/treatment_split_candidate_0010/fold_5
cv,7,train_cv,6,1,/orcd/home/002/phevosp/MPLE-Causal-Inference/data/configs/REVISIONS/synth/cv_spec_baselines.yaml,confounding_strong,confounding_strong,/orcd/home/002/phevosp/MPLE-Causal-Inference/experiments/Synthetic/confounding_strong,treatment_split,treatment_split,treatment_split__candidate_0010,treatment_split_candidate_0010,10,6,/orcd/home/002/phevosp/MPLE-Causal-Inference/experiments/Synthetic/confounding_strong/cv_runs_baselines/treatment_split/candidates/treatment_split_candidate_0010/fold_6
cv,7,train_cv,6,1,/orcd/home/002/phevosp/MPLE-Causal-Inference/data/configs/REVISIONS/synth/cv_spec_baselines.yaml,confounding_strong,confounding_strong,/orcd/home/002/phevosp/MPLE-Causal-Inference/experiments/Synthetic/confounding_strong,treatment_split,treatment_split,treatment_split__candidate_0010,treatment_split_candidate_0010,10,7,/orcd/home/002/phevosp/MPLE-Causal-Inference/experiments/Synthetic/confounding_strong/cv_runs_baselines/treatment_split/candidates/treatment_split_candidate_0010/fold_7
cv,7,train_cv,6,1,/orcd/home/002/phevosp/MPLE-Causal-Inference/data/configs/REVISIONS/synth/cv_spec_baselines.yaml,confounding_strong,confounding_strong,/orcd/home/002/phevosp/MPLE-Causal-Inference/experiments/Synthetic/confounding_strong,treatment_split,treatment_split,treatment_split__candidate_0011,treatment_split_candidate_0011,11,1,/orcd/home/002/phevosp/MPLE-Causal-Inference/experiments/Synthetic/confounding_strong/cv_runs_baselines/treatment_split/candidates/treatment_split_candidate_0011/fold_1
cv,7,train_cv,6,1,/orcd/home/002/phevosp/MPLE-Causal-Inference/data/configs/REVISIONS/synth/cv_spec_baselines.yaml,confounding_strong,confounding_strong,/orcd/home/002/phevosp/MPLE-Causal-Inference/experiments/Synthetic/confounding_strong,treatment_split,treatment_split,treatment_split__candidate_0011,treatment_split_candidate_0011,11,2,/orcd/home/002/phevosp/MPLE-Causal-Inference/experiments/Synthetic/confounding_strong/cv_runs_baselines/treatment_split/candidates/treatment_split_candidate_0011/fold_2
cv,7,train_cv,6,1,/orcd/home/002/phevosp/MPLE-Causal-Inference/data/configs/REVISIONS/synth/cv_spec_baselines.yaml,confounding_strong,confounding_strong,/orcd/home/002/phevosp/MPLE-Causal-Inference/experiments/Synthetic/confounding_strong,treatment_split,treatment_split,treatment_split__candidate_0011,treatment_split_candidate_0011,11,3,/orcd/home/002/phevosp/MPLE-Causal-Inference/experiments/Synthetic/confounding_strong/cv_runs_baselines/treatment_split/candidates/treatment_split_candidate_0011/fold_3
cv,7,train_cv,6,1,/orcd/home/002/phevosp/MPLE-Causal-Inference/data/configs/REVISIONS/synth/cv_spec_baselines.yaml,confounding_strong,confounding_strong,/orcd/home/002/phevosp/MPLE-Causal-Inference/experiments/Synthetic/confounding_strong,treatment_split,treatment_split,treatment_split__candidate_0011,treatment_split_candidate_0011,11,4,/orcd/home/002/phevosp/MPLE-Causal-Inference/experiments/Synthetic/confounding_strong/cv_runs_baselines/treatment_split/candidates/treatment_split_candidate_0011/fold_4
cv,7,train_cv,6,1,/orcd/home/002/phevosp/MPLE-Causal-Inference/data/configs/REVISIONS/synth/cv_spec_baselines.yaml,confounding_strong,confounding_strong,/orcd/home/002/phevosp/MPLE-Causal-Inference/experiments/Synthetic/confounding_strong,treatment_split,treatment_split,treatment_split__candidate_0011,treatment_split_candidate_0011,11,5,/orcd/home/002/phevosp/MPLE-Causal-Inference/experiments/Synthetic/confounding_strong/cv_runs_baselines/treatment_split/candidates/treatment_split_candidate_0011/fold_5
cv,7,train_cv,6,1,/orcd/home/002/phevosp/MPLE-Causal-Inference/data/configs/REVISIONS/synth/cv_spec_baselines.yaml,confounding_strong,confounding_strong,/orcd/home/002/phevosp/MPLE-Causal-Inference/experiments/Synthetic/confounding_strong,treatment_split,treatment_split,treatment_split__candidate_0011,treatment_split_candidate_0011,11,6,/orcd/home/002/phevosp/MPLE-Causal-Inference/experiments/Synthetic/confounding_strong/cv_runs_baselines/treatment_split/candidates/treatment_split_candidate_0011/fold_6
cv,7,train_cv,6,1,/orcd/home/002/phevosp/MPLE-Causal-Inference/data/configs/REVISIONS/synth/cv_spec_baselines.yaml,confounding_strong,confounding_strong,/orcd/home/002/phevosp/MPLE-Causal-Inference/experiments/Synthetic/confounding_strong,treatment_split,treatment_split,treatment_split__candidate_0011,treatment_split_candidate_0011,11,7,/orcd/home/002/phevosp/MPLE-Causal-Inference/experiments/Synthetic/confounding_strong/cv_runs_baselines/treatment_split/candidates/treatment_split_candidate_0011/fold_7
cv,7,train_cv,6,1,/orcd/home/002/phevosp/MPLE-Causal-Inference/data/configs/REVISIONS/synth/cv_spec_baselines.yaml,confounding_strong,confounding_strong,/orcd/home/002/phevosp/MPLE-Causal-Inference/experiments/Synthetic/confounding_strong,treatment_split,treatment_split,treatment_split__candidate_0012,treatment_split_candidate_0012,12,1,/orcd/home/002/phevosp/MPLE-Causal-Inference/experiments/Synthetic/confounding_strong/cv_runs_baselines/treatment_split/candidates/treatment_split_candidate_0012/fold_1
cv,7,train_cv,6,1,/orcd/home/002/phevosp/MPLE-Causal-Inference/data/configs/REVISIONS/synth/cv_spec_baselines.yaml,confounding_strong,confounding_strong,/orcd/home/002/phevosp/MPLE-Causal-Inference/experiments/Synthetic/confounding_strong,treatment_split,treatment_split,treatment_split__candidate_0012,treatment_split_candidate_0012,12,2,/orcd/home/002/phevosp/MPLE-Causal-Inference/experiments/Synthetic/confounding_strong/cv_runs_baselines/treatment_split/candidates/treatment_split_candidate_0012/fold_2
cv,7,train_cv,6,1,/orcd/home/002/phevosp/MPLE-Causal-Inference/data/configs/REVISIONS/synth/cv_spec_baselines.yaml,confounding_strong,confounding_strong,/orcd/home/002/phevosp/MPLE-Causal-Inference/experiments/Synthetic/confounding_strong,treatment_split,treatment_split,treatment_split__candidate_0012,treatment_split_candidate_0012,12,3,/orcd/home/002/phevosp/MPLE-Causal-Inference/experiments/Synthetic/confounding_strong/cv_runs_baselines/treatment_split/candidates/treatment_split_candidate_0012/fold_3
cv,7,train_cv,6,1,/orcd/home/002/phevosp/MPLE-Causal-Inference/data/configs/REVISIONS/synth/cv_spec_baselines.yaml,confounding_strong,confounding_strong,/orcd/home/002/phevosp/MPLE-Causal-Inference/experiments/Synthetic/confounding_strong,treatment_split,treatment_split,treatment_split__candidate_0012,treatment_split_candidate_0012,12,4,/orcd/home/002/phevosp/MPLE-Causal-Inference/experiments/Synthetic/confounding_strong/cv_runs_baselines/treatment_split/candidates/treatment_split_candidate_0012/fold_4
cv,7,train_cv,6,1,/orcd/home/002/phevosp/MPLE-Causal-Inference/data/configs/REVISIONS/synth/cv_spec_baselines.yaml,confounding_strong,confounding_strong,/orcd/home/002/phevosp/MPLE-Causal-Inference/experiments/Synthetic/confounding_strong,treatment_split,treatment_split,treatment_split__candidate_0012,treatment_split_candidate_0012,12,5,/orcd/home/002/phevosp/MPLE-Causal-Inference/experiments/Synthetic/confounding_strong/cv_runs_baselines/treatment_split/candidates/treatment_split_candidate_0012/fold_5
cv,7,train_cv,6,1,/orcd/home/002/phevosp/MPLE-Causal-Inference/data/configs/REVISIONS/synth/cv_spec_baselines.yaml,confounding_strong,confounding_strong,/orcd/home/002/phevosp/MPLE-Causal-Inference/experiments/Synthetic/confounding_strong,treatment_split,treatment_split,treatment_split__candidate_0012,treatment_split_candidate_0012,12,6,/orcd/home/002/phevosp/MPLE-Causal-Inference/experiments/Synthetic/confounding_strong/cv_runs_baselines/treatment_split/candidates/treatment_split_candidate_0012/fold_6
cv,7,train_cv,6,1,/orcd/home/002/phevosp/MPLE-Causal-Inference/data/configs/REVISIONS/synth/cv_spec_baselines.yaml,confounding_strong,confounding_strong,/orcd/home/002/phevosp/MPLE-Causal-Inference/experiments/Synthetic/confounding_strong,treatment_split,treatment_split,treatment_split__candidate_0012,treatment_split_candidate_0012,12,7,/orcd/home/002/phevosp/MPLE-Causal-Inference/experiments/Synthetic/confounding_strong/cv_runs_baselines/treatment_split/candidates/treatment_split_candidate_0012/fold_7
cv,7,train_cv,6,1,/orcd/home/002/phevosp/MPLE-Causal-Inference/data/configs/REVISIONS/synth/cv_spec_baselines.yaml,confounding_strong,confounding_strong,/orcd/home/002/phevosp/MPLE-Causal-Inference/experiments/Synthetic/confounding_strong,treatment_split,treatment_split,treatment_split__candidate_0013,treatment_split_candidate_0013,13,1,/orcd/home/002/phevosp/MPLE-Causal-Inference/experiments/Synthetic/confounding_strong/cv_runs_baselines/treatment_split/candidates/treatment_split_candidate_0013/fold_1
cv,7,train_cv,6,1,/orcd/home/002/phevosp/MPLE-Causal-Inference/data/configs/REVISIONS/synth/cv_spec_baselines.yaml,confounding_strong,confounding_strong,/orcd/home/002/phevosp/MPLE-Causal-Inference/experiments/Synthetic/confounding_strong,treatment_split,treatment_split,treatment_split__candidate_0013,treatment_split_candidate_0013,13,2,/orcd/home/002/phevosp/MPLE-Causal-Inference/experiments/Synthetic/confounding_strong/cv_runs_baselines/treatment_split/candidates/treatment_split_candidate_0013/fold_2
cv,7,train_cv,6,1,/orcd/home/002/phevosp/MPLE-Causal-Inference/data/configs/REVISIONS/synth/cv_spec_baselines.yaml,confounding_strong,confounding_strong,/orcd/home/002/phevosp/MPLE-Causal-Inference/experiments/Synthetic/confounding_strong,treatment_split,treatment_split,treatment_split__candidate_0013,treatment_split_candidate_0013,13,3,/orcd/home/002/phevosp/MPLE-Causal-Inference/experiments/Synthetic/confounding_strong/cv_runs_baselines/treatment_split/candidates/treatment_split_candidate_0013/fold_3
cv,7,train_cv,6,1,/orcd/home/002/phevosp/MPLE-Causal-Inference/data/configs/REVISIONS/synth/cv_spec_baselines.yaml,confounding_strong,confounding_strong,/orcd/home/002/phevosp/MPLE-Causal-Inference/experiments/Synthetic/confounding_strong,treatment_split,treatment_split,treatment_split__candidate_0013,treatment_split_candidate_0013,13,4,/orcd/home/002/phevosp/MPLE-Causal-Inference/experiments/Synthetic/confounding_strong/cv_runs_baselines/treatment_split/candidates/treatment_split_candidate_0013/fold_4
cv,7,train_cv,6,1,/orcd/home/002/phevosp/MPLE-Causal-Inference/data/configs/REVISIONS/synth/cv_spec_baselines.yaml,confounding_strong,confounding_strong,/orcd/home/002/phevosp/MPLE-Causal-Inference/experiments/Synthetic/confounding_strong,treatment_split,treatment_split,treatment_split__candidate_0013,treatment_split_candidate_0013,13,5,/orcd/home/002/phevosp/MPLE-Causal-Inference/experiments/Synthetic/confounding_strong/cv_runs_baselines/treatment_split/candidates/treatment_split_candidate_0013/fold_5
cv,7,train_cv,6,1,/orcd/home/002/phevosp/MPLE-Causal-Inference/data/configs/REVISIONS/synth/cv_spec_baselines.yaml,confounding_strong,confounding_strong,/orcd/home/002/phevosp/MPLE-Causal-Inference/experiments/Synthetic/confounding_strong,treatment_split,treatment_split,treatment_split__candidate_0013,treatment_split_candidate_0013,13,6,/orcd/home/002/phevosp/MPLE-Causal-Inference/experiments/Synthetic/confounding_strong/cv_runs_baselines/treatment_split/candidates/treatment_split_candidate_0013/fold_6
cv,7,train_cv,6,1,/orcd/home/002/phevosp/MPLE-Causal-Inference/data/configs/REVISIONS/synth/cv_spec_baselines.yaml,confounding_strong,confounding_strong,/orcd/home/002/phevosp/MPLE-Causal-Inference/experiments/Synthetic/confounding_strong,treatment_split,treatment_split,treatment_split__candidate_0013,treatment_split_candidate_0013,13,7,/orcd/home/002/phevosp/MPLE-Causal-Inference/experiments/Synthetic/confounding_strong/cv_runs_baselines/treatment_split/candidates/treatment_split_candidate_0013/fold_7
cv,7,train_cv,6,1,/orcd/home/002/phevosp/MPLE-Causal-Inference/data/configs/REVISIONS/synth/cv_spec_baselines.yaml,confounding_strong,confounding_strong,/orcd/home/002/phevosp/MPLE-Causal-Inference/experiments/Synthetic/confounding_strong,treatment_split,treatment_split,treatment_split__candidate_0014,treatment_split_candidate_0014,14,1,/orcd/home/002/phevosp/MPLE-Causal-Inference/experiments/Synthetic/confounding_strong/cv_runs_baselines/treatment_split/candidates/treatment_split_candidate_0014/fold_1
cv,7,train_cv,6,1,/orcd/home/002/phevosp/MPLE-Causal-Inference/data/configs/REVISIONS/synth/cv_spec_baselines.yaml,confounding_strong,confounding_strong,/orcd/home/002/phevosp/MPLE-Causal-Inference/experiments/Synthetic/confounding_strong,treatment_split,treatment_split,treatment_split__candidate_0014,treatment_split_candidate_0014,14,2,/orcd/home/002/phevosp/MPLE-Causal-Inference/experiments/Synthetic/confounding_strong/cv_runs_baselines/treatment_split/candidates/treatment_split_candidate_0014/fold_2
cv,7,train_cv,6,1,/orcd/home/002/phevosp/MPLE-Causal-Inference/data/configs/REVISIONS/synth/cv_spec_baselines.yaml,confounding_strong,confounding_strong,/orcd/home/002/phevosp/MPLE-Causal-Inference/experiments/Synthetic/confounding_strong,treatment_split,treatment_split,treatment_split__candidate_0014,treatment_split_candidate_0014,14,3,/orcd/home/002/phevosp/MPLE-Causal-Inference/experiments/Synthetic/confounding_strong/cv_runs_baselines/treatment_split/candidates/treatment_split_candidate_0014/fold_3
cv,7,train_cv,6,1,/orcd/home/002/phevosp/MPLE-Causal-Inference/data/configs/REVISIONS/synth/cv_spec_baselines.yaml,confounding_strong,confounding_strong,/orcd/home/002/phevosp/MPLE-Causal-Inference/experiments/Synthetic/confounding_strong,treatment_split,treatment_split,treatment_split__candidate_0014,treatment_split_candidate_0014,14,4,/orcd/home/002/phevosp/MPLE-Causal-Inference/experiments/Synthetic/confounding_strong/cv_runs_baselines/treatment_split/candidates/treatment_split_candidate_0014/fold_4
cv,7,train_cv,6,1,/orcd/home/002/phevosp/MPLE-Causal-Inference/data/configs/REVISIONS/synth/cv_spec_baselines.yaml,confounding_strong,confounding_strong,/orcd/home/002/phevosp/MPLE-Causal-Inference/experiments/Synthetic/confounding_strong,treatment_split,treatment_split,treatment_split__candidate_0014,treatment_split_candidate_0014,14,5,/orcd/home/002/phevosp/MPLE-Causal-Inference/experiments/Synthetic/confounding_strong/cv_runs_baselines/treatment_split/candidates/treatment_split_candidate_0014/fold_5
cv,7,train_cv,6,1,/orcd/home/002/phevosp/MPLE-Causal-Inference/data/configs/REVISIONS/synth/cv_spec_baselines.yaml,confounding_strong,confounding_strong,/orcd/home/002/phevosp/MPLE-Causal-Inference/experiments/Synthetic/confounding_strong,treatment_split,treatment_split,treatment_split__candidate_0014,treatment_split_candidate_0014,14,6,/orcd/home/002/phevosp/MPLE-Causal-Inference/experiments/Synthetic/confounding_strong/cv_runs_baselines/treatment_split/candidates/treatment_split_candidate_0014/fold_6
cv,7,train_cv,6,1,/orcd/home/002/phevosp/MPLE-Causal-Inference/data/configs/REVISIONS/synth/cv_spec_baselines.yaml,confounding_strong,confounding_strong,/orcd/home/002/phevosp/MPLE-Causal-Inference/experiments/Synthetic/confounding_strong,treatment_split,treatment_split,treatment_split__candidate_0014,treatment_split_candidate_0014,14,7,/orcd/home/002/phevosp/MPLE-Causal-Inference/experiments/Synthetic/confounding_strong/cv_runs_baselines/treatment_split/candidates/treatment_split_candidate_0014/fold_7
cv,7,train_cv,6,1,/orcd/home/002/phevosp/MPLE-Causal-Inference/data/configs/REVISIONS/synth/cv_spec_baselines.yaml,confounding_strong,confounding_strong,/orcd/home/002/phevosp/MPLE-Causal-Inference/experiments/Synthetic/confounding_strong,treatment_split,treatment_split,treatment_split__candidate_0015,treatment_split_candidate_0015,15,1,/orcd/home/002/phevosp/MPLE-Causal-Inference/experiments/Synthetic/confounding_strong/cv_runs_baselines/treatment_split/candidates/treatment_split_candidate_0015/fold_1
cv,7,train_cv,6,1,/orcd/home/002/phevosp/MPLE-Causal-Inference/data/configs/REVISIONS/synth/cv_spec_baselines.yaml,confounding_strong,confounding_strong,/orcd/home/002/phevosp/MPLE-Causal-Inference/experiments/Synthetic/confounding_strong,treatment_split,treatment_split,treatment_split__candidate_0015,treatment_split_candidate_0015,15,2,/orcd/home/002/phevosp/MPLE-Causal-Inference/experiments/Synthetic/confounding_strong/cv_runs_baselines/treatment_split/candidates/treatment_split_candidate_0015/fold_2
cv,7,train_cv,6,1,/orcd/home/002/phevosp/MPLE-Causal-Inference/data/configs/REVISIONS/synth/cv_spec_baselines.yaml,confounding_strong,confounding_strong,/orcd/home/002/phevosp/MPLE-Causal-Inference/experiments/Synthetic/confounding_strong,treatment_split,treatment_split,treatment_split__candidate_0015,treatment_split_candidate_0015,15,3,/orcd/home/002/phevosp/MPLE-Causal-Inference/experiments/Synthetic/confounding_strong/cv_runs_baselines/treatment_split/candidates/treatment_split_candidate_0015/fold_3
cv,7,train_cv,6,1,/orcd/home/002/phevosp/MPLE-Causal-Inference/data/configs/REVISIONS/synth/cv_spec_baselines.yaml,confounding_strong,confounding_strong,/orcd/home/002/phevosp/MPLE-Causal-Inference/experiments/Synthetic/confounding_strong,treatment_split,treatment_split,treatment_split__candidate_0015,treatment_split_candidate_0015,15,4,/orcd/home/002/phevosp/MPLE-Causal-Inference/experiments/Synthetic/confounding_strong/cv_runs_baselines/treatment_split/candidates/treatment_split_candidate_0015/fold_4
cv,7,train_cv,6,1,/orcd/home/002/phevosp/MPLE-Causal-Inference/data/configs/REVISIONS/synth/cv_spec_baselines.yaml,confounding_strong,confounding_strong,/orcd/home/002/phevosp/MPLE-Causal-Inference/experiments/Synthetic/confounding_strong,treatment_split,treatment_split,treatment_split__candidate_0015,treatment_split_candidate_0015,15,5,/orcd/home/002/phevosp/MPLE-Causal-Inference/experiments/Synthetic/confounding_strong/cv_runs_baselines/treatment_split/candidates/treatment_split_candidate_0015/fold_5
cv,7,train_cv,6,1,/orcd/home/002/phevosp/MPLE-Causal-Inference/data/configs/REVISIONS/synth/cv_spec_baselines.yaml,confounding_strong,confounding_strong,/orcd/home/002/phevosp/MPLE-Causal-Inference/experiments/Synthetic/confounding_strong,treatment_split,treatment_split,treatment_split__candidate_0015,treatment_split_candidate_0015,15,6,/orcd/home/002/phevosp/MPLE-Causal-Inference/experiments/Synthetic/confounding_strong/cv_runs_baselines/treatment_split/candidates/treatment_split_candidate_0015/fold_6
cv,7,train_cv,6,1,/orcd/home/002/phevosp/MPLE-Causal-Inference/data/configs/REVISIONS/synth/cv_spec_baselines.yaml,confounding_strong,confounding_strong,/orcd/home/002/phevosp/MPLE-Causal-Inference/experiments/Synthetic/confounding_strong,treatment_split,treatment_split,treatment_split__candidate_0015,treatment_split_candidate_0015,15,7,/orcd/home/002/phevosp/MPLE-Causal-Inference/experiments/Synthetic/confounding_strong/cv_runs_baselines/treatment_split/candidates/treatment_split_candidate_0015/fold_7
cv,7,train_cv,6,1,/orcd/home/002/phevosp/MPLE-Causal-Inference/data/configs/REVISIONS/synth/cv_spec_baselines.yaml,confounding_strong,confounding_strong,/orcd/home/002/phevosp/MPLE-Causal-Inference/experiments/Synthetic/confounding_strong,treatment_split,treatment_split,treatment_split__candidate_0016,treatment_split_candidate_0016,16,1,/orcd/home/002/phevosp/MPLE-Causal-Inference/experiments/Synthetic/confounding_strong/cv_runs_baselines/treatment_split/candidates/treatment_split_candidate_0016/fold_1
cv,7,train_cv,6,1,/orcd/home/002/phevosp/MPLE-Causal-Inference/data/configs/REVISIONS/synth/cv_spec_baselines.yaml,confounding_strong,confounding_strong,/orcd/home/002/phevosp/MPLE-Causal-Inference/experiments/Synthetic/confounding_strong,treatment_split,treatment_split,treatment_split__candidate_0016,treatment_split_candidate_0016,16,2,/orcd/home/002/phevosp/MPLE-Causal-Inference/experiments/Synthetic/confounding_strong/cv_runs_baselines/treatment_split/candidates/treatment_split_candidate_0016/fold_2
cv,7,train_cv,6,1,/orcd/home/002/phevosp/MPLE-Causal-Inference/data/configs/REVISIONS/synth/cv_spec_baselines.yaml,confounding_strong,confounding_strong,/orcd/home/002/phevosp/MPLE-Causal-Inference/experiments/Synthetic/confounding_strong,treatment_split,treatment_split,treatment_split__candidate_0016,treatment_split_candidate_0016,16,3,/orcd/home/002/phevosp/MPLE-Causal-Inference/experiments/Synthetic/confounding_strong/cv_runs_baselines/treatment_split/candidates/treatment_split_candidate_0016/fold_3
cv,7,train_cv,6,1,/orcd/home/002/phevosp/MPLE-Causal-Inference/data/configs/REVISIONS/synth/cv_spec_baselines.yaml,confounding_strong,confounding_strong,/orcd/home/002/phevosp/MPLE-Causal-Inference/experiments/Synthetic/confounding_strong,treatment_split,treatment_split,treatment_split__candidate_0016,treatment_split_candidate_0016,16,4,/orcd/home/002/phevosp/MPLE-Causal-Inference/experiments/Synthetic/confounding_strong/cv_runs_baselines/treatment_split/candidates/treatment_split_candidate_0016/fold_4
cv,7,train_cv,6,1,/orcd/home/002/phevosp/MPLE-Causal-Inference/data/configs/REVISIONS/synth/cv_spec_baselines.yaml,confounding_strong,confounding_strong,/orcd/home/002/phevosp/MPLE-Causal-Inference/experiments/Synthetic/confounding_strong,treatment_split,treatment_split,treatment_split__candidate_0016,treatment_split_candidate_0016,16,5,/orcd/home/002/phevosp/MPLE-Causal-Inference/experiments/Synthetic/confounding_strong/cv_runs_baselines/treatment_split/candidates/treatment_split_candidate_0016/fold_5
cv,7,train_cv,6,1,/orcd/home/002/phevosp/MPLE-Causal-Inference/data/configs/REVISIONS/synth/cv_spec_baselines.yaml,confounding_strong,confounding_strong,/orcd/home/002/phevosp/MPLE-Causal-Inference/experiments/Synthetic/confounding_strong,treatment_split,treatment_split,treatment_split__candidate_0016,treatment_split_candidate_0016,16,6,/orcd/home/002/phevosp/MPLE-Causal-Inference/experiments/Synthetic/confounding_strong/cv_runs_baselines/treatment_split/candidates/treatment_split_candidate_0016/fold_6
cv,7,train_cv,6,1,/orcd/home/002/phevosp/MPLE-Causal-Inference/data/configs/REVISIONS/synth/cv_spec_baselines.yaml,confounding_strong,confounding_strong,/orcd/home/002/phevosp/MPLE-Causal-Inference/experiments/Synthetic/confounding_strong,treatment_split,treatment_split,treatment_split__candidate_0016,treatment_split_candidate_0016,16,7,/orcd/home/002/phevosp/MPLE-Causal-Inference/experiments/Synthetic/confounding_strong/cv_runs_baselines/treatment_split/candidates/treatment_split_candidate_0016/fold_7
cv,7,train_cv,6,1,/orcd/home/002/phevosp/MPLE-Causal-Inference/data/configs/REVISIONS/synth/cv_spec_baselines.yaml,confounding_strong,confounding_strong,/orcd/home/002/phevosp/MPLE-Causal-Inference/experiments/Synthetic/confounding_strong,treatment_split,treatment_split,treatment_split__candidate_0017,treatment_split_candidate_0017,17,1,/orcd/home/002/phevosp/MPLE-Causal-Inference/experiments/Synthetic/confounding_strong/cv_runs_baselines/treatment_split/candidates/treatment_split_candidate_0017/fold_1
cv,7,train_cv,6,1,/orcd/home/002/phevosp/MPLE-Causal-Inference/data/configs/REVISIONS/synth/cv_spec_baselines.yaml,confounding_strong,confounding_strong,/orcd/home/002/phevosp/MPLE-Causal-Inference/experiments/Synthetic/confounding_strong,treatment_split,treatment_split,treatment_split__candidate_0017,treatment_split_candidate_0017,17,2,/orcd/home/002/phevosp/MPLE-Causal-Inference/experiments/Synthetic/confounding_strong/cv_runs_baselines/treatment_split/candidates/treatment_split_candidate_0017/fold_2
cv,7,train_cv,6,1,/orcd/home/002/phevosp/MPLE-Causal-Inference/data/configs/REVISIONS/synth/cv_spec_baselines.yaml,confounding_strong,confounding_strong,/orcd/home/002/phevosp/MPLE-Causal-Inference/experiments/Synthetic/confounding_strong,treatment_split,treatment_split,treatment_split__candidate_0017,treatment_split_candidate_0017,17,3,/orcd/home/002/phevosp/MPLE-Causal-Inference/experiments/Synthetic/confounding_strong/cv_runs_baselines/treatment_split/candidates/treatment_split_candidate_0017/fold_3
cv,7,train_cv,6,1,/orcd/home/002/phevosp/MPLE-Causal-Inference/data/configs/REVISIONS/synth/cv_spec_baselines.yaml,confounding_strong,confounding_strong,/orcd/home/002/phevosp/MPLE-Causal-Inference/experiments/Synthetic/confounding_strong,treatment_split,treatment_split,treatment_split__candidate_0017,treatment_split_candidate_0017,17,4,/orcd/home/002/phevosp/MPLE-Causal-Inference/experiments/Synthetic/confounding_strong/cv_runs_baselines/treatment_split/candidates/treatment_split_candidate_0017/fold_4
cv,7,train_cv,6,1,/orcd/home/002/phevosp/MPLE-Causal-Inference/data/configs/REVISIONS/synth/cv_spec_baselines.yaml,confounding_strong,confounding_strong,/orcd/home/002/phevosp/MPLE-Causal-Inference/experiments/Synthetic/confounding_strong,treatment_split,treatment_split,treatment_split__candidate_0017,treatment_split_candidate_0017,17,5,/orcd/home/002/phevosp/MPLE-Causal-Inference/experiments/Synthetic/confounding_strong/cv_runs_baselines/treatment_split/candidates/treatment_split_candidate_0017/fold_5
cv,7,train_cv,6,1,/orcd/home/002/phevosp/MPLE-Causal-Inference/data/configs/REVISIONS/synth/cv_spec_baselines.yaml,confounding_strong,confounding_strong,/orcd/home/002/phevosp/MPLE-Causal-Inference/experiments/Synthetic/confounding_strong,treatment_split,treatment_split,treatment_split__candidate_0017,treatment_split_candidate_0017,17,6,/orcd/home/002/phevosp/MPLE-Causal-Inference/experiments/Synthetic/confounding_strong/cv_runs_baselines/treatment_split/candidates/treatment_split_candidate_0017/fold_6
cv,7,train_cv,6,1,/orcd/home/002/phevosp/MPLE-Causal-Inference/data/configs/REVISIONS/synth/cv_spec_baselines.yaml,confounding_strong,confounding_strong,/orcd/home/002/phevosp/MPLE-Causal-Inference/experiments/Synthetic/confounding_strong,treatment_split,treatment_split,treatment_split__candidate_0017,treatment_split_candidate_0017,17,7,/orcd/home/002/phevosp/MPLE-Causal-Inference/experiments/Synthetic/confounding_strong/cv_runs_baselines/treatment_split/candidates/treatment_split_candidate_0017/fold_7
cv,7,train_cv,6,1,/orcd/home/002/phevosp/MPLE-Causal-Inference/data/configs/REVISIONS/synth/cv_spec_baselines.yaml,confounding_strong,confounding_strong,/orcd/home/002/phevosp/MPLE-Causal-Inference/experiments/Synthetic/confounding_strong,treatment_split,treatment_split,treatment_split__candidate_0018,treatment_split_candidate_0018,18,1,/orcd/home/002/phevosp/MPLE-Causal-Inference/experiments/Synthetic/confounding_strong/cv_runs_baselines/treatment_split/candidates/treatment_split_candidate_0018/fold_1
cv,7,train_cv,6,1,/orcd/home/002/phevosp/MPLE-Causal-Inference/data/configs/REVISIONS/synth/cv_spec_baselines.yaml,confounding_strong,confounding_strong,/orcd/home/002/phevosp/MPLE-Causal-Inference/experiments/Synthetic/confounding_strong,treatment_split,treatment_split,treatment_split__candidate_0018,treatment_split_candidate_0018,18,2,/orcd/home/002/phevosp/MPLE-Causal-Inference/experiments/Synthetic/confounding_strong/cv_runs_baselines/treatment_split/candidates/treatment_split_candidate_0018/fold_2
cv,7,train_cv,6,1,/orcd/home/002/phevosp/MPLE-Causal-Inference/data/configs/REVISIONS/synth/cv_spec_baselines.yaml,confounding_strong,confounding_strong,/orcd/home/002/phevosp/MPLE-Causal-Inference/experiments/Synthetic/confounding_strong,treatment_split,treatment_split,treatment_split__candidate_0018,treatment_split_candidate_0018,18,3,/orcd/home/002/phevosp/MPLE-Causal-Inference/experiments/Synthetic/confounding_strong/cv_runs_baselines/treatment_split/candidates/treatment_split_candidate_0018/fold_3
cv,7,train_cv,6,1,/orcd/home/002/phevosp/MPLE-Causal-Inference/data/configs/REVISIONS/synth/cv_spec_baselines.yaml,confounding_strong,confounding_strong,/orcd/home/002/phevosp/MPLE-Causal-Inference/experiments/Synthetic/confounding_strong,treatment_split,treatment_split,treatment_split__candidate_0018,treatment_split_candidate_0018,18,4,/orcd/home/002/phevosp/MPLE-Causal-Inference/experiments/Synthetic/confounding_strong/cv_runs_baselines/treatment_split/candidates/treatment_split_candidate_0018/fold_4
cv,7,train_cv,6,1,/orcd/home/002/phevosp/MPLE-Causal-Inference/data/configs/REVISIONS/synth/cv_spec_baselines.yaml,confounding_strong,confounding_strong,/orcd/home/002/phevosp/MPLE-Causal-Inference/experiments/Synthetic/confounding_strong,treatment_split,treatment_split,treatment_split__candidate_0018,treatment_split_candidate_0018,18,5,/orcd/home/002/phevosp/MPLE-Causal-Inference/experiments/Synthetic/confounding_strong/cv_runs_baselines/treatment_split/candidates/treatment_split_candidate_0018/fold_5
cv,7,train_cv,6,1,/orcd/home/002/phevosp/MPLE-Causal-Inference/data/configs/REVISIONS/synth/cv_spec_baselines.yaml,confounding_strong,confounding_strong,/orcd/home/002/phevosp/MPLE-Causal-Inference/experiments/Synthetic/confounding_strong,treatment_split,treatment_split,treatment_split__candidate_0018,treatment_split_candidate_0018,18,6,/orcd/home/002/phevosp/MPLE-Causal-Inference/experiments/Synthetic/confounding_strong/cv_runs_baselines/treatment_split/candidates/treatment_split_candidate_0018/fold_6
cv,7,train_cv,6,1,/orcd/home/002/phevosp/MPLE-Causal-Inference/data/configs/REVISIONS/synth/cv_spec_baselines.yaml,confounding_strong,confounding_strong,/orcd/home/002/phevosp/MPLE-Causal-Inference/experiments/Synthetic/confounding_strong,treatment_split,treatment_split,treatment_split__candidate_0018,treatment_split_candidate_0018,18,7,/orcd/home/002/phevosp/MPLE-Causal-Inference/experiments/Synthetic/confounding_strong/cv_runs_baselines/treatment_split/candidates/treatment_split_candidate_0018/fold_7
cv,7,train_cv,6,1,/orcd/home/002/phevosp/MPLE-Causal-Inference/data/configs/REVISIONS/synth/cv_spec_baselines.yaml,confounding_strong,confounding_strong,/orcd/home/002/phevosp/MPLE-Causal-Inference/experiments/Synthetic/confounding_strong,treatment_shared_unit,treatment_shared_unit,treatment_shared_unit__candidate_0001,treatment_shared_unit_candidate_0001,1,1,/orcd/home/002/phevosp/MPLE-Causal-Inference/experiments/Synthetic/confounding_strong/cv_runs_baselines/treatment_shared_unit/candidates/treatment_shared_unit_candidate_0001/fold_1
cv,7,train_cv,6,1,/orcd/home/002/phevosp/MPLE-Causal-Inference/data/configs/REVISIONS/synth/cv_spec_baselines.yaml,confounding_strong,confounding_strong,/orcd/home/002/phevosp/MPLE-Causal-Inference/experiments/Synthetic/confounding_strong,treatment_shared_unit,treatment_shared_unit,treatment_shared_unit__candidate_0001,treatment_shared_unit_candidate_0001,1,2,/orcd/home/002/phevosp/MPLE-Causal-Inference/experiments/Synthetic/confounding_strong/cv_runs_baselines/treatment_shared_unit/candidates/treatment_shared_unit_candidate_0001/fold_2
cv,7,train_cv,6,1,/orcd/home/002/phevosp/MPLE-Causal-Inference/data/configs/REVISIONS/synth/cv_spec_baselines.yaml,confounding_strong,confounding_strong,/orcd/home/002/phevosp/MPLE-Causal-Inference/experiments/Synthetic/confounding_strong,treatment_shared_unit,treatment_shared_unit,treatment_shared_unit__candidate_0001,treatment_shared_unit_candidate_0001,1,3,/orcd/home/002/phevosp/MPLE-Causal-Inference/experiments/Synthetic/confounding_strong/cv_runs_baselines/treatment_shared_unit/candidates/treatment_shared_unit_candidate_0001/fold_3
cv,7,train_cv,6,1,/orcd/home/002/phevosp/MPLE-Causal-Inference/data/configs/REVISIONS/synth/cv_spec_baselines.yaml,confounding_strong,confounding_strong,/orcd/home/002/phevosp/MPLE-Causal-Inference/experiments/Synthetic/confounding_strong,treatment_shared_unit,treatment_shared_unit,treatment_shared_unit__candidate_0001,treatment_shared_unit_candidate_0001,1,4,/orcd/home/002/phevosp/MPLE-Causal-Inference/experiments/Synthetic/confounding_strong/cv_runs_baselines/treatment_shared_unit/candidates/treatment_shared_unit_candidate_0001/fold_4
cv,7,train_cv,6,1,/orcd/home/002/phevosp/MPLE-Causal-Inference/data/configs/REVISIONS/synth/cv_spec_baselines.yaml,confounding_strong,confounding_strong,/orcd/home/002/phevosp/MPLE-Causal-Inference/experiments/Synthetic/confounding_strong,treatment_shared_unit,treatment_shared_unit,treatment_shared_unit__candidate_0001,treatment_shared_unit_candidate_0001,1,5,/orcd/home/002/phevosp/MPLE-Causal-Inference/experiments/Synthetic/confounding_strong/cv_runs_baselines/treatment_shared_unit/candidates/treatment_shared_unit_candidate_0001/fold_5
cv,7,train_cv,6,1,/orcd/home/002/phevosp/MPLE-Causal-Inference/data/configs/REVISIONS/synth/cv_spec_baselines.yaml,confounding_strong,confounding_strong,/orcd/home/002/phevosp/MPLE-Causal-Inference/experiments/Synthetic/confounding_strong,treatment_shared_unit,treatment_shared_unit,treatment_shared_unit__candidate_0001,treatment_shared_unit_candidate_0001,1,6,/orcd/home/002/phevosp/MPLE-Causal-Inference/experiments/Synthetic/confounding_strong/cv_runs_baselines/treatment_shared_unit/candidates/treatment_shared_unit_candidate_0001/fold_6
cv,7,train_cv,6,1,/orcd/home/002/phevosp/MPLE-Causal-Inference/data/configs/REVISIONS/synth/cv_spec_baselines.yaml,confounding_strong,confounding_strong,/orcd/home/002/phevosp/MPLE-Causal-Inference/experiments/Synthetic/confounding_strong,treatment_shared_unit,treatment_shared_unit,treatment_shared_unit__candidate_0001,treatment_shared_unit_candidate_0001,1,7,/orcd/home/002/phevosp/MPLE-Causal-Inference/experiments/Synthetic/confounding_strong/cv_runs_baselines/treatment_shared_unit/candidates/treatment_shared_unit_candidate_0001/fold_7
cv,7,train_cv,6,1,/orcd/home/002/phevosp/MPLE-Causal-Inference/data/configs/REVISIONS/synth/cv_spec_baselines.yaml,confounding_strong,confounding_strong,/orcd/home/002/phevosp/MPLE-Causal-Inference/experiments/Synthetic/confounding_strong,treatment_shared_unit,treatment_shared_unit,treatment_shared_unit__candidate_0002,treatment_shared_unit_candidate_0002,2,1,/orcd/home/002/phevosp/MPLE-Causal-Inference/experiments/Synthetic/confounding_strong/cv_runs_baselines/treatment_shared_unit/candidates/treatment_shared_unit_candidate_0002/fold_1
cv,7,train_cv,6,1,/orcd/home/002/phevosp/MPLE-Causal-Inference/data/configs/REVISIONS/synth/cv_spec_baselines.yaml,confounding_strong,confounding_strong,/orcd/home/002/phevosp/MPLE-Causal-Inference/experiments/Synthetic/confounding_strong,treatment_shared_unit,treatment_shared_unit,treatment_shared_unit__candidate_0002,treatment_shared_unit_candidate_0002,2,2,/orcd/home/002/phevosp/MPLE-Causal-Inference/experiments/Synthetic/confounding_strong/cv_runs_baselines/treatment_shared_unit/candidates/treatment_shared_unit_candidate_0002/fold_2
cv,7,train_cv,6,1,/orcd/home/002/phevosp/MPLE-Causal-Inference/data/configs/REVISIONS/synth/cv_spec_baselines.yaml,confounding_strong,confounding_strong,/orcd/home/002/phevosp/MPLE-Causal-Inference/experiments/Synthetic/confounding_strong,treatment_shared_unit,treatment_shared_unit,treatment_shared_unit__candidate_0002,treatment_shared_unit_candidate_0002,2,3,/orcd/home/002/phevosp/MPLE-Causal-Inference/experiments/Synthetic/confounding_strong/cv_runs_baselines/treatment_shared_unit/candidates/treatment_shared_unit_candidate_0002/fold_3
cv,7,train_cv,6,1,/orcd/home/002/phevosp/MPLE-Causal-Inference/data/configs/REVISIONS/synth/cv_spec_baselines.yaml,confounding_strong,confounding_strong,/orcd/home/002/phevosp/MPLE-Causal-Inference/experiments/Synthetic/confounding_strong,treatment_shared_unit,treatment_shared_unit,treatment_shared_unit__candidate_0002,treatment_shared_unit_candidate_0002,2,4,/orcd/home/002/phevosp/MPLE-Causal-Inference/experiments/Synthetic/confounding_strong/cv_runs_baselines/treatment_shared_unit/candidates/treatment_shared_unit_candidate_0002/fold_4
cv,7,train_cv,6,1,/orcd/home/002/phevosp/MPLE-Causal-Inference/data/configs/REVISIONS/synth/cv_spec_baselines.yaml,confounding_strong,confounding_strong,/orcd/home/002/phevosp/MPLE-Causal-Inference/experiments/Synthetic/confounding_strong,treatment_shared_unit,treatment_shared_unit,treatment_shared_unit__candidate_0002,treatment_shared_unit_candidate_0002,2,5,/orcd/home/002/phevosp/MPLE-Causal-Inference/experiments/Synthetic/confounding_strong/cv_runs_baselines/treatment_shared_unit/candidates/treatment_shared_unit_candidate_0002/fold_5
cv,7,train_cv,6,1,/orcd/home/002/phevosp/MPLE-Causal-Inference/data/configs/REVISIONS/synth/cv_spec_baselines.yaml,confounding_strong,confounding_strong,/orcd/home/002/phevosp/MPLE-Causal-Inference/experiments/Synthetic/confounding_strong,treatment_shared_unit,treatment_shared_unit,treatment_shared_unit__candidate_0002,treatment_shared_unit_candidate_0002,2,6,/orcd/home/002/phevosp/MPLE-Causal-Inference/experiments/Synthetic/confounding_strong/cv_runs_baselines/treatment_shared_unit/candidates/treatment_shared_unit_candidate_0002/fold_6
cv,7,train_cv,6,1,/orcd/home/002/phevosp/MPLE-Causal-Inference/data/configs/REVISIONS/synth/cv_spec_baselines.yaml,confounding_strong,confounding_strong,/orcd/home/002/phevosp/MPLE-Causal-Inference/experiments/Synthetic/confounding_strong,treatment_shared_unit,treatment_shared_unit,treatment_shared_unit__candidate_0002,treatment_shared_unit_candidate_0002,2,7,/orcd/home/002/phevosp/MPLE-Causal-Inference/experiments/Synthetic/confounding_strong/cv_runs_baselines/treatment_shared_unit/candidates/treatment_shared_unit_candidate_0002/fold_7
cv,7,train_cv,6,1,/orcd/home/002/phevosp/MPLE-Causal-Inference/data/configs/REVISIONS/synth/cv_spec_baselines.yaml,confounding_strong,confounding_strong,/orcd/home/002/phevosp/MPLE-Causal-Inference/experiments/Synthetic/confounding_strong,treatment_shared_unit,treatment_shared_unit,treatment_shared_unit__candidate_0003,treatment_shared_unit_candidate_0003,3,1,/orcd/home/002/phevosp/MPLE-Causal-Inference/experiments/Synthetic/confounding_strong/cv_runs_baselines/treatment_shared_unit/candidates/treatment_shared_unit_candidate_0003/fold_1
cv,7,train_cv,6,1,/orcd/home/002/phevosp/MPLE-Causal-Inference/data/configs/REVISIONS/synth/cv_spec_baselines.yaml,confounding_strong,confounding_strong,/orcd/home/002/phevosp/MPLE-Causal-Inference/experiments/Synthetic/confounding_strong,treatment_shared_unit,treatment_shared_unit,treatment_shared_unit__candidate_0003,treatment_shared_unit_candidate_0003,3,2,/orcd/home/002/phevosp/MPLE-Causal-Inference/experiments/Synthetic/confounding_strong/cv_runs_baselines/treatment_shared_unit/candidates/treatment_shared_unit_candidate_0003/fold_2
cv,7,train_cv,6,1,/orcd/home/002/phevosp/MPLE-Causal-Inference/data/configs/REVISIONS/synth/cv_spec_baselines.yaml,confounding_strong,confounding_strong,/orcd/home/002/phevosp/MPLE-Causal-Inference/experiments/Synthetic/confounding_strong,treatment_shared_unit,treatment_shared_unit,treatment_shared_unit__candidate_0003,treatment_shared_unit_candidate_0003,3,3,/orcd/home/002/phevosp/MPLE-Causal-Inference/experiments/Synthetic/confounding_strong/cv_runs_baselines/treatment_shared_unit/candidates/treatment_shared_unit_candidate_0003/fold_3
cv,7,train_cv,6,1,/orcd/home/002/phevosp/MPLE-Causal-Inference/data/configs/REVISIONS/synth/cv_spec_baselines.yaml,confounding_strong,confounding_strong,/orcd/home/002/phevosp/MPLE-Causal-Inference/experiments/Synthetic/confounding_strong,treatment_shared_unit,treatment_shared_unit,treatment_shared_unit__candidate_0003,treatment_shared_unit_candidate_0003,3,4,/orcd/home/002/phevosp/MPLE-Causal-Inference/experiments/Synthetic/confounding_strong/cv_runs_baselines/treatment_shared_unit/candidates/treatment_shared_unit_candidate_0003/fold_4
cv,7,train_cv,6,1,/orcd/home/002/phevosp/MPLE-Causal-Inference/data/configs/REVISIONS/synth/cv_spec_baselines.yaml,confounding_strong,confounding_strong,/orcd/home/002/phevosp/MPLE-Causal-Inference/experiments/Synthetic/confounding_strong,treatment_shared_unit,treatment_shared_unit,treatment_shared_unit__candidate_0003,treatment_shared_unit_candidate_0003,3,5,/orcd/home/002/phevosp/MPLE-Causal-Inference/experiments/Synthetic/confounding_strong/cv_runs_baselines/treatment_shared_unit/candidates/treatment_shared_unit_candidate_0003/fold_5
cv,7,train_cv,6,1,/orcd/home/002/phevosp/MPLE-Causal-Inference/data/configs/REVISIONS/synth/cv_spec_baselines.yaml,confounding_strong,confounding_strong,/orcd/home/002/phevosp/MPLE-Causal-Inference/experiments/Synthetic/confounding_strong,treatment_shared_unit,treatment_shared_unit,treatment_shared_unit__candidate_0003,treatment_shared_unit_candidate_0003,3,6,/orcd/home/002/phevosp/MPLE-Causal-Inference/experiments/Synthetic/confounding_strong/cv_runs_baselines/treatment_shared_unit/candidates/treatment_shared_unit_candidate_0003/fold_6
cv,7,train_cv,6,1,/orcd/home/002/phevosp/MPLE-Causal-Inference/data/configs/REVISIONS/synth/cv_spec_baselines.yaml,confounding_strong,confounding_strong,/orcd/home/002/phevosp/MPLE-Causal-Inference/experiments/Synthetic/confounding_strong,treatment_shared_unit,treatment_shared_unit,treatment_shared_unit__candidate_0003,treatment_shared_unit_candidate_0003,3,7,/orcd/home/002/phevosp/MPLE-Causal-Inference/experiments/Synthetic/confounding_strong/cv_runs_baselines/treatment_shared_unit/candidates/treatment_shared_unit_candidate_0003/fold_7
cv,7,train_cv,6,1,/orcd/home/002/phevosp/MPLE-Causal-Inference/data/configs/REVISIONS/synth/cv_spec_baselines.yaml,confounding_strong,confounding_strong,/orcd/home/002/phevosp/MPLE-Causal-Inference/experiments/Synthetic/confounding_strong,treatment_shared_unit,treatment_shared_unit,treatment_shared_unit__candidate_0004,treatment_shared_unit_candidate_0004,4,1,/orcd/home/002/phevosp/MPLE-Causal-Inference/experiments/Synthetic/confounding_strong/cv_runs_baselines/treatment_shared_unit/candidates/treatment_shared_unit_candidate_0004/fold_1
cv,7,train_cv,6,1,/orcd/home/002/phevosp/MPLE-Causal-Inference/data/configs/REVISIONS/synth/cv_spec_baselines.yaml,confounding_strong,confounding_strong,/orcd/home/002/phevosp/MPLE-Causal-Inference/experiments/Synthetic/confounding_strong,treatment_shared_unit,treatment_shared_unit,treatment_shared_unit__candidate_0004,treatment_shared_unit_candidate_0004,4,2,/orcd/home/002/phevosp/MPLE-Causal-Inference/experiments/Synthetic/confounding_strong/cv_runs_baselines/treatment_shared_unit/candidates/treatment_shared_unit_candidate_0004/fold_2
cv,7,train_cv,6,1,/orcd/home/002/phevosp/MPLE-Causal-Inference/data/configs/REVISIONS/synth/cv_spec_baselines.yaml,confounding_strong,confounding_strong,/orcd/home/002/phevosp/MPLE-Causal-Inference/experiments/Synthetic/confounding_strong,treatment_shared_unit,treatment_shared_unit,treatment_shared_unit__candidate_0004,treatment_shared_unit_candidate_0004,4,3,/orcd/home/002/phevosp/MPLE-Causal-Inference/experiments/Synthetic/confounding_strong/cv_runs_baselines/treatment_shared_unit/candidates/treatment_shared_unit_candidate_0004/fold_3
cv,7,train_cv,6,1,/orcd/home/002/phevosp/MPLE-Causal-Inference/data/configs/REVISIONS/synth/cv_spec_baselines.yaml,confounding_strong,confounding_strong,/orcd/home/002/phevosp/MPLE-Causal-Inference/experiments/Synthetic/confounding_strong,treatment_shared_unit,treatment_shared_unit,treatment_shared_unit__candidate_0004,treatment_shared_unit_candidate_0004,4,4,/orcd/home/002/phevosp/MPLE-Causal-Inference/experiments/Synthetic/confounding_strong/cv_runs_baselines/treatment_shared_unit/candidates/treatment_shared_unit_candidate_0004/fold_4
cv,7,train_cv,6,1,/orcd/home/002/phevosp/MPLE-Causal-Inference/data/configs/REVISIONS/synth/cv_spec_baselines.yaml,confounding_strong,confounding_strong,/orcd/home/002/phevosp/MPLE-Causal-Inference/experiments/Synthetic/confounding_strong,treatment_shared_unit,treatment_shared_unit,treatment_shared_unit__candidate_0004,treatment_shared_unit_candidate_0004,4,5,/orcd/home/002/phevosp/MPLE-Causal-Inference/experiments/Synthetic/confounding_strong/cv_runs_baselines/treatment_shared_unit/candidates/treatment_shared_unit_candidate_0004/fold_5
cv,7,train_cv,6,1,/orcd/home/002/phevosp/MPLE-Causal-Inference/data/configs/REVISIONS/synth/cv_spec_baselines.yaml,confounding_strong,confounding_strong,/orcd/home/002/phevosp/MPLE-Causal-Inference/experiments/Synthetic/confounding_strong,treatment_shared_unit,treatment_shared_unit,treatment_shared_unit__candidate_0004,treatment_shared_unit_candidate_0004,4,6,/orcd/home/002/phevosp/MPLE-Causal-Inference/experiments/Synthetic/confounding_strong/cv_runs_baselines/treatment_shared_unit/candidates/treatment_shared_unit_candidate_0004/fold_6
cv,7,train_cv,6,1,/orcd/home/002/phevosp/MPLE-Causal-Inference/data/configs/REVISIONS/synth/cv_spec_baselines.yaml,confounding_strong,confounding_strong,/orcd/home/002/phevosp/MPLE-Causal-Inference/experiments/Synthetic/confounding_strong,treatment_shared_unit,treatment_shared_unit,treatment_shared_unit__candidate_0004,treatment_shared_unit_candidate_0004,4,7,/orcd/home/002/phevosp/MPLE-Causal-Inference/experiments/Synthetic/confounding_strong/cv_runs_baselines/treatment_shared_unit/candidates/treatment_shared_unit_candidate_0004/fold_7
cv,7,train_cv,6,1,/orcd/home/002/phevosp/MPLE-Causal-Inference/data/configs/REVISIONS/synth/cv_spec_baselines.yaml,confounding_strong,confounding_strong,/orcd/home/002/phevosp/MPLE-Causal-Inference/experiments/Synthetic/confounding_strong,treatment_shared_unit,treatment_shared_unit,treatment_shared_unit__candidate_0005,treatment_shared_unit_candidate_0005,5,1,/orcd/home/002/phevosp/MPLE-Causal-Inference/experiments/Synthetic/confounding_strong/cv_runs_baselines/treatment_shared_unit/candidates/treatment_shared_unit_candidate_0005/fold_1
cv,7,train_cv,6,1,/orcd/home/002/phevosp/MPLE-Causal-Inference/data/configs/REVISIONS/synth/cv_spec_baselines.yaml,confounding_strong,confounding_strong,/orcd/home/002/phevosp/MPLE-Causal-Inference/experiments/Synthetic/confounding_strong,treatment_shared_unit,treatment_shared_unit,treatment_shared_unit__candidate_0005,treatment_shared_unit_candidate_0005,5,2,/orcd/home/002/phevosp/MPLE-Causal-Inference/experiments/Synthetic/confounding_strong/cv_runs_baselines/treatment_shared_unit/candidates/treatment_shared_unit_candidate_0005/fold_2
cv,7,train_cv,6,1,/orcd/home/002/phevosp/MPLE-Causal-Inference/data/configs/REVISIONS/synth/cv_spec_baselines.yaml,confounding_strong,confounding_strong,/orcd/home/002/phevosp/MPLE-Causal-Inference/experiments/Synthetic/confounding_strong,treatment_shared_unit,treatment_shared_unit,treatment_shared_unit__candidate_0005,treatment_shared_unit_candidate_0005,5,3,/orcd/home/002/phevosp/MPLE-Causal-Inference/experiments/Synthetic/confounding_strong/cv_runs_baselines/treatment_shared_unit/candidates/treatment_shared_unit_candidate_0005/fold_3
cv,7,train_cv,6,1,/orcd/home/002/phevosp/MPLE-Causal-Inference/data/configs/REVISIONS/synth/cv_spec_baselines.yaml,confounding_strong,confounding_strong,/orcd/home/002/phevosp/MPLE-Causal-Inference/experiments/Synthetic/confounding_strong,treatment_shared_unit,treatment_shared_unit,treatment_shared_unit__candidate_0005,treatment_shared_unit_candidate_0005,5,4,/orcd/home/002/phevosp/MPLE-Causal-Inference/experiments/Synthetic/confounding_strong/cv_runs_baselines/treatment_shared_unit/candidates/treatment_shared_unit_candidate_0005/fold_4
cv,7,train_cv,6,1,/orcd/home/002/phevosp/MPLE-Causal-Inference/data/configs/REVISIONS/synth/cv_spec_baselines.yaml,confounding_strong,confounding_strong,/orcd/home/002/phevosp/MPLE-Causal-Inference/experiments/Synthetic/confounding_strong,treatment_shared_unit,treatment_shared_unit,treatment_shared_unit__candidate_0005,treatment_shared_unit_candidate_0005,5,5,/orcd/home/002/phevosp/MPLE-Causal-Inference/experiments/Synthetic/confounding_strong/cv_runs_baselines/treatment_shared_unit/candidates/treatment_shared_unit_candidate_0005/fold_5
cv,7,train_cv,6,1,/orcd/home/002/phevosp/MPLE-Causal-Inference/data/configs/REVISIONS/synth/cv_spec_baselines.yaml,confounding_strong,confounding_strong,/orcd/home/002/phevosp/MPLE-Causal-Inference/experiments/Synthetic/confounding_strong,treatment_shared_unit,treatment_shared_unit,treatment_shared_unit__candidate_0005,treatment_shared_unit_candidate_0005,5,6,/orcd/home/002/phevosp/MPLE-Causal-Inference/experiments/Synthetic/confounding_strong/cv_runs_baselines/treatment_shared_unit/candidates/treatment_shared_unit_candidate_0005/fold_6
cv,7,train_cv,6,1,/orcd/home/002/phevosp/MPLE-Causal-Inference/data/configs/REVISIONS/synth/cv_spec_baselines.yaml,confounding_strong,confounding_strong,/orcd/home/002/phevosp/MPLE-Causal-Inference/experiments/Synthetic/confounding_strong,treatment_shared_unit,treatment_shared_unit,treatment_shared_unit__candidate_0005,treatment_shared_unit_candidate_0005,5,7,/orcd/home/002/phevosp/MPLE-Causal-Inference/experiments/Synthetic/confounding_strong/cv_runs_baselines/treatment_shared_unit/candidates/treatment_shared_unit_candidate_0005/fold_7
cv,7,train_cv,6,1,/orcd/home/002/phevosp/MPLE-Causal-Inference/data/configs/REVISIONS/synth/cv_spec_baselines.yaml,confounding_strong,confounding_strong,/orcd/home/002/phevosp/MPLE-Causal-Inference/experiments/Synthetic/confounding_strong,treatment_shared_unit,treatment_shared_unit,treatment_shared_unit__candidate_0006,treatment_shared_unit_candidate_0006,6,1,/orcd/home/002/phevosp/MPLE-Causal-Inference/experiments/Synthetic/confounding_strong/cv_runs_baselines/treatment_shared_unit/candidates/treatment_shared_unit_candidate_0006/fold_1
cv,7,train_cv,6,1,/orcd/home/002/phevosp/MPLE-Causal-Inference/data/configs/REVISIONS/synth/cv_spec_baselines.yaml,confounding_strong,confounding_strong,/orcd/home/002/phevosp/MPLE-Causal-Inference/experiments/Synthetic/confounding_strong,treatment_shared_unit,treatment_shared_unit,treatment_shared_unit__candidate_0006,treatment_shared_unit_candidate_0006,6,2,/orcd/home/002/phevosp/MPLE-Causal-Inference/experiments/Synthetic/confounding_strong/cv_runs_baselines/treatment_shared_unit/candidates/treatment_shared_unit_candidate_0006/fold_2
cv,7,train_cv,6,1,/orcd/home/002/phevosp/MPLE-Causal-Inference/data/configs/REVISIONS/synth/cv_spec_baselines.yaml,confounding_strong,confounding_strong,/orcd/home/002/phevosp/MPLE-Causal-Inference/experiments/Synthetic/confounding_strong,treatment_shared_unit,treatment_shared_unit,treatment_shared_unit__candidate_0006,treatment_shared_unit_candidate_0006,6,3,/orcd/home/002/phevosp/MPLE-Causal-Inference/experiments/Synthetic/confounding_strong/cv_runs_baselines/treatment_shared_unit/candidates/treatment_shared_unit_candidate_0006/fold_3
cv,7,train_cv,6,1,/orcd/home/002/phevosp/MPLE-Causal-Inference/data/configs/REVISIONS/synth/cv_spec_baselines.yaml,confounding_strong,confounding_strong,/orcd/home/002/phevosp/MPLE-Causal-Inference/experiments/Synthetic/confounding_strong,treatment_shared_unit,treatment_shared_unit,treatment_shared_unit__candidate_0006,treatment_shared_unit_candidate_0006,6,4,/orcd/home/002/phevosp/MPLE-Causal-Inference/experiments/Synthetic/confounding_strong/cv_runs_baselines/treatment_shared_unit/candidates/treatment_shared_unit_candidate_0006/fold_4
cv,7,train_cv,6,1,/orcd/home/002/phevosp/MPLE-Causal-Inference/data/configs/REVISIONS/synth/cv_spec_baselines.yaml,confounding_strong,confounding_strong,/orcd/home/002/phevosp/MPLE-Causal-Inference/experiments/Synthetic/confounding_strong,treatment_shared_unit,treatment_shared_unit,treatment_shared_unit__candidate_0006,treatment_shared_unit_candidate_0006,6,5,/orcd/home/002/phevosp/MPLE-Causal-Inference/experiments/Synthetic/confounding_strong/cv_runs_baselines/treatment_shared_unit/candidates/treatment_shared_unit_candidate_0006/fold_5
cv,7,train_cv,6,1,/orcd/home/002/phevosp/MPLE-Causal-Inference/data/configs/REVISIONS/synth/cv_spec_baselines.yaml,confounding_strong,confounding_strong,/orcd/home/002/phevosp/MPLE-Causal-Inference/experiments/Synthetic/confounding_strong,treatment_shared_unit,treatment_shared_unit,treatment_shared_unit__candidate_0006,treatment_shared_unit_candidate_0006,6,6,/orcd/home/002/phevosp/MPLE-Causal-Inference/experiments/Synthetic/confounding_strong/cv_runs_baselines/treatment_shared_unit/candidates/treatment_shared_unit_candidate_0006/fold_6
cv,7,train_cv,6,1,/orcd/home/002/phevosp/MPLE-Causal-Inference/data/configs/REVISIONS/synth/cv_spec_baselines.yaml,confounding_strong,confounding_strong,/orcd/home/002/phevosp/MPLE-Causal-Inference/experiments/Synthetic/confounding_strong,treatment_shared_unit,treatment_shared_unit,treatment_shared_unit__candidate_0006,treatment_shared_unit_candidate_0006,6,7,/orcd/home/002/phevosp/MPLE-Causal-Inference/experiments/Synthetic/confounding_strong/cv_runs_baselines/treatment_shared_unit/candidates/treatment_shared_unit_candidate_0006/fold_7
cv,7,train_cv,6,1,/orcd/home/002/phevosp/MPLE-Causal-Inference/data/configs/REVISIONS/synth/cv_spec_baselines.yaml,confounding_strong,confounding_strong,/orcd/home/002/phevosp/MPLE-Causal-Inference/experiments/Synthetic/confounding_strong,treatment_shared_unit,treatment_shared_unit,treatment_shared_unit__candidate_0007,treatment_shared_unit_candidate_0007,7,1,/orcd/home/002/phevosp/MPLE-Causal-Inference/experiments/Synthetic/confounding_strong/cv_runs_baselines/treatment_shared_unit/candidates/treatment_shared_unit_candidate_0007/fold_1
cv,7,train_cv,6,1,/orcd/home/002/phevosp/MPLE-Causal-Inference/data/configs/REVISIONS/synth/cv_spec_baselines.yaml,confounding_strong,confounding_strong,/orcd/home/002/phevosp/MPLE-Causal-Inference/experiments/Synthetic/confounding_strong,treatment_shared_unit,treatment_shared_unit,treatment_shared_unit__candidate_0007,treatment_shared_unit_candidate_0007,7,2,/orcd/home/002/phevosp/MPLE-Causal-Inference/experiments/Synthetic/confounding_strong/cv_runs_baselines/treatment_shared_unit/candidates/treatment_shared_unit_candidate_0007/fold_2
cv,7,train_cv,6,1,/orcd/home/002/phevosp/MPLE-Causal-Inference/data/configs/REVISIONS/synth/cv_spec_baselines.yaml,confounding_strong,confounding_strong,/orcd/home/002/phevosp/MPLE-Causal-Inference/experiments/Synthetic/confounding_strong,treatment_shared_unit,treatment_shared_unit,treatment_shared_unit__candidate_0007,treatment_shared_unit_candidate_0007,7,3,/orcd/home/002/phevosp/MPLE-Causal-Inference/experiments/Synthetic/confounding_strong/cv_runs_baselines/treatment_shared_unit/candidates/treatment_shared_unit_candidate_0007/fold_3
cv,7,train_cv,6,1,/orcd/home/002/phevosp/MPLE-Causal-Inference/data/configs/REVISIONS/synth/cv_spec_baselines.yaml,confounding_strong,confounding_strong,/orcd/home/002/phevosp/MPLE-Causal-Inference/experiments/Synthetic/confounding_strong,treatment_shared_unit,treatment_shared_unit,treatment_shared_unit__candidate_0007,treatment_shared_unit_candidate_0007,7,4,/orcd/home/002/phevosp/MPLE-Causal-Inference/experiments/Synthetic/confounding_strong/cv_runs_baselines/treatment_shared_unit/candidates/treatment_shared_unit_candidate_0007/fold_4
cv,7,train_cv,6,1,/orcd/home/002/phevosp/MPLE-Causal-Inference/data/configs/REVISIONS/synth/cv_spec_baselines.yaml,confounding_strong,confounding_strong,/orcd/home/002/phevosp/MPLE-Causal-Inference/experiments/Synthetic/confounding_strong,treatment_shared_unit,treatment_shared_unit,treatment_shared_unit__candidate_0007,treatment_shared_unit_candidate_0007,7,5,/orcd/home/002/phevosp/MPLE-Causal-Inference/experiments/Synthetic/confounding_strong/cv_runs_baselines/treatment_shared_unit/candidates/treatment_shared_unit_candidate_0007/fold_5
cv,7,train_cv,6,1,/orcd/home/002/phevosp/MPLE-Causal-Inference/data/configs/REVISIONS/synth/cv_spec_baselines.yaml,confounding_strong,confounding_strong,/orcd/home/002/phevosp/MPLE-Causal-Inference/experiments/Synthetic/confounding_strong,treatment_shared_unit,treatment_shared_unit,treatment_shared_unit__candidate_0007,treatment_shared_unit_candidate_0007,7,6,/orcd/home/002/phevosp/MPLE-Causal-Inference/experiments/Synthetic/confounding_strong/cv_runs_baselines/treatment_shared_unit/candidates/treatment_shared_unit_candidate_0007/fold_6
cv,7,train_cv,6,1,/orcd/home/002/phevosp/MPLE-Causal-Inference/data/configs/REVISIONS/synth/cv_spec_baselines.yaml,confounding_strong,confounding_strong,/orcd/home/002/phevosp/MPLE-Causal-Inference/experiments/Synthetic/confounding_strong,treatment_shared_unit,treatment_shared_unit,treatment_shared_unit__candidate_0007,treatment_shared_unit_candidate_0007,7,7,/orcd/home/002/phevosp/MPLE-Causal-Inference/experiments/Synthetic/confounding_strong/cv_runs_baselines/treatment_shared_unit/candidates/treatment_shared_unit_candidate_0007/fold_7
cv,7,train_cv,6,1,/orcd/home/002/phevosp/MPLE-Causal-Inference/data/configs/REVISIONS/synth/cv_spec_baselines.yaml,confounding_strong,confounding_strong,/orcd/home/002/phevosp/MPLE-Causal-Inference/experiments/Synthetic/confounding_strong,treatment_shared_unit,treatment_shared_unit,treatment_shared_unit__candidate_0008,treatment_shared_unit_candidate_0008,8,1,/orcd/home/002/phevosp/MPLE-Causal-Inference/experiments/Synthetic/confounding_strong/cv_runs_baselines/treatment_shared_unit/candidates/treatment_shared_unit_candidate_0008/fold_1
cv,7,train_cv,6,1,/orcd/home/002/phevosp/MPLE-Causal-Inference/data/configs/REVISIONS/synth/cv_spec_baselines.yaml,confounding_strong,confounding_strong,/orcd/home/002/phevosp/MPLE-Causal-Inference/experiments/Synthetic/confounding_strong,treatment_shared_unit,treatment_shared_unit,treatment_shared_unit__candidate_0008,treatment_shared_unit_candidate_0008,8,2,/orcd/home/002/phevosp/MPLE-Causal-Inference/experiments/Synthetic/confounding_strong/cv_runs_baselines/treatment_shared_unit/candidates/treatment_shared_unit_candidate_0008/fold_2
cv,7,train_cv,6,1,/orcd/home/002/phevosp/MPLE-Causal-Inference/data/configs/REVISIONS/synth/cv_spec_baselines.yaml,confounding_strong,confounding_strong,/orcd/home/002/phevosp/MPLE-Causal-Inference/experiments/Synthetic/confounding_strong,treatment_shared_unit,treatment_shared_unit,treatment_shared_unit__candidate_0008,treatment_shared_unit_candidate_0008,8,3,/orcd/home/002/phevosp/MPLE-Causal-Inference/experiments/Synthetic/confounding_strong/cv_runs_baselines/treatment_shared_unit/candidates/treatment_shared_unit_candidate_0008/fold_3
cv,7,train_cv,6,1,/orcd/home/002/phevosp/MPLE-Causal-Inference/data/configs/REVISIONS/synth/cv_spec_baselines.yaml,confounding_strong,confounding_strong,/orcd/home/002/phevosp/MPLE-Causal-Inference/experiments/Synthetic/confounding_strong,treatment_shared_unit,treatment_shared_unit,treatment_shared_unit__candidate_0008,treatment_shared_unit_candidate_0008,8,4,/orcd/home/002/phevosp/MPLE-Causal-Inference/experiments/Synthetic/confounding_strong/cv_runs_baselines/treatment_shared_unit/candidates/treatment_shared_unit_candidate_0008/fold_4
cv,7,train_cv,6,1,/orcd/home/002/phevosp/MPLE-Causal-Inference/data/configs/REVISIONS/synth/cv_spec_baselines.yaml,confounding_strong,confounding_strong,/orcd/home/002/phevosp/MPLE-Causal-Inference/experiments/Synthetic/confounding_strong,treatment_shared_unit,treatment_shared_unit,treatment_shared_unit__candidate_0008,treatment_shared_unit_candidate_0008,8,5,/orcd/home/002/phevosp/MPLE-Causal-Inference/experiments/Synthetic/confounding_strong/cv_runs_baselines/treatment_shared_unit/candidates/treatment_shared_unit_candidate_0008/fold_5
cv,7,train_cv,6,1,/orcd/home/002/phevosp/MPLE-Causal-Inference/data/configs/REVISIONS/synth/cv_spec_baselines.yaml,confounding_strong,confounding_strong,/orcd/home/002/phevosp/MPLE-Causal-Inference/experiments/Synthetic/confounding_strong,treatment_shared_unit,treatment_shared_unit,treatment_shared_unit__candidate_0008,treatment_shared_unit_candidate_0008,8,6,/orcd/home/002/phevosp/MPLE-Causal-Inference/experiments/Synthetic/confounding_strong/cv_runs_baselines/treatment_shared_unit/candidates/treatment_shared_unit_candidate_0008/fold_6
cv,7,train_cv,6,1,/orcd/home/002/phevosp/MPLE-Causal-Inference/data/configs/REVISIONS/synth/cv_spec_baselines.yaml,confounding_strong,confounding_strong,/orcd/home/002/phevosp/MPLE-Causal-Inference/experiments/Synthetic/confounding_strong,treatment_shared_unit,treatment_shared_unit,treatment_shared_unit__candidate_0008,treatment_shared_unit_candidate_0008,8,7,/orcd/home/002/phevosp/MPLE-Causal-Inference/experiments/Synthetic/confounding_strong/cv_runs_baselines/treatment_shared_unit/candidates/treatment_shared_unit_candidate_0008/fold_7
cv,7,train_cv,6,1,/orcd/home/002/phevosp/MPLE-Causal-Inference/data/configs/REVISIONS/synth/cv_spec_baselines.yaml,confounding_strong,confounding_strong,/orcd/home/002/phevosp/MPLE-Causal-Inference/experiments/Synthetic/confounding_strong,treatment_shared_unit,treatment_shared_unit,treatment_shared_unit__candidate_0009,treatment_shared_unit_candidate_0009,9,1,/orcd/home/002/phevosp/MPLE-Causal-Inference/experiments/Synthetic/confounding_strong/cv_runs_baselines/treatment_shared_unit/candidates/treatment_shared_unit_candidate_0009/fold_1
cv,7,train_cv,6,1,/orcd/home/002/phevosp/MPLE-Causal-Inference/data/configs/REVISIONS/synth/cv_spec_baselines.yaml,confounding_strong,confounding_strong,/orcd/home/002/phevosp/MPLE-Causal-Inference/experiments/Synthetic/confounding_strong,treatment_shared_unit,treatment_shared_unit,treatment_shared_unit__candidate_0009,treatment_shared_unit_candidate_0009,9,2,/orcd/home/002/phevosp/MPLE-Causal-Inference/experiments/Synthetic/confounding_strong/cv_runs_baselines/treatment_shared_unit/candidates/treatment_shared_unit_candidate_0009/fold_2
cv,7,train_cv,6,1,/orcd/home/002/phevosp/MPLE-Causal-Inference/data/configs/REVISIONS/synth/cv_spec_baselines.yaml,confounding_strong,confounding_strong,/orcd/home/002/phevosp/MPLE-Causal-Inference/experiments/Synthetic/confounding_strong,treatment_shared_unit,treatment_shared_unit,treatment_shared_unit__candidate_0009,treatment_shared_unit_candidate_0009,9,3,/orcd/home/002/phevosp/MPLE-Causal-Inference/experiments/Synthetic/confounding_strong/cv_runs_baselines/treatment_shared_unit/candidates/treatment_shared_unit_candidate_0009/fold_3
cv,7,train_cv,6,1,/orcd/home/002/phevosp/MPLE-Causal-Inference/data/configs/REVISIONS/synth/cv_spec_baselines.yaml,confounding_strong,confounding_strong,/orcd/home/002/phevosp/MPLE-Causal-Inference/experiments/Synthetic/confounding_strong,treatment_shared_unit,treatment_shared_unit,treatment_shared_unit__candidate_0009,treatment_shared_unit_candidate_0009,9,4,/orcd/home/002/phevosp/MPLE-Causal-Inference/experiments/Synthetic/confounding_strong/cv_runs_baselines/treatment_shared_unit/candidates/treatment_shared_unit_candidate_0009/fold_4
cv,7,train_cv,6,1,/orcd/home/002/phevosp/MPLE-Causal-Inference/data/configs/REVISIONS/synth/cv_spec_baselines.yaml,confounding_strong,confounding_strong,/orcd/home/002/phevosp/MPLE-Causal-Inference/experiments/Synthetic/confounding_strong,treatment_shared_unit,treatment_shared_unit,treatment_shared_unit__candidate_0009,treatment_shared_unit_candidate_0009,9,5,/orcd/home/002/phevosp/MPLE-Causal-Inference/experiments/Synthetic/confounding_strong/cv_runs_baselines/treatment_shared_unit/candidates/treatment_shared_unit_candidate_0009/fold_5
cv,7,train_cv,6,1,/orcd/home/002/phevosp/MPLE-Causal-Inference/data/configs/REVISIONS/synth/cv_spec_baselines.yaml,confounding_strong,confounding_strong,/orcd/home/002/phevosp/MPLE-Causal-Inference/experiments/Synthetic/confounding_strong,treatment_shared_unit,treatment_shared_unit,treatment_shared_unit__candidate_0009,treatment_shared_unit_candidate_0009,9,6,/orcd/home/002/phevosp/MPLE-Causal-Inference/experiments/Synthetic/confounding_strong/cv_runs_baselines/treatment_shared_unit/candidates/treatment_shared_unit_candidate_0009/fold_6
cv,7,train_cv,6,1,/orcd/home/002/phevosp/MPLE-Causal-Inference/data/configs/REVISIONS/synth/cv_spec_baselines.yaml,confounding_strong,confounding_strong,/orcd/home/002/phevosp/MPLE-Causal-Inference/experiments/Synthetic/confounding_strong,treatment_shared_unit,treatment_shared_unit,treatment_shared_unit__candidate_0009,treatment_shared_unit_candidate_0009,9,7,/orcd/home/002/phevosp/MPLE-Causal-Inference/experiments/Synthetic/confounding_strong/cv_runs_baselines/treatment_shared_unit/candidates/treatment_shared_unit_candidate_0009/fold_7
cv,7,train_cv,6,1,/orcd/home/002/phevosp/MPLE-Causal-Inference/data/configs/REVISIONS/synth/cv_spec_baselines.yaml,confounding_strong,confounding_strong,/orcd/home/002/phevosp/MPLE-Causal-Inference/experiments/Synthetic/confounding_strong,treatment_shared_unit,treatment_shared_unit,treatment_shared_unit__candidate_0010,treatment_shared_unit_candidate_0010,10,1,/orcd/home/002/phevosp/MPLE-Causal-Inference/experiments/Synthetic/confounding_strong/cv_runs_baselines/treatment_shared_unit/candidates/treatment_shared_unit_candidate_0010/fold_1
cv,7,train_cv,6,1,/orcd/home/002/phevosp/MPLE-Causal-Inference/data/configs/REVISIONS/synth/cv_spec_baselines.yaml,confounding_strong,confounding_strong,/orcd/home/002/phevosp/MPLE-Causal-Inference/experiments/Synthetic/confounding_strong,treatment_shared_unit,treatment_shared_unit,treatment_shared_unit__candidate_0010,treatment_shared_unit_candidate_0010,10,2,/orcd/home/002/phevosp/MPLE-Causal-Inference/experiments/Synthetic/confounding_strong/cv_runs_baselines/treatment_shared_unit/candidates/treatment_shared_unit_candidate_0010/fold_2
cv,7,train_cv,6,1,/orcd/home/002/phevosp/MPLE-Causal-Inference/data/configs/REVISIONS/synth/cv_spec_baselines.yaml,confounding_strong,confounding_strong,/orcd/home/002/phevosp/MPLE-Causal-Inference/experiments/Synthetic/confounding_strong,treatment_shared_unit,treatment_shared_unit,treatment_shared_unit__candidate_0010,treatment_shared_unit_candidate_0010,10,3,/orcd/home/002/phevosp/MPLE-Causal-Inference/experiments/Synthetic/confounding_strong/cv_runs_baselines/treatment_shared_unit/candidates/treatment_shared_unit_candidate_0010/fold_3
cv,7,train_cv,6,1,/orcd/home/002/phevosp/MPLE-Causal-Inference/data/configs/REVISIONS/synth/cv_spec_baselines.yaml,confounding_strong,confounding_strong,/orcd/home/002/phevosp/MPLE-Causal-Inference/experiments/Synthetic/confounding_strong,treatment_shared_unit,treatment_shared_unit,treatment_shared_unit__candidate_0010,treatment_shared_unit_candidate_0010,10,4,/orcd/home/002/phevosp/MPLE-Causal-Inference/experiments/Synthetic/confounding_strong/cv_runs_baselines/treatment_shared_unit/candidates/treatment_shared_unit_candidate_0010/fold_4
cv,7,train_cv,6,1,/orcd/home/002/phevosp/MPLE-Causal-Inference/data/configs/REVISIONS/synth/cv_spec_baselines.yaml,confounding_strong,confounding_strong,/orcd/home/002/phevosp/MPLE-Causal-Inference/experiments/Synthetic/confounding_strong,treatment_shared_unit,treatment_shared_unit,treatment_shared_unit__candidate_0010,treatment_shared_unit_candidate_0010,10,5,/orcd/home/002/phevosp/MPLE-Causal-Inference/experiments/Synthetic/confounding_strong/cv_runs_baselines/treatment_shared_unit/candidates/treatment_shared_unit_candidate_0010/fold_5
cv,7,train_cv,6,1,/orcd/home/002/phevosp/MPLE-Causal-Inference/data/configs/REVISIONS/synth/cv_spec_baselines.yaml,confounding_strong,confounding_strong,/orcd/home/002/phevosp/MPLE-Causal-Inference/experiments/Synthetic/confounding_strong,treatment_shared_unit,treatment_shared_unit,treatment_shared_unit__candidate_0010,treatment_shared_unit_candidate_0010,10,6,/orcd/home/002/phevosp/MPLE-Causal-Inference/experiments/Synthetic/confounding_strong/cv_runs_baselines/treatment_shared_unit/candidates/treatment_shared_unit_candidate_0010/fold_6
cv,7,train_cv,6,1,/orcd/home/002/phevosp/MPLE-Causal-Inference/data/configs/REVISIONS/synth/cv_spec_baselines.yaml,confounding_strong,confounding_strong,/orcd/home/002/phevosp/MPLE-Causal-Inference/experiments/Synthetic/confounding_strong,treatment_shared_unit,treatment_shared_unit,treatment_shared_unit__candidate_0010,treatment_shared_unit_candidate_0010,10,7,/orcd/home/002/phevosp/MPLE-Causal-Inference/experiments/Synthetic/confounding_strong/cv_runs_baselines/treatment_shared_unit/candidates/treatment_shared_unit_candidate_0010/fold_7
cv,7,train_cv,6,1,/orcd/home/002/phevosp/MPLE-Causal-Inference/data/configs/REVISIONS/synth/cv_spec_baselines.yaml,confounding_strong,confounding_strong,/orcd/home/002/phevosp/MPLE-Causal-Inference/experiments/Synthetic/confounding_strong,treatment_shared_unit,treatment_shared_unit,treatment_shared_unit__candidate_0011,treatment_shared_unit_candidate_0011,11,1,/orcd/home/002/phevosp/MPLE-Causal-Inference/experiments/Synthetic/confounding_strong/cv_runs_baselines/treatment_shared_unit/candidates/treatment_shared_unit_candidate_0011/fold_1
cv,7,train_cv,6,1,/orcd/home/002/phevosp/MPLE-Causal-Inference/data/configs/REVISIONS/synth/cv_spec_baselines.yaml,confounding_strong,confounding_strong,/orcd/home/002/phevosp/MPLE-Causal-Inference/experiments/Synthetic/confounding_strong,treatment_shared_unit,treatment_shared_unit,treatment_shared_unit__candidate_0011,treatment_shared_unit_candidate_0011,11,2,/orcd/home/002/phevosp/MPLE-Causal-Inference/experiments/Synthetic/confounding_strong/cv_runs_baselines/treatment_shared_unit/candidates/treatment_shared_unit_candidate_0011/fold_2
cv,7,train_cv,6,1,/orcd/home/002/phevosp/MPLE-Causal-Inference/data/configs/REVISIONS/synth/cv_spec_baselines.yaml,confounding_strong,confounding_strong,/orcd/home/002/phevosp/MPLE-Causal-Inference/experiments/Synthetic/confounding_strong,treatment_shared_unit,treatment_shared_unit,treatment_shared_unit__candidate_0011,treatment_shared_unit_candidate_0011,11,3,/orcd/home/002/phevosp/MPLE-Causal-Inference/experiments/Synthetic/confounding_strong/cv_runs_baselines/treatment_shared_unit/candidates/treatment_shared_unit_candidate_0011/fold_3
cv,7,train_cv,6,1,/orcd/home/002/phevosp/MPLE-Causal-Inference/data/configs/REVISIONS/synth/cv_spec_baselines.yaml,confounding_strong,confounding_strong,/orcd/home/002/phevosp/MPLE-Causal-Inference/experiments/Synthetic/confounding_strong,treatment_shared_unit,treatment_shared_unit,treatment_shared_unit__candidate_0011,treatment_shared_unit_candidate_0011,11,4,/orcd/home/002/phevosp/MPLE-Causal-Inference/experiments/Synthetic/confounding_strong/cv_runs_baselines/treatment_shared_unit/candidates/treatment_shared_unit_candidate_0011/fold_4
cv,7,train_cv,6,1,/orcd/home/002/phevosp/MPLE-Causal-Inference/data/configs/REVISIONS/synth/cv_spec_baselines.yaml,confounding_strong,confounding_strong,/orcd/home/002/phevosp/MPLE-Causal-Inference/experiments/Synthetic/confounding_strong,treatment_shared_unit,treatment_shared_unit,treatment_shared_unit__candidate_0011,treatment_shared_unit_candidate_0011,11,5,/orcd/home/002/phevosp/MPLE-Causal-Inference/experiments/Synthetic/confounding_strong/cv_runs_baselines/treatment_shared_unit/candidates/treatment_shared_unit_candidate_0011/fold_5
cv,7,train_cv,6,1,/orcd/home/002/phevosp/MPLE-Causal-Inference/data/configs/REVISIONS/synth/cv_spec_baselines.yaml,confounding_strong,confounding_strong,/orcd/home/002/phevosp/MPLE-Causal-Inference/experiments/Synthetic/confounding_strong,treatment_shared_unit,treatment_shared_unit,treatment_shared_unit__candidate_0011,treatment_shared_unit_candidate_0011,11,6,/orcd/home/002/phevosp/MPLE-Causal-Inference/experiments/Synthetic/confounding_strong/cv_runs_baselines/treatment_shared_unit/candidates/treatment_shared_unit_candidate_0011/fold_6
cv,7,train_cv,6,1,/orcd/home/002/phevosp/MPLE-Causal-Inference/data/configs/REVISIONS/synth/cv_spec_baselines.yaml,confounding_strong,confounding_strong,/orcd/home/002/phevosp/MPLE-Causal-Inference/experiments/Synthetic/confounding_strong,treatment_shared_unit,treatment_shared_unit,treatment_shared_unit__candidate_0011,treatment_shared_unit_candidate_0011,11,7,/orcd/home/002/phevosp/MPLE-Causal-Inference/experiments/Synthetic/confounding_strong/cv_runs_baselines/treatment_shared_unit/candidates/treatment_shared_unit_candidate_0011/fold_7
cv,7,train_cv,6,1,/orcd/home/002/phevosp/MPLE-Causal-Inference/data/configs/REVISIONS/synth/cv_spec_baselines.yaml,confounding_strong,confounding_strong,/orcd/home/002/phevosp/MPLE-Causal-Inference/experiments/Synthetic/confounding_strong,treatment_shared_unit,treatment_shared_unit,treatment_shared_unit__candidate_0012,treatment_shared_unit_candidate_0012,12,1,/orcd/home/002/phevosp/MPLE-Causal-Inference/experiments/Synthetic/confounding_strong/cv_runs_baselines/treatment_shared_unit/candidates/treatment_shared_unit_candidate_0012/fold_1
cv,7,train_cv,6,1,/orcd/home/002/phevosp/MPLE-Causal-Inference/data/configs/REVISIONS/synth/cv_spec_baselines.yaml,confounding_strong,confounding_strong,/orcd/home/002/phevosp/MPLE-Causal-Inference/experiments/Synthetic/confounding_strong,treatment_shared_unit,treatment_shared_unit,treatment_shared_unit__candidate_0012,treatment_shared_unit_candidate_0012,12,2,/orcd/home/002/phevosp/MPLE-Causal-Inference/experiments/Synthetic/confounding_strong/cv_runs_baselines/treatment_shared_unit/candidates/treatment_shared_unit_candidate_0012/fold_2
cv,7,train_cv,6,1,/orcd/home/002/phevosp/MPLE-Causal-Inference/data/configs/REVISIONS/synth/cv_spec_baselines.yaml,confounding_strong,confounding_strong,/orcd/home/002/phevosp/MPLE-Causal-Inference/experiments/Synthetic/confounding_strong,treatment_shared_unit,treatment_shared_unit,treatment_shared_unit__candidate_0012,treatment_shared_unit_candidate_0012,12,3,/orcd/home/002/phevosp/MPLE-Causal-Inference/experiments/Synthetic/confounding_strong/cv_runs_baselines/treatment_shared_unit/candidates/treatment_shared_unit_candidate_0012/fold_3
cv,7,train_cv,6,1,/orcd/home/002/phevosp/MPLE-Causal-Inference/data/configs/REVISIONS/synth/cv_spec_baselines.yaml,confounding_strong,confounding_strong,/orcd/home/002/phevosp/MPLE-Causal-Inference/experiments/Synthetic/confounding_strong,treatment_shared_unit,treatment_shared_unit,treatment_shared_unit__candidate_0012,treatment_shared_unit_candidate_0012,12,4,/orcd/home/002/phevosp/MPLE-Causal-Inference/experiments/Synthetic/confounding_strong/cv_runs_baselines/treatment_shared_unit/candidates/treatment_shared_unit_candidate_0012/fold_4
cv,7,train_cv,6,1,/orcd/home/002/phevosp/MPLE-Causal-Inference/data/configs/REVISIONS/synth/cv_spec_baselines.yaml,confounding_strong,confounding_strong,/orcd/home/002/phevosp/MPLE-Causal-Inference/experiments/Synthetic/confounding_strong,treatment_shared_unit,treatment_shared_unit,treatment_shared_unit__candidate_0012,treatment_shared_unit_candidate_0012,12,5,/orcd/home/002/phevosp/MPLE-Causal-Inference/experiments/Synthetic/confounding_strong/cv_runs_baselines/treatment_shared_unit/candidates/treatment_shared_unit_candidate_0012/fold_5
cv,7,train_cv,6,1,/orcd/home/002/phevosp/MPLE-Causal-Inference/data/configs/REVISIONS/synth/cv_spec_baselines.yaml,confounding_strong,confounding_strong,/orcd/home/002/phevosp/MPLE-Causal-Inference/experiments/Synthetic/confounding_strong,treatment_shared_unit,treatment_shared_unit,treatment_shared_unit__candidate_0012,treatment_shared_unit_candidate_0012,12,6,/orcd/home/002/phevosp/MPLE-Causal-Inference/experiments/Synthetic/confounding_strong/cv_runs_baselines/treatment_shared_unit/candidates/treatment_shared_unit_candidate_0012/fold_6
cv,7,train_cv,6,1,/orcd/home/002/phevosp/MPLE-Causal-Inference/data/configs/REVISIONS/synth/cv_spec_baselines.yaml,confounding_strong,confounding_strong,/orcd/home/002/phevosp/MPLE-Causal-Inference/experiments/Synthetic/confounding_strong,treatment_shared_unit,treatment_shared_unit,treatment_shared_unit__candidate_0012,treatment_shared_unit_candidate_0012,12,7,/orcd/home/002/phevosp/MPLE-Causal-Inference/experiments/Synthetic/confounding_strong/cv_runs_baselines/treatment_shared_unit/candidates/treatment_shared_unit_candidate_0012/fold_7
cv,7,train_cv,6,1,/orcd/home/002/phevosp/MPLE-Causal-Inference/data/configs/REVISIONS/synth/cv_spec_baselines.yaml,confounding_strong,confounding_strong,/orcd/home/002/phevosp/MPLE-Causal-Inference/experiments/Synthetic/confounding_strong,treatment_shared_unit,treatment_shared_unit,treatment_shared_unit__candidate_0013,treatment_shared_unit_candidate_0013,13,1,/orcd/home/002/phevosp/MPLE-Causal-Inference/experiments/Synthetic/confounding_strong/cv_runs_baselines/treatment_shared_unit/candidates/treatment_shared_unit_candidate_0013/fold_1
cv,7,train_cv,6,1,/orcd/home/002/phevosp/MPLE-Causal-Inference/data/configs/REVISIONS/synth/cv_spec_baselines.yaml,confounding_strong,confounding_strong,/orcd/home/002/phevosp/MPLE-Causal-Inference/experiments/Synthetic/confounding_strong,treatment_shared_unit,treatment_shared_unit,treatment_shared_unit__candidate_0013,treatment_shared_unit_candidate_0013,13,2,/orcd/home/002/phevosp/MPLE-Causal-Inference/experiments/Synthetic/confounding_strong/cv_runs_baselines/treatment_shared_unit/candidates/treatment_shared_unit_candidate_0013/fold_2
cv,7,train_cv,6,1,/orcd/home/002/phevosp/MPLE-Causal-Inference/data/configs/REVISIONS/synth/cv_spec_baselines.yaml,confounding_strong,confounding_strong,/orcd/home/002/phevosp/MPLE-Causal-Inference/experiments/Synthetic/confounding_strong,treatment_shared_unit,treatment_shared_unit,treatment_shared_unit__candidate_0013,treatment_shared_unit_candidate_0013,13,3,/orcd/home/002/phevosp/MPLE-Causal-Inference/experiments/Synthetic/confounding_strong/cv_runs_baselines/treatment_shared_unit/candidates/treatment_shared_unit_candidate_0013/fold_3
cv,7,train_cv,6,1,/orcd/home/002/phevosp/MPLE-Causal-Inference/data/configs/REVISIONS/synth/cv_spec_baselines.yaml,confounding_strong,confounding_strong,/orcd/home/002/phevosp/MPLE-Causal-Inference/experiments/Synthetic/confounding_strong,treatment_shared_unit,treatment_shared_unit,treatment_shared_unit__candidate_0013,treatment_shared_unit_candidate_0013,13,4,/orcd/home/002/phevosp/MPLE-Causal-Inference/experiments/Synthetic/confounding_strong/cv_runs_baselines/treatment_shared_unit/candidates/treatment_shared_unit_candidate_0013/fold_4
cv,7,train_cv,6,1,/orcd/home/002/phevosp/MPLE-Causal-Inference/data/configs/REVISIONS/synth/cv_spec_baselines.yaml,confounding_strong,confounding_strong,/orcd/home/002/phevosp/MPLE-Causal-Inference/experiments/Synthetic/confounding_strong,treatment_shared_unit,treatment_shared_unit,treatment_shared_unit__candidate_0013,treatment_shared_unit_candidate_0013,13,5,/orcd/home/002/phevosp/MPLE-Causal-Inference/experiments/Synthetic/confounding_strong/cv_runs_baselines/treatment_shared_unit/candidates/treatment_shared_unit_candidate_0013/fold_5
cv,7,train_cv,6,1,/orcd/home/002/phevosp/MPLE-Causal-Inference/data/configs/REVISIONS/synth/cv_spec_baselines.yaml,confounding_strong,confounding_strong,/orcd/home/002/phevosp/MPLE-Causal-Inference/experiments/Synthetic/confounding_strong,treatment_shared_unit,treatment_shared_unit,treatment_shared_unit__candidate_0013,treatment_shared_unit_candidate_0013,13,6,/orcd/home/002/phevosp/MPLE-Causal-Inference/experiments/Synthetic/confounding_strong/cv_runs_baselines/treatment_shared_unit/candidates/treatment_shared_unit_candidate_0013/fold_6
cv,7,train_cv,6,1,/orcd/home/002/phevosp/MPLE-Causal-Inference/data/configs/REVISIONS/synth/cv_spec_baselines.yaml,confounding_strong,confounding_strong,/orcd/home/002/phevosp/MPLE-Causal-Inference/experiments/Synthetic/confounding_strong,treatment_shared_unit,treatment_shared_unit,treatment_shared_unit__candidate_0013,treatment_shared_unit_candidate_0013,13,7,/orcd/home/002/phevosp/MPLE-Causal-Inference/experiments/Synthetic/confounding_strong/cv_runs_baselines/treatment_shared_unit/candidates/treatment_shared_unit_candidate_0013/fold_7
cv,7,train_cv,6,1,/orcd/home/002/phevosp/MPLE-Causal-Inference/data/configs/REVISIONS/synth/cv_spec_baselines.yaml,confounding_strong,confounding_strong,/orcd/home/002/phevosp/MPLE-Causal-Inference/experiments/Synthetic/confounding_strong,treatment_shared_unit,treatment_shared_unit,treatment_shared_unit__candidate_0014,treatment_shared_unit_candidate_0014,14,1,/orcd/home/002/phevosp/MPLE-Causal-Inference/experiments/Synthetic/confounding_strong/cv_runs_baselines/treatment_shared_unit/candidates/treatment_shared_unit_candidate_0014/fold_1
cv,7,train_cv,6,1,/orcd/home/002/phevosp/MPLE-Causal-Inference/data/configs/REVISIONS/synth/cv_spec_baselines.yaml,confounding_strong,confounding_strong,/orcd/home/002/phevosp/MPLE-Causal-Inference/experiments/Synthetic/confounding_strong,treatment_shared_unit,treatment_shared_unit,treatment_shared_unit__candidate_0014,treatment_shared_unit_candidate_0014,14,2,/orcd/home/002/phevosp/MPLE-Causal-Inference/experiments/Synthetic/confounding_strong/cv_runs_baselines/treatment_shared_unit/candidates/treatment_shared_unit_candidate_0014/fold_2
cv,7,train_cv,6,1,/orcd/home/002/phevosp/MPLE-Causal-Inference/data/configs/REVISIONS/synth/cv_spec_baselines.yaml,confounding_strong,confounding_strong,/orcd/home/002/phevosp/MPLE-Causal-Inference/experiments/Synthetic/confounding_strong,treatment_shared_unit,treatment_shared_unit,treatment_shared_unit__candidate_0014,treatment_shared_unit_candidate_0014,14,3,/orcd/home/002/phevosp/MPLE-Causal-Inference/experiments/Synthetic/confounding_strong/cv_runs_baselines/treatment_shared_unit/candidates/treatment_shared_unit_candidate_0014/fold_3
cv,7,train_cv,6,1,/orcd/home/002/phevosp/MPLE-Causal-Inference/data/configs/REVISIONS/synth/cv_spec_baselines.yaml,confounding_strong,confounding_strong,/orcd/home/002/phevosp/MPLE-Causal-Inference/experiments/Synthetic/confounding_strong,treatment_shared_unit,treatment_shared_unit,treatment_shared_unit__candidate_0014,treatment_shared_unit_candidate_0014,14,4,/orcd/home/002/phevosp/MPLE-Causal-Inference/experiments/Synthetic/confounding_strong/cv_runs_baselines/treatment_shared_unit/candidates/treatment_shared_unit_candidate_0014/fold_4
cv,7,train_cv,6,1,/orcd/home/002/phevosp/MPLE-Causal-Inference/data/configs/REVISIONS/synth/cv_spec_baselines.yaml,confounding_strong,confounding_strong,/orcd/home/002/phevosp/MPLE-Causal-Inference/experiments/Synthetic/confounding_strong,treatment_shared_unit,treatment_shared_unit,treatment_shared_unit__candidate_0014,treatment_shared_unit_candidate_0014,14,5,/orcd/home/002/phevosp/MPLE-Causal-Inference/experiments/Synthetic/confounding_strong/cv_runs_baselines/treatment_shared_unit/candidates/treatment_shared_unit_candidate_0014/fold_5
cv,7,train_cv,6,1,/orcd/home/002/phevosp/MPLE-Causal-Inference/data/configs/REVISIONS/synth/cv_spec_baselines.yaml,confounding_strong,confounding_strong,/orcd/home/002/phevosp/MPLE-Causal-Inference/experiments/Synthetic/confounding_strong,treatment_shared_unit,treatment_shared_unit,treatment_shared_unit__candidate_0014,treatment_shared_unit_candidate_0014,14,6,/orcd/home/002/phevosp/MPLE-Causal-Inference/experiments/Synthetic/confounding_strong/cv_runs_baselines/treatment_shared_unit/candidates/treatment_shared_unit_candidate_0014/fold_6
cv,7,train_cv,6,1,/orcd/home/002/phevosp/MPLE-Causal-Inference/data/configs/REVISIONS/synth/cv_spec_baselines.yaml,confounding_strong,confounding_strong,/orcd/home/002/phevosp/MPLE-Causal-Inference/experiments/Synthetic/confounding_strong,treatment_shared_unit,treatment_shared_unit,treatment_shared_unit__candidate_0014,treatment_shared_unit_candidate_0014,14,7,/orcd/home/002/phevosp/MPLE-Causal-Inference/experiments/Synthetic/confounding_strong/cv_runs_baselines/treatment_shared_unit/candidates/treatment_shared_unit_candidate_0014/fold_7
cv,7,train_cv,6,1,/orcd/home/002/phevosp/MPLE-Causal-Inference/data/configs/REVISIONS/synth/cv_spec_baselines.yaml,confounding_strong,confounding_strong,/orcd/home/002/phevosp/MPLE-Causal-Inference/experiments/Synthetic/confounding_strong,treatment_shared_unit,treatment_shared_unit,treatment_shared_unit__candidate_0015,treatment_shared_unit_candidate_0015,15,1,/orcd/home/002/phevosp/MPLE-Causal-Inference/experiments/Synthetic/confounding_strong/cv_runs_baselines/treatment_shared_unit/candidates/treatment_shared_unit_candidate_0015/fold_1
cv,7,train_cv,6,1,/orcd/home/002/phevosp/MPLE-Causal-Inference/data/configs/REVISIONS/synth/cv_spec_baselines.yaml,confounding_strong,confounding_strong,/orcd/home/002/phevosp/MPLE-Causal-Inference/experiments/Synthetic/confounding_strong,treatment_shared_unit,treatment_shared_unit,treatment_shared_unit__candidate_0015,treatment_shared_unit_candidate_0015,15,2,/orcd/home/002/phevosp/MPLE-Causal-Inference/experiments/Synthetic/confounding_strong/cv_runs_baselines/treatment_shared_unit/candidates/treatment_shared_unit_candidate_0015/fold_2
cv,7,train_cv,6,1,/orcd/home/002/phevosp/MPLE-Causal-Inference/data/configs/REVISIONS/synth/cv_spec_baselines.yaml,confounding_strong,confounding_strong,/orcd/home/002/phevosp/MPLE-Causal-Inference/experiments/Synthetic/confounding_strong,treatment_shared_unit,treatment_shared_unit,treatment_shared_unit__candidate_0015,treatment_shared_unit_candidate_0015,15,3,/orcd/home/002/phevosp/MPLE-Causal-Inference/experiments/Synthetic/confounding_strong/cv_runs_baselines/treatment_shared_unit/candidates/treatment_shared_unit_candidate_0015/fold_3
cv,7,train_cv,6,1,/orcd/home/002/phevosp/MPLE-Causal-Inference/data/configs/REVISIONS/synth/cv_spec_baselines.yaml,confounding_strong,confounding_strong,/orcd/home/002/phevosp/MPLE-Causal-Inference/experiments/Synthetic/confounding_strong,treatment_shared_unit,treatment_shared_unit,treatment_shared_unit__candidate_0015,treatment_shared_unit_candidate_0015,15,4,/orcd/home/002/phevosp/MPLE-Causal-Inference/experiments/Synthetic/confounding_strong/cv_runs_baselines/treatment_shared_unit/candidates/treatment_shared_unit_candidate_0015/fold_4
cv,7,train_cv,6,1,/orcd/home/002/phevosp/MPLE-Causal-Inference/data/configs/REVISIONS/synth/cv_spec_baselines.yaml,confounding_strong,confounding_strong,/orcd/home/002/phevosp/MPLE-Causal-Inference/experiments/Synthetic/confounding_strong,treatment_shared_unit,treatment_shared_unit,treatment_shared_unit__candidate_0015,treatment_shared_unit_candidate_0015,15,5,/orcd/home/002/phevosp/MPLE-Causal-Inference/experiments/Synthetic/confounding_strong/cv_runs_baselines/treatment_shared_unit/candidates/treatment_shared_unit_candidate_0015/fold_5
cv,7,train_cv,6,1,/orcd/home/002/phevosp/MPLE-Causal-Inference/data/configs/REVISIONS/synth/cv_spec_baselines.yaml,confounding_strong,confounding_strong,/orcd/home/002/phevosp/MPLE-Causal-Inference/experiments/Synthetic/confounding_strong,treatment_shared_unit,treatment_shared_unit,treatment_shared_unit__candidate_0015,treatment_shared_unit_candidate_0015,15,6,/orcd/home/002/phevosp/MPLE-Causal-Inference/experiments/Synthetic/confounding_strong/cv_runs_baselines/treatment_shared_unit/candidates/treatment_shared_unit_candidate_0015/fold_6
cv,7,train_cv,6,1,/orcd/home/002/phevosp/MPLE-Causal-Inference/data/configs/REVISIONS/synth/cv_spec_baselines.yaml,confounding_strong,confounding_strong,/orcd/home/002/phevosp/MPLE-Causal-Inference/experiments/Synthetic/confounding_strong,treatment_shared_unit,treatment_shared_unit,treatment_shared_unit__candidate_0015,treatment_shared_unit_candidate_0015,15,7,/orcd/home/002/phevosp/MPLE-Causal-Inference/experiments/Synthetic/confounding_strong/cv_runs_baselines/treatment_shared_unit/candidates/treatment_shared_unit_candidate_0015/fold_7
cv,7,train_cv,6,1,/orcd/home/002/phevosp/MPLE-Causal-Inference/data/configs/REVISIONS/synth/cv_spec_baselines.yaml,confounding_strong,confounding_strong,/orcd/home/002/phevosp/MPLE-Causal-Inference/experiments/Synthetic/confounding_strong,treatment_shared_unit,treatment_shared_unit,treatment_shared_unit__candidate_0016,treatment_shared_unit_candidate_0016,16,1,/orcd/home/002/phevosp/MPLE-Causal-Inference/experiments/Synthetic/confounding_strong/cv_runs_baselines/treatment_shared_unit/candidates/treatment_shared_unit_candidate_0016/fold_1
cv,7,train_cv,6,1,/orcd/home/002/phevosp/MPLE-Causal-Inference/data/configs/REVISIONS/synth/cv_spec_baselines.yaml,confounding_strong,confounding_strong,/orcd/home/002/phevosp/MPLE-Causal-Inference/experiments/Synthetic/confounding_strong,treatment_shared_unit,treatment_shared_unit,treatment_shared_unit__candidate_0016,treatment_shared_unit_candidate_0016,16,2,/orcd/home/002/phevosp/MPLE-Causal-Inference/experiments/Synthetic/confounding_strong/cv_runs_baselines/treatment_shared_unit/candidates/treatment_shared_unit_candidate_0016/fold_2
cv,7,train_cv,6,1,/orcd/home/002/phevosp/MPLE-Causal-Inference/data/configs/REVISIONS/synth/cv_spec_baselines.yaml,confounding_strong,confounding_strong,/orcd/home/002/phevosp/MPLE-Causal-Inference/experiments/Synthetic/confounding_strong,treatment_shared_unit,treatment_shared_unit,treatment_shared_unit__candidate_0016,treatment_shared_unit_candidate_0016,16,3,/orcd/home/002/phevosp/MPLE-Causal-Inference/experiments/Synthetic/confounding_strong/cv_runs_baselines/treatment_shared_unit/candidates/treatment_shared_unit_candidate_0016/fold_3
cv,7,train_cv,6,1,/orcd/home/002/phevosp/MPLE-Causal-Inference/data/configs/REVISIONS/synth/cv_spec_baselines.yaml,confounding_strong,confounding_strong,/orcd/home/002/phevosp/MPLE-Causal-Inference/experiments/Synthetic/confounding_strong,treatment_shared_unit,treatment_shared_unit,treatment_shared_unit__candidate_0016,treatment_shared_unit_candidate_0016,16,4,/orcd/home/002/phevosp/MPLE-Causal-Inference/experiments/Synthetic/confounding_strong/cv_runs_baselines/treatment_shared_unit/candidates/treatment_shared_unit_candidate_0016/fold_4
cv,7,train_cv,6,1,/orcd/home/002/phevosp/MPLE-Causal-Inference/data/configs/REVISIONS/synth/cv_spec_baselines.yaml,confounding_strong,confounding_strong,/orcd/home/002/phevosp/MPLE-Causal-Inference/experiments/Synthetic/confounding_strong,treatment_shared_unit,treatment_shared_unit,treatment_shared_unit__candidate_0016,treatment_shared_unit_candidate_0016,16,5,/orcd/home/002/phevosp/MPLE-Causal-Inference/experiments/Synthetic/confounding_strong/cv_runs_baselines/treatment_shared_unit/candidates/treatment_shared_unit_candidate_0016/fold_5
cv,7,train_cv,6,1,/orcd/home/002/phevosp/MPLE-Causal-Inference/data/configs/REVISIONS/synth/cv_spec_baselines.yaml,confounding_strong,confounding_strong,/orcd/home/002/phevosp/MPLE-Causal-Inference/experiments/Synthetic/confounding_strong,treatment_shared_unit,treatment_shared_unit,treatment_shared_unit__candidate_0016,treatment_shared_unit_candidate_0016,16,6,/orcd/home/002/phevosp/MPLE-Causal-Inference/experiments/Synthetic/confounding_strong/cv_runs_baselines/treatment_shared_unit/candidates/treatment_shared_unit_candidate_0016/fold_6
cv,7,train_cv,6,1,/orcd/home/002/phevosp/MPLE-Causal-Inference/data/configs/REVISIONS/synth/cv_spec_baselines.yaml,confounding_strong,confounding_strong,/orcd/home/002/phevosp/MPLE-Causal-Inference/experiments/Synthetic/confounding_strong,treatment_shared_unit,treatment_shared_unit,treatment_shared_unit__candidate_0016,treatment_shared_unit_candidate_0016,16,7,/orcd/home/002/phevosp/MPLE-Causal-Inference/experiments/Synthetic/confounding_strong/cv_runs_baselines/treatment_shared_unit/candidates/treatment_shared_unit_candidate_0016/fold_7
cv,7,train_cv,6,1,/orcd/home/002/phevosp/MPLE-Causal-Inference/data/configs/REVISIONS/synth/cv_spec_baselines.yaml,confounding_strong,confounding_strong,/orcd/home/002/phevosp/MPLE-Causal-Inference/experiments/Synthetic/confounding_strong,treatment_shared_unit,treatment_shared_unit,treatment_shared_unit__candidate_0017,treatment_shared_unit_candidate_0017,17,1,/orcd/home/002/phevosp/MPLE-Causal-Inference/experiments/Synthetic/confounding_strong/cv_runs_baselines/treatment_shared_unit/candidates/treatment_shared_unit_candidate_0017/fold_1
cv,7,train_cv,6,1,/orcd/home/002/phevosp/MPLE-Causal-Inference/data/configs/REVISIONS/synth/cv_spec_baselines.yaml,confounding_strong,confounding_strong,/orcd/home/002/phevosp/MPLE-Causal-Inference/experiments/Synthetic/confounding_strong,treatment_shared_unit,treatment_shared_unit,treatment_shared_unit__candidate_0017,treatment_shared_unit_candidate_0017,17,2,/orcd/home/002/phevosp/MPLE-Causal-Inference/experiments/Synthetic/confounding_strong/cv_runs_baselines/treatment_shared_unit/candidates/treatment_shared_unit_candidate_0017/fold_2
cv,7,train_cv,6,1,/orcd/home/002/phevosp/MPLE-Causal-Inference/data/configs/REVISIONS/synth/cv_spec_baselines.yaml,confounding_strong,confounding_strong,/orcd/home/002/phevosp/MPLE-Causal-Inference/experiments/Synthetic/confounding_strong,treatment_shared_unit,treatment_shared_unit,treatment_shared_unit__candidate_0017,treatment_shared_unit_candidate_0017,17,3,/orcd/home/002/phevosp/MPLE-Causal-Inference/experiments/Synthetic/confounding_strong/cv_runs_baselines/treatment_shared_unit/candidates/treatment_shared_unit_candidate_0017/fold_3
cv,7,train_cv,6,1,/orcd/home/002/phevosp/MPLE-Causal-Inference/data/configs/REVISIONS/synth/cv_spec_baselines.yaml,confounding_strong,confounding_strong,/orcd/home/002/phevosp/MPLE-Causal-Inference/experiments/Synthetic/confounding_strong,treatment_shared_unit,treatment_shared_unit,treatment_shared_unit__candidate_0017,treatment_shared_unit_candidate_0017,17,4,/orcd/home/002/phevosp/MPLE-Causal-Inference/experiments/Synthetic/confounding_strong/cv_runs_baselines/treatment_shared_unit/candidates/treatment_shared_unit_candidate_0017/fold_4
cv,7,train_cv,6,1,/orcd/home/002/phevosp/MPLE-Causal-Inference/data/configs/REVISIONS/synth/cv_spec_baselines.yaml,confounding_strong,confounding_strong,/orcd/home/002/phevosp/MPLE-Causal-Inference/experiments/Synthetic/confounding_strong,treatment_shared_unit,treatment_shared_unit,treatment_shared_unit__candidate_0017,treatment_shared_unit_candidate_0017,17,5,/orcd/home/002/phevosp/MPLE-Causal-Inference/experiments/Synthetic/confounding_strong/cv_runs_baselines/treatment_shared_unit/candidates/treatment_shared_unit_candidate_0017/fold_5
cv,7,train_cv,6,1,/orcd/home/002/phevosp/MPLE-Causal-Inference/data/configs/REVISIONS/synth/cv_spec_baselines.yaml,confounding_strong,confounding_strong,/orcd/home/002/phevosp/MPLE-Causal-Inference/experiments/Synthetic/confounding_strong,treatment_shared_unit,treatment_shared_unit,treatment_shared_unit__candidate_0017,treatment_shared_unit_candidate_0017,17,6,/orcd/home/002/phevosp/MPLE-Causal-Inference/experiments/Synthetic/confounding_strong/cv_runs_baselines/treatment_shared_unit/candidates/treatment_shared_unit_candidate_0017/fold_6
cv,7,train_cv,6,1,/orcd/home/002/phevosp/MPLE-Causal-Inference/data/configs/REVISIONS/synth/cv_spec_baselines.yaml,confounding_strong,confounding_strong,/orcd/home/002/phevosp/MPLE-Causal-Inference/experiments/Synthetic/confounding_strong,treatment_shared_unit,treatment_shared_unit,treatment_shared_unit__candidate_0017,treatment_shared_unit_candidate_0017,17,7,/orcd/home/002/phevosp/MPLE-Causal-Inference/experiments/Synthetic/confounding_strong/cv_runs_baselines/treatment_shared_unit/candidates/treatment_shared_unit_candidate_0017/fold_7
cv,7,train_cv,6,1,/orcd/home/002/phevosp/MPLE-Causal-Inference/data/configs/REVISIONS/synth/cv_spec_baselines.yaml,confounding_strong,confounding_strong,/orcd/home/002/phevosp/MPLE-Causal-Inference/experiments/Synthetic/confounding_strong,treatment_shared_unit,treatment_shared_unit,treatment_shared_unit__candidate_0018,treatment_shared_unit_candidate_0018,18,1,/orcd/home/002/phevosp/MPLE-Causal-Inference/experiments/Synthetic/confounding_strong/cv_runs_baselines/treatment_shared_unit/candidates/treatment_shared_unit_candidate_0018/fold_1
cv,7,train_cv,6,1,/orcd/home/002/phevosp/MPLE-Causal-Inference/data/configs/REVISIONS/synth/cv_spec_baselines.yaml,confounding_strong,confounding_strong,/orcd/home/002/phevosp/MPLE-Causal-Inference/experiments/Synthetic/confounding_strong,treatment_shared_unit,treatment_shared_unit,treatment_shared_unit__candidate_0018,treatment_shared_unit_candidate_0018,18,2,/orcd/home/002/phevosp/MPLE-Causal-Inference/experiments/Synthetic/confounding_strong/cv_runs_baselines/treatment_shared_unit/candidates/treatment_shared_unit_candidate_0018/fold_2
cv,7,train_cv,6,1,/orcd/home/002/phevosp/MPLE-Causal-Inference/data/configs/REVISIONS/synth/cv_spec_baselines.yaml,confounding_strong,confounding_strong,/orcd/home/002/phevosp/MPLE-Causal-Inference/experiments/Synthetic/confounding_strong,treatment_shared_unit,treatment_shared_unit,treatment_shared_unit__candidate_0018,treatment_shared_unit_candidate_0018,18,3,/orcd/home/002/phevosp/MPLE-Causal-Inference/experiments/Synthetic/confounding_strong/cv_runs_baselines/treatment_shared_unit/candidates/treatment_shared_unit_candidate_0018/fold_3
cv,7,train_cv,6,1,/orcd/home/002/phevosp/MPLE-Causal-Inference/data/configs/REVISIONS/synth/cv_spec_baselines.yaml,confounding_strong,confounding_strong,/orcd/home/002/phevosp/MPLE-Causal-Inference/experiments/Synthetic/confounding_strong,treatment_shared_unit,treatment_shared_unit,treatment_shared_unit__candidate_0018,treatment_shared_unit_candidate_0018,18,4,/orcd/home/002/phevosp/MPLE-Causal-Inference/experiments/Synthetic/confounding_strong/cv_runs_baselines/treatment_shared_unit/candidates/treatment_shared_unit_candidate_0018/fold_4
cv,7,train_cv,6,1,/orcd/home/002/phevosp/MPLE-Causal-Inference/data/configs/REVISIONS/synth/cv_spec_baselines.yaml,confounding_strong,confounding_strong,/orcd/home/002/phevosp/MPLE-Causal-Inference/experiments/Synthetic/confounding_strong,treatment_shared_unit,treatment_shared_unit,treatment_shared_unit__candidate_0018,treatment_shared_unit_candidate_0018,18,5,/orcd/home/002/phevosp/MPLE-Causal-Inference/experiments/Synthetic/confounding_strong/cv_runs_baselines/treatment_shared_unit/candidates/treatment_shared_unit_candidate_0018/fold_5
cv,7,train_cv,6,1,/orcd/home/002/phevosp/MPLE-Causal-Inference/data/configs/REVISIONS/synth/cv_spec_baselines.yaml,confounding_strong,confounding_strong,/orcd/home/002/phevosp/MPLE-Causal-Inference/experiments/Synthetic/confounding_strong,treatment_shared_unit,treatment_shared_unit,treatment_shared_unit__candidate_0018,treatment_shared_unit_candidate_0018,18,6,/orcd/home/002/phevosp/MPLE-Causal-Inference/experiments/Synthetic/confounding_strong/cv_runs_baselines/treatment_shared_unit/candidates/treatment_shared_unit_candidate_0018/fold_6
cv,7,train_cv,6,1,/orcd/home/002/phevosp/MPLE-Causal-Inference/data/configs/REVISIONS/synth/cv_spec_baselines.yaml,confounding_strong,confounding_strong,/orcd/home/002/phevosp/MPLE-Causal-Inference/experiments/Synthetic/confounding_strong,treatment_shared_unit,treatment_shared_unit,treatment_shared_unit__candidate_0018,treatment_shared_unit_candidate_0018,18,7,/orcd/home/002/phevosp/MPLE-Causal-Inference/experiments/Synthetic/confounding_strong/cv_runs_baselines/treatment_shared_unit/candidates/treatment_shared_unit_candidate_0018/fold_7
