unit_index,sample_mean,sample_std,q025,q500,q975,num_finite_samples
0,0.4934782608695652,0.08084501731211761,0.3830434782608696,0.4782608695652174,0.6226086956521739,8
1,0.32173913043478264,0.153102755318774,0.17130434782608694,0.2608695652173913,0.63,8
2,0.42391304347826086,0.09013222800707776,0.2643478260869565,0.43478260869565216,0.5273913043478261,8
3,0.4347826086956522,0.057021204559147845,0.35956521739130437,0.4260869565217391,0.5273913043478261,8
4,0.41304347826086957,0.11690721443259784,0.2326086956521739,0.4,0.5878260869565217,8
5,0.5173913043478261,0.09192336744289555,0.3891304347826087,0.5043478260869565,0.6913043478260871,8
6,0.3630434782608696,0.14019632467292373,0.10043478260869565,0.40869565217391307,0.5469565217391305,8
7,0.508695652173913,0.09151115295586604,0.39434782608695657,0.4956521739130435,0.68,8
8,0.49347826086956526,0.1073613758683978,0.3656521739130435,0.46956521739130436,0.6778260869565218,8
9,0.5695652173913044,0.08728199956471622,0.43521739130434783,0.6173913043478261,0.6665217391304348,8
10,0.391304347826087,0.09365504012407834,0.24391304347826087,0.4,0.521304347826087,8
11,0.41086956521739126,0.08360384575230179,0.3247826086956522,0.3913043478260869,0.5560869565217391,8
12,0.44130434782608696,0.10414382232176941,0.27260869565217394,0.4782608695652174,0.5621739130434782,8
13,0.43478260869565216,0.10398487602696868,0.2582608695652174,0.4608695652173913,0.5704347826086956,8
14,0.5891304347826086,0.08605511049082384,0.44130434782608696,0.6086956521739131,0.7208695652173913,8
15,0.46521739130434786,0.04580719022979453,0.40869565217391307,0.45217391304347826,0.5304347826086957,8
16,0.3760869565217391,0.07451798478696786,0.28695652173913044,0.3826086956521739,0.4721739130434783,8
17,0.3456521739130435,0.07871246517492031,0.25217391304347825,0.34782608695652173,0.4404347826086957,8
18,0.44999999999999996,0.09034171632687021,0.3217391304347826,0.4434782608695652,0.5765217391304348,8
19,0.508695652173913,0.06833145063261613,0.37782608695652176,0.5130434782608696,0.5939130434782609,8
20,0.46304347826086956,0.09138195459558131,0.3195652173913044,0.4608695652173913,0.5826086956521739,8
21,0.39565217391304347,0.05342698142367178,0.3247826086956522,0.408695652173913,0.4721739130434783,8
22,0.4739130434782608,0.11978241142570356,0.3134782608695652,0.4695652173913044,0.6317391304347826,8
23,0.37173913043478257,0.1224937790172244,0.25217391304347825,0.33913043478260874,0.5560869565217391,8
24,0.408695652173913,0.08695652173913043,0.3073913043478261,0.4,0.5530434782608695,8
25,0.3934782608695652,0.12218474344692519,0.16304347826086957,0.4608695652173913,0.49260869565217397,8
26,0.4717391304347826,0.08649333158294678,0.3565217391304348,0.48695652173913045,0.6052173913043478,8
27,0.40217391304347827,0.07061035551700746,0.31043478260869567,0.3826086956521739,0.5182608695652174,8
28,0.42391304347826086,0.10157083814107537,0.2417391304347826,0.45217391304347826,0.5304347826086957,8
29,0.44130434782608696,0.10806337844901362,0.2673913043478261,0.4608695652173913,0.5939130434782609,8
30,0.4847826086956522,0.12078429898338347,0.27652173913043476,0.48695652173913045,0.6286956521739131,8
31,0.41086956521739126,0.038337374105539994,0.3626086956521739,0.391304347826087,0.47521739130434787,8
32,0.44565217391304346,0.09013222800707775,0.2826086956521739,0.45217391304347826,0.5817391304347826,8
33,0.5,0.12135031075611186,0.3247826086956522,0.4956521739130435,0.6860869565217392,8
34,0.5282608695652173,0.051764699564307196,0.4608695652173913,0.5304347826086957,0.6082608695652174,8
35,0.37173913043478257,0.16713701746978632,0.18565217391304348,0.29565217391304344,0.6339130434782609,8
36,0.4282608695652174,0.12733638822267368,0.27260869565217394,0.408695652173913,0.6595652173913044,8
37,0.3326086956521739,0.09034171632687021,0.18043478260869564,0.3739130434782609,0.4260869565217391,8
38,0.47391304347826085,0.09274230003348495,0.3082608695652174,0.48695652173913045,0.5795652173913043,8
39,0.3630434782608696,0.17882995059198967,0.061739130434782616,0.4173913043478261,0.5621739130434782,8
40,0.458695652173913,0.10979875042760338,0.2991304347826087,0.43478260869565216,0.5969565217391304,8
41,0.408695652173913,0.06086956521739131,0.3073913043478261,0.4260869565217391,0.48652173913043484,8
42,0.48043478260869565,0.09261481914843822,0.3278260869565217,0.5304347826086957,0.5765217391304348,8
43,0.45869565217391306,0.05861508157701201,0.391304347826087,0.46956521739130436,0.5447826086956521,8
44,0.3695652173913043,0.05751633284923023,0.2817391304347826,0.3565217391304348,0.45782608695652177,8
45,0.3739130434782609,0.10506996498777887,0.22652173913043477,0.3826086956521739,0.5439130434782609,8
46,0.48695652173913045,0.04518393411049244,0.4291304347826087,0.4782608695652174,0.5621739130434782,8
47,0.44130434782608696,0.11150711828897532,0.27260869565217394,0.45217391304347826,0.6134782608695653,8
48,0.43260869565217397,0.05631232107386356,0.3226086956521739,0.45217391304347826,0.49260869565217397,8
49,0.4260869565217391,0.08519964322724098,0.2847826086956522,0.4260869565217391,0.5447826086956521,8
50,0.3826086956521739,0.058332208108690164,0.2817391304347826,0.3826086956521739,0.45782608695652177,8
51,0.44565217391304346,0.05529607539989957,0.38,0.4260869565217391,0.5530434782608695,8
52,0.4043478260869565,0.10676547093746677,0.19565217391304346,0.4173913043478261,0.5273913043478261,8
53,0.3652173913043478,0.09799502321377951,0.2582608695652174,0.33043478260869563,0.5582608695652174,8
54,0.5195652173913043,0.10647736431529092,0.3626086956521739,0.5565217391304347,0.6604347826086957,8
55,0.48260869565217396,0.11527890072663348,0.3134782608695652,0.5043478260869565,0.6143478260869565,8
56,0.4478260869565218,0.06255432421712244,0.3739130434782609,0.4521739130434783,0.5273913043478261,8
57,0.4347826086956522,0.07679792057676388,0.3308695652173913,0.4173913043478261,0.5591304347826087,8
58,0.3739130434782609,0.08430747578115355,0.26130434782608697,0.3652173913043478,0.5152173913043478,8
59,0.3565217391304348,0.124502791854577,0.18565217391304348,0.3739130434782609,0.51,8
60,0.4217391304347826,0.10782258058814995,0.29000000000000004,0.3826086956521739,0.5939130434782609,8
61,0.358695652173913,0.135673771970695,0.1743478260869565,0.3565217391304348,0.5704347826086956,8
62,0.3652173913043478,0.05499613322031964,0.29304347826086957,0.3391304347826087,0.4434782608695652,8
63,0.4260869565217391,0.13330182362396426,0.2234782608695652,0.4173913043478261,0.6082608695652174,8
64,0.4782608695652174,0.08564224175474873,0.3739130434782609,0.5043478260869565,0.5908695652173913,8
65,0.3934782608695652,0.06474466352971928,0.29304347826086957,0.4,0.4978260869565218,8
66,0.42826086956521736,0.08627449927384534,0.27043478260869563,0.4434782608695652,0.5499999999999999,8
67,0.3630434782608696,0.0491419763280753,0.3217391304347826,0.3391304347826087,0.45173913043478264,8
68,0.408695652173913,0.10930265295631769,0.28695652173913044,0.391304347826087,0.6134782608695653,8
69,0.3630434782608696,0.04596168372144777,0.2817391304347826,0.3652173913043478,0.43434782608695655,8
70,0.5043478260869565,0.07327086759283788,0.3891304347826087,0.48695652173913045,0.5969565217391304,8
71,0.4369565217391304,0.11729061704535834,0.278695652173913,0.4173913043478261,0.6286956521739131,8
72,0.5,0.09866787580791493,0.35739130434782607,0.48695652173913045,0.6656521739130435,8
73,0.3869565217391304,0.08942158174436146,0.2756521739130435,0.3652173913043478,0.5304347826086957,8
74,0.33695652173913043,0.1212529110207334,0.11173913043478262,0.3565217391304348,0.4978260869565218,8
75,0.3347826086956522,0.06665091181198214,0.22652173913043477,0.33043478260869563,0.40869565217391307,8
76,0.42608695652173917,0.09604661754075879,0.26130434782608697,0.45217391304347826,0.5530434782608695,8
77,0.3847826086956522,0.10647736431529092,0.21521739130434783,0.3826086956521739,0.5499999999999999,8
78,0.3630434782608696,0.13243038617841765,0.10347826086956523,0.3826086956521739,0.5295652173913044,8
79,0.33478260869565213,0.09673302374472603,0.22043478260869565,0.2956521739130435,0.4608695652173913,8
80,0.44347826086956527,0.08994852550250956,0.2908695652173913,0.4608695652173913,0.5817391304347826,8
81,0.31521739130434784,0.14286760696215442,0.07304347826086957,0.391304347826087,0.4547826086956522,8
82,0.3195652173913044,0.08800992382607462,0.1917391304347826,0.30434782608695654,0.46608695652173915,8
83,0.4217391304347826,0.12713210014968213,0.26130434782608697,0.4,0.5939130434782609,8
84,0.4391304347826087,0.1265359322683065,0.20478260869565218,0.4434782608695652,0.6134782608695653,8
85,0.4152173913043478,0.07007287591863563,0.3278260869565217,0.408695652173913,0.5469565217391305,8
86,0.4217391304347826,0.07416835699666079,0.31043478260869567,0.43478260869565216,0.5273913043478261,8
87,0.3913043478260869,0.06901959941907629,0.3217391304347826,0.3652173913043478,0.51,8
88,0.46739130434782605,0.11302257331787789,0.27043478260869563,0.48695652173913045,0.5969565217391304,8
89,0.3869565217391304,0.12259019286844942,0.22956521739130434,0.3739130434782609,0.5991304347826087,8
90,0.2847826086956522,0.07701299819094935,0.18565217391304348,0.29565217391304344,0.3965217391304348,8
91,0.3717391304347826,0.07895225998841252,0.25,0.3652173913043478,0.4895652173913044,8
92,0.40652173913043477,0.09542958290281726,0.2582608695652174,0.43478260869565216,0.5243478260869566,8
93,0.3326086956521739,0.0667571849251482,0.27260869565217394,0.3217391304347826,0.471304347826087,8
94,0.3978260869565217,0.04072824781564173,0.3452173913043478,0.3826086956521739,0.46913043478260874,8
95,0.4108695652173914,0.1345545054386416,0.2182608695652174,0.4,0.6452173913043479,8
96,0.3804347826086957,0.13012644715632335,0.19782608695652174,0.3652173913043478,0.6104347826086957,8
97,0.3760869565217391,0.04209764506747193,0.2960869565217391,0.3826086956521739,0.4230434782608696,8
98,0.43695652173913047,0.07272055949425099,0.3195652173913044,0.4260869565217391,0.5447826086956521,8
99,0.391304347826087,0.09078527399052652,0.3073913043478261,0.3391304347826087,0.5560869565217391,8
100,0.3934782608695652,0.0853935623539233,0.23565217391304347,0.4,0.4956521739130435,8
101,0.42826086956521736,0.08583516096695493,0.3247826086956522,0.43478260869565216,0.5817391304347826,8
102,0.4152173913043478,0.11201454806946304,0.22434782608695653,0.391304347826087,0.5621739130434782,8
103,0.4260869565217391,0.09722034684781694,0.2960869565217391,0.4173913043478261,0.5817391304347826,8
104,0.3282608695652174,0.06503597957239823,0.25521739130434784,0.30434782608695654,0.4230434782608696,8
105,0.34347826086956523,0.12861043006738299,0.18565217391304348,0.33913043478260874,0.5130434782608696,8
106,0.30434782608695654,0.08867860023639626,0.14565217391304347,0.3217391304347826,0.40565217391304353,8
107,0.3826086956521739,0.12927016302016092,0.17739130434782607,0.4173913043478261,0.5304347826086957,8
108,0.40217391304347827,0.11099736879321516,0.2408695652173913,0.45217391304347826,0.5130434782608696,8
109,0.41521739130434787,0.13070623926571664,0.2,0.4608695652173913,0.5591304347826087,8
110,0.4608695652173913,0.07530655685082076,0.3626086956521739,0.45217391304347826,0.5960869565217392,8
111,0.3869565217391304,0.0971230778421247,0.2582608695652174,0.3739130434782608,0.5130434782608696,8
112,0.36086956521739133,0.0710440636450791,0.27260869565217394,0.3565217391304348,0.4917391304347827,8
113,0.34782608695652173,0.10930265295631768,0.18652173913043477,0.3217391304347826,0.5408695652173913,8
114,0.3630434782608696,0.08865195001784211,0.2408695652173913,0.3565217391304348,0.4956521739130435,8
115,0.3521739130434783,0.10605487754478667,0.2091304347826087,0.33913043478260874,0.5295652173913044,8
116,0.46956521739130436,0.08249419983047945,0.37695652173913047,0.45217391304347826,0.611304347826087,8
117,0.44347826086956527,0.09202613255876838,0.31043478260869567,0.46956521739130436,0.5591304347826087,8
118,0.29782608695652174,0.0747712327039993,0.20608695652173914,0.28695652173913044,0.4395652173913044,8
119,0.5195652173913043,0.10823816769134437,0.39434782608695657,0.48695652173913045,0.7034782608695653,8
120,0.42173913043478256,0.12135031075611184,0.25,0.4,0.6339130434782609,8
121,0.46956521739130436,0.11033545687347408,0.2960869565217391,0.5043478260869565,0.611304347826087,8
122,0.44565217391304346,0.08971178383462326,0.3217391304347826,0.45217391304347826,0.5878260869565217,8
123,0.45,0.11664416021996793,0.27043478260869563,0.4521739130434783,0.6082608695652174,8
124,0.29565217391304344,0.10028315299713736,0.16826086956521738,0.28695652173913044,0.4230434782608696,8
125,0.4391304347826087,0.0877140913123131,0.31043478260869567,0.4608695652173913,0.5704347826086956,8
126,0.3782608695652174,0.09435884527917698,0.20695652173913043,0.3826086956521739,0.4782608695652174,8
127,0.5217391304347826,0.08994852550250956,0.37695652173913047,0.5391304347826087,0.6317391304347826,8
128,0.4282608695652174,0.05796648533031907,0.3452173913043478,0.4260869565217391,0.5069565217391305,8
129,0.44565217391304346,0.05731054924549593,0.39434782608695657,0.4260869565217391,0.5643478260869565,8
130,0.43043478260869567,0.02259196705524622,0.40869565217391307,0.4260869565217391,0.4721739130434783,8
131,0.391304347826087,0.12111641980160104,0.22043478260869565,0.3826086956521739,0.5847826086956521,8
132,0.3456521739130435,0.10612169780399065,0.16304347826086957,0.3826086956521739,0.4947826086956522,8
133,0.31956521739130433,0.07552588159147916,0.22043478260869565,0.3217391304347826,0.4569565217391305,8
134,0.40217391304347827,0.12047087828258618,0.17521739130434782,0.43478260869565216,0.5273913043478261,8
135,0.43260869565217386,0.07426387327190749,0.3452173913043478,0.4,0.5417391304347826,8
136,0.42826086956521736,0.0799042432586483,0.28782608695652173,0.4347826086956522,0.5273913043478261,8
137,0.43260869565217397,0.0864933315829468,0.3421739130434783,0.4173913043478261,0.6073913043478261,8
138,0.3673913043478261,0.12356931731410707,0.16608695652173913,0.391304347826087,0.51,8
139,0.35652173913043483,0.11437344728666006,0.20608695652173914,0.3652173913043478,0.5069565217391305,8
140,0.3869565217391304,0.07568215298056179,0.29000000000000004,0.3826086956521739,0.5039130434782609,8
141,0.3717391304347826,0.05529607539989959,0.27043478260869563,0.3739130434782609,0.45173913043478264,8
142,0.4369565217391304,0.08822445168566531,0.3391304347826087,0.4173913043478261,0.5908695652173913,8
143,0.4934782608695652,0.11745167529773999,0.37695652173913047,0.45217391304347826,0.7095652173913044,8
144,0.37826086956521743,0.08145649563128346,0.2582608695652174,0.3652173913043478,0.4782608695652174,8
145,0.41956521739130437,0.08061085312060504,0.2756521739130435,0.4608695652173913,0.49260869565217397,8
146,0.44130434782608696,0.09138195459558132,0.3217391304347826,0.43478260869565216,0.5847826086956521,8
147,0.4434782608695652,0.08430747578115355,0.2960869565217391,0.45217391304347826,0.5447826086956521,8
148,0.41086956521739126,0.11116754500474431,0.29000000000000004,0.3565217391304348,0.5795652173913043,8
149,0.43478260869565216,0.09565217391304348,0.27043478260869563,0.45217391304347826,0.5447826086956521,8
150,0.3239130434782609,0.13427323101462832,0.1508695652173913,0.32173913043478264,0.5469565217391305,8
151,0.42826086956521736,0.08583516096695493,0.3247826086956522,0.408695652173913,0.5734782608695652,8
152,0.39999999999999997,0.10288834405390636,0.2326086956521739,0.4,0.5530434782608695,8
153,0.44999999999999996,0.12078429898338347,0.25,0.4608695652173913,0.5969565217391304,8
154,0.4260869565217391,0.09760845356801585,0.3391304347826087,0.3739130434782609,0.5826086956521739,8
155,0.46304347826086956,0.10194238337124656,0.3739130434782609,0.4260869565217391,0.6543478260869565,8
156,0.4,0.16839058026988768,0.10869565217391305,0.43478260869565216,0.611304347826087,8
157,0.4391304347826087,0.08942158174436143,0.3082608695652174,0.4173913043478261,0.5908695652173913,8
158,0.41086956521739126,0.10700864760207797,0.22956521739130434,0.4434782608695652,0.5417391304347826,8
159,0.4782608695652174,0.04078622399846461,0.4004347826086957,0.48695652173913045,0.5273913043478261,8
160,0.4826086956521739,0.10352939912861442,0.3565217391304348,0.4608695652173913,0.6460869565217392,8
161,0.39565217391304347,0.08814406492484042,0.3073913043478261,0.3391304347826087,0.5273913043478261,8
162,0.4760869565217391,0.12644252712361623,0.30521739130434783,0.43478260869565216,0.6973913043478261,8
163,0.27391304347826084,0.058169948522868054,0.17739130434782607,0.2782608695652174,0.35347826086956524,8
164,0.38913043478260867,0.0853935623539233,0.28695652173913044,0.3652173913043478,0.5130434782608696,8
165,0.3934782608695652,0.07451798478696788,0.29000000000000004,0.3913043478260869,0.5039130434782609,8
166,0.48913043478260865,0.04513160759136239,0.4291304347826087,0.4782608695652174,0.5591304347826087,8
167,0.4043478260869565,0.0877140913123131,0.2960869565217391,0.3826086956521739,0.5756521739130435,8
168,0.3630434782608696,0.1010109578738169,0.18652173913043477,0.391304347826087,0.5008695652173913,8
169,0.45434782608695656,0.08014047213550764,0.3195652173913044,0.45217391304347826,0.5621739130434782,8
170,0.48478260869565215,0.09680627860092313,0.3247826086956522,0.5130434782608696,0.5969565217391304,8
171,0.5108695652173914,0.04875578585218652,0.4608695652173913,0.5043478260869565,0.5939130434782609,8
172,0.34782608695652173,0.07327086759283791,0.24391304347826087,0.3391304347826087,0.4608695652173913,8
173,0.33043478260869563,0.0968306845709569,0.15695652173913044,0.3739130434782609,0.4456521739130435,8
174,0.4391304347826087,0.06194698629902176,0.3452173913043478,0.4434782608695652,0.5356521739130434,8
175,0.46304347826086956,0.12554230189548618,0.3308695652173913,0.391304347826087,0.6634782608695653,8
176,0.3826086956521739,0.05833220810869017,0.2817391304347826,0.3826086956521739,0.4608695652173913,8
177,0.44999999999999996,0.08154347536309153,0.3391304347826087,0.4434782608695652,0.5652173913043478,8
178,0.4521739130434783,0.10177999922364893,0.2847826086956522,0.48695652173913045,0.5878260869565217,8
179,0.4739130434782609,0.09634139046156669,0.33695652173913043,0.4434782608695652,0.64,8
180,0.42391304347826086,0.10450622036279926,0.27260869565217394,0.4782608695652174,0.5417391304347826,8
181,0.5347826086956522,0.118193714948419,0.39434782608695657,0.5130434782608696,0.7465217391304347,8
182,0.4043478260869565,0.0832923654811653,0.3217391304347826,0.3826086956521739,0.561304347826087,8
183,0.3804347826086957,0.13497531805456858,0.1743478260869565,0.40869565217391307,0.5930434782608696,8
184,0.41521739130434787,0.08107850521291965,0.31043478260869567,0.391304347826087,0.5273913043478261,8
185,0.35434782608695653,0.13257305294338545,0.2234782608695652,0.31304347826086953,0.6156521739130435,8
186,0.46304347826086956,0.055975622563407545,0.37695652173913047,0.4782608695652174,0.5273913043478261,8
187,0.4652173913043478,0.11228844843604312,0.3247826086956522,0.46956521739130436,0.6286956521739131,8
188,0.4282608695652174,0.05796648533031907,0.35956521739130437,0.4173913043478261,0.51,8
189,0.3934782608695652,0.16278239966541763,0.13652173913043478,0.4347826086956522,0.6247826086956522,8
190,0.45217391304347826,0.0860825646661884,0.29391304347826086,0.45217391304347826,0.5734782608695652,8
191,0.3108695652173913,0.09443394186510207,0.18869565217391304,0.29565217391304344,0.4630434782608696,8
192,0.3652173913043478,0.10470951807645473,0.26956521739130435,0.32173913043478264,0.538695652173913,8
193,0.41304347826086957,0.06550660510138855,0.3073913043478261,0.4260869565217391,0.49260869565217397,8
194,0.4869565217391304,0.08608256466618838,0.37695652173913047,0.4782608695652174,0.5969565217391304,8
195,0.46956521739130436,0.07170618479335063,0.35956521739130437,0.4782608695652174,0.5734782608695652,8
196,0.3847826086956522,0.10753730613940556,0.2234782608695652,0.4,0.5130434782608696,8
197,0.47608695652173916,0.06815832785474295,0.38,0.4782608695652174,0.5795652173913043,8
198,0.48260869565217396,0.04821972394091052,0.4004347826086957,0.48695652173913045,0.5304347826086957,8
199,0.41956521739130437,0.09362980637981752,0.3391304347826087,0.391304347826087,0.6156521739130435,8
200,0.44130434782608696,0.13027163710068376,0.23782608695652174,0.4608695652173913,0.5969565217391304,8
201,0.43478260869565216,0.08825123100080191,0.35956521739130437,0.4,0.6134782608695653,8
202,0.25652173913043474,0.07365684498303225,0.13652173913043478,0.26956521739130435,0.35347826086956524,8
203,0.4478260869565217,0.09828395265615057,0.31043478260869567,0.45217391304347826,0.6134782608695653,8
204,0.4326086956521739,0.060830732954927066,0.35956521739130437,0.4260869565217391,0.5273913043478261,8
205,0.41086956521739126,0.08037600672754848,0.3217391304347826,0.4,0.5643478260869565,8
206,0.4260869565217391,0.05635426694267706,0.3278260869565217,0.4434782608695652,0.5039130434782609,8
207,0.43913043478260866,0.04580719022979453,0.35434782608695653,0.4434782608695652,0.5039130434782609,8
208,0.47608695652173916,0.07400888926325738,0.38,0.4782608695652174,0.5939130434782609,8
209,0.48913043478260865,0.12659194227426668,0.3247826086956522,0.46956521739130436,0.6778260869565218,8
210,0.4326086956521739,0.07577576112144946,0.3421739130434783,0.4260869565217391,0.567391304347826,8
211,0.46304347826086956,0.08405484751817914,0.3195652173913044,0.4608695652173913,0.5878260869565217,8
212,0.4608695652173913,0.09325048082403137,0.2960869565217391,0.4956521739130435,0.5621739130434782,8
213,0.44782608695652176,0.09634139046156669,0.3391304347826087,0.4173913043478261,0.611304347826087,8
214,0.4217391304347826,0.10279643841336425,0.2643478260869565,0.4173913043478261,0.5847826086956521,8
215,0.4369565217391304,0.08200580919069572,0.3247826086956522,0.4434782608695652,0.5447826086956521,8
216,0.44130434782608696,0.07502362576842349,0.3247826086956522,0.45217391304347826,0.5304347826086957,8
217,0.3652173913043478,0.07679792057676388,0.27260869565217394,0.3652173913043478,0.4608695652173913,8
218,0.4695652173913043,0.06956521739130433,0.3482608695652174,0.48695652173913045,0.5478260869565217,8
219,0.491304347826087,0.07765465695431197,0.36869565217391304,0.4956521739130435,0.6082608695652174,8
220,0.36086956521739133,0.09515682012277954,0.25217391304347825,0.33043478260869563,0.51,8
221,0.44782608695652176,0.031049688819751526,0.3973913043478261,0.45217391304347826,0.49260869565217397,8
222,0.49347826086956526,0.09423355131170975,0.35956521739130437,0.5217391304347827,0.6369565217391304,8
223,0.4326086956521739,0.06386274270247122,0.3308695652173913,0.43478260869565216,0.5356521739130434,8
224,0.34782608695652173,0.08295123490582136,0.19478260869565217,0.3739130434782609,0.4373913043478261,8
225,0.49347826086956526,0.0779886570202265,0.37695652173913047,0.5217391304347827,0.6052173913043478,8
226,0.39347826086956517,0.10378015880243487,0.26956521739130435,0.3826086956521739,0.5869565217391305,8
227,0.37826086956521743,0.06721576014669699,0.278695652173913,0.3652173913043478,0.47521739130434787,8
228,0.33043478260869563,0.09799502321377954,0.20608695652173914,0.33043478260869563,0.4895652173913044,8
229,0.482608695652174,0.09068110267223571,0.38,0.45217391304347826,0.6595652173913044,8
230,0.43695652173913047,0.11133746110697286,0.2191304347826087,0.45217391304347826,0.5447826086956521,8
231,0.43695652173913047,0.09034171632687021,0.3421739130434783,0.4173913043478261,0.6104347826086957,8
232,0.4043478260869565,0.08237954487607138,0.24695652173913044,0.4434782608695652,0.47521739130434787,8
233,0.3195652173913044,0.08583516096695493,0.18869565217391304,0.32173913043478264,0.4404347826086957,8
234,0.391304347826087,0.07580693814853347,0.2643478260869565,0.408695652173913,0.4608695652173913,8
235,0.4347826086956522,0.06901959941907629,0.3391304347826087,0.4260869565217391,0.5273913043478261,8
236,0.408695652173913,0.08203461853962263,0.29304347826086957,0.4,0.5469565217391305,8
237,0.4652173913043478,0.080991026131292,0.3626086956521739,0.45217391304347826,0.6134782608695653,8
238,0.2847826086956522,0.07298004491997616,0.14043478260869566,0.29565217391304344,0.35347826086956524,8
239,0.47391304347826085,0.05945562752685802,0.3973913043478261,0.46956521739130436,0.5734782608695652,8
240,0.3456521739130435,0.09322513757561551,0.2091304347826087,0.3565217391304348,0.48347826086956525,8
241,0.44565217391304346,0.10007086336072962,0.3247826086956522,0.4434782608695652,0.6134782608695653,8
242,0.3521739130434783,0.10886942630912101,0.17739130434782607,0.391304347826087,0.5091304347826088,8
243,0.4108695652173913,0.08223600138859886,0.29000000000000004,0.4434782608695652,0.5069565217391305,8
244,0.3652173913043478,0.07429568474189158,0.2408695652173913,0.3826086956521739,0.4547826086956522,8
245,0.43043478260869567,0.06833145063261611,0.35956521739130437,0.4173913043478261,0.561304347826087,8
246,0.41086956521739126,0.08583516096695493,0.3073913043478261,0.4,0.538695652173913,8
247,0.31521739130434784,0.09200045204129925,0.1743478260869565,0.34782608695652173,0.40869565217391307,8
248,0.3891304347826087,0.07750236291293866,0.2817391304347826,0.3739130434782609,0.521304347826087,8
249,0.44565217391304346,0.1062996798121535,0.3217391304347826,0.4347826086956522,0.6165217391304348,8
250,0.28260869565217395,0.08857195124984071,0.17130434782608694,0.2782608695652174,0.41391304347826086,8
251,0.39565217391304347,0.06550660510138856,0.3217391304347826,0.3826086956521739,0.4956521739130435,8
252,0.3456521739130435,0.08472684899958731,0.2408695652173913,0.33043478260869563,0.5060869565217392,8
253,0.4478260869565217,0.07667474821107997,0.35956521739130437,0.4434782608695652,0.5652173913043478,8
254,0.3543478260869565,0.12062769042613115,0.1517391304347826,0.3652173913043478,0.5326086956521738,8
255,0.38913043478260867,0.05731054924549595,0.2847826086956522,0.391304347826087,0.4608695652173913,8
256,0.458695652173913,0.09342769107367087,0.2826086956521739,0.46956521739130436,0.5878260869565217,8
257,0.36086956521739133,0.11625862571409512,0.14347826086956522,0.3739130434782609,0.5152173913043478,8
258,0.41956521739130437,0.07426387327190749,0.3278260869565217,0.391304347826087,0.5417391304347826,8
259,0.4043478260869565,0.09634139046156669,0.23869565217391303,0.4260869565217391,0.5356521739130434,8
260,0.41956521739130437,0.10540676454261441,0.2817391304347826,0.4,0.6104347826086957,8
261,0.35,0.09443394186510205,0.19782608695652174,0.34782608695652173,0.4721739130434783,8
262,0.4043478260869565,0.1357608260521391,0.20695652173913043,0.3739130434782609,0.6452173913043479,8
263,0.3652173913043478,0.1523601345037846,0.20608695652173914,0.29565217391304344,0.6195652173913043,8
264,0.37173913043478257,0.11116754500474431,0.21217391304347827,0.34782608695652173,0.5499999999999999,8
265,0.3913043478260869,0.12809495532744553,0.18043478260869564,0.40869565217391307,0.5930434782608696,8
266,0.3282608695652174,0.09281870452264866,0.23478260869565218,0.29565217391304344,0.4978260869565218,8
267,0.3804347826086957,0.07966731392090735,0.2960869565217391,0.34782608695652173,0.5408695652173913,8
268,0.4173913043478261,0.09120076940610013,0.2817391304347826,0.4260869565217391,0.5756521739130435,8
269,0.4608695652173913,0.0952560969574202,0.29695652173913045,0.45217391304347826,0.6134782608695653,8
270,0.4043478260869565,0.06888251964241245,0.2847826086956522,0.4,0.4956521739130435,8
271,0.3978260869565217,0.12629293520241577,0.21,0.3739130434782609,0.6217391304347827,8
272,0.4739130434782609,0.11024975941831275,0.2960869565217391,0.48695652173913045,0.6173913043478261,8
273,0.43478260869565216,0.12450279185457698,0.2326086956521739,0.45217391304347826,0.5826086956521739,8
274,0.2956521739130435,0.08430747578115355,0.17130434782608694,0.29565217391304344,0.40869565217391307,8
275,0.4043478260869565,0.09395731645641005,0.2530434782608696,0.408695652173913,0.5273913043478261,8
276,0.4195652173913043,0.10175678033450825,0.28695652173913044,0.4260869565217391,0.5765217391304348,8
277,0.39565217391304347,0.07518094115561123,0.2530434782608696,0.4173913043478261,0.4782608695652174,8
278,0.45652173913043476,0.09109707321633462,0.3278260869565217,0.46956521739130436,0.5795652173913043,8
279,0.4326086956521739,0.0915885844910474,0.278695652173913,0.4782608695652174,0.5273913043478261,8
280,0.3760869565217391,0.10486736604515076,0.22652173913043477,0.4,0.521304347826087,8
281,0.30434782608695654,0.10288834405390636,0.17739130434782607,0.2782608695652174,0.48652173913043484,8
282,0.3456521739130435,0.08107850521291964,0.23478260869565218,0.3652173913043478,0.4773913043478261,8
283,0.4782608695652174,0.055679341195068247,0.38,0.48695652173913045,0.5447826086956521,8
284,0.4782608695652174,0.04259982161362048,0.40347826086956523,0.4782608695652174,0.5417391304347826,8
285,0.408695652173913,0.06507230237867725,0.3247826086956522,0.4173913043478261,0.4956521739130435,8
286,0.42391304347826086,0.08405484751817914,0.2991304347826087,0.4260869565217391,0.5530434782608695,8
287,0.4434782608695652,0.06956521739130438,0.3278260869565217,0.45217391304347826,0.5130434782608696,8
288,0.3739130434782609,0.10720720005163437,0.20391304347826086,0.3652173913043478,0.5356521739130434,8
289,0.4173913043478261,0.11404240911829568,0.19869565217391305,0.4347826086956522,0.5304347826086957,8
290,0.4652173913043478,0.09905031086864798,0.3391304347826087,0.4608695652173913,0.611304347826087,8
291,0.3869565217391304,0.09751157170437307,0.26130434782608697,0.3565217391304348,0.5356521739130434,8
292,0.4608695652173913,0.15700408769798074,0.25,0.4173913043478261,0.7147826086956521,8
293,0.40217391304347827,0.07114377466066771,0.2817391304347826,0.4,0.49260869565217397,8
294,0.391304347826087,0.06389973242043075,0.3391304347826087,0.3565217391304348,0.4956521739130435,8
295,0.44782608695652176,0.1035293991286144,0.29000000000000004,0.4608695652173913,0.5765217391304348,8
296,0.4152173913043478,0.15794940684558884,0.13652173913043478,0.48695652173913045,0.5478260869565217,8
297,0.42826086956521736,0.05529607539989959,0.3565217391304348,0.4434782608695652,0.5069565217391305,8
298,0.3717391304347826,0.08971178383462328,0.22652173913043477,0.3826086956521739,0.5121739130434784,8
299,0.33913043478260874,0.08064016083039742,0.2091304347826087,0.3391304347826087,0.4404347826086957,8
300,0.4608695652173913,0.05430433042085563,0.3830434782608696,0.45217391304347826,0.5530434782608695,8
301,0.3717391304347826,0.10341521645448953,0.21217391304347827,0.3652173913043478,0.521304347826087,8
302,0.4543478260869565,0.0838296499332993,0.3226086956521739,0.4434782608695652,0.5878260869565217,8
303,0.47391304347826085,0.07518094115561123,0.391304347826087,0.46956521739130436,0.6134782608695653,8
304,0.5630434782608695,0.05102910693176304,0.48434782608695653,0.5739130434782609,0.6430434782608696,8
305,0.3934782608695652,0.06236516646861327,0.3073913043478261,0.391304347826087,0.4895652173913044,8
306,0.44999999999999996,0.0767671460130851,0.3278260869565217,0.45217391304347826,0.5478260869565217,8
307,0.4260869565217391,0.08340576562282989,0.3134782608695652,0.4,0.5704347826086956,8
308,0.3739130434782609,0.07777627747825357,0.25521739130434784,0.3826086956521739,0.4608695652173913,8
309,0.45,0.09950254340300703,0.31043478260869567,0.43478260869565216,0.5826086956521739,8
310,0.3826086956521739,0.058332208108690164,0.2960869565217391,0.3739130434782609,0.47521739130434787,8
311,0.37826086956521743,0.12259019286844941,0.21739130434782608,0.3739130434782609,0.5621739130434782,8
312,0.5630434782608695,0.09013222800707771,0.4639130434782609,0.5478260869565217,0.7321739130434782,8
313,0.4608695652173913,0.12720642468111124,0.27043478260869563,0.4608695652173913,0.6143478260869565,8
314,0.4478260869565217,0.10817265482282372,0.29304347826086957,0.4608695652173913,0.5826086956521739,8
315,0.3869565217391304,0.06492688923073077,0.29000000000000004,0.4,0.4608695652173913,8
316,0.44782608695652176,0.09274230003348498,0.35956521739130437,0.40869565217391307,0.6308695652173913,8
317,0.4217391304347826,0.07910176260287068,0.3134782608695652,0.408695652173913,0.5130434782608696,8
318,0.3652173913043478,0.09161438045958903,0.26956521739130435,0.3652173913043478,0.5378260869565218,8
319,0.4217391304347826,0.0846431405823121,0.2847826086956522,0.4260869565217391,0.5530434782608695,8
320,0.3869565217391304,0.04055382196995137,0.3278260869565217,0.3739130434782609,0.4547826086956522,8
321,0.3282608695652174,0.07966731392090738,0.2234782608695652,0.32173913043478264,0.4630434782608696,8
322,0.34130434782608693,0.04637115001674248,0.2643478260869565,0.3391304347826087,0.41695652173913045,8
323,0.3021739130434783,0.08800992382607462,0.17739130434782607,0.30434782608695654,0.4456521739130435,8
324,0.41521739130434787,0.07272055949425099,0.26217391304347826,0.45217391304347826,0.4608695652173913,8
325,0.4956521739130435,0.13187609467915742,0.35956521739130437,0.43478260869565216,0.7095652173913044,8
326,0.4043478260869565,0.1122884484360431,0.23782608695652174,0.4434782608695652,0.567391304347826,8
327,0.3,0.07416835699666079,0.1917391304347826,0.28695652173913044,0.42,8
328,0.4217391304347826,0.07467636537964205,0.2960869565217391,0.4260869565217391,0.5243478260869566,8
329,0.4065217391304348,0.06815832785474298,0.3021739130434783,0.3826086956521739,0.5069565217391305,8
330,0.43260869565217397,0.11133746110697283,0.24782608695652175,0.408695652173913,0.5939130434782609,8
331,0.40217391304347827,0.06675718492514822,0.3247826086956522,0.391304347826087,0.521304347826087,8
332,0.3760869565217391,0.11936742533297691,0.14652173913043479,0.4173913043478261,0.49260869565217397,8
333,0.42391304347826086,0.0692588361829304,0.27956521739130435,0.4434782608695652,0.4895652173913044,8
334,0.44999999999999996,0.07966731392090737,0.3278260869565217,0.4434782608695652,0.5621739130434782,8
335,0.3934782608695653,0.08843845916003475,0.2817391304347826,0.3739130434782609,0.561304347826087,8
336,0.4608695652173913,0.06270523957328676,0.39434782608695657,0.4347826086956522,0.5591304347826087,8
337,0.358695652173913,0.11418735640581651,0.13521739130434784,0.3652173913043478,0.47521739130434787,8
338,0.4347826086956522,0.06791521457310136,0.3452173913043478,0.4173913043478261,0.5304347826086957,8
339,0.4282608695652174,0.09582494278493124,0.2817391304347826,0.45217391304347826,0.5478260869565217,8
340,0.358695652173913,0.14299986119733635,0.13434782608695653,0.34782608695652173,0.5447826086956521,8
341,0.44999999999999996,0.07871246517492031,0.33391304347826084,0.45217391304347826,0.5930434782608696,8
342,0.40217391304347827,0.0838296499332993,0.27043478260869563,0.408695652173913,0.5439130434782609,8
343,0.4717391304347826,0.07061035551700746,0.3482608695652174,0.4782608695652174,0.5591304347826087,8
344,0.46086956521739125,0.09078527399052651,0.2908695652173913,0.4782608695652174,0.5478260869565217,8
345,0.4673913043478261,0.06618842325060144,0.35434782608695653,0.4608695652173913,0.5591304347826087,8
346,0.5239130434782608,0.06561473162081118,0.4465217391304348,0.5043478260869565,0.6430434782608696,8
347,0.4282608695652174,0.11082693127418161,0.2756521739130435,0.4173913043478261,0.6021739130434782,8
348,0.3913043478260869,0.10649955403405123,0.2756521739130435,0.33043478260869563,0.5560869565217391,8
349,0.46739130434782605,0.10540676454261441,0.27652173913043476,0.48695652173913045,0.5908695652173913,8
350,0.5108695652173914,0.15443965425140335,0.3073913043478261,0.6,0.6921739130434783,8
351,0.3826086956521739,0.09760845356801588,0.2234782608695652,0.391304347826087,0.5182608695652174,8
352,0.47173913043478266,0.10359784832559875,0.2682608695652174,0.4956521739130435,0.6021739130434782,8
353,0.4282608695652174,0.07652050394260018,0.2991304347826087,0.4347826086956522,0.5130434782608696,8
354,0.5043478260869565,0.05430433042085561,0.4178260869565218,0.4956521739130435,0.5795652173913043,8
355,0.49782608695652175,0.0664734123974811,0.4117391304347826,0.48695652173913045,0.6195652173913043,8
356,0.48478260869565215,0.0752751725790469,0.3717391304347826,0.4782608695652174,0.6195652173913043,8
357,0.3934782608695652,0.07652050394260018,0.29000000000000004,0.4,0.5182608695652174,8
358,0.43043478260869567,0.10461921230883449,0.2643478260869565,0.4434782608695652,0.5591304347826087,8
359,0.508695652173913,0.06375164477658772,0.3891304347826087,0.5130434782608696,0.5795652173913043,8
360,0.5239130434782608,0.04254431693648025,0.4639130434782609,0.5130434782608696,0.5939130434782609,8
361,0.5543478260869565,0.06898535501140186,0.43826086956521737,0.5826086956521739,0.6317391304347826,8
362,0.41086956521739126,0.08714653153403237,0.2847826086956522,0.391304347826087,0.567391304347826,8
363,0.4934782608695652,0.1073613758683978,0.3565217391304348,0.4869565217391304,0.6286956521739131,8
364,0.36086956521739133,0.06492688923073078,0.27260869565217394,0.3565217391304348,0.45782608695652177,8
365,0.46739130434782605,0.13128347084247172,0.29000000000000004,0.4782608695652174,0.6317391304347826,8
366,0.5021739130434782,0.06561473162081118,0.37478260869565216,0.5304347826086957,0.5765217391304348,8
367,0.5065217391304347,0.060206010539679236,0.40347826086956523,0.5043478260869565,0.5795652173913043,8
368,0.4826086956521739,0.10533949077900624,0.33391304347826084,0.46956521739130436,0.6347826086956522,8
369,0.4826086956521739,0.10352939912861442,0.38,0.4434782608695652,0.6830434782608696,8
370,0.3891304347826087,0.09542958290281726,0.25521739130434784,0.391304347826087,0.5273913043478261,8
371,0.4782608695652174,0.10964800185146514,0.3278260869565217,0.4956521739130435,0.6256521739130435,8
372,0.4217391304347826,0.13960516833045497,0.23478260869565218,0.46956521739130436,0.5908695652173913,8
373,0.6021739130434782,0.07798865702022653,0.4473913043478261,0.6173913043478261,0.6839130434782609,8
374,0.48478260869565215,0.09562746716488162,0.35434782608695653,0.4608695652173913,0.6460869565217392,8
375,0.3456521739130435,0.11920895539874084,0.12608695652173912,0.3391304347826087,0.5039130434782609,8
376,0.4478260869565217,0.09109707321633462,0.3278260869565217,0.4434782608695652,0.6052173913043478,8
377,0.5065217391304349,0.07219879089311136,0.3830434782608696,0.5130434782608696,0.6082608695652174,8
378,0.37826086956521743,0.06942921488117962,0.28695652173913044,0.4,0.45782608695652177,8
379,0.3804347826086957,0.07676714601308511,0.28695652173913044,0.3652173913043478,0.4956521739130435,8
380,0.5152173913043478,0.08971178383462325,0.3891304347826087,0.4956521739130435,0.6717391304347826,8
381,0.5391304347826087,0.08519964322724097,0.38608695652173913,0.5739130434782609,0.6430434782608696,8
382,0.40217391304347827,0.08427944336947882,0.24391304347826087,0.43478260869565216,0.47521739130434787,8
383,0.42608695652173917,0.06565073421974565,0.29391304347826086,0.4434782608695652,0.49260869565217397,8
384,0.4347826086956522,0.0748028284090663,0.3308695652173913,0.40869565217391307,0.5478260869565217,8
385,0.4434782608695652,0.1133774331339591,0.2960869565217391,0.4173913043478261,0.6195652173913043,8
386,0.3826086956521739,0.06622411396403398,0.29000000000000004,0.3826086956521739,0.4721739130434783,8
387,0.4565217391304348,0.05685520361140008,0.3656521739130435,0.4434782608695652,0.5417391304347826,8
388,0.5304347826086957,0.09604661754075877,0.4065217391304348,0.5130434782608696,0.7147826086956521,8
389,0.5282608695652173,0.10558595169200774,0.39434782608695657,0.5304347826086957,0.6695652173913044,8
390,0.5282608695652173,0.05597562256340752,0.4608695652173913,0.5391304347826087,0.5969565217391304,8
391,0.4869565217391304,0.09914568913905548,0.3278260869565217,0.5043478260869565,0.6256521739130435,8
392,0.491304347826087,0.04662524041201569,0.40347826086956523,0.4956521739130435,0.5447826086956521,8
393,0.4326086956521739,0.12356931731410707,0.1791304347826087,0.45217391304347826,0.5591304347826087,8
394,0.5565217391304348,0.05702120455914782,0.481304347826087,0.5565217391304348,0.6347826086956522,8
395,0.44130434782608696,0.072460144836952,0.3165217391304348,0.45217391304347826,0.5273913043478261,8
396,0.4391304347826087,0.08374504471416618,0.3452173913043478,0.4173913043478261,0.5991304347826087,8
397,0.4760869565217391,0.09342769107367085,0.3082608695652174,0.48695652173913045,0.6052173913043478,8
398,0.43478260869565216,0.1133774331339591,0.278695652173913,0.4434782608695652,0.5765217391304348,8
399,0.5108695652173914,0.12310952291102407,0.29391304347826086,0.5304347826086957,0.6973913043478261,8
400,0.44130434782608696,0.09777776584369138,0.3073913043478261,0.4434782608695652,0.5765217391304348,8
401,0.4782608695652174,0.10614396187594524,0.33391304347826084,0.4608695652173913,0.6347826086956522,8
402,0.5065217391304349,0.11133746110697283,0.3226086956521739,0.5304347826086957,0.6286956521739131,8
403,0.5021739130434782,0.07627306431673404,0.38608695652173913,0.5043478260869565,0.611304347826087,8
404,0.49782608695652175,0.1224937790172244,0.3021739130434783,0.5304347826086957,0.6521739130434783,8
405,0.47608695652173916,0.09582494278493127,0.3452173913043478,0.45217391304347826,0.6286956521739131,8
406,0.48043478260869565,0.12554230189548618,0.23869565217391303,0.5217391304347827,0.6,8
407,0.5108695652173914,0.0880099238260746,0.37478260869565216,0.48695652173913045,0.6543478260869565,8
408,0.4826086956521739,0.1238176597034621,0.3021739130434783,0.4956521739130435,0.6717391304347826,8
409,0.5608695652173913,0.09109707321633462,0.39521739130434785,0.5565217391304347,0.6778260869565218,8
410,0.48478260869565215,0.056979749661222406,0.3973913043478261,0.4956521739130435,0.5621739130434782,8
411,0.4826086956521739,0.06608123545030721,0.37695652173913047,0.48695652173913045,0.5652173913043478,8
412,0.5239130434782608,0.08107850521291964,0.3552173913043478,0.5565217391304347,0.5939130434782609,8
413,0.3891304347826087,0.08177496901653926,0.29000000000000004,0.3826086956521739,0.5130434782608696,8
414,0.47608695652173905,0.09342769107367085,0.33695652173913043,0.45217391304347826,0.611304347826087,8
415,0.5130434782608696,0.07275304578557178,0.4004347826086957,0.5217391304347827,0.6143478260869565,8
416,0.3956521739130435,0.06375164477658775,0.2817391304347826,0.4,0.48652173913043484,8
417,0.35434782608695653,0.09261481914843823,0.2234782608695652,0.34782608695652173,0.47521739130434787,8
418,0.5391304347826087,0.05635426694267703,0.46695652173913044,0.5217391304347826,0.6143478260869565,8
419,0.47608695652173916,0.10665475280031374,0.26217391304347826,0.5217391304347827,0.5878260869565217,8
420,0.40217391304347827,0.09602201228416427,0.22956521739130434,0.4260869565217391,0.51,8
421,0.5739130434782609,0.08064016083039742,0.42695652173913046,0.5913043478260869,0.6778260869565218,8
422,0.4304347826086957,0.07910176260287068,0.3073913043478261,0.46956521739130436,0.5130434782608696,8
423,0.5108695652173914,0.06474466352971925,0.39217391304347826,0.5043478260869565,0.5826086956521739,8
424,0.49782608695652175,0.04952515543432398,0.40347826086956523,0.5043478260869565,0.5591304347826087,8
425,0.4695652173913043,0.11633989704573611,0.3308695652173913,0.4173913043478261,0.6543478260869565,8
426,0.46739130434782605,0.08014047213550766,0.3452173913043478,0.4782608695652174,0.5991304347826087,8
427,0.44565217391304346,0.12310952291102409,0.19869565217391305,0.48695652173913045,0.5847826086956521,8
428,0.47826086956521735,0.10362065467663464,0.3421739130434783,0.48695652173913045,0.6256521739130435,8
429,0.5652173913043479,0.05961438782957429,0.4956521739130435,0.5652173913043478,0.6634782608695653,8
430,0.41739130434782606,0.10470951807645475,0.2643478260869565,0.408695652173913,0.5447826086956521,8
431,0.4652173913043478,0.06194698629902175,0.391304347826087,0.4608695652173913,0.5478260869565217,8
432,0.37173913043478257,0.08405484751817913,0.29000000000000004,0.3391304347826087,0.5295652173913044,8
433,0.44565217391304346,0.1073613758683978,0.3134782608695652,0.4260869565217391,0.6165217391304348,8
434,0.5195652173913043,0.11599410062568784,0.33999999999999997,0.5043478260869565,0.6952173913043479,8
435,0.39565217391304347,0.11295983527623114,0.22956521739130434,0.408695652173913,0.5130434782608696,8
436,0.5195652173913043,0.07061035551700745,0.43217391304347824,0.5043478260869565,0.64,8
437,0.5543478260869565,0.07007287591863563,0.46695652173913044,0.5304347826086957,0.6747826086956522,8
438,0.4891304347826087,0.08246555103648112,0.35956521739130437,0.5130434782608696,0.6052173913043478,8
439,0.4282608695652174,0.0698025841652275,0.3134782608695652,0.43478260869565216,0.5130434782608696,8
440,0.4478260869565217,0.12563637631999902,0.25,0.4347826086956522,0.6,8
441,0.5891304347826087,0.07219879089311138,0.4782608695652174,0.6260869565217391,0.6665217391304348,8
442,0.4043478260869565,0.10425720702853739,0.29000000000000004,0.3739130434782609,0.5878260869565217,8
443,0.5130434782608695,0.10506996498777889,0.35130434782608694,0.5130434782608696,0.6491304347826087,8
444,0.508695652173913,0.07862235356532661,0.36043478260869566,0.5130434782608696,0.6082608695652174,8
445,0.3456521739130435,0.0864933315829468,0.21217391304347827,0.34782608695652173,0.46913043478260874,8
446,0.408695652173913,0.07826086956521738,0.2734782608695652,0.408695652173913,0.5326086956521738,8
447,0.4695652173913044,0.05768043113661565,0.3656521739130435,0.4782608695652174,0.5417391304347826,8
448,0.4,0.05635426694267704,0.31043478260869567,0.40869565217391307,0.48652173913043484,8
449,0.5260869565217392,0.1071189999543906,0.36869565217391304,0.5478260869565217,0.7004347826086957,8
450,0.4152173913043478,0.07375302371168423,0.28782608695652173,0.4260869565217391,0.5326086956521738,8
451,0.48913043478260865,0.0787124651749203,0.3626086956521739,0.4956521739130435,0.5826086956521739,8
452,0.5891304347826087,0.05829168555561705,0.4873913043478261,0.6,0.6634782608695653,8
453,0.5,0.045807190229794514,0.4260869565217391,0.5130434782608696,0.5478260869565217,8
454,0.5739130434782609,0.11135868239013649,0.3973913043478261,0.5739130434782609,0.73,8
455,0.45000000000000007,0.040728247815641744,0.40869565217391307,0.43478260869565216,0.5243478260869566,8
456,0.4391304347826087,0.09943127500895019,0.2960869565217391,0.4434782608695652,0.6021739130434782,8
457,0.47608695652173916,0.11218318128209277,0.3565217391304348,0.4956521739130435,0.673913043478261,8
458,0.4565217391304348,0.08942158174436143,0.2991304347826087,0.46956521739130436,0.5621739130434782,8
459,0.44782608695652176,0.07262301342821768,0.3195652173913044,0.4782608695652174,0.5130434782608696,8
460,0.46521739130434786,0.13122946324162235,0.24478260869565216,0.48695652173913045,0.662608695652174,8
461,0.43695652173913047,0.04596168372144777,0.391304347826087,0.4173913043478261,0.521304347826087,8
462,0.3782608695652174,0.11560639826355071,0.18043478260869564,0.4,0.5356521739130434,8
463,0.49782608695652175,0.06647341239748111,0.4260869565217391,0.48695652173913045,0.611304347826087,8
464,0.3521739130434782,0.09192336744289555,0.21521739130434783,0.33043478260869563,0.5039130434782609,8
465,0.43478260869565216,0.13638597514224451,0.2182608695652174,0.46956521739130436,0.6339130434782609,8
466,0.38913043478260867,0.09816366873804903,0.25217391304347825,0.4,0.521304347826087,8
467,0.39565217391304347,0.09395731645641002,0.22434782608695653,0.408695652173913,0.5295652173913044,8
468,0.5369565217391304,0.10962644941846057,0.3973913043478261,0.5304347826086957,0.7178260869565217,8
469,0.5152173913043478,0.07034212907549321,0.43217391304347824,0.4956521739130435,0.651304347826087,8
470,0.5499999999999999,0.10341521645448955,0.3491304347826087,0.5565217391304347,0.6521739130434783,8
471,0.44130434782608696,0.09179474926398876,0.2908695652173913,0.4434782608695652,0.5960869565217392,8
472,0.517391304347826,0.09395731645641005,0.36869565217391304,0.5043478260869565,0.6604347826086957,8
473,0.49130434782608695,0.09905031086864798,0.3,0.5130434782608696,0.6195652173913043,8
474,0.4652173913043478,0.11978241142570359,0.3247826086956522,0.46956521739130436,0.6769565217391305,8
475,0.5173913043478261,0.07957828355531796,0.4291304347826087,0.5043478260869565,0.6769565217391305,8
476,0.44130434782608696,0.098163668738049,0.2508695652173913,0.45217391304347826,0.5447826086956521,8
477,0.4065217391304348,0.11385577717542171,0.2326086956521739,0.391304347826087,0.5847826086956521,8
478,0.5043478260869565,0.1275032895531755,0.29695652173913045,0.48695652173913045,0.7065217391304348,8
479,0.4891304347826087,0.07919132869603036,0.3717391304347826,0.4782608695652174,0.6226086956521739,8
480,0.4826086956521739,0.1126246421477271,0.2569565217391304,0.5130434782608695,0.5939130434782609,8
481,0.4608695652173913,0.08203461853962264,0.3134782608695652,0.4782608695652174,0.5447826086956521,8
482,0.3804347826086956,0.12895904304316427,0.22043478260869565,0.3652173913043478,0.5621739130434782,8
483,0.41086956521739126,0.1322875655532295,0.16391304347826086,0.43478260869565216,0.5765217391304348,8
484,0.44782608695652176,0.06375164477658776,0.3421739130434783,0.46956521739130436,0.5130434782608696,8
485,0.4521739130434782,0.12601197170599512,0.2817391304347826,0.4260869565217391,0.6317391304347826,8
486,0.49130434782608695,0.09634139046156669,0.3391304347826087,0.5130434782608696,0.6,8
487,0.4673913043478261,0.08061085312060504,0.3,0.48695652173913045,0.5447826086956521,8
488,0.5413043478260869,0.043423879033561236,0.4986956521739131,0.5130434782608696,0.6143478260869565,8
489,0.3695652173913043,0.07157425057893185,0.28695652173913044,0.3565217391304348,0.4608695652173913,8
490,0.5565217391304348,0.09445896079304536,0.43217391304347824,0.5739130434782609,0.6982608695652175,8
491,0.5130434782608695,0.08782178207271371,0.3491304347826087,0.5217391304347826,0.6143478260869565,8
492,0.45869565217391306,0.10157083814107536,0.3073913043478261,0.4956521739130435,0.5939130434782609,8
493,0.5260869565217392,0.04662524041201567,0.4608695652173913,0.5304347826086957,0.5826086956521739,8
494,0.4173913043478261,0.07064381221422576,0.3247826086956522,0.4,0.5130434782608696,8
495,0.45869565217391306,0.06175596831018168,0.38,0.4434782608695652,0.5621739130434782,8
496,0.5239130434782608,0.07823067050194166,0.4291304347826087,0.5130434782608696,0.6656521739130435,8
497,0.41521739130434776,0.08014047213550765,0.3073913043478261,0.4260869565217391,0.5469565217391305,8
498,0.4043478260869565,0.0756821529805618,0.2817391304347826,0.408695652173913,0.5069565217391305,8
499,0.49565217391304345,0.05833220810869016,0.3973913043478261,0.5130434782608696,0.5765217391304348,8
500,0.3760869565217391,0.09582494278493127,0.23782608695652174,0.3913043478260869,0.49260869565217397,8
501,0.508695652173913,0.11127377297451936,0.3308695652173913,0.5478260869565217,0.6317391304347826,8
502,0.5499999999999999,0.08886492798247694,0.39217391304347826,0.5739130434782609,0.6347826086956522,8
503,0.5456521739130435,0.0692588361829304,0.4465217391304348,0.5391304347826087,0.6460869565217392,8
504,0.4217391304347826,0.12009762884289682,0.29000000000000004,0.391304347826087,0.6504347826086957,8
505,0.5108695652173912,0.08037600672754848,0.4117391304347826,0.5043478260869565,0.6317391304347826,8
506,0.46304347826086956,0.13056153261823306,0.3217391304347826,0.43478260869565216,0.6717391304347826,8
507,0.4543478260869565,0.14180513267217768,0.22130434782608696,0.4347826086956522,0.6173913043478261,8
508,0.45869565217391306,0.07349626741033465,0.3739130434782609,0.43478260869565216,0.5878260869565217,8
509,0.35434782608695653,0.0803760067275485,0.20391304347826086,0.3565217391304348,0.46608695652173915,8
510,0.2608695652173913,0.06956521739130435,0.1826086956521739,0.25217391304347825,0.37086956521739134,8
511,0.4913043478260869,0.09866787580791492,0.3195652173913044,0.5043478260869565,0.6339130434782609,8
512,0.3913043478260869,0.10252022715262259,0.2408695652173913,0.43478260869565216,0.5069565217391305,8
513,0.48043478260869565,0.06474466352971925,0.3656521739130435,0.48695652173913045,0.5621739130434782,8
514,0.44782608695652176,0.08553180683872175,0.3739130434782609,0.4260869565217391,0.6217391304347827,8
515,0.3521739130434782,0.06434195037803801,0.2643478260869565,0.33043478260869563,0.45782608695652177,8
516,0.4543478260869565,0.08950082108799522,0.271304347826087,0.4782608695652174,0.5417391304347826,8
517,0.4260869565217391,0.1032551485829384,0.2530434782608696,0.4347826086956522,0.5621739130434782,8
518,0.3891304347826087,0.09055071999851536,0.2582608695652174,0.408695652173913,0.5039130434782609,8
519,0.4043478260869565,0.14903596957393575,0.2008695652173913,0.4,0.6708695652173914,8
520,0.3869565217391304,0.11978241142570357,0.18652173913043477,0.4,0.567391304347826,8
521,0.4456521739130435,0.06051917785684808,0.3739130434782609,0.4260869565217391,0.5304347826086957,8
522,0.3847826086956522,0.05495315069462843,0.3073913043478261,0.40869565217391307,0.4434782608695652,8
523,0.38913043478260867,0.148448179523296,0.16608695652173913,0.3826086956521739,0.6082608695652174,8
524,0.39347826086956517,0.09342769107367087,0.19869565217391305,0.4260869565217391,0.48652173913043484,8
525,0.4217391304347826,0.052714589795574536,0.3308695652173913,0.43478260869565216,0.4895652173913044,8
526,0.4,0.07874247946206449,0.31043478260869567,0.3739130434782609,0.5499999999999999,8
527,0.40869565217391307,0.11986129349643673,0.18130434782608695,0.45217391304347826,0.5273913043478261,8
528,0.4434782608695652,0.06389973242043075,0.3391304347826087,0.4608695652173913,0.51,8
529,0.3782608695652174,0.144135516993485,0.16608695652173913,0.3739130434782609,0.5478260869565217,8
530,0.3347826086956522,0.07518094115561123,0.23782608695652174,0.3391304347826087,0.4434782608695652,8
531,0.3934782608695652,0.09542958290281725,0.19869565217391305,0.4260869565217391,0.4782608695652174,8
532,0.3869565217391304,0.08237954487607138,0.2756521739130435,0.3826086956521739,0.5182608695652174,8
533,0.43695652173913047,0.08561464638050094,0.31043478260869567,0.4434782608695652,0.5704347826086956,8
534,0.341304347826087,0.14509953561708908,0.12521739130434784,0.3826086956521739,0.51,8
535,0.3934782608695652,0.07298004491997619,0.2817391304347826,0.3739130434782609,0.49260869565217397,8
536,0.4173913043478261,0.07117698062497783,0.2734782608695652,0.4434782608695652,0.4895652173913044,8
537,0.3652173913043478,0.10398487602696868,0.18043478260869564,0.391304347826087,0.5008695652173913,8
538,0.4,0.09243605054551869,0.2273913043478261,0.4173913043478261,0.51,8
539,0.39347826086956517,0.10806337844901362,0.25521739130434784,0.3739130434782609,0.5478260869565217,8
540,0.43478260869565216,0.07580693814853345,0.3021739130434783,0.4434782608695652,0.5417391304347826,8
541,0.491304347826087,0.11362725517714764,0.3134782608695652,0.4956521739130435,0.6769565217391305,8
542,0.43043478260869567,0.09109707321633462,0.2734782608695652,0.43478260869565216,0.578695652173913,8
543,0.3934782608695652,0.06474466352971928,0.3073913043478261,0.391304347826087,0.5121739130434784,8
544,0.3782608695652174,0.14647722198193927,0.21739130434782608,0.32173913043478264,0.6195652173913043,8
545,0.48478260869565215,0.0864933315829468,0.33999999999999997,0.48695652173913045,0.6278260869565218,8
546,0.4304347826086956,0.13180440340194882,0.22043478260869565,0.4521739130434783,0.5652173913043478,8
547,0.40652173913043477,0.08886492798247694,0.29304347826086957,0.391304347826087,0.5447826086956521,8
548,0.3826086956521739,0.09284415871331574,0.28695652173913044,0.3565217391304348,0.5665217391304348,8
549,0.3760869565217391,0.03931117678266332,0.3247826086956522,0.3739130434782609,0.44869565217391305,8
550,0.44782608695652176,0.11593297066063811,0.2582608695652174,0.4608695652173913,0.6052173913043478,8
551,0.4456521739130435,0.09013222800707775,0.3308695652173913,0.4347826086956522,0.6021739130434782,8
552,0.5152173913043477,0.08450344228511657,0.35434782608695653,0.5478260869565217,0.6082608695652174,8
553,0.4391304347826087,0.0837450447141662,0.28782608695652173,0.4608695652173913,0.5304347826086957,8
554,0.3804347826086957,0.0903417163268702,0.25521739130434784,0.391304347826087,0.5378260869565218,8
555,0.4326086956521739,0.09988178267530558,0.2847826086956522,0.4173913043478261,0.5765217391304348,8
556,0.4130434782608695,0.07862235356532662,0.3247826086956522,0.408695652173913,0.5469565217391305,8
557,0.3173913043478261,0.11690721443259786,0.13130434782608696,0.33043478260869563,0.4547826086956522,8
558,0.39565217391304347,0.0710440636450791,0.2591304347826087,0.4,0.47521739130434787,8
559,0.4108695652173913,0.10304898169122897,0.29304347826086957,0.391304347826087,0.6156521739130435,8
560,0.4065217391304348,0.13228756555322954,0.1517391304347826,0.4608695652173913,0.5130434782608696,8
561,0.41304347826086957,0.06375164477658776,0.3247826086956522,0.4173913043478261,0.49260869565217397,8
562,0.3760869565217391,0.10594341679140178,0.25521739130434784,0.3826086956521739,0.5726086956521739,8
563,0.4260869565217391,0.10614396187594524,0.3217391304347826,0.391304347826087,0.6226086956521739,8
564,0.40217391304347827,0.09483345265733581,0.30434782608695654,0.3652173913043478,0.5417391304347826,8
565,0.35434782608695653,0.10119792880267288,0.15782608695652173,0.3739130434782609,0.46913043478260874,8
566,0.44565217391304346,0.049525155434323995,0.35130434782608694,0.45217391304347826,0.5069565217391305,8
567,0.33695652173913043,0.08671161163121362,0.21217391304347827,0.31304347826086953,0.48347826086956525,8
568,0.3456521739130435,0.07871246517492031,0.2582608695652174,0.30434782608695654,0.46913043478260874,8
569,0.4391304347826087,0.07262301342821768,0.3165217391304348,0.4608695652173913,0.5130434782608696,8
570,0.3739130434782609,0.047628048478710105,0.3073913043478261,0.3826086956521739,0.45173913043478264,8
571,0.42826086956521736,0.06590220170097444,0.3421739130434783,0.408695652173913,0.5130434782608696,8
572,0.3739130434782608,0.09445896079304535,0.27260869565217394,0.34782608695652173,0.5582608695652174,8
573,0.46956521739130436,0.07223151185146151,0.3739130434782609,0.4782608695652174,0.5621739130434782,8
574,0.4,0.11437344728666003,0.24695652173913044,0.391304347826087,0.5908695652173913,8
575,0.3521739130434782,0.11161302306950813,0.2091304347826087,0.3391304347826087,0.538695652173913,8
576,0.45434782608695656,0.1024971759489242,0.2960869565217391,0.45217391304347826,0.6165217391304348,8
577,0.27608695652173915,0.11566770082106982,0.10782608695652174,0.2782608695652174,0.4630434782608696,8
578,0.3739130434782608,0.12927016302016092,0.17739130434782607,0.408695652173913,0.5356521739130434,8
579,0.3760869565217392,0.06474466352971928,0.2643478260869565,0.391304347826087,0.4773913043478261,8
580,0.4304347826086956,0.055509327542624796,0.3195652173913044,0.45217391304347826,0.4895652173913044,8
581,0.3152173913043478,0.1366456098245019,0.12521739130434784,0.32173913043478264,0.5439130434782609,8
582,0.3543478260869565,0.05102910693176306,0.278695652173913,0.34782608695652173,0.4373913043478261,8
583,0.4,0.10964800185146514,0.18434782608695655,0.4173913043478261,0.51,8
584,0.3173913043478261,0.09789852390606699,0.16,0.33043478260869563,0.4404347826086957,8
585,0.4173913043478261,0.10325514858293842,0.22956521739130434,0.45217391304347826,0.5130434782608696,8
586,0.4652173913043478,0.061946986299021775,0.39434782608695657,0.43478260869565216,0.5591304347826087,8
587,0.4260869565217391,0.06735623210795508,0.3021739130434783,0.43478260869565216,0.51,8
588,0.3521739130434783,0.08771409131231309,0.24391304347826087,0.3391304347826087,0.5204347826086957,8
589,0.4108695652173913,0.06815832785474298,0.2734782608695652,0.4434782608695652,0.47521739130434787,8
590,0.3804347826086957,0.10432517870175503,0.22956521739130434,0.3565217391304348,0.5273913043478261,8
591,0.43478260869565216,0.08652064670492346,0.31043478260869567,0.4434782608695652,0.5478260869565217,8
592,0.39565217391304347,0.07716625804042977,0.24695652173913044,0.4260869565217391,0.4721739130434783,8
593,0.35434782608695653,0.09542958290281725,0.1691304347826087,0.3739130434782609,0.45782608695652177,8
594,0.48043478260869565,0.05597562256340752,0.39434782608695657,0.5043478260869565,0.5560869565217391,8
595,0.3326086956521739,0.07477123270399931,0.22652173913043477,0.33043478260869563,0.44869565217391305,8
596,0.4043478260869565,0.1056977894012454,0.26130434782608697,0.3913043478260869,0.5304347826086957,8
597,0.4391304347826087,0.07467636537964203,0.33391304347826084,0.4173913043478261,0.5704347826086956,8
598,0.37173913043478257,0.03733818268982102,0.3073913043478261,0.3826086956521739,0.42,8
599,0.4260869565217391,0.124806087777455,0.26130434782608697,0.4260869565217391,0.6421739130434783,8
600,0.4630434782608695,0.08037600672754848,0.33391304347826084,0.45217391304347826,0.5795652173913043,8
601,0.3456521739130435,0.14548985114567067,0.1508695652173913,0.32173913043478264,0.5447826086956521,8
602,0.42391304347826086,0.10876085001173033,0.24391304347826087,0.4347826086956522,0.5704347826086956,8
603,0.3152173913043478,0.13747314568489022,0.1334782608695652,0.31304347826086953,0.5521739130434783,8
604,0.4782608695652174,0.10860866084171127,0.391304347826087,0.4173913043478261,0.6665217391304348,8
605,0.37826086956521743,0.05881630112377689,0.29304347826086957,0.3739130434782609,0.4804347826086957,8
606,0.44130434782608696,0.04554853660816732,0.35130434782608694,0.45217391304347826,0.49260869565217397,8
607,0.3586956521739131,0.09383148632568362,0.2582608695652174,0.3391304347826087,0.5408695652173913,8
608,0.4434782608695652,0.10434782608695653,0.3073913043478261,0.4260869565217391,0.6165217391304348,8
609,0.3804347826086957,0.08517190445286842,0.24695652173913044,0.3826086956521739,0.5069565217391305,8
610,0.3804347826086957,0.0742638732719075,0.2530434782608696,0.3739130434782609,0.4895652173913044,8
611,0.4456521739130435,0.09096728675177251,0.3165217391304348,0.43478260869565216,0.6021739130434782,8
612,0.4260869565217391,0.08430747578115354,0.2908695652173913,0.4,0.5447826086956521,8
613,0.4043478260869565,0.12473033293722653,0.29000000000000004,0.3391304347826087,0.6256521739130435,8
614,0.39565217391304347,0.09355406431021746,0.2756521739130435,0.3652173913043478,0.5447826086956521,8
615,0.44130434782608696,0.06760135567594007,0.3421739130434783,0.4608695652173913,0.5130434782608696,8
616,0.4652173913043478,0.07157425057893187,0.33695652173913043,0.48695652173913045,0.5447826086956521,8
617,0.33043478260869563,0.08695652173913043,0.20304347826086958,0.32173913043478264,0.4434782608695652,8
618,0.408695652173913,0.08064016083039743,0.25608695652173913,0.4173913043478261,0.5182608695652174,8
619,0.38913043478260867,0.05796648533031906,0.2960869565217391,0.3826086956521739,0.47521739130434787,8
620,0.43695652173913047,0.06144910445696768,0.3452173913043478,0.4434782608695652,0.538695652173913,8
621,0.35434782608695653,0.09582494278493124,0.2008695652173913,0.3565217391304348,0.5204347826086957,8
622,0.44565217391304346,0.08671161163121362,0.3247826086956522,0.45217391304347826,0.5478260869565217,8
623,0.30869565217391304,0.09435884527917698,0.14565217391304347,0.3565217391304348,0.40565217391304353,8
624,0.3695652173913044,0.10641076739582973,0.2008695652173913,0.3565217391304348,0.4956521739130435,8
625,0.4608695652173913,0.08110764393990272,0.3308695652173913,0.46956521739130436,0.5478260869565217,8
626,0.4434782608695652,0.10578717443996903,0.26217391304347826,0.4260869565217391,0.5826086956521739,8
627,0.46739130434782605,0.0711437746606677,0.391304347826087,0.45217391304347826,0.6021739130434782,8
628,0.4152173913043478,0.09403273371253117,0.29000000000000004,0.4173913043478261,0.5447826086956521,8
629,0.29347826086956524,0.09200045204129925,0.13956521739130434,0.31304347826086953,0.40260869565217394,8
630,0.4217391304347826,0.08329236548116531,0.2960869565217391,0.45217391304347826,0.5273913043478261,8
631,0.3456521739130435,0.06561473162081118,0.25217391304347825,0.3565217391304348,0.4404347826086957,8
632,0.3847826086956522,0.08692934357883568,0.23565217391304347,0.408695652173913,0.5121739130434784,8
633,0.3826086956521739,0.06791521457310135,0.26130434782608697,0.4,0.4608695652173913,8
634,0.4608695652173913,0.07826086956521738,0.3165217391304348,0.48695652173913045,0.5447826086956521,8
635,0.35,0.12629293520241577,0.16,0.3739130434782609,0.49260869565217397,8
636,0.4108695652173913,0.10231257935434865,0.2408695652173913,0.4434782608695652,0.5243478260869566,8
637,0.341304347826087,0.10450622036279926,0.20608695652173914,0.35652173913043483,0.48652173913043484,8
638,0.32173913043478264,0.06679257172059659,0.2008695652173913,0.3391304347826087,0.41391304347826086,8
639,0.3521739130434782,0.1406842581509864,0.16826086956521738,0.3565217391304348,0.59,8
640,0.46739130434782605,0.10396214957581167,0.2908695652173913,0.4782608695652174,0.6,8
641,0.45434782608695656,0.11984157784641496,0.31043478260869567,0.4173913043478261,0.6543478260869565,8
642,0.391304347826087,0.09760845356801587,0.23478260869565218,0.4434782608695652,0.4782608695652174,8
643,0.3956521739130435,0.07862235356532664,0.2530434782608696,0.408695652173913,0.5039130434782609,8
644,0.4717391304347826,0.06788041302606954,0.37695652173913047,0.4956521739130435,0.5704347826086956,8
645,0.37173913043478257,0.05664701835128428,0.278695652173913,0.3826086956521739,0.4547826086956522,8
646,0.4217391304347826,0.11462109849099188,0.28695652173913044,0.40869565217391307,0.611304347826087,8
647,0.40217391304347827,0.07966731392090738,0.27260869565217394,0.4260869565217391,0.5152173913043478,8
648,0.408695652173913,0.10215078369104984,0.2756521739130435,0.3826086956521739,0.5591304347826087,8
649,0.32608695652173914,0.06997163886709167,0.2408695652173913,0.31304347826086953,0.46,8
650,0.3956521739130435,0.15573473642236796,0.2182608695652174,0.33913043478260874,0.6830434782608696,8
651,0.4456521739130435,0.06980258416522749,0.3482608695652174,0.45217391304347826,0.567391304347826,8
652,0.31521739130434784,0.07219879089311136,0.22043478260869565,0.30434782608695654,0.4230434782608696,8
653,0.4565217391304348,0.09515682012277951,0.2817391304347826,0.48695652173913045,0.5621739130434782,8
654,0.3869565217391304,0.061946986299021775,0.31043478260869567,0.3652173913043478,0.4782608695652174,8
655,0.48043478260869565,0.12218474344692516,0.3308695652173913,0.46956521739130436,0.7117391304347825,8
656,0.3565217391304347,0.10398487602696868,0.23782608695652174,0.3391304347826087,0.51,8
657,0.38260869565217387,0.0968306845709569,0.25521739130434784,0.3565217391304348,0.5469565217391305,8
658,0.3847826086956522,0.13128347084247172,0.1691304347826087,0.391304347826087,0.601304347826087,8
659,0.46739130434782605,0.11664416021996794,0.3391304347826087,0.43478260869565216,0.6717391304347826,8
660,0.4913043478260869,0.11978241142570359,0.3391304347826087,0.48695652173913045,0.6891304347826087,8
661,0.4173913043478261,0.09914568913905548,0.2960869565217391,0.391304347826087,0.5878260869565217,8
662,0.48043478260869565,0.11285519436884704,0.3073913043478261,0.5130434782608696,0.6286956521739131,8
663,0.3739130434782608,0.13527260161829605,0.18565217391304348,0.4,0.5591304347826087,8
664,0.5,0.07568215298056177,0.3739130434782609,0.5391304347826087,0.5652173913043478,8
665,0.408695652173913,0.08295123490582136,0.27260869565217394,0.4260869565217391,0.51,8
666,0.48043478260869565,0.10304898169122897,0.37695652173913047,0.4434782608695652,0.6491304347826087,8
667,0.5565217391304348,0.15868076165995357,0.35956521739130437,0.5565217391304347,0.8530434782608697,8
668,0.3913043478260869,0.10964800185146513,0.2008695652173913,0.4,0.538695652173913,8
669,0.41086956521739126,0.09969234337215739,0.2817391304347826,0.3652173913043478,0.5621739130434782,8
670,0.3565217391304348,0.05289358721998452,0.2673913043478261,0.34782608695652173,0.4373913043478261,8
671,0.44999999999999996,0.11534037734680268,0.2756521739130435,0.45217391304347826,0.611304347826087,8
672,0.3521739130434782,0.03450979970953814,0.3073913043478261,0.34782608695652173,0.41695652173913045,8
673,0.4108695652173913,0.07087756689957003,0.2817391304347826,0.4260869565217391,0.5039130434782609,8
674,0.3608695652173913,0.0877140913123131,0.23782608695652174,0.3652173913043478,0.48652173913043484,8
675,0.39347826086956517,0.10378015880243488,0.278695652173913,0.3652173913043478,0.5930434782608696,8
676,0.4260869565217391,0.09325048082403138,0.29304347826086957,0.43478260869565216,0.5817391304347826,8
677,0.4760869565217391,0.0977777658436914,0.3739130434782609,0.4608695652173913,0.662608695652174,8
678,0.4739130434782609,0.1071189999543906,0.33391304347826084,0.4260869565217391,0.6143478260869565,8
679,0.4326086956521739,0.056312321073863546,0.35956521739130437,0.4260869565217391,0.5326086956521738,8
680,0.4434782608695652,0.06791521457310136,0.3278260869565217,0.4608695652173913,0.5273913043478261,8
681,0.4434782608695652,0.07874247946206449,0.3421739130434783,0.4347826086956522,0.5704347826086956,8
682,0.3978260869565217,0.07823067050194166,0.29000000000000004,0.4173913043478261,0.4956521739130435,8
683,0.5065217391304349,0.0952312874513457,0.391304347826087,0.48695652173913045,0.6717391304347826,8
684,0.3782608695652174,0.07365684498303225,0.23869565217391303,0.391304347826087,0.46913043478260874,8
685,0.43695652173913047,0.12295587602068933,0.2673913043478261,0.4347826086956522,0.6647826086956522,8
686,0.4282608695652174,0.0765205039426002,0.2960869565217391,0.43478260869565216,0.5273913043478261,8
687,0.4043478260869565,0.07765465695431195,0.3073913043478261,0.3826086956521739,0.538695652173913,8
688,0.37173913043478257,0.08494966818513011,0.2326086956521739,0.3652173913043478,0.49260869565217397,8
689,0.4760869565217391,0.07701299819094935,0.35956521739130437,0.4956521739130435,0.5652173913043478,8
690,0.43478260869565216,0.09243605054551869,0.2817391304347826,0.4434782608695652,0.5817391304347826,8
691,0.39565217391304347,0.09712307784212469,0.20173913043478262,0.4173913043478261,0.5039130434782609,8
692,0.30434782608695654,0.11033545687347407,0.20608695652173914,0.2782608695652174,0.5339130434782609,8
693,0.42391304347826086,0.09096728675177251,0.31043478260869567,0.408695652173913,0.5591304347826087,8
694,0.2891304347826087,0.07942967785410916,0.15695652173913044,0.30434782608695654,0.38826086956521744,8
695,0.3978260869565218,0.08822445168566534,0.23869565217391303,0.4173913043478261,0.5182608695652174,8
696,0.3934782608695652,0.10841267512862332,0.21,0.3826086956521739,0.5560869565217391,8
697,0.40652173913043477,0.10522727226331259,0.2273913043478261,0.408695652173913,0.5756521739130435,8
698,0.40217391304347827,0.060206010539679264,0.3165217391304348,0.391304347826087,0.5121739130434784,8
699,0.3847826086956522,0.12448381132365571,0.14652173913043479,0.408695652173913,0.5469565217391305,8
700,0.4347826086956522,0.06735623210795506,0.3308695652173913,0.4260869565217391,0.538695652173913,8
701,0.3173913043478261,0.07314175583156836,0.20608695652173914,0.33043478260869563,0.40869565217391307,8
702,0.3586956521739131,0.11218318128209276,0.18869565217391304,0.391304347826087,0.5378260869565218,8
703,0.47173913043478266,0.11599410062568784,0.33391304347826084,0.4521739130434783,0.6882608695652175,8
704,0.4130434782608696,0.08597269536210952,0.29000000000000004,0.4608695652173913,0.4956521739130435,8
705,0.5065217391304347,0.07527517257904688,0.4004347826086957,0.5130434782608695,0.6226086956521739,8
706,0.3847826086956522,0.09797090729777173,0.23565217391304347,0.3652173913043478,0.5417391304347826,8
707,0.41521739130434787,0.06898535501140189,0.3391304347826087,0.4,0.521304347826087,8
708,0.41956521739130437,0.07061035551700745,0.3308695652173913,0.4,0.5417391304347826,8
709,0.33043478260869563,0.10825999650424985,0.11478260869565218,0.3652173913043478,0.45173913043478264,8
710,0.3456521739130435,0.10138455492487841,0.20391304347826086,0.3217391304347826,0.5347826086956522,8
711,0.32173913043478264,0.07679792057676389,0.17739130434782607,0.3391304347826087,0.391304347826087,8
712,0.42391304347826086,0.11583101569354105,0.2673913043478261,0.3826086956521739,0.6082608695652174,8
713,0.34130434782608693,0.11809371178731366,0.12304347826086956,0.3652173913043478,0.4895652173913044,8
714,0.42826086956521736,0.098548060492549,0.2817391304347826,0.4260869565217391,0.5765217391304348,8
715,0.3521739130434783,0.058169948522868054,0.2582608695652174,0.3652173913043478,0.43434782608695655,8
716,0.3652173913043478,0.10288834405390637,0.22956521739130434,0.33043478260869563,0.4956521739130435,8
717,0.40652173913043477,0.09096728675177253,0.2582608695652174,0.4260869565217391,0.5130434782608696,8
718,0.4304347826086956,0.08374504471416618,0.3421739130434783,0.40869565217391307,0.5930434782608696,8
719,0.3434782608695652,0.09435884527917698,0.23782608695652174,0.30434782608695654,0.47521739130434787,8
720,0.3456521739130435,0.06083073295492706,0.25521739130434784,0.3565217391304348,0.4230434782608696,8
721,0.4217391304347826,0.08005196799792162,0.3073913043478261,0.4608695652173913,0.51,8
722,0.4782608695652174,0.10649955403405123,0.3739130434782609,0.4521739130434783,0.6604347826086957,8
723,0.44782608695652176,0.06008815200471851,0.33695652173913043,0.46956521739130436,0.51,8
724,0.45869565217391306,0.06760135567594006,0.35956521739130437,0.46956521739130436,0.5447826086956521,8
725,0.3652173913043478,0.040786223998464606,0.31043478260869567,0.3565217391304348,0.4373913043478261,8
726,0.44565217391304346,0.03416572531630807,0.391304347826087,0.45217391304347826,0.4782608695652174,8
727,0.4217391304347826,0.08374504471416618,0.3073913043478261,0.43478260869565216,0.5643478260869565,8
728,0.37826086956521743,0.09594815865527787,0.2326086956521739,0.391304347826087,0.5326086956521738,8
729,0.3956521739130434,0.10852159977694509,0.23565217391304347,0.3652173913043478,0.567391304347826,8
730,0.4695652173913043,0.10860866084171127,0.26521739130434785,0.4956521739130435,0.5969565217391304,8
731,0.3804347826086957,0.1286655370170234,0.18043478260869564,0.3826086956521739,0.5704347826086956,8
732,0.4717391304347826,0.09562746716488159,0.3195652173913044,0.46956521739130436,0.5969565217391304,8
733,0.4478260869565217,0.11195124512681506,0.3073913043478261,0.4608695652173913,0.6226086956521739,8
734,0.3847826086956522,0.06445203078423302,0.2673913043478261,0.391304347826087,0.4721739130434783,8
735,0.4152173913043478,0.09483345265733584,0.2417391304347826,0.4434782608695652,0.5243478260869566,8
736,0.45869565217391306,0.08494966818513008,0.3739130434782609,0.4260869565217391,0.6052173913043478,8
737,0.4173913043478261,0.0608695652173913,0.29391304347826086,0.4260869565217391,0.48652173913043484,8
738,0.4108695652173913,0.0946339080855605,0.25,0.4173913043478261,0.5530434782608695,8
739,0.44130434782608696,0.11648198543146794,0.2530434782608696,0.43478260869565216,0.6226086956521739,8
740,0.4043478260869565,0.10316356971917105,0.24391304347826087,0.408695652173913,0.5530434782608695,8
741,0.3717391304347826,0.12341624284554137,0.1517391304347826,0.4173913043478261,0.5069565217391305,8
742,0.4652173913043478,0.10352939912861443,0.3452173913043478,0.45217391304347826,0.6595652173913044,8
743,0.4434782608695652,0.08430747578115354,0.3452173913043478,0.408695652173913,0.5621739130434782,8
744,0.3282608695652174,0.11235156138628305,0.20304347826086958,0.31304347826086953,0.4956521739130435,8
745,0.4152173913043478,0.06266754480608511,0.3134782608695652,0.4260869565217391,0.5039130434782609,8
746,0.47173913043478266,0.10928103241353743,0.35956521739130437,0.43478260869565216,0.6634782608695653,8
747,0.44999999999999996,0.04342387903356127,0.3830434782608696,0.4434782608695652,0.521304347826087,8
748,0.3978260869565218,0.052128603514268686,0.2991304347826087,0.4173913043478261,0.4434782608695652,8
749,0.408695652173913,0.059614387829574296,0.3134782608695652,0.4173913043478261,0.5008695652173913,8
750,0.4478260869565217,0.09274230003348498,0.2960869565217391,0.4608695652173913,0.5734782608695652,8
751,0.46304347826086956,0.05460807255252378,0.39434782608695657,0.45217391304347826,0.5560869565217391,8
752,0.2978260869565218,0.050657305207526274,0.22043478260869565,0.2956521739130435,0.37086956521739134,8
753,0.3913043478260869,0.08695652173913045,0.2530434782608696,0.3826086956521739,0.5243478260869566,8
754,0.35,0.1360911237033873,0.1426086956521739,0.3652173913043478,0.5243478260869566,8
755,0.43043478260869567,0.11851315800381748,0.18739130434782608,0.46956521739130436,0.5417391304347826,8
756,0.4326086956521739,0.10753730613940553,0.28695652173913044,0.4260869565217391,0.5795652173913043,8
757,0.33043478260869563,0.10398487602696868,0.20304347826086958,0.2956521739130435,0.4895652173913044,8
758,0.3891304347826087,0.12125291102073339,0.22043478260869565,0.408695652173913,0.5591304347826087,8
759,0.35000000000000003,0.07774589018368551,0.22652173913043477,0.3652173913043478,0.4404347826086957,8
760,0.37173913043478257,0.09777776584369138,0.2582608695652174,0.34782608695652173,0.5356521739130434,8
761,0.3739130434782609,0.09876362340522214,0.23782608695652174,0.3652173913043478,0.5356521739130434,8
762,0.3826086956521739,0.07010658911563958,0.2643478260869565,0.391304347826087,0.4608695652173913,8
763,0.44999999999999996,0.1309951730015898,0.29000000000000004,0.45217391304347826,0.6686956521739131,8
764,0.3760869565217391,0.10341521645448952,0.2182608695652174,0.3652173913043478,0.5439130434782609,8
765,0.3652173913043478,0.08249419983047947,0.22130434782608696,0.3565217391304348,0.47521739130434787,8
766,0.3826086956521739,0.12838976574116,0.1517391304347826,0.4173913043478261,0.5130434782608696,8
767,0.408695652173913,0.07429568474189156,0.3134782608695652,0.391304347826087,0.538695652173913,8
768,0.4,0.08385783270428655,0.29304347826086957,0.3826086956521739,0.538695652173913,8
769,0.4304347826086956,0.1126246421477271,0.29304347826086957,0.4173913043478261,0.611304347826087,8
770,0.45869565217391306,0.051029106931763046,0.39434782608695657,0.4434782608695652,0.5417391304347826,8
771,0.42826086956521736,0.098163668738049,0.3073913043478261,0.4173913043478261,0.5652173913043478,8
772,0.3934782608695652,0.05925657900190874,0.2960869565217391,0.4,0.4721739130434783,8
773,0.4326086956521739,0.05957473741758576,0.3421739130434783,0.45217391304347826,0.51,8
774,0.3652173913043478,0.09604661754075879,0.24695652173913044,0.34782608695652173,0.5521739130434783,8
775,0.45869565217391306,0.10522727226331256,0.3165217391304348,0.4260869565217391,0.6226086956521739,8
776,0.3217391304347826,0.11601447012283767,0.21739130434782608,0.2782608695652174,0.5439130434782609,8
777,0.40869565217391307,0.038888138739126776,0.35956521739130437,0.408695652173913,0.4721739130434783,8
778,0.41739130434782606,0.09161438045958903,0.2991304347826087,0.4,0.5930434782608696,8
779,0.37826086956521743,0.09866787580791493,0.22652173913043477,0.3739130434782609,0.5439130434782609,8
780,0.4782608695652174,0.0968306845709569,0.3134782608695652,0.5043478260869565,0.6052173913043478,8
781,0.41521739130434787,0.12508975983318088,0.21521739130434783,0.408695652173913,0.5652173913043478,8
782,0.408695652173913,0.05961438782957431,0.3278260869565217,0.4,0.49260869565217397,8
783,0.3978260869565218,0.09362980637981752,0.22130434782608696,0.4434782608695652,0.5039130434782609,8
784,0.45,0.08779487176655944,0.3134782608695652,0.4521739130434783,0.5591304347826087,8
785,0.29130434782608694,0.0998107850717304,0.12304347826086956,0.26956521739130435,0.43130434782608695,8
786,0.4739130434782609,0.08641133441022517,0.3247826086956522,0.5043478260869565,0.5478260869565217,8
787,0.33695652173913043,0.09055071999851534,0.20304347826086958,0.34782608695652173,0.4547826086956522,8
788,0.3673913043478261,0.12718784762008759,0.15782608695652173,0.34782608695652173,0.5447826086956521,8
789,0.3565217391304348,0.09565217391304348,0.25217391304347825,0.33913043478260874,0.4895652173913044,8
790,0.341304347826087,0.10044795697519934,0.22043478260869565,0.33043478260869563,0.5069565217391305,8
791,0.3739130434782609,0.09445896079304536,0.3217391304347826,0.33043478260869563,0.5747826086956522,8
792,0.35434782608695653,0.065325996527464,0.25521739130434784,0.3565217391304348,0.45173913043478264,8
793,0.4260869565217391,0.09525609695742021,0.26130434782608697,0.4434782608695652,0.5273913043478261,8
794,0.41304347826086957,0.10711899995439061,0.23869565217391303,0.408695652173913,0.5447826086956521,8
795,0.44999999999999996,0.10576483526234906,0.3278260869565217,0.43478260869565216,0.6482608695652174,8
796,0.3826086956521739,0.08430747578115355,0.23869565217391303,0.3739130434782609,0.4956521739130435,8
797,0.41304347826086957,0.10094075448907738,0.31043478260869567,0.3826086956521739,0.6021739130434782,8
798,0.3108695652173913,0.09034171632687021,0.18043478260869564,0.2956521739130435,0.471304347826087,8
799,0.4326086956521739,0.07966731392090734,0.3134782608695652,0.4173913043478261,0.5478260869565217,8
800,0.4782608695652174,0.07777627747825354,0.3482608695652174,0.4956521739130435,0.5621739130434782,8
801,0.4043478260869565,0.06777590116573869,0.31043478260869567,0.3826086956521739,0.5069565217391305,8
802,0.42826086956521736,0.07942967785410919,0.27652173913043476,0.45217391304347826,0.51,8
803,0.40869565217391307,0.1318760946791574,0.18869565217391304,0.45217391304347826,0.5478260869565217,8
804,0.44130434782608696,0.0867116116312136,0.3165217391304348,0.4347826086956522,0.5734782608695652,8
805,0.3565217391304348,0.08385783270428657,0.22652173913043477,0.3739130434782609,0.48347826086956525,8
806,0.32608695652173914,0.08145649563128346,0.21521739130434783,0.30434782608695654,0.4773913043478261,8
807,0.4434782608695652,0.10542917959114906,0.24478260869565216,0.4782608695652174,0.5591304347826087,8
808,0.391304347826087,0.06209937763950305,0.2960869565217391,0.391304347826087,0.4895652173913044,8
809,0.4326086956521739,0.07114377466066772,0.3391304347826087,0.4608695652173913,0.5243478260869566,8
810,0.45,0.10432517870175502,0.2756521739130435,0.4956521739130435,0.5847826086956521,8
811,0.44565217391304346,0.0831503978213273,0.3021739130434783,0.45217391304347826,0.5447826086956521,8
812,0.39347826086956517,0.10082364022004547,0.24391304347826087,0.4173913043478261,0.5356521739130434,8
813,0.4130434782608696,0.11978241142570357,0.18130434782608695,0.4521739130434783,0.5273913043478261,8
814,0.43695652173913047,0.08427944336947883,0.31043478260869567,0.46956521739130436,0.5304347826086957,8
815,0.3673913043478261,0.07871246517492034,0.2582608695652174,0.3652173913043478,0.4978260869565218,8
816,0.3760869565217392,0.08084501731211763,0.27260869565217394,0.3652173913043478,0.5039130434782609,8
817,0.36086956521739133,0.08684775806712253,0.22956521739130434,0.3652173913043478,0.4978260869565218,8
818,0.4260869565217391,0.0983800739042153,0.3391304347826087,0.3652173913043478,0.5908695652173913,8
819,0.408695652173913,0.06507230237867723,0.3278260869565217,0.4,0.5326086956521738,8
820,0.4173913043478261,0.10964800185146517,0.19565217391304346,0.4434782608695652,0.5130434782608696,8
821,0.43478260869565216,0.05430433042085565,0.35130434782608694,0.4260869565217391,0.5130434782608696,8
822,0.4347826086956522,0.12985377846146157,0.23565217391304347,0.4260869565217391,0.6256521739130435,8
823,0.3282608695652174,0.07774589018368551,0.25217391304347825,0.28695652173913044,0.4404347826086957,8
824,0.3826086956521739,0.06901959941907629,0.2643478260869565,0.3826086956521739,0.48652173913043484,8
825,0.3804347826086957,0.11201454806946305,0.22956521739130434,0.34782608695652173,0.5530434782608695,8
826,0.3978260869565218,0.08736317955395706,0.2756521739130435,0.3739130434782609,0.51,8
827,0.36086956521739133,0.10956176668134045,0.23478260869565218,0.33913043478260874,0.538695652173913,8
828,0.45869565217391306,0.04471079087218074,0.40869565217391307,0.4434782608695652,0.5273913043478261,8
829,0.43695652173913047,0.11696783523751832,0.25,0.4608695652173913,0.6165217391304348,8
830,0.408695652173913,0.10542917959114904,0.23565217391304347,0.4173913043478261,0.567391304347826,8
831,0.34347826086956523,0.08942158174436146,0.2234782608695652,0.3391304347826087,0.48347826086956525,8
832,0.3652173913043478,0.06735623210795508,0.2582608695652174,0.3826086956521739,0.4547826086956522,8
833,0.4043478260869565,0.09233374165911,0.2530434782608696,0.4,0.5417391304347826,8
834,0.4565217391304348,0.10131461041505255,0.28782608695652173,0.4608695652173913,0.5969565217391304,8
835,0.4173913043478261,0.08652064670492346,0.3134782608695652,0.3826086956521739,0.567391304347826,8
836,0.48043478260869565,0.09582494278493126,0.3256521739130435,0.46956521739130436,0.6369565217391304,8
837,0.46739130434782605,0.10928103241353741,0.2991304347826087,0.46956521739130436,0.6339130434782609,8
838,0.4217391304347826,0.0568552036114001,0.3565217391304348,0.408695652173913,0.4956521739130435,8
839,0.2826086956521739,0.10389394039433496,0.09956521739130436,0.28695652173913044,0.41695652173913045,8
840,0.3826086956521739,0.049952718665548075,0.3073913043478261,0.3826086956521739,0.45782608695652177,8
841,0.3630434782608696,0.10612169780399064,0.21217391304347827,0.34782608695652173,0.5356521739130434,8
842,0.3717391304347826,0.05248998464195494,0.2817391304347826,0.3739130434782609,0.4260869565217391,8
843,0.3978260869565217,0.15602275535650534,0.14869565217391303,0.45217391304347826,0.5908695652173913,8
844,0.44130434782608696,0.06114070048010973,0.33391304347826084,0.4608695652173913,0.5243478260869566,8
845,0.3565217391304348,0.06148754619013457,0.30434782608695654,0.3391304347826087,0.4773913043478261,8
846,0.3565217391304347,0.05430433042085564,0.28695652173913044,0.3565217391304348,0.4230434782608696,8
847,0.34130434782608693,0.10378015880243488,0.22043478260869565,0.30434782608695654,0.5039130434782609,8
848,0.4152173913043478,0.1096264494184606,0.2673913043478261,0.3913043478260869,0.5991304347826087,8
849,0.29565217391304344,0.06901959941907627,0.21739130434782608,0.2782608695652174,0.4252173913043478,8
850,0.4260869565217391,0.09120076940610013,0.3073913043478261,0.391304347826087,0.5478260869565217,8
851,0.33695652173913043,0.06114070048010971,0.22956521739130434,0.3391304347826087,0.43130434782608695,8
852,0.4,0.13216247090061448,0.15782608695652173,0.4608695652173913,0.5417391304347826,8
853,0.391304347826087,0.11503266569846046,0.1782608695652174,0.4,0.5273913043478261,8
854,0.33043478260869563,0.10860866084171128,0.2234782608695652,0.28695652173913044,0.5243478260869566,8
855,0.34782608695652173,0.08608256466618838,0.2008695652173913,0.34782608695652173,0.4547826086956522,8
856,0.41086956521739126,0.10876085001173032,0.23565217391304347,0.4260869565217391,0.5621739130434782,8
857,0.2760869565217391,0.12539163601234554,0.09869565217391305,0.30434782608695654,0.45173913043478264,8
858,0.3108695652173913,0.08907739673281688,0.17739130434782607,0.31304347826086953,0.45173913043478264,8
859,0.3934782608695652,0.07701299819094935,0.28695652173913044,0.391304347826087,0.4956521739130435,8
860,0.47391304347826085,0.09712307784212465,0.3021739130434783,0.5130434782608695,0.5765217391304348,8
861,0.3695652173913043,0.0889977803932988,0.25217391304347825,0.3739130434782609,0.49260869565217397,8
862,0.4130434782608695,0.11161302306950814,0.25521739130434784,0.4434782608695652,0.5704347826086956,8
863,0.4260869565217391,0.08652064670492349,0.27043478260869563,0.45217391304347826,0.5243478260869566,8
864,0.3173913043478261,0.108869426309121,0.18565217391304348,0.2956521739130435,0.4782608695652174,8
865,0.4,0.052893587219984516,0.3021739130434783,0.40869565217391307,0.4608695652173913,8
866,0.40217391304347827,0.10576483526234905,0.29000000000000004,0.408695652173913,0.601304347826087,8
867,0.3826086956521739,0.08475473343312144,0.2582608695652174,0.3739130434782609,0.51,8
868,0.341304347826087,0.1288123736263091,0.16826086956521738,0.391304347826087,0.5039130434782609,8
869,0.3630434782608696,0.08014047213550765,0.26956521739130435,0.3565217391304348,0.48652173913043484,8
870,0.4043478260869565,0.03558849031248891,0.3565217391304348,0.4,0.45782608695652177,8
871,0.3586956521739131,0.08360384575230179,0.23782608695652174,0.3739130434782609,0.46913043478260874,8
872,0.4739130434782609,0.06997163886709167,0.3973913043478261,0.4434782608695652,0.6021739130434782,8
873,0.458695652173913,0.10304898169122895,0.28695652173913044,0.48695652173913045,0.5478260869565217,8
874,0.2891304347826087,0.1240274071790949,0.08739130434782609,0.34782608695652173,0.4456521739130435,8
875,0.3934782608695652,0.10157083814107536,0.27260869565217394,0.3913043478260869,0.5756521739130435,8
876,0.21521739130434783,0.12062769042613115,0.05565217391304348,0.19130434782608696,0.43043478260869567,8
877,0.40652173913043477,0.10979875042760341,0.278695652173913,0.3739130434782609,0.6104347826086957,8
878,0.3847826086956522,0.06618842325060144,0.3073913043478261,0.3652173913043478,0.49260869565217397,8
879,0.44130434782608696,0.07349626741033463,0.3421739130434783,0.45217391304347826,0.5643478260869565,8
880,0.3652173913043478,0.120176304009437,0.18043478260869564,0.34782608695652173,0.5273913043478261,8
881,0.34782608695652173,0.08739022279235557,0.23478260869565218,0.3565217391304348,0.4804347826086957,8
882,0.3391304347826087,0.10103434816193262,0.18043478260869564,0.3391304347826087,0.4895652173913044,8
883,0.38913043478260867,0.10665475280031372,0.23478260869565218,0.4,0.5417391304347826,8
884,0.341304347826087,0.11712933733064515,0.17217391304347826,0.3217391304347826,0.5552173913043478,8
885,0.2891304347826087,0.07502362576842346,0.16608695652173913,0.28695652173913044,0.41391304347826086,8
886,0.3847826086956522,0.09719603872220939,0.25217391304347825,0.4260869565217391,0.49260869565217397,8
887,0.3782608695652174,0.09068110267223571,0.2582608695652174,0.3739130434782609,0.521304347826087,8
888,0.38913043478260867,0.06815832785474296,0.29000000000000004,0.4260869565217391,0.4721739130434783,8
889,0.44782608695652176,0.1259369422431325,0.2582608695652174,0.46956521739130436,0.6143478260869565,8
890,0.35,0.04072824781564174,0.278695652173913,0.34782608695652173,0.40565217391304353,8
891,0.358695652173913,0.0826944634852619,0.2408695652173913,0.3652173913043478,0.48652173913043484,8
892,0.34782608695652173,0.11470353007193841,0.1834782608695652,0.33913043478260874,0.5408695652173913,8
893,0.3630434782608696,0.10997078147775426,0.15782608695652173,0.3913043478260869,0.4895652173913044,8
894,0.38913043478260867,0.10082364022004547,0.24695652173913044,0.3826086956521739,0.561304347826087,8
895,0.44999999999999996,0.08822445168566531,0.3452173913043478,0.40869565217391307,0.5795652173913043,8
896,0.37173913043478257,0.0977777658436914,0.25217391304347825,0.3826086956521739,0.5039130434782609,8
897,0.42608695652173917,0.08608256466618838,0.29000000000000004,0.43478260869565216,0.538695652173913,8
898,0.2978260869565217,0.0838296499332993,0.16,0.30434782608695654,0.42,8
899,0.3521739130434782,0.10131461041505255,0.18869565217391304,0.3826086956521739,0.4721739130434783,8
900,0.4,0.12297509238026912,0.26956521739130435,0.34782608695652173,0.5621739130434782,8
901,0.46739130434782605,0.09719603872220936,0.28782608695652173,0.48695652173913045,0.5765217391304348,8
902,0.41086956521739126,0.06415806331901613,0.3247826086956522,0.4260869565217391,0.49260869565217397,8
903,0.42391304347826086,0.06871078534469179,0.3421739130434783,0.408695652173913,0.5273913043478261,8
904,0.3478260869565218,0.06270523957328678,0.2326086956521739,0.3565217391304348,0.40869565217391307,8
905,0.508695652173913,0.061333634694199474,0.40347826086956523,0.5217391304347826,0.5908695652173913,8
906,0.4108695652173913,0.07087756689957005,0.3247826086956522,0.3826086956521739,0.5243478260869566,8
907,0.3978260869565218,0.08692934357883568,0.24695652173913044,0.4260869565217391,0.4956521739130435,8
908,0.3543478260869566,0.10157083814107537,0.2234782608695652,0.32173913043478264,0.51,8
909,0.3173913043478261,0.0889977803932988,0.18565217391304348,0.3391304347826087,0.4230434782608696,8
910,0.341304347826087,0.10194238337124654,0.23478260869565218,0.33043478260869563,0.5265217391304348,8
911,0.45,0.056312321073863546,0.40869565217391307,0.40869565217391307,0.5447826086956521,8
912,0.37173913043478257,0.08223600138859888,0.25521739130434784,0.3739130434782609,0.5121739130434784,8
913,0.39565217391304347,0.08464314058231209,0.30434782608695654,0.3826086956521739,0.5417391304347826,8
914,0.341304347826087,0.0703421290754932,0.21521739130434783,0.34782608695652173,0.4456521739130435,8
915,0.4217391304347826,0.11819371494841903,0.2847826086956522,0.3826086956521739,0.6565217391304349,8
916,0.32608695652173914,0.07814000328526709,0.23478260869565218,0.31304347826086953,0.4373913043478261,8
917,0.41521739130434776,0.12202993217987987,0.25521739130434784,0.4173913043478261,0.5621739130434782,8
918,0.4304347826086956,0.08684775806712251,0.3247826086956522,0.4260869565217391,0.5704347826086956,8
919,0.3543478260869565,0.1288123736263091,0.20608695652173914,0.32173913043478264,0.5530434782608695,8
920,0.3152173913043478,0.0968062786009231,0.21217391304347827,0.28695652173913044,0.5143478260869565,8
921,0.341304347826087,0.06980258416522749,0.2582608695652174,0.3217391304347826,0.46913043478260874,8
922,0.25,0.13285792687476106,0.07304347826086957,0.22608695652173913,0.44869565217391305,8
923,0.39782608695652166,0.12983558018816618,0.16391304347826086,0.4173913043478261,0.5847826086956521,8
924,0.3673913043478261,0.15985283875086728,0.1191304347826087,0.3739130434782609,0.5591304347826087,8
925,0.3847826086956522,0.08561464638050095,0.23869565217391303,0.391304347826087,0.5152173913043478,8
926,0.33913043478260874,0.11986129349643672,0.15695652173913044,0.33043478260869563,0.51,8
927,0.40217391304347827,0.08779487176655947,0.2673913043478261,0.391304347826087,0.5243478260869566,8
928,0.48478260869565215,0.10249717594892421,0.33695652173913043,0.48695652173913045,0.6708695652173914,8
929,0.3760869565217391,0.13622995681646347,0.20608695652173914,0.3913043478260869,0.6156521739130435,8
930,0.4043478260869565,0.04976314409678085,0.3195652173913044,0.4,0.48347826086956525,8
931,0.3869565217391304,0.11093348541020064,0.25521739130434784,0.3739130434782609,0.567391304347826,8
932,0.4434782608695652,0.11859288432161613,0.25,0.4608695652173913,0.6052173913043478,8
933,0.4217391304347826,0.08374504471416618,0.3247826086956522,0.4,0.5817391304347826,8
934,0.4,0.06622411396403398,0.30434782608695654,0.4260869565217391,0.48652173913043484,8
935,0.4260869565217391,0.0792211615577765,0.3247826086956522,0.4347826086956522,0.5530434782608695,8
936,0.3326086956521739,0.11889138185978537,0.20304347826086958,0.31304347826086953,0.5273913043478261,8
937,0.4173913043478261,0.10755927719002592,0.2756521739130435,0.4,0.5960869565217392,8
938,0.38913043478260867,0.09542958290281726,0.2234782608695652,0.40869565217391307,0.4782608695652174,8
939,0.3065217391304348,0.07942967785410918,0.18043478260869564,0.30434782608695654,0.40565217391304353,8
940,0.39565217391304347,0.10316356971917107,0.2756521739130435,0.3652173913043478,0.5417391304347826,8
941,0.42826086956521736,0.1258430925078809,0.24391304347826087,0.4434782608695652,0.5939130434782609,8
942,0.47391304347826085,0.10569778940124537,0.3226086956521739,0.4608695652173913,0.6656521739130435,8
943,0.4043478260869565,0.05816994852286807,0.3247826086956522,0.4,0.5008695652173913,8
944,0.41304347826086957,0.09314906645925457,0.29304347826086957,0.391304347826087,0.5417391304347826,8
945,0.34782608695652173,0.11470353007193841,0.1917391304347826,0.3217391304347826,0.5469565217391305,8
946,0.4717391304347826,0.08107850521291964,0.3421739130434783,0.4956521739130435,0.5478260869565217,8
947,0.39565217391304347,0.09274230003348498,0.2756521739130435,0.4,0.5243478260869566,8
948,0.33043478260869563,0.1310132102027771,0.09739130434782609,0.33043478260869563,0.5121739130434784,8
949,0.4478260869565217,0.07365684498303227,0.3452173913043478,0.4608695652173913,0.5304347826086957,8
950,0.4630434782608696,0.07140899002459497,0.3421739130434783,0.48695652173913045,0.5530434782608695,8
951,0.33478260869565213,0.11161302306950813,0.20304347826086958,0.3391304347826087,0.48347826086956525,8
952,0.4239130434782609,0.05925657900190874,0.3195652173913044,0.43478260869565216,0.5069565217391305,8
953,0.48043478260869565,0.07140899002459496,0.3656521739130435,0.48695652173913045,0.5765217391304348,8
954,0.4173913043478261,0.05289358721998452,0.33391304347826084,0.4173913043478261,0.5008695652173913,8
955,0.40652173913043477,0.09542958290281725,0.278695652173913,0.391304347826087,0.567391304347826,8
956,0.3739130434782608,0.03253615118933863,0.3278260869565217,0.3739130434782609,0.43434782608695655,8
957,0.4130434782608696,0.05412999825212492,0.3165217391304348,0.4260869565217391,0.48652173913043484,8
958,0.3521739130434783,0.0868477580671225,0.28695652173913044,0.31304347826086953,0.5317391304347826,8
959,0.44999999999999996,0.102127649100403,0.3247826086956522,0.4260869565217391,0.6082608695652174,8
960,0.4347826086956522,0.0903678682209849,0.3421739130434783,0.4,0.5878260869565217,8
961,0.3739130434782609,0.08695652173913043,0.20695652173913043,0.3826086956521739,0.48652173913043484,8
962,0.4456521739130435,0.12524078887681805,0.2365217391304348,0.43478260869565216,0.6565217391304349,8
963,0.34782608695652173,0.0995262881935617,0.19782608695652174,0.34782608695652173,0.5204347826086957,8
964,0.41739130434782606,0.04601306627938419,0.3421739130434783,0.4260869565217391,0.47521739130434787,8
965,0.3695652173913043,0.12978097005738523,0.21739130434782608,0.3652173913043478,0.5273913043478261,8
966,0.391304347826087,0.10215078369104984,0.2182608695652174,0.4173913043478261,0.4956521739130435,8
967,0.29130434782608694,0.10205821386352612,0.10260869565217391,0.30434782608695654,0.40565217391304353,8
968,0.41304347826086957,0.12072559458186799,0.27260869565217394,0.40869565217391307,0.6052173913043478,8
969,0.37173913043478257,0.052489984641954944,0.29304347826086957,0.3565217391304348,0.4434782608695652,8
970,0.37826086956521743,0.05199243801348434,0.3073913043478261,0.3739130434782609,0.4434782608695652,8
971,0.41086956521739126,0.0977777658436914,0.3391304347826087,0.3565217391304348,0.6021739130434782,8
972,0.4152173913043478,0.08107850521291964,0.2960869565217391,0.4260869565217391,0.5469565217391305,8
973,0.36086956521739133,0.12772548540494244,0.1743478260869565,0.3565217391304348,0.5756521739130435,8
974,0.41304347826086957,0.10782258058814995,0.2191304347826087,0.40869565217391307,0.578695652173913,8
975,0.4,0.0948583662142236,0.29000000000000004,0.3913043478260869,0.5643478260869565,8
976,0.41521739130434787,0.07323861099096964,0.2847826086956522,0.4260869565217391,0.51,8
977,0.3956521739130435,0.09274230003348498,0.2756521739130435,0.3739130434782609,0.5243478260869566,8
978,0.40652173913043477,0.10082364022004549,0.26130434782608697,0.3826086956521739,0.5447826086956521,8
979,0.341304347826087,0.051029106931763046,0.28695652173913044,0.33043478260869563,0.4230434782608696,8
980,0.3869565217391304,0.1122884484360431,0.22652173913043477,0.3652173913043478,0.5756521739130435,8
981,0.45869565217391306,0.13314219128506574,0.2530434782608696,0.4608695652173913,0.6573913043478261,8
982,0.4521739130434782,0.09325048082403137,0.3391304347826087,0.4260869565217391,0.5795652173913043,8
983,0.4,0.03984848430396383,0.3421739130434783,0.4,0.45782608695652177,8
984,0.3717391304347826,0.08360384575230179,0.27260869565217394,0.3565217391304348,0.5039130434782609,8
985,0.40217391304347827,0.08736317955395706,0.278695652173913,0.391304347826087,0.5273913043478261,8
986,0.3695652173913043,0.10279643841336425,0.1782608695652174,0.3739130434782609,0.5121739130434784,8
987,0.4434782608695652,0.08295123490582136,0.35956521739130437,0.4173913043478261,0.5991304347826087,8
988,0.3760869565217391,0.11484764297280253,0.1917391304347826,0.4,0.51,8
989,0.4782608695652174,0.10542917959114906,0.2826086956521739,0.4956521739130435,0.6308695652173913,8
990,0.4260869565217391,0.1043478260869565,0.26130434782608697,0.43478260869565216,0.5621739130434782,8
991,0.3978260869565217,0.08200580919069574,0.278695652173913,0.3826086956521739,0.521304347826087,8
992,0.4934782608695652,0.07400888926325738,0.38,0.5043478260869565,0.5795652173913043,8
993,0.4608695652173913,0.061487546190134586,0.35956521739130437,0.4782608695652174,0.5273913043478261,8
994,0.32608695652173914,0.10921614510504757,0.1743478260869565,0.33913043478260874,0.4608695652173913,8
995,0.45217391304347826,0.10578717443996903,0.30521739130434783,0.4260869565217391,0.6286956521739131,8
996,0.35652173913043483,0.05360360002581719,0.2643478260869565,0.3565217391304348,0.4260869565217391,8
997,0.43695652173913047,0.05355949997719531,0.3482608695652174,0.45217391304347826,0.4956521739130435,8
998,0.4478260869565217,0.09943127500895019,0.3565217391304348,0.4,0.6082608695652174,8
999,0.45869565217391306,0.10414382232176944,0.28782608695652173,0.45217391304347826,0.6278260869565218,8
1000,0.39347826086956517,0.15222048976641056,0.2408695652173913,0.33913043478260874,0.6460869565217392,8
1001,0.3652173913043478,0.07922116155777652,0.27260869565217394,0.3652173913043478,0.48652173913043484,8
1002,0.43043478260869567,0.07104406364507908,0.3626086956521739,0.4,0.5756521739130435,8
1003,0.4304347826086956,0.12713210014968213,0.2234782608695652,0.45217391304347826,0.6052173913043478,8
1004,0.3956521739130435,0.09712307784212469,0.21608695652173915,0.391304347826087,0.5243478260869566,8
1005,0.4304347826086956,0.15180078478344428,0.23782608695652174,0.4260869565217391,0.6943478260869566,8
1006,0.46956521739130436,0.09202613255876839,0.3308695652173913,0.4782608695652174,0.6278260869565218,8
1007,0.4326086956521739,0.11065623124021229,0.23869565217391303,0.45217391304347826,0.5734782608695652,8
1008,0.44565217391304346,0.10304898169122895,0.3134782608695652,0.408695652173913,0.5939130434782609,8
1009,0.43695652173913047,0.161967463884812,0.15565217391304348,0.4260869565217391,0.6430434782608696,8
1010,0.4043478260869565,0.07157425057893188,0.3217391304347826,0.3826086956521739,0.5069565217391305,8
1011,0.38913043478260867,0.05391129029407497,0.30434782608695654,0.4,0.45782608695652177,8
1012,0.3456521739130435,0.11031403875100239,0.11782608695652175,0.3739130434782609,0.4547826086956522,8
1013,0.4108695652173913,0.055975622563407545,0.3247826086956522,0.4260869565217391,0.47521739130434787,8
1014,0.3956521739130435,0.10711899995439063,0.23782608695652174,0.4173913043478261,0.5273913043478261,8
1015,0.4152173913043478,0.07375302371168424,0.2847826086956522,0.4260869565217391,0.4956521739130435,8
1016,0.3869565217391305,0.10389394039433497,0.2182608695652174,0.391304347826087,0.5273913043478261,8
1017,0.2804347826086957,0.10576483526234905,0.1282608695652174,0.28695652173913044,0.4539130434782609,8
1018,0.3630434782608696,0.14180513267217768,0.10869565217391305,0.3739130434782609,0.5417391304347826,8
1019,0.4065217391304348,0.09700135442314393,0.2960869565217391,0.3826086956521739,0.5960869565217392,8
1020,0.3978260869565218,0.10788830603197876,0.27260869565217394,0.3826086956521739,0.5930434782608696,8
1021,0.3565217391304348,0.08249419983047945,0.18956521739130433,0.3826086956521739,0.4404347826086957,8
1022,0.4891304347826087,0.09641494287624645,0.3482608695652174,0.5043478260869565,0.6482608695652174,8
1023,0.3913043478260869,0.08016995180254682,0.29000000000000004,0.3826086956521739,0.5295652173913044,8
1024,0.4847826086956522,0.10612169780399065,0.3421739130434783,0.4956521739130435,0.6543478260869565,8
1025,0.41304347826086957,0.08942158174436143,0.29000000000000004,0.408695652173913,0.5560869565217391,8
1026,0.408695652173913,0.09161438045958904,0.25521739130434784,0.4434782608695652,0.4956521739130435,8
1027,0.29782608695652174,0.10212764910040302,0.18869565217391304,0.2608695652173913,0.4917391304347827,8
1028,0.4391304347826087,0.09905031086864798,0.2756521739130435,0.4608695652173913,0.5817391304347826,8
1029,0.43043478260869567,0.10279643841336425,0.3073913043478261,0.40869565217391307,0.6247826086956522,8
1030,0.35434782608695653,0.05731054924549594,0.28695652173913044,0.34782608695652173,0.4404347826086957,8
1031,0.4695652173913044,0.07429568474189159,0.33695652173913043,0.4956521739130435,0.5591304347826087,8
1032,0.4391304347826087,0.06375164477658773,0.35956521739130437,0.4347826086956522,0.5417391304347826,8
1033,0.3652173913043478,0.10470951807645473,0.25521739130434784,0.33043478260869563,0.5417391304347826,8
1034,0.4043478260869565,0.10425720702853739,0.24391304347826087,0.408695652173913,0.5530434782608695,8
1035,0.4043478260869565,0.06888251964241245,0.31043478260869567,0.391304347826087,0.521304347826087,8
1036,0.3239130434782609,0.061140700480109715,0.21217391304347827,0.3391304347826087,0.40260869565217394,8
1037,0.3826086956521739,0.11568812778826149,0.20304347826086958,0.408695652173913,0.5243478260869566,8
1038,0.40217391304347827,0.07007287591863565,0.31043478260869567,0.4,0.51,8
1039,0.4260869565217391,0.06735623210795509,0.3278260869565217,0.4347826086956522,0.5130434782608696,8
1040,0.40869565217391307,0.10177999922364891,0.25,0.4173913043478261,0.5643478260869565,8
1041,0.34782608695652173,0.15359584115352778,0.07086956521739131,0.3913043478260869,0.5069565217391305,8
1042,0.4043478260869565,0.10389394039433496,0.20173913043478262,0.4173913043478261,0.5356521739130434,8
1043,0.4043478260869565,0.0994312750089502,0.23869565217391303,0.391304347826087,0.5304347826086957,8
1044,0.3630434782608696,0.08736317955395706,0.2234782608695652,0.3826086956521739,0.4721739130434783,8
1045,0.38913043478260867,0.0502827543748712,0.31043478260869567,0.391304347826087,0.4434782608695652,8
1046,0.49130434782608695,0.11295983527623114,0.3256521739130435,0.4782608695652174,0.6913043478260871,8
1047,0.42391304347826086,0.05529607539989959,0.35956521739130437,0.408695652173913,0.5069565217391305,8
1048,0.4260869565217391,0.0968306845709569,0.30434782608695654,0.45217391304347826,0.5817391304347826,8
1049,0.3760869565217392,0.09261481914843823,0.2326086956521739,0.3739130434782609,0.5039130434782609,8
1050,0.4543478260869565,0.09483345265733581,0.3308695652173913,0.43478260869565216,0.6226086956521739,8
1051,0.42391304347826086,0.05028275437487121,0.3452173913043478,0.4347826086956522,0.4895652173913044,8
1052,0.3739130434782609,0.09565217391304347,0.22434782608695653,0.34782608695652173,0.5326086956521738,8
1053,0.38913043478260867,0.05529607539989958,0.2817391304347826,0.4173913043478261,0.4404347826086957,8
1054,0.41304347826086957,0.08553180683872175,0.29304347826086957,0.4,0.5530434782608695,8
1055,0.42391304347826086,0.0617559683101817,0.3021739130434783,0.4434782608695652,0.49260869565217397,8
1056,0.41086956521739126,0.04209764506747192,0.33391304347826084,0.4173913043478261,0.4608695652173913,8
1057,0.4565217391304348,0.07618006725189232,0.30521739130434783,0.4782608695652174,0.5273913043478261,8
1058,0.3934782608695653,0.06925883618293041,0.3073913043478261,0.391304347826087,0.5069565217391305,8
1059,0.3739130434782609,0.06270523957328678,0.29000000000000004,0.3826086956521739,0.4721739130434783,8
1060,0.3956521739130435,0.07157425057893187,0.30434782608695654,0.408695652173913,0.4782608695652174,8
1061,0.3891304347826087,0.10558595169200774,0.25521739130434784,0.4,0.5499999999999999,8
1062,0.458695652173913,0.09854806049254901,0.3308695652173913,0.43478260869565216,0.5969565217391304,8
1063,0.4782608695652174,0.1010343481619326,0.3482608695652174,0.4608695652173913,0.64,8
1064,0.4391304347826087,0.059455627526858026,0.3739130434782609,0.4260869565217391,0.5304347826086957,8
1065,0.45217391304347826,0.08825123100080191,0.27956521739130435,0.46956521739130436,0.5447826086956521,8
1066,0.43695652173913047,0.07966731392090737,0.33695652173913043,0.40869565217391307,0.5930434782608696,8
1067,0.4434782608695652,0.037903469074266734,0.40869565217391307,0.4260869565217391,0.5069565217391305,8
1068,0.5021739130434782,0.0886519500178421,0.37695652173913047,0.4956521739130435,0.6430434782608696,8
1069,0.3869565217391304,0.07314175583156836,0.2643478260869565,0.4,0.4608695652173913,8
1070,0.4913043478260869,0.09355406431021746,0.35434782608695653,0.4782608695652174,0.611304347826087,8
1071,0.3391304347826087,0.06389973242043073,0.25217391304347825,0.3652173913043478,0.43130434782608695,8
1072,0.44130434782608696,0.0892893599039689,0.3421739130434783,0.4173913043478261,0.5826086956521739,8
1073,0.44999999999999996,0.08107850521291964,0.30521739130434783,0.45217391304347826,0.5591304347826087,8
1074,0.5,0.09395731645641003,0.36869565217391304,0.46956521739130436,0.6573913043478261,8
1075,0.46304347826086956,0.10806337844901363,0.3073913043478261,0.4782608695652174,0.6226086956521739,8
1076,0.40217391304347827,0.08472684899958731,0.2756521739130435,0.4,0.5273913043478261,8
1077,0.4608695652173913,0.13414998800470881,0.20478260869565218,0.5130434782608696,0.6,8
1078,0.33043478260869563,0.0792211615577765,0.17217391304347826,0.3391304347826087,0.42,8
1079,0.4369565217391304,0.0842794433694788,0.3278260869565217,0.4173913043478261,0.5765217391304348,8
1080,0.43043478260869567,0.1175522246486589,0.31043478260869567,0.3826086956521739,0.64,8
1081,0.44565217391304346,0.1026814406836482,0.2817391304347826,0.46956521739130436,0.5621739130434782,8
1082,0.4326086956521739,0.09758424211940626,0.29304347826086957,0.4260869565217391,0.5591304347826087,8
1083,0.34130434782608693,0.08757929164558126,0.2234782608695652,0.3391304347826087,0.5030434782608696,8
1084,0.3521739130434782,0.11195124512681508,0.12608695652173912,0.391304347826087,0.46913043478260874,8
1085,0.41304347826086957,0.1219718272965699,0.24391304347826087,0.3913043478260869,0.5878260869565217,8
1086,0.4739130434782609,0.10242799121208475,0.3565217391304348,0.4434782608695652,0.6347826086956522,8
1087,0.3934782608695652,0.06356605007484109,0.3278260869565217,0.3739130434782609,0.5182608695652174,8
1088,0.44130434782608696,0.11550415503291506,0.3073913043478261,0.4173913043478261,0.6595652173913044,8
1089,0.4543478260869565,0.09241048394274906,0.3247826086956522,0.4782608695652174,0.5991304347826087,8
1090,0.29130434782608694,0.08374504471416619,0.18565217391304348,0.28695652173913044,0.4230434782608696,8
1091,0.4282608695652174,0.07246014483695198,0.3308695652173913,0.4260869565217391,0.5499999999999999,8
1092,0.4,0.12690886538544718,0.29304347826086957,0.3652173913043478,0.6669565217391306,8
1093,0.35434782608695653,0.09096728675177253,0.2234782608695652,0.34782608695652173,0.5008695652173913,8
1094,0.4543478260869565,0.09483345265733581,0.2847826086956522,0.4782608695652174,0.5734782608695652,8
1095,0.4391304347826087,0.10676547093746674,0.22217391304347828,0.4608695652173913,0.5447826086956521,8
1096,0.4043478260869565,0.12742913817176385,0.2234782608695652,0.408695652173913,0.5908695652173913,8
1097,0.34130434782608693,0.10629967981215349,0.16608695652173913,0.3739130434782609,0.4978260869565218,8
1098,0.42391304347826086,0.0670397562830838,0.3308695652173913,0.4173913043478261,0.5469565217391305,8
1099,0.36086956521739133,0.1268343664853463,0.15695652173913044,0.3739130434782609,0.5130434782608696,8
1100,0.40217391304347827,0.09483345265733581,0.21521739130434783,0.4434782608695652,0.47521739130434787,8
1101,0.48913043478260865,0.044285975624920336,0.4178260869565218,0.48695652173913045,0.5478260869565217,8
1102,0.42608695652173917,0.08695652173913045,0.2847826086956522,0.4347826086956522,0.5304347826086957,8
1103,0.39999999999999997,0.14208812729015818,0.16086956521739132,0.3739130434782609,0.5939130434782609,8
1104,0.29565217391304344,0.08867860023639626,0.18869565217391304,0.28695652173913044,0.46826086956521745,8
1105,0.4478260869565217,0.08145649563128346,0.3247826086956522,0.45217391304347826,0.5704347826086956,8
1106,0.4304347826086956,0.07518094115561122,0.3565217391304348,0.408695652173913,0.5478260869565217,8
1107,0.3978260869565218,0.062061314885305204,0.31043478260869567,0.408695652173913,0.47521739130434787,8
1108,0.4065217391304348,0.12280203689129217,0.16695652173913045,0.45217391304347826,0.538695652173913,8
1109,0.5043478260869565,0.1153608622732313,0.391304347826087,0.4956521739130435,0.731304347826087,8
1110,0.45869565217391306,0.053205383697914846,0.3973913043478261,0.45217391304347826,0.5643478260869565,8
1111,0.3630434782608696,0.049141976328075286,0.29000000000000004,0.3652173913043478,0.4373913043478261,8
1112,0.4826086956521739,0.12742913817176385,0.3247826086956522,0.46956521739130436,0.7147826086956521,8
1113,0.46521739130434786,0.07467636537964203,0.3739130434782609,0.45217391304347826,0.5878260869565217,8
1114,0.48478260869565215,0.09988178267530558,0.35956521739130437,0.4782608695652174,0.6286956521739131,8
1115,0.4456521739130435,0.12125291102073339,0.29000000000000004,0.4434782608695652,0.6256521739130435,8
1116,0.48043478260869565,0.07847193759904367,0.3739130434782609,0.48695652173913045,0.6134782608695653,8
1117,0.46304347826086956,0.10044795697519932,0.3308695652173913,0.45217391304347826,0.6369565217391304,8
1118,0.3782608695652174,0.08684775806712251,0.22130434782608696,0.3739130434782609,0.4782608695652174,8
1119,0.41956521739130437,0.08561464638050093,0.29000000000000004,0.4260869565217391,0.5530434782608695,8
1120,0.41086956521739126,0.09261481914843822,0.278695652173913,0.40869565217391307,0.5756521739130435,8
1121,0.40217391304347827,0.13609112370338727,0.1834782608695652,0.408695652173913,0.6247826086956522,8
1122,0.4152173913043478,0.05139821920668213,0.3421739130434783,0.4260869565217391,0.4895652173913044,8
1123,0.40652173913043477,0.07246014483695198,0.3421739130434783,0.3739130434782609,0.5499999999999999,8
1124,0.3173913043478261,0.14596008983995232,0.12217391304347826,0.29565217391304344,0.561304347826087,8
1125,0.458695652173913,0.07502362576842346,0.35956521739130437,0.4434782608695652,0.5621739130434782,8
1126,0.3760869565217391,0.0826944634852619,0.25521739130434784,0.3913043478260869,0.47521739130434787,8
1127,0.4521739130434783,0.08203461853962266,0.3021739130434783,0.48695652173913045,0.5304347826086957,8
1128,0.3913043478260869,0.15359584115352778,0.12000000000000001,0.4782608695652174,0.5417391304347826,8
1129,0.4217391304347826,0.1156063982635507,0.2582608695652174,0.408695652173913,0.5826086956521739,8
1130,0.4130434782608695,0.1001888575808949,0.2582608695652174,0.43478260869565216,0.5447826086956521,8
1131,0.42391304347826086,0.12341624284554135,0.17608695652173914,0.4434782608695652,0.567391304347826,8
1132,0.47826086956521735,0.05833220810869016,0.3717391304347826,0.4782608695652174,0.5478260869565217,8
1133,0.4260869565217391,0.0806401608303974,0.2908695652173913,0.4260869565217391,0.561304347826087,8
1134,0.41956521739130437,0.0767671460130851,0.2960869565217391,0.4260869565217391,0.5356521739130434,8
1135,0.42391304347826086,0.08360384575230179,0.28695652173913044,0.4608695652173913,0.521304347826087,8
1136,0.3826086956521739,0.12720642468111124,0.1743478260869565,0.4,0.5643478260869565,8
1137,0.44782608695652176,0.028510602279573916,0.40869565217391307,0.45217391304347826,0.4782608695652174,8
1138,0.45,0.055636886487259694,0.35956521739130437,0.46956521739130436,0.5130434782608696,8
1139,0.45434782608695656,0.08337743004680481,0.3165217391304348,0.46956521739130436,0.5447826086956521,8
1140,0.4434782608695652,0.04841534228547846,0.3626086956521739,0.45217391304347826,0.4956521739130435,8
1141,0.3673913043478261,0.0667571849251482,0.28695652173913044,0.3565217391304348,0.4721739130434783,8
1142,0.3521739130434782,0.06492688923073078,0.28695652173913044,0.33043478260869563,0.4434782608695652,8
1143,0.3826086956521739,0.045183934110492444,0.31043478260869567,0.3826086956521739,0.4404347826086957,8
1144,0.48913043478260865,0.08107850521291962,0.3626086956521739,0.5217391304347827,0.5908695652173913,8
1145,0.43695652173913047,0.08014047213550768,0.3247826086956522,0.4521739130434783,0.5273913043478261,8
1146,0.4543478260869565,0.10101095787381689,0.3195652173913044,0.4260869565217391,0.6256521739130435,8
1147,0.43043478260869567,0.10094075448907737,0.2756521739130435,0.4260869565217391,0.5765217391304348,8
1148,0.4260869565217391,0.10103434816193262,0.3073913043478261,0.4173913043478261,0.6104347826086957,8
1149,0.47173913043478255,0.09680627860092311,0.31043478260869567,0.4956521739130435,0.5795652173913043,8
1150,0.5043478260869565,0.08782178207271372,0.36869565217391304,0.5130434782608696,0.64,8
1151,0.43478260869565216,0.0860825646661884,0.2991304347826087,0.4260869565217391,0.5704347826086956,8
1152,0.40652173913043477,0.08223600138859888,0.29000000000000004,0.4173913043478261,0.51,8
1153,0.39347826086956517,0.10486736604515076,0.25,0.3652173913043478,0.5734782608695652,8
1154,0.35434782608695653,0.0740088892632574,0.27260869565217394,0.33913043478260874,0.4547826086956522,8
1155,0.43260869565217397,0.06206131488530522,0.35956521739130437,0.4260869565217391,0.5243478260869566,8
1156,0.40652173913043477,0.09893095872158918,0.2326086956521739,0.4260869565217391,0.5304347826086957,8
1157,0.42826086956521736,0.09661080888386508,0.2530434782608696,0.4434782608695652,0.5643478260869565,8
1158,0.48478260869565215,0.08561464638050093,0.37695652173913047,0.4782608695652174,0.5969565217391304,8
1159,0.46304347826086956,0.07502362576842347,0.3739130434782609,0.45217391304347826,0.5991304347826087,8
1160,0.4,0.10999226644063928,0.18739130434782608,0.40869565217391307,0.5273913043478261,8
1161,0.42391304347826086,0.0740088892632574,0.3391304347826087,0.4260869565217391,0.561304347826087,8
1162,0.4543478260869565,0.10997078147775423,0.3073913043478261,0.4434782608695652,0.6195652173913043,8
1163,0.3847826086956521,0.12140871309081046,0.23782608695652174,0.3913043478260869,0.5560869565217391,8
1164,0.45,0.06618842325060145,0.33391304347826084,0.45217391304347826,0.5273913043478261,8
1165,0.43695652173913047,0.08014047213550765,0.31043478260869567,0.45217391304347826,0.5643478260869565,8
1166,0.33043478260869563,0.07826086956521738,0.17521739130434782,0.34782608695652173,0.4282608695652174,8
1167,0.4,0.09914568913905547,0.2326086956521739,0.40869565217391307,0.5356521739130434,8
1168,0.3978260869565218,0.1032322614833371,0.27260869565217394,0.3826086956521739,0.5847826086956521,8
1169,0.5086956521739131,0.07262301342821767,0.36043478260869566,0.5304347826086957,0.5795652173913043,8
1170,0.47391304347826085,0.059455627526858,0.4260869565217391,0.45217391304347826,0.5795652173913043,8
1171,0.4043478260869565,0.06888251964241245,0.3021739130434783,0.3739130434782609,0.5069565217391305,8
1172,0.43478260869565216,0.06330530338504799,0.3082608695652174,0.4608695652173913,0.49260869565217397,8
1173,0.39565217391304347,0.13237684650120285,0.22652173913043477,0.3391304347826087,0.5652173913043478,8
1174,0.4326086956521739,0.10576483526234903,0.30434782608695654,0.4173913043478261,0.6195652173913043,8
1175,0.4391304347826087,0.11195124512681508,0.2643478260869565,0.45217391304347826,0.6247826086956522,8
1176,0.3869565217391304,0.08684775806712251,0.26130434782608697,0.3826086956521739,0.5326086956521738,8
1177,0.3717391304347826,0.06474466352971926,0.29000000000000004,0.3565217391304348,0.48347826086956525,8
1178,0.3826086956521739,0.0792211615577765,0.2643478260869565,0.3739130434782609,0.5265217391304348,8
1179,0.48478260869565215,0.04596168372144779,0.4004347826086957,0.5043478260869565,0.5304347826086957,8
1180,0.391304347826087,0.12779946484086147,0.2234782608695652,0.3652173913043478,0.5991304347826087,8
1181,0.3739130434782609,0.08867860023639625,0.26130434782608697,0.3652173913043478,0.5326086956521738,8
1182,0.3804347826086957,0.07966731392090737,0.24695652173913044,0.391304347826087,0.4782608695652174,8
1183,0.43043478260869567,0.09789852390606699,0.2417391304347826,0.4434782608695652,0.5417391304347826,8
1184,0.3608695652173913,0.09515682012277951,0.25521739130434784,0.3217391304347826,0.5295652173913044,8
1185,0.4304347826086956,0.12623679253006934,0.22956521739130434,0.4434782608695652,0.5908695652173913,8
1186,0.4565217391304348,0.029807193914787165,0.4260869565217391,0.45217391304347826,0.5069565217391305,8
1187,0.4152173913043478,0.08427944336947885,0.3217391304347826,0.40869565217391307,0.5304347826086957,8
1188,0.41304347826086957,0.06550660510138855,0.31043478260869567,0.40869565217391307,0.5069565217391305,8
1189,0.3934782608695653,0.09220569591499347,0.2408695652173913,0.408695652173913,0.5069565217391305,8
1190,0.391304347826087,0.10028315299713736,0.23782608695652174,0.391304347826087,0.538695652173913,8
1191,0.30434782608695654,0.08564224175474874,0.1743478260869565,0.30434782608695654,0.4456521739130435,8
1192,0.37173913043478257,0.08928935990396891,0.23782608695652174,0.4,0.47521739130434787,8
1193,0.2934782608695652,0.14365930606571112,0.03608695652173913,0.34782608695652173,0.46913043478260874,8
1194,0.3804347826086957,0.06843511408129214,0.2756521739130435,0.4,0.4608695652173913,8
1195,0.47173913043478255,0.058291685555617055,0.4260869565217391,0.4434782608695652,0.5847826086956521,8
1196,0.3978260869565217,0.15009448819834667,0.12913043478260872,0.4260869565217391,0.5621739130434782,8
1197,0.3978260869565217,0.09117485641526421,0.3217391304347826,0.3565217391304348,0.578695652173913,8
1198,0.408695652173913,0.07480282840906632,0.3073913043478261,0.4,0.5243478260869566,8
1199,0.47608695652173916,0.07087756689957,0.37695652173913047,0.4956521739130435,0.5652173913043478,8
1200,0.35,0.07375302371168424,0.21521739130434783,0.3652173913043478,0.45173913043478264,8
1201,0.4217391304347826,0.10018885758089488,0.3247826086956522,0.3913043478260869,0.5939130434782609,8
1202,0.4760869565217391,0.0849496681851301,0.33999999999999997,0.4608695652173913,0.6082608695652174,8
1203,0.33043478260869563,0.11437344728666003,0.18869565217391304,0.30434782608695654,0.5326086956521738,8
1204,0.48043478260869565,0.07652050394260017,0.39434782608695657,0.46956521739130436,0.6082608695652174,8
1205,0.4543478260869565,0.10718515683148738,0.3421739130434783,0.4173913043478261,0.6339130434782609,8
1206,0.358695652173913,0.07602481934802484,0.25521739130434784,0.3739130434782609,0.4434782608695652,8
1207,0.43695652173913047,0.06618842325060144,0.3565217391304348,0.43478260869565216,0.5273913043478261,8
1208,0.3847826086956522,0.08061085312060502,0.2643478260869565,0.3739130434782609,0.5295652173913044,8
1209,0.4369565217391304,0.07823067050194166,0.3134782608695652,0.4434782608695652,0.5447826086956521,8
1210,0.45652173913043476,0.08145649563128345,0.33695652173913043,0.43478260869565216,0.5795652173913043,8
1211,0.45,0.11501212231661999,0.2530434782608696,0.4608695652173913,0.6278260869565218,8
1212,0.391304347826087,0.09604661754075879,0.26130434782608697,0.3826086956521739,0.5417391304347826,8
1213,0.39130434782608703,0.12173913043478261,0.15565217391304348,0.4,0.5130434782608696,8
1214,0.3782608695652174,0.10131461041505255,0.24695652173913044,0.3652173913043478,0.5695652173913044,8
1215,0.44130434782608696,0.09138195459558131,0.29000000000000004,0.4782608695652174,0.5530434782608695,8
1216,0.5,0.05816994852286804,0.40347826086956523,0.4956521739130435,0.5908695652173913,8
1217,0.45434782608695656,0.053559499977195314,0.35130434782608694,0.46956521739130436,0.51,8
1218,0.35,0.13328409613886374,0.13434782608695653,0.3739130434782609,0.49260869565217397,8
1219,0.3456521739130435,0.06953124170312816,0.23782608695652174,0.34782608695652173,0.4260869565217391,8
1220,0.4043478260869565,0.09789852390606697,0.25,0.408695652173913,0.5560869565217391,8
1221,0.341304347826087,0.12402740717909488,0.25521739130434784,0.2956521739130435,0.6065217391304348,8
1222,0.4130434782608695,0.14647722198193927,0.16608695652173913,0.4782608695652174,0.5621739130434782,8
1223,0.3847826086956522,0.13243038617841768,0.1156521739130435,0.4,0.51,8
1224,0.3934782608695652,0.04797407932763894,0.3134782608695652,0.40869565217391307,0.45782608695652177,8
1225,0.5,0.08237954487607138,0.36869565217391304,0.5130434782608696,0.6339130434782609,8
1226,0.341304347826087,0.058615081577012014,0.23565217391304347,0.3391304347826087,0.4230434782608696,8
1227,0.3630434782608696,0.15009448819834667,0.1743478260869565,0.33913043478260874,0.5939130434782609,8
1228,0.43260869565217386,0.10063597390524093,0.25,0.45217391304347826,0.567391304347826,8
1229,0.43043478260869567,0.04976314409678086,0.35956521739130437,0.4260869565217391,0.5069565217391305,8
1230,0.43260869565217386,0.12233935881210006,0.2673913043478261,0.4173913043478261,0.64,8
1231,0.41521739130434776,0.09158858449104738,0.3217391304347826,0.408695652173913,0.5417391304347826,8
1232,0.44565217391304346,0.10119792880267288,0.3021739130434783,0.4260869565217391,0.5969565217391304,8
1233,0.37826086956521743,0.10425720702853737,0.25217391304347825,0.3652173913043478,0.5499999999999999,8
1234,0.3543478260869565,0.13200146072400232,0.10565217391304349,0.3826086956521739,0.5069565217391305,8
1235,0.41956521739130437,0.08865195001784211,0.25608695652173913,0.45217391304347826,0.521304347826087,8
1236,0.34347826086956523,0.11495047014262857,0.12608695652173912,0.3826086956521739,0.4721739130434783,8
1237,0.391304347826087,0.12779946484086147,0.19782608695652174,0.3826086956521739,0.5795652173913043,8
1238,0.3934782608695652,0.09179474926398877,0.25521739130434784,0.408695652173913,0.5182608695652174,8
1239,0.3347826086956522,0.06721576014669699,0.27260869565217394,0.31304347826086953,0.4743478260869566,8
1240,0.43260869565217386,0.13041666540844038,0.26956521739130435,0.4173913043478261,0.6286956521739131,8
1241,0.29782608695652174,0.09362980637981752,0.16521739130434782,0.31304347826086953,0.40869565217391307,8
1242,0.4043478260869565,0.0631558219405824,0.3421739130434783,0.3739130434782609,0.51,8
1243,0.43260869565217386,0.05957473741758573,0.3452173913043478,0.43478260869565216,0.5356521739130434,8
1244,0.3195652173913044,0.08131132264897845,0.19478260869565217,0.32173913043478264,0.4373913043478261,8
1245,0.3804347826086957,0.09641494287624645,0.21217391304347827,0.4173913043478261,0.4895652173913044,8
1246,0.44565217391304346,0.07193648742510562,0.3195652173913044,0.45217391304347826,0.5530434782608695,8
1247,0.3978260869565218,0.12140871309081046,0.23782608695652174,0.4,0.5817391304347826,8
1248,0.4478260869565217,0.07814000328526709,0.3452173913043478,0.4434782608695652,0.5817391304347826,8
1249,0.5369565217391304,0.06326796613415324,0.41260869565217395,0.5391304347826087,0.6,8
1250,0.3934782608695652,0.1073613758683978,0.1926086956521739,0.40869565217391307,0.5439130434782609,8
1251,0.45,0.10576483526234906,0.3247826086956522,0.4434782608695652,0.6421739130434783,8
1252,0.3826086956521739,0.04518393411049246,0.3247826086956522,0.3739130434782609,0.45782608695652177,8
1253,0.4130434782608696,0.07910176260287066,0.29000000000000004,0.4260869565217391,0.51,8
1254,0.391304347826087,0.09990543733109616,0.22130434782608696,0.408695652173913,0.5130434782608696,8
1255,0.45434782608695656,0.0656147316208112,0.3482608695652174,0.45217391304347826,0.5304347826086957,8
1256,0.4152173913043478,0.04677703215510873,0.35956521739130437,0.4173913043478261,0.5008695652173913,8
1257,0.4478260869565217,0.06942921488117962,0.3482608695652174,0.4434782608695652,0.567391304347826,8
1258,0.3891304347826087,0.12998109503371083,0.2408695652173913,0.3391304347826087,0.5908695652173913,8
1259,0.5,0.05126011357631127,0.40347826086956523,0.5043478260869565,0.5621739130434782,8
1260,0.3565217391304348,0.09604661754075877,0.23782608695652174,0.3652173913043478,0.5347826086956522,8
1261,0.43478260869565216,0.1318760946791574,0.2408695652173913,0.4260869565217391,0.611304347826087,8
1262,0.3956521739130435,0.10168709185675218,0.2408695652173913,0.4434782608695652,0.51,8
1263,0.3565217391304348,0.12419875527900608,0.12913043478260872,0.3739130434782609,0.5408695652173913,8
1264,0.4043478260869565,0.06255432421712243,0.28782608695652173,0.40869565217391307,0.4895652173913044,8
1265,0.45000000000000007,0.09719603872220937,0.2991304347826087,0.45217391304347826,0.6104347826086957,8
1266,0.4326086956521739,0.13992639166742693,0.3217391304347826,0.3826086956521739,0.7169565217391305,8
1267,0.4782608695652174,0.14524602685643537,0.24695652173913044,0.5304347826086957,0.6491304347826087,8
1268,0.47826086956521735,0.07922116155777649,0.35130434782608694,0.49565217391304345,0.5621739130434782,8
1269,0.4043478260869565,0.09673302374472603,0.2530434782608696,0.4,0.5530434782608695,8
1270,0.31304347826086953,0.05430433042085564,0.2408695652173913,0.30434782608695654,0.3995652173913044,8
1271,0.4108695652173913,0.10841267512862333,0.2991304347826087,0.3739130434782609,0.6330434782608696,8
1272,0.4434782608695652,0.09405785935993016,0.3247826086956522,0.4434782608695652,0.5621739130434782,8
1273,0.41521739130434787,0.06266754480608512,0.3217391304347826,0.4434782608695652,0.4895652173913044,8
1274,0.3521739130434782,0.04497426275125479,0.3073913043478261,0.3391304347826087,0.4373913043478261,8
1275,0.4304347826086956,0.04147561745291069,0.35130434782608694,0.4434782608695652,0.47521739130434787,8
1276,0.5391304347826087,0.14261929971179763,0.2847826086956522,0.5652173913043478,0.7095652173913044,8
1277,0.341304347826087,0.07034212907549321,0.28695652173913044,0.31304347826086953,0.4886956521739131,8
1278,0.4717391304347826,0.04342387903356126,0.4260869565217391,0.4608695652173913,0.5447826086956521,8
1279,0.46304347826086956,0.14716925687837226,0.18652173913043477,0.5391304347826087,0.6082608695652174,8
1280,0.3739130434782609,0.10578717443996905,0.23782608695652174,0.3652173913043478,0.521304347826087,8
1281,0.47391304347826085,0.10279643841336425,0.2847826086956522,0.4956521739130435,0.6052173913043478,8
1282,0.48478260869565215,0.0952312874513457,0.33695652173913043,0.48695652173913045,0.6286956521739131,8
1283,0.3456521739130435,0.10359784832559872,0.2234782608695652,0.30434782608695654,0.5265217391304348,8
1284,0.4326086956521739,0.08950082108799522,0.3391304347826087,0.408695652173913,0.5908695652173913,8
1285,0.4804347826086956,0.09261481914843822,0.35956521739130437,0.5043478260869565,0.5969565217391304,8
1286,0.49565217391304345,0.03888813873912676,0.4434782608695652,0.4956521739130435,0.5478260869565217,8
1287,0.4152173913043478,0.09641494287624645,0.24391304347826087,0.4434782608695652,0.5356521739130434,8
1288,0.4369565217391304,0.11268756680603856,0.27260869565217394,0.46956521739130436,0.5908695652173913,8
1289,0.44999999999999996,0.06953124170312816,0.33391304347826084,0.45217391304347826,0.5447826086956521,8
1290,0.3804347826086957,0.1274847557512674,0.13521739130434784,0.40869565217391307,0.5273913043478261,8
1291,0.4521739130434782,0.09243605054551868,0.31043478260869567,0.45217391304347826,0.5908695652173913,8
1292,0.37826086956521743,0.08508863387296056,0.25521739130434784,0.391304347826087,0.5121739130434784,8
1293,0.4565217391304348,0.08942158174436143,0.3421739130434783,0.4608695652173913,0.5795652173913043,8
1294,0.3543478260869566,0.09383148632568364,0.17739130434782607,0.4,0.4404347826086957,8
1295,0.3934782608695652,0.10771294905945648,0.25,0.3739130434782609,0.5817391304347826,8
1296,0.4282608695652174,0.06703975628308383,0.3278260869565217,0.4260869565217391,0.5243478260869566,8
1297,0.3717391304347826,0.12402740717909488,0.1691304347826087,0.3739130434782609,0.5530434782608695,8
1298,0.3956521739130435,0.08984338399900794,0.26130434782608697,0.408695652173913,0.521304347826087,8
1299,0.40652173913043477,0.0849496681851301,0.3073913043478261,0.391304347826087,0.5560869565217391,8
1300,0.3369565217391305,0.09542958290281726,0.23782608695652174,0.28695652173913044,0.4895652173913044,8
1301,0.3826086956521739,0.1862981329185091,-0.011304347826086955,0.45217391304347826,0.5243478260869566,8
1302,0.4043478260869565,0.07365684498303225,0.2960869565217391,0.4173913043478261,0.5182608695652174,8
1303,0.39565217391304347,0.12009762884289682,0.2091304347826087,0.45217391304347826,0.5243478260869566,8
1304,0.25217391304347825,0.06270523957328676,0.1826086956521739,0.24347826086956523,0.33608695652173914,8
1305,0.391304347826087,0.12017630400943699,0.18130434782608695,0.391304347826087,0.5704347826086956,8
1306,0.41086956521739126,0.12062769042613115,0.22956521739130434,0.408695652173913,0.6104347826086957,8
1307,0.3891304347826087,0.07349626741033465,0.29000000000000004,0.3826086956521739,0.5182608695652174,8
1308,0.41086956521739126,0.12851853264223873,0.2091304347826087,0.43478260869565216,0.6104347826086957,8
1309,0.42826086956521736,0.09700135442314392,0.2734782608695652,0.40869565217391307,0.5765217391304348,8
1310,0.32173913043478264,0.10999226644063928,0.16,0.30434782608695654,0.4721739130434783,8
1311,0.35652173913043483,0.12080386077782437,0.20304347826086958,0.34782608695652173,0.5530434782608695,8
1312,0.3456521739130435,0.12778097399726604,0.1517391304347826,0.31304347826086953,0.538695652173913,8
1313,0.37173913043478257,0.08037600672754848,0.24391304347826087,0.4,0.4721739130434783,8
1314,0.3152173913043478,0.08246555103648112,0.22043478260869565,0.30434782608695654,0.46,8
1315,0.43043478260869567,0.09274230003348498,0.2673913043478261,0.4434782608695652,0.5591304347826087,8
1316,0.40652173913043477,0.11484764297280253,0.2582608695652174,0.3913043478260869,0.5734782608695652,8
1317,0.45434782608695656,0.06386274270247122,0.35956521739130437,0.4608695652173913,0.5447826086956521,8
1318,0.4,0.10325514858293841,0.27260869565217394,0.3913043478260869,0.5417391304347826,8
1319,0.4065217391304348,0.08084501731211763,0.2960869565217391,0.3826086956521739,0.5243478260869566,8
1320,0.5130434782608696,0.09604661754075879,0.3739130434782609,0.5130434782608696,0.6317391304347826,8
1321,0.3391304347826087,0.08564224175474874,0.22652173913043477,0.3217391304347826,0.4917391304347827,8
1322,0.4391304347826087,0.09866787580791493,0.24782608695652175,0.45217391304347826,0.5591304347826087,8
1323,0.47826086956521735,0.05897678246195886,0.3717391304347826,0.48695652173913045,0.5560869565217391,8
1324,0.408695652173913,0.11371040722280018,0.2326086956521739,0.40869565217391307,0.5991304347826087,8
1325,0.43695652173913047,0.09873969521022403,0.2960869565217391,0.4434782608695652,0.5765217391304348,8
1326,0.49347826086956514,0.059891205712851774,0.38608695652173913,0.5043478260869565,0.5765217391304348,8
1327,0.39565217391304347,0.07814000328526706,0.29304347826086957,0.4,0.5408695652173913,8
1328,0.4543478260869565,0.05957473741758574,0.3656521739130435,0.4434782608695652,0.5447826086956521,8
1329,0.43260869565217386,0.09117485641526421,0.30434782608695654,0.46956521739130436,0.5417391304347826,8
1330,0.45217391304347826,0.05499613322031964,0.35434782608695653,0.45217391304347826,0.5356521739130434,8
1331,0.4739130434782609,0.10018885758089491,0.3278260869565217,0.48695652173913045,0.6452173913043479,8
1332,0.3239130434782609,0.0664734123974811,0.20391304347826086,0.33043478260869563,0.4252173913043478,8
1333,0.3934782608695652,0.09261481914843823,0.22130434782608696,0.4,0.4956521739130435,8
1334,0.45652173913043476,0.09151115295586604,0.2991304347826087,0.4608695652173913,0.5765217391304348,8
1335,0.4043478260869565,0.09151115295586604,0.2417391304347826,0.408695652173913,0.5439130434782609,8
1336,0.3869565217391304,0.07814000328526709,0.23869565217391303,0.391304347826087,0.47521739130434787,8
1337,0.41304347826086957,0.06008815200471851,0.3247826086956522,0.4173913043478261,0.5069565217391305,8
1338,0.4782608695652174,0.07429568474189155,0.37695652173913047,0.48695652173913045,0.5765217391304348,8
1339,0.40652173913043477,0.06474466352971928,0.3134782608695652,0.4,0.5069565217391305,8
1340,0.5108695652173914,0.08971178383462323,0.3656521739130435,0.5304347826086957,0.6143478260869565,8
1341,0.4478260869565217,0.07157425057893187,0.33391304347826084,0.4608695652173913,0.5447826086956521,8
1342,0.341304347826087,0.11385577717542171,0.2008695652173913,0.31304347826086953,0.5634782608695652,8
1343,0.3978260869565217,0.12837135992560544,0.16391304347826086,0.40869565217391307,0.5621739130434782,8
1344,0.4152173913043478,0.06561473162081118,0.2908695652173913,0.4173913043478261,0.5039130434782609,8
1345,0.3456521739130435,0.1635932759143408,0.1426086956521739,0.3217391304347826,0.6452173913043479,8
1346,0.4,0.10791020561731178,0.27260869565217394,0.3652173913043478,0.5765217391304348,8
1347,0.4326086956521739,0.09835605239881408,0.31043478260869567,0.4173913043478261,0.6021739130434782,8
1348,0.3956521739130435,0.09151115295586605,0.26956521739130435,0.4,0.51,8
1349,0.3630434782608696,0.057639450363316753,0.2756521739130435,0.3652173913043478,0.4404347826086957,8
1350,0.42826086956521736,0.0858351609669549,0.31043478260869567,0.4173913043478261,0.5478260869565217,8
1351,0.3934782608695652,0.13815897256900564,0.16608695652173913,0.4173913043478261,0.5930434782608696,8
1352,0.4543478260869565,0.0667571849251482,0.33999999999999997,0.45217391304347826,0.5447826086956521,8
1353,0.4173913043478261,0.06330530338504799,0.2991304347826087,0.43478260869565216,0.49260869565217397,8
1354,0.391304347826087,0.05430433042085564,0.3134782608695652,0.3739130434782609,0.48652173913043484,8
1355,0.3934782608695652,0.11285519436884706,0.20608695652173914,0.4173913043478261,0.5273913043478261,8
1356,0.4304347826086956,0.07910176260287066,0.3021739130434783,0.4260869565217391,0.5447826086956521,8
1357,0.42826086956521736,0.07349626741033463,0.3278260869565217,0.43478260869565216,0.5530434782608695,8
1358,0.3826086956521739,0.06270523957328678,0.27043478260869563,0.3826086956521739,0.46913043478260874,8
1359,0.4130434782608695,0.1064107673958297,0.2417391304347826,0.4,0.5765217391304348,8
1360,0.42608695652173917,0.05499613322031965,0.3452173913043478,0.4173913043478261,0.4956521739130435,8
1361,0.4326086956521739,0.13271556634432347,0.18434782608695655,0.4782608695652174,0.5878260869565217,8
1362,0.4130434782608696,0.06997163886709168,0.3217391304347826,0.4260869565217391,0.5182608695652174,8
1363,0.34347826086956523,0.11429077763560795,0.1834782608695652,0.31304347826086953,0.5295652173913044,8
1364,0.4695652173913044,0.09914568913905548,0.3217391304347826,0.5130434782608696,0.5908695652173913,8
1365,0.4652173913043478,0.09026321518272477,0.3739130434782609,0.4434782608695652,0.6452173913043479,8
1366,0.3695652173913043,0.06665091181198214,0.2582608695652174,0.391304347826087,0.4434782608695652,8
1367,0.408695652173913,0.047628048478710105,0.35956521739130437,0.391304347826087,0.49260869565217397,8
1368,0.46739130434782605,0.05426079988847254,0.40869565217391307,0.45217391304347826,0.5591304347826087,8
1369,0.41521739130434787,0.08561464638050094,0.3073913043478261,0.391304347826087,0.5560869565217391,8
1370,0.39347826086956517,0.09138195459558131,0.23565217391304347,0.4,0.5295652173913044,8
1371,0.4,0.07480282840906631,0.30434782608695654,0.4,0.49260869565217397,8
1372,0.3326086956521739,0.15159829018792298,0.12217391304347826,0.33043478260869563,0.5243478260869566,8
1373,0.4347826086956522,0.12111641980160105,0.23869565217391303,0.4434782608695652,0.6278260869565218,8
1374,0.39565217391304347,0.11755222464865893,0.19782608695652174,0.43478260869565216,0.5304347826086957,8
1375,0.3456521739130435,0.09281870452264868,0.25521739130434784,0.30434782608695654,0.5182608695652174,8
1376,0.3978260869565218,0.09034171632687021,0.2408695652173913,0.4260869565217391,0.49260869565217397,8
1377,0.3847826086956522,0.058291685555617055,0.2734782608695652,0.391304347826087,0.45782608695652177,8
1378,0.34347826086956523,0.10205821386352612,0.1917391304347826,0.3565217391304348,0.4895652173913044,8
1379,0.4478260869565217,0.10425720702853736,0.2847826086956522,0.4347826086956522,0.5795652173913043,8
1380,0.38913043478260867,0.065325996527464,0.29304347826086957,0.3826086956521739,0.4895652173913044,8
1381,0.4217391304347826,0.09515682012277951,0.2417391304347826,0.4434782608695652,0.538695652173913,8
1382,0.37826086956521743,0.10747136603746328,0.2234782608695652,0.391304347826087,0.51,8
1383,0.4826086956521739,0.06550660510138853,0.38608695652173913,0.4782608695652174,0.6021739130434782,8
1384,0.4021739130434782,0.08779487176655944,0.278695652173913,0.391304347826087,0.5582608695652174,8
1385,0.4608695652173913,0.10140785904078782,0.3165217391304348,0.4608695652173913,0.611304347826087,8
1386,0.44565217391304346,0.13142738261036382,0.278695652173913,0.4347826086956522,0.6573913043478261,8
1387,0.35000000000000003,0.07577576112144946,0.22956521739130434,0.3391304347826087,0.45782608695652177,8
1388,0.3586956521739131,0.1097987504276034,0.22043478260869565,0.3652173913043478,0.5634782608695652,8
1389,0.41956521739130437,0.09403273371253118,0.27260869565217394,0.4173913043478261,0.5304347826086957,8
1390,0.4260869565217391,0.09078527399052652,0.29304347826086957,0.43478260869565216,0.5447826086956521,8
1391,0.3978260869565217,0.06788041302606955,0.2847826086956522,0.391304347826087,0.4782608695652174,8
1392,0.4869565217391304,0.1169880351919453,0.3021739130434783,0.5130434782608696,0.6430434782608696,8
1393,0.39999999999999997,0.09722034684781695,0.3247826086956522,0.34782608695652173,0.5960869565217392,8
1394,0.32608695652173914,0.06608123545030724,0.25521739130434784,0.2956521739130435,0.4456521739130435,8
1395,0.33043478260869563,0.05289358721998452,0.25521739130434784,0.32173913043478264,0.391304347826087,8
1396,0.5195652173913043,0.07426387327190748,0.4147826086956522,0.5391304347826087,0.6256521739130435,8
1397,0.45869565217391306,0.11048526747454837,0.3565217391304348,0.40869565217391307,0.6317391304347826,8
1398,0.3239130434782609,0.12402740717909491,0.09739130434782609,0.34782608695652173,0.4947826086956522,8
1399,0.3195652173913044,0.0799042432586483,0.2408695652173913,0.2956521739130435,0.48565217391304355,8
1400,0.3826086956521739,0.07530655685082076,0.30434782608695654,0.3652173913043478,0.5152173913043478,8
1401,0.37173913043478257,0.12341624284554137,0.18652173913043477,0.3391304347826087,0.5704347826086956,8
1402,0.34782608695652173,0.0737850554281615,0.21521739130434783,0.3565217391304348,0.4373913043478261,8
1403,0.45869565217391306,0.08800992382607462,0.3308695652173913,0.46956521739130436,0.5991304347826087,8
1404,0.42608695652173917,0.038888138739126776,0.37695652173913047,0.4260869565217391,0.4895652173913044,8
1405,0.4956521739130435,0.11601447012283768,0.3452173913043478,0.48695652173913045,0.6347826086956522,8
1406,0.4543478260869565,0.08061085312060502,0.33391304347826084,0.4260869565217391,0.5652173913043478,8
1407,0.45434782608695656,0.09758424211940626,0.3421739130434783,0.4434782608695652,0.6256521739130435,8
1408,0.5,0.06608123545030722,0.4147826086956522,0.48695652173913045,0.6195652173913043,8
1409,0.3760869565217392,0.09661080888386511,0.25521739130434784,0.3913043478260869,0.5069565217391305,8
1410,0.4217391304347826,0.0761800672518923,0.3134782608695652,0.4260869565217391,0.5582608695652174,8
1411,0.4434782608695652,0.10720720005163437,0.29304347826086957,0.4347826086956522,0.5826086956521739,8
1412,0.391304347826087,0.07969696860792766,0.278695652173913,0.3826086956521739,0.521304347826087,8
1413,0.35,0.14882971327619776,0.13652173913043478,0.3652173913043478,0.5591304347826087,8
1414,0.4391304347826087,0.07957828355531794,0.2960869565217391,0.4608695652173913,0.538695652173913,8
1415,0.5195652173913043,0.11235156138628305,0.2804347826086957,0.5652173913043478,0.6,8
1416,0.4152173913043478,0.11761251299759982,0.26130434782608697,0.391304347826087,0.6247826086956522,8
1417,0.3826086956521739,0.08295123490582136,0.26956521739130435,0.4,0.47521739130434787,8
1418,0.4260869565217391,0.063305303385048,0.3421739130434783,0.4260869565217391,0.521304347826087,8
1419,0.4217391304347826,0.1071189999543906,0.2326086956521739,0.4434782608695652,0.567391304347826,8
1420,0.4456521739130435,0.06415806331901613,0.33695652173913043,0.4434782608695652,0.5273913043478261,8
1421,0.4108695652173913,0.10044795697519932,0.2182608695652174,0.4434782608695652,0.51,8
1422,0.4,0.11503266569846045,0.2091304347826087,0.4173913043478261,0.567391304347826,8
1423,0.3847826086956522,0.08472684899958731,0.23565217391304347,0.391304347826087,0.5121739130434784,8
1424,0.3739130434782609,0.1786316398623838,0.08826086956521739,0.34782608695652173,0.6143478260869565,8
1425,0.44130434782608696,0.13285792687476106,0.30434782608695654,0.4,0.6604347826086957,8
1426,0.3760869565217392,0.10378015880243487,0.22956521739130434,0.3739130434782609,0.5469565217391305,8
1427,0.45000000000000007,0.08014047213550768,0.3021739130434783,0.48695652173913045,0.5273913043478261,8
1428,0.5108695652173914,0.13979122970237198,0.2252173913043478,0.5652173913043478,0.6543478260869565,8
1429,0.26956521739130435,0.034782608695652174,0.22043478260869565,0.2782608695652174,0.31869565217391305,8
1430,0.341304347826087,0.0853935623539233,0.1834782608695652,0.3739130434782609,0.4230434782608696,8
1431,0.3956521739130435,0.08597269536210952,0.26130434782608697,0.4173913043478261,0.5182608695652174,8
1432,0.3847826086956522,0.12629293520241577,0.2091304347826087,0.3913043478260869,0.5734782608695652,8
1433,0.4173913043478261,0.09760845356801588,0.2643478260869565,0.4347826086956522,0.5273913043478261,8
1434,0.3847826086956522,0.07375302371168424,0.26130434782608697,0.40869565217391307,0.47521739130434787,8
1435,0.4043478260869565,0.07518094115561125,0.31043478260869567,0.391304347826087,0.5273913043478261,8
1436,0.37826086956521743,0.14878207506320584,0.08608695652173914,0.4,0.5530434782608695,8
1437,0.34347826086956523,0.09151115295586602,0.2408695652173913,0.33043478260869563,0.5234782608695652,8
1438,0.26956521739130435,0.11169767459708808,0.13043478260869565,0.28695652173913044,0.46521739130434786,8
1439,0.3326086956521739,0.07627306431673406,0.22043478260869565,0.34782608695652173,0.4373913043478261,8
1440,0.41956521739130437,0.07823067050194166,0.3021739130434783,0.408695652173913,0.5499999999999999,8
1441,0.42391304347826086,0.14665456500454724,0.22652173913043477,0.4,0.6852173913043479,8
1442,0.3565217391304347,0.08519964322724097,0.2008695652173913,0.3739130434782609,0.4547826086956522,8
1443,0.30434782608695654,0.12419875527900608,0.14565217391304347,0.26956521739130435,0.5317391304347826,8
1444,0.3673913043478261,0.05139821920668213,0.2817391304347826,0.3739130434782609,0.44869565217391305,8
1445,0.40869565217391307,0.12297509238026913,0.20695652173913043,0.4173913043478261,0.5960869565217392,8
1446,0.37826086956521743,0.12683436648534627,0.23478260869565218,0.3739130434782609,0.6239130434782609,8
1447,0.48913043478260865,0.06898535501140186,0.36869565217391304,0.4956521739130435,0.5908695652173913,8
1448,0.32608695652173914,0.11395949932244484,0.1373913043478261,0.32173913043478264,0.4978260869565218,8
1449,0.4521739130434783,0.09120076940610014,0.33391304347826084,0.4347826086956522,0.6165217391304348,8
1450,0.40217391304347827,0.0833774300468048,0.3073913043478261,0.4,0.5469565217391305,8
1451,0.4652173913043478,0.06608123545030721,0.39434782608695657,0.4434782608695652,0.5765217391304348,8
1452,0.40217391304347827,0.07167322400797624,0.31043478260869567,0.391304347826087,0.5295652173913044,8
1453,0.341304347826087,0.10876085001173035,0.16608695652173913,0.3652173913043478,0.5091304347826088,8
1454,0.47173913043478266,0.05697974966122242,0.3830434782608696,0.46956521739130436,0.5704347826086956,8
1455,0.28260869565217395,0.10747136603746325,0.1282608695652174,0.26956521739130435,0.4404347826086957,8
1456,0.34347826086956523,0.13180440340194885,0.1743478260869565,0.34782608695652173,0.5839130434782609,8
1457,0.258695652173913,0.09950254340300703,0.07086956521739131,0.28695652173913044,0.3791304347826087,8
1458,0.25869565217391305,0.0614491044569677,0.17130434782608694,0.2608695652173913,0.3617391304347826,8
1459,0.48478260869565215,0.1032322614833371,0.3452173913043478,0.45217391304347826,0.6430434782608696,8
1460,0.37173913043478257,0.08627449927384535,0.20695652173913043,0.391304347826087,0.48347826086956525,8
1461,0.3652173913043478,0.09365504012407833,0.16999999999999998,0.3826086956521739,0.4434782608695652,8
1462,0.508695652173913,0.09712307784212469,0.35130434782608694,0.5130434782608696,0.6573913043478261,8
1463,0.45217391304347826,0.07630403815123583,0.35956521739130437,0.4347826086956522,0.5621739130434782,8
1464,0.49782608695652175,0.06815832785474298,0.4434782608695652,0.4782608695652174,0.6308695652173913,8
1465,0.5434782608695652,0.10497996928390989,0.3891304347826087,0.5391304347826087,0.7065217391304348,8
1466,0.4282608695652174,0.07602481934802484,0.3308695652173913,0.408695652173913,0.5530434782608695,8
1467,0.4130434782608695,0.09712307784212469,0.2643478260869565,0.4,0.5591304347826087,8
1468,0.45869565217391306,0.1337089070841894,0.2991304347826087,0.4260869565217391,0.6921739130434783,8
1469,0.3456521739130435,0.06618842325060142,0.26956521739130435,0.3565217391304348,0.4260869565217391,8
1470,0.42391304347826086,0.0789522599884125,0.31043478260869567,0.43478260869565216,0.538695652173913,8
1471,0.3108695652173913,0.10359784832559873,0.20608695652173914,0.28695652173913044,0.5226086956521739,8
1472,0.4043478260869565,0.07957828355531796,0.31043478260869567,0.3739130434782609,0.5243478260869566,8
1473,0.3717391304347826,0.1432640033964818,0.17739130434782607,0.4,0.6156521739130435,8
1474,0.3673913043478261,0.09483345265733582,0.2182608695652174,0.3565217391304348,0.5182608695652174,8
1475,0.41956521739130437,0.08107850521291964,0.3217391304347826,0.4,0.5643478260869565,8
1476,0.20217391304347826,0.1224937790172244,0.011739130434782608,0.22608695652173913,0.35043478260869565,8
1477,0.42826086956521736,0.1392492699020069,0.27260869565217394,0.408695652173913,0.6143478260869565,8
1478,0.38913043478260867,0.08627449927384534,0.2756521739130435,0.3739130434782609,0.538695652173913,8
1479,0.2891304347826087,0.12062769042613115,0.07391304347826087,0.30434782608695654,0.4404347826086957,8
1480,0.40217391304347827,0.08154347536309153,0.28695652173913044,0.4173913043478261,0.521304347826087,8
1481,0.41521739130434787,0.060830732954927066,0.3391304347826087,0.4260869565217391,0.5039130434782609,8
1482,0.30869565217391304,0.06315582194058239,0.18956521739130433,0.31304347826086953,0.3965217391304348,8
1483,0.41956521739130437,0.08736317955395703,0.29304347826086957,0.4173913043478261,0.538695652173913,8
1484,0.33043478260869563,0.11337743313395911,0.14565217391304347,0.3391304347826087,0.48652173913043484,8
1485,0.2282608695652174,0.0838296499332993,0.1334782608695652,0.21739130434782608,0.3565217391304348,8
1486,0.44999999999999996,0.08736317955395705,0.3452173913043478,0.43478260869565216,0.6217391304347827,8
1487,0.47391304347826085,0.07365684498303222,0.391304347826087,0.4608695652173913,0.5826086956521739,8
1488,0.3826086956521739,0.05360360002581718,0.29304347826086957,0.391304347826087,0.4434782608695652,8
1489,0.3456521739130435,0.10468694893769134,0.13217391304347828,0.3739130434782609,0.4547826086956522,8
1490,0.40217391304347827,0.10396214957581168,0.25521739130434784,0.4,0.5417391304347826,8
1491,0.41086956521739126,0.09261481914843823,0.2847826086956522,0.3826086956521739,0.5704347826086956,8
1492,0.42826086956521736,0.09220569591499347,0.2591304347826087,0.45217391304347826,0.5273913043478261,8
1493,0.48043478260869565,0.08843845916003475,0.3452173913043478,0.48695652173913045,0.6,8
1494,0.44999999999999996,0.08200580919069572,0.33391304347826084,0.4434782608695652,0.5878260869565217,8
1495,0.37173913043478257,0.10007086336072961,0.22956521739130434,0.34782608695652173,0.5356521739130434,8
1496,0.48043478260869565,0.055296075399899586,0.3830434782608696,0.48695652173913045,0.5447826086956521,8
1497,0.39565217391304347,0.05945562752685802,0.31043478260869567,0.391304347826087,0.4782608695652174,8
1498,0.4891304347826087,0.12140871309081044,0.26217391304347826,0.5130434782608696,0.6317391304347826,8
1499,0.3326086956521739,0.0847268489995873,0.19478260869565217,0.34782608695652173,0.4373913043478261,8
1500,0.3913043478260869,0.060245245480656615,0.3217391304347826,0.3826086956521739,0.47521739130434787,8
1501,0.3543478260869565,0.10007086336072961,0.20608695652173914,0.34782608695652173,0.4895652173913044,8
1502,0.33043478260869563,0.11986129349643672,0.13130434782608696,0.33043478260869563,0.49260869565217397,8
1503,0.4347826086956522,0.07826086956521738,0.3391304347826087,0.4434782608695652,0.567391304347826,8
1504,0.558695652173913,0.1024971759489242,0.4065217391304348,0.5565217391304348,0.7065217391304348,8
1505,0.3695652173913043,0.15130184905482882,0.1373913043478261,0.3826086956521739,0.5847826086956521,8
1506,0.3826086956521739,0.07630403815123585,0.27260869565217394,0.3826086956521739,0.47521739130434787,8
1507,0.5239130434782608,0.11566770082106981,0.39434782608695657,0.5043478260869565,0.6921739130434783,8
1508,0.4521739130434782,0.08782178207271372,0.3391304347826087,0.45217391304347826,0.5991304347826087,8
1509,0.3239130434782609,0.055975622563407545,0.25217391304347825,0.3391304347826087,0.40260869565217394,8
1510,0.3152173913043478,0.06144910445696769,0.18956521739130433,0.3217391304347826,0.3739130434782609,8
1511,0.20217391304347826,0.05028275437487121,0.1334782608695652,0.2,0.26956521739130435,8
1512,0.4260869565217391,0.05499613322031965,0.3739130434782609,0.408695652173913,0.521304347826087,8
1513,0.4,0.11698803519194531,0.26956521739130435,0.40869565217391307,0.6043478260869566,8
1514,0.3804347826086957,0.06503597957239822,0.29000000000000004,0.3739130434782609,0.4721739130434783,8
1515,0.43695652173913047,0.0589367030944607,0.3739130434782609,0.4260869565217391,0.5243478260869566,8
1516,0.408695652173913,0.11470353007193843,0.27260869565217394,0.3826086956521739,0.5847826086956521,8
1517,0.3978260869565218,0.09873969521022403,0.25521739130434784,0.391304347826087,0.538695652173913,8
1518,0.45217391304347826,0.08695652173913045,0.2826086956521739,0.46956521739130436,0.5447826086956521,8
1519,0.34782608695652173,0.1555525549565071,0.11695652173913043,0.34782608695652173,0.5765217391304348,8
1520,0.38913043478260867,0.08131132264897846,0.26130434782608697,0.4173913043478261,0.4895652173913044,8
1521,0.45,0.08154347536309153,0.3308695652173913,0.4521739130434783,0.5591304347826087,8
1522,0.48913043478260865,0.08822445168566531,0.3308695652173913,0.5217391304347826,0.5652173913043478,8
1523,0.4391304347826087,0.15353429202617022,0.18869565217391304,0.4956521739130435,0.5969565217391304,8
1524,0.29782608695652174,0.1217197189492993,0.12521739130434784,0.30434782608695654,0.4917391304347827,8
1525,0.42826086956521736,0.08405484751817914,0.27043478260869563,0.4434782608695652,0.538695652173913,8
1526,0.47608695652173916,0.10629967981215348,0.3134782608695652,0.4956521739130435,0.6339130434782609,8
1527,0.35652173913043483,0.06148754619013457,0.27260869565217394,0.3652173913043478,0.4630434782608696,8
1528,0.3847826086956522,0.07627306431673406,0.2530434782608696,0.3739130434782609,0.47521739130434787,8
1529,0.5608695652173914,0.09475867268566682,0.4004347826086957,0.5826086956521739,0.6695652173913044,8
1530,0.46086956521739125,0.08430747578115355,0.35130434782608694,0.4434782608695652,0.6165217391304348,8
1531,0.41304347826086957,0.14596008983995234,0.2326086956521739,0.3565217391304348,0.6430434782608696,8
1532,0.5195652173913043,0.07919132869603035,0.38608695652173913,0.5391304347826087,0.6286956521739131,8
1533,0.4021739130434782,0.09873969521022403,0.2817391304347826,0.3652173913043478,0.5817391304347826,8
1534,0.41956521739130437,0.08692934357883568,0.2756521739130435,0.4347826086956522,0.5273913043478261,8
1535,0.4217391304347826,0.1042572070285374,0.22434782608695653,0.4347826086956522,0.5304347826086957,8
1536,0.29130434782608694,0.04976314409678086,0.2234782608695652,0.2782608695652174,0.3791304347826087,8
1537,0.5065217391304349,0.08907739673281687,0.39434782608695657,0.5130434782608696,0.6347826086956522,8
1538,0.41086956521739126,0.09013222800707772,0.29000000000000004,0.4173913043478261,0.5643478260869565,8
1539,0.3282608695652174,0.12807650714482988,0.20608695652173914,0.28695652173913044,0.5891304347826087,8
1540,0.3804347826086956,0.10025958745739309,0.18956521739130433,0.4,0.4782608695652174,8
1541,0.4717391304347826,0.11952568516427196,0.2817391304347826,0.48695652173913045,0.6595652173913044,8
1542,0.3630434782608696,0.10683184674178794,0.27260869565217394,0.2956521739130435,0.561304347826087,8
1543,0.3804347826086957,0.10718515683148741,0.21217391304347827,0.3826086956521739,0.5243478260869566,8
1544,0.3847826086956522,0.08736317955395703,0.278695652173913,0.3739130434782609,0.5552173913043478,8
1545,0.48043478260869565,0.11550415503291504,0.3021739130434783,0.5130434782608696,0.64,8
1546,0.33913043478260874,0.11891125505371604,0.20304347826086958,0.30434782608695654,0.521304347826087,8
1547,0.4478260869565217,0.07765465695431195,0.3165217391304348,0.4608695652173913,0.567391304347826,8
1548,0.42826086956521736,0.09013222800707775,0.3247826086956522,0.4173913043478261,0.5878260869565217,8
1549,0.3695652173913043,0.09355406431021747,0.2234782608695652,0.391304347826087,0.49260869565217397,8
1550,0.5152173913043478,0.10119792880267289,0.35434782608695653,0.5391304347826087,0.6460869565217392,8
1551,0.33043478260869563,0.08739022279235559,0.25521739130434784,0.29565217391304344,0.5060869565217392,8
1552,0.44782608695652176,0.0832923654811653,0.3739130434782609,0.4260869565217391,0.6186956521739131,8
1553,0.42391304347826086,0.02940815056188844,0.3656521739130435,0.4260869565217391,0.45782608695652177,8
1554,0.1826086956521739,0.07429568474189156,0.08434782608695653,0.1826086956521739,0.3065217391304348,8
1555,0.33695652173913043,0.10341521645448953,0.1517391304347826,0.3739130434782609,0.4434782608695652,8
1556,0.5434782608695652,0.08237954487607135,0.40869565217391307,0.5652173913043478,0.6317391304347826,8
1557,0.32608695652173914,0.06194698629902177,0.22652173913043477,0.32173913043478264,0.41695652173913045,8
1558,0.3391304347826087,0.09643944788182103,0.21739130434782608,0.34782608695652173,0.47521739130434787,8
1559,0.4304347826086956,0.10956176668134046,0.278695652173913,0.4521739130434783,0.5591304347826087,8
1560,0.3934782608695652,0.1408688942549775,0.20608695652173914,0.4,0.6195652173913043,8
1561,0.42391304347826086,0.12493854822174794,0.21,0.43478260869565216,0.5765217391304348,8
1562,0.3760869565217391,0.11451797557448629,0.23782608695652174,0.391304347826087,0.5726086956521739,8
1563,0.44565217391304346,0.09893095872158915,0.3021739130434783,0.4347826086956522,0.6052173913043478,8
1564,0.4065217391304348,0.08084501731211763,0.28695652173913044,0.4173913043478261,0.4956521739130435,8
1565,0.3456521739130435,0.12478715337883622,0.20304347826086958,0.30434782608695654,0.5756521739130435,8
1566,0.3282608695652174,0.07823067050194166,0.23478260869565218,0.33913043478260874,0.4230434782608696,8
1567,0.46304347826086956,0.07552588159147916,0.3626086956521739,0.43478260869565216,0.5765217391304348,8
1568,0.4434782608695652,0.08249419983047945,0.3165217391304348,0.4347826086956522,0.5447826086956521,8
1569,0.4391304347826087,0.12442685235873203,0.24695652173913044,0.4608695652173913,0.6195652173913043,8
1570,0.3804347826086957,0.03978914177765898,0.3391304347826087,0.3739130434782609,0.4404347826086957,8
1571,0.3521739130434783,0.1265359322683065,0.1917391304347826,0.33043478260869563,0.5447826086956521,8
1572,0.4565217391304348,0.12412262977061041,0.31043478260869567,0.408695652173913,0.6717391304347826,8
1573,0.3456521739130435,0.04342387903356127,0.2756521739130435,0.34782608695652173,0.40565217391304353,8
1574,0.3521739130434783,0.1009407544890774,0.2234782608695652,0.3565217391304348,0.4978260869565218,8
1575,0.2956521739130435,0.10649955403405123,0.1282608695652174,0.2782608695652174,0.44869565217391305,8
1576,0.40652173913043477,0.08131132264897845,0.2817391304347826,0.391304347826087,0.5356521739130434,8
1577,0.4043478260869565,0.08052286598892232,0.31043478260869567,0.3826086956521739,0.5530434782608695,8
1578,0.4173913043478261,0.08739022279235556,0.278695652173913,0.4173913043478261,0.5499999999999999,8
1579,0.3847826086956522,0.1369220108347803,0.2091304347826087,0.3739130434782609,0.5939130434782609,8
1580,0.341304347826087,0.12644252712361623,0.1517391304347826,0.31304347826086953,0.5356521739130434,8
1581,0.34347826086956523,0.07314175583156836,0.25217391304347825,0.34782608695652173,0.4547826086956522,8
1582,0.3782608695652174,0.061946986299021775,0.278695652173913,0.3913043478260869,0.4547826086956522,8
1583,0.3760869565217392,0.10806337844901365,0.16695652173913045,0.391304347826087,0.5152173913043478,8
1584,0.4260869565217391,0.10720720005163437,0.2643478260869565,0.4347826086956522,0.5621739130434782,8
1585,0.2717391304347826,0.05664701835128427,0.17739130434782607,0.26956521739130435,0.3647826086956522,8
1586,0.3652173913043478,0.0608695652173913,0.278695652173913,0.34782608695652173,0.4434782608695652,8
1587,0.47391304347826085,0.11024975941831273,0.30434782608695654,0.48695652173913045,0.611304347826087,8
1588,0.33478260869565213,0.09109707321633462,0.1917391304347826,0.3217391304347826,0.4434782608695652,8
1589,0.36086956521739133,0.1085215997769451,0.1743478260869565,0.3826086956521739,0.49260869565217397,8
1590,0.43043478260869567,0.15080126257412718,0.15782608695652173,0.4434782608695652,0.6143478260869565,8
1591,0.39347826086956517,0.0803760067275485,0.26956521739130435,0.4260869565217391,0.4895652173913044,8
1592,0.3695652173913044,0.09109707321633463,0.2408695652173913,0.3739130434782609,0.4956521739130435,8
1593,0.3717391304347827,0.08084501731211763,0.24695652173913044,0.3739130434782609,0.5091304347826088,8
1594,0.4739130434782609,0.09866787580791493,0.3308695652173913,0.4956521739130435,0.5969565217391304,8
1595,0.3934782608695652,0.13511529768052466,0.18043478260869564,0.408695652173913,0.5591304347826087,8
1596,0.3695652173913043,0.09395731645641005,0.2582608695652174,0.3652173913043478,0.5491304347826087,8
1597,0.3847826086956522,0.08779487176655944,0.278695652173913,0.3652173913043478,0.5552173913043478,8
1598,0.42826086956521736,0.049525155434323995,0.3482608695652174,0.4260869565217391,0.5069565217391305,8
1599,0.3195652173913044,0.12554230189548618,0.08826086956521739,0.33913043478260874,0.46913043478260874,8
1600,0.34347826086956523,0.08283721253590283,0.23782608695652174,0.34782608695652173,0.4773913043478261,8
1601,0.3652173913043478,0.10614396187594526,0.1834782608695652,0.3826086956521739,0.4895652173913044,8
1602,0.4217391304347826,0.11161302306950814,0.24695652173913044,0.4434782608695652,0.5591304347826087,8
1603,0.3217391304347826,0.05360360002581719,0.2408695652173913,0.3217391304347826,0.40565217391304353,8
1604,0.35652173913043483,0.13244822792806799,0.09217391304347824,0.3739130434782609,0.5152173913043478,8
1605,0.22826086956521738,0.07375302371168423,0.1191304347826087,0.23478260869565218,0.3217391304347826,8
1606,0.3195652173913044,0.07847193759904367,0.1834782608695652,0.32173913043478264,0.42,8
1607,0.42391304347826086,0.1026814406836482,0.21608695652173915,0.45217391304347826,0.538695652173913,8
1608,0.3804347826086957,0.11599410062568784,0.22043478260869565,0.3913043478260869,0.51,8
1609,0.40217391304347827,0.05426079988847256,0.3421739130434783,0.3826086956521739,0.5039130434782609,8
1610,0.4260869565217391,0.07777627747825357,0.3134782608695652,0.4347826086956522,0.5130434782608696,8
1611,0.3673913043478261,0.11729061704535834,0.13521739130434784,0.408695652173913,0.4608695652173913,8
1612,0.3804347826086957,0.08865195001784211,0.2326086956521739,0.3739130434782609,0.5069565217391305,8
1613,0.4391304347826087,0.09673302374472603,0.26521739130434785,0.4434782608695652,0.5817391304347826,8
1614,0.42391304347826086,0.03304061772515361,0.37695652173913047,0.4173913043478261,0.47521739130434787,8
1615,0.3804347826086957,0.1462673575565596,0.16521739130434782,0.43478260869565216,0.567391304347826,8
1616,0.45,0.12629293520241577,0.2591304347826087,0.4434782608695652,0.673913043478261,8
1617,0.5282608695652175,0.13706000231433146,0.3247826086956522,0.5652173913043479,0.6839130434782609,8
1618,0.3804347826086957,0.06675718492514822,0.3073913043478261,0.3652173913043478,0.5091304347826088,8
1619,0.391304347826087,0.0834057656228299,0.29000000000000004,0.3913043478260869,0.5069565217391305,8
1620,0.40217391304347827,0.11761251299759981,0.24391304347826087,0.3913043478260869,0.5704347826086956,8
1621,0.31304347826086953,0.14985815599664423,0.14782608695652175,0.28695652173913044,0.5560869565217391,8
1622,0.4434782608695652,0.08564224175474874,0.3452173913043478,0.4260869565217391,0.6104347826086957,8
1623,0.41304347826086957,0.07518094115561122,0.3391304347826087,0.4,0.5417391304347826,8
1624,0.3739130434782609,0.11371040722280017,0.16391304347826086,0.391304347826087,0.5408695652173913,8
1625,0.4152173913043478,0.07627306431673407,0.3073913043478261,0.4260869565217391,0.521304347826087,8
1626,0.5065217391304347,0.0851719044528684,0.35434782608695653,0.5130434782608696,0.6143478260869565,8
1627,0.3891304347826087,0.12156431547839838,0.17217391304347826,0.391304347826087,0.5417391304347826,8
1628,0.3673913043478261,0.07725806801702984,0.24695652173913044,0.3652173913043478,0.4978260869565218,8
1629,0.4173913043478261,0.09952628819356171,0.278695652173913,0.4173913043478261,0.5734782608695652,8
1630,0.3021739130434783,0.14587912234615322,0.07086956521739131,0.28695652173913044,0.5243478260869566,8
1631,0.3978260869565217,0.08907739673281685,0.2817391304347826,0.391304347826087,0.5695652173913044,8
1632,0.3695652173913043,0.1185131580038175,0.23782608695652174,0.34782608695652173,0.5273913043478261,8
1633,0.4652173913043478,0.06888251964241243,0.37695652173913047,0.4608695652173913,0.5591304347826087,8
1634,0.22391304347826085,0.05957473741758574,0.13956521739130434,0.20869565217391306,0.31565217391304345,8
1635,0.3760869565217391,0.11418735640581648,0.2234782608695652,0.3652173913043478,0.561304347826087,8
1636,0.4391304347826087,0.07050989017489936,0.3482608695652174,0.4260869565217391,0.5591304347826087,8
1637,0.3869565217391304,0.11295983527623112,0.1782608695652174,0.4,0.538695652173913,8
1638,0.5195652173913043,0.07676714601308511,0.4291304347826087,0.4956521739130435,0.6573913043478261,8
1639,0.508695652173913,0.11883174233666476,0.3134782608695652,0.5304347826086957,0.6717391304347826,8
1640,0.3282608695652174,0.10175678033450827,0.1743478260869565,0.34782608695652173,0.46913043478260874,8
1641,0.4478260869565217,0.09905031086864798,0.3308695652173913,0.4,0.611304347826087,8
1642,0.41304347826086957,0.08052286598892233,0.278695652173913,0.4173913043478261,0.51,8
1643,0.2934782608695652,0.0998817826753056,0.1917391304347826,0.2608695652173913,0.4917391304347827,8
1644,0.41956521739130437,0.11793353034798995,0.26956521739130435,0.4,0.6021739130434782,8
1645,0.3326086956521739,0.09241048394274906,0.22043478260869565,0.3217391304347826,0.5060869565217392,8
1646,0.41304347826086957,0.08099102613129198,0.2734782608695652,0.40869565217391307,0.538695652173913,8
1647,0.4108695652173913,0.06415806331901613,0.3278260869565217,0.391304347826087,0.521304347826087,8
1648,0.3521739130434783,0.10352939912861442,0.20304347826086958,0.3652173913043478,0.49260869565217397,8
1649,0.35000000000000003,0.07966731392090738,0.21217391304347827,0.4,0.4230434782608696,8
1650,0.41086956521739126,0.1419383768948298,0.22130434782608696,0.3826086956521739,0.6708695652173914,8
1651,0.44565217391304346,0.1026814406836482,0.3082608695652174,0.40869565217391307,0.6143478260869565,8
1652,0.3652173913043478,0.06270523957328676,0.27260869565217394,0.3826086956521739,0.4547826086956522,8
1653,0.4217391304347826,0.10094075448907738,0.3073913043478261,0.3739130434782609,0.5621739130434782,8
1654,0.3826086956521739,0.0924360505455187,0.26956521739130435,0.3739130434782609,0.5243478260869566,8
1655,0.35652173913043483,0.09683068457095691,0.19782608695652174,0.3826086956521739,0.48652173913043484,8
1656,0.35434782608695653,0.11968373572609396,0.1517391304347826,0.391304347826087,0.5152173913043478,8
1657,0.4434782608695652,0.051444172026953186,0.3739130434782609,0.45217391304347826,0.5130434782608696,8
1658,0.3782608695652174,0.11362725517714764,0.21521739130434783,0.3739130434782609,0.5447826086956521,8
1659,0.33913043478260874,0.047628048478710085,0.29000000000000004,0.31304347826086953,0.42,8
1660,0.3065217391304348,0.08405484751817915,0.17739130434782607,0.31304347826086953,0.43434782608695655,8
1661,0.3826086956521739,0.048415342285478453,0.2847826086956522,0.4,0.4260869565217391,8
1662,0.24782608695652172,0.11658337111123411,0.07304347826086957,0.2434782608695652,0.4282608695652174,8
1663,0.3652173913043478,0.0782608695652174,0.27260869565217394,0.3391304347826087,0.47521739130434787,8
1664,0.30434782608695654,0.11986129349643672,0.13043478260869565,0.33043478260869563,0.4804347826086957,8
1665,0.4739130434782609,0.09109707321633463,0.35956521739130437,0.4608695652173913,0.6421739130434783,8
1666,0.3391304347826087,0.1120356411019576,0.2,0.3565217391304348,0.5234782608695652,8
1667,0.44565217391304346,0.06051917785684808,0.3482608695652174,0.45217391304347826,0.5243478260869566,8
1668,0.45000000000000007,0.09403273371253115,0.31043478260869567,0.45217391304347826,0.5908695652173913,8
1669,0.41521739130434787,0.10249717594892421,0.28695652173913044,0.4608695652173913,0.5304347826086957,8
1670,0.3956521739130435,0.09109707321633463,0.23782608695652174,0.4260869565217391,0.4782608695652174,8
1671,0.4043478260869565,0.07314175583156836,0.2734782608695652,0.408695652173913,0.4956521739130435,8
1672,0.34347826086956523,0.1085215997769451,0.18869565217391304,0.34782608695652173,0.5008695652173913,8
1673,0.45,0.0747712327039993,0.3278260869565217,0.46956521739130436,0.5560869565217391,8
1674,0.31956521739130433,0.09854806049254901,0.17130434782608694,0.33913043478260874,0.4404347826086957,8
1675,0.3173913043478261,0.07518094115561123,0.17217391304347826,0.33043478260869563,0.391304347826087,8
1676,0.3782608695652174,0.09355406431021746,0.2643478260869565,0.3565217391304348,0.5582608695652174,8
1677,0.48043478260869565,0.06236516646861326,0.4117391304347826,0.4608695652173913,0.5826086956521739,8
1678,0.3543478260869566,0.09621867815795969,0.23478260869565218,0.3739130434782609,0.5121739130434784,8
1679,0.35434782608695653,0.0617559683101817,0.28695652173913044,0.34782608695652173,0.46608695652173915,8
1680,0.4217391304347826,0.12041202107935851,0.22956521739130434,0.4608695652173913,0.5591304347826087,8
1681,0.35434782608695653,0.05320538369791486,0.28695652173913044,0.34782608695652173,0.44869565217391305,8
1682,0.3652173913043478,0.08739022279235557,0.2408695652173913,0.391304347826087,0.4978260869565218,8
1683,0.41304347826086957,0.10569778940124537,0.24391304347826087,0.4434782608695652,0.5530434782608695,8
1684,0.3739130434782609,0.0956521739130435,0.2234782608695652,0.3739130434782609,0.5069565217391305,8
1685,0.3804347826086957,0.09322513757561551,0.22652173913043477,0.4,0.5039130434782609,8
1686,0.47173913043478266,0.07823067050194166,0.35956521739130437,0.5043478260869565,0.5847826086956521,8
1687,0.408695652173913,0.0536036000258172,0.3565217391304348,0.3826086956521739,0.5039130434782609,8
1688,0.4217391304347826,0.13742157068938354,0.1691304347826087,0.4608695652173913,0.5960869565217392,8
1689,0.39565217391304347,0.15378034072893385,0.2008695652173913,0.3391304347826087,0.6317391304347826,8
1690,0.40869565217391307,0.06270523957328678,0.3247826086956522,0.4173913043478261,0.4782608695652174,8
1691,0.3456521739130435,0.11920895539874082,0.2234782608695652,0.31304347826086953,0.5891304347826087,8
1692,0.4760869565217391,0.11285519436884704,0.30521739130434783,0.4608695652173913,0.6656521739130435,8
1693,0.358695652173913,0.07602481934802484,0.25521739130434784,0.3391304347826087,0.45782608695652177,8
1694,0.4152173913043478,0.0589367030944607,0.3278260869565217,0.4173913043478261,0.49260869565217397,8
1695,0.3652173913043478,0.09405785935993016,0.22956521739130434,0.34782608695652173,0.5069565217391305,8
1696,0.33913043478260874,0.09683068457095691,0.20304347826086958,0.3391304347826087,0.5060869565217392,8
1697,0.558695652173913,0.06618842325060142,0.44956521739130434,0.5565217391304347,0.6347826086956522,8
1698,0.3804347826086957,0.09873969521022405,0.2008695652173913,0.391304347826087,0.5069565217391305,8
1699,0.45434782608695645,0.059574737417585746,0.3973913043478261,0.43478260869565216,0.578695652173913,8
1700,0.37173913043478257,0.07502362576842347,0.26130434782608697,0.3739130434782608,0.45782608695652177,8
1701,0.46304347826086956,0.053911290294074994,0.38,0.45217391304347826,0.5304347826086957,8
1702,0.45652173913043476,0.09943127500895019,0.3217391304347826,0.4434782608695652,0.5795652173913043,8
1703,0.34347826086956523,0.08419529013494385,0.20391304347826086,0.33043478260869563,0.4804347826086957,8
1704,0.5195652173913043,0.08779487176655944,0.35739130434782607,0.5391304347826087,0.6286956521739131,8
1705,0.36086956521739133,0.13266214175993354,0.2,0.3652173913043478,0.5273913043478261,8
1706,0.5,0.12473033293722655,0.3,0.4782608695652174,0.7004347826086957,8
1707,0.4108695652173914,0.11583101569354107,0.18956521739130433,0.4260869565217391,0.5273913043478261,8
1708,0.4152173913043478,0.09443394186510205,0.29304347826086957,0.4,0.5734782608695652,8
1709,0.49782608695652175,0.0789522599884125,0.391304347826087,0.5043478260869565,0.611304347826087,8
1710,0.3369565217391304,0.0867116116312136,0.20304347826086958,0.3565217391304348,0.4260869565217391,8
1711,0.43478260869565216,0.12779946484086147,0.17608695652173914,0.45217391304347826,0.5591304347826087,8
1712,0.37826086956521743,0.07104406364507912,0.278695652173913,0.3652173913043478,0.5008695652173913,8
1713,0.4043478260869565,0.15254612863346811,0.2234782608695652,0.3652173913043478,0.6656521739130435,8
1714,0.3804347826086957,0.0747712327039993,0.23869565217391303,0.408695652173913,0.45782608695652177,8
1715,0.3913043478260869,0.11135868239013649,0.2408695652173913,0.3739130434782609,0.5530434782608695,8
1716,0.2630434782608696,0.11631958453627605,0.1108695652173913,0.25217391304347825,0.46826086956521745,8
1717,0.3326086956521739,0.0851719044528684,0.2008695652173913,0.31304347826086953,0.4773913043478261,8
1718,0.34347826086956523,0.08099102613129198,0.23782608695652174,0.3652173913043478,0.4547826086956522,8
1719,0.4152173913043478,0.11468292773139113,0.1791304347826087,0.4434782608695652,0.51,8
1720,0.44565217391304346,0.15296378854132417,0.22434782608695653,0.4,0.6665217391304348,8
1721,0.35,0.0667571849251482,0.2408695652173913,0.3652173913043478,0.4260869565217391,8
1722,0.4434782608695652,0.13216247090061445,0.2234782608695652,0.5043478260869565,0.5795652173913043,8
1723,0.26956521739130435,0.09284415871331575,0.14782608695652175,0.2782608695652174,0.40260869565217394,8
1724,0.2717391304347826,0.09621867815795969,0.15391304347826087,0.2608695652173913,0.4539130434782609,8
1725,0.408695652173913,0.09161438045958906,0.29304347826086957,0.4,0.5273913043478261,8
1726,0.3826086956521739,0.09643944788182102,0.2326086956521739,0.3739130434782609,0.5356521739130434,8
1727,0.4608695652173913,0.09202613255876838,0.3278260869565217,0.4608695652173913,0.6021739130434782,8
1728,0.3652173913043478,0.12927016302016092,0.13434782608695653,0.3826086956521739,0.5273913043478261,8
1729,0.3739130434782609,0.060869565217391314,0.2817391304347826,0.3739130434782609,0.4804347826086957,8
1730,0.3826086956521739,0.09365504012407833,0.27260869565217394,0.3565217391304348,0.5530434782608695,8
1731,0.4,0.12601197170599512,0.2008695652173913,0.4,0.5591304347826087,8
1732,0.26956521739130435,0.08952721861727828,0.1426086956521739,0.26956521739130435,0.43347826086956526,8
1733,0.4347826086956521,0.12690886538544716,0.26130434782608697,0.4173913043478261,0.611304347826087,8
1734,0.41521739130434776,0.07966731392090737,0.3217391304347826,0.4173913043478261,0.538695652173913,8
1735,0.37173913043478257,0.08714653153403237,0.22652173913043477,0.3739130434782609,0.5008695652173913,8
1736,0.391304347826087,0.04682752006203916,0.31043478260869567,0.4,0.4434782608695652,8
1737,0.33043478260869563,0.08430747578115355,0.18565217391304348,0.3739130434782609,0.40565217391304353,8
1738,0.4347826086956522,0.08608256466618837,0.2991304347826087,0.4434782608695652,0.5478260869565217,8
1739,0.408695652173913,0.07064381221422575,0.2991304347826087,0.40869565217391307,0.51,8
1740,0.4326086956521739,0.06020601053967927,0.3308695652173913,0.43478260869565216,0.51,8
1741,0.3739130434782609,0.07010658911563956,0.2582608695652174,0.3826086956521739,0.45782608695652177,8
1742,0.4739130434782609,0.09026321518272475,0.3565217391304348,0.48695652173913045,0.611304347826087,8
1743,0.40652173913043477,0.08084501731211763,0.29304347826086957,0.408695652173913,0.5130434782608696,8
1744,0.31521739130434784,0.09075924237020913,0.18869565217391304,0.32173913043478264,0.4230434782608696,8
1745,0.3043478260869565,0.08249419983047945,0.17739130434782607,0.30434782608695654,0.43130434782608695,8
1746,0.391304347826087,0.10325514858293842,0.2234782608695652,0.4,0.5243478260869566,8
1747,0.5,0.07416835699666079,0.36869565217391304,0.5130434782608696,0.5939130434782609,8
1748,0.4,0.04170288281141495,0.3565217391304348,0.3826086956521739,0.4721739130434783,8
1749,0.35652173913043483,0.10065945132861066,0.22652173913043477,0.33913043478260874,0.521304347826087,8
1750,0.43260869565217386,0.09758424211940625,0.2960869565217391,0.45217391304347826,0.5765217391304348,8
1751,0.43260869565217397,0.09403273371253118,0.3073913043478261,0.45217391304347826,0.5591304347826087,8
1752,0.4717391304347826,0.10323226148333707,0.3134782608695652,0.4956521739130435,0.6082608695652174,8
1753,0.39565217391304347,0.10425720702853737,0.29000000000000004,0.3565217391304348,0.5704347826086956,8
1754,0.4260869565217391,0.08385783270428657,0.3073913043478261,0.4260869565217391,0.5417391304347826,8
1755,0.38913043478260867,0.10341521645448955,0.22652173913043477,0.3826086956521739,0.5243478260869566,8
1756,0.3847826086956522,0.08605511049082386,0.25521739130434784,0.3739130434782609,0.5039130434782609,8
1757,0.3760869565217392,0.12763295080944084,0.19782608695652174,0.3565217391304348,0.5960869565217392,8
1758,0.3847826086956522,0.03246344461536539,0.3391304347826087,0.3826086956521739,0.4260869565217391,8
1759,0.45869565217391306,0.07246014483695198,0.3739130434782609,0.4260869565217391,0.5621739130434782,8
1760,0.3826086956521739,0.10362065467663466,0.2408695652173913,0.3739130434782609,0.5273913043478261,8
1761,0.42826086956521736,0.11615695658602213,0.26130434782608697,0.4260869565217391,0.5795652173913043,8
1762,0.4434782608695652,0.10755927719002592,0.27260869565217394,0.45217391304347826,0.5652173913043478,8
1763,0.44565217391304346,0.0930221430231942,0.3195652173913044,0.4260869565217391,0.5969565217391304,8
1764,0.42391304347826086,0.08494966818513011,0.27260869565217394,0.4608695652173913,0.49260869565217397,8
1765,0.3586956521739131,0.07750236291293865,0.21,0.3652173913043478,0.4547826086956522,8
1766,0.4434782608695652,0.10542917959114904,0.30434782608695654,0.4434782608695652,0.6165217391304348,8
1767,0.4217391304347826,0.12890406156846604,0.2326086956521739,0.4173913043478261,0.6534782608695653,8
1768,0.44782608695652176,0.1188317423366648,0.3073913043478261,0.4608695652173913,0.6565217391304349,8
1769,0.3804347826086957,0.08014047213550766,0.25521739130434784,0.391304347826087,0.4978260869565218,8
1770,0.43695652173913047,0.08154347536309155,0.3073913043478261,0.46956521739130436,0.5273913043478261,8
1771,0.30434782608695654,0.10860866084171128,0.13130434782608696,0.31304347826086953,0.4886956521739131,8
1772,0.3934782608695652,0.11116754500474432,0.22956521739130434,0.4,0.5704347826086956,8
1773,0.46304347826086956,0.06114070048010971,0.37695652173913047,0.46956521739130436,0.5591304347826087,8
1774,0.31956521739130433,0.05597562256340754,0.2234782608695652,0.33043478260869563,0.38826086956521744,8
1775,0.4717391304347826,0.04677703215510872,0.3973913043478261,0.4782608695652174,0.5417391304347826,8
1776,0.45217391304347826,0.07378505542816147,0.35130434782608694,0.43478260869565216,0.5765217391304348,8
1777,0.3521739130434783,0.11690721443259786,0.12913043478260872,0.3739130434782609,0.4978260869565218,8
1778,0.41956521739130437,0.09719603872220939,0.25,0.4347826086956522,0.5273913043478261,8
1779,0.43695652173913047,0.10997078147775424,0.23347826086956525,0.4260869565217391,0.5621739130434782,8
1780,0.42391304347826086,0.07349626741033465,0.31043478260869567,0.4434782608695652,0.5243478260869566,8
1781,0.3869565217391304,0.07104406364507909,0.29000000000000004,0.3826086956521739,0.4782608695652174,8
1782,0.43260869565217397,0.07774589018368551,0.3134782608695652,0.4608695652173913,0.5273913043478261,8
1783,0.4,0.07777627747825357,0.30434782608695654,0.40869565217391307,0.51,8
1784,0.4630434782608696,0.061140700480109736,0.35434782608695653,0.46956521739130436,0.5304347826086957,8
1785,0.41521739130434787,0.13041666540844038,0.17521739130434782,0.43478260869565216,0.5621739130434782,8
1786,0.4478260869565217,0.10990630138925685,0.27043478260869563,0.4608695652173913,0.5795652173913043,8
1787,0.48043478260869565,0.056647018351284294,0.3634782608695652,0.4956521739130435,0.5304347826086957,8
1788,0.3195652173913044,0.12372220239245389,0.08826086956521739,0.3391304347826087,0.4721739130434783,8
1789,0.39565217391304347,0.06255432421712241,0.3421739130434783,0.3739130434782609,0.5265217391304348,8
1790,0.4652173913043478,0.11395949932244483,0.27260869565217394,0.5043478260869565,0.5795652173913043,8
1791,0.3565217391304348,0.0860825646661884,0.2234782608695652,0.391304347826087,0.45782608695652177,8
1792,0.4652173913043478,0.12563637631999905,0.3073913043478261,0.4608695652173913,0.6830434782608696,8
1793,0.40217391304347827,0.0851719044528684,0.29304347826086957,0.3826086956521739,0.5499999999999999,8
1794,0.40652173913043477,0.06647341239748111,0.28782608695652173,0.408695652173913,0.4895652173913044,8
1795,0.40652173913043477,0.06532599652746401,0.3217391304347826,0.391304347826087,0.49260869565217397,8
1796,0.4369565217391304,0.10893452014232652,0.2847826086956522,0.4173913043478261,0.6278260869565218,8
1797,0.3978260869565218,0.07676714601308512,0.27260869565217394,0.4173913043478261,0.5008695652173913,8
1798,0.4304347826086956,0.06888251964241243,0.3421739130434783,0.43478260869565216,0.5417391304347826,8
1799,0.4847826086956522,0.11302257331787789,0.3021739130434783,0.49565217391304345,0.6173913043478261,8
1800,0.47608695652173916,0.1215643154783984,0.3021739130434783,0.48695652173913045,0.6656521739130435,8
1801,0.4304347826086956,0.07957828355531793,0.3021739130434783,0.4434782608695652,0.5530434782608695,8
1802,0.4152173913043478,0.08154347536309153,0.2991304347826087,0.4,0.5447826086956521,8
1803,0.47173913043478266,0.0838296499332993,0.3482608695652174,0.4782608695652174,0.6134782608695653,8
1804,0.47826086956521735,0.08564224175474872,0.3626086956521739,0.4608695652173913,0.5969565217391304,8
1805,0.3739130434782608,0.10177999922364891,0.19478260869565217,0.4260869565217391,0.47521739130434787,8
1806,0.4173913043478261,0.0948583662142236,0.2756521739130435,0.40869565217391307,0.5417391304347826,8
1807,0.3608695652173913,0.09109707321633463,0.23782608695652174,0.3826086956521739,0.48652173913043484,8
1808,0.4347826086956522,0.13885842976235924,0.24391304347826087,0.4347826086956522,0.6656521739130435,8
1809,0.38913043478260867,0.12822401828746635,0.13217391304347828,0.4173913043478261,0.5243478260869566,8
1810,0.44782608695652176,0.051992438013484354,0.37695652173913047,0.45217391304347826,0.5273913043478261,8
1811,0.408695652173913,0.11203564110195761,0.26956521739130435,0.408695652173913,0.5704347826086956,8
1812,0.3326086956521739,0.11167651773079412,0.16521739130434782,0.3565217391304348,0.4947826086956522,8
1813,0.4217391304347826,0.1335143698502964,0.28695652173913044,0.3826086956521739,0.6369565217391304,8
1814,0.4347826086956522,0.05430433042085564,0.3452173913043478,0.4434782608695652,0.4956521739130435,8
1815,0.3326086956521739,0.09362980637981752,0.20608695652173914,0.34782608695652173,0.5000000000000001,8
1816,0.44130434782608696,0.10341521645448953,0.27260869565217394,0.4782608695652174,0.5591304347826087,8
1817,0.3913043478260869,0.07223151185146152,0.25,0.40869565217391307,0.4721739130434783,8
1818,0.4043478260869565,0.067215760146697,0.3247826086956522,0.391304347826087,0.4956521739130435,8
1819,0.44565217391304346,0.15517232325863412,0.21521739130434783,0.4173913043478261,0.6860869565217392,8
1820,0.5130434782608695,0.048415342285478426,0.42086956521739133,0.5304347826086957,0.5621739130434782,8
1821,0.47608695652173916,0.07140899002459496,0.35956521739130437,0.4956521739130435,0.5621739130434782,8
1822,0.37826086956521743,0.04412561550040096,0.31043478260869567,0.3826086956521739,0.45173913043478264,8
1823,0.3326086956521739,0.06843511408129214,0.23782608695652174,0.33043478260869563,0.44869565217391305,8
1824,0.3565217391304348,0.06679257172059658,0.24391304347826087,0.3652173913043478,0.4260869565217391,8
1825,0.3673913043478261,0.16428512721660066,0.11391304347826088,0.3739130434782609,0.6082608695652174,8
1826,0.38913043478260867,0.11905027452254842,0.29000000000000004,0.3217391304347826,0.6186956521739131,8
1827,0.3826086956521739,0.07117698062497783,0.23869565217391303,0.4,0.45782608695652177,8
1828,0.32608695652173914,0.10131461041505255,0.14565217391304347,0.3391304347826087,0.4404347826086957,8
1829,0.42391304347826086,0.10341521645448953,0.3073913043478261,0.4,0.6165217391304348,8
1830,0.4478260869565217,0.06721576014669697,0.3739130434782609,0.4260869565217391,0.5621739130434782,8
1831,0.41304347826086957,0.1235119366203634,0.24695652173913044,0.4,0.6021739130434782,8
1832,0.3282608695652174,0.06561473162081118,0.23782608695652174,0.33043478260869563,0.43434782608695655,8
1833,0.3869565217391304,0.11723016315402403,0.22652173913043477,0.3739130434782609,0.5817391304347826,8
1834,0.32608695652173914,0.08814406492484039,0.16304347826086957,0.3391304347826087,0.4373913043478261,8
1835,0.3239130434782609,0.09893095872158916,0.18565217391304348,0.30434782608695654,0.45782608695652177,8
1836,0.48478260869565215,0.08907739673281685,0.37695652173913047,0.45217391304347826,0.611304347826087,8
1837,0.3760869565217392,0.13228756555322954,0.12304347826086956,0.40869565217391307,0.51,8
1838,0.40652173913043477,0.08843845916003475,0.2673913043478261,0.4173913043478261,0.538695652173913,8
1839,0.45434782608695656,0.04677703215510874,0.3830434782608696,0.4434782608695652,0.5243478260869566,8
1840,0.3739130434782609,0.12956229935435948,0.21217391304347827,0.34782608695652173,0.6104347826086957,8
1841,0.45000000000000007,0.056312321073863573,0.35130434782608694,0.45217391304347826,0.5243478260869566,8
1842,0.4260869565217391,0.05635426694267706,0.3308695652173913,0.4260869565217391,0.5069565217391305,8
1843,0.46304347826086956,0.09931238070000364,0.27652173913043476,0.4782608695652174,0.5908695652173913,8
1844,0.3934782608695652,0.11048526747454837,0.24391304347826087,0.3739130434782609,0.5930434782608696,8
1845,0.408695652173913,0.07275304578557179,0.2960869565217391,0.408695652173913,0.521304347826087,8
1846,0.4260869565217391,0.06389973242043075,0.3278260869565217,0.4434782608695652,0.5069565217391305,8
1847,0.43043478260869567,0.08942158174436143,0.2991304347826087,0.4260869565217391,0.5560869565217391,8
1848,0.3847826086956522,0.04914197632807529,0.3247826086956522,0.3739130434782609,0.4721739130434783,8
1849,0.3695652173913043,0.12623679253006934,0.2,0.3826086956521739,0.538695652173913,8
1850,0.4260869565217391,0.13386786363774478,0.18956521739130433,0.4260869565217391,0.5795652173913043,8
1851,0.4108695652173913,0.05529607539989959,0.3278260869565217,0.4260869565217391,0.47521739130434787,8
1852,0.408695652173913,0.11304347826086956,0.25217391304347825,0.4,0.5591304347826087,8
1853,0.4652173913043478,0.06942921488117962,0.34304347826086956,0.4608695652173913,0.5704347826086956,8
1854,0.3282608695652174,0.11952568516427194,0.18869565217391304,0.29565217391304344,0.5378260869565218,8
1855,0.3739130434782609,0.08519964322724098,0.25521739130434784,0.391304347826087,0.5008695652173913,8
1856,0.36086956521739133,0.10782258058814997,0.2234782608695652,0.33043478260869563,0.5130434782608696,8
1857,0.3847826086956522,0.07725806801702981,0.30434782608695654,0.3739130434782609,0.5378260869565218,8
1858,0.34782608695652173,0.12389397259804355,0.1743478260869565,0.33043478260869563,0.51,8
1859,0.408695652173913,0.157484958924129,0.1743478260869565,0.4,0.6543478260869565,8
1860,0.4108695652173913,0.05529607539989959,0.3247826086956522,0.4173913043478261,0.4895652173913044,8
1861,0.2934782608695652,0.13271556634432344,0.04826086956521739,0.2956521739130435,0.45782608695652177,8
1862,0.31304347826086953,0.1103354568734741,0.13652173913043478,0.3565217391304348,0.4373913043478261,8
1863,0.3804347826086957,0.11133746110697286,0.19565217391304346,0.3826086956521739,0.5695652173913044,8
1864,0.4434782608695652,0.07429568474189158,0.3308695652173913,0.4608695652173913,0.5417391304347826,8
1865,0.4043478260869565,0.05342698142367178,0.3421739130434783,0.3826086956521739,0.49260869565217397,8
1866,0.3934782608695652,0.072460144836952,0.278695652173913,0.4260869565217391,0.47521739130434787,8
1867,0.44565217391304346,0.07400888926325741,0.3134782608695652,0.4608695652173913,0.5304347826086957,8
1868,0.36086956521739133,0.09789852390606699,0.17217391304347826,0.4,0.45782608695652177,8
1869,0.4391304347826087,0.05945562752685802,0.3226086956521739,0.45217391304347826,0.5069565217391305,8
1870,0.3760869565217391,0.05028275437487121,0.31043478260869567,0.3652173913043478,0.45782608695652177,8
1871,0.3869565217391305,0.07814000328526709,0.29000000000000004,0.391304347826087,0.51,8
1872,0.41086956521739126,0.08928935990396891,0.2530434782608696,0.4260869565217391,0.521304347826087,8
1873,0.358695652173913,0.11517636677347484,0.1373913043478261,0.4,0.48652173913043484,8
1874,0.4043478260869565,0.1401457518372713,0.21739130434782608,0.4434782608695652,0.5878260869565217,8
1875,0.3695652173913043,0.1064107673958297,0.2008695652173913,0.3652173913043478,0.538695652173913,8
1876,0.41956521739130437,0.12387489878181196,0.23782608695652174,0.4347826086956522,0.6104347826086957,8
1877,0.45217391304347826,0.05961438782957429,0.37695652173913047,0.45217391304347826,0.5643478260869565,8
1878,0.4130434782608695,0.07667474821107997,0.3565217391304348,0.3739130434782609,0.5726086956521739,8
1879,0.35434782608695653,0.0799042432586483,0.26956521739130435,0.3391304347826087,0.5008695652173913,8
1880,0.4043478260869565,0.09435884527917698,0.26130434782608697,0.45217391304347826,0.51,8
1881,0.3108695652173913,0.062061314885305204,0.23782608695652174,0.29565217391304344,0.41695652173913045,8
1882,0.41086956521739126,0.09969234337215739,0.23869565217391303,0.4173913043478261,0.5560869565217391,8
1883,0.4,0.09325048082403138,0.25521739130434784,0.4173913043478261,0.51,8
1884,0.508695652173913,0.10242799121208475,0.3717391304347826,0.46956521739130436,0.6747826086956522,8
1885,0.42608695652173917,0.11304347826086956,0.2756521739130435,0.408695652173913,0.6021739130434782,8
1886,0.3695652173913043,0.06492688923073078,0.29000000000000004,0.34782608695652173,0.45782608695652177,8
1887,0.37173913043478257,0.09503257823649737,0.25521739130434784,0.3565217391304348,0.5069565217391305,8
1888,0.2782608695652174,0.06148754619013457,0.20304347826086958,0.26956521739130435,0.3934782608695653,8
1889,0.37826086956521743,0.10569778940124538,0.23478260869565218,0.3652173913043478,0.5304347826086957,8
1890,0.27391304347826084,0.0631558219405824,0.20608695652173914,0.25217391304347825,0.3965217391304348,8
1891,0.3586956521739131,0.08714653153403236,0.21217391304347827,0.3826086956521739,0.45782608695652177,8
1892,0.4326086956521739,0.06953124170312815,0.33391304347826084,0.4260869565217391,0.5499999999999999,8
1893,0.4260869565217391,0.050703929520393924,0.35956521739130437,0.4173913043478261,0.5182608695652174,8
1894,0.4260869565217391,0.10860866084171127,0.2756521739130435,0.4347826086956522,0.5960869565217392,8
1895,0.4,0.046827520062039156,0.3134782608695652,0.40869565217391307,0.45782608695652177,8
1896,0.3934782608695652,0.0617559683101817,0.2847826086956522,0.4,0.4721739130434783,8
1897,0.4130434782608696,0.07862235356532664,0.29000000000000004,0.4173913043478261,0.5243478260869566,8
1898,0.37173913043478257,0.11082693127418163,0.23478260869565218,0.3565217391304348,0.5304347826086957,8
1899,0.3326086956521739,0.06618842325060142,0.25521739130434784,0.31304347826086953,0.4404347826086957,8
1900,0.4326086956521739,0.08107850521291964,0.3021739130434783,0.4260869565217391,0.5417391304347826,8
1901,0.3239130434782609,0.11777313104853511,0.1743478260869565,0.2956521739130435,0.5408695652173913,8
1902,0.40652173913043477,0.07451798478696786,0.31043478260869567,0.391304347826087,0.5439130434782609,8
1903,0.31956521739130433,0.07701299819094935,0.1834782608695652,0.3391304347826087,0.41695652173913045,8
1904,0.43043478260869567,0.08191932035398596,0.3195652173913044,0.408695652173913,0.5817391304347826,8
1905,0.3847826086956522,0.06561473162081119,0.29304347826086957,0.3826086956521739,0.4978260869565218,8
1906,0.3586956521739131,0.08928935990396891,0.1782608695652174,0.3739130434782609,0.4434782608695652,8
1907,0.4260869565217391,0.05635426694267706,0.3482608695652174,0.4173913043478261,0.5130434782608696,8
1908,0.34782608695652173,0.06448868249648403,0.2408695652173913,0.3565217391304348,0.4373913043478261,8
1909,0.43043478260869567,0.1005655087497424,0.3073913043478261,0.4173913043478261,0.5795652173913043,8
1910,0.3826086956521739,0.1208038607778244,0.2582608695652174,0.34782608695652173,0.6217391304347827,8
1911,0.5152173913043478,0.05731054924549594,0.43521739130434783,0.5130434782608696,0.6195652173913043,8
1912,0.4826086956521739,0.09594815865527787,0.35956521739130437,0.4956521739130435,0.6173913043478261,8
1913,0.3760869565217392,0.14379083212307558,0.18869565217391304,0.35652173913043483,0.5734782608695652,8
1914,0.4043478260869565,0.06721576014669699,0.3073913043478261,0.4,0.49260869565217397,8
1915,0.3456521739130435,0.06732114159653053,0.2582608695652174,0.33043478260869563,0.4404347826086957,8
1916,0.3760869565217391,0.07701299819094937,0.26130434782608697,0.3652173913043478,0.4895652173913044,8
1917,0.30217391304347824,0.10558595169200774,0.1282608695652174,0.29565217391304344,0.4404347826086957,8
1918,0.4347826086956521,0.11437344728666006,0.2643478260869565,0.4608695652173913,0.5765217391304348,8
1919,0.42391304347826086,0.07652050394260017,0.2991304347826087,0.4260869565217391,0.5469565217391305,8
1920,0.4304347826086956,0.13960516833045497,0.16695652173913045,0.45217391304347826,0.6165217391304348,8
1921,0.4043478260869565,0.06550660510138855,0.28782608695652173,0.40869565217391307,0.49260869565217397,8
1922,0.38913043478260867,0.09013222800707775,0.23565217391304347,0.391304347826087,0.521304347826087,8
1923,0.4326086956521739,0.07114377466066771,0.2960869565217391,0.4782608695652174,0.4782608695652174,8
1924,0.4130434782608695,0.10242799121208475,0.30434782608695654,0.3913043478260869,0.6043478260869566,8
1925,0.27608695652173915,0.0767671460130851,0.18565217391304348,0.26956521739130435,0.4078260869565217,8
1926,0.3956521739130435,0.05342698142367177,0.3021739130434783,0.391304347826087,0.4608695652173913,8
1927,0.3847826086956522,0.13214459056894898,0.18652173913043477,0.3565217391304348,0.5621739130434782,8
1928,0.4173913043478261,0.12419875527900609,0.16999999999999998,0.4608695652173913,0.5304347826086957,8
1929,0.4347826086956522,0.066224113964034,0.3278260869565217,0.43478260869565216,0.5273913043478261,8
1930,0.45217391304347826,0.13358514344119318,0.27043478260869563,0.4173913043478261,0.6665217391304348,8
1931,0.3456521739130435,0.0324634446153654,0.29304347826086957,0.34782608695652173,0.3995652173913044,8
1932,0.33695652173913043,0.059891205712851794,0.2582608695652174,0.3217391304347826,0.4230434782608696,8
1933,0.4478260869565217,0.06665091181198214,0.31434782608695655,0.45217391304347826,0.5130434782608696,8
1934,0.30869565217391304,0.12563637631999905,0.12217391304347826,0.3565217391304348,0.4547826086956522,8
1935,0.3891304347826087,0.1337089070841894,0.16304347826086957,0.4347826086956522,0.5417391304347826,8
1936,0.4391304347826087,0.12919702572264022,0.2643478260869565,0.4,0.6256521739130435,8
1937,0.45869565217391306,0.0552960753998996,0.3626086956521739,0.4782608695652174,0.5273913043478261,8
1938,0.37173913043478257,0.1008236402200455,0.19565217391304346,0.3739130434782609,0.521304347826087,8
1939,0.39999999999999997,0.12017630400943699,0.25521739130434784,0.3652173913043478,0.5908695652173913,8
1940,0.341304347826087,0.08177496901653925,0.21521739130434783,0.3391304347826087,0.4721739130434783,8
1941,0.4434782608695652,0.1079102056173118,0.2591304347826087,0.4434782608695652,0.5878260869565217,8
1942,0.3695652173913043,0.12948932705943852,0.15478260869565216,0.3565217391304348,0.5560869565217391,8
1943,0.4,0.1079102056173118,0.26130434782608697,0.3739130434782608,0.5560869565217391,8
1944,0.31956521739130433,0.11251968951832639,0.20304347826086958,0.2782608695652174,0.5182608695652174,8
1945,0.3760869565217392,0.1190502745225484,0.22043478260869565,0.3565217391304348,0.5560869565217391,8
1946,0.41956521739130437,0.06561473162081116,0.3391304347826087,0.408695652173913,0.5326086956521738,8
1947,0.3565217391304348,0.06507230237867724,0.29000000000000004,0.33043478260869563,0.4608695652173913,8
1948,0.5,0.07210053892076956,0.4117391304347826,0.4956521739130435,0.6339130434782609,8
1949,0.4217391304347826,0.07210053892076956,0.3452173913043478,0.4,0.5643478260869565,8
1950,0.4391304347826087,0.07262301342821767,0.3195652173913044,0.4434782608695652,0.5417391304347826,8
1951,0.41086956521739126,0.06356605007484108,0.3073913043478261,0.4173913043478261,0.49260869565217397,8
1952,0.4108695652173913,0.13815897256900564,0.22434782608695653,0.3739130434782609,0.662608695652174,8
1953,0.4152173913043478,0.07527517257904691,0.3247826086956522,0.408695652173913,0.51,8
1954,0.4173913043478261,0.10542917959114904,0.22434782608695653,0.4260869565217391,0.5530434782608695,8
1955,0.3760869565217392,0.11251968951832639,0.22043478260869565,0.3826086956521739,0.5273913043478261,8
1956,0.3239130434782609,0.09055071999851534,0.20608695652173914,0.31304347826086953,0.46608695652173915,8
1957,0.3869565217391304,0.10056550874974242,0.1926086956521739,0.4173913043478261,0.5039130434782609,8
1958,0.3804347826086957,0.05957473741758575,0.2643478260869565,0.391304347826087,0.4404347826086957,8
1959,0.3739130434782609,0.09914568913905547,0.22652173913043477,0.3826086956521739,0.5326086956521738,8
1960,0.3173913043478261,0.10817265482282373,0.12304347826086956,0.33043478260869563,0.4773913043478261,8
1961,0.44999999999999996,0.07426387327190748,0.35956521739130437,0.43478260869565216,0.5765217391304348,8
1962,0.4347826086956522,0.0960466175407588,0.2991304347826087,0.4434782608695652,0.5960869565217392,8
1963,0.4260869565217391,0.12631164388116478,0.2234782608695652,0.45217391304347826,0.5908695652173913,8
1964,0.3108695652173913,0.13413237261654218,0.04826086956521739,0.34782608695652173,0.4547826086956522,8
1965,0.44130434782608696,0.12554230189548618,0.25,0.4173913043478261,0.6256521739130435,8
1966,0.4347826086956522,0.1208038607778244,0.2756521739130435,0.43478260869565216,0.6452173913043479,8
1967,0.3869565217391304,0.08857195124984073,0.25521739130434784,0.408695652173913,0.4782608695652174,8
1968,0.42391304347826086,0.09542958290281725,0.3278260869565217,0.3739130434782609,0.5991304347826087,8
1969,0.3826086956521739,0.0924360505455187,0.23782608695652174,0.40869565217391307,0.5152173913043478,8
1970,0.36086956521739133,0.11462109849099189,0.21521739130434783,0.3391304347826087,0.5808695652173913,8
1971,0.4695652173913043,0.09683068457095691,0.3278260869565217,0.4608695652173913,0.611304347826087,8
1972,0.44999999999999996,0.09158858449104738,0.3278260869565217,0.4260869565217391,0.5969565217391304,8
1973,0.33695652173913043,0.1471692568783723,0.11695652173913043,0.33043478260869563,0.5560869565217391,8
1974,0.25217391304347825,0.09683068457095691,0.1108695652173913,0.2434782608695652,0.40260869565217394,8
1975,0.37826086956521743,0.08145649563128347,0.29000000000000004,0.34782608695652173,0.521304347826087,8
1976,0.3630434782608696,0.08107850521291964,0.2326086956521739,0.3565217391304348,0.48347826086956525,8
1977,0.39565217391304347,0.09981078507173041,0.22652173913043477,0.4173913043478261,0.4956521739130435,8
1978,0.46739130434782605,0.045131607591362366,0.4117391304347826,0.4608695652173913,0.5530434782608695,8
1979,0.31739130434782603,0.09109707321633462,0.16608695652173913,0.3391304347826087,0.4404347826086957,8
1980,0.4434782608695652,0.06791521457310135,0.33391304347826084,0.45217391304347826,0.5530434782608695,8
1981,0.35,0.08517190445286842,0.2008695652173913,0.3652173913043478,0.4773913043478261,8
1982,0.3695652173913043,0.06492688923073078,0.29000000000000004,0.34782608695652173,0.48347826086956525,8
1983,0.3369565217391304,0.09055071999851534,0.20304347826086958,0.33043478260869563,0.4547826086956522,8
1984,0.4260869565217391,0.07480282840906631,0.3073913043478261,0.43478260869565216,0.5356521739130434,8
1985,0.40217391304347827,0.0777458901836855,0.3073913043478261,0.4173913043478261,0.5408695652173913,8
1986,0.3695652173913043,0.12503307690911655,0.22043478260869565,0.3652173913043478,0.5417391304347826,8
1987,0.35,0.07919132869603038,0.25521739130434784,0.34782608695652173,0.4917391304347827,8
1988,0.39565217391304347,0.08508863387296055,0.31043478260869567,0.3652173913043478,0.5695652173913044,8
1989,0.4391304347826087,0.09151115295586604,0.3217391304347826,0.4434782608695652,0.5960869565217392,8
1990,0.4173913043478261,0.09760845356801585,0.278695652173913,0.4260869565217391,0.59,8
1991,0.29565217391304344,0.08385783270428657,0.14565217391304347,0.30434782608695654,0.391304347826087,8
1992,0.4521739130434782,0.0882512310008019,0.37695652173913047,0.4,0.6195652173913043,8
1993,0.4347826086956522,0.061487546190134586,0.33391304347826084,0.4347826086956522,0.5243478260869566,8
1994,0.45,0.1024971759489242,0.2847826086956522,0.48695652173913045,0.5765217391304348,8
1995,0.3826086956521739,0.10028315299713736,0.20391304347826086,0.43478260869565216,0.4895652173913044,8
1996,0.2891304347826087,0.13788505116434333,0.08739130434782609,0.29565217391304344,0.4978260869565218,8
1997,0.43043478260869567,0.05482400092573255,0.3739130434782609,0.4173913043478261,0.5326086956521738,8
1998,0.41956521739130437,0.08154347536309155,0.2991304347826087,0.408695652173913,0.5273913043478261,8
1999,0.3347826086956522,0.1433464480159525,0.05739130434782609,0.34782608695652173,0.5039130434782609,8
2000,0.3695652173913044,0.09981078507173043,0.22652173913043477,0.3652173913043478,0.521304347826087,8
2001,0.5239130434782608,0.09641494287624645,0.3973913043478261,0.5043478260869565,0.6665217391304348,8
2002,0.4739130434782609,0.03558849031248893,0.4291304347826087,0.46956521739130436,0.5130434782608696,8
2003,0.42826086956521736,0.051764699564307216,0.33391304347826084,0.43478260869565216,0.49260869565217397,8
2004,0.458695652173913,0.08714653153403237,0.3391304347826087,0.46956521739130436,0.5734782608695652,8
2005,0.42826086956521736,0.09055071999851534,0.31043478260869567,0.4260869565217391,0.5447826086956521,8
2006,0.47608695652173916,0.04875578585218652,0.40869565217391307,0.48695652173913045,0.5447826086956521,8
2007,0.45000000000000007,0.07627306431673407,0.3308695652173913,0.45217391304347826,0.5704347826086956,8
2008,0.3565217391304348,0.06846963368705922,0.22130434782608696,0.3652173913043478,0.4373913043478261,8
2009,0.40217391304347827,0.11631958453627604,0.21521739130434783,0.408695652173913,0.5817391304347826,8
2010,0.34782608695652173,0.0787424794620645,0.2234782608695652,0.34782608695652173,0.4547826086956522,8
2011,0.34130434782608693,0.11517636677347483,0.20304347826086958,0.3565217391304348,0.4895652173913044,8
2012,0.35,0.043423879033561257,0.29000000000000004,0.34782608695652173,0.42,8
2013,0.40652173913043477,0.07552588159147919,0.2673913043478261,0.4173913043478261,0.5069565217391305,8
2014,0.44999999999999996,0.12718784762008759,0.2960869565217391,0.4,0.6143478260869565,8
2015,0.3869565217391304,0.08641133441022517,0.30434782608695654,0.34782608695652173,0.5356521739130434,8
2016,0.3978260869565218,0.09200045204129924,0.26130434782608697,0.4,0.538695652173913,8
2017,0.4543478260869565,0.07007287591863563,0.35956521739130437,0.4608695652173913,0.5704347826086956,8
2018,0.3804347826086956,0.1185729577677795,0.1782608695652174,0.391304347826087,0.5695652173913044,8
2019,0.40217391304347827,0.07527517257904688,0.3247826086956522,0.3826086956521739,0.5439130434782609,8
2020,0.3152173913043478,0.07577576112144946,0.22043478260869565,0.33043478260869563,0.43130434782608695,8
2021,0.3673913043478261,0.08154347536309153,0.22956521739130434,0.3739130434782609,0.47521739130434787,8
2022,0.341304347826087,0.11936742533297692,0.11173913043478262,0.3565217391304348,0.48347826086956525,8
2023,0.2804347826086957,0.07725806801702984,0.16,0.2956521739130435,0.38826086956521744,8
2024,0.3021739130434783,0.13056153261823303,0.13652173913043478,0.2782608695652174,0.48652173913043484,8
2025,0.45869565217391306,0.11014254383385566,0.29304347826086957,0.4782608695652174,0.6,8
2026,0.3956521739130435,0.08419529013494384,0.2273913043478261,0.40869565217391307,0.4895652173913044,8
2027,0.4217391304347826,0.08145649563128345,0.3165217391304348,0.4,0.578695652173913,8
2028,0.3652173913043478,0.08295123490582136,0.2182608695652174,0.391304347826087,0.4804347826086957,8
2029,0.44999999999999996,0.0777458901836855,0.3565217391304348,0.45217391304347826,0.5765217391304348,8
2030,0.341304347826087,0.08800992382607462,0.23782608695652174,0.3391304347826087,0.4978260869565218,8
2031,0.41304347826086957,0.10242799121208473,0.2273913043478261,0.40869565217391307,0.5643478260869565,8
2032,0.5108695652173914,0.1041438223217694,0.38,0.4956521739130435,0.7086956521739131,8
2033,0.33913043478260874,0.11437344728666005,0.12608695652173912,0.3739130434782609,0.48347826086956525,8
2034,0.34782608695652173,0.05635426694267705,0.25,0.3565217391304348,0.43434782608695655,8
2035,0.33043478260869563,0.08249419983047945,0.20304347826086958,0.34782608695652173,0.4260869565217391,8
2036,0.4608695652173913,0.05217391304347825,0.4117391304347826,0.4434782608695652,0.567391304347826,8
2037,0.49565217391304345,0.0806401608303974,0.3656521739130435,0.4956521739130435,0.5969565217391304,8
2038,0.44130434782608696,0.1004479569751993,0.278695652173913,0.4608695652173913,0.5652173913043478,8
2039,0.35000000000000003,0.08822445168566533,0.2234782608695652,0.3652173913043478,0.48652173913043484,8
2040,0.4608695652173913,0.07580693814853344,0.37695652173913047,0.4260869565217391,0.5795652173913043,8
2041,0.4391304347826087,0.10817265482282372,0.2960869565217391,0.4434782608695652,0.5765217391304348,8
2042,0.3826086956521739,0.06679257172059659,0.29000000000000004,0.3826086956521739,0.47521739130434787,8
2043,0.4239130434782609,0.08714653153403237,0.30434782608695654,0.4260869565217391,0.5273913043478261,8
2044,0.49782608695652175,0.08360384575230177,0.3626086956521739,0.5043478260869565,0.611304347826087,8
2045,0.4521739130434782,0.05499613322031964,0.391304347826087,0.4260869565217391,0.5417391304347826,8
2046,0.48043478260869565,0.15197191562257883,0.3073913043478261,0.4695652173913043,0.6808695652173914,8
2047,0.3869565217391304,0.08419529013494385,0.2582608695652174,0.4,0.5069565217391305,8
2048,0.4717391304347826,0.09950254340300702,0.3391304347826087,0.46956521739130436,0.6082608695652174,8
2049,0.4717391304347826,0.06326796613415324,0.3830434782608696,0.4608695652173913,0.5652173913043478,8
2050,0.37391304347826093,0.061487546190134565,0.29000000000000004,0.3652173913043478,0.4608695652173913,8
2051,0.4260869565217391,0.0960466175407588,0.26130434782608697,0.4608695652173913,0.5130434782608696,8
2052,0.3717391304347826,0.10841267512862332,0.2582608695652174,0.3217391304347826,0.561304347826087,8
2053,0.3456521739130435,0.1136896249129816,0.17739130434782607,0.3652173913043478,0.5069565217391305,8
2054,0.43478260869565216,0.12235867199539381,0.2643478260869565,0.4,0.6226086956521739,8
2055,0.38913043478260867,0.11968373572609395,0.15565217391304348,0.4,0.5439130434782609,8
2056,0.40652173913043477,0.10876085001173033,0.2756521739130435,0.3826086956521739,0.5878260869565217,8
2057,0.3347826086956522,0.09905031086864799,0.22043478260869565,0.33043478260869563,0.4978260869565218,8
2058,0.3739130434782608,0.07170618479335063,0.2817391304347826,0.3565217391304348,0.5121739130434784,8
2059,0.4152173913043478,0.06843511408129214,0.2734782608695652,0.43478260869565216,0.47521739130434787,8
2060,0.3934782608695652,0.06175596831018171,0.31043478260869567,0.3826086956521739,0.49260869565217397,8
2061,0.49565217391304345,0.07378505542816147,0.3973913043478261,0.48695652173913045,0.6195652173913043,8
2062,0.3543478260869566,0.13567377197069502,0.15695652173913044,0.3652173913043478,0.5304347826086957,8
2063,0.3326086956521739,0.08561464638050094,0.18869565217391304,0.34782608695652173,0.4260869565217391,8
2064,0.4347826086956522,0.085199643227241,0.27652173913043476,0.45217391304347826,0.5273913043478261,8
2065,0.3217391304347826,0.07922116155777652,0.19478260869565217,0.3217391304347826,0.4230434782608696,8
2066,0.3586956521739131,0.07942967785410918,0.20695652173913043,0.3652173913043478,0.4547826086956522,8
2067,0.34347826086956523,0.09233374165910999,0.23478260869565218,0.3391304347826087,0.5204347826086957,8
2068,0.41956521739130437,0.10063597390524093,0.24478260869565216,0.40869565217391307,0.5704347826086956,8
2069,0.41956521739130437,0.07323861099096965,0.3278260869565217,0.408695652173913,0.5273913043478261,8
2070,0.30434782608695654,0.1153608622732313,0.12608695652173912,0.30434782608695654,0.5113043478260869,8
2071,0.4369565217391304,0.041646182740582655,0.37695652173913047,0.43478260869565216,0.5069565217391305,8
2072,0.44565217391304346,0.09542958290281726,0.2817391304347826,0.4782608695652174,0.5447826086956521,8
2073,0.44130434782608696,0.08223600138859886,0.3278260869565217,0.4434782608695652,0.5704347826086956,8
2074,0.4608695652173913,0.09914568913905546,0.30521739130434783,0.4434782608695652,0.6082608695652174,8
2075,0.358695652173913,0.0831503978213273,0.22652173913043477,0.3652173913043478,0.45782608695652177,8
2076,0.4565217391304348,0.07568215298056179,0.3308695652173913,0.4608695652173913,0.5704347826086956,8
2077,0.41956521739130437,0.09034171632687024,0.2643478260869565,0.4434782608695652,0.5243478260869566,8
2078,0.34347826086956523,0.09026321518272476,0.22043478260869565,0.34782608695652173,0.45782608695652177,8
2079,0.3804347826086957,0.08605511049082387,0.26130434782608697,0.3739130434782609,0.5182608695652174,8
2080,0.4,0.06901959941907627,0.29000000000000004,0.4173913043478261,0.47521739130434787,8
2081,0.45434782608695656,0.11133746110697283,0.26217391304347826,0.4434782608695652,0.5939130434782609,8
2082,0.4717391304347826,0.09797090729777175,0.33391304347826084,0.4782608695652174,0.6452173913043479,8
2083,0.4782608695652174,0.08519964322724095,0.3256521739130435,0.4782608695652174,0.5795652173913043,8
2084,0.3695652173913043,0.08857195124984071,0.22130434782608696,0.3652173913043478,0.5008695652173913,8
2085,0.3869565217391304,0.10131461041505258,0.2234782608695652,0.4260869565217391,0.5182608695652174,8
2086,0.45,0.13157113696846967,0.2756521739130435,0.4260869565217391,0.6573913043478261,8
2087,0.38913043478260867,0.037338182689821024,0.3278260869565217,0.391304347826087,0.4404347826086957,8
2088,0.4717391304347826,0.11984157784641497,0.3247826086956522,0.48695652173913045,0.6604347826086957,8
2089,0.3804347826086957,0.07114377466066771,0.2756521739130435,0.3739130434782609,0.47521739130434787,8
2090,0.41304347826086957,0.08942158174436146,0.29000000000000004,0.4434782608695652,0.51,8
2091,0.39347826086956517,0.10594341679140178,0.25521739130434784,0.3652173913043478,0.5447826086956521,8
2092,0.3847826086956522,0.10893452014232652,0.1926086956521739,0.391304347826087,0.538695652173913,8
2093,0.4260869565217391,0.034782608695652174,0.37695652173913047,0.4260869565217391,0.48652173913043484,8
2094,0.4,0.06448868249648404,0.3278260869565217,0.3739130434782609,0.51,8
2095,0.41956521739130437,0.09873969521022405,0.25217391304347825,0.4608695652173913,0.51,8
2096,0.3456521739130435,0.12983558018816618,0.11782608695652175,0.34782608695652173,0.5521739130434783,8
2097,0.3847826086956522,0.13938495740791687,0.2234782608695652,0.33043478260869563,0.6052173913043478,8
2098,0.35434782608695653,0.05796648533031906,0.28695652173913044,0.34782608695652173,0.4373913043478261,8
2099,0.5173913043478261,0.08771409131231311,0.40347826086956523,0.4956521739130435,0.6830434782608696,8
2100,0.37173913043478257,0.13788505116434333,0.12000000000000001,0.4,0.5417391304347826,8
2101,0.4326086956521739,0.1232629782811725,0.31043478260869567,0.3565217391304348,0.6482608695652174,8
2102,0.39565217391304347,0.07765465695431198,0.278695652173913,0.408695652173913,0.5152173913043478,8
2103,0.44130434782608696,0.0849496681851301,0.26217391304347826,0.4782608695652174,0.51,8
2104,0.27826086956521745,0.09120076940610014,0.12521739130434784,0.30434782608695654,0.40260869565217394,8
2105,0.391304347826087,0.0711769806249778,0.30434782608695654,0.391304347826087,0.5234782608695652,8
2106,0.4173913043478261,0.09078527399052652,0.3073913043478261,0.408695652173913,0.5417391304347826,8
2107,0.43478260869565216,0.06622411396403399,0.30521739130434783,0.45217391304347826,0.51,8
2108,0.408695652173913,0.06679257172059658,0.3278260869565217,0.4,0.5408695652173913,8
2109,0.3782608695652174,0.09866787580791492,0.26956521739130435,0.3739130434782609,0.5439130434782609,8
2110,0.42391304347826086,0.10157083814107536,0.3073913043478261,0.391304347826087,0.6052173913043478,8
2111,0.32173913043478264,0.07630403815123585,0.2408695652173913,0.30434782608695654,0.4743478260869566,8
2112,0.44565217391304346,0.11116754500474432,0.24782608695652175,0.4521739130434783,0.5991304347826087,8
2113,0.42391304347826086,0.0789522599884125,0.3452173913043478,0.4,0.5817391304347826,8
2114,0.408695652173913,0.09876362340522216,0.25,0.408695652173913,0.5417391304347826,8
2115,0.3717391304347826,0.09854806049254904,0.25217391304347825,0.3391304347826087,0.521304347826087,8
2116,0.3869565217391304,0.09634139046156669,0.2673913043478261,0.3565217391304348,0.5726086956521739,8
2117,0.35,0.08292274401200285,0.2408695652173913,0.3565217391304348,0.4947826086956522,8
2118,0.31521739130434784,0.11031403875100239,0.13434782608695653,0.3391304347826087,0.4886956521739131,8
2119,0.29130434782608694,0.10569778940124538,0.1108695652173913,0.2956521739130435,0.40869565217391307,8
2120,0.4260869565217391,0.10755927719002592,0.2191304347826087,0.4260869565217391,0.5560869565217391,8
2121,0.31521739130434784,0.04072824781564173,0.26956521739130435,0.30434782608695654,0.38521739130434784,8
2122,0.2630434782608696,0.09680627860092313,0.13043478260869565,0.26956521739130435,0.40260869565217394,8
2123,0.3717391304347826,0.11777313104853512,0.23478260869565218,0.3826086956521739,0.5273913043478261,8
2124,0.4434782608695652,0.11986129349643673,0.3391304347826087,0.4173913043478261,0.6821739130434783,8
2125,0.3326086956521739,0.11984157784641496,0.1691304347826087,0.30434782608695654,0.5469565217391305,8
2126,0.4043478260869565,0.12772548540494244,0.2234782608695652,0.408695652173913,0.5795652173913043,8
2127,0.38913043478260867,0.07349626741033465,0.28695652173913044,0.4,0.4895652173913044,8
2128,0.34782608695652173,0.08952721861727828,0.21217391304347827,0.3565217391304348,0.48652173913043484,8
2129,0.45434782608695656,0.132144590568949,0.29000000000000004,0.4608695652173913,0.673913043478261,8
2130,0.3826086956521739,0.07777627747825355,0.30434782608695654,0.3565217391304348,0.49260869565217397,8
2131,0.41304347826086957,0.08237954487607137,0.29000000000000004,0.4173913043478261,0.5356521739130434,8
2132,0.38913043478260867,0.0784719375990437,0.2643478260869565,0.4,0.4895652173913044,8
2133,0.3739130434782609,0.07679792057676389,0.2756521739130435,0.3565217391304348,0.5069565217391305,8
2134,0.2543478260869565,0.06114070048010971,0.15391304347826087,0.26956521739130435,0.3217391304347826,8
2135,0.4673913043478261,0.08107850521291962,0.35956521739130437,0.4782608695652174,0.5795652173913043,8
2136,0.408695652173913,0.10964800185146514,0.22652173913043477,0.40869565217391307,0.5560869565217391,8
2137,0.4260869565217391,0.08825123100080191,0.29304347826086957,0.45217391304347826,0.538695652173913,8
2138,0.4173913043478261,0.09365504012407834,0.3391304347826087,0.391304347826087,0.6043478260869566,8
2139,0.3739130434782608,0.11601447012283769,0.23478260869565218,0.3826086956521739,0.5243478260869566,8
2140,0.4434782608695652,0.10964800185146516,0.3217391304347826,0.4260869565217391,0.6421739130434783,8
2141,0.3282608695652174,0.11599410062568782,0.20304347826086958,0.2782608695652174,0.49260869565217397,8
2142,0.4391304347826087,0.12802114664639527,0.25,0.4608695652173913,0.6143478260869565,8
2143,0.5478260869565217,0.07969696860792765,0.4156521739130435,0.5478260869565217,0.6830434782608696,8
2144,0.43695652173913047,0.1548064222033037,0.25521739130434784,0.4260869565217391,0.6943478260869566,8
2145,0.42391304347826086,0.11968373572609395,0.2756521739130435,0.3913043478260869,0.6226086956521739,8
2146,0.35652173913043483,0.1358304291462027,0.1508695652173913,0.3652173913043478,0.5243478260869566,8
2147,0.44782608695652176,0.08857195124984071,0.35956521739130437,0.4173913043478261,0.6021739130434782,8
2148,0.35,0.10823816769134435,0.21521739130434783,0.31304347826086953,0.5469565217391305,8
2149,0.3869565217391305,0.0994312750089502,0.25217391304347825,0.3826086956521739,0.5304347826086957,8
2150,0.3869565217391304,0.07210053892076956,0.30434782608695654,0.4,0.5008695652173913,8
2151,0.3782608695652174,0.10533949077900621,0.21217391304347827,0.3739130434782609,0.5469565217391305,8
2152,0.35434782608695653,0.08405484751817915,0.27260869565217394,0.31304347826086953,0.49260869565217397,8
2153,0.4717391304347826,0.09281870452264866,0.29695652173913045,0.4782608695652174,0.5795652173913043,8
2154,0.3826086956521739,0.05702120455914783,0.2817391304347826,0.391304347826087,0.45782608695652177,8
2155,0.3956521739130435,0.10956176668134048,0.19565217391304346,0.4173913043478261,0.521304347826087,8
2156,0.41521739130434787,0.06953124170312816,0.29304347826086957,0.45217391304347826,0.4782608695652174,8
2157,0.391304347826087,0.07170618479335061,0.30434782608695654,0.4173913043478261,0.4895652173913044,8
2158,0.3673913043478261,0.060830732954927046,0.29000000000000004,0.3739130434782609,0.45782608695652177,8
2159,0.4608695652173913,0.06209937763950304,0.391304347826087,0.4434782608695652,0.5704347826086956,8
2160,0.3282608695652174,0.10753730613940553,0.14869565217391303,0.3652173913043478,0.4260869565217391,8
2161,0.2891304347826087,0.09661080888386511,0.16826086956521738,0.2608695652173913,0.45173913043478264,8
2162,0.41304347826086957,0.10747136603746325,0.23869565217391303,0.4173913043478261,0.5817391304347826,8
2163,0.3456521739130435,0.0851719044528684,0.2234782608695652,0.3652173913043478,0.4404347826086957,8
2164,0.41956521739130437,0.0869293435788357,0.278695652173913,0.4347826086956522,0.5273913043478261,8
2165,0.3543478260869565,0.03416572531630808,0.3073913043478261,0.3565217391304348,0.40565217391304353,8
2166,0.508695652173913,0.06550660510138855,0.43217391304347824,0.4956521739130435,0.6339130434782609,8
2167,0.4652173913043478,0.10497996928390986,0.2991304347826087,0.4956521739130435,0.5826086956521739,8
2168,0.42391304347826086,0.10806337844901365,0.3073913043478261,0.408695652173913,0.6247826086956522,8
2169,0.3760869565217391,0.07140899002459497,0.2756521739130435,0.3739130434782609,0.4978260869565218,8
2170,0.4543478260869565,0.07426387327190749,0.3565217391304348,0.4608695652173913,0.5817391304347826,8
2171,0.3934782608695652,0.11648198543146794,0.21521739130434783,0.3826086956521739,0.5447826086956521,8
2172,0.33695652173913043,0.06590220170097442,0.25521739130434784,0.31304347826086953,0.4404347826086957,8
2173,0.2739130434782609,0.11262464214772712,0.12521739130434784,0.2434782608695652,0.4630434782608696,8
2174,0.3934782608695652,0.08671161163121362,0.2582608695652174,0.408695652173913,0.49260869565217397,8
2175,0.4152173913043478,0.06266754480608512,0.3308695652173913,0.391304347826087,0.5069565217391305,8
2176,0.3673913043478261,0.12015664004726505,0.15478260869565216,0.408695652173913,0.49260869565217397,8
2177,0.41086956521739126,0.11082693127418161,0.2582608695652174,0.4173913043478261,0.5960869565217392,8
2178,0.3043478260869565,0.10140785904078783,0.16521739130434782,0.2956521739130435,0.4547826086956522,8
2179,0.3695652173913043,0.09274230003348495,0.25521739130434784,0.3565217391304348,0.5356521739130434,8
2180,0.41956521739130437,0.11920895539874082,0.29000000000000004,0.4173913043478261,0.6360869565217392,8
2181,0.33695652173913043,0.05796648533031906,0.27260869565217394,0.3217391304347826,0.44869565217391305,8
2182,0.4108695652173914,0.0853935623539233,0.29304347826086957,0.408695652173913,0.5304347826086957,8
2183,0.27608695652173915,0.13884141175509362,0.01347826086956522,0.31304347826086953,0.4569565217391305,8
2184,0.4304347826086956,0.08641133441022517,0.31043478260869567,0.43478260869565216,0.5621739130434782,8
2185,0.3673913043478261,0.07219879089311136,0.26130434782608697,0.3739130434782609,0.45782608695652177,8
2186,0.35434782608695653,0.11451797557448631,0.1917391304347826,0.3565217391304348,0.5273913043478261,8
2187,0.4217391304347826,0.0607140871468215,0.3247826086956522,0.43478260869565216,0.5069565217391305,8
2188,0.3847826086956522,0.06898535501140188,0.2960869565217391,0.3652173913043478,0.4956521739130435,8
2189,0.49130434782608695,0.05412999825212491,0.4147826086956522,0.4956521739130435,0.5765217391304348,8
2190,0.3652173913043478,0.07630403815123585,0.27260869565217394,0.34782608695652173,0.48652173913043484,8
2191,0.48478260869565215,0.0787124651749203,0.38,0.46956521739130436,0.5939130434782609,8
2192,0.4043478260869565,0.09395731645641003,0.2756521739130435,0.4,0.5499999999999999,8
2193,0.3760869565217391,0.09893095872158918,0.1926086956521739,0.3826086956521739,0.5069565217391305,8
2194,0.3978260869565217,0.1169678352375183,0.2326086956521739,0.3652173913043478,0.5621739130434782,8
2195,0.3913043478260869,0.10103434816193262,0.20695652173913043,0.408695652173913,0.4956521739130435,8
2196,0.41086956521739126,0.09013222800707771,0.31043478260869567,0.391304347826087,0.5621739130434782,8
2197,0.3282608695652174,0.06898535501140186,0.23782608695652174,0.33043478260869563,0.4260869565217391,8
2198,0.391304347826087,0.052173913043478265,0.3247826086956522,0.3826086956521739,0.47521739130434787,8
2199,0.44999999999999996,0.08649333158294677,0.37695652173913047,0.40869565217391307,0.6195652173913043,8
2200,0.5108695652173914,0.0867116116312136,0.3378260869565218,0.5217391304347827,0.611304347826087,8
2201,0.3978260869565218,0.06206131488530521,0.2847826086956522,0.408695652173913,0.47521739130434787,8
2202,0.32391304347826083,0.09383148632568364,0.15478260869565216,0.33043478260869563,0.4404347826086957,8
2203,0.33043478260869563,0.09990543733109616,0.1917391304347826,0.32173913043478264,0.4608695652173913,8
2204,0.4608695652173913,0.060245245480656594,0.40869565217391307,0.4260869565217391,0.5591304347826087,8
2205,0.43695652173913047,0.0886519500178421,0.2991304347826087,0.4434782608695652,0.5817391304347826,8
2206,0.4043478260869565,0.06997163886709165,0.3278260869565217,0.391304347826087,0.5408695652173913,8
2207,0.3630434782608696,0.06732114159653053,0.2326086956521739,0.3826086956521739,0.4373913043478261,8
2208,0.4,0.0924360505455187,0.2582608695652174,0.408695652173913,0.521304347826087,8
2209,0.3630434782608696,0.08605511049082386,0.2408695652173913,0.3652173913043478,0.4895652173913044,8
2210,0.32608695652173914,0.06133363469419949,0.26956521739130435,0.31304347826086953,0.4260869565217391,8
2211,0.4195652173913043,0.07007287591863565,0.3134782608695652,0.43478260869565216,0.521304347826087,8
2212,0.4478260869565217,0.08052286598892232,0.3195652173913044,0.4434782608695652,0.5734782608695652,8
2213,0.48043478260869565,0.09463390808556049,0.3626086956521739,0.46956521739130436,0.6173913043478261,8
2214,0.43695652173913047,0.09873969521022403,0.3247826086956522,0.4260869565217391,0.6247826086956522,8
2215,0.4391304347826087,0.12713210014968213,0.3165217391304348,0.4,0.7047826086956522,8
2216,0.3521739130434783,0.13065199305492797,0.16826086956521738,0.3652173913043478,0.561304347826087,8
2217,0.32608695652173914,0.10131461041505258,0.16,0.33913043478260874,0.46608695652173915,8
2218,0.3760869565217391,0.08843845916003476,0.24391304347826087,0.3652173913043478,0.5152173913043478,8
2219,0.4326086956521739,0.1116765177307941,0.27260869565217394,0.4260869565217391,0.5939130434782609,8
2220,0.29130434782608694,0.04147561745291068,0.23478260869565218,0.2956521739130435,0.35347826086956524,8
2221,0.3326086956521739,0.04342387903356125,0.29000000000000004,0.31304347826086953,0.41695652173913045,8
2222,0.38913043478260867,0.05320538369791487,0.29304347826086957,0.40869565217391307,0.4547826086956522,8
2223,0.3847826086956522,0.11335658977811905,0.19478260869565217,0.40869565217391307,0.5356521739130434,8
2224,0.39565217391304347,0.08329236548116528,0.278695652173913,0.391304347826087,0.5439130434782609,8
2225,0.3282608695652174,0.10504747328999627,0.17739130434782607,0.31304347826086953,0.4895652173913044,8
2226,0.38913043478260867,0.18577737352588902,0.14869565217391303,0.34782608695652173,0.6808695652173914,8
2227,0.42391304347826086,0.10736137586839778,0.28695652173913044,0.408695652173913,0.5908695652173913,8
2228,0.3760869565217392,0.04952515543432398,0.3073913043478261,0.3739130434782609,0.4404347826086957,8
2229,0.37826086956521743,0.06942921488117962,0.26130434782608697,0.3826086956521739,0.4721739130434783,8
2230,0.41521739130434787,0.1232629782811725,0.2091304347826087,0.43478260869565216,0.5704347826086956,8
2231,0.36086956521739133,0.1337972395950358,0.2408695652173913,0.31304347826086953,0.6382608695652174,8
2232,0.43043478260869567,0.09475867268566682,0.2643478260869565,0.4434782608695652,0.5643478260869565,8
2233,0.37173913043478257,0.07798865702022652,0.28695652173913044,0.3565217391304348,0.4956521739130435,8
2234,0.3956521739130435,0.09712307784212468,0.2530434782608696,0.3826086956521739,0.5643478260869565,8
2235,0.38913043478260867,0.08494966818513011,0.2756521739130435,0.3739130434782609,0.5243478260869566,8
2236,0.408695652173913,0.11270853388535408,0.24391304347826087,0.4347826086956522,0.5560869565217391,8
2237,0.3934782608695652,0.07140899002459497,0.25608695652173913,0.4173913043478261,0.48347826086956525,8
2238,0.4152173913043478,0.08292274401200282,0.26217391304347826,0.4260869565217391,0.5326086956521738,8
2239,0.49565217391304345,0.0869565217391304,0.33173913043478265,0.5130434782608695,0.5939130434782609,8
2240,0.5130434782608695,0.0684696336870592,0.4004347826086957,0.5217391304347826,0.5969565217391304,8
2241,0.3630434782608696,0.0903417163268702,0.23565217391304347,0.3391304347826087,0.5295652173913044,8
2242,0.4565217391304348,0.07716625804042979,0.3452173913043478,0.4608695652173913,0.5591304347826087,8
2243,0.4152173913043478,0.09075924237020913,0.2817391304347826,0.391304347826087,0.5560869565217391,8
2244,0.3347826086956522,0.1482729817824342,0.10869565217391305,0.2956521739130435,0.5817391304347826,8
2245,0.3978260869565217,0.08649333158294678,0.29000000000000004,0.408695652173913,0.5439130434782609,8
2246,0.5,0.10131461041505258,0.34304347826086956,0.4956521739130435,0.6769565217391305,8
2247,0.3,0.13576082605213907,0.14782608695652175,0.2782608695652174,0.5265217391304348,8
2248,0.3869565217391304,0.1126246421477271,0.21217391304347827,0.408695652173913,0.5356521739130434,8
2249,0.3782608695652174,0.09192336744289555,0.21521739130434783,0.391304347826087,0.49260869565217397,8
2250,0.3456521739130435,0.1085869021194972,0.17739130434782607,0.3652173913043478,0.5008695652173913,8
2251,0.46304347826086956,0.04118977243803568,0.4117391304347826,0.45217391304347826,0.538695652173913,8
2252,0.42391304347826086,0.0740088892632574,0.3452173913043478,0.4173913043478261,0.5726086956521739,8
2253,0.3652173913043478,0.09799502321377954,0.16999999999999998,0.3826086956521739,0.4804347826086957,8
2254,0.3630434782608696,0.10962644941846057,0.19782608695652174,0.3826086956521739,0.5408695652173913,8
2255,0.3826086956521739,0.11470353007193844,0.20304347826086958,0.408695652173913,0.51,8
2256,0.42826086956521736,0.09220569591499345,0.29000000000000004,0.4434782608695652,0.567391304347826,8
2257,0.3891304347826087,0.05861508157701202,0.3421739130434783,0.3652173913043478,0.5121739130434784,8
2258,0.3695652173913043,0.1457008354792699,0.17739130434782607,0.3565217391304348,0.5969565217391304,8
2259,0.4673913043478261,0.0626675448060851,0.3656521739130435,0.46956521739130436,0.5478260869565217,8
2260,0.4543478260869565,0.13128347084247174,0.27260869565217394,0.43478260869565216,0.6686956521739131,8
2261,0.4217391304347826,0.07910176260287069,0.3217391304347826,0.4173913043478261,0.5273913043478261,8
2262,0.3826086956521739,0.08652064670492347,0.24695652173913044,0.40869565217391307,0.5008695652173913,8
2263,0.3978260869565218,0.05829168555561707,0.3278260869565217,0.3826086956521739,0.5039130434782609,8
2264,0.3913043478260869,0.10470951807645475,0.22956521739130434,0.43478260869565216,0.521304347826087,8
2265,0.37173913043478257,0.09383148632568362,0.28695652173913044,0.33043478260869563,0.5356521739130434,8
2266,0.27608695652173915,0.09835605239881408,0.11608695652173913,0.32173913043478264,0.3739130434782609,8
2267,0.408695652173913,0.08157244799692923,0.2673913043478261,0.4,0.51,8
2268,0.4043478260869565,0.060088152004718495,0.31043478260869567,0.4260869565217391,0.48652173913043484,8
2269,0.3391304347826087,0.10288834405390636,0.1691304347826087,0.3391304347826087,0.4721739130434783,8
2270,0.35,0.06561473162081118,0.22652173913043477,0.3739130434782609,0.42,8
2271,0.3847826086956522,0.09912185317546084,0.2582608695652174,0.3739130434782609,0.5499999999999999,8
2272,0.40652173913043477,0.08627449927384534,0.30434782608695654,0.391304347826087,0.5560869565217391,8
2273,0.35652173913043483,0.10398487602696868,0.23478260869565218,0.3826086956521739,0.5152173913043478,8
2274,0.45,0.0851719044528684,0.35956521739130437,0.4173913043478261,0.6021739130434782,8
2275,0.45217391304347826,0.11101865508524962,0.2673913043478261,0.46956521739130436,0.6165217391304348,8
2276,0.4043478260869565,0.06550660510138853,0.30434782608695654,0.4173913043478261,0.5008695652173913,8
2277,0.3934782608695652,0.04118977243803569,0.3278260869565217,0.391304347826087,0.4434782608695652,8
2278,0.44130434782608696,0.10119792880267289,0.2817391304347826,0.4521739130434783,0.5847826086956521,8
2279,0.3978260869565217,0.10962644941846059,0.24695652173913044,0.3739130434782609,0.578695652173913,8
2280,0.3739130434782609,0.08385783270428657,0.25521739130434784,0.40869565217391307,0.4721739130434783,8
2281,0.4391304347826087,0.07667474821107999,0.3421739130434783,0.4434782608695652,0.5417391304347826,8
2282,0.2934782608695652,0.11435278547684703,0.1334782608695652,0.33043478260869563,0.43434782608695655,8
2283,0.3804347826086957,0.06445203078423302,0.278695652173913,0.3826086956521739,0.4721739130434783,8
2284,0.408695652173913,0.13216247090061448,0.25217391304347825,0.3739130434782608,0.5826086956521739,8
2285,0.28043478260869564,0.11566770082106981,0.08434782608695653,0.3217391304347826,0.40260869565217394,8
2286,0.358695652173913,0.10736137586839781,0.21739130434782608,0.391304347826087,0.5008695652173913,8
2287,0.3630434782608696,0.13965593692477413,0.10043478260869565,0.3826086956521739,0.5130434782608696,8
2288,0.40652173913043477,0.07502362576842349,0.3217391304347826,0.391304347826087,0.5130434782608696,8
2289,0.41304347826086957,0.10605487754478667,0.21304347826086956,0.45217391304347826,0.538695652173913,8
2290,0.43913043478260866,0.12166146590985409,0.2643478260869565,0.4173913043478261,0.5826086956521739,8
2291,0.28695652173913044,0.058332208108690164,0.20608695652173914,0.26956521739130435,0.37086956521739134,8
2292,0.4108695652173913,0.12249377901722439,0.25521739130434784,0.40869565217391307,0.5826086956521739,8
2293,0.3195652173913044,0.11517636677347483,0.20304347826086958,0.29565217391304344,0.5491304347826087,8
2294,0.4695652173913043,0.1075592771900259,0.2847826086956522,0.5217391304347827,0.5795652173913043,8
2295,0.45652173913043476,0.11978241142570356,0.2508695652173913,0.45217391304347826,0.6369565217391304,8
2296,0.3869565217391305,0.09151115295586605,0.26956521739130435,0.40869565217391307,0.49260869565217397,8
2297,0.36086956521739133,0.11195124512681508,0.18652173913043477,0.34782608695652173,0.5273913043478261,8
2298,0.4717391304347826,0.0842794433694788,0.3226086956521739,0.4782608695652174,0.5765217391304348,8
2299,0.4,0.1465417351856758,0.14869565217391303,0.4173913043478261,0.5795652173913043,8
2300,0.3630434782608696,0.09602201228416425,0.1834782608695652,0.3826086956521739,0.48652173913043484,8
2301,0.3282608695652174,0.10359784832559875,0.22043478260869565,0.30434782608695654,0.5121739130434784,8
2302,0.3108695652173913,0.10504747328999625,0.16608695652173913,0.2782608695652174,0.48652173913043484,8
2303,0.43260869565217397,0.0952312874513457,0.27956521739130435,0.4173913043478261,0.5960869565217392,8
2304,0.4521739130434782,0.11135868239013649,0.31043478260869567,0.4434782608695652,0.6339130434782609,8
2305,0.3869565217391304,0.08771409131231311,0.2756521739130435,0.3652173913043478,0.5243478260869566,8
2306,0.43695652173913047,0.0833774300468048,0.2908695652173913,0.4347826086956522,0.5530434782608695,8
2307,0.42826086956521736,0.07750236291293866,0.3247826086956522,0.4347826086956522,0.5273913043478261,8
2308,0.3586956521739131,0.1291055458374021,0.16826086956521738,0.391304347826087,0.521304347826087,8
2309,0.41304347826086957,0.11024975941831273,0.27260869565217394,0.4260869565217391,0.5478260869565217,8
2310,0.35434782608695653,0.09582494278493127,0.2008695652173913,0.3391304347826087,0.5039130434782609,8
2311,0.35652173913043483,0.0787424794620645,0.27260869565217394,0.32173913043478264,0.4895652173913044,8
2312,0.33260869565217394,0.07426387327190749,0.22652173913043477,0.33043478260869563,0.46,8
2313,0.2608695652173913,0.08295123490582136,0.12521739130434784,0.25217391304347825,0.37086956521739134,8
2314,0.23695652173913045,0.08084501731211763,0.12521739130434784,0.22608695652173913,0.38739130434782615,8
2315,0.3869565217391304,0.0963413904615667,0.21,0.408695652173913,0.5039130434782609,8
2316,0.4260869565217391,0.10325514858293841,0.24478260869565216,0.4347826086956522,0.5817391304347826,8
2317,0.4173913043478261,0.04919003695210766,0.3452173913043478,0.4173913043478261,0.5008695652173913,8
2318,0.43478260869565216,0.05961438782957431,0.3308695652173913,0.45217391304347826,0.4956521739130435,8
2319,0.43043478260869567,0.09314906645925455,0.31043478260869567,0.4260869565217391,0.5621739130434782,8
2320,0.3521739130434782,0.17794245156244456,0.07391304347826087,0.3652173913043478,0.6330434782608696,8
2321,0.3521739130434783,0.07862235356532664,0.27260869565217394,0.33043478260869563,0.5060869565217392,8
2322,0.3760869565217391,0.06815832785474299,0.25,0.4,0.46608695652173915,8
2323,0.42826086956521736,0.10665475280031372,0.2991304347826087,0.391304347826087,0.6195652173913043,8
2324,0.42826086956521736,0.09342769107367085,0.29000000000000004,0.4608695652173913,0.5447826086956521,8
2325,0.38913043478260867,0.07552588159147916,0.29304347826086957,0.3826086956521739,0.5265217391304348,8
2326,0.4782608695652174,0.09722034684781693,0.3626086956521739,0.4434782608695652,0.6369565217391304,8
2327,0.40869565217391307,0.08249419983047947,0.30434782608695654,0.391304347826087,0.5304347826086957,8
2328,0.3869565217391304,0.08237954487607137,0.2673913043478261,0.3739130434782609,0.5295652173913044,8
2329,0.44999999999999996,0.10432517870175502,0.3134782608695652,0.4521739130434783,0.6021739130434782,8
2330,0.358695652173913,0.0692588361829304,0.26956521739130435,0.3739130434782609,0.4404347826086957,8
2331,0.3695652173913043,0.04742918310711181,0.3073913043478261,0.3739130434782609,0.4373913043478261,8
2332,0.3282608695652174,0.07966731392090737,0.23478260869565218,0.31304347826086953,0.4547826086956522,8
2333,0.408695652173913,0.08475473343312144,0.278695652173913,0.4260869565217391,0.5130434782608696,8
2334,0.5347826086956522,0.09026321518272476,0.4147826086956522,0.5304347826086957,0.6860869565217392,8
2335,0.4260869565217391,0.06507230237867725,0.3308695652173913,0.40869565217391307,0.5243478260869566,8
2336,0.5021739130434782,0.09797090729777173,0.36869565217391304,0.48695652173913045,0.6460869565217392,8
2337,0.3934782608695652,0.13567377197069497,0.19478260869565217,0.4,0.5908695652173913,8
2338,0.41521739130434776,0.11065623124021227,0.2582608695652174,0.4173913043478261,0.5795652173913043,8
2339,0.3717391304347826,0.07451798478696788,0.27260869565217394,0.3652173913043478,0.5008695652173913,8
2340,0.47173913043478266,0.06083073295492705,0.38,0.48695652173913045,0.5560869565217391,8
2341,0.3,0.08419529013494384,0.14043478260869566,0.2956521739130435,0.40260869565217394,8
2342,0.4608695652173913,0.07010658911563956,0.3226086956521739,0.48695652173913045,0.5273913043478261,8
2343,0.4652173913043478,0.08984338399900793,0.3452173913043478,0.46956521739130436,0.5826086956521739,8
2344,0.48043478260869565,0.06815832785474296,0.3717391304347826,0.4782608695652174,0.5991304347826087,8
2345,0.43478260869565216,0.08608256466618837,0.3165217391304348,0.408695652173913,0.5652173913043478,8
2346,0.4413043478260869,0.10665475280031371,0.23347826086956525,0.45217391304347826,0.5621739130434782,8
2347,0.3869565217391304,0.12442685235873205,0.18043478260869564,0.4173913043478261,0.5530434782608695,8
2348,0.4891304347826087,0.06326796613415324,0.391304347826087,0.5043478260869565,0.5621739130434782,8
2349,0.45652173913043476,0.10605487754478668,0.3217391304347826,0.43478260869565216,0.5969565217391304,8
2350,0.2326086956521739,0.1115071182889753,0.07304347826086957,0.2434782608695652,0.3965217391304348,8
2351,0.5152173913043478,0.07298004491997614,0.37782608695652176,0.5217391304347826,0.5969565217391304,8
2352,0.45,0.07272055949425099,0.37695652173913047,0.4260869565217391,0.5930434782608696,8
2353,0.48913043478260865,0.07219879089311136,0.3717391304347826,0.48695652173913045,0.5969565217391304,8
2354,0.4521739130434783,0.027498066610159827,0.4117391304347826,0.4608695652173913,0.49260869565217397,8
2355,0.41956521739130437,0.12807650714482988,0.17521739130434782,0.4608695652173913,0.5447826086956521,8
2356,0.4043478260869565,0.09943127500895019,0.21304347826086956,0.4347826086956522,0.4956521739130435,8
2357,0.3891304347826087,0.02809314778982627,0.3452173913043478,0.3826086956521739,0.4260869565217391,8
2358,0.3760869565217391,0.0831503978213273,0.2326086956521739,0.4173913043478261,0.45782608695652177,8
2359,0.44130434782608696,0.10629967981215348,0.31043478260869567,0.4173913043478261,0.6195652173913043,8
2360,0.41956521739130437,0.058291685555617055,0.3165217391304348,0.4260869565217391,0.49260869565217397,8
2361,0.33913043478260874,0.09284415871331575,0.20608695652173914,0.3391304347826087,0.47521739130434787,8
2362,0.4369565217391304,0.10612169780399064,0.23347826086956525,0.4434782608695652,0.5734782608695652,8
2363,0.4391304347826087,0.06777590116573867,0.35956521739130437,0.4260869565217391,0.5530434782608695,8
2364,0.48260869565217385,0.10852159977694507,0.2908695652173913,0.5043478260869565,0.6226086956521739,8
2365,0.391304347826087,0.06389973242043073,0.2817391304347826,0.4,0.4608695652173913,8
2366,0.3326086956521739,0.1054067645426144,0.22043478260869565,0.31304347826086953,0.5295652173913044,8
2367,0.4391304347826087,0.07050989017489938,0.3082608695652174,0.4434782608695652,0.5130434782608696,8
2368,0.40869565217391307,0.12235867199539381,0.20391304347826086,0.4,0.5878260869565217,8
2369,0.3282608695652174,0.06788041302606955,0.25217391304347825,0.32173913043478264,0.43434782608695655,8
2370,0.48478260869565215,0.0936298063798175,0.33391304347826084,0.48695652173913045,0.5969565217391304,8
2371,0.44999999999999996,0.09873969521022405,0.2734782608695652,0.4608695652173913,0.5734782608695652,8
2372,0.4717391304347826,0.08865195001784208,0.3082608695652174,0.4956521739130435,0.5652173913043478,8
2373,0.37173913043478257,0.1267411812795514,0.21739130434782608,0.33043478260869563,0.5734782608695652,8
2374,0.4478260869565217,0.08942158174436143,0.3391304347826087,0.4434782608695652,0.5765217391304348,8
2375,0.4391304347826087,0.06721576014669697,0.3482608695652174,0.4260869565217391,0.5643478260869565,8
2376,0.4652173913043478,0.08641133441022517,0.3565217391304348,0.45217391304347826,0.5939130434782609,8
2377,0.341304347826087,0.08928935990396891,0.2091304347826087,0.33913043478260874,0.48347826086956525,8
2378,0.48043478260869565,0.1320014607240023,0.29304347826086957,0.4956521739130435,0.6747826086956522,8
2379,0.4652173913043478,0.11195124512681506,0.27652173913043476,0.46956521739130436,0.6339130434782609,8
2380,0.4565217391304348,0.11395949932244484,0.2508695652173913,0.46956521739130436,0.6195652173913043,8
2381,0.4326086956521739,0.07871246517492031,0.31043478260869567,0.4434782608695652,0.5417391304347826,8
2382,0.33695652173913043,0.10194238337124657,0.19478260869565217,0.31304347826086953,0.4782608695652174,8
2383,0.3108695652173913,0.08246555103648112,0.17739130434782607,0.32173913043478264,0.43434782608695655,8
2384,0.3847826086956522,0.09835605239881408,0.1926086956521739,0.4173913043478261,0.4782608695652174,8
2385,0.3760869565217391,0.10841267512862333,0.2234782608695652,0.4,0.5069565217391305,8
2386,0.3652173913043478,0.07429568474189158,0.23565217391304347,0.3565217391304348,0.45782608695652177,8
2387,0.4043478260869565,0.06255432421712243,0.2847826086956522,0.4173913043478261,0.47521739130434787,8
2388,0.43695652173913047,0.07823067050194167,0.28782608695652173,0.45217391304347826,0.5273913043478261,8
2389,0.3978260869565218,0.05631232107386356,0.3073913043478261,0.4,0.4721739130434783,8
2390,0.3978260869565218,0.10823816769134437,0.21521739130434783,0.4173913043478261,0.5499999999999999,8
2391,0.45869565217391306,0.10806337844901366,0.3217391304347826,0.4608695652173913,0.6452173913043479,8
2392,0.4521739130434783,0.1179535649239177,0.2817391304347826,0.4521739130434783,0.5826086956521739,8
2393,0.42391304347826086,0.12554230189548618,0.21,0.4260869565217391,0.5969565217391304,8
2394,0.3630434782608696,0.09641494287624644,0.22652173913043477,0.3739130434782609,0.5295652173913044,8
2395,0.3913043478260869,0.09876362340522217,0.23565217391304347,0.3739130434782609,0.5130434782608696,8
2396,0.3804347826086957,0.09443394186510207,0.22652173913043477,0.391304347826087,0.51,8
2397,0.43478260869565216,0.1010343481619326,0.2817391304347826,0.45217391304347826,0.5847826086956521,8
2398,0.4630434782608696,0.09261481914843823,0.29391304347826086,0.4782608695652174,0.5878260869565217,8
2399,0.41956521739130437,0.08517190445286839,0.3165217391304348,0.391304347826087,0.5734782608695652,8
2400,0.46304347826086956,0.07298004491997616,0.3452173913043478,0.46956521739130436,0.5621739130434782,8
2401,0.3934782608695652,0.13539482277408715,0.21217391304347827,0.3826086956521739,0.5991304347826087,8
2402,0.3673913043478261,0.07477123270399931,0.23565217391304347,0.3652173913043478,0.4804347826086957,8
2403,0.3826086956521739,0.05702120455914784,0.2960869565217391,0.3739130434782609,0.4721739130434783,8
2404,0.31956521739130433,0.08627449927384535,0.23478260869565218,0.29565217391304344,0.45173913043478264,8
2405,0.39565217391304347,0.1315172474978624,0.14956521739130435,0.4,0.5447826086956521,8
2406,0.29347826086956524,0.10396214957581168,0.17130434782608694,0.25217391304347825,0.4404347826086957,8
2407,0.4391304347826087,0.10242799121208475,0.31043478260869567,0.4173913043478261,0.6134782608695653,8
2408,0.4739130434782609,0.11195124512681508,0.3134782608695652,0.46956521739130436,0.6656521739130435,8
2409,0.3739130434782609,0.10288834405390639,0.26956521739130435,0.33043478260869563,0.5273913043478261,8
2410,0.41304347826086957,0.11819371494841902,0.2091304347826087,0.45217391304347826,0.5530434782608695,8
2411,0.3826086956521739,0.08952721861727826,0.2643478260869565,0.3565217391304348,0.538695652173913,8
2412,0.5152173913043478,0.10806337844901363,0.3565217391304348,0.5217391304347826,0.6491304347826087,8
2413,0.37826086956521743,0.05342698142367178,0.3073913043478261,0.3652173913043478,0.46913043478260874,8
2414,0.23695652173913045,0.08800992382607462,0.11608695652173913,0.25217391304347825,0.35347826086956524,8
2415,0.41956521739130437,0.10138455492487843,0.2817391304347826,0.4173913043478261,0.5878260869565217,8
2416,0.4173913043478261,0.10470951807645475,0.2582608695652174,0.4347826086956522,0.5417391304347826,8
2417,0.44999999999999996,0.07477123270399928,0.3195652173913044,0.48695652173913045,0.538695652173913,8
2418,0.4326086956521739,0.06788041302606955,0.33391304347826084,0.4173913043478261,0.538695652173913,8
2419,0.4260869565217391,0.1153608622732313,0.2408695652173913,0.4608695652173913,0.5734782608695652,8
2420,0.32391304347826083,0.14431573765915434,0.1191304347826087,0.31304347826086953,0.5356521739130434,8
2421,0.4260869565217391,0.04995271866554808,0.3739130434782609,0.40869565217391307,0.51,8
2422,0.4260869565217391,0.04919003695210766,0.3739130434782609,0.4173913043478261,0.5182608695652174,8
2423,0.4173913043478261,0.09036786822098491,0.29000000000000004,0.4608695652173913,0.5243478260869566,8
2424,0.46304347826086956,0.07895225998841249,0.3739130434782609,0.45217391304347826,0.5939130434782609,8
2425,0.4717391304347826,0.08992225165194101,0.3452173913043478,0.48695652173913045,0.5969565217391304,8
2426,0.45217391304347826,0.08475473343312143,0.3391304347826087,0.45217391304347826,0.5878260869565217,8
2427,0.4217391304347826,0.12009762884289682,0.21304347826086956,0.4260869565217391,0.6021739130434782,8
2428,0.4434782608695652,0.10215078369104982,0.2508695652173913,0.4608695652173913,0.5704347826086956,8
2429,0.47173913043478266,0.09719603872220937,0.28782608695652173,0.4956521739130435,0.5908695652173913,8
2430,0.4152173913043478,0.10858690211949719,0.21521739130434783,0.4434782608695652,0.5417391304347826,8
2431,0.44565217391304346,0.06980258416522747,0.3656521739130435,0.4173913043478261,0.5817391304347826,8
2432,0.44782608695652176,0.08464314058231209,0.3421739130434783,0.4260869565217391,0.5765217391304348,8
2433,0.46956521739130436,0.10720720005163437,0.31043478260869567,0.46956521739130436,0.611304347826087,8
2434,0.4521739130434783,0.06679257172059659,0.3739130434782609,0.43478260869565216,0.5591304347826087,8
2435,0.391304347826087,0.09760845356801588,0.26956521739130435,0.40869565217391307,0.5243478260869566,8
2436,0.47173913043478255,0.11099736879321516,0.2569565217391304,0.46956521739130436,0.6052173913043478,8
2437,0.47608695652173916,0.08223600138859884,0.3482608695652174,0.46956521739130436,0.5908695652173913,8
2438,0.3391304347826087,0.11337743313395911,0.13434782608695653,0.3391304347826087,0.4608695652173913,8
2439,0.41956521739130437,0.0915885844910474,0.2643478260869565,0.43478260869565216,0.5273913043478261,8
2440,0.5260869565217391,0.10641076739582972,0.3347826086956522,0.5391304347826087,0.6860869565217392,8
2441,0.4260869565217391,0.07826086956521741,0.29304347826086957,0.43478260869565216,0.5243478260869566,8
2442,0.3456521739130435,0.14548985114567067,0.16,0.31304347826086953,0.5795652173913043,8
2443,0.3695652173913043,0.06608123545030724,0.25521739130434784,0.391304347826087,0.4404347826086957,8
2444,0.4152173913043478,0.1054067645426144,0.26130434782608697,0.391304347826087,0.5621739130434782,8
2445,0.38913043478260867,0.0803760067275485,0.27260869565217394,0.4173913043478261,0.4895652173913044,8
2446,0.5434782608695652,0.10389394039433496,0.4004347826086957,0.5478260869565217,0.6952173913043479,8
2447,0.4260869565217391,0.09760845356801588,0.3247826086956522,0.3826086956521739,0.6104347826086957,8
2448,0.42391304347826086,0.07750236291293863,0.2991304347826087,0.4173913043478261,0.5499999999999999,8
2449,0.4652173913043478,0.07716625804042979,0.33695652173913043,0.4608695652173913,0.5734782608695652,8
2450,0.4391304347826087,0.08684775806712251,0.2847826086956522,0.45217391304347826,0.5447826086956521,8
2451,0.35434782608695653,0.05248998464195494,0.278695652173913,0.3391304347826087,0.4404347826086957,8
2452,0.3760869565217391,0.11873227656018587,0.16608695652173913,0.4173913043478261,0.521304347826087,8
2453,0.3565217391304348,0.11698803519194532,0.1691304347826087,0.3565217391304348,0.5273913043478261,8
2454,0.45217391304347826,0.08652064670492347,0.2991304347826087,0.46956521739130436,0.5704347826086956,8
2455,0.2891304347826087,0.07552588159147916,0.14565217391304347,0.30434782608695654,0.37086956521739134,8
2456,0.4391304347826087,0.07104406364507909,0.3452173913043478,0.4260869565217391,0.5560869565217391,8
2457,0.41304347826086957,0.07365684498303227,0.3247826086956522,0.4173913043478261,0.521304347826087,8
2458,0.41086956521739126,0.10665475280031374,0.23869565217391303,0.408695652173913,0.5734782608695652,8
2459,0.33913043478260874,0.10506996498777889,0.16304347826086957,0.3565217391304348,0.48347826086956525,8
2460,0.42391304347826086,0.07895225998841252,0.27043478260869563,0.45217391304347826,0.5069565217391305,8
2461,0.47608695652173916,0.07990424325864827,0.3656521739130435,0.4608695652173913,0.6195652173913043,8
2462,0.4391304347826087,0.09395731645641003,0.31043478260869567,0.40869565217391307,0.5878260869565217,8
2463,0.46304347826086956,0.08671161163121359,0.3082608695652174,0.4608695652173913,0.5621739130434782,8
2464,0.37173913043478257,0.08714653153403236,0.27260869565217394,0.3739130434782609,0.5265217391304348,8
2465,0.43695652173913047,0.1309951730015898,0.21304347826086956,0.4173913043478261,0.6339130434782609,8
2466,0.48478260869565215,0.05957473741758574,0.4117391304347826,0.4782608695652174,0.5652173913043478,8
2467,0.5217391304347826,0.11795356492391772,0.33695652173913043,0.5478260869565217,0.7034782608695653,8
2468,0.42391304347826086,0.08223600138859886,0.3278260869565217,0.391304347826087,0.5447826086956521,8
2469,0.4326086956521739,0.09241048394274905,0.31043478260869567,0.4260869565217391,0.6043478260869566,8
2470,0.4304347826086956,0.09435884527917698,0.2847826086956522,0.4173913043478261,0.5847826086956521,8
2471,0.45434782608695656,0.0838296499332993,0.29391304347826086,0.4608695652173913,0.5591304347826087,8
2472,0.4173913043478261,0.08994852550250958,0.2991304347826087,0.3739130434782609,0.5591304347826087,8
2473,0.42391304347826086,0.11285519436884704,0.23869565217391303,0.43478260869565216,0.6021739130434782,8
2474,0.41086956521739126,0.10378015880243488,0.27260869565217394,0.4260869565217391,0.5704347826086956,8
2475,0.3869565217391304,0.06255432421712243,0.29000000000000004,0.4,0.4721739130434783,8
2476,0.34782608695652173,0.10103434816193262,0.22043478260869565,0.33043478260869563,0.51,8
2477,0.36086956521739133,0.07910176260287066,0.25217391304347825,0.391304347826087,0.45782608695652177,8
2478,0.3978260869565218,0.10823816769134437,0.20695652173913043,0.4173913043478261,0.538695652173913,8
2479,0.4,0.09161438045958904,0.25,0.4,0.5273913043478261,8
2480,0.408695652173913,0.08652064670492346,0.2991304347826087,0.3826086956521739,0.5591304347826087,8
2481,0.4347826086956522,0.14021317823127916,0.22130434782608696,0.4260869565217391,0.6708695652173914,8
2482,0.45,0.09797090729777172,0.2908695652173913,0.4260869565217391,0.5795652173913043,8
2483,0.46304347826086956,0.06980258416522749,0.32869565217391306,0.46956521739130436,0.5560869565217391,8
2484,0.3869565217391304,0.08641133441022517,0.2182608695652174,0.4173913043478261,0.4721739130434783,8
2485,0.3739130434782608,0.09445896079304536,0.2234782608695652,0.3826086956521739,0.49260869565217397,8
2486,0.1282608695652174,0.10414382232176943,-0.08782608695652173,0.15652173913043477,0.22869565217391305,8
2487,0.4782608695652174,0.08867860023639627,0.37695652173913047,0.46956521739130436,0.6308695652173913,8
2488,0.42826086956521736,0.06114070048010973,0.3308695652173913,0.43478260869565216,0.521304347826087,8
2489,0.4847826086956522,0.08779487176655942,0.3626086956521739,0.4956521739130435,0.6082608695652174,8
2490,0.358695652173913,0.0831503978213273,0.24695652173913044,0.3391304347826087,0.5121739130434784,8
2491,0.49782608695652175,0.09423355131170975,0.37695652173913047,0.4956521739130435,0.6430434782608696,8
2492,0.5239130434782608,0.09362980637981752,0.3830434782608696,0.5478260869565217,0.68,8
2493,0.4521739130434783,0.09325048082403138,0.2847826086956522,0.48695652173913045,0.5591304347826087,8
2494,0.3826086956521739,0.15161387629706694,0.14043478260869566,0.3565217391304348,0.6247826086956522,8
2495,0.4782608695652174,0.07777627747825357,0.39434782608695657,0.46956521739130436,0.6308695652173913,8
2496,0.40652173913043477,0.11285519436884704,0.1782608695652174,0.4608695652173913,0.4956521739130435,8
2497,0.4369565217391304,0.08649333158294678,0.3391304347826087,0.43478260869565216,0.5765217391304348,8
2498,0.3869565217391304,0.07765465695431197,0.25,0.3826086956521739,0.4895652173913044,8
2499,0.43043478260869567,0.03765327842541037,0.37695652173913047,0.4434782608695652,0.4782608695652174,8
2500,0.4043478260869565,0.04899751160688977,0.3565217391304348,0.391304347826087,0.4895652173913044,8
2501,0.5152173913043478,0.12062769042613117,0.3421739130434783,0.5217391304347827,0.6952173913043479,8
2502,0.48043478260869565,0.06871078534469176,0.37695652173913047,0.4956521739130435,0.5765217391304348,8
2503,0.5369565217391304,0.10468694893769137,0.3717391304347826,0.5478260869565217,0.6808695652173914,8
2504,0.3717391304347826,0.10414382232176943,0.1834782608695652,0.408695652173913,0.4782608695652174,8
2505,0.5065217391304347,0.064452030784233,0.4178260869565218,0.48695652173913045,0.6195652173913043,8
2506,0.42391304347826086,0.10841267512862332,0.27260869565217394,0.40869565217391307,0.5765217391304348,8
2507,0.4260869565217391,0.09914568913905548,0.29304347826086957,0.4434782608695652,0.5817391304347826,8
2508,0.4934782608695652,0.09621867815795969,0.37695652173913047,0.4782608695652174,0.6573913043478261,8
2509,0.4173913043478261,0.07064381221422575,0.2991304347826087,0.43478260869565216,0.5182608695652174,8
2510,0.3956521739130435,0.0741683569966608,0.27043478260869563,0.4,0.4956521739130435,8
2511,0.4565217391304348,0.0482197239409105,0.3830434782608696,0.4608695652173913,0.5356521739130434,8
2512,0.3565217391304348,0.09365504012407834,0.18652173913043477,0.3565217391304348,0.47521739130434787,8
2513,0.4326086956521739,0.09950254340300703,0.3073913043478261,0.4173913043478261,0.6104347826086957,8
2514,0.44130434782608696,0.09739033384609615,0.2847826086956522,0.45217391304347826,0.5765217391304348,8
2515,0.4434782608695652,0.05833220810869018,0.3626086956521739,0.43478260869565216,0.5304347826086957,8
2516,0.33043478260869563,0.11731076141940906,0.10565217391304349,0.3565217391304348,0.4804347826086957,8
2517,0.4782608695652174,0.07580693814853343,0.39434782608695657,0.45217391304347826,0.5939130434782609,8
2518,0.38913043478260867,0.12402740717909488,0.1782608695652174,0.391304347826087,0.59,8
2519,0.40652173913043477,0.06051917785684808,0.3421739130434783,0.391304347826087,0.51,8
2520,0.5043478260869565,0.11763260224755377,0.35956521739130437,0.48695652173913045,0.6891304347826087,8
2521,0.4130434782608696,0.0756821529805618,0.3073913043478261,0.4173913043478261,0.51,8
2522,0.341304347826087,0.057310549245495945,0.27260869565217394,0.3391304347826087,0.44869565217391305,8
2523,0.42608695652173917,0.10398487602696868,0.2191304347826087,0.45217391304347826,0.5273913043478261,8
2524,0.47391304347826085,0.12228140096021943,0.2591304347826087,0.5043478260869565,0.6482608695652174,8
2525,0.41304347826086957,0.12503307690911658,0.21217391304347827,0.4260869565217391,0.5878260869565217,8
2526,0.4217391304347826,0.08191932035398596,0.3134782608695652,0.4,0.5643478260869565,8
2527,0.458695652173913,0.08315039782132727,0.3482608695652174,0.45217391304347826,0.5939130434782609,8
2528,0.40652173913043477,0.08450344228511657,0.3391304347826087,0.34782608695652173,0.5417391304347826,8
2529,0.34347826086956523,0.0837450447141662,0.25217391304347825,0.34782608695652173,0.5030434782608696,8
2530,0.4934782608695652,0.08539356235392327,0.3739130434782609,0.4956521739130435,0.5969565217391304,8
2531,0.49347826086956526,0.11615695658602215,0.33391304347826084,0.4608695652173913,0.6695652173913044,8
2532,0.43478260869565216,0.07874247946206449,0.30521739130434783,0.4347826086956522,0.5447826086956521,8
2533,0.4717391304347826,0.09641494287624645,0.3195652173913044,0.48695652173913045,0.6195652173913043,8
2534,0.1673913043478261,0.059256579001908734,0.07,0.16521739130434782,0.24913043478260868,8
2535,0.40652173913043477,0.11385577717542172,0.27260869565217394,0.4,0.6186956521739131,8
2536,0.48043478260869565,0.04797407932763895,0.3973913043478261,0.4956521739130435,0.5304347826086957,8
2537,0.4173913043478261,0.061487546190134565,0.30521739130434783,0.4260869565217391,0.5039130434782609,8
2538,0.517391304347826,0.07157425057893184,0.4004347826086957,0.5478260869565217,0.6082608695652174,8
2539,0.5239130434782608,0.09602201228416424,0.35130434782608694,0.5478260869565217,0.6317391304347826,8
2540,0.40217391304347827,0.04596168372144777,0.3421739130434783,0.4,0.4608695652173913,8
2541,0.46739130434782605,0.07167322400797624,0.3452173913043478,0.4956521739130435,0.5560869565217391,8
2542,0.2152173913043478,0.08800992382607462,0.061739130434782616,0.21739130434782608,0.3473913043478261,8
2543,0.3695652173913043,0.1219718272965699,0.16,0.4173913043478261,0.5182608695652174,8
2544,0.35434782608695653,0.11352322947084269,0.16304347826086957,0.3652173913043478,0.5069565217391305,8
2545,0.47608695652173916,0.08671161163121359,0.3626086956521739,0.46956521739130436,0.6052173913043478,8
2546,0.5130434782608695,0.1017799992236489,0.3256521739130435,0.5565217391304347,0.6286956521739131,8
2547,0.4782608695652174,0.11237259115930508,0.3165217391304348,0.48695652173913045,0.6460869565217392,8
2548,0.4173913043478261,0.0960466175407588,0.28695652173913044,0.4347826086956522,0.5273913043478261,8
2549,0.3978260869565218,0.1024971759489242,0.25521739130434784,0.4173913043478261,0.5499999999999999,8
2550,0.45434782608695656,0.12599321852906176,0.31043478260869567,0.4434782608695652,0.6686956521739131,8
2551,0.408695652173913,0.07275304578557179,0.31043478260869567,0.391304347826087,0.51,8
2552,0.36086956521739133,0.08191932035398598,0.25521739130434784,0.3565217391304348,0.5091304347826088,8
2553,0.37826086956521743,0.04497426275125479,0.3217391304347826,0.3739130434782609,0.4547826086956522,8
2554,0.46521739130434786,0.08857195124984071,0.35956521739130437,0.4782608695652174,0.6134782608695653,8
2555,0.4347826086956522,0.07223151185146152,0.3308695652173913,0.43478260869565216,0.5560869565217391,8
2556,0.5,0.09515682012277953,0.3656521739130435,0.5043478260869565,0.6656521739130435,8
2557,0.5,0.08553180683872175,0.4117391304347826,0.4782608695652174,0.662608695652174,8
2558,0.44130434782608696,0.07087756689957005,0.3565217391304348,0.43478260869565216,0.5304347826086957,8
2559,0.5239130434782608,0.102127649100403,0.34304347826086956,0.5652173913043478,0.6543478260869565,8
2560,0.5130434782608696,0.08519964322724097,0.35739130434782607,0.5478260869565217,0.5969565217391304,8
2561,0.37826086956521743,0.0881440649248404,0.22652173913043477,0.3826086956521739,0.4782608695652174,8
2562,0.3739130434782609,0.06565073421974565,0.2673913043478261,0.3652173913043478,0.4721739130434783,8
2563,0.4391304347826087,0.05126011357631129,0.3565217391304348,0.4608695652173913,0.49260869565217397,8
2564,0.43695652173913047,0.10612169780399065,0.3565217391304348,0.40869565217391307,0.6586956521739131,8
2565,0.4826086956521739,0.06665091181198211,0.38,0.48695652173913045,0.5621739130434782,8
2566,0.5130434782608695,0.06270523957328675,0.4178260869565218,0.5217391304347826,0.5969565217391304,8
2567,0.48260869565217396,0.14308245801655942,0.3195652173913044,0.4782608695652174,0.7682608695652174,8
2568,0.43695652173913047,0.09158858449104738,0.2734782608695652,0.4434782608695652,0.5560869565217391,8
2569,0.4347826086956522,0.08016995180254684,0.2908695652173913,0.4434782608695652,0.5499999999999999,8
2570,0.3021739130434783,0.09179474926398876,0.16304347826086957,0.3217391304347826,0.4539130434782609,8
2571,0.5021739130434782,0.06732114159653052,0.3634782608695652,0.5217391304347827,0.5621739130434782,8
2572,0.5217391304347826,0.10895620944471014,0.31130434782608696,0.5478260869565217,0.6347826086956522,8
2573,0.4391304347826087,0.07467636537964203,0.3452173913043478,0.4173913043478261,0.5591304347826087,8
2574,0.4739130434782609,0.03961058077888825,0.4291304347826087,0.4608695652173913,0.5417391304347826,8
2575,0.4478260869565217,0.11429077763560798,0.2960869565217391,0.4608695652173913,0.6421739130434783,8
2576,0.3673913043478261,0.0336078800733485,0.31043478260869567,0.3652173913043478,0.40869565217391307,8
2577,0.46304347826086956,0.07034212907549323,0.3452173913043478,0.48695652173913045,0.5304347826086957,8
2578,0.31956521739130433,0.0867116116312136,0.23478260869565218,0.2956521739130435,0.4608695652173913,8
2579,0.44130434782608696,0.09582494278493127,0.30434782608695654,0.4608695652173913,0.5447826086956521,8
2580,0.42826086956521736,0.06296847112156627,0.3421739130434783,0.43478260869565216,0.5130434782608696,8
2581,0.42391304347826086,0.11048526747454837,0.3247826086956522,0.3565217391304348,0.6165217391304348,8
2582,0.5152173913043478,0.11999921234776158,0.3308695652173913,0.5217391304347827,0.7147826086956521,8
2583,0.46956521739130436,0.0834057656228299,0.3421739130434783,0.4782608695652174,0.5991304347826087,8
2584,0.4478260869565217,0.06777590116573867,0.3626086956521739,0.43478260869565216,0.5591304347826087,8
2585,0.42826086956521736,0.10806337844901362,0.2673913043478261,0.4347826086956522,0.5765217391304348,8
2586,0.3760869565217391,0.10945387717542698,0.2008695652173913,0.3913043478260869,0.5356521739130434,8
2587,0.4108695652173913,0.08928935990396891,0.31043478260869567,0.4,0.5869565217391305,8
2588,0.49130434782608695,0.056186295579652525,0.4117391304347826,0.4956521739130435,0.5621739130434782,8
2589,0.3739130434782609,0.08652064670492349,0.25217391304347825,0.3739130434782609,0.49260869565217397,8
2590,0.3847826086956522,0.07774589018368551,0.26130434782608697,0.4,0.47521739130434787,8
2591,0.4608695652173913,0.139672855688774,0.2326086956521739,0.5043478260869565,0.662608695652174,8
2592,0.4173913043478261,0.14048256018611752,0.23782608695652174,0.391304347826087,0.6482608695652174,8
2593,0.43043478260869567,0.1126246421477271,0.29000000000000004,0.4434782608695652,0.5652173913043478,8
2594,0.46304347826086956,0.10806337844901365,0.3195652173913044,0.4434782608695652,0.6678260869565218,8
2595,0.42826086956521736,0.06236516646861327,0.30521739130434783,0.43478260869565216,0.49260869565217397,8
2596,0.40652173913043477,0.08084501731211761,0.3247826086956522,0.3826086956521739,0.5560869565217391,8
2597,0.3065217391304348,0.09503257823649737,0.20304347826086958,0.26956521739130435,0.46608695652173915,8
2598,0.5086956521739131,0.11395949932244484,0.37695652173913047,0.46956521739130436,0.6665217391304348,8
2599,0.47391304347826085,0.06008815200471849,0.4004347826086957,0.4608695652173913,0.5930434782608696,8
2600,0.3978260869565218,0.06898535501140188,0.29304347826086957,0.4173913043478261,0.4895652173913044,8
2601,0.42391304347826086,0.06815832785474296,0.3278260869565217,0.4173913043478261,0.5469565217391305,8
2602,0.43695652173913047,0.0747712327039993,0.29695652173913045,0.43478260869565216,0.538695652173913,8
2603,0.48043478260869565,0.09055071999851534,0.33391304347826084,0.4956521739130435,0.6082608695652174,8
2604,0.5608695652173913,0.09751157170437305,0.4639130434782609,0.5217391304347826,0.7413043478260869,8
2605,0.5239130434782608,0.10683184674178796,0.3378260869565218,0.5043478260869565,0.6778260869565218,8
2606,0.3673913043478261,0.06266754480608512,0.278695652173913,0.3652173913043478,0.46913043478260874,8
2607,0.36086956521739133,0.11093348541020065,0.13521739130434784,0.391304347826087,0.45782608695652177,8
2608,0.31521739130434784,0.09602201228416427,0.20608695652173914,0.29565217391304344,0.5030434782608696,8
2609,0.3847826086956522,0.08736317955395706,0.2756521739130435,0.3739130434782608,0.521304347826087,8
2610,0.43478260869565216,0.07777627747825355,0.3308695652173913,0.408695652173913,0.5591304347826087,8
2611,0.45869565217391306,0.0703421290754932,0.33391304347826084,0.46956521739130436,0.5560869565217391,8
2612,0.43695652173913047,0.13243038617841765,0.16999999999999998,0.4782608695652174,0.5734782608695652,8
2613,0.48478260869565215,0.04254431693648028,0.4291304347826087,0.46956521739130436,0.5447826086956521,8
2614,0.3347826086956522,0.08728199956471622,0.1917391304347826,0.3565217391304348,0.4260869565217391,8
2615,0.42826086956521736,0.05460807255252379,0.33391304347826084,0.43478260869565216,0.49260869565217397,8
2616,0.4391304347826087,0.1294893270594385,0.3134782608695652,0.3826086956521739,0.7026086956521739,8
2617,0.37608695652173907,0.10378015880243487,0.24695652173913044,0.34782608695652173,0.5695652173913044,8
2618,0.33913043478260874,0.050703929520393924,0.25521739130434784,0.34782608695652173,0.40565217391304353,8
2619,0.3847826086956522,0.09117485641526421,0.19565217391304346,0.4173913043478261,0.4721739130434783,8
2620,0.43695652173913047,0.05212860351426871,0.33695652173913043,0.4434782608695652,0.49260869565217397,8
2621,0.5282608695652173,0.09013222800707775,0.3808695652173913,0.5217391304347827,0.6747826086956522,8
2622,0.41086956521739126,0.09893095872158916,0.2191304347826087,0.40869565217391307,0.5356521739130434,8
2623,0.4434782608695652,0.10720720005163438,0.23565217391304347,0.4782608695652174,0.5447826086956521,8
2624,0.42826086956521736,0.09220569591499346,0.31043478260869567,0.4347826086956522,0.567391304347826,8
2625,0.4478260869565217,0.06665091181198213,0.3482608695652174,0.4434782608695652,0.567391304347826,8
2626,0.49782608695652175,0.06474466352971925,0.38,0.5130434782608696,0.5621739130434782,8
2627,0.4260869565217391,0.052173913043478265,0.35956521739130437,0.4173913043478261,0.51,8
2628,0.5260869565217392,0.06375164477658772,0.4065217391304348,0.5304347826086957,0.5969565217391304,8
2629,0.3673913043478261,0.0752751725790469,0.2582608695652174,0.3565217391304348,0.4608695652173913,8
2630,0.5456521739130434,0.09138195459558132,0.4260869565217391,0.5652173913043478,0.6665217391304348,8
2631,0.41521739130434787,0.06561473162081118,0.3021739130434783,0.4173913043478261,0.49260869565217397,8
2632,0.4652173913043478,0.07957828355531793,0.3626086956521739,0.45217391304347826,0.5826086956521739,8
2633,0.45,0.08605511049082384,0.3247826086956522,0.45217391304347826,0.5652173913043478,8
2634,0.4826086956521739,0.08899778039329878,0.33999999999999997,0.46956521739130436,0.5969565217391304,8
2635,0.3978260869565217,0.05426079988847256,0.3217391304347826,0.4173913043478261,0.4721739130434783,8
2636,0.4152173913043478,0.18465468717897324,0.1691304347826087,0.3826086956521739,0.7178260869565217,8
2637,0.40217391304347827,0.11468292773139113,0.20695652173913043,0.4173913043478261,0.5447826086956521,8
2638,0.4152173913043478,0.13099517300158983,0.23565217391304347,0.3739130434782609,0.6339130434782609,8
2639,0.41521739130434787,0.1355343691370986,0.22043478260869565,0.4434782608695652,0.6165217391304348,8
2640,0.46521739130434786,0.10131461041505258,0.3308695652173913,0.45217391304347826,0.6452173913043479,8
2641,0.4608695652173913,0.057021204559147824,0.39434782608695657,0.4434782608695652,0.5447826086956521,8
2642,0.4739130434782609,0.06942921488117962,0.38,0.46956521739130436,0.5878260869565217,8
2643,0.5369565217391304,0.09719603872220936,0.4434782608695652,0.5043478260869565,0.7147826086956521,8
2644,0.47173913043478266,0.08605511049082386,0.3452173913043478,0.4956521739130435,0.6021739130434782,8
2645,0.3978260869565218,0.12778097399726604,0.14652173913043479,0.4173913043478261,0.5130434782608696,8
2646,0.46739130434782605,0.06788041302606952,0.38,0.4608695652173913,0.5765217391304348,8
2647,0.4652173913043478,0.10921614510504758,0.3217391304347826,0.46956521739130436,0.6565217391304349,8
2648,0.4934782608695652,0.0808450173121176,0.35434782608695653,0.5043478260869565,0.5826086956521739,8
2649,0.45869565217391306,0.1190502745225484,0.24478260869565216,0.48695652173913045,0.6082608695652174,8
2650,0.4565217391304348,0.09151115295586605,0.3247826086956522,0.46956521739130436,0.5991304347826087,8
2651,0.39347826086956517,0.09138195459558131,0.23565217391304347,0.4,0.5295652173913044,8
2652,0.3065217391304348,0.07847193759904367,0.14347826086956522,0.3217391304347826,0.38521739130434784,8
2653,0.3869565217391304,0.09751157170437307,0.2673913043478261,0.3652173913043478,0.5808695652173913,8
2654,0.35,0.10286537534192156,0.2,0.3652173913043478,0.48652173913043484,8
2655,0.47608695652173916,0.10157083814107537,0.35956521739130437,0.4608695652173913,0.6595652173913044,8
2656,0.3826086956521739,0.07327086759283792,0.2643478260869565,0.3826086956521739,0.5008695652173913,8
2657,0.3782608695652174,0.0837450447141662,0.25521739130434784,0.391304347826087,0.5152173913043478,8
2658,0.4608695652173913,0.09078527399052652,0.29695652173913045,0.46956521739130436,0.5878260869565217,8
2659,0.4173913043478261,0.05499613322031965,0.3452173913043478,0.408695652173913,0.5069565217391305,8
2660,0.33260869565217394,0.054260799888472544,0.24391304347826087,0.33043478260869563,0.40565217391304353,8
2661,0.41956521739130437,0.05631232107386357,0.3565217391304348,0.4173913043478261,0.4956521739130435,8
2662,0.3586956521739131,0.07942967785410919,0.27260869565217394,0.3391304347826087,0.5091304347826088,8
2663,0.37826086956521743,0.08145649563128346,0.22130434782608696,0.4,0.48347826086956525,8
2664,0.4717391304347826,0.08561464638050094,0.3082608695652174,0.48695652173913045,0.5765217391304348,8
2665,0.4108695652173913,0.12493854822174794,0.17521739130434782,0.45217391304347826,0.5530434782608695,8
2666,0.3739130434782608,0.10685396284734355,0.2234782608695652,0.4260869565217391,0.5039130434782609,8
2667,0.3217391304347826,0.09485836621422361,0.14347826086956522,0.33043478260869563,0.44869565217391305,8
2668,0.33478260869565213,0.08283721253590282,0.21217391304347827,0.33043478260869563,0.4434782608695652,8
2669,0.4565217391304348,0.07314175583156836,0.3626086956521739,0.45217391304347826,0.5878260869565217,8
2670,0.358695652173913,0.08177496901653925,0.2008695652173913,0.3739130434782609,0.4404347826086957,8
2671,0.4565217391304348,0.07716625804042979,0.3308695652173913,0.4608695652173913,0.5447826086956521,8
2672,0.3717391304347826,0.072460144836952,0.29000000000000004,0.3391304347826087,0.49260869565217397,8
2673,0.40217391304347827,0.0667571849251482,0.3073913043478261,0.4,0.5069565217391305,8
2674,0.48913043478260865,0.08692934357883567,0.3626086956521739,0.4956521739130435,0.5969565217391304,8
2675,0.40217391304347827,0.08950082108799522,0.2756521739130435,0.3826086956521739,0.5417391304347826,8
2676,0.2565217391304348,0.13603902475793056,0.04217391304347826,0.2434782608695652,0.4886956521739131,8
2677,0.45434782608695645,0.14755409760568103,0.2673913043478261,0.43478260869565216,0.72,8
2678,0.3717391304347826,0.08843845916003476,0.25521739130434784,0.3826086956521739,0.5008695652173913,8
2679,0.43695652173913047,0.08061085312060504,0.2682608695652174,0.4608695652173913,0.51,8
2680,0.42826086956521736,0.07990424325864828,0.2991304347826087,0.4260869565217391,0.5417391304347826,8
2681,0.44130434782608696,0.06760135567594006,0.3421739130434783,0.4434782608695652,0.5417391304347826,8
2682,0.4217391304347826,0.048219723940910515,0.3739130434782609,0.4173913043478261,0.5039130434782609,8
2683,0.4608695652173913,0.064488682496484,0.391304347826087,0.4434782608695652,0.5621739130434782,8
2684,0.34782608695652173,0.09243605054551869,0.2091304347826087,0.3652173913043478,0.4608695652173913,8
2685,0.3956521739130435,0.1071189999543906,0.18130434782608695,0.4173913043478261,0.51,8
2686,0.42826086956521736,0.07246014483695197,0.3134782608695652,0.43478260869565216,0.5469565217391305,8
2687,0.41956521739130437,0.11335658977811906,0.20173913043478262,0.4434782608695652,0.5447826086956521,8
2688,0.4869565217391304,0.07777627747825354,0.33173913043478265,0.4956521739130435,0.5652173913043478,8
2689,0.47608695652173916,0.11418735640581648,0.28782608695652173,0.46956521739130436,0.6286956521739131,8
2690,0.4217391304347826,0.05945562752685802,0.3165217391304348,0.4260869565217391,0.5069565217391305,8
2691,0.341304347826087,0.06236516646861327,0.22956521739130434,0.3565217391304348,0.4230434782608696,8
2692,0.4369565217391304,0.07426387327190748,0.3421739130434783,0.4260869565217391,0.5478260869565217,8
2693,0.43695652173913047,0.06953124170312817,0.3247826086956522,0.45217391304347826,0.5273913043478261,8
2694,0.4434782608695652,0.09078527399052652,0.3247826086956522,0.4260869565217391,0.5991304347826087,8
2695,0.43695652173913047,0.08605511049082384,0.27652173913043476,0.45217391304347826,0.5530434782608695,8
2696,0.37173913043478257,0.057310549245495945,0.2817391304347826,0.3652173913043478,0.45782608695652177,8
2697,0.3913043478260869,0.08475473343312144,0.2643478260869565,0.3913043478260869,0.5069565217391305,8
2698,0.4543478260869565,0.05212860351426868,0.38,0.4434782608695652,0.538695652173913,8
2699,0.4434782608695652,0.07777627747825354,0.3421739130434783,0.43478260869565216,0.5621739130434782,8
2700,0.4434782608695652,0.0536036000258172,0.35956521739130437,0.45217391304347826,0.521304347826087,8
2701,0.3739130434782609,0.12017630400943699,0.23782608695652174,0.3565217391304348,0.6095652173913044,8
2702,0.45434782608695656,0.05212860351426868,0.37695652173913047,0.45217391304347826,0.538695652173913,8
2703,0.4934782608695652,0.07602481934802481,0.38,0.5130434782608696,0.5826086956521739,8
2704,0.3978260869565218,0.11201454806946305,0.1926086956521739,0.4,0.538695652173913,8
2705,0.4673913043478261,0.10647736431529092,0.3195652173913044,0.4608695652173913,0.662608695652174,8
2706,0.4826086956521739,0.08684775806712251,0.39434782608695657,0.4608695652173913,0.651304347826087,8
2707,0.3739130434782608,0.1163398970457361,0.27260869565217394,0.31304347826086953,0.5652173913043478,8
2708,0.41304347826086957,0.10425720702853739,0.29000000000000004,0.4173913043478261,0.6043478260869566,8
2709,0.44130434782608696,0.05529607539989957,0.37695652173913047,0.43478260869565216,0.538695652173913,8
2710,0.4934782608695652,0.07087756689957,0.3656521739130435,0.5043478260869565,0.5765217391304348,8
2711,0.39565217391304347,0.09905031086864799,0.24391304347826087,0.408695652173913,0.521304347826087,8
2712,0.4434782608695652,0.11666441621738034,0.2591304347826087,0.4434782608695652,0.6421739130434783,8
2713,0.4434782608695652,0.06956521739130435,0.37695652173913047,0.4173913043478261,0.5734782608695652,8
2714,0.39999999999999997,0.07922116155777653,0.3217391304347826,0.3652173913043478,0.5273913043478261,8
2715,0.3913043478260869,0.06791521457310135,0.29304347826086957,0.3826086956521739,0.4895652173913044,8
2716,0.43695652173913047,0.06843511408129216,0.3452173913043478,0.4260869565217391,0.5304347826086957,8
2717,0.44565217391304346,0.15197191562257883,0.1834782608695652,0.5217391304347827,0.611304347826087,8
2718,0.4717391304347826,0.07966731392090735,0.3308695652173913,0.48695652173913045,0.5621739130434782,8
2719,0.46521739130434786,0.1401457518372713,0.19043478260869567,0.5217391304347827,0.611304347826087,8
2720,0.47173913043478255,0.07375302371168424,0.35434782608695653,0.4608695652173913,0.5652173913043478,8
2721,0.48043478260869565,0.157589953908169,0.2408695652173913,0.49565217391304345,0.6521739130434783,8
2722,0.38913043478260867,0.08223600138859884,0.28695652173913044,0.3739130434782609,0.5326086956521738,8
2723,0.4760869565217391,0.08714653153403236,0.3739130434782609,0.4608695652173913,0.611304347826087,8
2724,0.34347826086956523,0.10168709185675219,0.19478260869565217,0.3565217391304348,0.4895652173913044,8
2725,0.5130434782608695,0.0882512310008019,0.33173913043478265,0.5304347826086957,0.5969565217391304,8
2726,0.4304347826086956,0.10533949077900623,0.2273913043478261,0.4608695652173913,0.567391304347826,8
2727,0.4326086956521739,0.13214459056894898,0.22956521739130434,0.4260869565217391,0.6226086956521739,8
2728,0.4217391304347826,0.11161302306950814,0.2756521739130435,0.4434782608695652,0.6073913043478261,8
2729,0.45217391304347826,0.12601197170599512,0.2582608695652174,0.45217391304347826,0.6369565217391304,8
2730,0.4326086956521739,0.11920895539874081,0.24391304347826087,0.43478260869565216,0.5969565217391304,8
2731,0.40652173913043477,0.08971178383462325,0.3217391304347826,0.3739130434782609,0.5621739130434782,8
2732,0.2391304347826087,0.12381765970346212,0.049565217391304345,0.2608695652173913,0.391304347826087,8
2733,0.45869565217391306,0.07298004491997616,0.33695652173913043,0.4608695652173913,0.5621739130434782,8
2734,0.3282608695652174,0.07725806801702984,0.21217391304347827,0.32173913043478264,0.44869565217391305,8
2735,0.4391304347826087,0.09673302374472602,0.3421739130434783,0.4,0.611304347826087,8
2736,0.3630434782608696,0.11501212231661997,0.1691304347826087,0.3739130434782609,0.5408695652173913,8
2737,0.49130434782608695,0.07814000328526706,0.3626086956521739,0.5130434782608695,0.5652173913043478,8
2738,0.3760869565217392,0.052489984641954944,0.29304347826086957,0.3826086956521739,0.45173913043478264,8
2739,0.43478260869565216,0.11270853388535408,0.2643478260869565,0.43478260869565216,0.5908695652173913,8
2740,0.5195652173913043,0.05697974966122241,0.4291304347826087,0.5217391304347827,0.5969565217391304,8
2741,0.3891304347826087,0.1115071182889753,0.17217391304347826,0.40869565217391307,0.51,8
2742,0.33478260869565213,0.04055382196995137,0.2582608695652174,0.34782608695652173,0.3739130434782609,8
2743,0.3934782608695653,0.098163668738049,0.29000000000000004,0.3565217391304348,0.5530434782608695,8
2744,0.4434782608695652,0.07429568474189159,0.3082608695652174,0.43478260869565216,0.5304347826086957,8
2745,0.3826086956521739,0.07117698062497783,0.26130434782608697,0.391304347826087,0.4608695652173913,8
2746,0.3521739130434782,0.080991026131292,0.22652173913043477,0.3565217391304348,0.46913043478260874,8
2747,0.3739130434782609,0.1064995540340512,0.24391304347826087,0.33043478260869563,0.5643478260869565,8
2748,0.4391304347826087,0.09395731645641002,0.3073913043478261,0.4260869565217391,0.5478260869565217,8
2749,0.3760869565217391,0.09777776584369138,0.2582608695652174,0.3739130434782609,0.5582608695652174,8
2750,0.3869565217391304,0.11883174233666478,0.21739130434782608,0.408695652173913,0.5273913043478261,8
2751,0.33695652173913043,0.06590220170097444,0.25521739130434784,0.33913043478260874,0.4230434782608696,8
2752,0.41086956521739126,0.04797407932763894,0.3308695652173913,0.408695652173913,0.47521739130434787,8
2753,0.4173913043478261,0.0711769806249778,0.31043478260869567,0.4173913043478261,0.5326086956521738,8
2754,0.4195652173913043,0.11435278547684705,0.26130434782608697,0.4173913043478261,0.6165217391304348,8
2755,0.41739130434782606,0.10964800185146516,0.2582608695652174,0.4434782608695652,0.5591304347826087,8
2756,0.46956521739130436,0.08203461853962266,0.3656521739130435,0.4608695652173913,0.6247826086956522,8
2757,0.3652173913043478,0.09202613255876839,0.20695652173913043,0.3652173913043478,0.5121739130434784,8
2758,0.37826086956521743,0.07568215298056179,0.25,0.391304347826087,0.4608695652173913,8
2759,0.46304347826086956,0.059256579001908734,0.38,0.4608695652173913,0.5591304347826087,8
2760,0.3739130434782609,0.08564224175474874,0.2408695652173913,0.3826086956521739,0.49260869565217397,8
2761,0.4434782608695652,0.12297509238026914,0.27043478260869563,0.4260869565217391,0.6452173913043479,8
2762,0.4717391304347826,0.06898535501140188,0.38,0.4608695652173913,0.5878260869565217,8
2763,0.41739130434782606,0.08782178207271371,0.27043478260869563,0.40869565217391307,0.5530434782608695,8
2764,0.46304347826086956,0.06356605007484106,0.3656521739130435,0.4608695652173913,0.5591304347826087,8
2765,0.45869565217391306,0.12524078887681805,0.2734782608695652,0.45217391304347826,0.6769565217391305,8
2766,0.41956521739130437,0.07375302371168423,0.3134782608695652,0.408695652173913,0.5469565217391305,8
2767,0.43913043478260866,0.09634139046156669,0.3247826086956522,0.4173913043478261,0.6052173913043478,8
2768,0.37173913043478257,0.09582494278493127,0.23782608695652174,0.3826086956521739,0.5069565217391305,8
2769,0.4934782608695652,0.05796648533031904,0.4117391304347826,0.5043478260869565,0.5621739130434782,8
2770,0.4260869565217391,0.05430433042085564,0.3421739130434783,0.4260869565217391,0.49260869565217397,8
2771,0.5195652173913043,0.05763945036331674,0.4260869565217391,0.5391304347826087,0.5795652173913043,8
2772,0.40217391304347827,0.11435278547684705,0.25,0.3652173913043478,0.5991304347826087,8
2773,0.4043478260869565,0.12683436648534627,0.2756521739130435,0.3565217391304348,0.6482608695652174,8
2774,0.47608695652173916,0.04118977243803568,0.4117391304347826,0.48695652173913045,0.538695652173913,8
2775,0.40217391304347827,0.08154347536309155,0.2673913043478261,0.4260869565217391,0.5039130434782609,8
2776,0.37173913043478257,0.06815832785474298,0.2756521739130435,0.3565217391304348,0.47521739130434787,8
2777,0.4282608695652174,0.057966485330319055,0.3195652173913044,0.4434782608695652,0.4956521739130435,8
2778,0.48913043478260865,0.10858690211949719,0.28782608695652173,0.5130434782608696,0.611304347826087,8
2779,0.4347826086956522,0.05897678246195885,0.31130434782608696,0.45217391304347826,0.4895652173913044,8
2780,0.43043478260869567,0.06942921488117962,0.3134782608695652,0.43478260869565216,0.5243478260869566,8
2781,0.41304347826086957,0.12320545491569351,0.22652173913043477,0.43478260869565216,0.5991304347826087,8
2782,0.3239130434782609,0.06296847112156627,0.20695652173913043,0.3217391304347826,0.40565217391304353,8
2783,0.41521739130434787,0.07007287591863563,0.30434782608695654,0.43478260869565216,0.4956521739130435,8
2784,0.4913043478260869,0.11329403670256855,0.27956521739130435,0.5217391304347826,0.6369565217391304,8
2785,0.36086956521739133,0.05881630112377688,0.29000000000000004,0.3565217391304348,0.4404347826086957,8
2786,0.3565217391304348,0.07969696860792763,0.29000000000000004,0.3217391304347826,0.5204347826086957,8
2787,0.5717391304347826,0.06266754480608512,0.4617391304347826,0.5739130434782609,0.6604347826086957,8
2788,0.4608695652173913,0.11763260224755376,0.2817391304347826,0.4608695652173913,0.6317391304347826,8
2789,0.5173913043478261,0.09109707321633462,0.3626086956521739,0.5391304347826087,0.6256521739130435,8
2790,0.3826086956521739,0.14757011085632296,0.10347826086956523,0.4,0.5447826086956521,8
2791,0.31739130434782614,0.06997163886709167,0.2234782608695652,0.31304347826086953,0.4456521739130435,8
2792,0.47173913043478266,0.06326796613415324,0.3656521739130435,0.4782608695652174,0.5478260869565217,8
2793,0.46304347826086956,0.08131132264897843,0.391304347826087,0.4173913043478261,0.5826086956521739,8
2794,0.42826086956521736,0.12644252712361623,0.20478260869565218,0.4,0.5908695652173913,8
2795,0.48913043478260865,0.10504747328999625,0.31130434782608696,0.4782608695652174,0.64,8
2796,0.40217391304347827,0.11952568516427195,0.24391304347826087,0.3826086956521739,0.5734782608695652,8
2797,0.45217391304347826,0.06270523957328676,0.3830434782608696,0.4260869565217391,0.578695652173913,8
2798,0.49565217391304345,0.07378505542816147,0.3973913043478261,0.46956521739130436,0.611304347826087,8
2799,0.3739130434782609,0.07777627747825357,0.2756521739130435,0.34782608695652173,0.49260869565217397,8
2800,0.41086956521739126,0.04209764506747193,0.3452173913043478,0.40869565217391307,0.47521739130434787,8
2801,0.4217391304347826,0.09712307784212469,0.21608695652173915,0.4608695652173913,0.4956521739130435,8
2802,0.3804347826086957,0.09719603872220939,0.22956521739130434,0.3913043478260869,0.5069565217391305,8
2803,0.4543478260869565,0.064452030784233,0.38,0.43478260869565216,0.5817391304347826,8
2804,0.4434782608695652,0.11731076141940905,0.3073913043478261,0.4173913043478261,0.64,8
2805,0.4434782608695652,0.08825123100080191,0.3134782608695652,0.4434782608695652,0.5991304347826087,8
2806,0.5695652173913044,0.09192336744289555,0.4147826086956522,0.6,0.6665217391304348,8
2807,0.4695652173913043,0.08385783270428655,0.35956521739130437,0.4608695652173913,0.5939130434782609,8
2808,0.5195652173913043,0.0368284224915161,0.4782608695652174,0.5217391304347827,0.5765217391304348,8
2809,0.44565217391304346,0.11745167529773998,0.2582608695652174,0.46956521739130436,0.5969565217391304,8
2810,0.46304347826086956,0.06356605007484106,0.3626086956521739,0.46956521739130436,0.5591304347826087,8
2811,0.5043478260869565,0.12897736499296805,0.3565217391304348,0.5043478260869565,0.6665217391304348,8
2812,0.5065217391304347,0.07871246517492032,0.3808695652173913,0.5043478260869565,0.6421739130434783,8
2813,0.4630434782608696,0.10486736604515076,0.29304347826086957,0.4782608695652174,0.6165217391304348,8
2814,0.4260869565217391,0.12571158517218226,0.20391304347826086,0.45217391304347826,0.5765217391304348,8
2815,0.4434782608695652,0.06507230237867725,0.3421739130434783,0.4608695652173913,0.5243478260869566,8
2816,0.5043478260869565,0.09161438045958903,0.39434782608695657,0.48695652173913045,0.6173913043478261,8
2817,0.43478260869565216,0.09325048082403135,0.3021739130434783,0.408695652173913,0.5765217391304348,8
2818,0.5173913043478261,0.08942158174436143,0.40869565217391307,0.5130434782608696,0.6491304347826087,8
2819,0.5195652173913043,0.10175678033450827,0.35739130434782607,0.5217391304347826,0.6747826086956522,8
2820,0.491304347826087,0.05051717408096629,0.40347826086956523,0.48695652173913045,0.5621739130434782,8
2821,0.32608695652173914,0.12503307690911658,0.15695652173913044,0.32173913043478264,0.5069565217391305,8
2822,0.45434782608695656,0.05763945036331675,0.38,0.43478260869565216,0.5560869565217391,8
2823,0.48043478260869565,0.08315039782132727,0.39434782608695657,0.4608695652173913,0.6195652173913043,8
2824,0.3847826086956522,0.0851719044528684,0.21,0.4173913043478261,0.45782608695652177,8
2825,0.4391304347826087,0.07050989017489936,0.35956521739130437,0.4260869565217391,0.5704347826086956,8
2826,0.41956521739130437,0.06788041302606955,0.2847826086956522,0.4608695652173913,0.47521739130434787,8
2827,0.4478260869565217,0.10461921230883447,0.3421739130434783,0.408695652173913,0.6369565217391304,8
2828,0.34347826086956523,0.11625862571409509,0.18565217391304348,0.32173913043478264,0.5295652173913044,8
2829,0.4391304347826087,0.10747136603746327,0.2734782608695652,0.4173913043478261,0.6165217391304348,8
2830,0.4826086956521739,0.07814000328526706,0.37695652173913047,0.5043478260869565,0.5765217391304348,8
2831,0.4478260869565217,0.07157425057893184,0.3482608695652174,0.43478260869565216,0.5621739130434782,8
2832,0.44130434782608696,0.0740088892632574,0.33391304347826084,0.4260869565217391,0.5560869565217391,8
2833,0.37826086956521743,0.09314906645925455,0.21217391304347827,0.4173913043478261,0.47521739130434787,8
2834,0.4326086956521739,0.1130225733178779,0.27260869565217394,0.4608695652173913,0.5734782608695652,8
2835,0.3978260869565218,0.06561473162081119,0.2817391304347826,0.40869565217391307,0.4978260869565218,8
2836,0.44130434782608696,0.08714653153403236,0.3073913043478261,0.45217391304347826,0.567391304347826,8
2837,0.42826086956521736,0.11550415503291506,0.25,0.4260869565217391,0.5878260869565217,8
2838,0.46304347826086956,0.10945387717542698,0.3134782608695652,0.4434782608695652,0.6286956521739131,8
2839,0.5217391304347826,0.06901959941907626,0.4178260869565218,0.5217391304347827,0.6286956521739131,8
2840,0.47608695652173916,0.11583101569354107,0.3165217391304348,0.48695652173913045,0.6656521739130435,8
2841,0.43478260869565216,0.09643944788182102,0.3247826086956522,0.4173913043478261,0.5765217391304348,8
2842,0.48043478260869565,0.07246014483695197,0.40869565217391307,0.4608695652173913,0.5908695652173913,8
2843,0.4434782608695652,0.11470353007193841,0.27260869565217394,0.4608695652173913,0.6195652173913043,8
2844,0.29130434782608694,0.08283721253590283,0.1826086956521739,0.31304347826086953,0.38826086956521744,8
2845,0.44130434782608696,0.09302214302319421,0.3421739130434783,0.4260869565217391,0.6134782608695653,8
2846,0.3913043478260869,0.09284415871331575,0.26130434782608697,0.3826086956521739,0.5356521739130434,8
2847,0.5391304347826087,0.09365504012407833,0.3973913043478261,0.5391304347826087,0.6634782608695653,8
2848,0.4173913043478261,0.0737850554281615,0.31043478260869567,0.408695652173913,0.5130434782608696,8
2849,0.4521739130434783,0.09161438045958903,0.3195652173913044,0.43478260869565216,0.6134782608695653,8
2850,0.44565217391304346,0.11968373572609395,0.3421739130434783,0.3739130434782609,0.6573913043478261,8
2851,0.3913043478260869,0.09722034684781693,0.24695652173913044,0.4,0.5582608695652174,8
2852,0.48695652173913045,0.14782608695652175,0.2530434782608696,0.4608695652173913,0.6839130434782609,8
2853,0.4739130434782609,0.10352939912861442,0.3308695652173913,0.4608695652173913,0.6317391304347826,8
2854,0.4543478260869565,0.09158858449104737,0.3565217391304348,0.4260869565217391,0.5939130434782609,8
2855,0.47608695652173916,0.04952515543432398,0.3891304347826087,0.46956521739130436,0.5447826086956521,8
2856,0.41956521739130437,0.08246555103648112,0.3134782608695652,0.3826086956521739,0.5447826086956521,8
2857,0.4326086956521739,0.07919132869603038,0.28782608695652173,0.43478260869565216,0.5304347826086957,8
2858,0.5021739130434782,0.08200580919069571,0.35739130434782607,0.5391304347826087,0.6052173913043478,8
2859,0.40869565217391307,0.09565217391304347,0.27260869565217394,0.4173913043478261,0.5530434782608695,8
2860,0.3673913043478261,0.07871246517492031,0.21,0.3826086956521739,0.4547826086956522,8
2861,0.40869565217391307,0.07010658911563956,0.3073913043478261,0.4260869565217391,0.5069565217391305,8
2862,0.43695652173913047,0.07426387327190749,0.3421739130434783,0.45217391304347826,0.5643478260869565,8
2863,0.41521739130434787,0.08992225165194104,0.28695652173913044,0.4608695652173913,0.4956521739130435,8
2864,0.3978260869565217,0.13525513243741114,0.15478260869565216,0.4173913043478261,0.5817391304347826,8
2865,0.4043478260869565,0.06255432421712244,0.3247826086956522,0.4,0.5069565217391305,8
2866,0.4434782608695652,0.08064016083039742,0.3739130434782609,0.4173913043478261,0.6073913043478261,8
2867,0.41956521739130437,0.07375302371168424,0.3421739130434783,0.391304347826087,0.5447826086956521,8
2868,0.45,0.08649333158294677,0.3165217391304348,0.4347826086956522,0.5621739130434782,8
2869,0.4282608695652174,0.12433186276372873,0.25521739130434784,0.4173913043478261,0.5969565217391304,8
2870,0.4565217391304348,0.054824000925732586,0.3626086956521739,0.46956521739130436,0.5273913043478261,8
2871,0.3717391304347826,0.12644252712361623,0.2008695652173913,0.3739130434782609,0.6095652173913044,8
2872,0.4217391304347826,0.13797071002280376,0.25521739130434784,0.3826086956521739,0.6482608695652174,8
2873,0.43695652173913047,0.12778097399726604,0.26130434782608697,0.4173913043478261,0.6143478260869565,8
2874,0.3869565217391304,0.1605166516693455,0.1917391304347826,0.3739130434782609,0.6256521739130435,8
2875,0.37826086956521743,0.054824000925732586,0.31043478260869567,0.3739130434782609,0.4804347826086957,8
2876,0.39565217391304347,0.08684775806712253,0.30434782608695654,0.3739130434782608,0.521304347826087,8
2877,0.4869565217391304,0.08952721861727826,0.33999999999999997,0.48695652173913045,0.6,8
2878,0.4608695652173913,0.1179535649239177,0.23869565217391303,0.5043478260869565,0.5939130434782609,8
2879,0.45217391304347826,0.05961438782957429,0.37695652173913047,0.45217391304347826,0.5530434782608695,8
2880,0.46304347826086956,0.05925657900190874,0.38,0.45217391304347826,0.5447826086956521,8
2881,0.3826086956521739,0.04078622399846461,0.3217391304347826,0.4,0.4260869565217391,8
2882,0.3456521739130435,0.06206131488530521,0.2582608695652174,0.3565217391304348,0.4230434782608696,8
2883,0.3,0.12533508961217021,0.07086956521739131,0.3652173913043478,0.43434782608695655,8
2884,0.41956521739130437,0.07477123270399928,0.3134782608695652,0.4173913043478261,0.5356521739130434,8
2885,0.4347826086956522,0.09760845356801585,0.24782608695652175,0.4434782608695652,0.5447826086956521,8
2886,0.37173913043478257,0.10806337844901365,0.19478260869565217,0.3913043478260869,0.49260869565217397,8
2887,0.5065217391304349,0.08822445168566533,0.38608695652173913,0.48695652173913045,0.6656521739130435,8
2888,0.5195652173913043,0.08605511049082386,0.37478260869565216,0.5217391304347826,0.6286956521739131,8
2889,0.41086956521739126,0.16044303030526122,0.1743478260869565,0.4260869565217391,0.6256521739130435,8
2890,0.35434782608695653,0.07552588159147917,0.20695652173913043,0.3826086956521739,0.4373913043478261,8
2891,0.4608695652173913,0.06735623210795508,0.35956521739130437,0.4608695652173913,0.5591304347826087,8
2892,0.3586956521739131,0.08131132264897846,0.25521739130434784,0.3391304347826087,0.47521739130434787,8
2893,0.49782608695652175,0.0799042432586483,0.3491304347826087,0.4956521739130435,0.5969565217391304,8
2894,0.41956521739130437,0.09403273371253117,0.3073913043478261,0.4,0.5878260869565217,8
2895,0.41304347826086957,0.11362725517714765,0.23782608695652174,0.4260869565217391,0.5560869565217391,8
2896,0.4,0.08385783270428655,0.29304347826086957,0.4,0.5582608695652174,8
2897,0.39565217391304347,0.10242799121208476,0.20695652173913043,0.4,0.5243478260869566,8
2898,0.32173913043478264,0.09565217391304348,0.18565217391304348,0.34782608695652173,0.4373913043478261,8
2899,0.41956521739130437,0.1360911237033873,0.2182608695652174,0.3826086956521739,0.6226086956521739,8
2900,0.38913043478260867,0.1168061098435625,0.2408695652173913,0.3739130434782608,0.5704347826086956,8
2901,0.3913043478260869,0.09161438045958903,0.29304347826086957,0.3826086956521739,0.5695652173913044,8
2902,0.40217391304347827,0.07725806801702985,0.2673913043478261,0.408695652173913,0.5069565217391305,8
2903,0.30217391304347824,0.08971178383462325,0.1426086956521739,0.3217391304347826,0.42,8
2904,0.45434782608695656,0.10359784832559873,0.3021739130434783,0.43478260869565216,0.611304347826087,8
2905,0.39565217391304347,0.06942921488117962,0.2673913043478261,0.4,0.4782608695652174,8
2906,0.4826086956521739,0.06255432421712241,0.38,0.48695652173913045,0.5621739130434782,8
2907,0.4956521739130435,0.07679792057676389,0.4147826086956522,0.46956521739130436,0.6452173913043479,8
2908,0.5021739130434782,0.07219879089311135,0.40869565217391307,0.4956521739130435,0.611304347826087,8
2909,0.4,0.08652064670492347,0.24695652173913044,0.4173913043478261,0.5182608695652174,8
2910,0.3130434782608696,0.09445896079304536,0.1826086956521739,0.33043478260869563,0.44869565217391305,8
2911,0.49347826086956526,0.09261481914843823,0.391304347826087,0.48695652173913045,0.6543478260869565,8
2912,0.43478260869565216,0.07010658911563955,0.35956521739130437,0.4,0.5560869565217391,8
2913,0.43478260869565216,0.10506996498777889,0.25521739130434784,0.4956521739130435,0.538695652173913,8
2914,0.3456521739130435,0.05957473741758574,0.26956521739130435,0.3391304347826087,0.4260869565217391,8
2915,0.508695652173913,0.09943127500895019,0.4117391304347826,0.4782608695652174,0.6860869565217392,8
2916,0.5108695652173914,0.09261481914843823,0.38608695652173913,0.48695652173913045,0.6573913043478261,8
2917,0.4326086956521739,0.056979749661222406,0.35130434782608694,0.4173913043478261,0.5356521739130434,8
2918,0.5,0.1303622987005648,0.35130434782608694,0.43478260869565216,0.712608695652174,8
2919,0.4,0.0608695652173913,0.2847826086956522,0.408695652173913,0.4721739130434783,8
2920,0.4130434782608696,0.03450979970953814,0.37695652173913047,0.4,0.47521739130434787,8
2921,0.3521739130434782,0.07365684498303225,0.25521739130434784,0.34782608695652173,0.4547826086956522,8
2922,0.44999999999999996,0.10612169780399065,0.3247826086956522,0.4434782608695652,0.6165217391304348,8
2923,0.3130434782608696,0.08110764393990273,0.20304347826086958,0.33043478260869563,0.42,8
2924,0.4608695652173913,0.12631164388116478,0.3217391304347826,0.4260869565217391,0.6686956521739131,8
2925,0.41739130434782606,0.09325048082403137,0.29000000000000004,0.43478260869565216,0.5560869565217391,8
2926,0.4130434782608696,0.1332308995308223,0.2582608695652174,0.3739130434782609,0.6595652173913044,8
2927,0.4478260869565217,0.07814000328526707,0.3452173913043478,0.4347826086956522,0.5847826086956521,8
2928,0.3804347826086957,0.07823067050194167,0.26956521739130435,0.3826086956521739,0.49260869565217397,8
2929,0.3108695652173913,0.13243038617841768,0.08739130434782609,0.33043478260869563,0.4608695652173913,8
2930,0.4173913043478261,0.07429568474189158,0.2960869565217391,0.4434782608695652,0.4956521739130435,8
2931,0.48260869565217385,0.12166146590985412,0.3308695652173913,0.4608695652173913,0.6830434782608696,8
2932,0.3630434782608696,0.11268756680603859,0.16608695652173913,0.3739130434782609,0.5069565217391305,8
2933,0.4260869565217391,0.14155496170521484,0.22956521739130434,0.4260869565217391,0.6430434782608696,8
2934,0.39565217391304347,0.08329236548116528,0.2673913043478261,0.3913043478260869,0.5295652173913044,8
2935,0.3978260869565217,0.13185817551409348,0.18869565217391304,0.4347826086956522,0.5817391304347826,8
2936,0.39565217391304347,0.09395731645641006,0.2417391304347826,0.3739130434782609,0.5273913043478261,8
2937,0.4282608695652174,0.11218318128209277,0.23782608695652174,0.4608695652173913,0.5447826086956521,8
2938,0.3673913043478261,0.10468694893769134,0.2408695652173913,0.3565217391304348,0.5417391304347826,8
2939,0.40217391304347827,0.09200045204129927,0.2673913043478261,0.3913043478260869,0.5304347826086957,8
2940,0.3652173913043478,0.1079102056173118,0.15782608695652173,0.3739130434782609,0.4782608695652174,8
2941,0.44130434782608696,0.05460807255252377,0.3626086956521739,0.4434782608695652,0.5356521739130434,8
2942,0.3565217391304348,0.08652064670492349,0.25217391304347825,0.3391304347826087,0.5039130434782609,8
2943,0.37173913043478257,0.11048526747454836,0.26956521739130435,0.34782608695652173,0.5839130434782609,8
2944,0.45869565217391306,0.07451798478696788,0.33695652173913043,0.4608695652173913,0.5447826086956521,8
2945,0.3369565217391305,0.09854806049254901,0.18869565217391304,0.34782608695652173,0.45782608695652177,8
2946,0.33478260869565213,0.10056550874974242,0.16608695652173913,0.33913043478260874,0.46913043478260874,8
2947,0.3,0.06721576014669699,0.22043478260869565,0.28695652173913044,0.41695652173913045,8
2948,0.4391304347826087,0.06434195037803801,0.3421739130434783,0.4608695652173913,0.5243478260869566,8
2949,0.4326086956521739,0.08992225165194102,0.2734782608695652,0.43478260869565216,0.5447826086956521,8
2950,0.3282608695652174,0.10858690211949719,0.16304347826086957,0.33043478260869563,0.4947826086956522,8
2951,0.3173913043478261,0.10497996928390989,0.16521739130434782,0.33043478260869563,0.46913043478260874,8
2952,0.3586956521739131,0.056647018351284266,0.29000000000000004,0.34782608695652173,0.4404347826086957,8
2953,0.341304347826087,0.051764699564307216,0.27260869565217394,0.34782608695652173,0.40869565217391307,8
2954,0.408695652173913,0.07777627747825357,0.2960869565217391,0.4,0.5130434782608696,8
2955,0.30869565217391304,0.04899751160688977,0.25521739130434784,0.2956521739130435,0.3995652173913044,8
2956,0.42826086956521736,0.07502362576842347,0.2991304347826087,0.4434782608695652,0.5243478260869566,8
2957,0.29347826086956524,0.07375302371168424,0.20304347826086958,0.2782608695652174,0.40565217391304353,8
2958,0.30869565217391304,0.14465917182273155,0.13652173913043478,0.2956521739130435,0.5069565217391305,8
2959,0.4826086956521739,0.12831612663803224,0.3247826086956522,0.5043478260869565,0.6430434782608696,8
2960,0.391304347826087,0.12419875527900609,0.23782608695652174,0.34782608695652173,0.5734782608695652,8
2961,0.3673913043478261,0.07774589018368551,0.2582608695652174,0.3652173913043478,0.4978260869565218,8
2962,0.36086956521739133,0.08005196799792161,0.24391304347826087,0.3565217391304348,0.4782608695652174,8
2963,0.33043478260869563,0.10825999650424983,0.22043478260869565,0.2956521739130435,0.5265217391304348,8
2964,0.3739130434782609,0.05430433042085565,0.3073913043478261,0.3652173913043478,0.46608695652173915,8
2965,0.43260869565217397,0.08865195001784211,0.3278260869565217,0.391304347826087,0.5878260869565217,8
2966,0.3521739130434782,0.15862118562569305,0.08,0.3652173913043478,0.5591304347826087,8
2967,0.4,0.0956521739130435,0.23565217391304347,0.4173913043478261,0.51,8
2968,0.3565217391304348,0.08994852550250958,0.22956521739130434,0.3391304347826087,0.4895652173913044,8
2969,0.34782608695652173,0.07170618479335063,0.26956521739130435,0.33913043478260874,0.4773913043478261,8
2970,0.40217391304347827,0.07871246517492032,0.29304347826086957,0.3826086956521739,0.51,8
2971,0.3456521739130435,0.08014047213550766,0.23782608695652174,0.3391304347826087,0.45782608695652177,8
2972,0.4065217391304348,0.08494966818513011,0.2756521739130435,0.4260869565217391,0.5243478260869566,8
2973,0.42826086956521736,0.03631150671410884,0.37695652173913047,0.4260869565217391,0.4895652173913044,8
2974,0.3847826086956522,0.09158858449104737,0.2417391304347826,0.3652173913043478,0.5439130434782609,8
2975,0.3869565217391304,0.060714087146821485,0.278695652173913,0.4173913043478261,0.4547826086956522,8
2976,0.3652173913043478,0.057680431136615654,0.2643478260869565,0.3739130434782609,0.4404347826086957,8
2977,0.3695652173913043,0.11883174233666477,0.1834782608695652,0.3826086956521739,0.5417391304347826,8
2978,0.4391304347826087,0.0998107850717304,0.3021739130434783,0.4260869565217391,0.6082608695652174,8
2979,0.30000000000000004,0.07157425057893187,0.15782608695652173,0.31304347826086953,0.3821739130434783,8
2980,0.34782608695652173,0.10215078369104984,0.22043478260869565,0.3565217391304348,0.4782608695652174,8
2981,0.2782608695652174,0.12809495532744553,0.08217391304347826,0.30434782608695654,0.4939130434782609,8
2982,0.4434782608695652,0.0860825646661884,0.3482608695652174,0.4173913043478261,0.6134782608695653,8
2983,0.391304347826087,0.1050699649877789,0.21217391304347827,0.408695652173913,0.5273913043478261,8
2984,0.3739130434782609,0.1017799992236489,0.2756521739130435,0.33043478260869563,0.567391304347826,8
2985,0.39999999999999997,0.12297509238026913,0.26130434782608697,0.3391304347826087,0.6195652173913043,8
2986,0.44130434782608696,0.05460807255252379,0.3565217391304348,0.4608695652173913,0.51,8
2987,0.39347826086956517,0.08084501731211763,0.29000000000000004,0.3913043478260869,0.4956521739130435,8
2988,0.3760869565217391,0.041189772438035684,0.3073913043478261,0.3826086956521739,0.4260869565217391,8
2989,0.3021739130434783,0.06590220170097442,0.18869565217391304,0.32173913043478264,0.3739130434782609,8
2990,0.31304347826086953,0.15506569130545228,0.06478260869565217,0.2956521739130435,0.5304347826086957,8
2991,0.3695652173913043,0.10569778940124538,0.17739130434782607,0.4,0.4895652173913044,8
2992,0.358695652173913,0.0946339080855605,0.25521739130434784,0.3391304347826087,0.5491304347826087,8
2993,0.4173913043478261,0.08340576562282989,0.31043478260869567,0.4173913043478261,0.5643478260869565,8
2994,0.40869565217391307,0.09525609695742021,0.25521739130434784,0.4608695652173913,0.5069565217391305,8
2995,0.4043478260869565,0.10056550874974242,0.20695652173913043,0.4434782608695652,0.51,8
2996,0.3717391304347826,0.057966485330319055,0.28695652173913044,0.3739130434782609,0.4434782608695652,8
2997,0.39347826086956517,0.14220449079501124,0.09521739130434782,0.45217391304347826,0.4956521739130435,8
2998,0.47391304347826085,0.09789852390606697,0.33391304347826084,0.4608695652173913,0.6226086956521739,8
2999,0.3391304347826086,0.10930265295631768,0.20304347826086958,0.34782608695652173,0.5265217391304348,8
3000,0.44782608695652176,0.10817265482282375,0.3278260869565217,0.4260869565217391,0.6647826086956522,8
3001,0.35,0.08427944336947883,0.25521739130434784,0.3217391304347826,0.4895652173913044,8
3002,0.3956521739130435,0.08145649563128346,0.29000000000000004,0.391304347826087,0.5243478260869566,8
3003,0.3695652173913044,0.08099102613129198,0.23478260869565218,0.4,0.4434782608695652,8
3004,0.38913043478260867,0.10910791383764874,0.27260869565217394,0.3652173913043478,0.578695652173913,8
3005,0.33043478260869563,0.10288834405390637,0.20608695652173914,0.30434782608695654,0.4978260869565218,8
3006,0.3586956521739131,0.08843845916003475,0.2008695652173913,0.3652173913043478,0.45782608695652177,8
3007,0.33043478260869563,0.10930265295631769,0.18043478260869564,0.2956521739130435,0.4895652173913044,8
3008,0.40652173913043477,0.15296378854132414,0.19782608695652174,0.391304347826087,0.5969565217391304,8
3009,0.3586956521739131,0.10700864760207798,0.15478260869565216,0.3739130434782609,0.48652173913043484,8
3010,0.3978260869565218,0.06445203078423302,0.3073913043478261,0.4,0.49260869565217397,8
3011,0.43043478260869567,0.07957828355531793,0.3165217391304348,0.43478260869565216,0.5756521739130435,8
3012,0.3565217391304348,0.047628048478710105,0.29304347826086957,0.34782608695652173,0.4373913043478261,8
3013,0.4,0.09445896079304535,0.2273913043478261,0.40869565217391307,0.5356521739130434,8
