unit_index,sample_mean,sample_std,q025,q500,q975,num_finite_samples
0,0.06979166666666667,0.1311300708690082,-0.16041666666666665,0.075,0.29583333333333334,16
1,0.325,0.12583057392117916,0.16458333333333333,0.2833333333333333,0.5979166666666667,16
2,0.3302083333333333,0.10021136516550073,0.16458333333333333,0.3333333333333333,0.525,16
3,0.35104166666666664,0.07323590829565023,0.22291666666666668,0.3416666666666667,0.4604166666666667,16
4,0.38333333333333336,0.08599903100229289,0.23958333333333334,0.4,0.5145833333333333,16
5,0.2739583333333333,0.11241798708144728,0.04791666666666666,0.275,0.43333333333333335,16
6,0.26458333333333334,0.09680216796240786,0.12291666666666667,0.2583333333333333,0.43125,16
7,0.37083333333333335,0.0846766726370899,0.23958333333333334,0.36666666666666664,0.53125,16
8,0.37395833333333334,0.1067136533881417,0.19583333333333333,0.36666666666666664,0.5375000000000001,16
9,0.3989583333333333,0.0848750613647299,0.2583333333333333,0.42500000000000004,0.5354166666666667,16
10,0.303125,0.08979505020693884,0.16875,0.31666666666666665,0.44375000000000003,16
11,0.253125,0.07799989983967928,0.10208333333333333,0.25,0.35,16
12,0.328125,0.07258107296518686,0.1875,0.31666666666666665,0.42708333333333337,16
13,0.29791666666666666,0.0835154260534477,0.15625,0.31666666666666665,0.4166666666666667,16
14,0.39895833333333336,0.09175540212676551,0.21250000000000002,0.4083333333333333,0.5354166666666667,16
15,0.3572916666666667,0.07287945479046586,0.26666666666666666,0.35,0.4875,16
16,0.31354166666666666,0.07364959030963973,0.19583333333333333,0.30833333333333335,0.4375,16
17,0.3041666666666667,0.09138213416442212,0.15625,0.3,0.48125,16
18,0.221875,0.1241245384348585,0.02291666666666667,0.225,0.4479166666666667,16
19,0.4135416666666667,0.09614419689831635,0.225,0.43333333333333335,0.5375000000000001,16
20,0.36250000000000004,0.10921118685067631,0.15833333333333333,0.3916666666666667,0.5104166666666667,16
21,0.29166666666666663,0.08374896350934075,0.15625,0.31666666666666665,0.43125,16
22,0.25625,0.06370368688091939,0.17291666666666666,0.25,0.3875,16
23,0.3197916666666667,0.13073227917941477,0.07291666666666666,0.3333333333333333,0.5208333333333334,16
24,0.25,0.09109671295448102,0.07708333333333334,0.275,0.37083333333333335,16
25,0.31979166666666664,0.080410999368522,0.20625000000000002,0.30833333333333335,0.47708333333333336,16
26,0.35624999999999996,0.08119656362460449,0.20208333333333334,0.3583333333333333,0.4604166666666667,16
27,0.346875,0.06902564690428882,0.25625,0.3333333333333333,0.4666666666666667,16
28,0.3604166666666667,0.08677777333191056,0.23333333333333334,0.35833333333333334,0.51875,16
29,0.2979166666666666,0.08225869592666514,0.18333333333333332,0.2833333333333333,0.45,16
30,0.28645833333333337,0.07665279539368845,0.17916666666666667,0.29166666666666663,0.4354166666666667,16
31,0.27604166666666663,0.10034121473751452,0.06875,0.2833333333333333,0.4041666666666667,16
32,0.35,0.0629152869605896,0.2520833333333333,0.3416666666666667,0.45416666666666666,16
33,0.32291666666666663,0.10372824403753836,0.13541666666666666,0.3333333333333333,0.49583333333333335,16
34,0.32916666666666666,0.09709316831442538,0.15,0.35,0.4916666666666667,16
35,0.32708333333333334,0.11575161985907584,0.09375,0.3416666666666667,0.4666666666666667,16
36,0.32499999999999996,0.08878031563609382,0.13958333333333334,0.3333333333333333,0.44166666666666665,16
37,0.3739583333333333,0.08719565125178103,0.23125,0.36666666666666664,0.5416666666666666,16
38,0.3145833333333333,0.08225869592666514,0.16875,0.32499999999999996,0.44375000000000003,16
39,0.321875,0.10269269657845954,0.16875,0.32499999999999996,0.4916666666666667,16
40,0.29374999999999996,0.08434284366665484,0.1375,0.29166666666666663,0.42708333333333337,16
41,0.31354166666666666,0.0984636759729755,0.08125,0.3333333333333333,0.42083333333333334,16
42,0.2583333333333333,0.09409658158863514,0.10416666666666666,0.25,0.43125,16
43,0.221875,0.04990224819584785,0.14166666666666666,0.20833333333333334,0.3145833333333333,16
44,0.35208333333333336,0.1097463932588827,0.17916666666666667,0.3416666666666667,0.5270833333333333,16
45,0.2875,0.08887803753208975,0.11458333333333333,0.2833333333333333,0.44375000000000003,16
46,0.30833333333333335,0.07523112535528245,0.19166666666666665,0.29166666666666663,0.43333333333333335,16
47,0.3458333333333333,0.09344858955002419,0.17916666666666667,0.3666666666666667,0.4979166666666667,16
48,0.33958333333333335,0.07285711854185714,0.23958333333333334,0.3333333333333333,0.45416666666666666,16
49,0.26875,0.057997545446146055,0.15416666666666667,0.26666666666666666,0.35416666666666663,16
50,0.25416666666666665,0.10197698542100347,0.10208333333333333,0.21666666666666667,0.42083333333333334,16
51,0.31666666666666665,0.06770032003863301,0.21666666666666667,0.3333333333333333,0.42708333333333337,16
52,0.2552083333333333,0.061440675429410944,0.14166666666666666,0.26666666666666666,0.33749999999999997,16
53,0.27812499999999996,0.07210109366946756,0.16249999999999998,0.2833333333333333,0.41458333333333336,16
54,0.2875,0.07648983229452425,0.17291666666666666,0.2833333333333333,0.4104166666666667,16
55,0.3739583333333333,0.09999457450559784,0.25,0.3666666666666667,0.55,16
56,0.19895833333333335,0.08528317821300466,0.035416666666666666,0.2,0.3104166666666667,16
57,0.25,0.09664511253952668,0.10208333333333333,0.26666666666666666,0.3979166666666667,16
58,0.26249999999999996,0.09619496983845996,0.1,0.275,0.42500000000000004,16
59,0.296875,0.07866480179639854,0.13958333333333334,0.31666666666666665,0.42083333333333334,16
60,0.3760416666666667,0.11872715423515287,0.15833333333333333,0.4,0.56875,16
61,0.29791666666666666,0.09910624910221913,0.13333333333333333,0.30833333333333335,0.4604166666666667,16
62,0.34479166666666666,0.05455589322988959,0.27291666666666664,0.32499999999999996,0.44375000000000003,16
63,0.290625,0.09947234924283678,0.14166666666666666,0.2833333333333333,0.4854166666666667,16
64,0.3302083333333333,0.06352458786870553,0.25625,0.3,0.44375000000000003,16
65,0.334375,0.08945606269436286,0.17291666666666666,0.35,0.4708333333333333,16
66,0.3760416666666667,0.08739452968833031,0.23125,0.375,0.53125,16
67,0.3885416666666667,0.07210109366946757,0.2833333333333333,0.3833333333333333,0.51875,16
68,0.2375,0.09157192073264962,0.08125,0.25,0.4145833333333333,16
69,0.29270833333333335,0.08078794902913017,0.16666666666666666,0.29166666666666663,0.42708333333333337,16
70,0.265625,0.09344278366703576,0.15625,0.2583333333333333,0.48125,16
71,0.29375,0.09239765358973619,0.12916666666666665,0.30833333333333335,0.4166666666666667,16
72,0.30833333333333335,0.07750448015724282,0.20625000000000002,0.29166666666666663,0.475,16
73,0.309375,0.07359063525491692,0.21666666666666667,0.2833333333333333,0.45208333333333334,16
74,0.25,0.0939118972465387,0.0625,0.26666666666666666,0.36666666666666664,16
75,0.27812499999999996,0.1060199715855461,0.09166666666666667,0.29166666666666663,0.475,16
76,0.23333333333333334,0.08720187306856812,0.10625000000000001,0.225,0.38125,16
77,0.2677083333333333,0.07204087140490305,0.14166666666666666,0.26666666666666666,0.40208333333333335,16
78,0.2729166666666667,0.06993920971497716,0.12916666666666665,0.2833333333333333,0.3770833333333333,16
79,0.259375,0.13109696766346488,0.04583333333333334,0.23333333333333334,0.46875,16
80,0.23854166666666665,0.07400233432879742,0.11875,0.23333333333333334,0.35,16
81,0.20833333333333331,0.1030776406404415,0.01666666666666667,0.19166666666666665,0.35416666666666663,16
82,0.2739583333333333,0.10120262094487036,0.13958333333333334,0.2583333333333333,0.475,16
83,0.22916666666666666,0.09061901321221477,0.02083333333333333,0.23333333333333334,0.34791666666666665,16
84,0.31979166666666664,0.0952370489153833,0.16249999999999998,0.3416666666666667,0.45,16
85,0.303125,0.10141682929321391,0.08333333333333334,0.30833333333333335,0.43333333333333335,16
86,0.2875,0.1125,0.09166666666666667,0.29166666666666663,0.475,16
87,0.17916666666666667,0.1011221758292633,0.029166666666666667,0.175,0.36458333333333337,16
88,0.3416666666666667,0.12472191289246473,0.12708333333333333,0.35,0.5479166666666667,16
89,0.33958333333333335,0.05799754544614606,0.23541666666666666,0.3333333333333333,0.43333333333333335,16
90,0.26249999999999996,0.06414501799308604,0.14166666666666666,0.25,0.36041666666666666,16
91,0.33854166666666663,0.08451634251893404,0.19583333333333333,0.3416666666666667,0.4604166666666667,16
92,0.23541666666666666,0.09644280832585587,0.11666666666666667,0.23333333333333334,0.3979166666666667,16
93,0.27708333333333335,0.11286591725484615,0.1125,0.3,0.4375,16
94,0.29375,0.08183549725584315,0.17916666666666667,0.2833333333333333,0.46666666666666673,16
95,0.3375,0.08426561840065284,0.21666666666666667,0.32499999999999996,0.49375,16
96,0.30625,0.0733321496116585,0.21666666666666667,0.3,0.44375000000000003,16
97,0.25104166666666666,0.09491749889889757,0.10625000000000001,0.26666666666666666,0.4,16
98,0.26249999999999996,0.10696248044161195,0.07291666666666666,0.2833333333333333,0.3875,16
99,0.24166666666666664,0.07839536550927825,0.10833333333333334,0.24166666666666667,0.3875,16
100,0.31145833333333334,0.12426432820358742,0.16666666666666666,0.2833333333333333,0.5604166666666667,16
101,0.2489583333333333,0.07082567360545655,0.10833333333333334,0.2583333333333333,0.3333333333333333,16
102,0.20208333333333334,0.08895125850087163,0.05625,0.19166666666666665,0.34791666666666665,16
103,0.22708333333333333,0.07770023416238131,0.12291666666666667,0.2,0.3854166666666667,16
104,0.2583333333333333,0.11456439237389601,0.07916666666666666,0.26666666666666666,0.45625,16
105,0.3229166666666667,0.07968579791210532,0.19583333333333333,0.32499999999999996,0.45416666666666666,16
106,0.30000000000000004,0.10172129679778086,0.12083333333333332,0.3,0.46458333333333335,16
107,0.28541666666666665,0.07792335087193768,0.16249999999999998,0.29166666666666663,0.42083333333333334,16
108,0.296875,0.07888519039647994,0.15,0.30833333333333335,0.38333333333333336,16
109,0.2875,0.08769818824937162,0.17291666666666666,0.3,0.4,16
110,0.34791666666666665,0.11378509837017813,0.15833333333333333,0.3416666666666667,0.5270833333333333,16
111,0.2645833333333333,0.08777239347058706,0.13333333333333333,0.2583333333333333,0.4104166666666667,16
112,0.284375,0.07533922128538952,0.2,0.26666666666666666,0.4375,16
113,0.3302083333333333,0.09811040231120585,0.17916666666666667,0.35,0.4875,16
114,0.26666666666666666,0.07592027982620249,0.15208333333333332,0.2583333333333333,0.4041666666666667,16
115,0.30104166666666665,0.10466028875206998,0.14583333333333331,0.3,0.4708333333333333,16
116,0.24583333333333332,0.08769818824937162,0.058333333333333334,0.24166666666666667,0.38125,16
117,0.26979166666666665,0.10209927596598214,0.11875,0.2583333333333333,0.4479166666666667,16
118,0.334375,0.09726623507729243,0.16458333333333333,0.35,0.47708333333333336,16
119,0.33645833333333336,0.10528050329951887,0.18333333333333332,0.3416666666666667,0.49375,16
120,0.3208333333333333,0.0969141945801084,0.16458333333333333,0.3,0.49583333333333335,16
121,0.18125,0.07634784250753622,0.08333333333333333,0.16666666666666666,0.31666666666666665,16
122,0.290625,0.102396416156361,0.0875,0.30833333333333335,0.4375,16
123,0.31562499999999993,0.08507936450096985,0.15833333333333333,0.3333333333333333,0.4375,16
124,0.2864583333333333,0.09487176103386438,0.13958333333333334,0.3,0.45416666666666666,16
125,0.334375,0.07008644216251815,0.19791666666666666,0.3416666666666667,0.4375,16
126,0.31666666666666665,0.10086432030758505,0.15625,0.29166666666666663,0.46458333333333335,16
127,0.33229166666666665,0.11508884701974094,0.10208333333333333,0.3416666666666667,0.5,16
128,0.2989583333333333,0.08906706859627375,0.13958333333333334,0.31666666666666665,0.43333333333333335,16
129,0.17916666666666667,0.09492321458245431,0.018750000000000003,0.175,0.36875,16
130,0.3302083333333333,0.07505061949185438,0.2,0.31666666666666665,0.4604166666666667,16
131,0.3416666666666667,0.08014743359029727,0.21666666666666667,0.3333333333333333,0.4875,16
132,0.34791666666666665,0.07566258248889532,0.22291666666666668,0.375,0.45,16
133,0.33229166666666665,0.13546073001058276,0.15208333333333332,0.30833333333333335,0.5895833333333333,16
134,0.215625,0.10808766214667302,0.05625,0.19166666666666665,0.4104166666666667,16
135,0.2739583333333333,0.10120262094487036,0.12291666666666667,0.2833333333333333,0.44375000000000003,16
136,0.3052083333333333,0.09677414104501264,0.13333333333333333,0.3,0.44375000000000003,16
137,0.2916666666666667,0.0907147544044885,0.1375,0.29166666666666663,0.44375000000000003,16
138,0.3614583333333333,0.10667297344636499,0.20208333333333334,0.3416666666666667,0.5479166666666667,16
139,0.2760416666666667,0.09841958611249875,0.11458333333333333,0.275,0.46458333333333335,16
140,0.234375,0.09194441821919733,0.08958333333333333,0.225,0.38333333333333336,16
141,0.31666666666666665,0.08620067027323834,0.17916666666666667,0.32499999999999996,0.4625,16
142,0.3697916666666667,0.1061018166013717,0.16875,0.3916666666666667,0.55,16
143,0.3385416666666667,0.10716011352436856,0.0875,0.375,0.45416666666666666,16
144,0.35416666666666663,0.06909634979907084,0.21250000000000002,0.3583333333333333,0.44375000000000003,16
145,0.30000000000000004,0.10408329997330663,0.12916666666666665,0.31666666666666665,0.48333333333333334,16
146,0.31354166666666666,0.1236340295545239,0.08125,0.31666666666666665,0.525,16
147,0.2833333333333333,0.062081935107297245,0.16249999999999998,0.3,0.36666666666666664,16
148,0.36666666666666664,0.11133657679906156,0.1875,0.36666666666666664,0.575,16
149,0.3125,0.10466547239233726,0.13333333333333333,0.31666666666666665,0.48333333333333334,16
150,0.284375,0.1124951773657678,0.13958333333333334,0.2583333333333333,0.4979166666666667,16
151,0.30729166666666663,0.0629066631120177,0.22291666666666668,0.3,0.44375000000000003,16
152,0.30208333333333337,0.0978723303878862,0.1375,0.3,0.475,16
153,0.2895833333333333,0.07356851492920657,0.16249999999999998,0.275,0.4104166666666667,16
154,0.34479166666666666,0.08694641349385519,0.19583333333333333,0.35,0.4875,16
155,0.31875,0.09553849573165085,0.15625,0.3333333333333333,0.46458333333333335,16
156,0.3583333333333333,0.12090515107122424,0.10208333333333333,0.36666666666666664,0.5333333333333333,16
157,0.3479166666666667,0.08246948088703954,0.23958333333333334,0.32499999999999996,0.4979166666666667,16
158,0.3260416666666667,0.07905007862460071,0.16666666666666669,0.3583333333333333,0.43125,16
159,0.2645833333333333,0.10305658505026363,0.11666666666666667,0.2583333333333333,0.44583333333333336,16
160,0.28020833333333334,0.09811040231120585,0.1125,0.2583333333333333,0.4354166666666667,16
161,0.35520833333333335,0.10286161651839706,0.21666666666666667,0.375,0.5291666666666667,16
162,0.32499999999999996,0.08878031563609384,0.20208333333333334,0.32499999999999996,0.5,16
163,0.29375,0.10221080476696734,0.15625,0.275,0.49375,16
164,0.28020833333333334,0.07574141636368954,0.15,0.2833333333333333,0.38333333333333336,16
165,0.2875,0.09798313346920706,0.13125,0.275,0.4791666666666667,16
166,0.3479166666666667,0.11724188552826258,0.15625,0.35,0.5979166666666667,16
167,0.2583333333333333,0.06508541396588878,0.14583333333333331,0.25,0.35,16
168,0.3,0.08228507357554792,0.18958333333333333,0.29166666666666663,0.4479166666666667,16
169,0.35833333333333334,0.07660323462854265,0.20833333333333331,0.3583333333333333,0.4666666666666667,16
170,0.29375,0.10305658505026365,0.10416666666666666,0.3,0.43333333333333335,16
171,0.334375,0.11031343444678189,0.12291666666666667,0.32499999999999996,0.5,16
172,0.3208333333333333,0.12169234888758527,0.14583333333333331,0.3,0.5666666666666667,16
173,0.4135416666666667,0.08998818402373107,0.26875,0.4,0.5875,16
174,0.31145833333333334,0.08264691254231932,0.14375,0.3333333333333333,0.4166666666666667,16
175,0.30104166666666665,0.08425917976695477,0.19583333333333333,0.29166666666666663,0.47708333333333336,16
176,0.3302083333333333,0.09358202544351726,0.19583333333333333,0.31666666666666665,0.49375,16
177,0.39583333333333337,0.07228896488707282,0.2833333333333333,0.4083333333333333,0.5041666666666667,16
178,0.334375,0.09708758037920655,0.17916666666666667,0.3416666666666667,0.4916666666666667,16
179,0.3208333333333333,0.11895085353016834,0.16249999999999998,0.3,0.5375000000000001,16
180,0.3875,0.0798218502527834,0.2895833333333333,0.3833333333333333,0.5541666666666667,16
181,0.43125,0.11393757428229433,0.27291666666666664,0.42500000000000004,0.6041666666666667,16
182,0.23645833333333333,0.0690256469042888,0.10625000000000001,0.24166666666666667,0.3333333333333333,16
183,0.3302083333333333,0.11640129789988503,0.10833333333333334,0.3583333333333333,0.47708333333333336,16
184,0.34895833333333337,0.09250914932228776,0.20625000000000002,0.3333333333333333,0.5,16
185,0.25625,0.08434284366665483,0.10625000000000001,0.2833333333333333,0.36458333333333337,16
186,0.3572916666666667,0.08290907628574545,0.23333333333333334,0.35,0.4979166666666667,16
187,0.440625,0.1415402315696063,0.23541666666666666,0.4083333333333333,0.6479166666666667,16
188,0.26979166666666665,0.07458653391642935,0.16666666666666666,0.26666666666666666,0.41875,16
189,0.32395833333333335,0.06820331889529521,0.21250000000000002,0.3333333333333333,0.44166666666666665,16
190,0.2864583333333333,0.08784035985493481,0.12291666666666667,0.275,0.45,16
191,0.33958333333333335,0.10305658505026365,0.19583333333333333,0.3333333333333333,0.5145833333333333,16
192,0.34687500000000004,0.09969027556219648,0.19791666666666666,0.32499999999999996,0.5583333333333333,16
193,0.2572916666666667,0.1045773155639193,0.07916666666666666,0.2583333333333333,0.42708333333333337,16
194,0.3125,0.07252872993970505,0.20625000000000002,0.3,0.4166666666666667,16
195,0.3364583333333333,0.09560094105475928,0.19166666666666665,0.30833333333333335,0.48333333333333334,16
196,0.2947916666666667,0.09085220560827838,0.11875000000000001,0.2833333333333333,0.4479166666666667,16
197,0.2708333333333333,0.11110243021644486,0.11875,0.26666666666666666,0.4854166666666667,16
198,0.3375,0.06601241465731192,0.22291666666666668,0.3416666666666667,0.4479166666666667,16
199,0.26666666666666666,0.11711224435462664,0.03333333333333333,0.275,0.46458333333333335,16
200,0.33958333333333335,0.11100472337297684,0.11875,0.35,0.5,16
201,0.4447916666666667,0.07281987623581904,0.3020833333333333,0.45,0.5708333333333334,16
202,0.31875,0.10538866558284783,0.10625000000000001,0.30833333333333335,0.4604166666666667,16
203,0.29270833333333335,0.0629066631120177,0.17916666666666667,0.2833333333333333,0.3770833333333333,16
204,0.2916666666666667,0.10223203455321081,0.13541666666666666,0.2833333333333333,0.4708333333333333,16
205,0.30520833333333336,0.09641467694576152,0.14791666666666667,0.2833333333333333,0.43333333333333335,16
206,0.2552083333333333,0.09837547649185746,0.07916666666666666,0.25,0.4166666666666667,16
207,0.37395833333333334,0.10441117137707695,0.18125,0.36666666666666664,0.5541666666666667,16
208,0.3697916666666667,0.07777700272431293,0.25625,0.3666666666666667,0.49375,16
209,0.30625,0.09787233038788622,0.15208333333333332,0.3,0.48333333333333334,16
210,0.3,0.08539125638299665,0.15625,0.29166666666666663,0.4604166666666667,16
211,0.228125,0.08654614015078893,0.07500000000000001,0.25,0.36458333333333337,16
212,0.2895833333333333,0.09351823203109767,0.16249999999999998,0.275,0.45,16
213,0.3729166666666667,0.11286591725484615,0.20625000000000002,0.3416666666666667,0.5708333333333334,16
214,0.3104166666666667,0.09011470314117571,0.15,0.3333333333333333,0.4166666666666667,16
215,0.25833333333333336,0.08100925873009826,0.13125,0.25,0.4,16
216,0.36354166666666665,0.07173900177030623,0.19791666666666666,0.3833333333333333,0.45416666666666666,16
217,0.278125,0.04237676168084997,0.21666666666666667,0.275,0.35416666666666663,16
218,0.2989583333333333,0.07760940977813909,0.18958333333333333,0.29166666666666663,0.43333333333333335,16
219,0.38333333333333336,0.08858454843945543,0.22916666666666669,0.3916666666666667,0.5104166666666667,16
220,0.30625,0.08796996804465589,0.18541666666666667,0.29166666666666663,0.46875,16
221,0.3208333333333333,0.09727181274940627,0.17291666666666666,0.31666666666666665,0.47708333333333336,16
222,0.3104166666666667,0.1097463932588827,0.08958333333333333,0.31666666666666665,0.44375000000000003,16
223,0.3125,0.09921567416492216,0.13958333333333334,0.3333333333333333,0.44375000000000003,16
224,0.2885416666666667,0.08431067506879278,0.14583333333333331,0.31666666666666665,0.38333333333333336,16
225,0.328125,0.07423656584415347,0.18541666666666667,0.3333333333333333,0.44375000000000003,16
226,0.4041666666666667,0.07960405489392833,0.32291666666666663,0.38333333333333336,0.5916666666666667,16
227,0.2635416666666667,0.0731766199570145,0.14583333333333331,0.3,0.35,16
228,0.24895833333333334,0.07204087140490305,0.12291666666666667,0.25,0.39166666666666666,16
229,0.359375,0.07545435292281023,0.26666666666666666,0.3583333333333333,0.47708333333333336,16
230,0.275,0.08779711460710615,0.14583333333333331,0.24166666666666667,0.45,16
231,0.34375,0.07520227353241686,0.20208333333333334,0.3416666666666667,0.45416666666666666,16
232,0.30833333333333335,0.10833333333333335,0.11458333333333333,0.32499999999999996,0.46458333333333335,16
233,0.36875,0.0893407568432982,0.22916666666666669,0.36666666666666664,0.53125,16
234,0.290625,0.10424476239174375,0.08541666666666667,0.3,0.4729166666666667,16
235,0.321875,0.047769247865825426,0.23958333333333334,0.32499999999999996,0.4,16
236,0.3375,0.08239049972202162,0.20625000000000002,0.3333333333333333,0.4708333333333333,16
237,0.346875,0.08275187770612151,0.19166666666666665,0.3583333333333333,0.46458333333333335,16
238,0.34270833333333334,0.10256582405406242,0.17083333333333334,0.32499999999999996,0.53125,16
239,0.26145833333333335,0.08073420683191096,0.12291666666666667,0.2833333333333333,0.3958333333333333,16
240,0.3302083333333333,0.07364959030963973,0.20625000000000002,0.3583333333333333,0.43125,16
241,0.31666666666666665,0.13869430814244366,0.03333333333333334,0.3666666666666667,0.5104166666666667,16
242,0.2375,0.09176131477310516,0.0875,0.23333333333333334,0.39166666666666666,16
243,0.27083333333333337,0.10383279828647594,0.12291666666666667,0.26666666666666666,0.4375,16
244,0.21354166666666669,0.11090203854202942,0.03958333333333333,0.19166666666666665,0.39375000000000004,16
245,0.26041666666666663,0.08796996804465589,0.15,0.2833333333333333,0.42500000000000004,16
246,0.33333333333333337,0.07750448015724282,0.18958333333333333,0.3416666666666667,0.4166666666666667,16
247,0.3145833333333333,0.10702332949201102,0.16249999999999998,0.31666666666666665,0.5145833333333333,16
248,0.35833333333333334,0.0905231707600018,0.21250000000000002,0.36666666666666664,0.49375,16
249,0.31666666666666665,0.12061762355108441,0.15208333333333332,0.32499999999999996,0.5416666666666666,16
250,0.2583333333333333,0.12233265213252666,0.08333333333333333,0.26666666666666666,0.4979166666666667,16
251,0.28854166666666664,0.07113141935491267,0.15416666666666667,0.30833333333333335,0.3979166666666667,16
252,0.3052083333333333,0.09367473830880033,0.17291666666666666,0.29166666666666663,0.49375,16
253,0.34375,0.10489329895978422,0.16041666666666665,0.3416666666666667,0.5166666666666667,16
254,0.35000000000000003,0.08559432743405891,0.19583333333333333,0.3333333333333333,0.4979166666666667,16
255,0.23020833333333335,0.07411954261341758,0.09583333333333333,0.23333333333333334,0.37916666666666665,16
256,0.31666666666666665,0.0959238702768445,0.16875,0.31666666666666665,0.5145833333333334,16
257,0.26041666666666663,0.09126331714087296,0.08125,0.29166666666666663,0.38125,16
258,0.28645833333333337,0.05810035319743475,0.15416666666666667,0.3,0.36041666666666666,16
259,0.27499999999999997,0.10069204977995479,0.09791666666666667,0.275,0.43333333333333335,16
260,0.359375,0.05102040373441025,0.275,0.35,0.45416666666666666,16
261,0.29375,0.10456175076108003,0.17291666666666666,0.275,0.5020833333333333,16
262,0.21145833333333333,0.09180269263480238,0.0625,0.225,0.34375,16
263,0.31354166666666666,0.10243879439559128,0.14583333333333331,0.30833333333333335,0.4916666666666667,16
264,0.3125,0.0911919526176637,0.18333333333333332,0.32499999999999996,0.4895833333333333,16
265,0.25520833333333337,0.10098795823430304,0.12916666666666665,0.24166666666666667,0.4895833333333333,16
266,0.33229166666666665,0.10904712761768037,0.10416666666666666,0.3416666666666667,0.48333333333333334,16
267,0.29062499999999997,0.07094813001607427,0.2,0.2583333333333333,0.42500000000000004,16
268,0.32499999999999996,0.08819171036881969,0.16875,0.3333333333333333,0.4604166666666667,16
269,0.31770833333333337,0.08808706827464644,0.16458333333333333,0.30833333333333335,0.43333333333333335,16
270,0.27708333333333335,0.0873759040646282,0.12291666666666667,0.3,0.40625,16
271,0.2875,0.11807189429420628,0.09583333333333333,0.275,0.49375,16
272,0.234375,0.0767093970594361,0.11666666666666667,0.23333333333333334,0.38333333333333336,16
273,0.321875,0.09348922063532245,0.15416666666666667,0.3,0.4604166666666667,16
274,0.4114583333333333,0.08594223471805545,0.2833333333333333,0.4166666666666667,0.5270833333333333,16
275,0.3208333333333333,0.06222160217945033,0.23958333333333334,0.31666666666666665,0.45208333333333334,16
276,0.215625,0.09797759629119301,0.03958333333333333,0.21666666666666667,0.3854166666666667,16
277,0.36666666666666664,0.07383352144445562,0.25625,0.36666666666666664,0.4875,16
278,0.23958333333333331,0.08162307510066555,0.10833333333333334,0.23333333333333334,0.37083333333333335,16
279,0.325,0.08680277773333192,0.21250000000000002,0.3416666666666667,0.4791666666666667,16
280,0.2604166666666667,0.09733871988519723,0.07500000000000001,0.2833333333333333,0.41875,16
281,0.32291666666666663,0.053965974362452575,0.23958333333333334,0.3333333333333333,0.4104166666666667,16
282,0.27812499999999996,0.09569169787221181,0.09791666666666667,0.275,0.43333333333333335,16
283,0.30624999999999997,0.07946762967816938,0.16249999999999998,0.3,0.4625,16
284,0.3666666666666667,0.07120003121097944,0.26666666666666666,0.3583333333333333,0.5083333333333333,16
285,0.2739583333333333,0.08436213893750627,0.13958333333333334,0.29166666666666663,0.41875,16
286,0.353125,0.07100927902980944,0.24166666666666667,0.35,0.4916666666666667,16
287,0.3572916666666667,0.12204404231214602,0.14791666666666667,0.3583333333333333,0.5416666666666666,16
288,0.2989583333333333,0.11478675125592191,0.11458333333333333,0.29166666666666663,0.49375,16
289,0.30104166666666665,0.07760940977813909,0.18541666666666667,0.3,0.46666666666666673,16
290,0.33125,0.1018705264866471,0.17916666666666667,0.3583333333333333,0.5208333333333334,16
291,0.31875,0.07309501997020347,0.18958333333333333,0.31666666666666665,0.45833333333333337,16
292,0.30000000000000004,0.10491398593345143,0.1125,0.3333333333333333,0.4625,16
293,0.34791666666666665,0.08516222264987373,0.16041666666666665,0.3583333333333333,0.4604166666666667,16
294,0.303125,0.08998818402373107,0.15625,0.30833333333333335,0.45833333333333337,16
295,0.39375000000000004,0.07543277912596533,0.26875,0.4,0.5375000000000001,16
296,0.28020833333333334,0.10411978111504291,0.08958333333333333,0.3,0.4375,16
297,0.3458333333333333,0.08025566785107592,0.20625000000000002,0.3416666666666667,0.47708333333333336,16
298,0.32916666666666666,0.07534642216677136,0.18541666666666667,0.3333333333333333,0.4479166666666667,16
299,0.2875,0.08769818824937162,0.13958333333333334,0.275,0.4375,16
300,0.23333333333333334,0.07476816018719316,0.0875,0.25,0.34791666666666665,16
301,0.3177083333333333,0.07959723918648882,0.175,0.32499999999999996,0.4375,16
302,0.36041666666666666,0.10084280258567457,0.1625,0.375,0.51875,16
303,0.33958333333333335,0.10406244786451814,0.15625,0.35833333333333334,0.49375,16
304,0.3395833333333333,0.07946762967816938,0.18125,0.35,0.475,16
305,0.35520833333333335,0.107483647011999,0.16249999999999998,0.36666666666666664,0.5437500000000001,16
306,0.4135416666666667,0.09227426472508767,0.25416666666666665,0.4,0.5791666666666667,16
307,0.2989583333333333,0.07131423761151143,0.15625,0.29166666666666663,0.41458333333333336,16
308,0.290625,0.08974670181188338,0.15625,0.275,0.44375000000000003,16
309,0.18854166666666666,0.07493486755176124,0.06666666666666667,0.2,0.32916666666666666,16
310,0.2875,0.10631125685144228,0.12291666666666667,0.3,0.4791666666666667,16
311,0.3677083333333333,0.10728155292137705,0.20625000000000002,0.3583333333333333,0.5770833333333334,16
312,0.5020833333333333,0.08934075684329819,0.3625,0.5,0.64375,16
313,0.30625,0.0942578835488635,0.1375,0.30833333333333335,0.45833333333333337,16
314,0.39479166666666665,0.10133120029279126,0.225,0.375,0.5437500000000001,16
315,0.3072916666666667,0.07794423531887683,0.19583333333333333,0.3,0.44375000000000003,16
316,0.3666666666666667,0.09646530752325189,0.18541666666666667,0.38333333333333336,0.5104166666666667,16
317,0.2635416666666667,0.1082080605823799,0.10625000000000001,0.26666666666666666,0.475,16
318,0.25104166666666666,0.09600867112170419,0.13958333333333334,0.24166666666666667,0.45208333333333334,16
319,0.29583333333333334,0.11141451630934116,0.11458333333333333,0.2833333333333333,0.4916666666666667,16
320,0.33333333333333337,0.11055415967851333,0.10833333333333334,0.32499999999999996,0.48333333333333334,16
321,0.32500000000000007,0.08312473893025002,0.16666666666666666,0.3416666666666667,0.4375,16
322,0.35625,0.09370369226687093,0.23958333333333334,0.3416666666666667,0.5166666666666667,16
323,0.29375,0.0923976535897362,0.15625,0.30833333333333335,0.42083333333333334,16
324,0.30833333333333335,0.09316949906249124,0.175,0.29166666666666663,0.4875,16
325,0.253125,0.08337889379546573,0.15,0.24166666666666667,0.42291666666666666,16
326,0.28958333333333336,0.11797995945639808,0.13333333333333333,0.3,0.4875,16
327,0.23958333333333334,0.08454843286542928,0.13958333333333334,0.225,0.4083333333333333,16
328,0.340625,0.09445912365497929,0.21250000000000002,0.31666666666666665,0.5354166666666667,16
329,0.34270833333333334,0.10800732196116254,0.18333333333333332,0.3583333333333333,0.49375,16
330,0.30104166666666665,0.1023116070177551,0.15833333333333333,0.275,0.5083333333333333,16
331,0.30625,0.0689391337823929,0.20208333333333334,0.31666666666666665,0.44166666666666665,16
332,0.290625,0.10034121473751452,0.05416666666666667,0.30833333333333335,0.4,16
333,0.28020833333333334,0.08644578222151089,0.15625,0.275,0.4604166666666667,16
334,0.309375,0.11007711154509421,0.14791666666666667,0.2833333333333333,0.5375000000000001,16
335,0.28229166666666666,0.07959723918648881,0.15625,0.2833333333333333,0.43125,16
336,0.3375,0.07465197027987049,0.225,0.32499999999999996,0.49375,16
337,0.353125,0.10021136516550073,0.17291666666666666,0.35,0.48333333333333334,16
338,0.33854166666666663,0.10924595562053747,0.13541666666666666,0.3583333333333333,0.5270833333333333,16
339,0.27083333333333337,0.049476425362657984,0.2,0.2833333333333333,0.3333333333333333,16
340,0.284375,0.07276024889625134,0.1375,0.30833333333333335,0.3875,16
341,0.30104166666666665,0.12821812333979068,0.035416666666666666,0.31666666666666665,0.4604166666666667,16
342,0.2604166666666667,0.10238051979421346,0.11875,0.2583333333333333,0.44166666666666665,16
343,0.3291666666666666,0.10516191220103302,0.14791666666666667,0.31666666666666665,0.53125,16
344,0.325,0.08036375634160797,0.16458333333333333,0.3333333333333333,0.4375,16
345,0.33645833333333336,0.10900731849793899,0.13958333333333334,0.32499999999999996,0.48333333333333334,16
346,0.4041666666666667,0.047324236215002285,0.3125,0.4,0.4875,16
347,0.30729166666666663,0.08818555838873696,0.18333333333333332,0.31666666666666665,0.45833333333333337,16
348,0.29166666666666663,0.13149778198382917,0.029166666666666667,0.275,0.5354166666666667,16
349,0.365625,0.10449427649132007,0.17916666666666667,0.3916666666666667,0.5416666666666666,16
350,0.42708333333333337,0.10750888206200557,0.21875,0.42500000000000004,0.6020833333333333,16
351,0.384375,0.12983279177251195,0.15416666666666667,0.44166666666666665,0.56875,16
352,0.43437499999999996,0.11140964668734929,0.21666666666666667,0.45,0.6,16
353,0.4197916666666667,0.10428638953222356,0.2583333333333333,0.4,0.6145833333333334,16
354,0.41875,0.0730950199702035,0.3,0.43333333333333335,0.5166666666666667,16
355,0.4041666666666667,0.09418878796214429,0.2520833333333333,0.3916666666666667,0.5729166666666667,16
356,0.48854166666666665,0.09199161155900151,0.3458333333333333,0.4916666666666667,0.6666666666666666,16
357,0.3885416666666667,0.09890349357665112,0.22916666666666669,0.38333333333333336,0.5333333333333333,16
358,0.4260416666666667,0.11086289549358805,0.20208333333333334,0.43333333333333335,0.5770833333333334,16
359,0.4614583333333333,0.10601997158554609,0.23958333333333331,0.4666666666666667,0.6,16
360,0.29375,0.09733871988519723,0.16666666666666666,0.3,0.4666666666666667,16
361,0.4708333333333333,0.09601432184835759,0.2875,0.475,0.6333333333333333,16
362,0.39375,0.10322490951531246,0.18958333333333333,0.39166666666666666,0.5270833333333333,16
363,0.4375,0.07107800878846658,0.29166666666666663,0.45833333333333337,0.5416666666666666,16
364,0.25416666666666665,0.11599509089229212,0.10625000000000001,0.2583333333333333,0.4979166666666667,16
365,0.39479166666666665,0.0896983273565096,0.23125,0.3916666666666667,0.5375000000000001,16
366,0.36770833333333336,0.08046495743489833,0.24583333333333335,0.3583333333333333,0.5,16
367,0.3510416666666667,0.10416145820311849,0.15208333333333332,0.38333333333333336,0.49375,16
368,0.43020833333333336,0.1223636925884835,0.21666666666666667,0.44166666666666665,0.6479166666666667,16
369,0.4791666666666667,0.10889278621143317,0.32291666666666663,0.4666666666666667,0.69375,16
370,0.37083333333333335,0.08730136183232069,0.23333333333333334,0.3583333333333333,0.525,16
371,0.334375,0.06574063885620691,0.24583333333333335,0.31666666666666665,0.46875,16
372,0.3895833333333334,0.09499177595981666,0.21875,0.3916666666666667,0.5437500000000001,16
373,0.43854166666666666,0.10519801929641494,0.27291666666666664,0.44166666666666665,0.625,16
374,0.45625,0.07880950133074058,0.32499999999999996,0.4666666666666667,0.5875,16
375,0.31354166666666666,0.06593840507541025,0.20208333333333334,0.3,0.43333333333333335,16
376,0.38541666666666663,0.06689414315834302,0.2895833333333333,0.375,0.48333333333333334,16
377,0.4125,0.11141451630934116,0.2625,0.3833333333333333,0.6458333333333334,16
378,0.37916666666666665,0.0956520023604083,0.23333333333333334,0.36666666666666664,0.5333333333333333,16
379,0.3927083333333333,0.07794423531887683,0.26666666666666666,0.3916666666666667,0.5104166666666667,16
380,0.39791666666666664,0.08183549725584316,0.24583333333333335,0.4083333333333333,0.53125,16
381,0.4572916666666667,0.09947234924283677,0.3333333333333333,0.43333333333333335,0.65625,16
382,0.3604166666666667,0.08556896990797022,0.18958333333333333,0.3666666666666667,0.4708333333333333,16
383,0.3666666666666667,0.11829224638815325,0.18333333333333332,0.36666666666666664,0.5541666666666667,16
384,0.39166666666666666,0.09185586535436918,0.24166666666666667,0.39166666666666666,0.5333333333333333,16
385,0.409375,0.09573704401757047,0.21458333333333332,0.44166666666666665,0.5208333333333334,16
386,0.3520833333333333,0.11575161985907585,0.15833333333333333,0.3416666666666667,0.5583333333333333,16
387,0.3572916666666667,0.08436213893750627,0.19166666666666665,0.38333333333333336,0.47708333333333336,16
388,0.3979166666666667,0.07520227353241686,0.2583333333333333,0.4,0.5208333333333334,16
389,0.42500000000000004,0.08975274678557509,0.28541666666666665,0.43333333333333335,0.5791666666666667,16
390,0.40937500000000004,0.09184995879452293,0.2791666666666667,0.4,0.5604166666666667,16
391,0.3364583333333333,0.10311447757764722,0.15,0.3333333333333333,0.4875,16
392,0.43854166666666666,0.09422909987837562,0.28541666666666665,0.42500000000000004,0.6229166666666667,16
393,0.3822916666666667,0.05252934034634571,0.30624999999999997,0.38333333333333336,0.4708333333333333,16
394,0.3770833333333333,0.11363241786078869,0.16875,0.3833333333333333,0.5645833333333333,16
395,0.4447916666666667,0.08389782766026252,0.2833333333333333,0.44166666666666665,0.5854166666666667,16
396,0.4135416666666667,0.08882308219463879,0.2708333333333333,0.3916666666666667,0.5708333333333334,16
397,0.3916666666666667,0.09464847243000457,0.25625,0.3833333333333333,0.55,16
398,0.40104166666666663,0.08669645922220047,0.24375,0.4083333333333333,0.5375000000000001,16
399,0.446875,0.11459753699844998,0.2520833333333333,0.43333333333333335,0.65625,16
400,0.43854166666666666,0.08492618322532941,0.2708333333333333,0.45,0.575,16
401,0.38125,0.10049789245993614,0.18958333333333333,0.3916666666666667,0.5541666666666667,16
402,0.40104166666666663,0.08467026526145083,0.26666666666666666,0.4,0.5479166666666667,16
403,0.36979166666666663,0.09189720064349684,0.20833333333333331,0.35,0.5166666666666667,16
404,0.3302083333333333,0.09018090422096639,0.18958333333333333,0.32499999999999996,0.5020833333333333,16
405,0.37395833333333334,0.0855879887568603,0.24583333333333335,0.4,0.5,16
406,0.41458333333333336,0.0996303933434862,0.23958333333333334,0.4166666666666667,0.5854166666666667,16
407,0.4583333333333333,0.0926087948787203,0.30416666666666664,0.45,0.63125,16
408,0.3625,0.0880932271327749,0.21458333333333332,0.3583333333333333,0.5,16
409,0.38541666666666663,0.0740389818496536,0.27291666666666664,0.3833333333333333,0.5041666666666667,16
410,0.43333333333333335,0.11273124382057235,0.26666666666666666,0.42500000000000004,0.6499999999999999,16
411,0.4208333333333334,0.11357510975365842,0.21250000000000002,0.42500000000000004,0.58125,16
412,0.42604166666666665,0.10424476239174375,0.26458333333333334,0.43333333333333335,0.5604166666666667,16
413,0.346875,0.10577405656240413,0.175,0.3416666666666667,0.5270833333333333,16
414,0.4614583333333333,0.1089276566120836,0.2604166666666667,0.475,0.59375,16
415,0.3666666666666667,0.08354140689901426,0.18958333333333333,0.36666666666666664,0.47708333333333336,16
416,0.3510416666666667,0.11433211096285341,0.12916666666666665,0.38333333333333336,0.48333333333333334,16
417,0.3770833333333333,0.10101481602000549,0.2,0.375,0.5166666666666667,16
418,0.44895833333333335,0.07602739592117802,0.3333333333333333,0.45833333333333337,0.5708333333333334,16
419,0.4072916666666667,0.08164301315619249,0.23125,0.4,0.5208333333333334,16
420,0.40104166666666663,0.12534241295790946,0.16249999999999998,0.42500000000000004,0.6,16
421,0.4364583333333333,0.12558457060881323,0.23541666666666666,0.44166666666666665,0.6270833333333333,16
422,0.3697916666666667,0.09037321344476656,0.20416666666666666,0.3833333333333333,0.5166666666666667,16
423,0.3875,0.08260094833999589,0.24166666666666667,0.3916666666666667,0.5104166666666667,16
424,0.4322916666666667,0.07276024889625135,0.3395833333333333,0.43333333333333335,0.5645833333333333,16
425,0.44583333333333336,0.0969141945801084,0.28541666666666665,0.4166666666666667,0.59375,16
426,0.37916666666666665,0.08730136183232069,0.22916666666666669,0.38333333333333336,0.5458333333333334,16
427,0.484375,0.07131423761151141,0.3625,0.48333333333333334,0.6,16
428,0.40312499999999996,0.07777700272431293,0.25625,0.43333333333333335,0.5104166666666667,16
429,0.4947916666666667,0.08158983418089943,0.3520833333333333,0.5,0.6354166666666666,16
430,0.4114583333333333,0.09293044554037892,0.23541666666666666,0.43333333333333335,0.5604166666666667,16
431,0.3302083333333333,0.08684651811289462,0.20625000000000002,0.3333333333333333,0.45,16
432,0.33333333333333337,0.10671873729054748,0.17291666666666666,0.3416666666666667,0.49375,16
433,0.3729166666666667,0.11053452829068593,0.14583333333333331,0.39166666666666666,0.5458333333333334,16
434,0.4052083333333333,0.11222477908940906,0.20416666666666666,0.4166666666666667,0.575,16
435,0.46875,0.09945598551900009,0.26875000000000004,0.45833333333333337,0.6208333333333333,16
436,0.47812499999999997,0.08754339201853623,0.32291666666666663,0.48333333333333334,0.59375,16
437,0.390625,0.08497727433130448,0.24166666666666667,0.3833333333333333,0.5041666666666667,16
438,0.428125,0.11391376337436626,0.21458333333333332,0.43333333333333335,0.6291666666666667,16
439,0.3895833333333334,0.12386638746828958,0.17916666666666667,0.38333333333333336,0.6000000000000001,16
440,0.409375,0.09166074791497904,0.24791666666666667,0.4166666666666667,0.5583333333333333,16
441,0.5125000000000001,0.09886508764753893,0.3625,0.48333333333333334,0.6604166666666667,16
442,0.4354166666666667,0.09462554124313137,0.2520833333333333,0.45833333333333337,0.58125,16
443,0.5,0.11365151414154878,0.36666666666666664,0.45,0.6875,16
444,0.39583333333333337,0.08769818824937163,0.19583333333333333,0.43333333333333335,0.5041666666666667,16
445,0.35312499999999997,0.10192909266031733,0.19583333333333333,0.35,0.5208333333333334,16
446,0.3666666666666667,0.09033118078616167,0.20833333333333331,0.35,0.5208333333333334,16
447,0.396875,0.10072975913303873,0.22916666666666669,0.3916666666666667,0.5375000000000001,16
448,0.38645833333333335,0.06902564690428882,0.3,0.375,0.5208333333333334,16
449,0.409375,0.08057276516361538,0.28125,0.3833333333333333,0.55625,16
450,0.4822916666666667,0.04911323014219284,0.4,0.475,0.5604166666666667,16
451,0.43333333333333335,0.06481812160876686,0.32291666666666663,0.45833333333333337,0.5270833333333333,16
452,0.46979166666666666,0.11978260835316991,0.2625,0.44166666666666665,0.66875,16
453,0.45625,0.11620070639486951,0.2625,0.45833333333333337,0.6104166666666667,16
454,0.3375,0.11203608049790627,0.16875,0.31666666666666665,0.5333333333333333,16
455,0.41041666666666665,0.09126331714087296,0.21666666666666667,0.43333333333333335,0.5333333333333333,16
456,0.22083333333333333,0.09619496983845996,0.04791666666666666,0.23333333333333334,0.35,16
457,0.390625,0.06921402745991757,0.2833333333333333,0.4083333333333333,0.4979166666666667,16
458,0.403125,0.0965046684967451,0.25,0.4083333333333333,0.575,16
459,0.35520833333333335,0.08285670989726783,0.225,0.3583333333333333,0.5125000000000001,16
460,0.44895833333333335,0.08964992679863158,0.3020833333333333,0.45,0.60625,16
461,0.4354166666666667,0.07836767864085013,0.29791666666666666,0.43333333333333335,0.5708333333333334,16
462,0.428125,0.09641467694576152,0.24791666666666667,0.43333333333333335,0.6125,16
463,0.4625,0.14099103596407192,0.2125,0.45,0.7208333333333333,16
464,0.4635416666666667,0.07932413068123303,0.35624999999999996,0.475,0.5979166666666667,16
465,0.41770833333333335,0.11448385833576909,0.21250000000000002,0.42500000000000004,0.5770833333333334,16
466,0.41875,0.0901147031411757,0.2583333333333333,0.4083333333333333,0.5770833333333334,16
467,0.34791666666666665,0.08309862781324638,0.23541666666666666,0.3333333333333333,0.53125,16
468,0.3770833333333333,0.09662265521087691,0.20208333333333334,0.38333333333333336,0.5333333333333333,16
469,0.365625,0.09288372921442044,0.21875,0.35,0.5104166666666667,16
470,0.41875,0.08875586835058663,0.30624999999999997,0.4083333333333333,0.5875,16
471,0.34895833333333337,0.08568935132532839,0.20625000000000002,0.375,0.49583333333333335,16
472,0.43437500000000007,0.060801575614635374,0.29791666666666666,0.45,0.5166666666666667,16
473,0.359375,0.0912811495539407,0.175,0.3833333333333333,0.48333333333333334,16
474,0.30833333333333335,0.10086432030758505,0.14583333333333331,0.3333333333333333,0.4666666666666667,16
475,0.4166666666666667,0.06846531968814577,0.30624999999999997,0.4166666666666667,0.5208333333333334,16
476,0.43333333333333335,0.08477912478906587,0.27291666666666664,0.45,0.5708333333333334,16
477,0.4572916666666667,0.12118751969800998,0.16666666666666666,0.5,0.5833333333333334,16
478,0.40520833333333334,0.07744145414081818,0.27291666666666664,0.4166666666666667,0.5208333333333334,16
479,0.38645833333333335,0.09505458044665123,0.23958333333333334,0.3666666666666667,0.5208333333333334,16
480,0.40312499999999996,0.09413693299007451,0.26666666666666666,0.4166666666666667,0.5645833333333333,16
481,0.434375,0.08528317821300466,0.30624999999999997,0.4166666666666667,0.58125,16
482,0.4166666666666667,0.0790569415042095,0.30624999999999997,0.4,0.55,16
483,0.46770833333333334,0.10399464963534315,0.3,0.45,0.6520833333333333,16
484,0.3260416666666667,0.05862094276413129,0.25625,0.3,0.4479166666666667,16
485,0.3510416666666667,0.06983829288275722,0.20625000000000002,0.3583333333333333,0.44375000000000003,16
486,0.43333333333333335,0.09335565209336699,0.23541666666666666,0.48333333333333334,0.5437500000000001,16
487,0.4447916666666667,0.09218014330344929,0.2895833333333333,0.45,0.5770833333333334,16
488,0.42916666666666664,0.11188101318414627,0.2583333333333333,0.4166666666666667,0.6145833333333334,16
489,0.3885416666666667,0.1097216728185964,0.19583333333333333,0.4083333333333333,0.5375000000000001,16
490,0.43645833333333334,0.09951597268501396,0.32291666666666663,0.4,0.6354166666666666,16
491,0.42500000000000004,0.08312473893025003,0.30624999999999997,0.45,0.5583333333333333,16
492,0.46562499999999996,0.08964992679863158,0.32916666666666666,0.4666666666666667,0.6,16
493,0.3885416666666667,0.09367473830880033,0.23958333333333334,0.3916666666666667,0.5270833333333333,16
494,0.33958333333333335,0.07309501997020348,0.23333333333333334,0.32499999999999996,0.45,16
495,0.4239583333333333,0.11164314895385805,0.20208333333333334,0.43333333333333335,0.5979166666666667,16
496,0.4302083333333333,0.09969027556219646,0.25625,0.44166666666666665,0.59375,16
497,0.4458333333333333,0.07371585838730889,0.31666666666666665,0.45833333333333337,0.5541666666666667,16
498,0.38020833333333337,0.08084165549943229,0.25625,0.375,0.5145833333333333,16
499,0.40937500000000004,0.11945605160011313,0.175,0.44166666666666665,0.5708333333333334,16
500,0.40520833333333334,0.08389782766026253,0.26875,0.3916666666666667,0.5583333333333333,16
501,0.4510416666666667,0.11599041357658255,0.2583333333333333,0.44166666666666665,0.6749999999999999,16
502,0.46875,0.12088720063670007,0.27291666666666664,0.45,0.6875,16
503,0.475,0.09982623792259117,0.26458333333333334,0.5,0.6,16
504,0.396875,0.10345066423448211,0.18958333333333333,0.4083333333333333,0.5333333333333333,16
505,0.44375,0.103392959947313,0.3333333333333333,0.4166666666666667,0.6708333333333334,16
506,0.45625000000000004,0.0933324032691755,0.3020833333333333,0.475,0.6270833333333333,16
507,0.403125,0.08940753098717258,0.3,0.36666666666666664,0.6020833333333333,16
508,0.4197916666666667,0.09037321344476655,0.26875,0.4166666666666667,0.5770833333333334,16
509,0.2791666666666667,0.09833686434338289,0.08541666666666667,0.30833333333333335,0.44375,16
510,0.28125,0.0754327791259653,0.17291666666666666,0.26666666666666666,0.43125,16
511,0.28541666666666665,0.10879309490955758,0.13541666666666666,0.275,0.4708333333333333,16
512,0.303125,0.09450506122542975,0.11458333333333333,0.31666666666666665,0.43333333333333335,16
513,0.2760416666666667,0.11425616169866337,0.04375,0.32499999999999996,0.4354166666666667,16
514,0.28541666666666665,0.09608210464666837,0.14166666666666666,0.29166666666666663,0.4666666666666667,16
515,0.30833333333333335,0.07592027982620249,0.18958333333333333,0.3,0.42708333333333337,16
516,0.3677083333333333,0.09797759629119303,0.21875,0.3416666666666667,0.5270833333333333,16
517,0.29583333333333334,0.1034978529031185,0.11875,0.31666666666666665,0.46458333333333335,16
518,0.2947916666666667,0.09819883987490778,0.13958333333333334,0.3,0.44375000000000003,16
519,0.3354166666666667,0.08309862781324638,0.18958333333333333,0.3416666666666667,0.45,16
520,0.284375,0.07871995679128783,0.12916666666666665,0.29166666666666663,0.39375000000000004,16
521,0.29583333333333334,0.08549285220284662,0.15625,0.30833333333333335,0.45416666666666666,16
522,0.3302083333333333,0.09018090422096639,0.13958333333333334,0.35,0.46458333333333335,16
523,0.3197916666666667,0.09413693299007451,0.17916666666666667,0.3333333333333333,0.46458333333333335,16
524,0.28645833333333337,0.0979332875964268,0.15,0.2833333333333333,0.48333333333333334,16
525,0.30937499999999996,0.12261173334056484,0.07291666666666666,0.30833333333333335,0.5104166666666667,16
526,0.3177083333333333,0.06331928298095472,0.2,0.30833333333333335,0.4375,16
527,0.22604166666666667,0.1248566886807965,0.00625,0.25,0.43333333333333335,16
528,0.3104166666666667,0.1111610130996175,0.12291666666666667,0.3,0.5041666666666667,16
529,0.4041666666666667,0.08789592962387077,0.23125,0.4166666666666667,0.5541666666666667,16
530,0.30104166666666665,0.1110975469151122,0.12291666666666667,0.32499999999999996,0.4479166666666667,16
531,0.3375,0.10197698542100349,0.15625,0.3333333333333333,0.4875,16
532,0.29583333333333334,0.08217951218048342,0.15208333333333332,0.31666666666666665,0.42083333333333334,16
533,0.3291666666666667,0.06959705453537528,0.21250000000000002,0.32499999999999996,0.43333333333333335,16
534,0.29791666666666666,0.07285711854185714,0.18541666666666667,0.3,0.42708333333333337,16
535,0.31979166666666664,0.10277719125208018,0.16875,0.3,0.51875,16
536,0.26041666666666663,0.11424191559045996,0.014583333333333337,0.26666666666666666,0.43125,16
537,0.29374999999999996,0.106860988360268,0.12916666666666665,0.31666666666666665,0.44375000000000003,16
538,0.28125,0.09088205879661349,0.13541666666666666,0.2833333333333333,0.44166666666666665,16
539,0.23333333333333334,0.08395600699837452,0.07500000000000001,0.21666666666666667,0.34375,16
540,0.26458333333333334,0.10895255720827401,0.1125,0.2583333333333333,0.4666666666666667,16
541,0.28541666666666665,0.11069148190654358,0.15,0.25,0.5270833333333333,16
542,0.30729166666666663,0.08896955432743395,0.14583333333333331,0.3333333333333333,0.4375,16
543,0.3385416666666667,0.11810405458041369,0.13541666666666666,0.35,0.5166666666666667,16
544,0.32395833333333335,0.08955304720604927,0.13541666666666666,0.32499999999999996,0.46458333333333335,16
545,0.28437500000000004,0.10094497091374972,0.11875,0.26666666666666666,0.47708333333333336,16
546,0.2875,0.11280821975567404,0.12291666666666667,0.2833333333333333,0.5270833333333333,16
547,0.24166666666666667,0.11055415967851333,0.08333333333333333,0.23333333333333334,0.41458333333333336,16
548,0.30208333333333337,0.08617549116644348,0.14166666666666666,0.3,0.42708333333333337,16
549,0.290625,0.09409081569006734,0.17291666666666666,0.26666666666666666,0.47708333333333336,16
550,0.34479166666666666,0.10844845645897103,0.12083333333333332,0.35,0.4916666666666667,16
551,0.35,0.08036375634160796,0.16666666666666669,0.3583333333333333,0.43333333333333335,16
552,0.36041666666666666,0.0742730977915662,0.21875,0.3583333333333333,0.4604166666666667,16
553,0.19791666666666669,0.10049789245993614,0.00625,0.20833333333333334,0.3625,16
554,0.3,0.09298297335175582,0.12916666666666665,0.3,0.43333333333333335,16
555,0.2927083333333333,0.11606522800898544,0.04375,0.3,0.4729166666666667,16
556,0.24479166666666669,0.11452176376130434,0.05625,0.23333333333333334,0.45625,16
557,0.24583333333333332,0.07324331596352894,0.14583333333333331,0.23333333333333334,0.4,16
558,0.2708333333333333,0.08154327412825386,0.14583333333333331,0.275,0.4166666666666667,16
559,0.3166666666666667,0.09428090415820635,0.12291666666666667,0.30833333333333335,0.475,16
560,0.29374999999999996,0.12245676674737997,0.10208333333333333,0.275,0.4854166666666667,16
561,0.2677083333333333,0.08322258265572445,0.10833333333333334,0.26666666666666666,0.3979166666666667,16
562,0.31875,0.1385534142888984,0.02083333333333333,0.32499999999999996,0.5270833333333333,16
563,0.2729166666666667,0.08516222264987372,0.1125,0.3,0.4083333333333333,16
564,0.30833333333333335,0.07476816018719318,0.21666666666666667,0.3,0.43125,16
565,0.334375,0.08729514710643045,0.2,0.3416666666666667,0.49583333333333335,16
566,0.28541666666666665,0.09893091725486472,0.11875,0.30833333333333335,0.4604166666666667,16
567,0.340625,0.11621471238616908,0.13333333333333333,0.35,0.5270833333333333,16
568,0.36354166666666665,0.11861743331446314,0.2,0.3416666666666667,0.6041666666666667,16
569,0.31875,0.08914622039722779,0.18541666666666667,0.29166666666666663,0.5,16
570,0.3020833333333333,0.10372824403753836,0.12916666666666665,0.2833333333333333,0.4708333333333333,16
571,0.375,0.08917056066263625,0.21875,0.38333333333333336,0.5145833333333333,16
572,0.27083333333333337,0.06548430685625713,0.14791666666666667,0.2833333333333333,0.3770833333333333,16
573,0.31875,0.07380412326632646,0.19583333333333333,0.31666666666666665,0.45416666666666666,16
574,0.365625,0.05696878714114716,0.26666666666666666,0.375,0.46458333333333335,16
575,0.27083333333333337,0.08630131323836658,0.1125,0.26666666666666666,0.4354166666666667,16
576,0.29375,0.09626262543456601,0.08541666666666667,0.3,0.4354166666666667,16
577,0.2802083333333333,0.09846367597297549,0.15208333333333332,0.23333333333333334,0.47708333333333336,16
578,0.22708333333333333,0.07702700644723397,0.10208333333333333,0.21666666666666667,0.36458333333333337,16
579,0.32083333333333336,0.1059841445164742,0.15625,0.30833333333333335,0.5083333333333333,16
580,0.30416666666666664,0.09745012969605417,0.16249999999999998,0.29166666666666663,0.4875,16
581,0.24166666666666664,0.11441275181454985,0.08333333333333333,0.24166666666666667,0.4604166666666667,16
582,0.228125,0.12702782257573864,-0.010416666666666666,0.23333333333333334,0.4104166666666667,16
583,0.34062499999999996,0.06179287479151622,0.26666666666666666,0.3333333333333333,0.46875,16
584,0.3333333333333333,0.08539125638299665,0.15833333333333333,0.3583333333333333,0.46458333333333335,16
585,0.30833333333333335,0.11592023119369631,0.14583333333333331,0.30833333333333335,0.4666666666666667,16
586,0.3104166666666667,0.12827311899051788,0.08958333333333333,0.3,0.5145833333333333,16
587,0.24166666666666667,0.11180339887498948,0.1125,0.2,0.47708333333333336,16
588,0.33125,0.06637305134197496,0.23333333333333334,0.31666666666666665,0.46875,16
589,0.2125,0.08302024518821365,0.08958333333333333,0.21666666666666667,0.34791666666666665,16
590,0.3666666666666667,0.08994597143717875,0.21666666666666667,0.375,0.5333333333333333,16
591,0.36354166666666665,0.0928369893804308,0.18958333333333333,0.36666666666666664,0.4979166666666667,16
592,0.25729166666666664,0.06717740557244262,0.15625,0.2583333333333333,0.375,16
593,0.26458333333333334,0.11332643974132622,0.12916666666666665,0.23333333333333334,0.5020833333333333,16
594,0.35416666666666663,0.07083333333333335,0.21250000000000002,0.3333333333333333,0.44375000000000003,16
595,0.29166666666666663,0.07359800721939873,0.15625,0.29166666666666663,0.4104166666666667,16
596,0.24062499999999998,0.0918499587945229,0.13958333333333334,0.21666666666666667,0.4375,16
597,0.28750000000000003,0.10129371484286015,0.09375,0.275,0.4375,16
598,0.3145833333333333,0.08055256220492168,0.18958333333333333,0.32499999999999996,0.42708333333333337,16
599,0.28125,0.09822646028438568,0.12291666666666667,0.2833333333333333,0.46458333333333335,16
600,0.31770833333333326,0.08343093242983152,0.18333333333333332,0.30833333333333335,0.4479166666666667,16
601,0.28541666666666665,0.09769478406411129,0.15,0.3,0.44375000000000003,16
602,0.27708333333333335,0.09126331714087296,0.11458333333333333,0.2833333333333333,0.44583333333333336,16
603,0.30625,0.051999933226452855,0.22291666666666668,0.3,0.41458333333333336,16
604,0.278125,0.08137677076073027,0.14583333333333331,0.26666666666666666,0.4166666666666667,16
605,0.32708333333333334,0.11240350800180175,0.16249999999999998,0.35,0.5104166666666667,16
606,0.2833333333333333,0.08333333333333333,0.10833333333333334,0.2833333333333333,0.4083333333333333,16
607,0.25833333333333336,0.0770551750371122,0.11875,0.25,0.38333333333333336,16
608,0.315625,0.08507936450096985,0.15,0.3333333333333333,0.42708333333333337,16
609,0.30833333333333335,0.11858541225631423,0.0625,0.32499999999999996,0.48125,16
610,0.29791666666666666,0.07702700644723397,0.16249999999999998,0.30833333333333335,0.4104166666666667,16
611,0.3114583333333334,0.11253375265275353,0.13958333333333334,0.30833333333333335,0.4708333333333333,16
612,0.2677083333333333,0.10776594204055792,0.06041666666666666,0.25,0.44375000000000003,16
613,0.26145833333333335,0.11692215329250294,0.029166666666666667,0.275,0.42083333333333334,16
614,0.36875,0.08637671850678284,0.21250000000000002,0.35,0.49375,16
615,0.3291666666666667,0.08003905296791061,0.175,0.35,0.44375000000000003,16
616,0.24166666666666664,0.1030776406404415,0.08541666666666667,0.23333333333333334,0.39375000000000004,16
617,0.2833333333333334,0.10189182717197905,0.15625,0.26666666666666666,0.4916666666666667,16
618,0.371875,0.10764504910687822,0.19166666666666665,0.36666666666666664,0.5333333333333333,16
619,0.3125,0.08868248605746984,0.21666666666666667,0.30833333333333335,0.5166666666666666,16
620,0.33125,0.09351823203109769,0.13958333333333334,0.3333333333333333,0.47708333333333336,16
621,0.2947916666666667,0.05294085733155442,0.21250000000000002,0.29166666666666663,0.3875,16
622,0.3052083333333333,0.09532815217564129,0.12916666666666665,0.30833333333333335,0.43333333333333335,16
623,0.2895833333333333,0.10847346705787345,0.09375,0.275,0.46458333333333335,16
624,0.22395833333333331,0.08332682266233364,0.04375,0.23333333333333334,0.34375,16
625,0.3364583333333333,0.10141682929321391,0.16666666666666666,0.35,0.5104166666666667,16
626,0.35208333333333336,0.06741120703068099,0.20625000000000002,0.35,0.44375000000000003,16
627,0.3041666666666667,0.07716774657271723,0.175,0.30833333333333335,0.4479166666666667,16
628,0.275,0.12472191289246473,0.08541666666666667,0.2833333333333333,0.5270833333333333,16
629,0.3208333333333333,0.0875,0.13541666666666666,0.3333333333333333,0.4375,16
630,0.32291666666666663,0.12553704079319025,0.10416666666666666,0.31666666666666665,0.5166666666666667,16
631,0.3364583333333333,0.10328270769268849,0.17083333333333334,0.3333333333333333,0.5041666666666667,16
632,0.28020833333333334,0.09302380780985287,0.10625000000000001,0.26666666666666666,0.4541666666666667,16
633,0.3052083333333333,0.09311707647126577,0.175,0.3,0.4916666666666667,16
634,0.309375,0.11755151796127518,0.12291666666666667,0.2833333333333333,0.5145833333333333,16
635,0.3197916666666667,0.06952686081652183,0.18958333333333333,0.32499999999999996,0.42708333333333337,16
636,0.303125,0.09686379863556412,0.1375,0.30833333333333335,0.42708333333333337,16
637,0.3260416666666667,0.06820331889529521,0.23333333333333334,0.35,0.4479166666666667,16
638,0.25520833333333337,0.08793912627809965,0.10833333333333334,0.26666666666666666,0.4041666666666667,16
639,0.2739583333333333,0.08415609463306202,0.125,0.275,0.41458333333333336,16
640,0.2864583333333333,0.11978260835316991,0.1,0.2833333333333333,0.47708333333333336,16
641,0.32395833333333335,0.08014066409549316,0.20625000000000002,0.3416666666666667,0.4604166666666667,16
642,0.3177083333333333,0.07510842856608482,0.18541666666666667,0.3333333333333333,0.4166666666666667,16
643,0.32395833333333335,0.09964672842653247,0.18333333333333332,0.3333333333333333,0.4708333333333333,16
644,0.32499999999999996,0.07772815877574013,0.20625000000000002,0.31666666666666665,0.4708333333333333,16
645,0.28437500000000004,0.09546464405154868,0.06458333333333333,0.31666666666666665,0.39375000000000004,16
646,0.3354166666666667,0.09787233038788622,0.15000000000000002,0.3333333333333333,0.48333333333333334,16
647,0.3427083333333333,0.07545435292281023,0.21666666666666667,0.3416666666666667,0.44375000000000003,16
648,0.2572916666666667,0.14361028838685463,0.029166666666666667,0.275,0.49583333333333335,16
649,0.23645833333333333,0.0697761176708924,0.12291666666666667,0.24166666666666667,0.35,16
650,0.31666666666666665,0.0756912588524373,0.20208333333333334,0.29166666666666663,0.4604166666666667,16
651,0.2822916666666667,0.08174926732597261,0.13958333333333334,0.30833333333333335,0.38333333333333336,16
652,0.30312500000000003,0.10090196527928594,0.13125,0.2833333333333333,0.47708333333333336,16
653,0.309375,0.07568409078017799,0.18125,0.30833333333333335,0.45416666666666666,16
654,0.284375,0.07082567360545657,0.16875,0.2833333333333333,0.4,16
655,0.25312500000000004,0.09863983834300082,0.06666666666666667,0.24166666666666667,0.4041666666666667,16
656,0.34062499999999996,0.058916357259913635,0.22916666666666669,0.3333333333333333,0.45416666666666666,16
657,0.27812499999999996,0.10876815780722673,0.13958333333333334,0.26666666666666666,0.46458333333333335,16
658,0.31145833333333334,0.0671127652826859,0.20625000000000002,0.30833333333333335,0.42708333333333337,16
659,0.275,0.09592387027684447,0.14583333333333331,0.2833333333333333,0.4604166666666667,16
660,0.2635416666666667,0.07976065541843158,0.12291666666666667,0.26666666666666666,0.4041666666666667,16
661,0.3375,0.09023503261544881,0.19583333333333333,0.3333333333333333,0.5229166666666667,16
662,0.28020833333333334,0.11276492725774467,0.08333333333333333,0.275,0.5,16
663,0.325,0.11008204011352422,0.11458333333333333,0.30833333333333335,0.4708333333333333,16
664,0.33125,0.10288798520721455,0.15208333333333332,0.32499999999999996,0.49375,16
665,0.27812499999999996,0.09623444138318325,0.11458333333333333,0.26666666666666666,0.46875,16
666,0.30833333333333335,0.10606601717798214,0.16249999999999998,0.3,0.49375,16
667,0.3416666666666667,0.08799463367476199,0.20625000000000002,0.3416666666666667,0.49375,16
668,0.24166666666666667,0.09013878188659974,0.13333333333333333,0.21666666666666667,0.4041666666666667,16
669,0.3583333333333334,0.06972166887783965,0.25625,0.35,0.4916666666666667,16
670,0.2916666666666667,0.09354143466934854,0.15625,0.29166666666666663,0.4604166666666667,16
671,0.30104166666666665,0.09061302602888345,0.17291666666666666,0.275,0.46458333333333335,16
672,0.29583333333333334,0.07058780977540591,0.18333333333333332,0.29166666666666663,0.42500000000000004,16
673,0.28541666666666665,0.1050586806926914,0.12291666666666667,0.26666666666666666,0.45416666666666666,16
674,0.328125,0.0885294109164984,0.13958333333333334,0.3333333333333333,0.45,16
675,0.3447916666666667,0.08389782766026253,0.23958333333333334,0.32499999999999996,0.4875,16
676,0.34375,0.12344519139187957,0.15416666666666667,0.30833333333333335,0.61875,16
677,0.34375,0.08697760727145043,0.22291666666666668,0.3333333333333333,0.5479166666666667,16
678,0.3375,0.10146496384904935,0.16666666666666669,0.32499999999999996,0.5145833333333333,16
679,0.325,0.08599903100229289,0.175,0.32499999999999996,0.5041666666666667,16
680,0.2677083333333333,0.0844649726053482,0.14166666666666666,0.2583333333333333,0.4166666666666667,16
681,0.30729166666666674,0.09735543948451068,0.1125,0.3,0.44375000000000003,16
682,0.22604166666666664,0.09753360353972595,0.07500000000000001,0.21666666666666667,0.4125,16
683,0.3302083333333333,0.10209927596598214,0.16249999999999998,0.3416666666666667,0.5208333333333334,16
684,0.3416666666666667,0.06291528696058958,0.22916666666666669,0.3333333333333333,0.4625,16
685,0.2552083333333333,0.06338779182758916,0.16666666666666666,0.2583333333333333,0.37916666666666665,16
686,0.2875,0.08965597829729173,0.14166666666666666,0.29166666666666663,0.4375,16
687,0.3125,0.1381298704520898,0.05208333333333333,0.32499999999999996,0.53125,16
688,0.2979166666666666,0.08717698313711532,0.13125,0.31666666666666665,0.4354166666666667,16
689,0.30625,0.07990337046152127,0.17916666666666667,0.30833333333333335,0.45,16
690,0.19895833333333335,0.06983829288275722,0.06041666666666666,0.2,0.29375,16
691,0.31979166666666664,0.09450506122542973,0.13541666666666666,0.3416666666666667,0.45,16
692,0.23229166666666667,0.0986838297994605,0.03333333333333333,0.25,0.36041666666666666,16
693,0.30625,0.08162307510066556,0.18958333333333333,0.2833333333333333,0.4166666666666667,16
694,0.346875,0.08543571941979408,0.20625000000000002,0.3333333333333333,0.4979166666666667,16
695,0.26145833333333335,0.06606992034958117,0.17291666666666666,0.25,0.39166666666666666,16
696,0.33958333333333335,0.04890289414293959,0.23125,0.35,0.4104166666666667,16
697,0.31354166666666666,0.04685184613343547,0.23958333333333334,0.3,0.38333333333333336,16
698,0.246875,0.0829614096198414,0.08958333333333333,0.26666666666666666,0.3875,16
699,0.32708333333333334,0.14975384895814126,0.12291666666666667,0.3583333333333333,0.5604166666666667,16
700,0.31562499999999993,0.06249131884154435,0.21875,0.31666666666666665,0.44583333333333336,16
701,0.26666666666666666,0.054962108159470495,0.16666666666666666,0.275,0.34375,16
702,0.35,0.11829224638815326,0.07083333333333333,0.35,0.4666666666666667,16
703,0.21979166666666666,0.11803053247877103,-0.0062500000000000056,0.20833333333333334,0.43125,16
704,0.28854166666666664,0.09027711004026559,0.16666666666666666,0.3,0.4354166666666667,16
705,0.3614583333333333,0.10133120029279126,0.20208333333333334,0.3583333333333333,0.5437500000000001,16
706,0.21041666666666664,0.08992184106211348,0.0625,0.21666666666666667,0.36041666666666666,16
707,0.33229166666666665,0.08709604173618403,0.15416666666666667,0.35,0.4604166666666667,16
708,0.359375,0.11349387373334299,0.17916666666666667,0.3583333333333333,0.5666666666666667,16
709,0.31770833333333326,0.0764827390657526,0.14166666666666666,0.32499999999999996,0.42708333333333337,16
710,0.2791666666666667,0.08196798155377501,0.13541666666666666,0.2583333333333333,0.4,16
711,0.2895833333333333,0.08556896990797021,0.10625000000000001,0.30833333333333335,0.4,16
712,0.28541666666666665,0.04890289414293959,0.20208333333333334,0.275,0.3770833333333333,16
713,0.28541666666666665,0.09535660409454841,0.0875,0.3,0.44375000000000003,16
714,0.24791666666666665,0.08372304707254216,0.08333333333333333,0.275,0.33749999999999997,16
715,0.3104166666666667,0.1018705264866471,0.15,0.30833333333333335,0.5,16
716,0.2520833333333333,0.10669840022751566,0.08333333333333333,0.275,0.4354166666666667,16
717,0.328125,0.11985505569228191,0.08333333333333333,0.3583333333333333,0.4666666666666667,16
718,0.30520833333333336,0.07161789765057956,0.20625000000000002,0.2833333333333333,0.4375,16
719,0.2875,0.08111634305804911,0.15208333333333332,0.29166666666666663,0.4104166666666667,16
720,0.3104166666666667,0.11605120397671213,0.08541666666666667,0.31666666666666665,0.48125,16
721,0.2989583333333333,0.07805552466389266,0.18958333333333333,0.3,0.4479166666666667,16
722,0.29583333333333334,0.09868932735272509,0.14583333333333331,0.3,0.49375,16
723,0.284375,0.10744325860399268,0.0875,0.30833333333333335,0.4479166666666667,16
724,0.340625,0.11621471238616908,0.13541666666666666,0.35,0.5208333333333334,16
725,0.33854166666666663,0.07014834232222139,0.22291666666666668,0.35,0.44375000000000003,16
726,0.3625,0.07180703308172535,0.22291666666666668,0.36666666666666664,0.4708333333333333,16
727,0.29270833333333335,0.0861943761861011,0.08958333333333332,0.32499999999999996,0.39166666666666666,16
728,0.30625,0.08816709987291178,0.15625,0.30833333333333335,0.45208333333333334,16
729,0.30312500000000003,0.09740001105122001,0.13541666666666666,0.3,0.4854166666666667,16
730,0.3375,0.08281086214313248,0.18333333333333332,0.3333333333333333,0.4666666666666667,16
731,0.32395833333333335,0.09947234924283678,0.19791666666666666,0.29166666666666663,0.5458333333333334,16
732,0.26458333333333334,0.09258535851370406,0.12916666666666665,0.26666666666666666,0.42708333333333337,16
733,0.328125,0.11956500295051037,0.17916666666666667,0.32499999999999996,0.5875,16
734,0.371875,0.0896983273565096,0.19583333333333333,0.36666666666666664,0.5395833333333333,16
735,0.2489583333333333,0.08384607880250308,0.13333333333333333,0.24166666666666667,0.4041666666666667,16
736,0.32395833333333335,0.08014066409549317,0.20625000000000002,0.32499999999999996,0.46458333333333335,16
737,0.31354166666666666,0.09376735950389845,0.14583333333333331,0.35,0.42708333333333337,16
738,0.26979166666666665,0.08127002958245637,0.15,0.2833333333333333,0.4041666666666667,16
739,0.31354166666666666,0.10175862473684152,0.13333333333333333,0.3333333333333333,0.45416666666666666,16
740,0.32499999999999996,0.097182531580755,0.15833333333333333,0.31666666666666665,0.47708333333333336,16
741,0.25,0.08936504412303008,0.11875,0.23333333333333334,0.4104166666666667,16
742,0.24999999999999997,0.08100925873009825,0.13125,0.23333333333333334,0.40208333333333335,16
743,0.3041666666666667,0.07300589778306346,0.2,0.2833333333333333,0.45,16
744,0.3052083333333333,0.09199161155900153,0.2,0.275,0.475,16
745,0.28125,0.10555327117411169,0.11041666666666666,0.2583333333333333,0.4979166666666667,16
746,0.3,0.10865337342004415,0.12291666666666667,0.3333333333333333,0.4479166666666667,16
747,0.3125,0.10825317547305484,0.16666666666666666,0.2833333333333333,0.525,16
748,0.3104166666666667,0.10653556396287997,0.10208333333333333,0.32499999999999996,0.44375000000000003,16
749,0.32708333333333334,0.0873759040646282,0.16875,0.3333333333333333,0.47708333333333336,16
750,0.3614583333333333,0.07631230378080152,0.20833333333333331,0.375,0.4666666666666667,16
751,0.2864583333333333,0.09113839255342517,0.1375,0.275,0.4354166666666667,16
752,0.19166666666666665,0.07264831572567788,0.07916666666666666,0.18333333333333332,0.3145833333333333,16
753,0.2625,0.04876958296133177,0.16249999999999998,0.26666666666666666,0.32708333333333334,16
754,0.2989583333333333,0.11264939925617792,0.07708333333333334,0.3333333333333333,0.45416666666666666,16
755,0.29375,0.10831329942963298,0.13958333333333334,0.2833333333333333,0.475,16
756,0.33229166666666665,0.1085684547877513,0.11875,0.32499999999999996,0.4875,16
757,0.30520833333333336,0.08553726242924126,0.15625,0.3,0.45,16
758,0.31145833333333334,0.11035277239380985,0.1125,0.2833333333333333,0.48125,16
759,0.3020833333333333,0.09928127131203213,0.16875,0.2583333333333333,0.4604166666666667,16
760,0.3125,0.08984941105353261,0.17291666666666666,0.3,0.4708333333333333,16
761,0.29270833333333335,0.08353491244517003,0.15,0.3,0.42500000000000004,16
762,0.30625,0.05739573880814963,0.23333333333333334,0.30833333333333335,0.39375000000000004,16
763,0.2729166666666667,0.10489329895978422,0.10416666666666666,0.275,0.4604166666666667,16
764,0.32395833333333335,0.09445912365497929,0.18958333333333333,0.30833333333333335,0.5,16
765,0.3520833333333333,0.1301541553953106,0.15625,0.35,0.5833333333333333,16
766,0.30104166666666665,0.08689648015822556,0.17916666666666667,0.30833333333333335,0.4479166666666667,16
767,0.30833333333333335,0.08640183897219884,0.20208333333333334,0.3,0.49375,16
768,0.2677083333333333,0.09780024106707395,0.058333333333333334,0.29166666666666663,0.3875,16
769,0.32395833333333335,0.09645968321589654,0.14583333333333331,0.3583333333333333,0.42708333333333337,16
770,0.35520833333333335,0.07539680907998988,0.19791666666666666,0.3583333333333333,0.4708333333333333,16
771,0.2791666666666667,0.0956520023604083,0.13958333333333334,0.29166666666666663,0.43125,16
772,0.2947916666666667,0.07113141935491267,0.175,0.3,0.4395833333333333,16
773,0.3197916666666667,0.119637582062104,0.14583333333333331,0.3,0.5229166666666667,16
774,0.26979166666666665,0.10820806058237992,0.09791666666666667,0.275,0.45208333333333334,16
775,0.25416666666666665,0.09780578828587919,0.09791666666666667,0.24166666666666667,0.4375,16
776,0.3229166666666667,0.11378509837017813,0.125,0.32499999999999996,0.525,16
777,0.29791666666666666,0.10084280258567457,0.10833333333333334,0.31666666666666665,0.44166666666666665,16
778,0.3041666666666667,0.0858980338670346,0.18958333333333333,0.2833333333333333,0.4708333333333333,16
779,0.3260416666666667,0.10085894130748482,0.13541666666666666,0.36666666666666664,0.46458333333333335,16
780,0.2572916666666667,0.06665852814906732,0.15,0.25,0.3854166666666667,16
781,0.35,0.08897565210026094,0.21250000000000002,0.3583333333333333,0.5125000000000001,16
782,0.334375,0.07008644216251814,0.22916666666666669,0.3333333333333333,0.45,16
783,0.328125,0.12743717815064803,0.15208333333333332,0.35,0.5583333333333333,16
784,0.253125,0.0799780243254358,0.14583333333333331,0.25,0.4041666666666667,16
785,0.3197916666666667,0.09358202544351726,0.17708333333333331,0.30833333333333335,0.5083333333333333,16
786,0.328125,0.08158983418089945,0.19791666666666666,0.30833333333333335,0.4708333333333333,16
787,0.3145833333333333,0.08267972847076846,0.14583333333333331,0.3333333333333333,0.43125,16
788,0.31666666666666665,0.10897247358851683,0.10416666666666666,0.31666666666666665,0.5020833333333333,16
789,0.328125,0.09977731281597926,0.17291666666666666,0.3333333333333333,0.5208333333333334,16
790,0.2572916666666667,0.09070877354050282,0.12291666666666667,0.25,0.42500000000000004,16
791,0.3177083333333333,0.07299846602269576,0.19166666666666665,0.30833333333333335,0.45208333333333334,16
792,0.27708333333333335,0.08717698313711532,0.13958333333333334,0.26666666666666666,0.42708333333333337,16
793,0.3625,0.08730136183232069,0.23958333333333334,0.35,0.51875,16
794,0.3020833333333333,0.08372304707254218,0.20625000000000002,0.2833333333333333,0.5,16
795,0.26041666666666663,0.06148481068072377,0.15208333333333332,0.25,0.36041666666666666,16
796,0.3572916666666667,0.1107061848994897,0.12291666666666667,0.4083333333333333,0.48125,16
797,0.28020833333333334,0.09246222013762041,0.13541666666666666,0.26666666666666666,0.43125,16
798,0.26875000000000004,0.0937036922668709,0.0875,0.275,0.41875,16
799,0.3333333333333333,0.07949493345141213,0.21250000000000002,0.3333333333333333,0.49583333333333335,16
800,0.3041666666666667,0.1182188413259259,0.07291666666666666,0.31666666666666665,0.4479166666666667,16
801,0.334375,0.09868382979946051,0.16249999999999998,0.3333333333333333,0.4979166666666667,16
802,0.29791666666666666,0.11131708339493789,0.09375,0.30833333333333335,0.475,16
803,0.29791666666666666,0.08556896990797022,0.16249999999999998,0.29166666666666663,0.45208333333333334,16
804,0.20729166666666665,0.11769911468325589,0.029166666666666667,0.18333333333333335,0.44166666666666665,16
805,0.2760416666666667,0.07992373752174284,0.13333333333333333,0.29166666666666663,0.3875,16
806,0.30104166666666665,0.0622128821734963,0.19166666666666665,0.3,0.4041666666666667,16
807,0.31875,0.06919050793923172,0.20625000000000002,0.32499999999999996,0.44375000000000003,16
808,0.3125,0.07324331596352895,0.17291666666666666,0.30833333333333335,0.43125,16
809,0.2427083333333333,0.08993993945035395,0.06875,0.23333333333333334,0.3875,16
810,0.32708333333333334,0.09680216796240786,0.2,0.30833333333333335,0.5208333333333334,16
811,0.2895833333333333,0.09183223683555912,0.125,0.2833333333333333,0.4895833333333333,16
812,0.33229166666666665,0.09762256363441578,0.12708333333333333,0.32499999999999996,0.4604166666666667,16
813,0.2791666666666667,0.12226167292601008,0.035416666666666666,0.2833333333333333,0.4604166666666667,16
814,0.2885416666666667,0.08614400693348062,0.15208333333333332,0.2833333333333333,0.4375,16
815,0.259375,0.09753360353972597,0.07291666666666666,0.2833333333333333,0.38125,16
816,0.246875,0.12818426813467487,0.04583333333333334,0.225,0.4875,16
817,0.3197916666666667,0.0979332875964268,0.17291666666666666,0.31666666666666665,0.475,16
818,0.2885416666666667,0.09855179651950655,0.11041666666666666,0.29166666666666663,0.4479166666666667,16
819,0.2979166666666666,0.07902948640996107,0.16666666666666666,0.31666666666666665,0.42708333333333337,16
820,0.30104166666666665,0.0981546310533651,0.14166666666666666,0.29166666666666663,0.48125,16
821,0.25520833333333337,0.08734485253229803,0.08125,0.26666666666666666,0.3854166666666667,16
822,0.2895833333333333,0.08556896990797021,0.12916666666666665,0.30833333333333335,0.4041666666666667,16
823,0.31979166666666664,0.09686379863556412,0.13541666666666666,0.3416666666666667,0.44375000000000003,16
824,0.34791666666666665,0.08413675210961948,0.18541666666666667,0.3583333333333333,0.4604166666666667,16
825,0.30937499999999996,0.0875929565756669,0.17291666666666666,0.30833333333333335,0.42708333333333337,16
826,0.29166666666666663,0.08799463367476199,0.14583333333333331,0.3,0.42708333333333337,16
827,0.2760416666666667,0.0855879887568603,0.08541666666666667,0.275,0.4041666666666667,16
828,0.29166666666666663,0.12651855375574148,0.03958333333333333,0.2833333333333333,0.4604166666666667,16
829,0.25729166666666664,0.0803570050704286,0.14583333333333331,0.25,0.39375000000000004,16
830,0.35416666666666663,0.10399986645290572,0.18541666666666667,0.36666666666666664,0.5375000000000001,16
831,0.31562500000000004,0.09726623507729244,0.16249999999999998,0.32499999999999996,0.5,16
832,0.303125,0.06852076682372368,0.21666666666666667,0.30833333333333335,0.42083333333333334,16
833,0.34062499999999996,0.08779093497559351,0.25,0.3333333333333333,0.5145833333333333,16
834,0.3114583333333333,0.12285927332385892,0.07500000000000001,0.3333333333333333,0.46458333333333335,16
835,0.315625,0.07323590829565023,0.18541666666666667,0.31666666666666665,0.42708333333333337,16
836,0.25,0.11531960419248373,0.02708333333333333,0.2583333333333333,0.4104166666666667,16
837,0.3572916666666667,0.11007711154509421,0.15625,0.36666666666666664,0.51875,16
838,0.2708333333333333,0.10483121354507603,0.09791666666666667,0.275,0.4708333333333333,16
839,0.35833333333333334,0.0973610120462327,0.17291666666666666,0.3583333333333333,0.5291666666666667,16
840,0.25416666666666665,0.07300589778306346,0.13958333333333334,0.2583333333333333,0.36041666666666666,16
841,0.31875,0.11332643974132622,0.10416666666666666,0.31666666666666665,0.4875,16
842,0.29270833333333335,0.13358943503427873,0.03958333333333333,0.3,0.5041666666666667,16
843,0.325,0.09033118078616166,0.18958333333333333,0.3,0.49375,16
844,0.284375,0.0782776286864758,0.12916666666666665,0.29166666666666663,0.38333333333333336,16
845,0.31875,0.0805525622049217,0.20208333333333334,0.3,0.46458333333333335,16
846,0.30729166666666663,0.09753360353972597,0.18333333333333332,0.2833333333333333,0.48125,16
847,0.32395833333333335,0.09409081569006734,0.175,0.29166666666666663,0.4895833333333333,16
848,0.2760416666666667,0.0768224752812179,0.16666666666666666,0.2833333333333333,0.39375000000000004,16
849,0.3572916666666667,0.1137994016655819,0.16458333333333333,0.3333333333333333,0.5520833333333334,16
850,0.28541666666666665,0.08717698313711532,0.13125,0.3,0.44375000000000003,16
851,0.2583333333333333,0.08759915017345266,0.10208333333333333,0.26666666666666666,0.41875,16
852,0.31979166666666664,0.09632460131993512,0.12291666666666667,0.32499999999999996,0.4604166666666667,16
853,0.24375000000000002,0.11605120397671212,0.035416666666666666,0.2833333333333333,0.39166666666666666,16
854,0.21041666666666667,0.07814583055629605,0.08333333333333333,0.225,0.3458333333333333,16
855,0.3104166666666667,0.11827389939364383,0.12916666666666665,0.30833333333333335,0.5125000000000001,16
856,0.315625,0.07849910429425294,0.175,0.3333333333333333,0.44583333333333336,16
857,0.3,0.08539125638299665,0.16458333333333333,0.275,0.44375000000000003,16
858,0.28541666666666665,0.0982264602843857,0.16875,0.2583333333333333,0.5145833333333334,16
859,0.225,0.06236095644623236,0.1125,0.24166666666666667,0.32499999999999996,16
860,0.2708333333333333,0.08690272339422588,0.08958333333333332,0.275,0.39166666666666666,16
861,0.2833333333333333,0.09446486707295529,0.0875,0.3,0.42500000000000004,16
862,0.31875,0.09893091725486472,0.16875,0.3,0.47708333333333336,16
863,0.2489583333333333,0.10432800006336851,0.08958333333333333,0.275,0.4083333333333333,16
864,0.30208333333333337,0.08434284366665484,0.18958333333333333,0.2833333333333333,0.45208333333333334,16
865,0.31145833333333334,0.08492618322532942,0.16875,0.31666666666666665,0.4604166666666667,16
866,0.3041666666666667,0.07580585582775105,0.16875,0.3333333333333333,0.39375000000000004,16
867,0.3145833333333333,0.067411207030681,0.20208333333333334,0.30833333333333335,0.4104166666666667,16
868,0.31145833333333334,0.08714586072594996,0.14583333333333331,0.30833333333333335,0.45416666666666666,16
869,0.2666666666666666,0.08498365855987974,0.13541666666666666,0.24166666666666667,0.43125,16
870,0.33229166666666665,0.07058012340202052,0.21250000000000002,0.31666666666666665,0.4604166666666667,16
871,0.19791666666666666,0.09644280832585589,0.00625,0.21666666666666667,0.33125,16
872,0.3,0.06922186552431729,0.19583333333333333,0.2833333333333333,0.42083333333333334,16
873,0.2552083333333333,0.04920152366091476,0.16249999999999998,0.25,0.3333333333333333,16
874,0.30624999999999997,0.07473912964438374,0.17291666666666666,0.31666666666666665,0.4166666666666667,16
875,0.2885416666666667,0.09348922063532245,0.15,0.30833333333333335,0.43333333333333335,16
876,0.2729166666666667,0.10288798520721455,0.08541666666666667,0.30833333333333335,0.4,16
877,0.28541666666666665,0.065318397527462,0.15416666666666667,0.3,0.3770833333333333,16
878,0.384375,0.10840842749887013,0.17916666666666667,0.4083333333333333,0.5375000000000001,16
879,0.315625,0.10214177748763399,0.13958333333333334,0.3333333333333333,0.46458333333333335,16
880,0.27499999999999997,0.12856040517117925,0.07500000000000001,0.2583333333333333,0.49375,16
881,0.22708333333333333,0.06478463252277589,0.13333333333333333,0.21666666666666667,0.34791666666666665,16
882,0.34895833333333337,0.09708758037920652,0.18541666666666667,0.35,0.5354166666666667,16
883,0.33749999999999997,0.11762995177910922,0.16666666666666669,0.31666666666666665,0.5791666666666667,16
884,0.2895833333333333,0.07814583055629605,0.14583333333333331,0.3,0.39375000000000004,16
885,0.25937499999999997,0.09788895884566802,0.058333333333333334,0.3,0.37083333333333335,16
886,0.21770833333333334,0.08280431039169667,0.08958333333333333,0.225,0.38125,16
887,0.234375,0.12010827724969203,0.029166666666666667,0.24166666666666667,0.42708333333333337,16
888,0.3260416666666667,0.0763691578052874,0.20625000000000002,0.3333333333333333,0.42708333333333337,16
889,0.3260416666666667,0.10912670229040086,0.17291666666666666,0.3583333333333333,0.4979166666666667,16
890,0.29791666666666666,0.07356851492920656,0.17291666666666666,0.30833333333333335,0.4041666666666667,16
891,0.2822916666666666,0.07370849820972704,0.125,0.3,0.38333333333333336,16
892,0.31145833333333334,0.10370208900445975,0.18958333333333333,0.2833333333333333,0.5541666666666667,16
893,0.2947916666666667,0.08410450468514356,0.17291666666666666,0.26666666666666666,0.42083333333333334,16
894,0.29375,0.07725206757391315,0.18333333333333332,0.2833333333333333,0.4354166666666667,16
895,0.334375,0.06276852039659513,0.25625,0.31666666666666665,0.475,16
896,0.2708333333333333,0.11157023199163237,0.07916666666666666,0.275,0.4895833333333333,16
897,0.2739583333333333,0.09627953190522318,0.10625000000000001,0.26666666666666666,0.44166666666666665,16
898,0.32291666666666663,0.11378509837017813,0.13333333333333333,0.30833333333333335,0.5041666666666667,16
899,0.275,0.07728015412913086,0.18958333333333333,0.24166666666666667,0.4395833333333333,16
900,0.32708333333333334,0.08393015449368203,0.20208333333333334,0.32499999999999996,0.4895833333333333,16
901,0.2947916666666667,0.07088692825353785,0.20625000000000002,0.29166666666666663,0.45625,16
902,0.359375,0.09699812963546144,0.23541666666666666,0.3333333333333333,0.5437500000000001,16
903,0.328125,0.09731084750256093,0.17916666666666667,0.3333333333333333,0.5166666666666667,16
904,0.25729166666666664,0.09482600110787712,0.07500000000000001,0.24166666666666667,0.42083333333333334,16
905,0.43229166666666663,0.09156599585666189,0.31875,0.3916666666666667,0.6020833333333333,16
906,0.328125,0.08285670989726783,0.175,0.35,0.42708333333333337,16
907,0.3052083333333333,0.10470175068843034,0.10625000000000001,0.30833333333333335,0.4916666666666667,16
908,0.2864583333333333,0.07293898467973839,0.15208333333333332,0.3,0.4125,16
909,0.2885416666666667,0.07064159097160823,0.17916666666666667,0.2833333333333333,0.43125,16
910,0.3083333333333333,0.09519716382329885,0.18958333333333333,0.3,0.5166666666666666,16
911,0.2520833333333333,0.09535660409454841,0.10833333333333334,0.225,0.4166666666666667,16
912,0.30833333333333335,0.0959238702768445,0.16249999999999998,0.2833333333333333,0.4708333333333333,16
913,0.25416666666666665,0.1059841445164742,0.09583333333333333,0.2583333333333333,0.44583333333333336,16
914,0.25104166666666666,0.09672928108615532,0.13541666666666666,0.21666666666666667,0.45,16
915,0.2635416666666667,0.08084165549943227,0.13125,0.24166666666666667,0.38333333333333336,16
916,0.18020833333333336,0.10428638953222355,0.0,0.175,0.33749999999999997,16
917,0.30416666666666664,0.09780578828587919,0.17916666666666667,0.2833333333333333,0.47708333333333336,16
918,0.33645833333333336,0.10852847008709027,0.14791666666666667,0.3333333333333333,0.5375000000000001,16
919,0.30000000000000004,0.09537935951882998,0.12291666666666667,0.31666666666666665,0.43333333333333335,16
920,0.3197916666666667,0.1159529882586521,0.12291666666666667,0.3333333333333333,0.4916666666666667,16
921,0.24062499999999998,0.14457417718366353,-0.035416666666666666,0.275,0.44583333333333336,16
922,0.23229166666666667,0.07131423761151143,0.06041666666666666,0.24166666666666667,0.33749999999999997,16
923,0.26145833333333335,0.06580662696702952,0.14583333333333331,0.275,0.36041666666666666,16
924,0.1864583333333333,0.09432117670491606,0.004166666666666673,0.18333333333333332,0.3104166666666667,16
925,0.25104166666666666,0.07849910429425294,0.08958333333333333,0.275,0.34791666666666665,16
926,0.3458333333333333,0.07694243880258078,0.2520833333333333,0.3416666666666667,0.5166666666666666,16
927,0.290625,0.10655084043414309,0.12916666666666665,0.275,0.46458333333333335,16
928,0.2833333333333333,0.07120003121097943,0.18958333333333333,0.275,0.41458333333333336,16
929,0.27291666666666664,0.07356851492920656,0.17291666666666666,0.2583333333333333,0.4041666666666667,16
930,0.203125,0.06379729999076067,0.08958333333333333,0.225,0.27708333333333335,16
931,0.278125,0.09441316373319512,0.08958333333333333,0.3,0.41458333333333336,16
932,0.30208333333333337,0.07770023416238132,0.16458333333333333,0.31666666666666665,0.4104166666666667,16
933,0.3572916666666667,0.07359063525491694,0.25,0.35,0.47708333333333336,16
934,0.24479166666666666,0.07088692825353785,0.12291666666666667,0.24166666666666667,0.36458333333333337,16
935,0.30833333333333335,0.0770551750371122,0.18125,0.30833333333333335,0.44583333333333336,16
936,0.20833333333333331,0.07312470322826768,0.10625000000000001,0.19166666666666665,0.3666666666666667,16
937,0.2833333333333333,0.07750448015724282,0.14583333333333331,0.2833333333333333,0.43333333333333335,16
938,0.27604166666666663,0.08497727433130448,0.10833333333333334,0.29166666666666663,0.4041666666666667,16
939,0.25104166666666666,0.08548650600143472,0.11458333333333333,0.2583333333333333,0.39375000000000004,16
940,0.26145833333333335,0.11647584841454854,0.10625000000000001,0.23333333333333334,0.45416666666666666,16
941,0.2729166666666667,0.07165576467466599,0.16666666666666666,0.2833333333333333,0.39166666666666666,16
942,0.2572916666666667,0.10441117137707695,0.02708333333333333,0.26666666666666666,0.4041666666666667,16
943,0.3145833333333333,0.07946762967816938,0.15208333333333332,0.3333333333333333,0.4104166666666667,16
944,0.33125,0.08597379284151396,0.21250000000000002,0.31666666666666665,0.4979166666666667,16
945,0.3625,0.10499669306961794,0.17083333333333334,0.3583333333333333,0.5625,16
946,0.3520833333333333,0.07725206757391316,0.21250000000000002,0.35,0.4708333333333333,16
947,0.30000000000000004,0.13043729868748774,0.14583333333333331,0.26666666666666666,0.5833333333333334,16
948,0.30833333333333335,0.07817359599705717,0.15208333333333332,0.31666666666666665,0.42083333333333334,16
949,0.32395833333333335,0.07382617299741634,0.19583333333333333,0.31666666666666665,0.4375,16
950,0.23854166666666668,0.08327471896947142,0.13333333333333333,0.21666666666666667,0.3875,16
951,0.315625,0.059938843253399175,0.22916666666666669,0.30833333333333335,0.42708333333333337,16
952,0.2895833333333333,0.06343057228182637,0.2,0.2833333333333333,0.39375000000000004,16
953,0.31770833333333337,0.10094497091374972,0.16666666666666666,0.30833333333333335,0.5166666666666666,16
954,0.296875,0.10804749952117253,0.09791666666666667,0.30833333333333335,0.4895833333333333,16
955,0.27604166666666663,0.10137402383418216,0.06666666666666667,0.2833333333333333,0.42708333333333337,16
956,0.30104166666666665,0.1143321109628534,0.1375,0.275,0.5354166666666667,16
957,0.28958333333333336,0.07968579791210532,0.12083333333333332,0.3,0.4041666666666667,16
958,0.2958333333333333,0.10921118685067631,0.10416666666666666,0.3,0.4875,16
959,0.28854166666666664,0.07064159097160823,0.16666666666666666,0.3,0.38333333333333336,16
960,0.29583333333333334,0.10095034532988098,0.15208333333333332,0.2833333333333333,0.475,16
961,0.28020833333333334,0.08940753098717256,0.15208333333333332,0.2833333333333333,0.42708333333333337,16
962,0.34375,0.0742730977915662,0.21250000000000002,0.35,0.44375000000000003,16
963,0.334375,0.06883675082315326,0.20208333333333334,0.3333333333333333,0.44375000000000003,16
964,0.284375,0.07894019140744749,0.17291666666666666,0.26666666666666666,0.45833333333333337,16
965,0.26145833333333335,0.08327471896947142,0.10625000000000001,0.2583333333333333,0.3875,16
966,0.2989583333333333,0.10128835864610614,0.12916666666666665,0.275,0.4604166666666667,16
967,0.3260416666666667,0.09297713839374112,0.17291666666666666,0.3333333333333333,0.4604166666666667,16
968,0.31145833333333334,0.09784461001165744,0.15208333333333332,0.3333333333333333,0.48333333333333334,16
969,0.334375,0.12225723535734899,0.14166666666666666,0.32499999999999996,0.53125,16
970,0.33125000000000004,0.06120179508986826,0.22291666666666668,0.3333333333333333,0.4166666666666667,16
971,0.27812499999999996,0.09330333409250591,0.12916666666666665,0.29166666666666663,0.45,16
972,0.3260416666666667,0.12218621234047282,0.12083333333333332,0.35,0.5208333333333334,16
973,0.2375,0.09270248108869578,0.04583333333333334,0.25,0.36666666666666664,16
974,0.2510416666666667,0.12010827724969203,0.04583333333333334,0.2583333333333333,0.43125,16
975,0.35624999999999996,0.11575161985907585,0.1375,0.375,0.5625,16
976,0.23541666666666666,0.11958768865471804,0.08958333333333333,0.225,0.4854166666666667,16
977,0.3614583333333333,0.05359271237252735,0.2583333333333333,0.375,0.43333333333333335,16
978,0.2875,0.08508574106942557,0.13958333333333334,0.3,0.43125,16
979,0.27708333333333335,0.03903123748998998,0.20625000000000002,0.2833333333333333,0.34375,16
980,0.309375,0.07883015101046892,0.17291666666666666,0.31666666666666665,0.4,16
981,0.334375,0.12239915775627071,0.12916666666666665,0.3,0.5416666666666666,16
982,0.30833333333333335,0.06291528696058958,0.18958333333333333,0.31666666666666665,0.42083333333333334,16
983,0.2822916666666667,0.10776594204055792,0.13333333333333333,0.26666666666666666,0.46875,16
984,0.3583333333333333,0.11814539065631521,0.18333333333333332,0.3583333333333333,0.56875,16
985,0.31562500000000004,0.11703346357868002,0.13958333333333334,0.3,0.4979166666666667,16
986,0.24375,0.0805525622049217,0.05208333333333333,0.2583333333333333,0.32708333333333334,16
987,0.2875,0.07058780977540591,0.14375,0.29166666666666663,0.38333333333333336,16
988,0.275,0.12610621625351298,0.05,0.275,0.44166666666666665,16
989,0.2791666666666667,0.1293010054098575,0.07291666666666666,0.30833333333333335,0.5,16
990,0.303125,0.06698329756571991,0.18541666666666667,0.29166666666666663,0.39375000000000004,16
991,0.28541666666666665,0.10799225152245363,0.0625,0.30833333333333335,0.4104166666666667,16
992,0.334375,0.07579869859260999,0.19791666666666666,0.35,0.4604166666666667,16
993,0.3760416666666666,0.10441117137707695,0.20833333333333331,0.36666666666666664,0.5770833333333333,16
994,0.24895833333333334,0.10952370843033638,0.0875,0.225,0.44375000000000003,16
995,0.3333333333333333,0.07406828681096324,0.22291666666666668,0.3416666666666667,0.44375000000000003,16
996,0.3229166666666667,0.07968579791210532,0.21666666666666667,0.31666666666666665,0.45833333333333337,16
997,0.30208333333333337,0.0901147031411757,0.13958333333333334,0.3333333333333333,0.42708333333333337,16
998,0.275,0.12104865871944959,0.07500000000000001,0.26666666666666666,0.49375,16
999,0.3145833333333333,0.07285711854185714,0.18541666666666667,0.31666666666666665,0.42708333333333337,16
1000,0.27083333333333337,0.061941953113827095,0.16249999999999998,0.26666666666666666,0.36666666666666664,16
1001,0.3302083333333333,0.10852847008709027,0.11041666666666666,0.35,0.4895833333333333,16
1002,0.32291666666666663,0.11929698585183673,0.13333333333333333,0.32499999999999996,0.5645833333333333,16
1003,0.33541666666666664,0.0933324032691755,0.20625000000000002,0.32499999999999996,0.5041666666666667,16
1004,0.27604166666666663,0.07816665556147753,0.18333333333333332,0.2583333333333333,0.42916666666666664,16
1005,0.26875000000000004,0.10169996039549103,0.1125,0.275,0.46666666666666673,16
1006,0.28229166666666666,0.10482603810069753,0.06041666666666666,0.3,0.42500000000000004,16
1007,0.28541666666666665,0.0742730977915662,0.15208333333333332,0.2833333333333333,0.4,16
1008,0.3260416666666667,0.08415609463306202,0.18958333333333333,0.3,0.47708333333333336,16
1009,0.3364583333333333,0.1273690435855153,0.08958333333333333,0.3333333333333333,0.525,16
1010,0.28229166666666666,0.1000813471215624,0.11458333333333333,0.275,0.45833333333333337,16
1011,0.278125,0.09872780165406522,0.10208333333333333,0.2833333333333333,0.4104166666666667,16
1012,0.3197916666666667,0.10395290566993413,0.14583333333333331,0.32499999999999996,0.5041666666666667,16
1013,0.2635416666666667,0.055031162257801206,0.17291666666666666,0.26666666666666666,0.35,16
1014,0.36979166666666663,0.09450506122542975,0.23333333333333334,0.375,0.5104166666666667,16
1015,0.34270833333333334,0.0873945296883303,0.16458333333333333,0.3333333333333333,0.4604166666666667,16
1016,0.33333333333333337,0.09736101204623271,0.20833333333333331,0.30833333333333335,0.5375000000000001,16
1017,0.24791666666666667,0.10783136912172944,0.12916666666666665,0.21666666666666667,0.49583333333333335,16
1018,0.30000000000000004,0.14988421457170795,-0.002083333333333333,0.32499999999999996,0.51875,16
1019,0.28125,0.0953566040945484,0.1125,0.3,0.42083333333333334,16
1020,0.27812499999999996,0.07585593756515628,0.14166666666666666,0.2833333333333333,0.38333333333333336,16
1021,0.33125,0.08475352336169997,0.16875,0.3333333333333333,0.4875,16
1022,0.2729166666666667,0.1011865370381741,0.07916666666666666,0.275,0.44583333333333336,16
1023,0.34791666666666665,0.08757437315409876,0.19166666666666665,0.3416666666666667,0.4979166666666667,16
1024,0.246875,0.09951597268501396,0.07500000000000001,0.2583333333333333,0.4395833333333333,16
1025,0.2125,0.10349785290311848,0.08333333333333333,0.23333333333333334,0.36666666666666664,16
1026,0.29166666666666663,0.11858541225631422,-0.002083333333333333,0.30833333333333335,0.42083333333333334,16
1027,0.31979166666666664,0.09151858304009447,0.19583333333333333,0.29166666666666663,0.51875,16
1028,0.3125,0.07252872993970505,0.19583333333333333,0.32499999999999996,0.45208333333333334,16
1029,0.328125,0.09855179651950655,0.1375,0.3416666666666667,0.48333333333333334,16
1030,0.315625,0.09564633022814369,0.16249999999999998,0.31666666666666665,0.5083333333333333,16
1031,0.32916666666666666,0.09921567416492216,0.17083333333333334,0.3,0.49375,16
1032,0.3208333333333333,0.10483121354507603,0.15,0.3333333333333333,0.47708333333333336,16
1033,0.2885416666666667,0.10876815780722673,0.10625000000000001,0.25,0.4604166666666667,16
1034,0.3,0.09391189724653871,0.1125,0.30833333333333335,0.42708333333333337,16
1035,0.20416666666666666,0.07850601533923655,0.037500000000000006,0.23333333333333334,0.29375,16
1036,0.284375,0.09990772652525151,0.13958333333333334,0.29166666666666663,0.475,16
1037,0.33229166666666665,0.10128835864610614,0.17291666666666666,0.3333333333333333,0.49583333333333335,16
1038,0.32916666666666666,0.09307628293203615,0.15833333333333333,0.3416666666666667,0.48125,16
1039,0.296875,0.07411954261341756,0.14583333333333331,0.30833333333333335,0.4083333333333333,16
1040,0.31354166666666666,0.12136646039303171,0.08125,0.3333333333333333,0.5125000000000001,16
1041,0.30416666666666664,0.08670271686118672,0.16041666666666665,0.3,0.4854166666666667,16
1042,0.32083333333333336,0.0625,0.23958333333333334,0.30833333333333335,0.45625,16
1043,0.3072916666666667,0.08838220935547808,0.17916666666666667,0.30833333333333335,0.4708333333333333,16
1044,0.2947916666666667,0.09587295376637194,0.16249999999999998,0.26666666666666666,0.47708333333333336,16
1045,0.30624999999999997,0.10686098836026801,0.11458333333333333,0.30833333333333335,0.5145833333333334,16
1046,0.25,0.08477912478906585,0.08333333333333334,0.275,0.36875,16
1047,0.246875,0.07435340489476218,0.12291666666666667,0.26666666666666666,0.34375,16
1048,0.196875,0.08862740946419077,0.04583333333333334,0.20833333333333334,0.33125,16
1049,0.31145833333333334,0.0964146769457615,0.15625,0.31666666666666665,0.4604166666666667,16
1050,0.3822916666666667,0.08926177754535003,0.25,0.375,0.5666666666666667,16
1051,0.315625,0.12239915775627071,0.09583333333333333,0.31666666666666665,0.47708333333333336,16
1052,0.2885416666666667,0.08243658126436076,0.17291666666666666,0.275,0.42708333333333337,16
1053,0.3208333333333333,0.08670271686118672,0.16249999999999998,0.32499999999999996,0.4604166666666667,16
1054,0.2354166666666667,0.09407351587396363,0.04166666666666667,0.25,0.35833333333333334,16
1055,0.2947916666666667,0.12482192176367811,0.05416666666666667,0.32499999999999996,0.48333333333333334,16
1056,0.30729166666666663,0.10222672751998102,0.17291666666666666,0.3,0.4875,16
1057,0.33333333333333337,0.08858454843945542,0.15208333333333332,0.3416666666666667,0.4604166666666667,16
1058,0.2791666666666667,0.07806247497997998,0.16249999999999998,0.275,0.4166666666666667,16
1059,0.2583333333333333,0.09556120784316428,0.1125,0.275,0.4395833333333333,16
1060,0.2833333333333333,0.09537935951882998,0.15,0.2583333333333333,0.43333333333333335,16
1061,0.271875,0.07766531427649453,0.1375,0.26666666666666666,0.4041666666666667,16
1062,0.328125,0.0869464134938552,0.21250000000000002,0.3,0.4916666666666667,16
1063,0.2833333333333333,0.09242113755341182,0.13125,0.29166666666666663,0.4375,16
1064,0.32291666666666663,0.11439378261076955,0.08958333333333332,0.3333333333333333,0.475,16
1065,0.3520833333333333,0.07880950133074058,0.23541666666666666,0.3333333333333333,0.53125,16
1066,0.30833333333333335,0.1116480083914522,0.07916666666666666,0.35,0.44375000000000003,16
1067,0.3354166666666667,0.11856711062610163,0.14583333333333331,0.32499999999999996,0.5479166666666667,16
1068,0.375,0.1118033988749895,0.19166666666666665,0.4,0.53125,16
1069,0.32291666666666663,0.09388878616036458,0.15833333333333333,0.31666666666666665,0.46458333333333335,16
1070,0.23958333333333334,0.08330728759638417,0.10625000000000001,0.24166666666666667,0.36041666666666666,16
1071,0.2677083333333333,0.0888719330616315,0.13333333333333333,0.2833333333333333,0.4041666666666667,16
1072,0.3427083333333333,0.07636915780528741,0.22916666666666669,0.32499999999999996,0.46458333333333335,16
1073,0.328125,0.08774148225516443,0.18958333333333333,0.32499999999999996,0.47708333333333336,16
1074,0.453125,0.062143078076144394,0.32499999999999996,0.4666666666666667,0.5333333333333333,16
1075,0.2989583333333333,0.08589171760290848,0.16458333333333333,0.2833333333333333,0.4604166666666667,16
1076,0.31875,0.08972856444732512,0.2,0.31666666666666665,0.4875,16
1077,0.3104166666666667,0.10571762046971063,0.11666666666666667,0.3333333333333333,0.4666666666666667,16
1078,0.32291666666666663,0.12512146875914,0.08958333333333333,0.3333333333333333,0.5104166666666667,16
1079,0.27604166666666663,0.074992765854818,0.12916666666666665,0.31666666666666665,0.375,16
1080,0.271875,0.0730578989379124,0.15208333333333332,0.2583333333333333,0.40625,16
1081,0.30104166666666665,0.05935672233295156,0.18541666666666667,0.32499999999999996,0.3770833333333333,16
1082,0.33854166666666663,0.10029795022553774,0.17916666666666667,0.3333333333333333,0.5520833333333334,16
1083,0.24583333333333335,0.09833686434338289,0.07916666666666666,0.2833333333333333,0.3770833333333333,16
1084,0.2375,0.09956502621123767,0.08333333333333333,0.24166666666666667,0.3979166666666667,16
1085,0.29270833333333335,0.11241798708144728,0.11458333333333333,0.2833333333333333,0.5125000000000001,16
1086,0.31770833333333337,0.06331928298095472,0.22291666666666668,0.31666666666666665,0.42708333333333337,16
1087,0.2552083333333333,0.10047089649080805,0.08125,0.25,0.41875,16
1088,0.25104166666666666,0.08867636812527274,0.13958333333333334,0.24166666666666667,0.4083333333333333,16
1089,0.26979166666666665,0.14070985094433786,0.008333333333333335,0.30833333333333335,0.4979166666666667,16
1090,0.296875,0.08441357143058613,0.18958333333333333,0.29166666666666663,0.4854166666666667,16
1091,0.30833333333333335,0.08975274678557507,0.18333333333333332,0.29166666666666663,0.47708333333333336,16
1092,0.31354166666666666,0.10328270769268849,0.12291666666666667,0.3416666666666667,0.44375000000000003,16
1093,0.2739583333333333,0.0640010714971068,0.125,0.29166666666666663,0.34375,16
1094,0.3145833333333333,0.08141009867741635,0.14583333333333331,0.3416666666666667,0.4166666666666667,16
1095,0.31666666666666665,0.09204467514322717,0.09999999999999999,0.3333333333333333,0.44583333333333336,16
1096,0.2875,0.08154327412825386,0.14583333333333331,0.29166666666666663,0.42708333333333337,16
1097,0.25104166666666666,0.10856845478775129,0.0625,0.25,0.4395833333333333,16
1098,0.31354166666666666,0.08784035985493482,0.18333333333333332,0.32499999999999996,0.43333333333333335,16
1099,0.24270833333333333,0.10171596311679784,0.09791666666666667,0.20833333333333334,0.45416666666666666,16
1100,0.3625,0.07960405489392834,0.225,0.3583333333333333,0.4979166666666667,16
1101,0.32291666666666663,0.06637305134197496,0.20625000000000002,0.3333333333333333,0.43125,16
1102,0.26666666666666666,0.08955910525085282,0.12291666666666667,0.24166666666666667,0.42083333333333334,16
1103,0.32916666666666666,0.11157023199163238,0.12291666666666667,0.32499999999999996,0.4916666666666667,16
1104,0.28437500000000004,0.10760472127962913,0.08125,0.30833333333333335,0.42083333333333334,16
1105,0.29583333333333334,0.11880481191152713,0.08958333333333333,0.32499999999999996,0.4666666666666667,16
1106,0.25416666666666665,0.10026007846263305,0.08958333333333333,0.25,0.39375000000000004,16
1107,0.3354166666666667,0.0987552741207611,0.125,0.3583333333333333,0.4604166666666667,16
1108,0.375,0.12360330811826105,0.16666666666666666,0.4166666666666667,0.5166666666666667,16
1109,0.27708333333333335,0.10620914247109071,0.12291666666666667,0.29166666666666663,0.44375000000000003,16
1110,0.3677083333333333,0.09850774609982035,0.20833333333333331,0.3916666666666667,0.5166666666666667,16
1111,0.37083333333333335,0.06984606089266755,0.2625,0.36666666666666664,0.47708333333333336,16
1112,0.3041666666666667,0.12240359017973652,0.10208333333333333,0.30833333333333335,0.4666666666666667,16
1113,0.32291666666666663,0.12484365222148862,0.08125,0.35,0.5125000000000001,16
1114,0.34062499999999996,0.10051408656114934,0.16249999999999998,0.3416666666666667,0.49375,16
1115,0.3260416666666667,0.07772117856300316,0.19374999999999998,0.30833333333333335,0.46875,16
1116,0.26875,0.09590124405403254,0.07916666666666666,0.275,0.4041666666666667,16
1117,0.26875,0.07702700644723397,0.13958333333333334,0.26666666666666666,0.4041666666666667,16
1118,0.24583333333333332,0.1021470889344272,0.12291666666666667,0.2,0.38333333333333336,16
1119,0.35,0.09033118078616167,0.20208333333333334,0.3416666666666667,0.5166666666666666,16
1120,0.32916666666666666,0.07252872993970505,0.22291666666666668,0.3416666666666667,0.4166666666666667,16
1121,0.3458333333333333,0.07534642216677136,0.21875,0.3333333333333333,0.4708333333333333,16
1122,0.3135416666666667,0.08543571941979407,0.175,0.32499999999999996,0.46458333333333335,16
1123,0.30729166666666663,0.06921402745991756,0.175,0.3333333333333333,0.39375000000000004,16
1124,0.25,0.09789450103725608,0.08333333333333333,0.25,0.42916666666666664,16
1125,0.32708333333333334,0.09370369226687093,0.13958333333333334,0.31666666666666665,0.5041666666666667,16
1126,0.32916666666666666,0.09673488971869917,0.15000000000000002,0.30833333333333335,0.4604166666666667,16
1127,0.29270833333333335,0.08394954461857829,0.18958333333333333,0.2583333333333333,0.45416666666666666,16
1128,0.225,0.11547005383792515,0.08333333333333333,0.2,0.45833333333333337,16
1129,0.34270833333333334,0.09203878070019061,0.21250000000000002,0.3333333333333333,0.5166666666666667,16
1130,0.33125,0.1048932989597842,0.17291666666666666,0.32499999999999996,0.5416666666666666,16
1131,0.2520833333333333,0.07333214961165851,0.10833333333333334,0.26666666666666666,0.36875,16
1132,0.259375,0.11195372773060207,0.07291666666666666,0.23333333333333334,0.4479166666666667,16
1133,0.31145833333333334,0.07113141935491267,0.21250000000000002,0.32499999999999996,0.4166666666666667,16
1134,0.22499999999999998,0.10474837574980446,0.016666666666666666,0.23333333333333334,0.3958333333333333,16
1135,0.24895833333333334,0.09491749889889757,0.058333333333333334,0.2833333333333333,0.3333333333333333,16
1136,0.29270833333333335,0.08818555838873696,0.15,0.2833333333333333,0.4104166666666667,16
1137,0.34270833333333334,0.08818555838873696,0.17291666666666666,0.3583333333333333,0.46458333333333335,16
1138,0.2739583333333333,0.10880805442766327,0.0625,0.30833333333333335,0.42083333333333334,16
1139,0.30937499999999996,0.07545435292281022,0.18125,0.30833333333333335,0.43125,16
1140,0.33958333333333335,0.08012035217928921,0.20208333333333334,0.3333333333333333,0.4708333333333333,16
1141,0.29270833333333335,0.07192027559504112,0.16249999999999998,0.3,0.39375000000000004,16
1142,0.3041666666666667,0.09418878796214429,0.11875,0.32499999999999996,0.46666666666666673,16
1143,0.26979166666666665,0.0963246013199351,0.1,0.2833333333333333,0.42083333333333334,16
1144,0.32916666666666666,0.10129371484286015,0.15625,0.32499999999999996,0.47708333333333336,16
1145,0.29583333333333334,0.10760976308454132,0.17291666666666666,0.2833333333333333,0.55,16
1146,0.3385416666666667,0.06580662696702953,0.22916666666666669,0.3416666666666667,0.4479166666666667,16
1147,0.32499999999999996,0.08700255424092125,0.15416666666666667,0.3333333333333333,0.4666666666666667,16
1148,0.27499999999999997,0.08333333333333334,0.10416666666666666,0.275,0.4,16
1149,0.28229166666666666,0.08669645922220046,0.125,0.2833333333333333,0.42083333333333334,16
1150,0.30937499999999996,0.06946440685303837,0.175,0.32499999999999996,0.4,16
1151,0.234375,0.08507936450096984,0.1,0.2583333333333333,0.34375,16
1152,0.2635416666666667,0.09056511431315899,0.09583333333333333,0.26666666666666666,0.42083333333333334,16
1153,0.38541666666666663,0.08267972847076846,0.25625,0.3916666666666667,0.5104166666666667,16
1154,0.29270833333333335,0.09500890857352975,0.13541666666666666,0.2833333333333333,0.45416666666666666,16
1155,0.30104166666666665,0.08906706859627375,0.12291666666666667,0.32499999999999996,0.43125,16
1156,0.31666666666666665,0.099128143778086,0.12291666666666667,0.3333333333333333,0.46458333333333335,16
1157,0.28958333333333336,0.10049789245993614,0.13333333333333333,0.3,0.44166666666666665,16
1158,0.28541666666666665,0.06288078446994405,0.18958333333333333,0.3,0.39375000000000004,16
1159,0.2677083333333333,0.0695892587297462,0.15625,0.2833333333333333,0.40208333333333335,16
1160,0.34687500000000004,0.10090196527928594,0.14583333333333331,0.3916666666666667,0.48125,16
1161,0.19583333333333333,0.10614782669047498,0.016666666666666666,0.19166666666666665,0.38333333333333336,16
1162,0.3072916666666667,0.07429500833763254,0.20625000000000002,0.2833333333333333,0.4166666666666667,16
1163,0.309375,0.10068666157661821,0.11458333333333334,0.3,0.46875,16
1164,0.2520833333333333,0.09239765358973619,0.09375,0.23333333333333334,0.3979166666666667,16
1165,0.31875,0.08098246552323671,0.175,0.31666666666666665,0.44375000000000003,16
1166,0.31875,0.08597379284151395,0.11875,0.3333333333333333,0.4354166666666667,16
1167,0.32499999999999996,0.09664511253952668,0.14375,0.3333333333333333,0.475,16
1168,0.27604166666666663,0.09464274015416549,0.08125,0.275,0.4104166666666667,16
1169,0.3177083333333333,0.0767093970594361,0.16875,0.3333333333333333,0.4,16
1170,0.27604166666666663,0.09877175393299442,0.12916666666666665,0.2583333333333333,0.44375000000000003,16
1171,0.24583333333333335,0.06023680122833733,0.14583333333333331,0.23333333333333334,0.3333333333333333,16
1172,0.31979166666666664,0.08998818402373109,0.16666666666666666,0.3333333333333333,0.47708333333333336,16
1173,0.24791666666666665,0.10101481602000548,0.04791666666666666,0.25,0.38333333333333336,16
1174,0.2822916666666667,0.08046495743489833,0.17291666666666666,0.275,0.43125,16
1175,0.31354166666666666,0.07027197906467889,0.22291666666666668,0.29166666666666663,0.44375000000000003,16
1176,0.33229166666666665,0.12296520934123333,0.0625,0.3333333333333333,0.51875,16
1177,0.3375,0.08090203266228167,0.20625000000000002,0.3333333333333333,0.4854166666666667,16
1178,0.2677083333333333,0.08906706859627375,0.14583333333333331,0.26666666666666666,0.42708333333333337,16
1179,0.334375,0.09042122684352878,0.175,0.35,0.45,16
1180,0.27604166666666663,0.07406096165772266,0.13541666666666666,0.2833333333333333,0.3979166666666667,16
1181,0.27708333333333335,0.10221080476696734,0.09791666666666667,0.26666666666666666,0.4791666666666667,16
1182,0.28125,0.060056397105831556,0.17916666666666667,0.26666666666666666,0.37083333333333335,16
1183,0.303125,0.09037321344476655,0.16458333333333333,0.2833333333333333,0.46458333333333335,16
1184,0.27812499999999996,0.09802188495716431,0.12916666666666665,0.275,0.44166666666666665,16
1185,0.28020833333333334,0.08041099936852199,0.13125,0.275,0.38333333333333336,16
1186,0.3364583333333333,0.06749967849717674,0.21666666666666667,0.35,0.43333333333333335,16
1187,0.31666666666666665,0.06400954789890508,0.19166666666666665,0.31666666666666665,0.42083333333333334,16
1188,0.36250000000000004,0.09455671431591849,0.20833333333333331,0.36666666666666664,0.5270833333333333,16
1189,0.2572916666666667,0.0944591236549793,0.1125,0.2583333333333333,0.43125,16
1190,0.296875,0.08684651811289462,0.13333333333333333,0.3416666666666667,0.3979166666666667,16
1191,0.23854166666666665,0.0730578989379124,0.1125,0.225,0.35,16
1192,0.31666666666666665,0.13540064007726602,0.0875,0.30833333333333335,0.5875,16
1193,0.3197916666666667,0.08379429798619953,0.17708333333333331,0.3,0.45,16
1194,0.21666666666666667,0.10688129448650549,0.014583333333333334,0.21666666666666667,0.36666666666666664,16
1195,0.259375,0.10120262094487034,0.041666666666666664,0.275,0.3770833333333333,16
1196,0.2989583333333333,0.08589171760290848,0.15833333333333333,0.30833333333333335,0.42083333333333334,16
1197,0.24270833333333333,0.09353563454938207,0.1125,0.225,0.39375000000000004,16
1198,0.2729166666666667,0.08914622039722779,0.10625000000000001,0.2583333333333333,0.4166666666666667,16
1199,0.2989583333333333,0.06883675082315326,0.175,0.3,0.44375000000000003,16
1200,0.2947916666666667,0.06940189668797885,0.19583333333333333,0.2833333333333333,0.44583333333333336,16
1201,0.3427083333333333,0.10687621831664268,0.16458333333333333,0.3333333333333333,0.5270833333333333,16
1202,0.2677083333333333,0.09042122684352877,0.1125,0.26666666666666666,0.3979166666666667,16
1203,0.32916666666666666,0.08068715304598785,0.17916666666666667,0.3333333333333333,0.46875,16
1204,0.2510416666666666,0.07693538730288192,0.13958333333333334,0.2583333333333333,0.3770833333333333,16
1205,0.2875,0.12589954108115106,0.04166666666666667,0.3,0.48333333333333334,16
1206,0.23333333333333334,0.11960583412006104,0.05625,0.21666666666666667,0.44375000000000003,16
1207,0.3104166666666667,0.08556896990797021,0.14791666666666667,0.31666666666666665,0.4479166666666667,16
1208,0.359375,0.06717740557244263,0.22916666666666669,0.3833333333333333,0.44375000000000003,16
1209,0.29791666666666666,0.08267972847076846,0.18958333333333333,0.26666666666666666,0.46875,16
1210,0.29374999999999996,0.08119656362460449,0.15,0.2833333333333333,0.4,16
1211,0.33229166666666665,0.06730649991312544,0.19791666666666666,0.3333333333333333,0.45416666666666666,16
1212,0.27083333333333337,0.11372786719963486,0.12291666666666667,0.24166666666666667,0.4791666666666667,16
1213,0.30833333333333335,0.10408329997330663,0.10625000000000001,0.3,0.4854166666666667,16
1214,0.303125,0.07822216180355937,0.16875,0.30833333333333335,0.42708333333333337,16
1215,0.2791666666666667,0.11000315652036738,0.12916666666666665,0.3,0.42708333333333337,16
1216,0.3,0.08374896350934076,0.16875,0.30833333333333335,0.4,16
1217,0.2572916666666667,0.09222721602108566,0.06875,0.29166666666666663,0.35,16
1218,0.24895833333333334,0.05993884325339917,0.15625,0.2583333333333333,0.35,16
1219,0.290625,0.0763691578052874,0.15625,0.3,0.4104166666666667,16
1220,0.278125,0.09123358870686461,0.12083333333333332,0.275,0.43125,16
1221,0.29166666666666663,0.09391189724653871,0.10416666666666666,0.3,0.46666666666666673,16
1222,0.296875,0.09632460131993512,0.15625,0.30833333333333335,0.46875,16
1223,0.28541666666666665,0.08288944276699067,0.14166666666666666,0.29166666666666663,0.42708333333333337,16
1224,0.3416666666666667,0.07500000000000001,0.22916666666666669,0.3416666666666667,0.46875,16
1225,0.278125,0.09925394443603293,0.12291666666666667,0.275,0.42708333333333337,16
1226,0.24166666666666667,0.06561673228343176,0.13333333333333333,0.26666666666666666,0.32708333333333334,16
1227,0.3104166666666667,0.0895348706122679,0.175,0.29166666666666663,0.475,16
1228,0.18020833333333333,0.11444594035564953,0.00625,0.19166666666666665,0.38125,16
1229,0.33333333333333337,0.08057949835755716,0.20625000000000002,0.31666666666666665,0.475,16
1230,0.36979166666666663,0.10294597254817155,0.175,0.3833333333333333,0.5,16
1231,0.27708333333333335,0.13253340773807437,0.05,0.3,0.47708333333333336,16
1232,0.3604166666666667,0.10169996039549103,0.16249999999999998,0.375,0.53125,16
1233,0.25520833333333337,0.0896983273565096,0.09583333333333333,0.25,0.38333333333333336,16
1234,0.2791666666666667,0.10793194872490515,0.08958333333333333,0.275,0.45833333333333337,16
1235,0.30208333333333337,0.10204080746882047,0.14791666666666667,0.29166666666666663,0.4875,16
1236,0.309375,0.11931062836841766,0.13125,0.32499999999999996,0.5083333333333333,16
1237,0.35,0.09409658158863514,0.14583333333333331,0.35,0.48125,16
1238,0.2125,0.06548430685625713,0.1125,0.20833333333333334,0.3333333333333333,16
1239,0.3104166666666667,0.06611096521926013,0.2,0.3333333333333333,0.4041666666666667,16
1240,0.3135416666666667,0.10090196527928592,0.13541666666666666,0.30833333333333335,0.4916666666666667,16
1241,0.23958333333333331,0.08393015449368202,0.07916666666666666,0.2583333333333333,0.3333333333333333,16
1242,0.28437500000000004,0.08301370996206991,0.14166666666666666,0.2833333333333333,0.4104166666666667,16
1243,0.33229166666666665,0.07347258322742649,0.17083333333333334,0.3333333333333333,0.42708333333333337,16
1244,0.28645833333333337,0.07076436593449495,0.17916666666666667,0.275,0.42916666666666664,16
1245,0.3114583333333334,0.10972167281859638,0.11458333333333333,0.3,0.4875,16
1246,0.2833333333333333,0.08477912478906585,0.10833333333333334,0.2833333333333333,0.4083333333333333,16
1247,0.30833333333333335,0.11814539065631523,0.15625,0.29166666666666663,0.525,16
1248,0.290625,0.12678842147232705,0.03958333333333333,0.3,0.5062500000000001,16
1249,0.28125,0.10372824403753834,0.09791666666666667,0.29166666666666663,0.45833333333333337,16
1250,0.28854166666666664,0.10618359853208131,0.11875,0.2833333333333333,0.4708333333333333,16
1251,0.3104166666666667,0.1018705264866471,0.13958333333333334,0.3333333333333333,0.4375,16
1252,0.2802083333333333,0.072700572651726,0.16875,0.275,0.4041666666666667,16
1253,0.33125,0.08098246552323671,0.14791666666666667,0.35,0.44166666666666665,16
1254,0.26666666666666666,0.07614861201040443,0.12291666666666667,0.29166666666666663,0.375,16
1255,0.35833333333333334,0.08395600699837454,0.23125,0.3333333333333333,0.51875,16
1256,0.27708333333333335,0.11812702085279031,0.12291666666666667,0.25,0.5208333333333334,16
1257,0.26041666666666663,0.10783136912172944,0.10416666666666666,0.23333333333333334,0.475,16
1258,0.28750000000000003,0.0840593375076334,0.11666666666666667,0.275,0.4,16
1259,0.25312500000000004,0.07822216180355937,0.1125,0.24166666666666667,0.3979166666666667,16
1260,0.325,0.05980291706003051,0.21875,0.32499999999999996,0.42083333333333334,16
1261,0.2770833333333333,0.08757437315409876,0.11875,0.2833333333333333,0.4479166666666667,16
1262,0.31562500000000004,0.11156536916634222,0.13541666666666666,0.29166666666666663,0.49375,16
1263,0.28020833333333334,0.07844379401485145,0.17916666666666667,0.26666666666666666,0.4479166666666667,16
1264,0.31770833333333337,0.12068507427506427,0.11666666666666667,0.31666666666666665,0.4979166666666667,16
1265,0.2864583333333333,0.07954269250255208,0.11458333333333333,0.3,0.39375000000000004,16
1266,0.31562500000000004,0.10248115511047765,0.10833333333333334,0.31666666666666665,0.4666666666666667,16
1267,0.21041666666666664,0.08246948088703954,0.09583333333333333,0.19166666666666665,0.3729166666666667,16
1268,0.30625,0.12203070538006228,0.07291666666666666,0.31666666666666665,0.46458333333333335,16
1269,0.33854166666666663,0.09872780165406522,0.18958333333333333,0.3416666666666667,0.47708333333333336,16
1270,0.22916666666666666,0.07300589778306346,0.10625000000000001,0.25,0.3208333333333333,16
1271,0.33958333333333335,0.08836379191853541,0.16458333333333333,0.3416666666666667,0.4604166666666667,16
1272,0.328125,0.0976670132957444,0.18333333333333332,0.35,0.4916666666666667,16
1273,0.3114583333333333,0.07064159097160823,0.18958333333333333,0.30833333333333335,0.4375,16
1274,0.31354166666666666,0.08523227047636099,0.14791666666666667,0.31666666666666665,0.4375,16
1275,0.2833333333333333,0.07949493345141215,0.15833333333333333,0.26666666666666666,0.42083333333333334,16
1276,0.26979166666666665,0.13581272210699227,-0.02291666666666667,0.2833333333333333,0.45,16
1277,0.34895833333333337,0.09885959986825311,0.2,0.375,0.5104166666666667,16
1278,0.2791666666666667,0.11762995177910919,0.06041666666666666,0.29166666666666663,0.4979166666666667,16
1279,0.26979166666666665,0.11699637191668238,0.10625000000000001,0.26666666666666666,0.48333333333333334,16
1280,0.26666666666666666,0.08740073734751262,0.11875,0.26666666666666666,0.3979166666666667,16
1281,0.28229166666666666,0.09118600305297836,0.09375,0.2833333333333333,0.4104166666666667,16
1282,0.32708333333333334,0.08012035217928921,0.175,0.35,0.4479166666666667,16
1283,0.24270833333333336,0.060371750545175414,0.13333333333333333,0.25,0.3333333333333333,16
1284,0.29583333333333334,0.14725497539226912,0.03958333333333333,0.3,0.4979166666666667,16
1285,0.29166666666666663,0.09877724659274749,0.10833333333333334,0.2833333333333333,0.43333333333333335,16
1286,0.28125,0.08972856444732512,0.14583333333333331,0.26666666666666666,0.42500000000000004,16
1287,0.30833333333333335,0.09664511253952669,0.18333333333333332,0.2833333333333333,0.4875,16
1288,0.27708333333333335,0.09553849573165084,0.09583333333333333,0.29166666666666663,0.3770833333333333,16
1289,0.2875,0.059365861869895856,0.2,0.3,0.3770833333333333,16
1290,0.284375,0.13800019499784935,0.03958333333333333,0.275,0.47708333333333336,16
1291,0.3270833333333334,0.08372304707254218,0.22291666666666668,0.3,0.4854166666666667,16
1292,0.29791666666666666,0.09030715334038852,0.17291666666666666,0.275,0.4708333333333333,16
1293,0.3177083333333333,0.10094497091374972,0.13958333333333334,0.31666666666666665,0.47708333333333336,16
1294,0.3197916666666667,0.08921314014762624,0.1375,0.3333333333333333,0.45833333333333337,16
1295,0.265625,0.1004276878460871,0.07916666666666666,0.2583333333333333,0.38333333333333336,16
1296,0.359375,0.07772117856300316,0.25625,0.3416666666666667,0.53125,16
1297,0.334375,0.10382757307457186,0.20208333333333334,0.29166666666666663,0.5166666666666667,16
1298,0.28229166666666666,0.10449427649132007,0.08541666666666667,0.29166666666666663,0.43333333333333335,16
1299,0.296875,0.1107453833374356,0.11458333333333333,0.30833333333333335,0.45416666666666666,16
1300,0.3364583333333333,0.10593806333839076,0.12291666666666667,0.3583333333333333,0.49375,16
1301,0.27083333333333337,0.06984606089266754,0.18333333333333332,0.26666666666666666,0.4041666666666667,16
1302,0.21250000000000002,0.09528830521691059,0.03125,0.20833333333333334,0.34375,16
1303,0.234375,0.07760940977813909,0.13958333333333334,0.23333333333333334,0.3854166666666667,16
1304,0.24062500000000003,0.08121660638550333,0.10833333333333334,0.24166666666666667,0.39375000000000004,16
1305,0.3302083333333333,0.09395232796772818,0.13958333333333334,0.3333333333333333,0.45,16
1306,0.21979166666666666,0.09487176103386437,0.02708333333333333,0.23333333333333334,0.31666666666666665,16
1307,0.3375,0.1011221758292633,0.15625,0.3416666666666667,0.5125000000000001,16
1308,0.28125,0.092772683659218,0.11875,0.3,0.42708333333333337,16
1309,0.2770833333333333,0.0745064780926986,0.12916666666666665,0.29166666666666663,0.38125,16
1310,0.290625,0.07359063525491694,0.175,0.2833333333333333,0.4166666666666667,16
1311,0.325,0.08539125638299666,0.16666666666666666,0.3333333333333333,0.43333333333333335,16
1312,0.33854166666666663,0.11191495251851838,0.15625,0.3583333333333333,0.5,16
1313,0.3052083333333333,0.0594297992733163,0.19583333333333333,0.3,0.39375000000000004,16
1314,0.3104166666666667,0.07141306875417755,0.17708333333333331,0.31666666666666665,0.4104166666666667,16
1315,0.21458333333333332,0.09145335028186653,0.04791666666666666,0.21666666666666667,0.375,16
1316,0.22916666666666663,0.0744190462478823,0.12291666666666667,0.225,0.35,16
1317,0.2708333333333333,0.08364524958285305,0.15,0.2833333333333333,0.42083333333333334,16
1318,0.271875,0.0910430968613827,0.12083333333333332,0.25,0.45208333333333334,16
1319,0.2635416666666667,0.08084165549943227,0.11875,0.26666666666666666,0.39375000000000004,16
1320,0.33125000000000004,0.0951743648375035,0.16249999999999998,0.3333333333333333,0.47708333333333336,16
1321,0.259375,0.07359063525491692,0.15,0.25,0.4125,16
1322,0.3208333333333333,0.11296201426438299,0.15833333333333333,0.29166666666666663,0.5333333333333333,16
1323,0.28125,0.11131708339493789,0.09791666666666667,0.26666666666666666,0.49375,16
1324,0.2760416666666667,0.08639555954059985,0.125,0.275,0.41458333333333336,16
1325,0.3458333333333333,0.13648616128466,0.14166666666666666,0.36666666666666664,0.5708333333333334,16
1326,0.30729166666666663,0.0682033188952952,0.15000000000000002,0.31666666666666665,0.3875,16
1327,0.2947916666666667,0.15283419097360237,0.03125,0.3,0.5541666666666667,16
1328,0.3041666666666667,0.07648983229452425,0.17291666666666666,0.30833333333333335,0.4354166666666667,16
1329,0.3302083333333333,0.10626531752332617,0.14583333333333331,0.3416666666666667,0.5145833333333333,16
1330,0.3260416666666667,0.06743534712349798,0.25,0.30833333333333335,0.44375000000000003,16
1331,0.3354166666666667,0.08246948088703954,0.18125,0.3416666666666667,0.4604166666666667,16
1332,0.29270833333333335,0.06372923136642679,0.17916666666666667,0.2833333333333333,0.3979166666666667,16
1333,0.3041666666666667,0.0755764881134044,0.17916666666666667,0.3,0.42708333333333337,16
1334,0.2760416666666667,0.11195372773060208,0.10208333333333333,0.26666666666666666,0.44375000000000003,16
1335,0.30000000000000004,0.08207381501496754,0.14583333333333331,0.3333333333333333,0.44375,16
1336,0.29270833333333335,0.074992765854818,0.17916666666666667,0.3,0.44375000000000003,16
1337,0.290625,0.12855618502558847,0.06041666666666666,0.35,0.45,16
1338,0.3197916666666667,0.10788669950719391,0.10833333333333334,0.31666666666666665,0.4875,16
1339,0.35,0.11102427162061858,0.18333333333333332,0.3333333333333333,0.5270833333333333,16
1340,0.20833333333333331,0.06770032003863301,0.10625000000000001,0.2,0.3208333333333333,16
1341,0.31875,0.0761201079435213,0.16666666666666666,0.3416666666666667,0.42083333333333334,16
1342,0.303125,0.08019480405376786,0.16875,0.30833333333333335,0.44166666666666665,16
1343,0.29270833333333335,0.14117177652105647,0.0,0.32499999999999996,0.4604166666666667,16
1344,0.2822916666666666,0.053186239213415594,0.20208333333333334,0.2833333333333333,0.37083333333333335,16
1345,0.31979166666666664,0.14568072372104998,0.03958333333333333,0.3333333333333333,0.5270833333333333,16
1346,0.2739583333333333,0.08290907628574543,0.1125,0.29166666666666663,0.3770833333333333,16
1347,0.3375,0.10366546087187274,0.14583333333333331,0.35,0.48333333333333334,16
1348,0.35625,0.10911178645977916,0.16249999999999998,0.375,0.5375000000000001,16
1349,0.2739583333333333,0.07727313344738763,0.15208333333333332,0.2583333333333333,0.41458333333333336,16
1350,0.31875,0.07141306875417755,0.23958333333333334,0.32499999999999996,0.46666666666666673,16
1351,0.29270833333333335,0.08100256125923153,0.13333333333333333,0.31666666666666665,0.4041666666666667,16
1352,0.24375,0.08267972847076846,0.10625000000000001,0.26666666666666666,0.36875,16
1353,0.3375,0.0638737904864829,0.21666666666666667,0.3416666666666667,0.42708333333333337,16
1354,0.33125000000000004,0.11499924516660487,0.13125,0.3583333333333333,0.4979166666666667,16
1355,0.30416666666666664,0.07872684844871326,0.18541666666666667,0.2833333333333333,0.46875,16
1356,0.28854166666666664,0.11527725485155826,0.13333333333333333,0.32499999999999996,0.43333333333333335,16
1357,0.35416666666666663,0.1084134319271474,0.18333333333333332,0.35,0.5354166666666667,16
1358,0.28125,0.10895255720827401,0.06458333333333333,0.2833333333333333,0.44375000000000003,16
1359,0.30937499999999996,0.10622446588605555,0.10625000000000001,0.29166666666666663,0.45,16
1360,0.30833333333333335,0.10960788698304921,0.12083333333333332,0.30833333333333335,0.51875,16
1361,0.253125,0.10916646787513708,0.10208333333333333,0.2583333333333333,0.46666666666666673,16
1362,0.28229166666666666,0.09726623507729243,0.07916666666666666,0.2833333333333333,0.4104166666666667,16
1363,0.33125,0.10067049523624642,0.15625,0.3583333333333333,0.4604166666666667,16
1364,0.28854166666666664,0.09180269263480238,0.13541666666666666,0.30833333333333335,0.4395833333333333,16
1365,0.2552083333333333,0.10876815780722673,0.08333333333333333,0.25,0.43125,16
1366,0.3229166666666667,0.11590150871417604,0.15625,0.30833333333333335,0.53125,16
1367,0.353125,0.11027408246677407,0.18333333333333332,0.3416666666666667,0.5333333333333333,16
1368,0.3,0.1003466214899358,0.15,0.32499999999999996,0.45833333333333337,16
1369,0.2822916666666667,0.0710703754308987,0.15833333333333333,0.2833333333333333,0.4,16
1370,0.3614583333333333,0.11869059186482399,0.18125,0.3583333333333333,0.55625,16
1371,0.23750000000000002,0.10399986645290571,0.029166666666666667,0.25,0.3770833333333333,16
1372,0.3125,0.07347996703561832,0.18958333333333333,0.3,0.43333333333333335,16
1373,0.3104166666666667,0.08875586835058663,0.17291666666666666,0.30833333333333335,0.45416666666666666,16
1374,0.31562499999999993,0.10920621897991382,0.0875,0.3416666666666667,0.47708333333333336,16
1375,0.2520833333333333,0.08617549116644348,0.11875,0.23333333333333334,0.4104166666666667,16
1376,0.21041666666666664,0.0783676786408501,0.08958333333333333,0.225,0.3416666666666667,16
1377,0.290625,0.08332682266233364,0.11666666666666667,0.30833333333333335,0.39375000000000004,16
1378,0.28541666666666665,0.11378509837017813,0.07500000000000001,0.2833333333333333,0.45,16
1379,0.28437500000000004,0.1063061534620122,0.09791666666666667,0.2583333333333333,0.42708333333333337,16
1380,0.27604166666666663,0.0656084635249989,0.15,0.2833333333333333,0.36041666666666666,16
1381,0.325,0.07359800721939871,0.21666666666666667,0.32499999999999996,0.4604166666666667,16
1382,0.265625,0.09780024106707395,0.12291666666666667,0.26666666666666666,0.4604166666666667,16
1383,0.3114583333333333,0.09180269263480238,0.13333333333333333,0.3416666666666667,0.4375,16
1384,0.259375,0.08078794902913015,0.1125,0.26666666666666666,0.3770833333333333,16
1385,0.29791666666666666,0.108313299429633,0.08541666666666667,0.30833333333333335,0.4375,16
1386,0.33229166666666665,0.11047070218689961,0.175,0.31666666666666665,0.55,16
1387,0.31354166666666666,0.09740001105122001,0.15208333333333332,0.3,0.4916666666666667,16
1388,0.3572916666666667,0.11989126294503515,0.23333333333333334,0.3333333333333333,0.5833333333333334,16
1389,0.31875,0.04960783708246108,0.25,0.30833333333333335,0.4104166666666667,16
1390,0.290625,0.07311728354348086,0.16875,0.2833333333333333,0.42708333333333337,16
1391,0.2677083333333333,0.07533922128538953,0.10416666666666666,0.2833333333333333,0.38125,16
1392,0.2677083333333333,0.08110965442946153,0.13541666666666666,0.26666666666666666,0.4,16
1393,0.3385416666666667,0.10552756847541468,0.2,0.31666666666666665,0.5437500000000001,16
1394,0.31875,0.08617549116644349,0.17916666666666667,0.32499999999999996,0.45416666666666666,16
1395,0.32187499999999997,0.08369064024064395,0.20833333333333331,0.30833333333333335,0.4916666666666667,16
1396,0.29062499999999997,0.0549522362046249,0.18958333333333333,0.2833333333333333,0.3770833333333333,16
1397,0.3447916666666666,0.08833308765689106,0.21250000000000002,0.36666666666666664,0.5145833333333333,16
1398,0.2989583333333333,0.08669645922220046,0.15625,0.32499999999999996,0.42500000000000004,16
1399,0.20520833333333333,0.09496321473485288,0.08958333333333333,0.16666666666666666,0.3875,16
1400,0.26458333333333334,0.07702700644723395,0.125,0.2583333333333333,0.39166666666666666,16
1401,0.31354166666666666,0.06352458786870553,0.19791666666666666,0.32499999999999996,0.42916666666666664,16
1402,0.259375,0.12415950063213939,0.010416666666666664,0.29166666666666663,0.42500000000000004,16
1403,0.2875,0.07716774657271723,0.15,0.2833333333333333,0.4041666666666667,16
1404,0.3510416666666667,0.08467026526145081,0.20208333333333334,0.3583333333333333,0.4666666666666667,16
1405,0.36458333333333337,0.09590124405403254,0.18125,0.3583333333333333,0.525,16
1406,0.340625,0.1240195927061527,0.13333333333333333,0.36666666666666664,0.5437500000000001,16
1407,0.33958333333333335,0.07770023416238132,0.19166666666666665,0.3416666666666667,0.4791666666666667,16
1408,0.3697916666666667,0.07149658839957176,0.24166666666666667,0.36666666666666664,0.4875,16
1409,0.27812499999999996,0.0785543756295953,0.13958333333333334,0.275,0.4041666666666667,16
1410,0.2864583333333333,0.1370850747103175,0.037500000000000006,0.30833333333333335,0.55625,16
1411,0.309375,0.10154513740477952,0.14583333333333331,0.32499999999999996,0.5041666666666667,16
1412,0.228125,0.08492618322532941,0.10625000000000001,0.225,0.3770833333333333,16
1413,0.25625,0.1181270208527903,0.037500000000000006,0.3,0.42708333333333337,16
1414,0.33333333333333337,0.13030413142593242,0.11666666666666667,0.3333333333333333,0.56875,16
1415,0.3104166666666667,0.0631562766301005,0.1875,0.31666666666666665,0.39375000000000004,16
1416,0.28541666666666665,0.08246948088703952,0.12916666666666665,0.275,0.4104166666666667,16
1417,0.20625,0.0937036922668709,0.1,0.2,0.37083333333333335,16
1418,0.28541666666666665,0.11439378261076955,0.03541666666666666,0.31666666666666665,0.45208333333333334,16
1419,0.2791666666666667,0.08217951218048342,0.14791666666666667,0.26666666666666666,0.4104166666666667,16
1420,0.31979166666666664,0.0842076529743256,0.21250000000000002,0.29166666666666663,0.4979166666666667,16
1421,0.2645833333333333,0.05829611908180509,0.16666666666666666,0.2583333333333333,0.36041666666666666,16
1422,0.26875000000000004,0.09145335028186653,0.10625000000000001,0.275,0.39375000000000004,16
1423,0.23854166666666665,0.0925560547122061,0.07500000000000001,0.25,0.4104166666666667,16
1424,0.29374999999999996,0.11053452829068593,0.07500000000000001,0.30833333333333335,0.4479166666666667,16
1425,0.3145833333333333,0.0975169144872371,0.19583333333333333,0.30833333333333335,0.4875,16
1426,0.325,0.12950225223266712,0.08958333333333333,0.35,0.5041666666666667,16
1427,0.26979166666666665,0.11383753500054367,0.11458333333333333,0.2583333333333333,0.5145833333333334,16
1428,0.2520833333333333,0.06792433494542127,0.14583333333333331,0.26666666666666666,0.34375,16
1429,0.31875,0.10135796712641786,0.15,0.3333333333333333,0.48125,16
1430,0.26875000000000004,0.09314620377545066,0.13125,0.225,0.4104166666666667,16
1431,0.29166666666666663,0.08975274678557507,0.15625,0.31666666666666665,0.4375,16
1432,0.3020833333333333,0.10238051979421346,0.13125,0.30833333333333335,0.48333333333333334,16
1433,0.28645833333333337,0.08084165549943227,0.15625,0.30833333333333335,0.4104166666666667,16
1434,0.2677083333333333,0.1004276878460871,0.0625,0.3,0.42708333333333337,16
1435,0.3208333333333333,0.05965758776365147,0.20625000000000002,0.32499999999999996,0.4104166666666667,16
1436,0.3177083333333333,0.08867636812527274,0.19583333333333333,0.3,0.5104166666666666,16
1437,0.2791666666666667,0.0952883052169106,0.15208333333333332,0.25,0.4708333333333333,16
1438,0.2875,0.1228283581081973,0.06458333333333333,0.3,0.4979166666666667,16
1439,0.275,0.08994597143717875,0.125,0.26666666666666666,0.42500000000000004,16
1440,0.3052083333333333,0.06965160074335054,0.19583333333333333,0.3,0.4354166666666667,16
1441,0.29374999999999996,0.0742730977915662,0.2,0.3,0.42708333333333337,16
1442,0.3458333333333333,0.10095034532988098,0.2,0.3333333333333333,0.5041666666666667,16
1443,0.33958333333333335,0.08413675210961948,0.19583333333333333,0.35,0.48125,16
1444,0.3760416666666667,0.09279022600288604,0.22916666666666669,0.3583333333333333,0.5479166666666667,16
1445,0.29583333333333334,0.0932626220233308,0.15625,0.2833333333333333,0.48125,16
1446,0.28541666666666665,0.07858890047441672,0.1125,0.3,0.3875,16
1447,0.2791666666666667,0.08302024518821365,0.14166666666666666,0.275,0.41458333333333336,16
1448,0.31875,0.07018700219967924,0.19791666666666666,0.3,0.44375000000000003,16
1449,0.37604166666666666,0.10222672751998102,0.22291666666666668,0.36666666666666664,0.5666666666666667,16
1450,0.25520833333333337,0.07943348676373489,0.13541666666666666,0.25,0.4,16
1451,0.36354166666666665,0.08317041365974642,0.22291666666666668,0.35,0.49375,16
1452,0.29583333333333334,0.08405933750763339,0.16249999999999998,0.2833333333333333,0.4479166666666667,16
1453,0.3635416666666667,0.09596345332990056,0.18333333333333332,0.3583333333333333,0.4979166666666667,16
1454,0.36666666666666664,0.07288689868556626,0.24166666666666667,0.3666666666666667,0.5,16
1455,0.271875,0.0785543756295953,0.18333333333333332,0.26666666666666666,0.42500000000000004,16
1456,0.334375,0.08769200164654574,0.18125,0.3416666666666667,0.47708333333333336,16
1457,0.28125,0.08434284366665484,0.13125,0.2833333333333333,0.39375000000000004,16
1458,0.2864583333333333,0.0998642742119968,0.13958333333333334,0.30833333333333335,0.46458333333333335,16
1459,0.3604166666666666,0.08033674785274518,0.2,0.36666666666666664,0.4979166666666667,16
1460,0.35416666666666663,0.10968705484240153,0.16249999999999998,0.3666666666666667,0.5145833333333333,16
1461,0.2833333333333333,0.09446486707295529,0.13958333333333334,0.2833333333333333,0.4104166666666667,16
1462,0.365625,0.09528261143391624,0.22291666666666668,0.375,0.5145833333333333,16
1463,0.45,0.08270597183866336,0.275,0.45833333333333337,0.5604166666666667,16
1464,0.38645833333333335,0.10428638953222355,0.20625000000000002,0.4166666666666667,0.56875,16
1465,0.409375,0.10374393389227367,0.2895833333333333,0.39166666666666666,0.6354166666666666,16
1466,0.309375,0.07522391343700338,0.15625,0.32499999999999996,0.42083333333333334,16
1467,0.328125,0.11421816812817283,0.10625000000000001,0.35,0.4708333333333333,16
1468,0.26979166666666665,0.09056511431315899,0.12291666666666667,0.26666666666666666,0.43125,16
1469,0.28541666666666665,0.07497105923102741,0.16666666666666666,0.26666666666666666,0.4041666666666667,16
1470,0.32395833333333335,0.08078794902913017,0.21250000000000002,0.30833333333333335,0.4666666666666667,16
1471,0.30833333333333335,0.08838834764831845,0.13958333333333334,0.3,0.46875,16
1472,0.37395833333333334,0.0887742044458862,0.22916666666666669,0.3583333333333333,0.53125,16
1473,0.33645833333333336,0.09321025180561776,0.14166666666666666,0.375,0.43333333333333335,16
1474,0.30104166666666665,0.10214177748763399,0.13125,0.31666666666666665,0.4666666666666667,16
1475,0.253125,0.09899122260472278,0.05,0.26666666666666666,0.39375000000000004,16
1476,0.31666666666666665,0.0973610120462327,0.15208333333333332,0.3333333333333333,0.4895833333333333,16
1477,0.3052083333333333,0.08714586072594996,0.18333333333333332,0.3,0.44375000000000003,16
1478,0.3614583333333333,0.0994287066612723,0.19583333333333333,0.39166666666666666,0.5041666666666667,16
1479,0.29062499999999997,0.07591313337917521,0.17916666666666667,0.3,0.44583333333333336,16
1480,0.3354166666666667,0.11332643974132624,0.18333333333333332,0.3333333333333333,0.5479166666666667,16
1481,0.3510416666666667,0.08238391454040042,0.23958333333333334,0.3416666666666667,0.525,16
1482,0.25416666666666665,0.06909634979907084,0.125,0.25,0.375,16
1483,0.27604166666666663,0.09147114564774571,0.07708333333333334,0.3,0.41875,16
1484,0.27083333333333337,0.10366546087187274,0.1125,0.29166666666666663,0.43125,16
1485,0.3458333333333333,0.0900424282707263,0.21250000000000002,0.32499999999999996,0.5270833333333333,16
1486,0.3333333333333333,0.08354140689901426,0.1875,0.31666666666666665,0.4708333333333333,16
1487,0.31354166666666666,0.08212007426459271,0.15416666666666667,0.31666666666666665,0.43333333333333335,16
1488,0.34791666666666665,0.07836767864085012,0.21250000000000002,0.3583333333333333,0.4708333333333333,16
1489,0.29270833333333335,0.08779093497559352,0.13958333333333334,0.30833333333333335,0.42708333333333337,16
1490,0.2885416666666667,0.07234148139591527,0.16875,0.30833333333333335,0.3979166666666667,16
1491,0.32291666666666663,0.10815289460347843,0.12916666666666665,0.3416666666666667,0.48333333333333334,16
1492,0.30937499999999996,0.09573704401757045,0.13541666666666666,0.31666666666666665,0.46875,16
1493,0.3572916666666667,0.08143008887997115,0.22083333333333333,0.3333333333333333,0.5145833333333333,16
1494,0.3197916666666667,0.11429414263936129,0.1375,0.32499999999999996,0.5291666666666667,16
1495,0.31770833333333326,0.10792692197089247,0.13958333333333334,0.32499999999999996,0.5020833333333333,16
1496,0.33125,0.0975169144872371,0.18958333333333333,0.31666666666666665,0.49375,16
1497,0.3625,0.08609990966571594,0.21250000000000002,0.38333333333333336,0.5041666666666667,16
1498,0.36250000000000004,0.08926785535678564,0.19583333333333333,0.3916666666666667,0.47708333333333336,16
1499,0.3104166666666667,0.1134795319283027,0.13541666666666666,0.2833333333333333,0.53125,16
1500,0.2947916666666667,0.12384448553416587,0.09791666666666667,0.29166666666666663,0.5395833333333333,16
1501,0.30833333333333335,0.12176365996835381,0.07708333333333334,0.3,0.53125,16
1502,0.265625,0.08669645922220046,0.16666666666666666,0.2583333333333333,0.44166666666666665,16
1503,0.31666666666666665,0.10704360482220941,0.12291666666666667,0.32499999999999996,0.49375,16
1504,0.403125,0.08337889379546574,0.23541666666666666,0.4,0.5208333333333334,16
1505,0.265625,0.09885959986825311,0.11666666666666667,0.3,0.4104166666666667,16
1506,0.3458333333333333,0.09307628293203615,0.16458333333333333,0.375,0.47708333333333336,16
1507,0.3416666666666667,0.08207381501496754,0.16458333333333333,0.375,0.44375000000000003,16
1508,0.3614583333333333,0.1043695940050443,0.21250000000000002,0.3583333333333333,0.5604166666666667,16
1509,0.346875,0.07799989983967928,0.21250000000000002,0.35,0.4895833333333333,16
1510,0.3197916666666667,0.07619846847031915,0.20625000000000002,0.3,0.44375000000000003,16
1511,0.27812499999999996,0.09514585842273955,0.11875,0.3,0.42500000000000004,16
1512,0.346875,0.09632460131993513,0.21250000000000002,0.32499999999999996,0.5375000000000001,16
1513,0.3489583333333333,0.10872824654717018,0.15,0.35,0.5104166666666667,16
1514,0.2885416666666667,0.06940189668797885,0.17291666666666666,0.30833333333333335,0.4,16
1515,0.31666666666666665,0.0868027777333319,0.16458333333333333,0.3,0.4666666666666667,16
1516,0.309375,0.12909524234929118,0.0625,0.3,0.5104166666666667,16
1517,0.35416666666666663,0.08343743497708661,0.22916666666666669,0.3333333333333333,0.49375,16
1518,0.35833333333333334,0.10606601717798214,0.15625,0.3833333333333333,0.49375,16
1519,0.3572916666666667,0.10222672751998103,0.20208333333333334,0.3333333333333333,0.5270833333333333,16
1520,0.321875,0.08201430049760293,0.15833333333333333,0.36666666666666664,0.4104166666666667,16
1521,0.3989583333333333,0.05787580992953793,0.3020833333333333,0.4083333333333333,0.4875,16
1522,0.4239583333333333,0.10816794266068135,0.20208333333333334,0.45,0.59375,16
1523,0.31145833333333334,0.08030297446753348,0.15416666666666667,0.30833333333333335,0.4479166666666667,16
1524,0.34375,0.10221080476696733,0.2,0.3666666666666667,0.48333333333333334,16
1525,0.2791666666666667,0.07850601533923655,0.15,0.2833333333333333,0.4104166666666667,16
1526,0.33541666666666664,0.10456175076108006,0.13333333333333333,0.3416666666666667,0.5083333333333333,16
1527,0.29583333333333334,0.06521864934374387,0.18958333333333333,0.29166666666666663,0.41875,16
1528,0.309375,0.09409081569006733,0.13541666666666666,0.3333333333333333,0.44375000000000003,16
1529,0.4322916666666667,0.07981505314371053,0.31666666666666665,0.45,0.5708333333333334,16
1530,0.30625,0.09370369226687092,0.12291666666666667,0.3,0.44375000000000003,16
1531,0.28229166666666666,0.07347258322742647,0.16666666666666666,0.2833333333333333,0.4083333333333333,16
1532,0.38958333333333334,0.08597379284151396,0.24583333333333335,0.4,0.5270833333333333,16
1533,0.3114583333333333,0.10453580427298581,0.13541666666666666,0.3,0.5145833333333333,16
1534,0.321875,0.08634530764771053,0.15,0.3333333333333333,0.45,16
1535,0.30416666666666664,0.08549285220284664,0.18958333333333333,0.29166666666666663,0.4604166666666667,16
1536,0.3114583333333333,0.10167328359614547,0.16875,0.29166666666666663,0.4875,16
1537,0.346875,0.1107453833374356,0.16666666666666666,0.3416666666666667,0.525,16
1538,0.3875,0.08281086214313246,0.23125,0.4,0.5,16
1539,0.334375,0.07915981329984723,0.19791666666666666,0.31666666666666665,0.4979166666666667,16
1540,0.315625,0.07716071566326135,0.17083333333333334,0.31666666666666665,0.4375,16
1541,0.34895833333333326,0.09250914932228776,0.20208333333333334,0.3583333333333333,0.47708333333333336,16
1542,0.3291666666666667,0.10231690964840563,0.12083333333333332,0.30833333333333335,0.4666666666666667,16
1543,0.3197916666666667,0.08041099936852199,0.22291666666666668,0.3,0.48333333333333334,16
1544,0.31145833333333334,0.09659457620786883,0.22291666666666668,0.2833333333333333,0.5354166666666667,16
1545,0.31666666666666665,0.08936504412303008,0.18333333333333332,0.30833333333333335,0.44375000000000003,16
1546,0.24166666666666667,0.07312470322826768,0.10625000000000001,0.24166666666666667,0.375,16
1547,0.29270833333333335,0.08538490263051322,0.16666666666666666,0.3,0.44375000000000003,16
1548,0.22604166666666664,0.08955304720604927,0.058333333333333334,0.21666666666666667,0.36041666666666666,16
1549,0.32708333333333334,0.10637247842683119,0.14583333333333331,0.35,0.5083333333333333,16
1550,0.35416666666666663,0.08175590362645245,0.25625,0.3333333333333333,0.4979166666666667,16
1551,0.32083333333333336,0.0789470638395684,0.21250000000000002,0.3,0.4666666666666667,16
1552,0.3177083333333333,0.08110965442946153,0.19166666666666665,0.32499999999999996,0.4479166666666667,16
1553,0.3197916666666667,0.10395290566993413,0.16249999999999998,0.3416666666666667,0.4604166666666667,16
1554,0.2583333333333333,0.09771699499632146,0.09583333333333333,0.2583333333333333,0.41458333333333336,16
1555,0.3052083333333333,0.08369064024064393,0.18958333333333333,0.30833333333333335,0.4479166666666667,16
1556,0.3208333333333333,0.08343743497708661,0.17916666666666667,0.3333333333333333,0.46458333333333335,16
1557,0.3354166666666667,0.11393757428229431,0.16875,0.31666666666666665,0.5416666666666666,16
1558,0.296875,0.07755346498097655,0.16249999999999998,0.2833333333333333,0.42083333333333334,16
1559,0.2375,0.06387379048648288,0.12291666666666667,0.25,0.31666666666666665,16
1560,0.3260416666666667,0.07591313337917521,0.20625000000000002,0.35,0.44375000000000003,16
1561,0.3260416666666667,0.07568409078017799,0.17916666666666667,0.32499999999999996,0.42708333333333337,16
1562,0.28125,0.10049789245993614,0.13333333333333333,0.26666666666666666,0.45,16
1563,0.3125,0.08343743497708661,0.14583333333333331,0.3333333333333333,0.42083333333333334,16
1564,0.24270833333333333,0.0891644762192009,0.09791666666666667,0.23333333333333334,0.36041666666666666,16
1565,0.31875000000000003,0.09910624910221914,0.14166666666666666,0.3333333333333333,0.44375000000000003,16
1566,0.3041666666666667,0.07488416981504763,0.18541666666666667,0.3,0.42708333333333337,16
1567,0.34375,0.0467242947750121,0.2520833333333333,0.35,0.4104166666666667,16
1568,0.3854166666666667,0.10356073768030474,0.21250000000000002,0.3916666666666667,0.5333333333333333,16
1569,0.37916666666666665,0.1021470889344272,0.20833333333333331,0.375,0.5166666666666667,16
1570,0.2583333333333333,0.0768295371441074,0.13541666666666666,0.24166666666666667,0.4083333333333333,16
1571,0.3197916666666667,0.09487176103386437,0.15833333333333333,0.3333333333333333,0.48333333333333334,16
1572,0.2875,0.0846766726370899,0.13541666666666666,0.3,0.4395833333333333,16
1573,0.34375,0.11605120397671213,0.15208333333333332,0.35,0.5854166666666667,16
1574,0.3,0.06373774391990981,0.20625000000000002,0.29166666666666663,0.4104166666666667,16
1575,0.26979166666666665,0.1107453833374356,0.07291666666666666,0.275,0.43125,16
1576,0.3104166666666667,0.08657747814658397,0.17916666666666667,0.31666666666666665,0.4854166666666667,16
1577,0.24895833333333334,0.07347258322742649,0.09166666666666667,0.2583333333333333,0.37083333333333335,16
1578,0.3104166666666667,0.08413675210961948,0.16666666666666666,0.31666666666666665,0.4479166666666667,16
1579,0.27291666666666664,0.08225869592666514,0.13541666666666666,0.29166666666666663,0.39375000000000004,16
1580,0.32916666666666666,0.10921118685067631,0.12916666666666665,0.35,0.4708333333333333,16
1581,0.25937499999999997,0.07905007862460071,0.15,0.25,0.40208333333333335,16
1582,0.2989583333333333,0.08528317821300464,0.11875,0.3333333333333333,0.41458333333333336,16
1583,0.30937499999999996,0.10034121473751452,0.15208333333333332,0.3,0.47708333333333336,16
1584,0.340625,0.09166074791497904,0.17083333333333334,0.3583333333333333,0.48333333333333334,16
1585,0.3354166666666667,0.11439378261076955,0.11458333333333333,0.3416666666666667,0.4875,16
1586,0.28125,0.14275014594271582,0.03541666666666666,0.25,0.525,16
1587,0.30625,0.08288944276699069,0.20625000000000002,0.29166666666666663,0.4854166666666667,16
1588,0.25104166666666666,0.07510842856608484,0.12083333333333332,0.24166666666666667,0.38333333333333336,16
1589,0.2427083333333333,0.06207319548099825,0.13541666666666666,0.23333333333333334,0.34375,16
1590,0.30104166666666665,0.08848037093992468,0.16249999999999998,0.3,0.45,16
1591,0.2979166666666666,0.12074350109035084,0.08541666666666667,0.30833333333333335,0.5083333333333333,16
1592,0.2583333333333333,0.08312473893025002,0.12291666666666667,0.26666666666666666,0.4166666666666667,16
1593,0.23333333333333334,0.10865337342004415,0.03958333333333333,0.26666666666666666,0.37083333333333335,16
1594,0.2958333333333333,0.09583333333333334,0.16666666666666666,0.3,0.4666666666666667,16
1595,0.37916666666666665,0.0997392433632152,0.1625,0.4,0.5,16
1596,0.190625,0.08290907628574543,0.037500000000000006,0.18333333333333332,0.32708333333333334,16
1597,0.290625,0.09627953190522319,0.15208333333333332,0.29166666666666663,0.4604166666666667,16
1598,0.30104166666666665,0.10744325860399268,0.1125,0.3,0.48125,16
1599,0.21875,0.08033674785274517,0.09791666666666667,0.2,0.3875,16
1600,0.2760416666666667,0.07636915780528739,0.18958333333333333,0.25,0.43125,16
1601,0.30729166666666663,0.0733543412144094,0.18541666666666667,0.3,0.43125,16
1602,0.27291666666666664,0.06792433494542127,0.17291666666666666,0.275,0.3875,16
1603,0.20625,0.09239765358973619,0.06875,0.2,0.38125,16
1604,0.36041666666666666,0.08875586835058663,0.21250000000000002,0.3416666666666667,0.5,16
1605,0.26666666666666666,0.07592027982620249,0.17291666666666666,0.2583333333333333,0.43125,16
1606,0.2739583333333333,0.06065863900641944,0.16875,0.26666666666666666,0.3770833333333333,16
1607,0.2875,0.09762812094883319,0.10833333333333334,0.2833333333333333,0.4375,16
1608,0.28750000000000003,0.10777097630314636,0.14791666666666667,0.2583333333333333,0.4979166666666667,16
1609,0.3677083333333333,0.09708758037920655,0.20208333333333334,0.35,0.5416666666666666,16
1610,0.30625,0.08536583853561616,0.14166666666666666,0.32499999999999996,0.42083333333333334,16
1611,0.26145833333333335,0.10353454033155635,0.05416666666666667,0.29166666666666663,0.39375000000000004,16
1612,0.3197916666666667,0.07222138754859564,0.23958333333333334,0.31666666666666665,0.48125,16
1613,0.36041666666666666,0.07427309779156621,0.23958333333333334,0.35,0.5104166666666667,16
1614,0.2333333333333333,0.10785149254620655,0.06458333333333333,0.21666666666666667,0.43125,16
1615,0.22812500000000002,0.08243658126436076,0.10625000000000001,0.21666666666666667,0.3770833333333333,16
1616,0.22395833333333331,0.07406096165772266,0.07500000000000001,0.24166666666666667,0.32708333333333334,16
1617,0.38125,0.1048932989597842,0.22291666666666668,0.4,0.5520833333333334,16
1618,0.309375,0.12275324588376474,0.10416666666666666,0.29166666666666663,0.4666666666666667,16
1619,0.27708333333333335,0.09572004173050118,0.11875,0.29166666666666663,0.4,16
1620,0.35,0.08759915017345267,0.24583333333333335,0.32499999999999996,0.5291666666666667,16
1621,0.27812499999999996,0.08116314802434799,0.15625,0.2833333333333333,0.44583333333333336,16
1622,0.32916666666666666,0.09100137361600648,0.15416666666666667,0.31666666666666665,0.45,16
1623,0.2916666666666667,0.08416254115301731,0.15,0.275,0.42083333333333334,16
1624,0.31354166666666666,0.08882308219463877,0.16458333333333333,0.31666666666666665,0.475,16
1625,0.2677083333333333,0.06782042004440844,0.13541666666666666,0.2833333333333333,0.35,16
1626,0.2958333333333333,0.08302024518821365,0.16249999999999998,0.30833333333333335,0.42708333333333337,16
1627,0.13437500000000002,0.058175008356013344,0.029166666666666667,0.125,0.21666666666666667,16
1628,0.3354166666666667,0.14659029735210233,0.12708333333333333,0.30833333333333335,0.6333333333333333,16
1629,0.32291666666666663,0.07497105923102741,0.22291666666666668,0.30833333333333335,0.49583333333333335,16
1630,0.2875,0.1167410477176825,0.10833333333333334,0.26666666666666666,0.49375,16
1631,0.2604166666666667,0.08183549725584315,0.15625,0.24166666666666667,0.43333333333333335,16
1632,0.3177083333333333,0.0993850449151067,0.15625,0.30833333333333335,0.4604166666666667,16
1633,0.31770833333333337,0.09654963281764578,0.15000000000000002,0.30833333333333335,0.4979166666666667,16
1634,0.29375,0.1317450979480198,-0.002083333333333333,0.31666666666666665,0.4916666666666667,16
1635,0.3260416666666667,0.12032490015463228,0.11458333333333333,0.3416666666666667,0.49375,16
1636,0.3052083333333333,0.10218426133162038,0.14791666666666667,0.31666666666666665,0.4708333333333333,16
1637,0.346875,0.09264979425233497,0.21666666666666667,0.32499999999999996,0.5479166666666667,16
1638,0.38749999999999996,0.08175590362645244,0.25625,0.4,0.5041666666666667,16
1639,0.29166666666666663,0.10833333333333332,0.058333333333333334,0.30833333333333335,0.4604166666666667,16
1640,0.22291666666666668,0.06148481068072377,0.12291666666666667,0.20833333333333334,0.32708333333333334,16
1641,0.3145833333333333,0.10406244786451814,0.11875,0.31666666666666665,0.48333333333333334,16
1642,0.2604166666666667,0.0937036922668709,0.07916666666666666,0.26666666666666666,0.4083333333333333,16
1643,0.32395833333333335,0.09353563454938207,0.18333333333333332,0.32499999999999996,0.4875,16
1644,0.303125,0.10852847008709025,0.13333333333333333,0.26666666666666666,0.4875,16
1645,0.2947916666666667,0.11019533634767752,0.09583333333333333,0.29166666666666663,0.4375,16
1646,0.3260416666666667,0.09500890857352974,0.16666666666666666,0.3333333333333333,0.475,16
1647,0.2958333333333333,0.12126360175712707,0.10833333333333334,0.2833333333333333,0.55,16
1648,0.30104166666666665,0.08089532631397468,0.15416666666666667,0.3,0.43333333333333335,16
1649,0.321875,0.06965160074335056,0.18125,0.31666666666666665,0.42708333333333337,16
1650,0.290625,0.09222721602108566,0.14166666666666666,0.2833333333333333,0.46458333333333335,16
1651,0.2979166666666666,0.10653556396287997,0.07291666666666666,0.32499999999999996,0.42708333333333337,16
1652,0.2770833333333333,0.0929596313221796,0.12916666666666665,0.2833333333333333,0.44583333333333336,16
1653,0.3052083333333333,0.10667297344636499,0.15625,0.2833333333333333,0.5104166666666667,16
1654,0.30520833333333336,0.08654614015078893,0.18958333333333333,0.29166666666666663,0.44375000000000003,16
1655,0.36979166666666663,0.08704619423361114,0.23958333333333334,0.3583333333333333,0.5625,16
1656,0.25416666666666665,0.08809322713277488,0.1125,0.24166666666666667,0.41458333333333336,16
1657,0.39479166666666665,0.08911578571661079,0.2791666666666667,0.39166666666666666,0.5270833333333333,16
1658,0.2708333333333333,0.05994789404140898,0.14791666666666667,0.275,0.35416666666666663,16
1659,0.30208333333333337,0.1260890062614501,0.05625,0.32499999999999996,0.5062500000000001,16
1660,0.31875,0.10767024632852126,0.13333333333333333,0.3333333333333333,0.44375000000000003,16
1661,0.2375,0.11141451630934114,0.03333333333333334,0.24166666666666667,0.4083333333333333,16
1662,0.32708333333333334,0.10472765606297338,0.16458333333333333,0.31666666666666665,0.49375,16
1663,0.2572916666666667,0.10407808733777196,0.11666666666666667,0.23333333333333334,0.44375000000000003,16
1664,0.25937499999999997,0.08374248515206868,0.10833333333333334,0.2583333333333333,0.4395833333333333,16
1665,0.35,0.10324593077803224,0.20625000000000002,0.32499999999999996,0.5583333333333333,16
1666,0.309375,0.08896955432743396,0.15625,0.3,0.44375000000000003,16
1667,0.36041666666666666,0.10686098836026801,0.11458333333333333,0.375,0.49375,16
1668,0.2875,0.11509356097444279,0.058333333333333334,0.31666666666666665,0.42083333333333334,16
1669,0.35625,0.0895348706122679,0.23541666666666666,0.3416666666666667,0.49375,16
1670,0.3364583333333333,0.07388494010960557,0.24583333333333335,0.31666666666666665,0.5062500000000001,16
1671,0.32083333333333336,0.07300589778306348,0.19166666666666665,0.32499999999999996,0.4479166666666667,16
1672,0.2989583333333333,0.07738538792232606,0.20208333333333334,0.275,0.44375000000000003,16
1673,0.26145833333333335,0.10420311862202376,0.037500000000000006,0.26666666666666666,0.39375000000000004,16
1674,0.33229166666666665,0.08384607880250308,0.21875,0.30833333333333335,0.5125000000000001,16
1675,0.2916666666666667,0.11755613316388237,0.08958333333333333,0.3,0.4979166666666667,16
1676,0.3,0.09128709291752769,0.12916666666666665,0.32499999999999996,0.4166666666666667,16
1677,0.46875,0.11178398687746928,0.28125,0.4666666666666667,0.64375,16
1678,0.36458333333333337,0.12217289092829792,0.16041666666666665,0.3583333333333333,0.58125,16
1679,0.30937500000000007,0.09353563454938207,0.18958333333333333,0.2833333333333333,0.4895833333333333,16
1680,0.2760416666666667,0.07382617299741634,0.14583333333333331,0.29166666666666663,0.37083333333333335,16
1681,0.259375,0.10051408656114934,0.06458333333333333,0.2833333333333333,0.41875,16
1682,0.28541666666666665,0.08856004711180118,0.08333333333333334,0.3,0.4083333333333333,16
1683,0.31875,0.09804955521458411,0.11875000000000001,0.3,0.4479166666666667,16
1684,0.2791666666666667,0.08650224788344456,0.2,0.24166666666666667,0.46666666666666673,16
1685,0.2375,0.10282468899377556,0.07083333333333333,0.23333333333333334,0.43333333333333335,16
1686,0.2677083333333333,0.09250914932228775,0.06875,0.2833333333333333,0.36666666666666664,16
1687,0.29062499999999997,0.09445912365497929,0.12916666666666665,0.3333333333333333,0.4395833333333333,16
1688,0.29270833333333335,0.06971388700730054,0.20625000000000002,0.29166666666666663,0.45,16
1689,0.22812499999999997,0.08073420683191096,0.08541666666666667,0.25,0.34375,16
1690,0.284375,0.09600867112170419,0.12083333333333332,0.26666666666666666,0.46875,16
1691,0.3520833333333333,0.09910624910221914,0.21250000000000002,0.35,0.5541666666666667,16
1692,0.27604166666666663,0.055891993438734626,0.18333333333333332,0.29166666666666663,0.35,16
1693,0.3260416666666667,0.10912670229040085,0.14583333333333331,0.3583333333333333,0.4708333333333333,16
1694,0.29791666666666666,0.09462554124313137,0.15208333333333332,0.29166666666666663,0.4854166666666667,16
1695,0.25729166666666664,0.09929766382783971,0.0625,0.2833333333333333,0.3979166666666667,16
1696,0.3104166666666667,0.08895125850087164,0.16875,0.2833333333333333,0.4854166666666667,16
1697,0.26979166666666665,0.11276492725774466,0.12291666666666667,0.23333333333333334,0.4604166666666667,16
1698,0.3447916666666667,0.09623444138318325,0.18125,0.35,0.5208333333333334,16
1699,0.2927083333333333,0.07070300510272216,0.175,0.2833333333333333,0.4354166666666667,16
1700,0.32499999999999996,0.07430231041719587,0.21666666666666667,0.31666666666666665,0.4708333333333333,16
1701,0.28229166666666666,0.09618932972413198,0.14791666666666667,0.26666666666666666,0.4854166666666667,16
1702,0.2760416666666667,0.09353563454938207,0.13958333333333334,0.26666666666666666,0.41458333333333336,16
1703,0.28229166666666666,0.0954646440515487,0.13541666666666666,0.275,0.4729166666666667,16
1704,0.328125,0.08137677076073027,0.17083333333333334,0.35,0.4666666666666667,16
1705,0.30624999999999997,0.08856004711180118,0.15625,0.3333333333333333,0.4375,16
1706,0.33958333333333335,0.10288798520721455,0.21666666666666667,0.33333333333333337,0.47708333333333336,16
1707,0.2989583333333333,0.10349261078024416,0.10416666666666666,0.3333333333333333,0.4604166666666667,16
1708,0.29375,0.12935134646896154,0.02291666666666666,0.3416666666666667,0.4375,16
1709,0.265625,0.0670480626739754,0.14166666666666666,0.26666666666666666,0.35,16
1710,0.353125,0.10124549887114324,0.16666666666666669,0.35,0.49375,16
1711,0.26979166666666665,0.08169615751538001,0.16666666666666666,0.25,0.46666666666666673,16
1712,0.23541666666666666,0.11037735149124672,0.05625,0.2583333333333333,0.42500000000000004,16
1713,0.3260416666666666,0.07429500833763256,0.20208333333333334,0.31666666666666665,0.4791666666666667,16
1714,0.290625,0.10864838004365786,0.12916666666666665,0.275,0.43333333333333335,16
1715,0.3260416666666667,0.10222672751998102,0.15208333333333332,0.31666666666666665,0.4708333333333333,16
1716,0.24166666666666664,0.10865337342004415,0.04583333333333334,0.2583333333333333,0.3875,16
1717,0.3666666666666667,0.06770032003863302,0.22083333333333333,0.3666666666666667,0.4604166666666667,16
1718,0.3208333333333333,0.08829008375173787,0.16666666666666666,0.3333333333333333,0.475,16
1719,0.30625,0.07634784250753622,0.17916666666666667,0.31666666666666665,0.44583333333333336,16
1720,0.3385416666666667,0.09330333409250592,0.18541666666666667,0.32499999999999996,0.5145833333333333,16
1721,0.325,0.09982623792259117,0.18958333333333333,0.32499999999999996,0.4979166666666667,16
1722,0.25416666666666665,0.0880932271327749,0.09791666666666667,0.25,0.39375000000000004,16
1723,0.2989583333333333,0.116438579123645,0.125,0.275,0.5333333333333333,16
1724,0.33958333333333335,0.08141009867741635,0.1875,0.36666666666666664,0.46875,16
1725,0.2947916666666667,0.10064354556497347,0.10416666666666666,0.30833333333333335,0.4604166666666667,16
1726,0.2677083333333333,0.09600867112170419,0.10625000000000001,0.25,0.4354166666666667,16
1727,0.31770833333333337,0.07510842856608482,0.19583333333333333,0.31666666666666665,0.4375,16
1728,0.3510416666666667,0.08609360821222445,0.19583333333333333,0.36666666666666664,0.48333333333333334,16
1729,0.32187499999999997,0.06762815765887263,0.175,0.3416666666666667,0.4166666666666667,16
1730,0.3041666666666667,0.07648983229452425,0.20208333333333334,0.2833333333333333,0.44375000000000003,16
1731,0.3208333333333333,0.09956502621123768,0.15208333333333332,0.32499999999999996,0.47708333333333336,16
1732,0.34791666666666665,0.08475352336169997,0.21250000000000002,0.3333333333333333,0.4875,16
1733,0.2645833333333334,0.11499924516660484,0.10208333333333333,0.24166666666666667,0.47708333333333336,16
1734,0.2708333333333333,0.08364524958285303,0.15208333333333332,0.24166666666666667,0.3979166666666667,16
1735,0.2895833333333333,0.10389548033159736,0.09583333333333333,0.30833333333333335,0.44166666666666665,16
1736,0.34791666666666665,0.1167968024200815,0.10208333333333333,0.36666666666666664,0.5104166666666667,16
1737,0.3041666666666667,0.12083333333333333,0.08125,0.29166666666666663,0.49375,16
1738,0.321875,0.10536292272954045,0.16875,0.31666666666666665,0.5666666666666667,16
1739,0.2739583333333333,0.09316367578681677,0.08333333333333333,0.2833333333333333,0.41875,16
1740,0.32708333333333334,0.10783136912172946,0.13958333333333334,0.35833333333333334,0.45,16
1741,0.36875,0.07473912964438374,0.25625,0.3666666666666667,0.47708333333333336,16
1742,0.2833333333333333,0.07795119555779044,0.15208333333333332,0.2833333333333333,0.44375,16
1743,0.30416666666666664,0.09100137361600649,0.15,0.30833333333333335,0.4625,16
1744,0.2760416666666667,0.08332682266233365,0.15,0.2833333333333333,0.4041666666666667,16
1745,0.2677083333333333,0.09269662847458669,0.11666666666666667,0.29166666666666663,0.38333333333333336,16
1746,0.30104166666666665,0.08528317821300466,0.1125,0.31666666666666665,0.4104166666666667,16
1747,0.34687500000000004,0.11090203854202943,0.11666666666666667,0.3916666666666667,0.4708333333333333,16
1748,0.2729166666666667,0.11620070639486951,0.07291666666666666,0.2583333333333333,0.5083333333333333,16
1749,0.2427083333333333,0.1103920963228598,0.01666666666666667,0.21666666666666667,0.3770833333333333,16
1750,0.303125,0.09881568666236933,0.07708333333333334,0.30833333333333335,0.44375000000000003,16
1751,0.26979166666666665,0.10528050329951885,0.05416666666666667,0.3,0.3979166666666667,16
1752,0.32395833333333335,0.08227847995611544,0.20625000000000002,0.31666666666666665,0.4979166666666667,16
1753,0.328125,0.107322002183978,0.11458333333333333,0.36666666666666664,0.4604166666666667,16
1754,0.19895833333333335,0.07533922128538952,0.07291666666666666,0.2,0.31666666666666665,16
1755,0.24791666666666667,0.12908263395549724,0.05625,0.2583333333333333,0.42708333333333337,16
1756,0.2666666666666667,0.12119199643540823,0.0625,0.275,0.44375000000000003,16
1757,0.328125,0.10536292272954045,0.17291666666666666,0.32499999999999996,0.4916666666666667,16
1758,0.28125,0.13081939947033,0.07500000000000001,0.2583333333333333,0.5375,16
1759,0.303125,0.11043140624890689,0.12291666666666667,0.29166666666666663,0.49375,16
1760,0.3145833333333333,0.08225869592666514,0.14166666666666666,0.30833333333333335,0.4375,16
1761,0.340625,0.10848847064959893,0.15000000000000002,0.3333333333333333,0.5625,16
1762,0.3333333333333333,0.06770032003863301,0.22916666666666669,0.31666666666666665,0.47708333333333336,16
1763,0.3229166666666667,0.08556896990797021,0.20625000000000002,0.3,0.48333333333333334,16
1764,0.2708333333333333,0.06222160217945032,0.16249999999999998,0.275,0.36041666666666666,16
1765,0.31770833333333337,0.09744456223070293,0.12083333333333332,0.3,0.45416666666666666,16
1766,0.30416666666666664,0.09042722672587794,0.1125,0.32499999999999996,0.4041666666666667,16
1767,0.2979166666666667,0.09804955521458411,0.12291666666666667,0.30833333333333335,0.4375,16
1768,0.2625,0.08508574106942557,0.125,0.2583333333333333,0.4166666666666667,16
1769,0.27604166666666663,0.07591313337917521,0.16666666666666666,0.2833333333333333,0.4,16
1770,0.296875,0.0991664478288902,0.09791666666666667,0.3,0.4166666666666667,16
1771,0.271875,0.08969832735650958,0.11458333333333333,0.275,0.44583333333333336,16
1772,0.28229166666666666,0.08749379938347378,0.13958333333333334,0.275,0.42083333333333334,16
1773,0.32916666666666666,0.08690272339422588,0.19583333333333333,0.3333333333333333,0.5020833333333333,16
1774,0.3364583333333333,0.09075660941649252,0.2,0.3333333333333333,0.51875,16
1775,0.2989583333333333,0.12617073281646757,0.08333333333333334,0.275,0.5020833333333333,16
1776,0.23958333333333331,0.1267755836551783,0.020833333333333332,0.225,0.4604166666666667,16
1777,0.28541666666666665,0.10456175076108004,0.15,0.275,0.5041666666666667,16
1778,0.3,0.0814367511903836,0.16249999999999998,0.31666666666666665,0.41458333333333336,16
1779,0.30104166666666665,0.08089532631397468,0.16666666666666666,0.3,0.44166666666666665,16
1780,0.33229166666666665,0.07579869859260997,0.18125,0.32499999999999996,0.45,16
1781,0.29166666666666663,0.12402396721781014,0.1125,0.275,0.5208333333333334,16
1782,0.328125,0.07744145414081818,0.21666666666666667,0.32499999999999996,0.4916666666666667,16
1783,0.290625,0.11725576715264609,0.16666666666666666,0.2583333333333333,0.5520833333333334,16
1784,0.33229166666666665,0.09833134708445952,0.14166666666666666,0.3333333333333333,0.4708333333333333,16
1785,0.2833333333333333,0.09842509842514764,0.125,0.3,0.4625,16
1786,0.29791666666666666,0.07770023416238132,0.18958333333333333,0.275,0.44375000000000003,16
1787,0.315625,0.1066322779852955,0.1375,0.31666666666666665,0.4916666666666667,16
1788,0.25416666666666665,0.10299339245256897,0.06666666666666667,0.26666666666666666,0.39375000000000004,16
1789,0.3052083333333333,0.10667297344636499,0.17291666666666666,0.29166666666666663,0.48333333333333334,16
1790,0.3197916666666667,0.12292990747892793,0.12291666666666667,0.3416666666666667,0.47708333333333336,16
1791,0.340625,0.11814079847321539,0.17291666666666666,0.35,0.5666666666666667,16
1792,0.3020833333333333,0.10389548033159736,0.12708333333333333,0.3,0.49583333333333335,16
1793,0.36041666666666666,0.08330728759638419,0.22291666666666668,0.3833333333333333,0.4875,16
1794,0.33229166666666665,0.08867636812527276,0.13541666666666666,0.3416666666666667,0.4375,16
1795,0.2916666666666667,0.10590220855949029,0.12291666666666667,0.3,0.45416666666666666,16
1796,0.29166666666666663,0.06588078458684124,0.18541666666666667,0.2833333333333333,0.42500000000000004,16
1797,0.31145833333333334,0.08180234265526196,0.12083333333333332,0.32499999999999996,0.42708333333333337,16
1798,0.259375,0.11425616169866339,0.09583333333333333,0.25,0.4854166666666667,16
1799,0.30520833333333336,0.08030297446753348,0.16875,0.30833333333333335,0.44166666666666665,16
1800,0.26041666666666663,0.10169996039549103,0.10625000000000001,0.26666666666666666,0.45833333333333337,16
1801,0.28229166666666666,0.09903505797611942,0.12291666666666667,0.3,0.44166666666666665,16
1802,0.33645833333333336,0.08233121412589788,0.21666666666666667,0.3333333333333333,0.4666666666666667,16
1803,0.2833333333333333,0.07406828681096324,0.14166666666666666,0.29166666666666663,0.38333333333333336,16
1804,0.253125,0.06775639319978922,0.15,0.2583333333333333,0.35416666666666663,16
1805,0.31354166666666666,0.11788335071162509,0.15625,0.2833333333333333,0.5208333333333334,16
1806,0.321875,0.0767659569912196,0.18541666666666667,0.32499999999999996,0.45416666666666666,16
1807,0.309375,0.07883015101046892,0.175,0.3,0.4479166666666667,16
1808,0.29270833333333335,0.10407808733777196,0.1,0.32499999999999996,0.43125,16
1809,0.3125,0.12169234888758527,0.12291666666666667,0.31666666666666665,0.5083333333333333,16
1810,0.290625,0.09409081569006733,0.16249999999999998,0.2833333333333333,0.46875,16
1811,0.22916666666666669,0.08488145328109734,0.07916666666666666,0.25,0.34375,16
1812,0.26041666666666663,0.11271199162269983,0.058333333333333334,0.25,0.43333333333333335,16
1813,0.240625,0.07905007862460071,0.07500000000000001,0.24166666666666667,0.36666666666666664,16
1814,0.29375,0.09480883544152295,0.15625,0.2833333333333333,0.4604166666666667,16
1815,0.25416666666666665,0.1092111868506763,0.1,0.21666666666666667,0.43333333333333335,16
1816,0.20833333333333331,0.09090593428863095,0.07916666666666666,0.21666666666666667,0.35416666666666663,16
1817,0.25104166666666666,0.09546464405154867,0.12916666666666665,0.25,0.45208333333333334,16
1818,0.31145833333333334,0.08285670989726783,0.14791666666666667,0.3,0.44375000000000003,16
1819,0.2635416666666667,0.11535253181973175,0.06666666666666667,0.2833333333333333,0.4104166666666667,16
1820,0.34375,0.11393757428229431,0.09791666666666667,0.36666666666666664,0.49375,16
1821,0.3072916666666667,0.06372923136642679,0.20208333333333334,0.29166666666666663,0.4104166666666667,16
1822,0.32395833333333335,0.08838220935547808,0.17916666666666667,0.3333333333333333,0.49375,16
1823,0.2833333333333333,0.09185586535436918,0.15,0.3,0.4375,16
1824,0.2739583333333333,0.0818553835703214,0.15625,0.2833333333333333,0.43333333333333335,16
1825,0.23645833333333333,0.07822216180355937,0.1125,0.23333333333333334,0.37916666666666665,16
1826,0.28229166666666666,0.0917554021267655,0.08541666666666667,0.2833333333333333,0.4041666666666667,16
1827,0.3541666666666667,0.12367351733046526,0.15625,0.3416666666666667,0.5770833333333334,16
1828,0.28958333333333336,0.053318682883623854,0.21250000000000002,0.29166666666666663,0.36041666666666666,16
1829,0.3364583333333333,0.08482390869390018,0.21666666666666667,0.375,0.4791666666666667,16
1830,0.31875,0.0754327791259653,0.22291666666666668,0.32499999999999996,0.42708333333333337,16
1831,0.3125,0.06782841915041544,0.175,0.3,0.4104166666666667,16
1832,0.2583333333333333,0.0814367511903836,0.12916666666666665,0.2583333333333333,0.39375000000000004,16
1833,0.303125,0.08420765297432559,0.12708333333333333,0.31666666666666665,0.43125,16
1834,0.3,0.09409658158863513,0.11875,0.31666666666666665,0.4895833333333333,16
1835,0.32291666666666663,0.11301963325015703,0.15208333333333332,0.29166666666666663,0.5333333333333333,16
1836,0.30104166666666665,0.08343093242983152,0.17916666666666667,0.3,0.45,16
1837,0.3354166666666667,0.11987768650679834,0.10625000000000001,0.3583333333333333,0.5166666666666666,16
1838,0.315625,0.09099541159067064,0.17916666666666667,0.31666666666666665,0.48125,16
1839,0.33229166666666665,0.09418302770846419,0.18958333333333333,0.30833333333333335,0.49375,16
1840,0.23229166666666667,0.08003227430577964,0.09166666666666667,0.23333333333333334,0.34375,16
1841,0.30833333333333335,0.07839536550927825,0.19583333333333333,0.30833333333333335,0.44166666666666665,16
1842,0.271875,0.061440675429410944,0.17291666666666666,0.29166666666666663,0.37083333333333335,16
1843,0.3,0.05335936864527374,0.20208333333333334,0.29166666666666663,0.4,16
1844,0.3197916666666667,0.09951597268501396,0.08541666666666667,0.3416666666666667,0.44166666666666665,16
1845,0.35416666666666663,0.10399986645290571,0.12291666666666667,0.38333333333333336,0.48333333333333334,16
1846,0.37916666666666665,0.09619496983845996,0.19374999999999998,0.4,0.5416666666666666,16
1847,0.29583333333333334,0.07276770498572074,0.18958333333333333,0.275,0.42083333333333334,16
1848,0.29270833333333335,0.09500890857352974,0.11458333333333333,0.29166666666666663,0.45208333333333334,16
1849,0.30625,0.1001517945143493,0.1375,0.2833333333333333,0.44375000000000003,16
1850,0.31875,0.058593171293438474,0.24583333333333335,0.3,0.45416666666666666,16
1851,0.34479166666666666,0.07608446284302145,0.23333333333333334,0.3583333333333333,0.45,16
1852,0.2958333333333333,0.09400428477232065,0.1375,0.275,0.44375000000000003,16
1853,0.328125,0.11003767505066417,0.15833333333333333,0.3416666666666667,0.5395833333333333,16
1854,0.26875,0.07702700644723395,0.12083333333333332,0.275,0.3875,16
1855,0.29375,0.1191513684819067,0.08125,0.3333333333333333,0.4604166666666667,16
1856,0.321875,0.11206997287161465,0.1125,0.3333333333333333,0.5,16
1857,0.2791666666666667,0.07347996703561832,0.16666666666666666,0.275,0.41458333333333336,16
1858,0.34479166666666666,0.06915129096167813,0.23541666666666666,0.3416666666666667,0.475,16
1859,0.25104166666666666,0.08689648015822556,0.09166666666666667,0.26666666666666666,0.39375000000000004,16
1860,0.3208333333333333,0.06052432935972479,0.19583333333333333,0.3333333333333333,0.4104166666666667,16
1861,0.284375,0.09156599585666189,0.12083333333333332,0.26666666666666666,0.44583333333333336,16
1862,0.31145833333333334,0.0881363270892189,0.18333333333333332,0.30833333333333335,0.45416666666666666,16
1863,0.3354166666666667,0.10406244786451814,0.17916666666666667,0.32499999999999996,0.5,16
1864,0.26041666666666663,0.10571762046971062,0.09166666666666667,0.24166666666666667,0.46458333333333335,16
1865,0.3260416666666667,0.08121660638550332,0.21666666666666667,0.32499999999999996,0.48333333333333334,16
1866,0.30833333333333335,0.10408329997330663,0.13541666666666666,0.30833333333333335,0.475,16
1867,0.3197916666666667,0.1210800283444338,0.12291666666666667,0.30833333333333335,0.5333333333333333,16
1868,0.246875,0.0618630740470885,0.13541666666666666,0.25,0.35416666666666663,16
1869,0.33645833333333336,0.11276492725774466,0.2,0.3,0.5416666666666666,16
1870,0.3145833333333333,0.0835154260534477,0.20625000000000002,0.3,0.45416666666666666,16
1871,0.3416666666666667,0.11989578808281799,0.15208333333333332,0.36666666666666664,0.5437500000000001,16
1872,0.3041666666666667,0.09547032697824667,0.13958333333333334,0.29166666666666663,0.4479166666666667,16
1873,0.321875,0.0647427468052514,0.22291666666666668,0.30833333333333335,0.4166666666666667,16
1874,0.3302083333333333,0.09468858864427354,0.18125,0.30833333333333335,0.5333333333333333,16
1875,0.3260416666666667,0.10687621831664268,0.15625,0.31666666666666665,0.5041666666666667,16
1876,0.28125,0.09164298936634488,0.14166666666666666,0.275,0.4708333333333333,16
1877,0.3125,0.08302024518821365,0.18125,0.3,0.44375000000000003,16
1878,0.34270833333333334,0.10324067586362354,0.175,0.3416666666666667,0.53125,16
1879,0.2552083333333333,0.08369064024064393,0.125,0.2583333333333333,0.4,16
1880,0.328125,0.07234148139591529,0.21250000000000002,0.3416666666666667,0.4375,16
1881,0.265625,0.07155726873164832,0.13958333333333334,0.26666666666666666,0.38333333333333336,16
1882,0.2572916666666667,0.11872715423515287,0.05625,0.2833333333333333,0.45,16
1883,0.33229166666666665,0.09582767193422438,0.17708333333333331,0.30833333333333335,0.5333333333333333,16
1884,0.3041666666666667,0.059947894041408996,0.22916666666666669,0.29166666666666663,0.4375,16
1885,0.36354166666666665,0.09505458044665123,0.15208333333333332,0.3666666666666667,0.51875,16
1886,0.2916666666666667,0.09537935951882998,0.12291666666666667,0.2833333333333333,0.4166666666666667,16
1887,0.3375,0.07252872993970505,0.21875,0.3333333333333333,0.45416666666666666,16
1888,0.3416666666666667,0.09033118078616167,0.21666666666666667,0.3416666666666667,0.4979166666666667,16
1889,0.28854166666666664,0.06087291805702908,0.18333333333333332,0.30833333333333335,0.36666666666666664,16
1890,0.2739583333333333,0.08374248515206868,0.10416666666666666,0.275,0.41875,16
1891,0.309375,0.09089996600353845,0.17291666666666666,0.3333333333333333,0.4375,16
1892,0.30000000000000004,0.08057949835755715,0.16666666666666666,0.30833333333333335,0.44166666666666665,16
1893,0.33125,0.09980449639169571,0.17291666666666666,0.32499999999999996,0.525,16
1894,0.2427083333333333,0.09894736781351095,0.07500000000000001,0.24166666666666667,0.3875,16
1895,0.26875,0.07657489978953795,0.14583333333333331,0.26666666666666666,0.38333333333333336,16
1896,0.2791666666666667,0.0858980338670346,0.125,0.29166666666666663,0.39375000000000004,16
1897,0.26041666666666663,0.10831329942963298,0.07500000000000001,0.2583333333333333,0.43125,16
1898,0.30833333333333335,0.08620067027323834,0.15625,0.32499999999999996,0.42708333333333337,16
1899,0.315625,0.08089532631397468,0.21666666666666667,0.3,0.475,16
1900,0.3135416666666666,0.11817753094156455,0.15,0.32499999999999996,0.5354166666666667,16
1901,0.36979166666666663,0.109007318497939,0.19166666666666665,0.3666666666666667,0.5375000000000001,16
1902,0.284375,0.12902798334512985,0.02708333333333333,0.30833333333333335,0.4666666666666667,16
1903,0.30729166666666674,0.102396416156361,0.13125,0.31666666666666665,0.4854166666666667,16
1904,0.3041666666666667,0.0813300887330964,0.17291666666666666,0.3,0.42708333333333337,16
1905,0.259375,0.08477272515706662,0.08958333333333332,0.26666666666666666,0.3979166666666667,16
1906,0.303125,0.06015568632492046,0.21666666666666667,0.30833333333333335,0.43125,16
1907,0.2708333333333333,0.0969141945801084,0.07916666666666666,0.2583333333333333,0.42708333333333337,16
1908,0.2895833333333333,0.09462554124313137,0.15208333333333332,0.2833333333333333,0.47708333333333336,16
1909,0.22083333333333335,0.10265570828962432,0.00208333333333334,0.25,0.34375,16
1910,0.29374999999999996,0.13551278639957848,0.09583333333333333,0.2833333333333333,0.5375000000000001,16
1911,0.36979166666666663,0.07364959030963973,0.24166666666666667,0.3666666666666667,0.49583333333333335,16
1912,0.3572916666666667,0.0869963181692191,0.23958333333333334,0.3333333333333333,0.5041666666666667,16
1913,0.33749999999999997,0.11342214657346833,0.12291666666666667,0.3333333333333333,0.5145833333333333,16
1914,0.31666666666666665,0.08477912478906587,0.14583333333333331,0.35,0.42083333333333334,16
1915,0.3302083333333333,0.08744417862270765,0.2,0.3416666666666667,0.48125,16
1916,0.3760416666666666,0.1281504039855773,0.20208333333333334,0.3416666666666667,0.6458333333333334,16
1917,0.2895833333333333,0.0976947840641113,0.10833333333333334,0.30833333333333335,0.4166666666666667,16
1918,0.30729166666666663,0.12061312549497533,0.09583333333333333,0.3,0.5083333333333333,16
1919,0.2947916666666667,0.11795696455110699,0.11875,0.3,0.5041666666666667,16
1920,0.25,0.08164965809277261,0.13958333333333334,0.25,0.39375000000000004,16
1921,0.2791666666666667,0.08868248605746984,0.12916666666666665,0.2833333333333333,0.43125,16
1922,0.221875,0.11721874583444407,0.04583333333333334,0.225,0.4104166666666667,16
1923,0.34062499999999996,0.08955304720604927,0.19583333333333333,0.32499999999999996,0.48333333333333334,16
1924,0.28125,0.12059963032005254,0.07083333333333333,0.2583333333333333,0.45,16
1925,0.2989583333333333,0.11031343444678189,0.06875,0.31666666666666665,0.4375,16
1926,0.3125,0.11569536147429017,0.13541666666666666,0.29166666666666663,0.5416666666666666,16
1927,0.2677083333333333,0.0710703754308987,0.14166666666666666,0.2583333333333333,0.37083333333333335,16
1928,0.34270833333333334,0.06480975095959285,0.20833333333333331,0.3583333333333333,0.4166666666666667,16
1929,0.36041666666666666,0.07747647492411272,0.23958333333333334,0.3416666666666667,0.4875,16
1930,0.3,0.11195857368787002,0.1125,0.31666666666666665,0.5083333333333333,16
1931,0.33541666666666664,0.1048932989597842,0.13958333333333334,0.3333333333333333,0.5229166666666667,16
1932,0.259375,0.07335434121440938,0.13125,0.2583333333333333,0.39166666666666666,16
1933,0.23229166666666667,0.10904712761768036,0.010416666666666664,0.25,0.38125,16
1934,0.2791666666666666,0.09762812094883318,0.09375,0.31666666666666665,0.42916666666666664,16
1935,0.32291666666666663,0.13042066021574616,0.12291666666666667,0.31666666666666665,0.5541666666666667,16
1936,0.34375,0.08267972847076846,0.22291666666666668,0.3416666666666667,0.48333333333333334,16
1937,0.3072916666666667,0.08311821191999849,0.20208333333333334,0.2833333333333333,0.47708333333333336,16
1938,0.3979166666666667,0.06005639710583157,0.2833333333333333,0.3916666666666667,0.47708333333333336,16
1939,0.3208333333333333,0.08302024518821365,0.16666666666666666,0.3333333333333333,0.42708333333333337,16
1940,0.3125,0.08047169964928319,0.17291666666666666,0.31666666666666665,0.43333333333333335,16
1941,0.30833333333333335,0.06066758241067099,0.22291666666666668,0.3,0.4375,16
1942,0.22291666666666665,0.0873759040646282,0.04583333333333334,0.225,0.35416666666666663,16
1943,0.3041666666666667,0.07465197027987049,0.16249999999999998,0.32499999999999996,0.39375000000000004,16
1944,0.3375,0.10316182002616622,0.21666666666666667,0.30833333333333335,0.5208333333333334,16
1945,0.3854166666666667,0.08677777333191054,0.25,0.38333333333333336,0.5208333333333334,16
1946,0.346875,0.10345066423448213,0.16249999999999998,0.3583333333333333,0.5041666666666667,16
1947,0.3145833333333333,0.10847346705787345,0.13333333333333333,0.3,0.49375,16
1948,0.3354166666666667,0.11069148190654358,0.15625,0.36666666666666664,0.5229166666666667,16
1949,0.31354166666666666,0.09113839255342517,0.18958333333333333,0.3,0.4916666666666667,16
1950,0.2885416666666667,0.11206997287161467,0.14166666666666666,0.23333333333333334,0.4791666666666667,16
1951,0.3572916666666667,0.09089996600353845,0.15416666666666667,0.3833333333333333,0.4604166666666667,16
1952,0.33333333333333337,0.1147158324828017,0.09375,0.35,0.5083333333333333,16
1953,0.2729166666666667,0.08556896990797021,0.15,0.29166666666666663,0.4166666666666667,16
1954,0.23020833333333335,0.11011653391596861,0.035416666666666666,0.21666666666666667,0.4125,16
1955,0.303125,0.065409699735165,0.17291666666666666,0.3,0.4,16
1956,0.26979166666666665,0.10021136516550073,0.10833333333333334,0.275,0.4604166666666667,16
1957,0.27708333333333335,0.10322490951531246,0.10625000000000001,0.2833333333333333,0.42083333333333334,16
1958,0.3291666666666667,0.1371206889325361,0.09791666666666667,0.35,0.5333333333333333,16
1959,0.28541666666666665,0.09535660409454841,0.12916666666666665,0.2833333333333333,0.4375,16
1960,0.3052083333333333,0.09478021908898268,0.17291666666666666,0.3,0.45,16
1961,0.28020833333333334,0.09560094105475926,0.10625000000000001,0.3,0.43333333333333335,16
1962,0.24166666666666664,0.07614861201040443,0.13541666666666666,0.24166666666666667,0.4,16
1963,0.3510416666666667,0.09080442009248962,0.26666666666666666,0.3333333333333333,0.5354166666666667,16
1964,0.32916666666666666,0.09344858955002419,0.1875,0.30833333333333335,0.48333333333333334,16
1965,0.30625,0.10322490951531246,0.1125,0.31666666666666665,0.49375,16
1966,0.2635416666666667,0.09614419689831634,0.12291666666666667,0.25,0.4708333333333333,16
1967,0.29270833333333335,0.10573301511879396,0.10208333333333333,0.31666666666666665,0.4166666666666667,16
1968,0.33333333333333337,0.09682458365518543,0.15,0.35,0.48125,16
1969,0.21875,0.09644280832585589,0.07500000000000001,0.19166666666666665,0.4041666666666667,16
1970,0.26979166666666665,0.09757809372497497,0.06458333333333333,0.31666666666666665,0.3770833333333333,16
1971,0.334375,0.10728155292137705,0.10208333333333333,0.36666666666666664,0.47708333333333336,16
1972,0.20833333333333331,0.06692657668420421,0.1125,0.2,0.32708333333333334,16
1973,0.3375,0.10383279828647594,0.17291666666666666,0.3416666666666667,0.48125,16
1974,0.24375000000000002,0.0895348706122679,0.12291666666666667,0.225,0.44583333333333336,16
1975,0.24270833333333336,0.11916502766938143,0.012499999999999997,0.2583333333333333,0.4354166666666667,16
1976,0.2895833333333333,0.0933324032691755,0.16249999999999998,0.3,0.4625,16
1977,0.29791666666666666,0.08934075684329819,0.2,0.2833333333333333,0.45416666666666666,16
1978,0.340625,0.09982080298381361,0.19583333333333333,0.3333333333333333,0.49375,16
1979,0.33229166666666665,0.08110965442946153,0.19791666666666666,0.3583333333333333,0.4375,16
1980,0.265625,0.11996364466648497,0.058333333333333334,0.26666666666666666,0.45416666666666666,16
1981,0.30104166666666665,0.11981883749830176,0.13333333333333333,0.3333333333333333,0.4708333333333333,16
1982,0.29166666666666663,0.08207381501496755,0.19583333333333333,0.26666666666666666,0.4791666666666667,16
1983,0.43229166666666663,0.10111681054602148,0.25,0.45,0.6020833333333333,16
1984,0.34375,0.10472765606297338,0.15416666666666667,0.3666666666666667,0.5020833333333333,16
1985,0.321875,0.08369064024064393,0.18125,0.32499999999999996,0.4604166666666667,16
1986,0.28229166666666666,0.07871995679128783,0.13541666666666666,0.29166666666666663,0.4104166666666667,16
1987,0.290625,0.0918499587945229,0.125,0.3,0.4375,16
1988,0.3208333333333333,0.11418491338370602,0.14791666666666667,0.29166666666666663,0.51875,16
1989,0.2833333333333333,0.09242113755341182,0.08333333333333334,0.2833333333333333,0.42083333333333334,16
1990,0.2583333333333333,0.05496210815947049,0.16249999999999998,0.2583333333333333,0.34375,16
1991,0.24583333333333335,0.07009418267191968,0.15,0.24166666666666667,0.35416666666666663,16
1992,0.36041666666666666,0.09535660409454841,0.20833333333333331,0.3583333333333333,0.5520833333333334,16
1993,0.34479166666666666,0.0974890930509095,0.21666666666666667,0.32499999999999996,0.5,16
1994,0.24583333333333332,0.10197698542100347,0.06875,0.24166666666666667,0.3979166666666667,16
1995,0.3572916666666667,0.0642717618787598,0.21250000000000002,0.36666666666666664,0.4375,16
1996,0.2552083333333333,0.0772169450135281,0.13125,0.25,0.3875,16
1997,0.3,0.0568257570707744,0.18541666666666667,0.3,0.4041666666666667,16
1998,0.246875,0.08441357143058613,0.07708333333333334,0.26666666666666666,0.38958333333333334,16
1999,0.34791666666666665,0.1025499539519914,0.17916666666666667,0.38333333333333336,0.49375,16
2000,0.303125,0.09018090422096638,0.16666666666666669,0.2833333333333333,0.5104166666666666,16
2001,0.34687500000000004,0.1328400706677018,0.13958333333333334,0.35,0.5708333333333334,16
2002,0.25729166666666664,0.11455965664471746,0.11875,0.225,0.49583333333333335,16
2003,0.265625,0.07533922128538953,0.17291666666666666,0.23333333333333334,0.4041666666666667,16
2004,0.353125,0.0752815894381444,0.21458333333333332,0.3333333333333333,0.45,16
2005,0.234375,0.0993850449151067,0.02083333333333333,0.25,0.38958333333333334,16
2006,0.41041666666666665,0.11286591725484615,0.16875,0.43333333333333335,0.575,16
2007,0.303125,0.09339632361013409,0.14166666666666666,0.3333333333333333,0.44375000000000003,16
2008,0.33437500000000003,0.08024890748650587,0.20625000000000002,0.3583333333333333,0.45833333333333337,16
2009,0.34062499999999996,0.0973554394845107,0.22291666666666668,0.31666666666666665,0.5270833333333333,16
2010,0.23958333333333334,0.0745064780926986,0.06666666666666667,0.25,0.34375,16
2011,0.3260416666666667,0.061228383373689986,0.20625000000000002,0.32499999999999996,0.4104166666666667,16
2012,0.3416666666666667,0.08079466429027216,0.21666666666666667,0.3416666666666667,0.47708333333333336,16
2013,0.3541666666666667,0.10383279828647594,0.13541666666666669,0.38333333333333336,0.4708333333333333,16
2014,0.290625,0.09555553032137909,0.13333333333333333,0.3,0.4479166666666667,16
2015,0.2864583333333333,0.11090203854202942,0.08958333333333333,0.30833333333333335,0.45,16
2016,0.2791666666666667,0.08488145328109735,0.12291666666666667,0.26666666666666666,0.4104166666666667,16
2017,0.2989583333333333,0.08689648015822556,0.125,0.30833333333333335,0.45625,16
2018,0.2760416666666667,0.0752239134370034,0.17291666666666666,0.2583333333333333,0.4166666666666667,16
2019,0.25104166666666666,0.1063061534620122,0.10625000000000001,0.2583333333333333,0.4166666666666667,16
2020,0.2572916666666667,0.09982080298381361,0.056249999999999994,0.275,0.4,16
2021,0.35,0.09519716382329886,0.22291666666666668,0.31666666666666665,0.5395833333333333,16
2022,0.33854166666666663,0.08714586072594996,0.20625000000000002,0.3416666666666667,0.4979166666666667,16
2023,0.22708333333333333,0.08033674785274518,0.09166666666666667,0.23333333333333334,0.38333333333333336,16
2024,0.2791666666666667,0.07916666666666668,0.14583333333333331,0.2833333333333333,0.4,16
2025,0.234375,0.076027395921178,0.12916666666666665,0.2583333333333333,0.34375,16
2026,0.3572916666666667,0.1107061848994897,0.18541666666666667,0.3583333333333333,0.5416666666666666,16
2027,0.2979166666666667,0.09572004173050119,0.11666666666666667,0.3,0.4166666666666667,16
2028,0.28854166666666664,0.10012470522914024,0.10625000000000001,0.31666666666666665,0.42708333333333337,16
2029,0.31770833333333326,0.14427365370287737,0.12291666666666667,0.3333333333333333,0.5520833333333334,16
2030,0.3729166666666667,0.08162307510066556,0.21875,0.3666666666666667,0.5145833333333333,16
2031,0.35937500000000006,0.11039209632285982,0.20625000000000002,0.3416666666666667,0.55,16
2032,0.32083333333333336,0.07938566201357354,0.18541666666666667,0.32499999999999996,0.4479166666666667,16
2033,0.321875,0.10184389436507447,0.125,0.3416666666666667,0.44375000000000003,16
2034,0.26145833333333335,0.04358849156855765,0.20625000000000002,0.2583333333333333,0.34791666666666665,16
2035,0.2739583333333333,0.056201754000900876,0.18958333333333333,0.2833333333333333,0.39166666666666666,16
2036,0.3364583333333333,0.10090196527928594,0.12291666666666667,0.32499999999999996,0.4979166666666667,16
2037,0.38125,0.10271910863017543,0.19583333333333333,0.375,0.5729166666666667,16
2038,0.28854166666666664,0.06965160074335056,0.18541666666666667,0.275,0.44166666666666665,16
2039,0.325,0.11456439237389601,0.11875,0.31666666666666665,0.5458333333333334,16
2040,0.30729166666666663,0.09372106034812976,0.09583333333333333,0.32499999999999996,0.4104166666666667,16
2041,0.3145833333333333,0.09680216796240786,0.16666666666666666,0.3333333333333333,0.47708333333333336,16
2042,0.28125,0.10015179451434929,0.12083333333333332,0.2583333333333333,0.4479166666666667,16
2043,0.29062499999999997,0.10573301511879396,0.13333333333333333,0.275,0.4708333333333333,16
2044,0.2677083333333333,0.09744456223070293,0.13333333333333333,0.2583333333333333,0.42708333333333337,16
2045,0.328125,0.07766531427649455,0.25,0.3,0.5,16
2046,0.3666666666666667,0.11636866703140784,0.17916666666666667,0.3583333333333333,0.5479166666666667,16
2047,0.30625,0.09388878616036458,0.125,0.31666666666666665,0.45833333333333337,16
2048,0.4,0.0759202798262025,0.27291666666666664,0.4083333333333333,0.5270833333333333,16
2049,0.3260416666666667,0.1076853618314847,0.14375,0.30833333333333335,0.5458333333333334,16
2050,0.26979166666666665,0.09094770131784531,0.13541666666666666,0.2583333333333333,0.43333333333333335,16
2051,0.29270833333333335,0.11501339746839158,0.09583333333333333,0.2833333333333333,0.5125000000000001,16
2052,0.31145833333333334,0.10634697372019782,0.15,0.32499999999999996,0.49583333333333335,16
2053,0.3197916666666667,0.12193730601100806,0.16249999999999998,0.30833333333333335,0.5729166666666667,16
2054,0.31145833333333334,0.09641467694576152,0.10833333333333334,0.3416666666666667,0.42083333333333334,16
2055,0.4197916666666667,0.0950545804466512,0.3,0.3916666666666667,0.625,16
2056,0.32916666666666666,0.10647443615983866,0.13958333333333334,0.3416666666666667,0.5125000000000001,16
2057,0.19583333333333333,0.0834374349770866,0.07291666666666666,0.2,0.3208333333333333,16
2058,0.27708333333333335,0.07902948640996107,0.11666666666666667,0.275,0.41458333333333336,16
2059,0.3020833333333333,0.10815289460347842,0.16666666666666666,0.3,0.5,16
2060,0.18958333333333333,0.09444189130535947,0.06875,0.15,0.35416666666666663,16
2061,0.3458333333333333,0.07058780977540591,0.20625000000000002,0.35,0.45,16
2062,0.23958333333333331,0.09069082858199548,0.06458333333333333,0.25,0.375,16
2063,0.3052083333333333,0.09641467694576152,0.18541666666666667,0.2833333333333333,0.4979166666666667,16
2064,0.30729166666666663,0.08332682266233364,0.15833333333333333,0.3333333333333333,0.43125,16
2065,0.29166666666666663,0.07144345083117602,0.18541666666666667,0.3,0.42500000000000004,16
2066,0.2729166666666667,0.07473912964438374,0.14166666666666666,0.26666666666666666,0.41875,16
2067,0.3260416666666667,0.11531489947819695,0.18333333333333332,0.31666666666666665,0.48333333333333334,16
2068,0.21979166666666666,0.06698329756571991,0.09583333333333333,0.21666666666666667,0.3458333333333333,16
2069,0.259375,0.08679652730828451,0.14583333333333331,0.23333333333333334,0.42083333333333334,16
2070,0.23958333333333334,0.09126331714087295,0.09583333333333333,0.23333333333333334,0.36666666666666664,16
2071,0.27083333333333337,0.0983368643433829,0.10208333333333333,0.2833333333333333,0.4166666666666667,16
2072,0.2625,0.11250000000000002,0.10208333333333333,0.23333333333333334,0.5,16
2073,0.353125,0.11368492491433407,0.16458333333333333,0.3583333333333333,0.5875,16
2074,0.2791666666666667,0.09709316831442538,0.11458333333333333,0.29166666666666663,0.42708333333333337,16
2075,0.3333333333333333,0.11410886614690961,0.16249999999999998,0.32499999999999996,0.5645833333333333,16
2076,0.33541666666666664,0.08119656362460449,0.19791666666666666,0.31666666666666665,0.4666666666666667,16
2077,0.3291666666666667,0.07828455928356641,0.18541666666666667,0.31666666666666665,0.45,16
2078,0.2947916666666667,0.07376735906814673,0.15625,0.31666666666666665,0.4,16
2079,0.35416666666666663,0.10483121354507603,0.18333333333333332,0.3666666666666667,0.5083333333333333,16
2080,0.2791666666666667,0.10582020916000245,0.11666666666666667,0.32499999999999996,0.4104166666666667,16
2081,0.21979166666666666,0.07799989983967928,0.12291666666666667,0.21666666666666667,0.37916666666666665,16
2082,0.303125,0.09560094105475926,0.12916666666666665,0.31666666666666665,0.43333333333333335,16
2083,0.3291666666666666,0.08650224788344457,0.16249999999999998,0.3416666666666667,0.45,16
2084,0.24583333333333335,0.07465197027987049,0.12916666666666665,0.25,0.39375000000000004,16
2085,0.2875,0.09023503261544881,0.13333333333333333,0.30833333333333335,0.41458333333333336,16
2086,0.3125,0.08426561840065284,0.2,0.3,0.5020833333333333,16
2087,0.3354166666666667,0.12400646824527609,0.125,0.35833333333333334,0.5333333333333333,16
2088,0.3177083333333333,0.10904712761768036,0.13541666666666666,0.31666666666666665,0.5020833333333333,16
2089,0.32395833333333335,0.0658725489740099,0.22291666666666668,0.30833333333333335,0.44375000000000003,16
2090,0.365625,0.07008644216251815,0.25,0.3583333333333333,0.48333333333333334,16
2091,0.29375,0.056172786511303176,0.18958333333333333,0.2833333333333333,0.3875,16
2092,0.29583333333333334,0.12943520472507555,0.037500000000000006,0.29166666666666663,0.49583333333333335,16
2093,0.3125,0.08710227066819531,0.17083333333333334,0.29166666666666663,0.45208333333333334,16
2094,0.3260416666666667,0.11179854619160107,0.125,0.35,0.49375,16
2095,0.328125,0.0896983273565096,0.17916666666666667,0.30833333333333335,0.49583333333333335,16
2096,0.35520833333333335,0.07986941381961489,0.25,0.3416666666666667,0.525,16
2097,0.32916666666666666,0.09307628293203615,0.18541666666666667,0.3333333333333333,0.47708333333333336,16
2098,0.35520833333333335,0.11572818218903197,0.13333333333333333,0.4,0.49375,16
2099,0.396875,0.09596345332990056,0.26458333333333334,0.375,0.6125,16
2100,0.3125,0.0871022706681953,0.18958333333333333,0.2833333333333333,0.45833333333333337,16
2101,0.246875,0.10411978111504291,0.08125,0.23333333333333334,0.48333333333333334,16
2102,0.2833333333333333,0.08838834764831845,0.15208333333333332,0.30833333333333335,0.41458333333333336,16
2103,0.33229166666666665,0.12561912645196813,0.125,0.3333333333333333,0.575,16
2104,0.3489583333333333,0.0954646440515487,0.19583333333333333,0.32499999999999996,0.5041666666666667,16
2105,0.340625,0.07926939606669006,0.25625,0.31666666666666665,0.4875,16
2106,0.29583333333333334,0.09081039465709738,0.17916666666666667,0.275,0.4479166666666667,16
2107,0.32916666666666666,0.07872684844871328,0.21666666666666667,0.3333333333333333,0.46458333333333335,16
2108,0.3302083333333333,0.10361834853334508,0.18958333333333333,0.30833333333333335,0.5145833333333333,16
2109,0.340625,0.11621471238616908,0.08541666666666667,0.3583333333333333,0.525,16
2110,0.2875,0.09655525188547057,0.1,0.30833333333333335,0.4166666666666667,16
2111,0.2333333333333333,0.10051948401512349,0.08125,0.21666666666666667,0.4104166666666667,16
2112,0.27812499999999996,0.07088692825353785,0.15625,0.3,0.3875,16
2113,0.246875,0.0656745844422838,0.12291666666666667,0.2583333333333333,0.3333333333333333,16
2114,0.31354166666666666,0.0748189365327314,0.18958333333333333,0.32499999999999996,0.45208333333333334,16
2115,0.303125,0.10124549887114323,0.17291666666666666,0.3,0.48333333333333334,16
2116,0.3041666666666667,0.07694243880258078,0.175,0.3,0.4166666666666667,16
2117,0.30104166666666665,0.09600867112170419,0.15208333333333332,0.29166666666666663,0.48125,16
2118,0.24583333333333335,0.13209056236789465,-0.033333333333333326,0.2833333333333333,0.41458333333333336,16
2119,0.21770833333333334,0.09797759629119303,0.07916666666666666,0.225,0.39375000000000004,16
2120,0.30833333333333335,0.08819171036881969,0.15208333333333332,0.30833333333333335,0.45,16
2121,0.2708333333333333,0.09213893494789992,0.08541666666666667,0.2833333333333333,0.4270833333333333,16
2122,0.2125,0.1104756131963571,0.0,0.20833333333333334,0.40625,16
2123,0.2791666666666667,0.11433685611676869,0.08958333333333333,0.3,0.44166666666666665,16
2124,0.3020833333333333,0.06969053618199055,0.18958333333333333,0.31666666666666665,0.39375000000000004,16
2125,0.23958333333333331,0.1062091424710907,0.07916666666666666,0.25,0.41875,16
2126,0.2875,0.0960143218483576,0.14583333333333331,0.3,0.46666666666666673,16
2127,0.25416666666666665,0.09213893494789992,0.08958333333333332,0.24166666666666667,0.42500000000000004,16
2128,0.221875,0.08137677076073026,0.1,0.23333333333333334,0.3854166666666667,16
2129,0.265625,0.08046495743489833,0.15625,0.2583333333333333,0.42500000000000004,16
2130,0.23229166666666667,0.10872824654717017,0.04375,0.23333333333333334,0.4270833333333333,16
2131,0.29375,0.11958768865471804,0.10625000000000001,0.29166666666666663,0.48125,16
2132,0.3197916666666667,0.09863983834300082,0.17291666666666666,0.31666666666666665,0.5166666666666666,16
2133,0.3,0.07592027982620249,0.18333333333333332,0.31666666666666665,0.4104166666666667,16
2134,0.259375,0.10784646204210874,0.0625,0.2833333333333333,0.4,16
2135,0.321875,0.10133120029279126,0.14583333333333331,0.32499999999999996,0.5083333333333333,16
2136,0.26875,0.0689391337823929,0.15625,0.26666666666666666,0.36666666666666664,16
2137,0.26875,0.09857931803600817,0.10625000000000001,0.2583333333333333,0.4166666666666667,16
2138,0.29166666666666663,0.08740073734751262,0.13958333333333334,0.275,0.4625,16
2139,0.3177083333333333,0.09600867112170419,0.15416666666666667,0.30833333333333335,0.5062500000000001,16
2140,0.35208333333333336,0.09220956656804472,0.20416666666666666,0.31666666666666665,0.5104166666666667,16
2141,0.24791666666666665,0.12663856596190945,0.035416666666666666,0.26666666666666666,0.42708333333333337,16
2142,0.23854166666666665,0.0758559375651563,0.10833333333333334,0.24166666666666667,0.37916666666666665,16
2143,0.29270833333333335,0.09089996600353845,0.11875,0.29166666666666663,0.44166666666666665,16
2144,0.2979166666666667,0.1102199505534275,0.09166666666666667,0.3,0.48125,16
2145,0.321875,0.09569169787221181,0.20625000000000002,0.2833333333333333,0.49375,16
2146,0.28020833333333334,0.09686379863556412,0.1125,0.2583333333333333,0.4166666666666667,16
2147,0.2895833333333333,0.09716019846967518,0.17291666666666666,0.26666666666666666,0.4979166666666667,16
2148,0.28541666666666665,0.07403898184965359,0.17916666666666667,0.29166666666666663,0.4104166666666667,16
2149,0.2958333333333333,0.07783975705112252,0.10833333333333334,0.30833333333333335,0.3875,16
2150,0.29374999999999996,0.07858890047441673,0.15,0.3,0.4,16
2151,0.24791666666666665,0.1011865370381741,0.03333333333333334,0.26666666666666666,0.3770833333333333,16
2152,0.278125,0.11160426583593379,0.07500000000000001,0.29166666666666663,0.48125,16
2153,0.2583333333333333,0.10817295821455974,0.09791666666666667,0.24166666666666667,0.4895833333333333,16
2154,0.30208333333333337,0.08204736944798008,0.16249999999999998,0.2833333333333333,0.44375000000000003,16
2155,0.28020833333333334,0.09075660941649252,0.12291666666666667,0.30833333333333335,0.42083333333333334,16
2156,0.3125,0.08848650242331377,0.12916666666666665,0.30833333333333335,0.4479166666666667,16
2157,0.31770833333333337,0.10145961669277312,0.14375,0.3,0.5041666666666667,16
2158,0.3,0.06744339190099435,0.18958333333333333,0.3,0.42708333333333337,16
2159,0.26666666666666666,0.09204467514322717,0.10833333333333334,0.275,0.42083333333333334,16
2160,0.3020833333333333,0.10067049523624641,0.14583333333333331,0.275,0.48125,16
2161,0.2677083333333333,0.07760940977813909,0.15625,0.26666666666666666,0.3770833333333333,16
2162,0.32395833333333335,0.10154513740477954,0.11666666666666667,0.3333333333333333,0.4604166666666667,16
2163,0.2729166666666667,0.06993920971497716,0.14583333333333331,0.2583333333333333,0.38333333333333336,16
2164,0.3052083333333333,0.08714586072594996,0.15208333333333332,0.30833333333333335,0.45,16
2165,0.315625,0.08848037093992468,0.18958333333333333,0.31666666666666665,0.45416666666666666,16
2166,0.340625,0.09427514953286707,0.19583333333333333,0.30833333333333335,0.5104166666666667,16
2167,0.25312500000000004,0.07411954261341756,0.15625,0.2583333333333333,0.4083333333333333,16
2168,0.28958333333333336,0.08914622039722779,0.13333333333333333,0.275,0.39375000000000004,16
2169,0.36354166666666665,0.08317041365974642,0.19583333333333333,0.38333333333333336,0.47708333333333336,16
2170,0.2791666666666667,0.09939050368230469,0.10416666666666666,0.3,0.42083333333333334,16
2171,0.28125,0.04995657836784083,0.21666666666666667,0.275,0.38125,16
2172,0.3072916666666667,0.09788895884566802,0.14583333333333331,0.32499999999999996,0.475,16
2173,0.259375,0.0939061200082295,0.10208333333333333,0.275,0.41458333333333336,16
2174,0.303125,0.08823476221925738,0.16666666666666666,0.31666666666666665,0.4479166666666667,16
2175,0.30625,0.1265013998605022,0.08333333333333333,0.26666666666666666,0.525,16
2176,0.23958333333333331,0.06919050793923173,0.09583333333333333,0.23333333333333334,0.35,16
2177,0.35,0.07682953714410741,0.21458333333333332,0.36666666666666664,0.46458333333333335,16
2178,0.27708333333333335,0.11131708339493789,0.08541666666666667,0.26666666666666666,0.47708333333333336,16
2179,0.3510416666666667,0.10695740812481284,0.19583333333333333,0.36666666666666664,0.5166666666666667,16
2180,0.3125,0.10905210273585335,0.12916666666666665,0.3416666666666667,0.4604166666666667,16
2181,0.325,0.08700255424092125,0.20625000000000002,0.31666666666666665,0.48125,16
2182,0.26458333333333334,0.10032499273195422,0.06874999999999999,0.2833333333333333,0.42708333333333337,16
2183,0.3125,0.09213893494789993,0.15625,0.3416666666666667,0.44375000000000003,16
2184,0.3208333333333333,0.10399986645290571,0.17291666666666666,0.30833333333333335,0.5145833333333333,16
2185,0.2864583333333333,0.08105612553108563,0.08958333333333332,0.3,0.36041666666666666,16
2186,0.29583333333333334,0.08690272339422588,0.14166666666666666,0.2833333333333333,0.46458333333333335,16
2187,0.3645833333333333,0.09444189130535949,0.18333333333333335,0.3416666666666667,0.5375000000000001,16
2188,0.325,0.08036375634160796,0.17291666666666666,0.31666666666666665,0.45833333333333337,16
2189,0.30833333333333335,0.11008204011352422,0.15625,0.30833333333333335,0.4979166666666667,16
2190,0.3260416666666667,0.07070300510272216,0.23333333333333334,0.30833333333333335,0.46875,16
2191,0.3104166666666667,0.12245676674737996,0.14166666666666666,0.275,0.5291666666666667,16
2192,0.3,0.09501461875826149,0.10625000000000001,0.31666666666666665,0.45416666666666666,16
2193,0.321875,0.09218014330344929,0.21666666666666667,0.2833333333333333,0.5,16
2194,0.328125,0.12215068534623766,0.13541666666666666,0.375,0.47708333333333336,16
2195,0.2989583333333333,0.11850761080810146,0.08958333333333333,0.30833333333333335,0.44375000000000003,16
2196,0.2989583333333333,0.08174926732597261,0.15625,0.3333333333333333,0.4,16
2197,0.32395833333333335,0.09645968321589654,0.15416666666666667,0.3333333333333333,0.46458333333333335,16
2198,0.34479166666666666,0.09569169787221181,0.17916666666666667,0.3416666666666667,0.5,16
2199,0.271875,0.07943348676373489,0.15625,0.26666666666666666,0.4104166666666667,16
2200,0.2677083333333333,0.07556930915465028,0.13541666666666666,0.2583333333333333,0.39375000000000004,16
2201,0.2739583333333333,0.11989126294503513,0.04375,0.2833333333333333,0.48125,16
2202,0.265625,0.09325680456257454,0.09583333333333333,0.275,0.4166666666666667,16
2203,0.3916666666666666,0.10557382882766607,0.25625,0.3666666666666667,0.58125,16
2204,0.2822916666666666,0.09325680456257453,0.13333333333333333,0.2833333333333333,0.45833333333333337,16
2205,0.29791666666666666,0.09553849573165085,0.12916666666666665,0.275,0.4708333333333333,16
2206,0.3145833333333333,0.07858890047441673,0.15833333333333333,0.32499999999999996,0.4375,16
2207,0.3260416666666667,0.10573301511879395,0.18958333333333333,0.31666666666666665,0.5333333333333333,16
2208,0.29166666666666663,0.0845740963757685,0.11458333333333333,0.3,0.4354166666666667,16
2209,0.30000000000000004,0.1125771340508858,0.13541666666666666,0.2833333333333333,0.5229166666666667,16
2210,0.30625,0.08204736944798008,0.16875,0.29166666666666663,0.44375000000000003,16
2211,0.353125,0.07799989983967928,0.21875,0.35,0.5020833333333333,16
2212,0.34270833333333334,0.08659627550048303,0.22291666666666668,0.3333333333333333,0.47708333333333336,16
2213,0.3354166666666667,0.09997829625584857,0.20208333333333334,0.3333333333333333,0.5375000000000001,16
2214,0.33229166666666665,0.10416145820311849,0.13125,0.3583333333333333,0.475,16
2215,0.31875,0.0733321496116585,0.16041666666666665,0.35,0.4,16
2216,0.3739583333333333,0.10407808733777196,0.175,0.35,0.5416666666666666,16
2217,0.321875,0.10812780985430571,0.15,0.3333333333333333,0.51875,16
2218,0.29270833333333335,0.07021018790824528,0.16249999999999998,0.31666666666666665,0.3770833333333333,16
2219,0.303125,0.06514373797397738,0.21250000000000002,0.2833333333333333,0.4104166666666667,16
2220,0.29166666666666663,0.08917056066263625,0.12291666666666667,0.3,0.44166666666666665,16
2221,0.365625,0.09921020577821395,0.20625000000000002,0.38333333333333336,0.55,16
2222,0.2708333333333333,0.08322910148099243,0.15625,0.2833333333333333,0.4416666666666667,16
2223,0.3354166666666667,0.0901147031411757,0.23333333333333334,0.31666666666666665,0.5145833333333333,16
2224,0.24687499999999998,0.0909477013178453,0.10625000000000001,0.2583333333333333,0.3875,16
2225,0.3583333333333334,0.07500000000000001,0.20208333333333334,0.375,0.46458333333333335,16
2226,0.35,0.1059022085594903,0.1875,0.3416666666666667,0.5645833333333333,16
2227,0.32499999999999996,0.06508541396588878,0.19583333333333333,0.3416666666666667,0.42083333333333334,16
2228,0.30937499999999996,0.09241526712195461,0.13125,0.32499999999999996,0.4375,16
2229,0.2833333333333333,0.10474837574980446,0.1125,0.2833333333333333,0.4166666666666667,16
2230,0.31770833333333337,0.07849910429425294,0.21250000000000002,0.31666666666666665,0.475,16
2231,0.2989583333333333,0.11125370624288333,0.15208333333333332,0.29166666666666663,0.53125,16
2232,0.3260416666666667,0.09537367117175356,0.13541666666666666,0.32499999999999996,0.45416666666666666,16
2233,0.24062499999999998,0.09717694878416383,0.09583333333333333,0.225,0.3979166666666667,16
2234,0.29583333333333334,0.09081039465709737,0.16249999999999998,0.3,0.4625,16
2235,0.32499999999999996,0.10590220855949029,0.18958333333333333,0.32499999999999996,0.5208333333333334,16
2236,0.2875,0.08730136183232068,0.15833333333333333,0.2583333333333333,0.4479166666666667,16
2237,0.26979166666666665,0.11949237975471258,0.12291666666666667,0.225,0.5270833333333333,16
2238,0.340625,0.1076853618314847,0.11041666666666666,0.3583333333333333,0.48333333333333334,16
2239,0.234375,0.08217291009072136,0.10625000000000001,0.21666666666666667,0.3958333333333333,16
2240,0.33958333333333335,0.06451609403000842,0.22916666666666669,0.3583333333333333,0.4479166666666667,16
2241,0.23229166666666667,0.12168789055749686,0.08958333333333333,0.18333333333333332,0.4625,16
2242,0.24270833333333333,0.09964672842653245,0.07708333333333334,0.20833333333333334,0.3979166666666667,16
2243,0.2635416666666667,0.08482390869390015,0.1125,0.29166666666666663,0.37083333333333335,16
2244,0.2791666666666667,0.0813300887330964,0.13541666666666666,0.29166666666666663,0.38333333333333336,16
2245,0.3208333333333333,0.10366546087187274,0.13333333333333333,0.32499999999999996,0.47708333333333336,16
2246,0.30833333333333335,0.11195857368787002,0.07083333333333333,0.31666666666666665,0.48125,16
2247,0.31875,0.09787233038788623,0.09791666666666667,0.3416666666666667,0.43333333333333335,16
2248,0.36250000000000004,0.07806247497997999,0.22291666666666668,0.3666666666666667,0.4916666666666667,16
2249,0.321875,0.10403637685124052,0.15833333333333333,0.31666666666666665,0.4979166666666667,16
2250,0.3416666666666667,0.0629152869605896,0.24583333333333335,0.32499999999999996,0.42708333333333337,16
2251,0.271875,0.0668535791238335,0.13958333333333334,0.2833333333333333,0.35,16
2252,0.32395833333333335,0.1096029370931475,0.15625,0.32499999999999996,0.5166666666666667,16
2253,0.2864583333333333,0.09757809372497499,0.13541666666666666,0.26666666666666666,0.42708333333333337,16
2254,0.3447916666666666,0.10716011352436856,0.11458333333333334,0.36666666666666664,0.47708333333333336,16
2255,0.26458333333333334,0.1113170833949379,0.08125,0.2583333333333333,0.45208333333333334,16
2256,0.359375,0.0893589729219549,0.23958333333333334,0.3416666666666667,0.5375000000000001,16
2257,0.29270833333333335,0.10256582405406242,0.10833333333333334,0.30833333333333335,0.46875,16
2258,0.371875,0.09837547649185746,0.17916666666666667,0.3916666666666667,0.5208333333333334,16
2259,0.34479166666666666,0.11677357452922872,0.2,0.32499999999999996,0.5270833333333333,16
2260,0.31562500000000004,0.07323590829565023,0.17291666666666666,0.30833333333333335,0.43125,16
2261,0.28229166666666666,0.09099541159067062,0.09375,0.2833333333333333,0.41875,16
2262,0.31770833333333337,0.06276852039659513,0.19791666666666666,0.32499999999999996,0.4104166666666667,16
2263,0.26979166666666665,0.10478462534328847,0.07083333333333333,0.2833333333333333,0.45208333333333334,16
2264,0.26145833333333335,0.07562672174348606,0.15625,0.25,0.4041666666666667,16
2265,0.2760416666666667,0.10205675674457924,0.12291666666666667,0.25,0.46875,16
2266,0.26041666666666663,0.05888872510459404,0.17291666666666666,0.2583333333333333,0.3770833333333333,16
2267,0.29583333333333334,0.08260094833999589,0.18333333333333332,0.3,0.4729166666666667,16
2268,0.25729166666666664,0.08935897292195488,0.08333333333333333,0.2833333333333333,0.375,16
2269,0.259375,0.0885784237429058,0.13333333333333333,0.26666666666666666,0.3875,16
2270,0.18854166666666666,0.07493486755176124,0.08333333333333333,0.175,0.32708333333333334,16
2271,0.321875,0.10184389436507446,0.1125,0.3416666666666667,0.43333333333333335,16
2272,0.32708333333333334,0.11193918860008074,0.08333333333333334,0.35,0.4875,16
2273,0.3260416666666667,0.0893589729219549,0.18333333333333332,0.31666666666666665,0.49583333333333335,16
2274,0.390625,0.11023471643875778,0.25625,0.38333333333333336,0.625,16
2275,0.3416666666666667,0.12076147288491199,0.11041666666666666,0.375,0.48333333333333334,16
2276,0.28541666666666665,0.10863339853736409,0.09583333333333333,0.29166666666666663,0.4979166666666667,16
2277,0.35625,0.08162307510066556,0.23958333333333334,0.3583333333333333,0.4916666666666667,16
2278,0.30833333333333335,0.0726483157256779,0.22291666666666668,0.2833333333333333,0.45,16
2279,0.29166666666666663,0.10622957319984969,0.1125,0.275,0.47708333333333336,16
2280,0.3052083333333333,0.08654614015078893,0.15,0.3,0.45416666666666666,16
2281,0.21249999999999997,0.09418878796214429,0.09583333333333333,0.19166666666666665,0.4270833333333333,16
2282,0.26458333333333334,0.0761201079435213,0.13125,0.25,0.39375000000000004,16
2283,0.32708333333333334,0.11530078418351428,0.14583333333333331,0.3,0.53125,16
2284,0.346875,0.09208592567995032,0.20833333333333331,0.3416666666666667,0.5416666666666666,16
2285,0.26249999999999996,0.10248644896874036,0.125,0.24166666666666667,0.4479166666666667,16
2286,0.33854166666666674,0.13381666952090338,0.056249999999999994,0.35833333333333334,0.5270833333333333,16
2287,0.3052083333333333,0.07014834232222138,0.16875,0.32499999999999996,0.4,16
2288,0.296875,0.08604317997054993,0.11875,0.3333333333333333,0.39375000000000004,16
2289,0.24375000000000002,0.10015179451434929,0.07916666666666666,0.25,0.39375000000000004,16
2290,0.2885416666666667,0.09123358870686461,0.13958333333333334,0.29166666666666663,0.4104166666666667,16
2291,0.33229166666666665,0.13887803777055607,0.1125,0.32499999999999996,0.5625,16
2292,0.26875000000000004,0.07450647809269861,0.15625,0.2583333333333333,0.3979166666666667,16
2293,0.3302083333333333,0.08190839013800724,0.17083333333333334,0.3583333333333333,0.45208333333333334,16
2294,0.328125,0.09907887395347653,0.14791666666666667,0.32499999999999996,0.48125,16
2295,0.33229166666666665,0.0767093970594361,0.18958333333333333,0.3333333333333333,0.4604166666666667,16
2296,0.25416666666666665,0.10921118685067631,0.07916666666666666,0.2833333333333333,0.42083333333333334,16
2297,0.32499999999999996,0.07614861201040445,0.21250000000000002,0.3333333333333333,0.46666666666666673,16
2298,0.3375,0.11539485353438526,0.175,0.30833333333333335,0.5708333333333334,16
2299,0.26979166666666665,0.09395232796772816,0.11875,0.26666666666666666,0.4375,16
2300,0.31562499999999993,0.07204087140490305,0.22291666666666668,0.31666666666666665,0.4666666666666667,16
2301,0.23958333333333331,0.06260408000548633,0.13541666666666666,0.2583333333333333,0.35,16
2302,0.3041666666666667,0.10952866190079097,0.1125,0.32499999999999996,0.475,16
2303,0.2791666666666667,0.10984521938720057,0.07916666666666666,0.29166666666666663,0.4375,16
2304,0.265625,0.08906706859627375,0.12291666666666667,0.26666666666666666,0.39375000000000004,16
2305,0.334375,0.07783278684676101,0.21250000000000002,0.32499999999999996,0.47708333333333336,16
2306,0.29375,0.08816709987291177,0.125,0.3,0.43125,16
2307,0.2989583333333333,0.09061302602888346,0.12708333333333333,0.3,0.4,16
2308,0.2958333333333334,0.0649519052838329,0.21666666666666667,0.2833333333333333,0.42083333333333334,16
2309,0.29791666666666666,0.11649913566679847,0.09999999999999999,0.3,0.5125000000000001,16
2310,0.3416666666666667,0.08518770125108698,0.18958333333333333,0.35,0.47708333333333336,16
2311,0.29166666666666663,0.09464847243000456,0.13541666666666666,0.30833333333333335,0.45833333333333337,16
2312,0.309375,0.07727313344738763,0.15,0.31666666666666665,0.4,16
2313,0.3125,0.12479149276559948,0.13333333333333333,0.30833333333333335,0.5354166666666667,16
2314,0.2583333333333333,0.12104865871944959,0.029166666666666667,0.26666666666666666,0.45416666666666666,16
2315,0.27708333333333335,0.07237896985850086,0.15625,0.30833333333333335,0.35,16
2316,0.29270833333333335,0.09824302880272642,0.14583333333333331,0.30833333333333335,0.4895833333333333,16
2317,0.32708333333333334,0.0982264602843857,0.15208333333333332,0.32499999999999996,0.48125,16
2318,0.3489583333333333,0.11015594217845093,0.16249999999999998,0.32499999999999996,0.5520833333333334,16
2319,0.3020833333333333,0.11301963325015701,0.056249999999999994,0.31666666666666665,0.4604166666666667,16
2320,0.38958333333333334,0.09370369226687092,0.20833333333333331,0.4166666666666667,0.5416666666666666,16
2321,0.3125,0.11000315652036738,0.12291666666666667,0.3333333333333333,0.4854166666666667,16
2322,0.3541666666666667,0.07671646933134155,0.225,0.3416666666666667,0.4875,16
2323,0.34479166666666666,0.09731084750256092,0.175,0.3416666666666667,0.5083333333333333,16
2324,0.33333333333333337,0.0955612078431643,0.16875,0.35,0.5208333333333334,16
2325,0.30208333333333337,0.10221080476696733,0.11041666666666666,0.2833333333333333,0.47708333333333336,16
2326,0.32916666666666666,0.08650224788344456,0.16458333333333333,0.32499999999999996,0.45833333333333337,16
2327,0.2729166666666667,0.11575161985907584,0.07291666666666666,0.275,0.45833333333333337,16
2328,0.38125,0.09183223683555912,0.15416666666666667,0.38333333333333336,0.4875,16
2329,0.32916666666666666,0.14379528272281164,0.07916666666666666,0.3333333333333333,0.5979166666666667,16
2330,0.32708333333333334,0.12146029872623673,0.09375,0.3,0.5208333333333334,16
2331,0.21458333333333332,0.10750888206200557,0.05625,0.21666666666666667,0.44583333333333336,16
2332,0.215625,0.07602739592117802,0.07083333333333333,0.21666666666666667,0.33125,16
2333,0.32395833333333335,0.08057276516361538,0.22291666666666668,0.29166666666666663,0.4604166666666667,16
2334,0.446875,0.08543571941979408,0.2875,0.43333333333333335,0.55,16
2335,0.23229166666666665,0.09022901995293237,0.06666666666666667,0.225,0.36458333333333337,16
2336,0.3604166666666666,0.07092518554395501,0.25625,0.3583333333333333,0.4666666666666667,16
2337,0.28645833333333337,0.08624471602171734,0.14583333333333331,0.29166666666666663,0.44166666666666665,16
2338,0.34375,0.09608210464666837,0.20625000000000002,0.3333333333333333,0.49375,16
2339,0.1802083333333333,0.07597028613214511,0.02291666666666666,0.18333333333333332,0.29375,16
2340,0.38020833333333337,0.09578236869475394,0.25,0.3833333333333333,0.5437500000000001,16
2341,0.2916666666666667,0.08917056066263625,0.16249999999999998,0.3,0.45208333333333334,16
2342,0.22291666666666665,0.08914622039722779,0.12291666666666667,0.18333333333333332,0.42083333333333334,16
2343,0.34270833333333334,0.10606090198822353,0.21666666666666667,0.3333333333333333,0.56875,16
2344,0.3395833333333333,0.07770023416238132,0.23333333333333334,0.31666666666666665,0.4875,16
2345,0.365625,0.09528261143391625,0.21666666666666667,0.35,0.5104166666666667,16
2346,0.2885416666666667,0.11191495251851838,0.14166666666666666,0.26666666666666666,0.5104166666666667,16
2347,0.278125,0.09199161155900153,0.15625,0.2583333333333333,0.44375000000000003,16
2348,0.39479166666666665,0.08674650769467451,0.21458333333333332,0.4166666666666667,0.53125,16
2349,0.3125,0.07557648811340441,0.17916666666666667,0.31666666666666665,0.4479166666666667,16
2350,0.2802083333333334,0.11353210968953038,0.08958333333333333,0.2833333333333333,0.45,16
2351,0.2833333333333333,0.09753916592266354,0.14583333333333331,0.25,0.43333333333333335,16
2352,0.32395833333333335,0.07970622056792194,0.15625,0.32499999999999996,0.45625,16
2353,0.275,0.1015504800579495,0.07291666666666666,0.29166666666666663,0.4104166666666667,16
2354,0.3,0.10897247358851685,0.13125,0.2583333333333333,0.4854166666666667,16
2355,0.3229166666666667,0.11469691340417336,0.13958333333333334,0.3333333333333333,0.5145833333333333,16
2356,0.3177083333333333,0.09780024106707395,0.1,0.3416666666666667,0.4375,16
2357,0.3260416666666667,0.08332682266233364,0.2,0.35,0.4375,16
2358,0.23125,0.0920210951056574,0.020833333333333332,0.24166666666666667,0.36458333333333337,16
2359,0.24999999999999997,0.07993052538854532,0.12916666666666665,0.275,0.37916666666666665,16
2360,0.275,0.09185586535436917,0.07291666666666666,0.3,0.3875,16
2361,0.27083333333333337,0.10937003957005573,0.09166666666666667,0.26666666666666666,0.4895833333333333,16
2362,0.26249999999999996,0.08260094833999587,0.10833333333333334,0.275,0.3875,16
2363,0.26666666666666666,0.09753916592266355,0.06666666666666667,0.30833333333333335,0.38333333333333336,16
2364,0.3375,0.11311559967081858,0.18958333333333333,0.32499999999999996,0.5645833333333333,16
2365,0.28229166666666666,0.05847267583619244,0.20625000000000002,0.2833333333333333,0.3979166666666667,16
2366,0.334375,0.08926177754535003,0.15833333333333333,0.3416666666666667,0.46875,16
2367,0.3333333333333333,0.0726483157256779,0.22291666666666668,0.3333333333333333,0.45,16
2368,0.2833333333333333,0.09700372272352348,0.09791666666666667,0.30833333333333335,0.4354166666666667,16
2369,0.21354166666666666,0.09560094105475928,0.08958333333333333,0.19166666666666665,0.4041666666666667,16
2370,0.30937499999999996,0.11725576715264609,0.12083333333333332,0.31666666666666665,0.5208333333333334,16
2371,0.28229166666666666,0.10760472127962911,0.14583333333333331,0.26666666666666666,0.5229166666666667,16
2372,0.2885416666666667,0.08852941091649838,0.16249999999999998,0.29166666666666663,0.43333333333333335,16
2373,0.2947916666666667,0.10252349832274227,0.125,0.30833333333333335,0.49375,16
2374,0.29583333333333334,0.0744190462478823,0.16666666666666666,0.31666666666666665,0.39375000000000004,16
2375,0.30000000000000004,0.11887785514739256,0.08541666666666667,0.3333333333333333,0.45833333333333337,16
2376,0.30729166666666663,0.1092856778127857,0.16249999999999998,0.2833333333333333,0.5020833333333333,16
2377,0.28229166666666666,0.07981505314371051,0.13958333333333334,0.2833333333333333,0.42500000000000004,16
2378,0.3302083333333333,0.05898997972819905,0.25,0.31666666666666665,0.4375,16
2379,0.2979166666666667,0.07043392293490403,0.19166666666666665,0.2833333333333333,0.42708333333333337,16
2380,0.3375,0.09232716585900141,0.15625,0.375,0.45833333333333337,16
2381,0.23645833333333333,0.08523227047636098,0.08125,0.26666666666666666,0.34791666666666665,16
2382,0.32708333333333334,0.09164298936634488,0.15625,0.3333333333333333,0.46458333333333335,16
2383,0.259375,0.09681898021852715,0.1,0.26666666666666666,0.4083333333333333,16
2384,0.42708333333333337,0.06260408000548634,0.32291666666666663,0.42500000000000004,0.5270833333333333,16
2385,0.309375,0.06946440685303838,0.20625000000000002,0.30833333333333335,0.4104166666666667,16
2386,0.29270833333333335,0.12018052826893383,0.11666666666666667,0.275,0.51875,16
2387,0.2895833333333333,0.07990337046152128,0.17291666666666666,0.2833333333333333,0.45208333333333334,16
2388,0.24687499999999996,0.09075660941649251,0.08541666666666667,0.24166666666666667,0.36041666666666666,16
2389,0.34895833333333337,0.1225409157859801,0.10416666666666666,0.375,0.5,16
2390,0.33958333333333335,0.10169996039549103,0.17291666666666666,0.3333333333333333,0.5083333333333333,16
2391,0.31145833333333334,0.10235402037101969,0.16249999999999998,0.30833333333333335,0.51875,16
2392,0.25,0.10051948401512349,0.08333333333333333,0.2583333333333333,0.42083333333333334,16
2393,0.30833333333333335,0.10172129679778086,0.125,0.32499999999999996,0.4604166666666667,16
2394,0.2645833333333333,0.09769478406411128,0.12291666666666667,0.275,0.4583333333333333,16
2395,0.32395833333333335,0.09427514953286706,0.16458333333333333,0.31666666666666665,0.5020833333333333,16
2396,0.3104166666666667,0.04818763960925157,0.23958333333333334,0.31666666666666665,0.3875,16
2397,0.23854166666666668,0.11082373861978609,0.06666666666666667,0.25,0.44166666666666665,16
2398,0.253125,0.08400122973636887,0.1125,0.26666666666666666,0.4,16
2399,0.27083333333333337,0.10146496384904934,0.11666666666666667,0.25,0.4666666666666667,16
2400,0.41770833333333335,0.10128835864610612,0.20625000000000002,0.43333333333333335,0.575,16
2401,0.2864583333333333,0.08441357143058613,0.14583333333333331,0.2833333333333333,0.42083333333333334,16
2402,0.35416666666666663,0.07938566201357355,0.21666666666666667,0.35,0.5104166666666667,16
2403,0.3614583333333333,0.10683560027496036,0.23333333333333334,0.375,0.5666666666666667,16
2404,0.28541666666666665,0.09126331714087296,0.14583333333333331,0.275,0.4708333333333333,16
2405,0.32499999999999996,0.08579691784155835,0.16458333333333333,0.3333333333333333,0.4375,16
2406,0.2708333333333333,0.08630131323836658,0.15,0.26666666666666666,0.4041666666666667,16
2407,0.2947916666666667,0.07137507297135791,0.17916666666666667,0.3,0.3875,16
2408,0.31875,0.11885959854663261,0.07916666666666666,0.32499999999999996,0.48333333333333334,16
2409,0.31979166666666664,0.08684651811289462,0.16249999999999998,0.32499999999999996,0.43333333333333335,16
2410,0.3385416666666667,0.09199161155900153,0.18541666666666667,0.35,0.47708333333333336,16
2411,0.296875,0.09056511431315899,0.13333333333333333,0.31666666666666665,0.4104166666666667,16
2412,0.3229166666666667,0.07990337046152128,0.175,0.3333333333333333,0.42708333333333337,16
2413,0.3364583333333333,0.09969027556219648,0.19583333333333333,0.31666666666666665,0.5375000000000001,16
2414,0.2635416666666667,0.1155029385749317,0.12291666666666667,0.23333333333333334,0.49375,16
2415,0.321875,0.09496321473485288,0.125,0.31666666666666665,0.45416666666666666,16
2416,0.365625,0.1000813471215624,0.16041666666666665,0.3916666666666667,0.4875,16
2417,0.37187499999999996,0.07766531427649453,0.24166666666666667,0.3583333333333333,0.5229166666666667,16
2418,0.4197916666666667,0.11520192869479227,0.22916666666666669,0.42500000000000004,0.6041666666666667,16
2419,0.4041666666666667,0.09474014167418396,0.27291666666666664,0.38333333333333336,0.5708333333333334,16
2420,0.2979166666666666,0.0901147031411757,0.09375,0.31666666666666665,0.4104166666666667,16
2421,0.33958333333333335,0.09928127131203214,0.17291666666666666,0.3333333333333333,0.48333333333333334,16
2422,0.35625,0.07473912964438374,0.21250000000000002,0.3583333333333333,0.4666666666666667,16
2423,0.340625,0.08558798875686031,0.21875,0.32499999999999996,0.5375000000000001,16
2424,0.3927083333333333,0.10944442241257535,0.21041666666666664,0.375,0.6041666666666667,16
2425,0.33749999999999997,0.08302024518821366,0.22291666666666668,0.32499999999999996,0.5062500000000001,16
2426,0.26979166666666665,0.08724541336240993,0.13958333333333334,0.2583333333333333,0.41875,16
2427,0.41041666666666665,0.0742730977915662,0.2604166666666667,0.42500000000000004,0.5041666666666667,16
2428,0.27291666666666664,0.06397563555326703,0.16875,0.275,0.3770833333333333,16
2429,0.30416666666666664,0.09474014167418394,0.12916666666666665,0.3,0.4604166666666667,16
2430,0.3145833333333333,0.0920210951056574,0.15833333333333333,0.3333333333333333,0.48333333333333334,16
2431,0.39583333333333337,0.14111411851563416,0.09375,0.43333333333333335,0.5958333333333333,16
2432,0.309375,0.07614148699406038,0.16875,0.31666666666666665,0.43125,16
2433,0.221875,0.09066091242463131,0.07291666666666666,0.225,0.37083333333333335,16
2434,0.428125,0.09748909305090951,0.25,0.44166666666666665,0.5708333333333334,16
2435,0.36041666666666666,0.06584783595532963,0.23541666666666666,0.36666666666666664,0.4791666666666667,16
2436,0.32708333333333334,0.07657489978953795,0.18541666666666667,0.32499999999999996,0.48125,16
2437,0.4,0.07500000000000001,0.26875,0.4083333333333333,0.5,16
2438,0.3833333333333333,0.10704360482220941,0.20208333333333334,0.4,0.5541666666666667,16
2439,0.3520833333333333,0.06663410663216449,0.23333333333333334,0.35,0.46458333333333335,16
2440,0.303125,0.0952370489153833,0.13958333333333334,0.31666666666666665,0.45833333333333337,16
2441,0.37187499999999996,0.07539680907998988,0.23541666666666666,0.3666666666666667,0.48333333333333334,16
2442,0.3572916666666667,0.09609904287591355,0.20208333333333334,0.3583333333333333,0.5395833333333333,16
2443,0.3145833333333333,0.1011865370381741,0.15833333333333333,0.30833333333333335,0.47708333333333336,16
2444,0.3208333333333333,0.07648983229452423,0.17916666666666667,0.35,0.4375,16
2445,0.3020833333333333,0.07814583055629604,0.17291666666666666,0.3416666666666667,0.39375000000000004,16
2446,0.36354166666666665,0.07597028613214511,0.24583333333333335,0.35,0.49375,16
2447,0.303125,0.0979332875964268,0.08541666666666667,0.32499999999999996,0.4375,16
2448,0.2,0.07144345083117602,0.08958333333333333,0.2,0.32499999999999996,16
2449,0.3833333333333333,0.09519716382329887,0.23958333333333334,0.4166666666666667,0.5375000000000001,16
2450,0.25312500000000004,0.09881568666236934,0.08541666666666667,0.2583333333333333,0.4166666666666667,16
2451,0.31875,0.07141306875417755,0.20208333333333334,0.31666666666666665,0.42708333333333337,16
2452,0.39583333333333337,0.09157192073264964,0.27291666666666664,0.3666666666666667,0.5541666666666667,16
2453,0.328125,0.08931038845571725,0.16458333333333333,0.36666666666666664,0.44375000000000003,16
2454,0.33854166666666663,0.0989034935766511,0.16875,0.32499999999999996,0.5416666666666666,16
2455,0.31875000000000003,0.08330728759638419,0.19583333333333333,0.3333333333333333,0.44166666666666665,16
2456,0.2989583333333333,0.09473441494515075,0.11666666666666667,0.29166666666666663,0.45,16
2457,0.3927083333333333,0.0879884679154667,0.25,0.4,0.5270833333333333,16
2458,0.33958333333333335,0.0975169144872371,0.14791666666666667,0.3666666666666667,0.45,16
2459,0.3364583333333333,0.08212007426459272,0.21875,0.3333333333333333,0.5104166666666667,16
2460,0.33229166666666665,0.05415664971481649,0.23958333333333334,0.32499999999999996,0.44166666666666665,16
2461,0.3229166666666667,0.10372824403753837,0.11875,0.3416666666666667,0.44375000000000003,16
2462,0.375,0.10785149254620655,0.23333333333333334,0.3666666666666667,0.5583333333333333,16
2463,0.3885416666666667,0.07811110987632369,0.2520833333333333,0.3833333333333333,0.5,16
2464,0.26249999999999996,0.07960405489392833,0.08541666666666667,0.275,0.36041666666666666,16
2465,0.3125,0.11016086722001904,0.13125,0.29166666666666663,0.5145833333333333,16
2466,0.29583333333333334,0.10026007846263303,0.14583333333333331,0.275,0.48333333333333334,16
2467,0.303125,0.08400122973636888,0.14583333333333331,0.30833333333333335,0.45416666666666666,16
2468,0.35,0.08079466429027216,0.23541666666666666,0.3333333333333333,0.5208333333333334,16
2469,0.415625,0.08689648015822557,0.2583333333333333,0.4166666666666667,0.5541666666666667,16
2470,0.40937500000000004,0.07094813001607427,0.28125,0.4,0.5104166666666667,16
2471,0.31875,0.09049919428738946,0.12916666666666665,0.3333333333333333,0.44375000000000003,16
2472,0.3041666666666667,0.12506942516503028,0.0875,0.2833333333333333,0.55625,16
2473,0.3385416666666667,0.09274343904617248,0.21666666666666667,0.3416666666666667,0.49375,16
2474,0.2666666666666666,0.09391189724653871,0.13333333333333333,0.26666666666666666,0.43125,16
2475,0.29791666666666666,0.08372304707254218,0.14583333333333331,0.30833333333333335,0.4166666666666667,16
2476,0.296875,0.06672360849471164,0.16666666666666666,0.31666666666666665,0.4083333333333333,16
2477,0.36041666666666666,0.11797995945639808,0.17291666666666666,0.3666666666666667,0.5437500000000001,16
2478,0.3520833333333333,0.08183549725584315,0.20208333333333334,0.3583333333333333,0.4875,16
2479,0.32395833333333335,0.12415950063213942,0.17291666666666666,0.31666666666666665,0.5583333333333333,16
2480,0.28020833333333334,0.0979332875964268,0.1375,0.26666666666666666,0.48125,16
2481,0.26979166666666665,0.0890183248144885,0.09166666666666667,0.275,0.4083333333333333,16
2482,0.3510416666666667,0.06547602137424051,0.26666666666666666,0.3416666666666667,0.4666666666666667,16
2483,0.28125,0.08055256220492168,0.15625,0.2833333333333333,0.42916666666666664,16
2484,0.31875,0.09030715334038852,0.18958333333333333,0.30833333333333335,0.4604166666666667,16
2485,0.43125,0.09030715334038852,0.26666666666666666,0.43333333333333335,0.5854166666666667,16
2486,0.30833333333333335,0.11071108546322019,0.12916666666666665,0.3,0.5,16
2487,0.30937499999999996,0.11931062836841765,0.08541666666666667,0.3333333333333333,0.5208333333333334,16
2488,0.346875,0.0672419837229688,0.25,0.3416666666666667,0.4604166666666667,16
2489,0.36770833333333336,0.07533922128538952,0.21666666666666667,0.36666666666666664,0.49375,16
2490,0.2739583333333333,0.12555000525465718,0.02708333333333333,0.275,0.44375000000000003,16
2491,0.29791666666666666,0.07067998105703072,0.18958333333333333,0.3,0.41458333333333336,16
2492,0.4041666666666667,0.08133008873309641,0.29583333333333334,0.4,0.55,16
2493,0.32291666666666663,0.0994559855190001,0.15208333333333332,0.3583333333333333,0.4604166666666667,16
2494,0.30833333333333335,0.07795119555779045,0.20208333333333334,0.29166666666666663,0.4791666666666667,16
2495,0.328125,0.09532815217564128,0.18958333333333333,0.3333333333333333,0.5020833333333333,16
2496,0.39166666666666666,0.12651855375574148,0.21458333333333332,0.35,0.6645833333333333,16
2497,0.26458333333333334,0.09183223683555912,0.08125,0.26666666666666666,0.4,16
2498,0.32395833333333335,0.12359891871830163,0.15625,0.325,0.5229166666666667,16
2499,0.3583333333333333,0.08720187306856814,0.23958333333333334,0.35,0.4875,16
2500,0.39791666666666664,0.08372304707254218,0.22916666666666669,0.4,0.5270833333333333,16
2501,0.365625,0.0695892587297462,0.26666666666666666,0.36666666666666664,0.48333333333333334,16
2502,0.2875,0.10582020916000245,0.05625,0.3,0.43125,16
2503,0.27812499999999996,0.11314916868894796,0.03958333333333333,0.3,0.4104166666666667,16
2504,0.29270833333333335,0.1281504039855773,0.04375,0.3,0.4875,16
2505,0.42291666666666666,0.10101481602000548,0.22291666666666668,0.45,0.5541666666666667,16
2506,0.33749999999999997,0.14246100831065633,0.07500000000000001,0.32499999999999996,0.5875,16
2507,0.22604166666666667,0.08332682266233364,0.10625000000000001,0.20833333333333334,0.36041666666666666,16
2508,0.32708333333333334,0.10152910775842672,0.19583333333333333,0.3,0.5270833333333333,16
2509,0.27812499999999996,0.12784522299118833,-0.002083333333333333,0.31666666666666665,0.42083333333333334,16
2510,0.34687500000000004,0.12021663749479751,0.19583333333333333,0.31666666666666665,0.5875,16
2511,0.34062500000000007,0.1471923285950128,0.11666666666666667,0.3666666666666667,0.6125,16
2512,0.36875,0.10322490951531246,0.25,0.35833333333333334,0.5604166666666667,16
2513,0.3625,0.08426561840065286,0.20833333333333331,0.375,0.49375,16
2514,0.35520833333333335,0.07258107296518686,0.225,0.35,0.45,16
2515,0.46562499999999996,0.08984337258374835,0.3395833333333333,0.48333333333333334,0.6104166666666667,16
2516,0.3416666666666667,0.09646530752325189,0.16875,0.35,0.5083333333333333,16
2517,0.32708333333333334,0.09314620377545066,0.16666666666666666,0.35,0.45416666666666666,16
2518,0.34479166666666666,0.14798633922501842,0.09166666666666667,0.3583333333333333,0.5479166666666667,16
2519,0.34270833333333334,0.1393148848931003,0.17291666666666666,0.32499999999999996,0.6229166666666667,16
2520,0.325,0.09700372272352346,0.175,0.32499999999999996,0.5041666666666667,16
2521,0.35,0.09895285072531598,0.2,0.3333333333333333,0.48333333333333334,16
2522,0.29375,0.11797995945639808,0.09375,0.26666666666666666,0.4979166666666667,16
2523,0.2947916666666667,0.09459686944256313,0.1125,0.30833333333333335,0.4354166666666667,16
2524,0.30625,0.07634784250753623,0.14791666666666667,0.3333333333333333,0.38333333333333336,16
2525,0.365625,0.09868382979946051,0.15625,0.375,0.4979166666666667,16
2526,0.26875,0.11469691340417337,0.08333333333333333,0.2833333333333333,0.43125,16
2527,0.3197916666666667,0.07411954261341756,0.20208333333333334,0.32499999999999996,0.4375,16
2528,0.3510416666666667,0.09850774609982033,0.22916666666666669,0.31666666666666665,0.5437500000000001,16
2529,0.3,0.06718548123582124,0.18333333333333332,0.30833333333333335,0.4041666666666667,16
2530,0.284375,0.09654963281764578,0.14166666666666666,0.2583333333333333,0.45416666666666666,16
2531,0.37083333333333335,0.09100137361600649,0.23958333333333334,0.3666666666666667,0.5666666666666667,16
2532,0.4083333333333333,0.09316949906249124,0.2520833333333333,0.4083333333333333,0.5604166666666667,16
2533,0.35312499999999997,0.07173900177030622,0.25,0.36666666666666664,0.5020833333333333,16
2534,0.29583333333333334,0.08569568250501305,0.17916666666666667,0.30833333333333335,0.42708333333333337,16
2535,0.31979166666666664,0.08379429798619951,0.18541666666666667,0.32499999999999996,0.4666666666666667,16
2536,0.396875,0.07173900177030623,0.2895833333333333,0.3916666666666667,0.5395833333333333,16
2537,0.31875,0.06584783595532961,0.18958333333333333,0.3333333333333333,0.4104166666666667,16
2538,0.38645833333333335,0.08664638184085421,0.3,0.36666666666666664,0.5770833333333333,16
2539,0.29270833333333335,0.12485668868079648,0.09166666666666667,0.3,0.5354166666666667,16
2540,0.34270833333333334,0.08818555838873696,0.17291666666666666,0.375,0.43333333333333335,16
2541,0.36979166666666663,0.08921314014762624,0.22916666666666669,0.3916666666666667,0.5104166666666667,16
2542,0.234375,0.09080442009248962,0.06875,0.24166666666666667,0.42083333333333334,16
2543,0.37187499999999996,0.11066697257738844,0.18333333333333332,0.4083333333333333,0.5375000000000001,16
2544,0.3677083333333333,0.140987187902936,0.11875000000000001,0.35,0.6104166666666667,16
2545,0.3833333333333333,0.08395600699837452,0.25625,0.3583333333333333,0.5416666666666666,16
2546,0.3364583333333333,0.10577405656240413,0.14791666666666667,0.36666666666666664,0.5041666666666667,16
2547,0.3895833333333334,0.09314620377545066,0.22916666666666669,0.4166666666666667,0.5458333333333334,16
2548,0.35833333333333334,0.0868027777333319,0.20625000000000002,0.36666666666666664,0.4875,16
2549,0.33125,0.09049919428738946,0.16249999999999998,0.30833333333333335,0.4666666666666667,16
2550,0.3927083333333333,0.06743534712349798,0.2895833333333333,0.4,0.49375,16
2551,0.271875,0.10184389436507446,0.15,0.24166666666666667,0.47708333333333336,16
2552,0.30729166666666663,0.09297713839374112,0.16249999999999998,0.31666666666666665,0.4479166666666667,16
2553,0.30416666666666664,0.09673488971869916,0.15416666666666667,0.275,0.47708333333333336,16
2554,0.31562500000000004,0.1114096466873493,0.13125,0.31666666666666665,0.4916666666666667,16
2555,0.390625,0.10441117137707695,0.2,0.3916666666666667,0.5416666666666666,16
2556,0.30937499999999996,0.08456768122831165,0.13958333333333334,0.32499999999999996,0.4166666666666667,16
2557,0.42083333333333334,0.08887803753208975,0.24583333333333335,0.43333333333333335,0.5333333333333333,16
2558,0.35000000000000003,0.07021791477646966,0.27291666666666664,0.3333333333333333,0.5104166666666666,16
2559,0.35520833333333335,0.10047089649080806,0.20625000000000002,0.3583333333333333,0.5458333333333334,16
2560,0.33854166666666663,0.10029795022553774,0.19374999999999998,0.30833333333333335,0.5291666666666667,16
2561,0.34687500000000004,0.09037321344476656,0.19583333333333333,0.3333333333333333,0.5333333333333333,16
2562,0.2729166666666667,0.11069148190654358,0.15625,0.24166666666666667,0.5145833333333334,16
2563,0.38541666666666663,0.09388878616036458,0.17916666666666667,0.4083333333333333,0.5104166666666667,16
2564,0.35624999999999996,0.12203070538006228,0.13958333333333334,0.3583333333333333,0.5270833333333333,16
2565,0.3541666666666667,0.11674104771768251,0.19583333333333333,0.3416666666666667,0.5708333333333334,16
2566,0.30833333333333335,0.08079466429027216,0.175,0.29166666666666663,0.45833333333333337,16
2567,0.2947916666666667,0.1266171435535752,0.04375,0.29166666666666663,0.4604166666666667,16
2568,0.3520833333333333,0.10135796712641784,0.22916666666666669,0.31666666666666665,0.56875,16
2569,0.38541666666666663,0.13318676840353844,0.21875,0.32499999999999996,0.6145833333333334,16
2570,0.33125000000000004,0.06792433494542129,0.22291666666666668,0.3333333333333333,0.44375000000000003,16
2571,0.3,0.06718548123582124,0.16458333333333333,0.30833333333333335,0.4083333333333333,16
2572,0.3875,0.07783975705112252,0.21875,0.4083333333333333,0.48125,16
2573,0.36979166666666663,0.08664638184085421,0.19166666666666665,0.38333333333333336,0.5145833333333333,16
2574,0.4,0.08975274678557507,0.24583333333333335,0.4,0.5625,16
2575,0.38645833333333335,0.07388494010960556,0.26666666666666666,0.38333333333333336,0.5208333333333334,16
2576,0.3302083333333333,0.115803166035687,0.08541666666666667,0.3583333333333333,0.4875,16
2577,0.428125,0.10184389436507446,0.2520833333333333,0.43333333333333335,0.5875,16
2578,0.36458333333333337,0.092772683659218,0.24583333333333335,0.3583333333333333,0.55,16
2579,0.375,0.07453559924999299,0.26666666666666666,0.375,0.49375,16
2580,0.30208333333333337,0.07946762967816938,0.16249999999999998,0.3333333333333333,0.4,16
2581,0.3885416666666667,0.09677414104501265,0.26666666666666666,0.3666666666666667,0.5104166666666667,16
2582,0.34062499999999996,0.07021018790824528,0.22916666666666669,0.3416666666666667,0.45833333333333337,16
2583,0.353125,0.08979505020693883,0.23333333333333334,0.3583333333333333,0.5354166666666667,16
2584,0.3447916666666667,0.06554227590308073,0.25625,0.3333333333333333,0.46458333333333335,16
2585,0.35520833333333335,0.10184389436507446,0.15416666666666667,0.375,0.5,16
2586,0.3697916666666667,0.13478619257302782,0.16458333333333333,0.375,0.5333333333333333,16
2587,0.3583333333333333,0.062360956446232366,0.24791666666666667,0.3666666666666667,0.4604166666666667,16
2588,0.309375,0.11318752109024897,0.08541666666666667,0.2833333333333333,0.46458333333333335,16
2589,0.3885416666666667,0.08285670989726784,0.24583333333333335,0.3916666666666667,0.5375000000000001,16
2590,0.2885416666666667,0.09496321473485288,0.14583333333333331,0.275,0.46875,16
2591,0.35625,0.11037735149124672,0.17291666666666666,0.35,0.55,16
2592,0.3614583333333333,0.13407589450050714,0.11041666666666666,0.36666666666666664,0.6000000000000001,16
2593,0.33958333333333335,0.10204080746882048,0.19583333333333333,0.31666666666666665,0.5479166666666667,16
2594,0.3916666666666666,0.0731247032282677,0.27291666666666664,0.38333333333333336,0.5,16
2595,0.33229166666666665,0.09564633022814369,0.13541666666666669,0.3416666666666667,0.47708333333333336,16
2596,0.41354166666666664,0.06073014936311837,0.31875,0.4,0.5208333333333334,16
2597,0.35,0.07406828681096324,0.21666666666666667,0.3416666666666667,0.4708333333333333,16
2598,0.38125,0.08757437315409876,0.20625000000000002,0.4166666666666667,0.47708333333333336,16
2599,0.3510416666666667,0.10792692197089246,0.17291666666666666,0.3666666666666667,0.5208333333333334,16
2600,0.3510416666666667,0.10332472242347855,0.15625,0.38333333333333336,0.47708333333333336,16
2601,0.3458333333333333,0.09619496983845999,0.16249999999999998,0.35,0.4979166666666667,16
2602,0.3375,0.10499669306961794,0.13125,0.3333333333333333,0.49375,16
2603,0.375,0.10960788698304923,0.20625000000000002,0.375,0.5375000000000001,16
2604,0.36770833333333336,0.1253424129579095,0.12083333333333332,0.4,0.5270833333333333,16
2605,0.378125,0.09532815217564129,0.1875,0.3916666666666667,0.5145833333333333,16
2606,0.38020833333333337,0.08358685394712363,0.2,0.4,0.49375,16
2607,0.3333333333333333,0.09446486707295529,0.18541666666666667,0.31666666666666665,0.5125000000000001,16
2608,0.2927083333333333,0.07311728354348086,0.15833333333333333,0.2833333333333333,0.41458333333333336,16
2609,0.3041666666666667,0.05416666666666666,0.23333333333333334,0.29166666666666663,0.41458333333333336,16
2610,0.2875,0.0813300887330964,0.13125,0.29166666666666663,0.41875,16
2611,0.2739583333333333,0.0623522559290716,0.15625,0.275,0.36458333333333337,16
2612,0.2875,0.0755764881134044,0.16249999999999998,0.29166666666666663,0.4104166666666667,16
2613,0.3875,0.11342214657346834,0.21250000000000002,0.375,0.5645833333333333,16
2614,0.39375,0.11856711062610165,0.16666666666666669,0.3916666666666667,0.5770833333333334,16
2615,0.29270833333333335,0.1364185692699739,0.02500000000000001,0.275,0.48333333333333334,16
2616,0.2895833333333333,0.08757437315409876,0.16249999999999998,0.3,0.45208333333333334,16
2617,0.20729166666666668,0.07476090360832548,0.05416666666666667,0.23333333333333334,0.29375,16
2618,0.271875,0.07113141935491267,0.15208333333333332,0.2833333333333333,0.39375000000000004,16
2619,0.3104166666666667,0.1015291077584267,0.125,0.30833333333333335,0.475,16
2620,0.371875,0.1380316426584861,0.1125,0.3833333333333333,0.59375,16
2621,0.4041666666666667,0.0941887879621443,0.2833333333333333,0.375,0.5604166666666667,16
2622,0.34375,0.11053452829068593,0.15833333333333333,0.3833333333333333,0.5041666666666667,16
2623,0.3729166666666667,0.05678755487682922,0.27291666666666664,0.36666666666666664,0.4604166666666667,16
2624,0.390625,0.09681898021852718,0.23541666666666666,0.3916666666666667,0.5645833333333333,16
2625,0.390625,0.10188650241813192,0.15625,0.4083333333333333,0.51875,16
2626,0.334375,0.07299846602269576,0.19791666666666666,0.35,0.44375000000000003,16
2627,0.29375,0.06993920971497716,0.14791666666666667,0.3,0.3979166666666667,16
2628,0.36875,0.12553704079319025,0.16249999999999998,0.3333333333333333,0.5833333333333334,16
2629,0.34791666666666665,0.06766825737046549,0.23541666666666666,0.3416666666666667,0.4916666666666667,16
2630,0.37395833333333334,0.10752402024922413,0.14583333333333331,0.375,0.5166666666666667,16
2631,0.3677083333333333,0.09288372921442042,0.18125,0.36666666666666664,0.5208333333333334,16
2632,0.36354166666666665,0.08523227047636098,0.21875,0.375,0.5,16
2633,0.365625,0.1188002452181345,0.15416666666666667,0.3583333333333333,0.5541666666666667,16
2634,0.371875,0.09066091242463131,0.2,0.375,0.49375,16
2635,0.3583333333333333,0.11666666666666667,0.20625000000000002,0.35,0.6041666666666666,16
2636,0.328125,0.07210109366946756,0.2,0.32499999999999996,0.45208333333333334,16
2637,0.2739583333333333,0.10720060860886522,0.12083333333333332,0.25,0.48333333333333334,16
2638,0.3270833333333333,0.0980495552145841,0.1375,0.3333333333333333,0.48333333333333334,16
2639,0.36979166666666663,0.07822216180355937,0.2791666666666667,0.35,0.54375,16
2640,0.3354166666666667,0.08434284366665484,0.16875,0.35,0.44375000000000003,16
2641,0.31875,0.09698134843589484,0.14583333333333331,0.31666666666666665,0.4666666666666667,16
2642,0.32083333333333336,0.10265570828962434,0.16875,0.31666666666666665,0.5125000000000001,16
2643,0.321875,0.08285670989726783,0.21666666666666667,0.30833333333333335,0.47708333333333336,16
2644,0.2791666666666667,0.11157023199163237,0.06458333333333333,0.3,0.42500000000000004,16
2645,0.2895833333333333,0.09370369226687092,0.18333333333333332,0.26666666666666666,0.4666666666666667,16
2646,0.2958333333333334,0.0900424282707263,0.18958333333333333,0.275,0.46875,16
2647,0.34270833333333334,0.08497727433130448,0.21875,0.3333333333333333,0.48333333333333334,16
2648,0.2791666666666667,0.08302024518821366,0.14583333333333331,0.275,0.42083333333333334,16
2649,0.32395833333333335,0.06507707769765532,0.21666666666666667,0.3333333333333333,0.4166666666666667,16
2650,0.33854166666666663,0.08513036367503928,0.21666666666666667,0.3416666666666667,0.5,16
2651,0.315625,0.07058012340202052,0.18958333333333333,0.31666666666666665,0.42083333333333334,16
2652,0.29270833333333335,0.12568820963665076,0.07916666666666666,0.30833333333333335,0.4666666666666667,16
2653,0.2947916666666667,0.06659338420176922,0.18541666666666667,0.29166666666666663,0.42083333333333334,16
2654,0.30937499999999996,0.10034121473751452,0.10416666666666666,0.3333333333333333,0.46875,16
2655,0.32291666666666663,0.08914622039722779,0.14791666666666667,0.3583333333333333,0.4104166666666667,16
2656,0.2791666666666667,0.09798313346920706,0.12291666666666667,0.2833333333333333,0.42708333333333337,16
2657,0.30104166666666665,0.08425917976695478,0.16875,0.30833333333333335,0.48125,16
2658,0.27708333333333335,0.08098246552323671,0.13958333333333334,0.2833333333333333,0.4395833333333333,16
2659,0.3145833333333333,0.10339295994731298,0.11666666666666667,0.32499999999999996,0.4895833333333333,16
2660,0.23437499999999997,0.06359287553998831,0.13958333333333334,0.225,0.34791666666666665,16
2661,0.32916666666666666,0.0739509972887452,0.20625000000000002,0.3333333333333333,0.45416666666666666,16
2662,0.2729166666666667,0.05460559342533815,0.17916666666666667,0.275,0.35,16
2663,0.3260416666666667,0.07167847528682823,0.22291666666666668,0.31666666666666665,0.46458333333333335,16
2664,0.30937499999999996,0.06717740557244262,0.21250000000000002,0.30833333333333335,0.42708333333333337,16
2665,0.2802083333333333,0.09151858304009447,0.11666666666666667,0.275,0.4354166666666667,16
2666,0.2708333333333333,0.09780578828587919,0.07916666666666666,0.29166666666666663,0.3979166666666667,16
2667,0.33229166666666665,0.08528317821300466,0.14583333333333331,0.3416666666666667,0.4479166666666667,16
2668,0.30208333333333337,0.07356851492920656,0.21666666666666667,0.30833333333333335,0.4375,16
2669,0.3104166666666667,0.08393015449368202,0.16041666666666665,0.3,0.45833333333333337,16
2670,0.359375,0.10357645290905758,0.22291666666666668,0.3833333333333333,0.5104166666666667,16
2671,0.2875,0.06653633092779712,0.2,0.2833333333333333,0.4041666666666667,16
2672,0.290625,0.08456768122831165,0.13958333333333334,0.3,0.4041666666666667,16
2673,0.275,0.0868027777333319,0.13541666666666666,0.275,0.44583333333333336,16
2674,0.31354166666666666,0.08784035985493482,0.18333333333333332,0.3,0.4875,16
2675,0.34270833333333334,0.09372106034812976,0.14375,0.35833333333333334,0.4604166666666667,16
2676,0.27708333333333335,0.08717698313711533,0.08333333333333334,0.275,0.4104166666666667,16
2677,0.26666666666666666,0.10881304047667163,0.08958333333333333,0.2833333333333333,0.43125,16
2678,0.3260416666666667,0.1055686897895815,0.18333333333333332,0.3,0.5104166666666667,16
2679,0.3520833333333333,0.10101481602000549,0.1875,0.3333333333333333,0.5416666666666666,16
2680,0.2895833333333333,0.12539866980510156,0.01666666666666667,0.31666666666666665,0.42500000000000004,16
2681,0.25104166666666666,0.09990772652525151,0.08958333333333333,0.24166666666666667,0.44583333333333336,16
2682,0.30937499999999996,0.08974670181188339,0.12916666666666665,0.29166666666666663,0.44166666666666665,16
2683,0.29583333333333334,0.06653633092779714,0.17083333333333334,0.29166666666666663,0.39375000000000004,16
2684,0.26145833333333335,0.08734485253229803,0.10208333333333333,0.25,0.39375000000000004,16
2685,0.33333333333333337,0.10051948401512349,0.15833333333333333,0.32499999999999996,0.4604166666666667,16
2686,0.26979166666666665,0.11610261714678671,0.07916666666666666,0.26666666666666666,0.48333333333333334,16
2687,0.24375000000000002,0.07043392293490403,0.13333333333333333,0.24166666666666667,0.37083333333333335,16
2688,0.3677083333333333,0.08788975694015772,0.22916666666666669,0.375,0.5145833333333333,16
2689,0.3489583333333333,0.08068042883638028,0.19166666666666665,0.35,0.4604166666666667,16
2690,0.290625,0.09627953190522318,0.125,0.29166666666666663,0.46458333333333335,16
2691,0.3052083333333333,0.07493486755176124,0.17916666666666667,0.30833333333333335,0.44166666666666665,16
2692,0.3208333333333333,0.11016086722001904,0.1375,0.3416666666666667,0.5020833333333333,16
2693,0.34479166666666666,0.09641467694576152,0.20625000000000002,0.3333333333333333,0.5041666666666667,16
2694,0.365625,0.0997338036837171,0.175,0.38333333333333336,0.5145833333333333,16
2695,0.3125,0.12903218806001684,0.11458333333333333,0.29166666666666663,0.5270833333333333,16
2696,0.2635416666666667,0.06460853003108627,0.12916666666666665,0.275,0.3333333333333333,16
2697,0.2895833333333333,0.11694535167238491,0.08958333333333332,0.26666666666666666,0.47708333333333336,16
2698,0.23958333333333331,0.09535660409454841,0.05625,0.25,0.375,16
2699,0.15416666666666667,0.09780578828587917,0.0020833333333333363,0.15,0.3416666666666667,16
2700,0.32916666666666666,0.09851325347947408,0.13333333333333333,0.35,0.44375000000000003,16
2701,0.3447916666666667,0.13277470867559413,0.13541666666666666,0.3333333333333333,0.6000000000000001,16
2702,0.3645833333333333,0.08637671850678283,0.23958333333333334,0.35,0.55,16
2703,0.36979166666666663,0.0890183248144885,0.1875,0.375,0.5104166666666667,16
2704,0.34895833333333337,0.11031343444678189,0.20208333333333334,0.3,0.51875,16
2705,0.36354166666666665,0.080410999368522,0.22916666666666669,0.375,0.47708333333333336,16
2706,0.38229166666666664,0.09288372921442044,0.23958333333333334,0.3583333333333333,0.5645833333333333,16
2707,0.34479166666666666,0.13039985914060218,0.1375,0.31666666666666665,0.5541666666666667,16
2708,0.23854166666666665,0.13225064980936765,-0.002083333333333333,0.29166666666666663,0.43333333333333335,16
2709,0.3302083333333333,0.09668440031302304,0.16458333333333333,0.35,0.4666666666666667,16
2710,0.30833333333333335,0.09842509842514764,0.1375,0.2833333333333333,0.4604166666666667,16
2711,0.26875,0.08055256220492168,0.125,0.2583333333333333,0.42083333333333334,16
2712,0.2958333333333333,0.09138213416442212,0.16666666666666666,0.29166666666666663,0.475,16
2713,0.30000000000000004,0.06346477588219923,0.18958333333333333,0.3,0.4041666666666667,16
2714,0.35625,0.08657747814658397,0.21250000000000002,0.375,0.4875,16
2715,0.403125,0.1200721354367171,0.15416666666666667,0.3916666666666667,0.5645833333333333,16
2716,0.31770833333333337,0.05727272414121364,0.19583333333333333,0.3333333333333333,0.4041666666666667,16
2717,0.3125,0.09455671431591849,0.13958333333333334,0.3,0.4604166666666667,16
2718,0.334375,0.09903505797611942,0.15208333333333332,0.3583333333333333,0.45416666666666666,16
2719,0.2885416666666667,0.10098795823430302,0.08958333333333333,0.32499999999999996,0.42500000000000004,16
2720,0.2864583333333333,0.07844379401485145,0.14166666666666666,0.29166666666666663,0.4,16
2721,0.3041666666666667,0.11688966782587948,0.07291666666666666,0.32499999999999996,0.46458333333333335,16
2722,0.303125,0.0928369893804308,0.15833333333333333,0.3,0.4604166666666667,16
2723,0.3302083333333333,0.09934136397907078,0.14583333333333331,0.35,0.4854166666666667,16
2724,0.34270833333333334,0.08143008887997115,0.22291666666666668,0.3583333333333333,0.4708333333333333,16
2725,0.3979166666666667,0.08556896990797022,0.20208333333333334,0.42500000000000004,0.5041666666666667,16
2726,0.3052083333333333,0.08793912627809965,0.16249999999999998,0.31666666666666665,0.45416666666666666,16
2727,0.3072916666666667,0.0786096081030246,0.13541666666666669,0.32499999999999996,0.4041666666666667,16
2728,0.315625,0.10466028875207,0.17916666666666667,0.29166666666666663,0.5104166666666667,16
2729,0.3145833333333333,0.09680216796240786,0.13958333333333334,0.30833333333333335,0.4604166666666667,16
2730,0.3375,0.08569568250501305,0.1875,0.3333333333333333,0.4875,16
2731,0.3614583333333333,0.10098795823430304,0.24583333333333335,0.3333333333333333,0.5770833333333334,16
2732,0.26145833333333335,0.08094896154367887,0.12916666666666665,0.25,0.4,16
2733,0.34479166666666666,0.08533405557962581,0.19583333333333333,0.3666666666666667,0.4666666666666667,16
2734,0.3052083333333333,0.09348922063532245,0.11875,0.31666666666666665,0.43333333333333335,16
2735,0.3572916666666667,0.08896955432743396,0.21666666666666667,0.375,0.5020833333333333,16
2736,0.33333333333333337,0.07383352144445562,0.16249999999999998,0.36666666666666664,0.4104166666666667,16
2737,0.31145833333333334,0.09255605471220611,0.17916666666666667,0.31666666666666665,0.5062500000000001,16
2738,0.2572916666666667,0.10374393389227364,0.1,0.25,0.4,16
2739,0.26875,0.10815289460347842,0.0875,0.275,0.45625,16
2740,0.3583333333333333,0.06666666666666668,0.2833333333333333,0.35,0.4854166666666667,16
2741,0.3416666666666667,0.11975089885999929,0.14583333333333331,0.32499999999999996,0.5,16
2742,0.215625,0.08467026526145081,0.058333333333333334,0.21666666666666667,0.33749999999999997,16
2743,0.29374999999999996,0.08288944276699067,0.14791666666666667,0.3,0.4375,16
2744,0.30104166666666665,0.08217291009072136,0.2,0.29166666666666663,0.4666666666666667,16
2745,0.33229166666666665,0.10449427649132008,0.08958333333333332,0.3333333333333333,0.45416666666666666,16
2746,0.29166666666666663,0.10274023338281628,0.12291666666666667,0.3,0.46458333333333335,16
2747,0.31875,0.09840304732182954,0.14791666666666667,0.32499999999999996,0.4708333333333333,16
2748,0.31145833333333334,0.08094896154367887,0.16041666666666665,0.30833333333333335,0.4479166666666667,16
2749,0.3364583333333333,0.08664638184085421,0.19583333333333333,0.3333333333333333,0.48125,16
2750,0.2729166666666667,0.061766529501556644,0.18333333333333332,0.26666666666666666,0.38333333333333336,16
2751,0.3958333333333333,0.10466547239233726,0.19791666666666666,0.39166666666666666,0.5645833333333333,16
2752,0.3375,0.08175590362645244,0.20625000000000002,0.36666666666666664,0.45,16
2753,0.30000000000000004,0.09860132971832694,0.18333333333333332,0.275,0.48125,16
2754,0.30104166666666665,0.09232128945216868,0.14791666666666667,0.3,0.45,16
2755,0.321875,0.11810405458041368,0.13125,0.30833333333333335,0.5708333333333333,16
2756,0.3572916666666667,0.08518133231524382,0.21250000000000002,0.375,0.48125,16
2757,0.34479166666666666,0.09274343904617248,0.21250000000000002,0.32499999999999996,0.5354166666666667,16
2758,0.3770833333333333,0.07902948640996107,0.27291666666666664,0.3583333333333333,0.5354166666666667,16
2759,0.3229166666666667,0.10238051979421346,0.14583333333333331,0.3333333333333333,0.4875,16
2760,0.36875,0.10288798520721457,0.22291666666666668,0.375,0.55,16
2761,0.365625,0.09672928108615532,0.1875,0.3583333333333333,0.5104166666666667,16
2762,0.32395833333333335,0.09334984043014394,0.1375,0.31666666666666665,0.4854166666666667,16
2763,0.3364583333333333,0.11625205344661899,0.2,0.31666666666666665,0.5333333333333333,16
2764,0.33229166666666665,0.07252124928062273,0.23333333333333334,0.3333333333333333,0.43333333333333335,16
2765,0.2947916666666667,0.07493486755176124,0.15833333333333333,0.29166666666666663,0.44166666666666665,16
2766,0.3447916666666666,0.11854422961494161,0.125,0.3333333333333333,0.575,16
2767,0.328125,0.09605386762703058,0.16875,0.3333333333333333,0.5,16
2768,0.2895833333333333,0.08777239347058707,0.16666666666666666,0.29166666666666663,0.4604166666666667,16
2769,0.36874999999999997,0.07968579791210532,0.21458333333333332,0.3583333333333333,0.5083333333333333,16
2770,0.315625,0.08689648015822556,0.17916666666666667,0.32499999999999996,0.4979166666666667,16
2771,0.3145833333333333,0.07880950133074058,0.17916666666666667,0.31666666666666665,0.4166666666666667,16
2772,0.31875,0.11224894827520163,0.14583333333333331,0.3583333333333333,0.47708333333333336,16
2773,0.3604166666666667,0.11885959854663261,0.18541666666666667,0.375,0.6020833333333333,16
2774,0.3260416666666667,0.09260293634353312,0.175,0.3,0.47708333333333336,16
2775,0.3052083333333333,0.07608446284302145,0.16458333333333333,0.30833333333333335,0.42083333333333334,16
2776,0.25625,0.06558365099457164,0.14166666666666666,0.26666666666666666,0.3854166666666667,16
2777,0.2791666666666667,0.10265570828962434,0.12291666666666667,0.275,0.4479166666666667,16
2778,0.28541666666666665,0.11530078418351428,0.07500000000000001,0.3,0.4729166666666667,16
2779,0.38020833333333337,0.10675431782836702,0.19166666666666665,0.3916666666666667,0.5479166666666667,16
2780,0.34270833333333334,0.11501339746839159,0.14583333333333331,0.36666666666666664,0.53125,16
2781,0.32395833333333335,0.11710761165839449,0.08333333333333333,0.3416666666666667,0.5083333333333333,16
2782,0.325,0.07927623996016854,0.17916666666666667,0.32499999999999996,0.4604166666666667,16
2783,0.39583333333333337,0.06222160217945034,0.2583333333333333,0.4083333333333333,0.47708333333333336,16
2784,0.33854166666666663,0.12426432820358742,0.15208333333333332,0.32499999999999996,0.5479166666666667,16
2785,0.2666666666666666,0.08354140689901425,0.1125,0.2833333333333333,0.38125,16
2786,0.3145833333333333,0.08516222264987373,0.15208333333333332,0.3333333333333333,0.45625,16
2787,0.31145833333333334,0.09532815217564129,0.16666666666666666,0.3416666666666667,0.4479166666666667,16
2788,0.221875,0.11129271183834695,-0.004166666666666666,0.23333333333333334,0.41041666666666665,16
2789,0.3572916666666667,0.10016804456900304,0.17708333333333331,0.375,0.5270833333333333,16
2790,0.3333333333333333,0.10051948401512349,0.14583333333333331,0.3333333333333333,0.47708333333333336,16
2791,0.36041666666666666,0.10522380249311994,0.15833333333333333,0.35,0.5166666666666667,16
2792,0.290625,0.09609904287591353,0.14791666666666667,0.26666666666666666,0.48333333333333334,16
2793,0.371875,0.10876815780722673,0.20625000000000002,0.375,0.5895833333333333,16
2794,0.3385416666666667,0.09027711004026559,0.18958333333333333,0.3666666666666667,0.49583333333333335,16
2795,0.3614583333333333,0.08222571196610787,0.25625,0.3416666666666667,0.5104166666666667,16
2796,0.2947916666666667,0.11542775969554868,0.10625000000000001,0.31666666666666665,0.475,16
2797,0.28541666666666665,0.07902948640996107,0.15,0.2833333333333333,0.39375000000000004,16
2798,0.36874999999999997,0.0922095665680447,0.21250000000000002,0.375,0.5479166666666667,16
2799,0.23229166666666667,0.07693538730288191,0.09583333333333333,0.225,0.34791666666666665,16
2800,0.375,0.08917056066263625,0.21875,0.375,0.5,16
2801,0.35208333333333336,0.10847346705787345,0.15208333333333332,0.3583333333333333,0.49375,16
2802,0.35416666666666663,0.10466547239233726,0.17291666666666666,0.3583333333333333,0.5145833333333333,16
2803,0.3802083333333333,0.06352458786870553,0.2583333333333333,0.375,0.47708333333333336,16
2804,0.3260416666666667,0.07045702738785772,0.20625000000000002,0.3333333333333333,0.4625,16
2805,0.30729166666666663,0.08057276516361538,0.18958333333333333,0.29166666666666663,0.45416666666666666,16
2806,0.21666666666666667,0.09223309842157773,0.07291666666666666,0.225,0.3770833333333333,16
2807,0.30208333333333337,0.11871344466590314,0.07291666666666666,0.31666666666666665,0.4916666666666667,16
2808,0.40520833333333334,0.09027711004026559,0.26875,0.4,0.5541666666666667,16
2809,0.33854166666666663,0.07986941381961489,0.22291666666666668,0.3333333333333333,0.4916666666666667,16
2810,0.30208333333333337,0.08162307510066555,0.18333333333333332,0.3,0.48125,16
2811,0.371875,0.07943348676373489,0.23125,0.375,0.4979166666666667,16
2812,0.28229166666666666,0.09022901995293237,0.14583333333333331,0.30833333333333335,0.41458333333333336,16
2813,0.34895833333333337,0.09080442009248964,0.21875,0.35,0.51875,16
2814,0.2989583333333333,0.10952370843033636,0.08125,0.31666666666666665,0.45416666666666666,16
2815,0.3520833333333333,0.08657747814658395,0.20625000000000002,0.35,0.5145833333333333,16
2816,0.275,0.12388390622765422,0.08541666666666667,0.2833333333333333,0.47708333333333336,16
2817,0.32395833333333335,0.0905171772372515,0.14583333333333331,0.32499999999999996,0.49583333333333335,16
2818,0.4083333333333333,0.09574271077563382,0.2791666666666667,0.3916666666666667,0.5770833333333334,16
2819,0.325,0.12247448713915891,0.06875,0.3583333333333333,0.5104166666666667,16
2820,0.353125,0.07551185291433099,0.24583333333333335,0.35,0.46458333333333335,16
2821,0.34687500000000004,0.15071804410701609,0.08958333333333333,0.38333333333333336,0.5541666666666667,16
2822,0.334375,0.08769200164654573,0.17291666666666666,0.3583333333333333,0.44375000000000003,16
2823,0.321875,0.08348293862620475,0.16458333333333333,0.32499999999999996,0.42708333333333337,16
2824,0.33229166666666665,0.08280431039169668,0.23333333333333334,0.32499999999999996,0.5062500000000001,16
2825,0.3125,0.09307628293203615,0.15208333333333332,0.31666666666666665,0.4708333333333333,16
2826,0.3104166666666666,0.0883637919185354,0.13333333333333333,0.31666666666666665,0.44375000000000003,16
2827,0.2802083333333333,0.0979332875964268,0.07916666666666666,0.30833333333333335,0.4083333333333333,16
2828,0.28229166666666666,0.08848037093992468,0.12916666666666665,0.2833333333333333,0.39375000000000004,16
2829,0.28541666666666665,0.05396597436245258,0.16458333333333333,0.3,0.37083333333333335,16
2830,0.2625,0.06909634979907084,0.16666666666666666,0.2583333333333333,0.38333333333333336,16
2831,0.35416666666666663,0.07938566201357354,0.21250000000000002,0.36666666666666664,0.4604166666666667,16
2832,0.2989583333333333,0.0741780773057497,0.14375,0.32499999999999996,0.38333333333333336,16
2833,0.278125,0.12129491579296399,0.11666666666666667,0.2833333333333333,0.44375000000000003,16
2834,0.2875,0.08447139555297205,0.1375,0.3,0.4375,16
2835,0.3104166666666667,0.13576877300109264,0.13958333333333334,0.26666666666666666,0.5333333333333333,16
2836,0.29791666666666666,0.10863339853736408,0.07500000000000001,0.32499999999999996,0.45,16
2837,0.3041666666666667,0.0911919526176637,0.13333333333333333,0.3416666666666667,0.4375,16
2838,0.33229166666666665,0.11218609756164581,0.13333333333333333,0.3333333333333333,0.49375,16
2839,0.3208333333333333,0.07488416981504763,0.175,0.31666666666666665,0.44375000000000003,16
2840,0.3010416666666667,0.07894019140744749,0.18541666666666667,0.275,0.4375,16
2841,0.3104166666666667,0.10135796712641784,0.15,0.30833333333333335,0.4708333333333333,16
2842,0.34479166666666666,0.10828825183791228,0.16666666666666666,0.3583333333333333,0.5479166666666667,16
2843,0.2708333333333333,0.06833841444523635,0.16249999999999998,0.2583333333333333,0.3854166666666667,16
2844,0.22916666666666663,0.09745012969605417,0.07916666666666666,0.21666666666666667,0.3979166666666667,16
2845,0.2625,0.07603453162872774,0.15,0.25,0.39375000000000004,16
2846,0.36458333333333337,0.08577162020932876,0.23958333333333334,0.36666666666666664,0.5,16
2847,0.2833333333333333,0.14105259066508966,0.018750000000000003,0.26666666666666666,0.5104166666666667,16
2848,0.328125,0.09330333409250592,0.19583333333333333,0.32499999999999996,0.5104166666666667,16
2849,0.296875,0.10192909266031733,0.11875,0.30833333333333335,0.46458333333333335,16
2850,0.33854166666666663,0.11780969087426081,0.09791666666666667,0.3583333333333333,0.5208333333333334,16
2851,0.29166666666666663,0.08228507357554792,0.16666666666666666,0.3,0.45833333333333337,16
2852,0.315625,0.11762533947288362,0.06666666666666668,0.32499999999999996,0.4875,16
2853,0.29270833333333335,0.1075240202492241,0.08958333333333333,0.31666666666666665,0.44375000000000003,16
2854,0.3302083333333333,0.08604317997054993,0.15625,0.3333333333333333,0.4604166666666667,16
2855,0.35833333333333334,0.08955910525085282,0.24583333333333335,0.32499999999999996,0.5104166666666667,16
2856,0.34895833333333337,0.07827762868647581,0.24583333333333335,0.35833333333333334,0.4916666666666667,16
2857,0.33958333333333335,0.11224894827520163,0.13333333333333333,0.3416666666666667,0.49375,16
2858,0.27083333333333337,0.1059841445164742,0.11875,0.24166666666666667,0.4479166666666667,16
2859,0.27604166666666663,0.08896955432743396,0.13333333333333333,0.29166666666666663,0.44583333333333336,16
2860,0.31875,0.13305635293196472,0.07291666666666666,0.3416666666666667,0.4979166666666667,16
2861,0.31145833333333334,0.09925394443603293,0.14166666666666666,0.32499999999999996,0.46458333333333335,16
2862,0.31145833333333334,0.0751661931803269,0.15625,0.3416666666666667,0.39375000000000004,16
2863,0.22812500000000002,0.09293044554037892,0.0625,0.24166666666666667,0.35,16
2864,0.3666666666666667,0.08779711460710617,0.20208333333333334,0.375,0.5145833333333333,16
2865,0.34687500000000004,0.09132868563296224,0.21666666666666667,0.35,0.5083333333333333,16
2866,0.33229166666666665,0.12520382687397733,0.14583333333333331,0.3416666666666667,0.525,16
2867,0.340625,0.12261173334056484,0.10416666666666666,0.32499999999999996,0.5104166666666667,16
2868,0.36250000000000004,0.09061901321221479,0.19583333333333333,0.3583333333333333,0.4979166666666667,16
2869,0.346875,0.09075660941649252,0.19166666666666665,0.3583333333333333,0.5062500000000001,16
2870,0.353125,0.10478462534328849,0.20625000000000002,0.3416666666666667,0.5104166666666667,16
2871,0.3354166666666667,0.10356073768030474,0.0875,0.3583333333333333,0.45833333333333337,16
2872,0.3125,0.09138213416442212,0.19583333333333333,0.3,0.5020833333333333,16
2873,0.30208333333333337,0.06531839752746202,0.18333333333333332,0.31666666666666665,0.38333333333333336,16
2874,0.32916666666666666,0.058778066581941193,0.20833333333333331,0.3333333333333333,0.4104166666666667,16
2875,0.32395833333333335,0.09645968321589654,0.18958333333333333,0.3416666666666667,0.4916666666666667,16
2876,0.33125000000000004,0.09011470314117571,0.16875,0.36666666666666664,0.45,16
2877,0.40625,0.08536583853561616,0.27291666666666664,0.42500000000000004,0.5437500000000001,16
2878,0.3510416666666667,0.08363876319227427,0.22291666666666668,0.3583333333333333,0.48333333333333334,16
2879,0.3458333333333333,0.126449924212446,0.0875,0.375,0.5354166666666667,16
2880,0.3989583333333333,0.11673640029047401,0.19583333333333333,0.3833333333333333,0.5604166666666667,16
2881,0.321875,0.1043695940050443,0.1375,0.3416666666666667,0.48125,16
2882,0.36979166666666663,0.06325069993025112,0.3,0.35,0.47708333333333336,16
2883,0.3302083333333333,0.08862740946419077,0.17916666666666667,0.3333333333333333,0.45,16
2884,0.33854166666666663,0.07631230378080152,0.23333333333333334,0.31666666666666665,0.47708333333333336,16
2885,0.32916666666666666,0.09081039465709737,0.17916666666666667,0.31666666666666665,0.47708333333333336,16
2886,0.35624999999999996,0.11193918860008074,0.18125,0.3416666666666667,0.5854166666666667,16
2887,0.340625,0.07359063525491692,0.25,0.32499999999999996,0.49583333333333335,16
2888,0.4,0.09895285072531598,0.26666666666666666,0.4,0.6104166666666667,16
2889,0.34895833333333337,0.09325680456257454,0.21250000000000002,0.35833333333333334,0.48333333333333334,16
2890,0.2958333333333334,0.09138213416442213,0.16249999999999998,0.30833333333333335,0.42708333333333337,16
2891,0.35833333333333334,0.14043582955293932,0.03958333333333333,0.42500000000000004,0.5083333333333333,16
2892,0.31875,0.1020408074688205,0.15625,0.31666666666666665,0.5333333333333333,16
2893,0.3739583333333333,0.09241526712195461,0.20416666666666666,0.36666666666666664,0.5104166666666667,16
2894,0.41875,0.0953566040945484,0.2833333333333333,0.4083333333333333,0.575,16
2895,0.41458333333333336,0.08516222264987375,0.2125,0.42500000000000004,0.5145833333333333,16
2896,0.3822916666666667,0.0825943799372707,0.22083333333333333,0.38333333333333336,0.5041666666666667,16
2897,0.33958333333333335,0.08098246552323672,0.21458333333333332,0.32499999999999996,0.49375,16
2898,0.26249999999999996,0.09023503261544881,0.1125,0.2833333333333333,0.3770833333333333,16
2899,0.3104166666666667,0.09716019846967516,0.13958333333333334,0.31666666666666665,0.44375000000000003,16
2900,0.340625,0.06094417698462532,0.25625,0.3416666666666667,0.45416666666666666,16
2901,0.2958333333333334,0.07347996703561833,0.19583333333333333,0.275,0.44375000000000003,16
2902,0.353125,0.09302380780985288,0.1875,0.32499999999999996,0.5,16
2903,0.3333333333333333,0.0950146187582615,0.15833333333333333,0.32499999999999996,0.48125,16
2904,0.38125,0.13081939947033003,0.15208333333333332,0.43333333333333335,0.5375000000000001,16
2905,0.3729166666666667,0.07497105923102743,0.22916666666666669,0.375,0.5,16
2906,0.3083333333333333,0.06561673228343176,0.18958333333333333,0.31666666666666665,0.41458333333333336,16
2907,0.34479166666666666,0.10150238605569822,0.15208333333333332,0.35,0.51875,16
2908,0.36666666666666664,0.08164965809277261,0.225,0.375,0.4916666666666667,16
2909,0.33333333333333337,0.10374916331657277,0.1125,0.3583333333333333,0.4854166666666667,16
2910,0.3572916666666667,0.0903251745239265,0.18333333333333332,0.3416666666666667,0.49375,16
2911,0.3447916666666666,0.08410450468514355,0.21875,0.3333333333333333,0.5208333333333334,16
2912,0.37083333333333335,0.0956520023604083,0.16458333333333333,0.3833333333333333,0.47708333333333336,16
2913,0.35624999999999996,0.10084280258567457,0.18541666666666667,0.3583333333333333,0.5145833333333333,16
2914,0.34270833333333334,0.0634562267104918,0.25625,0.3416666666666667,0.46458333333333335,16
2915,0.4354166666666666,0.12174583611405816,0.24791666666666667,0.4166666666666667,0.6541666666666667,16
2916,0.41041666666666665,0.10135796712641786,0.24791666666666667,0.4083333333333333,0.575,16
2917,0.24166666666666667,0.06692657668420421,0.11875,0.25,0.34791666666666665,16
2918,0.32708333333333334,0.11724188552826258,0.14583333333333331,0.31666666666666665,0.5041666666666667,16
2919,0.3541666666666667,0.08154327412825386,0.23333333333333334,0.3583333333333333,0.4604166666666667,16
2920,0.34895833333333337,0.12380943438069116,0.17916666666666667,0.3583333333333333,0.5708333333333334,16
2921,0.3489583333333333,0.06933933016934425,0.23541666666666666,0.3416666666666667,0.4666666666666667,16
2922,0.27708333333333335,0.07380412326632646,0.12916666666666665,0.29166666666666663,0.3875,16
2923,0.278125,0.09255605471220611,0.12291666666666667,0.26666666666666666,0.4,16
2924,0.28541666666666665,0.1194424256935347,0.06041666666666666,0.30833333333333335,0.4375,16
2925,0.284375,0.08629502649181019,0.16875,0.2583333333333333,0.44166666666666665,16
2926,0.246875,0.06406885131117408,0.14583333333333331,0.24166666666666667,0.3729166666666667,16
2927,0.2791666666666667,0.08196798155377501,0.16249999999999998,0.275,0.41458333333333336,16
2928,0.29166666666666663,0.08799463367476199,0.10416666666666666,0.29166666666666663,0.45208333333333334,16
2929,0.296875,0.08724541336240994,0.14375,0.29166666666666663,0.45208333333333334,16
2930,0.26145833333333335,0.0765394664898806,0.15208333333333332,0.23333333333333334,0.3770833333333333,16
2931,0.2875,0.0898494110535326,0.16249999999999998,0.29166666666666663,0.46875,16
2932,0.2791666666666667,0.09921567416492215,0.10625000000000001,0.26666666666666666,0.45416666666666666,16
2933,0.24166666666666667,0.07499999999999998,0.1125,0.23333333333333334,0.36041666666666666,16
2934,0.26979166666666665,0.08960150009594953,0.13541666666666666,0.2583333333333333,0.42708333333333337,16
2935,0.26458333333333334,0.10221080476696733,0.08541666666666667,0.2583333333333333,0.41875,16
2936,0.27708333333333335,0.10538866558284783,0.08333333333333333,0.2583333333333333,0.4375,16
2937,0.24895833333333334,0.12068507427506427,0.08333333333333333,0.21666666666666667,0.46458333333333335,16
2938,0.290625,0.11960129801181554,0.07291666666666666,0.3,0.4979166666666667,16
2939,0.3572916666666667,0.11651310578404665,0.17083333333333334,0.3666666666666667,0.5375000000000001,16
2940,0.2833333333333333,0.11380416903123053,0.13333333333333333,0.26666666666666666,0.45416666666666666,16
2941,0.27812499999999996,0.10303025951146584,0.09791666666666667,0.29166666666666663,0.44166666666666665,16
2942,0.27604166666666663,0.07167847528682822,0.17291666666666666,0.275,0.39375000000000004,16
2943,0.2947916666666667,0.09802188495716431,0.15208333333333332,0.3,0.48125,16
2944,0.34270833333333334,0.10103092726432283,0.16249999999999998,0.3416666666666667,0.51875,16
2945,0.3375,0.1330074141626031,0.13333333333333333,0.3333333333333333,0.5375000000000001,16
2946,0.28020833333333334,0.060443600318350034,0.15625,0.2833333333333333,0.35,16
2947,0.30729166666666663,0.09297713839374112,0.13125,0.30833333333333335,0.45,16
2948,0.25625,0.09662265521087691,0.05416666666666667,0.2833333333333333,0.3875,16
2949,0.25937499999999997,0.09841958611249875,0.08333333333333334,0.2583333333333333,0.45208333333333334,16
2950,0.34687500000000004,0.11245658884654115,0.11458333333333333,0.3666666666666667,0.4979166666666667,16
2951,0.26979166666666665,0.09487176103386437,0.07916666666666666,0.275,0.4395833333333333,16
2952,0.29791666666666666,0.12935134646896154,0.07083333333333333,0.35,0.48333333333333334,16
2953,0.2791666666666667,0.11141451630934116,0.058333333333333334,0.3333333333333333,0.42083333333333334,16
2954,0.3104166666666667,0.07836767864085012,0.16875,0.3,0.42083333333333334,16
2955,0.24791666666666667,0.08577162020932876,0.11875,0.225,0.42500000000000004,16
2956,0.303125,0.10294597254817155,0.16666666666666666,0.3,0.5041666666666667,16
2957,0.31875000000000003,0.08856004711180118,0.15833333333333333,0.35,0.4604166666666667,16
2958,0.3260416666666667,0.09717694878416384,0.17291666666666666,0.32499999999999996,0.5020833333333333,16
2959,0.3260416666666667,0.11179854619160107,0.12916666666666665,0.3333333333333333,0.55625,16
2960,0.328125,0.0896983273565096,0.18333333333333332,0.3333333333333333,0.4708333333333333,16
2961,0.30625,0.10101481602000548,0.17916666666666667,0.30833333333333335,0.5166666666666666,16
2962,0.35416666666666663,0.08670271686118672,0.21250000000000002,0.36666666666666664,0.4666666666666667,16
2963,0.31875,0.06893913378239291,0.22291666666666668,0.3416666666666667,0.42500000000000004,16
2964,0.27708333333333335,0.06817945071647322,0.125,0.275,0.36666666666666664,16
2965,0.3145833333333333,0.08033674785274518,0.18333333333333332,0.31666666666666665,0.4791666666666667,16
2966,0.24062499999999998,0.06372923136642679,0.13958333333333334,0.25,0.33749999999999997,16
2967,0.30104166666666665,0.0660041954685037,0.18333333333333332,0.3,0.39375000000000004,16
2968,0.3125,0.08769818824937162,0.125,0.3333333333333333,0.42708333333333337,16
2969,0.3041666666666667,0.0997392433632152,0.19583333333333333,0.275,0.525,16
2970,0.2729166666666667,0.1267755836551783,0.07291666666666666,0.26666666666666666,0.5,16
2971,0.24375,0.0873759040646282,0.1125,0.225,0.3875,16
2972,0.23854166666666665,0.10780620955883963,0.09583333333333333,0.225,0.45208333333333334,16
2973,0.26145833333333335,0.11854422961494161,0.05208333333333333,0.2583333333333333,0.4479166666666667,16
2974,0.3052083333333333,0.08573998767267879,0.17916666666666667,0.31666666666666665,0.47708333333333336,16
2975,0.3291666666666667,0.09762812094883319,0.16249999999999998,0.30833333333333335,0.48333333333333334,16
2976,0.30833333333333335,0.07168604389202188,0.17083333333333334,0.31666666666666665,0.42500000000000004,16
2977,0.34791666666666665,0.09370369226687092,0.20625000000000002,0.3333333333333333,0.5041666666666667,16
2978,0.24270833333333336,0.07216126567549165,0.15,0.23333333333333334,0.39375000000000004,16
2979,0.2802083333333333,0.08724541336240994,0.12291666666666667,0.275,0.45833333333333337,16
2980,0.33229166666666665,0.08174926732597262,0.18333333333333332,0.3416666666666667,0.44375000000000003,16
2981,0.23333333333333334,0.06947221666888778,0.1125,0.23333333333333334,0.36458333333333337,16
2982,0.35520833333333335,0.12043306549236754,0.16666666666666666,0.36666666666666664,0.59375,16
2983,0.35624999999999996,0.1063724784268312,0.15000000000000002,0.3916666666666667,0.48333333333333334,16
2984,0.275,0.10976616560266243,0.14166666666666666,0.25,0.5,16
2985,0.2864583333333333,0.08803778189883402,0.12916666666666665,0.3,0.42083333333333334,16
2986,0.29374999999999996,0.06663410663216447,0.15416666666666667,0.3,0.38333333333333336,16
2987,0.32916666666666666,0.08385254915624211,0.20625000000000002,0.30833333333333335,0.4708333333333333,16
2988,0.30104166666666665,0.08068042883638028,0.18541666666666667,0.2833333333333333,0.46458333333333335,16
2989,0.24583333333333335,0.0898494110535326,0.10625000000000001,0.25,0.3979166666666667,16
2990,0.30104166666666665,0.07625540736746331,0.13333333333333333,0.30833333333333335,0.4104166666666667,16
2991,0.27604166666666663,0.06263007298148922,0.17291666666666666,0.26666666666666666,0.3979166666666667,16
2992,0.303125,0.13099760785559747,0.05208333333333333,0.31666666666666665,0.53125,16
2993,0.35520833333333335,0.08451634251893404,0.23333333333333334,0.3416666666666667,0.51875,16
2994,0.265625,0.07510842856608482,0.13958333333333334,0.3,0.35,16
2995,0.33854166666666663,0.12215068534623764,0.06666666666666667,0.3583333333333333,0.4875,16
2996,0.3614583333333333,0.07137507297135792,0.22916666666666669,0.375,0.45,16
2997,0.2947916666666667,0.07877507316897762,0.14583333333333331,0.29166666666666663,0.4166666666666667,16
2998,0.2947916666666667,0.09659457620786882,0.16666666666666666,0.2833333333333333,0.4604166666666667,16
2999,0.2635416666666667,0.0979332875964268,0.08958333333333333,0.2583333333333333,0.39375000000000004,16
3000,0.33229166666666665,0.09885959986825311,0.16249999999999998,0.30833333333333335,0.49375,16
3001,0.24895833333333334,0.08649597574132824,0.08958333333333333,0.275,0.36666666666666664,16
3002,0.21354166666666663,0.09969027556219646,0.07083333333333333,0.20833333333333334,0.43125,16
3003,0.3104166666666667,0.1244257643469926,0.11666666666666667,0.32499999999999996,0.5208333333333334,16
3004,0.34375000000000006,0.08012035217928923,0.15208333333333332,0.38333333333333336,0.4104166666666667,16
3005,0.3364583333333333,0.10311447757764722,0.18541666666666667,0.3416666666666667,0.5625,16
3006,0.2916666666666667,0.12402396721781014,0.08333333333333333,0.30833333333333335,0.4708333333333333,16
3007,0.228125,0.08222571196610787,0.10625000000000001,0.20833333333333334,0.38125,16
3008,0.3104166666666667,0.08434284366665484,0.18541666666666667,0.3333333333333333,0.475,16
3009,0.3354166666666667,0.11301963325015704,0.10416666666666666,0.35,0.5083333333333333,16
3010,0.2645833333333333,0.05396597436245257,0.18333333333333332,0.26666666666666666,0.34375,16
3011,0.30937499999999996,0.11272643107935641,0.09999999999999999,0.3,0.47708333333333336,16
3012,0.29062499999999997,0.07948810838735565,0.16249999999999998,0.26666666666666666,0.4166666666666667,16
3013,0.32499999999999996,0.08186201126828542,0.15208333333333332,0.35,0.45208333333333334,16
