unit_index,sample_mean,sample_std,q025,q500,q975,num_finite_samples
0,-0.14130434782608695,0.09200045204129925,-0.2778260869565217,-0.14782608695652172,-0.014782608695652167,8
1,-0.12826086956521737,0.13142738261036382,-0.3382608695652174,-0.10434782608695653,0.03434782608695653,8
2,-0.16086956521739132,0.14928943229034258,-0.3791304347826087,-0.13043478260869565,0.04043478260869565,8
3,-0.0891304347826087,0.07114377466066771,-0.16217391304347825,-0.1217391304347826,0.037391304347826095,8
4,-0.14782608695652172,0.0983800739042153,-0.2634782608695652,-0.17391304347826086,0.005652173913043481,8
5,-0.15217391304347827,0.07910176260287066,-0.2808695652173913,-0.12173913043478261,-0.0782608695652174,8
6,-0.15217391304347827,0.06071408714682149,-0.21434782608695652,-0.17391304347826086,-0.038260869565217376,8
7,-0.14782608695652175,0.10028315299713736,-0.26652173913043475,-0.17391304347826086,-0.02608695652173913,8
8,-0.2565217391304348,0.144135516993485,-0.5595652173913044,-0.2173913043478261,-0.1334782608695652,8
9,-0.10869565217391304,0.09435884527917698,-0.26869565217391306,-0.09565217391304348,0.02826086956521741,8
10,-0.1565217391304348,0.08295123490582136,-0.2982608695652174,-0.1217391304347826,-0.06391304347826086,8
11,-0.18043478260869567,0.13678388014555976,-0.3934782608695652,-0.14782608695652172,0.007826086956521754,8
12,-0.11304347826086955,0.10860866084171127,-0.30869565217391304,-0.13043478260869565,0.031304347826086966,8
13,-0.17608695652173914,0.08907739673281687,-0.28391304347826085,-0.16521739130434782,-0.03521739130434782,8
14,-0.07391304347826087,0.08237954487607138,-0.19391304347826088,-0.043478260869565216,0.05695652173913046,8
15,-0.24565217391304348,0.0903417163268702,-0.3360869565217391,-0.26956521739130435,-0.07086956521739128,8
16,-0.2043478260869565,0.09314906645925457,-0.31565217391304345,-0.21739130434782608,-0.06086956521739131,8
17,-0.1934782608695652,0.08427944336947882,-0.28391304347826085,-0.20869565217391306,-0.049565217391304345,8
18,-0.2260869565217391,0.12297509238026913,-0.41695652173913045,-0.2173913043478261,-0.04130434782608694,8
19,-0.1391304347826087,0.08249419983047945,-0.26652173913043475,-0.09565217391304348,-0.049565217391304345,8
20,-0.0782608695652174,0.10252022715262259,-0.2,-0.09565217391304348,0.11434782608695657,8
21,-0.23695652173913045,0.10231257935434865,-0.4365217391304348,-0.20869565217391306,-0.1334782608695652,8
22,-0.11739130434782609,0.13294682479496223,-0.2747826086956522,-0.17391304347826086,0.10391304347826089,8
23,-0.10869565217391303,0.10990630138925685,-0.3004347826086956,-0.09565217391304348,0.023043478260869568,8
24,-0.14347826086956522,0.09274230003348496,-0.2891304347826087,-0.13043478260869565,0.004782608695652193,8
25,-0.1217391304347826,0.07530655685082076,-0.21739130434782608,-0.13043478260869565,-0.0004347826086956424,8
26,-0.1,0.09673302374472605,-0.22869565217391305,-0.09565217391304348,0.05173913043478262,8
27,-0.08260869565217391,0.10641076739582972,-0.27695652173913043,-0.0608695652173913,0.04869565217391306,8
28,-0.021739130434782608,0.11946636229594858,-0.19391304347826088,-0.008695652173913044,0.17565217391304352,8
29,-0.1760869565217391,0.12954406013425723,-0.3904347826086957,-0.1217391304347826,-0.032173913043478254,8
30,-0.11521739130434783,0.07990424325864828,-0.23695652173913043,-0.1217391304347826,0.02521739130434784,8
31,-0.07391304347826086,0.07314175583156836,-0.20217391304347826,-0.043478260869565216,0.005652173913043481,8
32,-0.09782608695652173,0.07451798478696788,-0.17956521739130435,-0.11304347826086955,0.005652173913043481,8
33,-0.16521739130434782,0.08952721861727826,-0.31260869565217386,-0.1391304347826087,-0.04130434782608694,8
34,-0.09999999999999999,0.10205821386352612,-0.26869565217391306,-0.09565217391304348,0.0456521739130435,8
35,-0.16086956521739132,0.1216614659098541,-0.4008695652173913,-0.1217391304347826,-0.020869565217391292,8
36,-0.0782608695652174,0.17456399912943246,-0.22869565217391305,-0.17391304347826086,0.21739130434782608,8
37,-0.08913043478260871,0.08605511049082386,-0.23391304347826086,-0.09565217391304348,0.023043478260869568,8
38,-0.14347826086956522,0.120725594581868,-0.3269565217391304,-0.1391304347826087,0.031304347826086966,8
39,-0.10869565217391305,0.10094075448907738,-0.24304347826086956,-0.09565217391304348,0.05695652173913046,8
40,-0.24782608695652172,0.10782258058814995,-0.39956521739130435,-0.23478260869565215,-0.07913043478260867,8
41,-0.09130434782608696,0.10461921230883447,-0.22869565217391305,-0.11304347826086956,0.08347826086956524,8
42,-0.16304347826086957,0.031875822388293874,-0.22260869565217392,-0.16521739130434782,-0.1191304347826087,8
43,-0.21521739130434783,0.10806337844901363,-0.4191304347826087,-0.20869565217391306,-0.09565217391304348,8
44,-0.2282608695652174,0.04914197632807527,-0.31260869565217386,-0.2,-0.17130434782608694,8
45,-0.021739130434782608,0.09355406431021746,-0.15608695652173912,-0.026086956521739132,0.11304347826086956,8
46,-0.16304347826086957,0.09931238070000366,-0.30434782608695654,-0.11304347826086956,-0.049565217391304345,8
47,-0.14565217391304347,0.11615695658602214,-0.3691304347826087,-0.1391304347826087,-0.011739130434782606,8
48,-0.18478260869565216,0.12703913333640854,-0.34739130434782606,-0.22608695652173913,0.02826086956521741,8
49,-0.06304347826086956,0.10629967981215349,-0.17956521739130435,-0.09565217391304348,0.11,8
50,-0.14130434782608695,0.0667571849251482,-0.24,-0.15652173913043477,-0.03521739130434782,8
51,-0.2173913043478261,0.09284415871331575,-0.30130434782608695,-0.2608695652173913,-0.049565217391304345,8
52,-0.0891304347826087,0.09443394186510205,-0.22869565217391305,-0.0782608695652174,0.054782608695652185,8
53,-0.1282608695652174,0.07602481934802482,-0.24,-0.13043478260869565,0.004782608695652193,8
54,-0.19782608695652174,0.09179474926398876,-0.34130434782608693,-0.2,-0.044347826086956504,8
55,-0.12391304347826088,0.10753730613940553,-0.2604347826086956,-0.15652173913043477,0.0456521739130435,8
56,-0.18478260869565216,0.12341624284554135,-0.398695652173913,-0.17391304347826086,0.004782608695652193,8
57,-0.13695652173913042,0.11825367625181868,-0.2634782608695652,-0.17391304347826086,0.07739130434782611,8
58,-0.07826086956521738,0.061487546190134565,-0.12739130434782608,-0.09565217391304348,0.05086956521739133,8
59,-0.13695652173913042,0.1462673575565596,-0.3360869565217391,-0.14782608695652175,0.10086956521739132,8
60,-0.1956521739130435,0.08641133441022518,-0.36086956521739133,-0.19130434782608696,-0.08434782608695653,8
61,-0.15,0.10700864760207797,-0.3095652173913043,-0.14782608695652175,-0.0004347826086956424,8
62,-0.14130434782608695,0.11435278547684703,-0.3095652173913043,-0.11304347826086956,0.016956521739130443,8
63,-0.07826086956521738,0.13330182362396428,-0.2952173913043478,-0.008695652173913044,0.0691304347826087,8
64,-0.13913043478260867,0.06270523957328676,-0.24608695652173912,-0.11304347826086956,-0.06391304347826086,8
65,-0.09347826086956522,0.048755785852186526,-0.16217391304347825,-0.06956521739130435,-0.032173913043478254,8
66,-0.22391304347826085,0.0499053925358652,-0.30130434782608695,-0.20869565217391306,-0.15391304347826087,8
67,-0.18478260869565216,0.03733818268982102,-0.24913043478260868,-0.17391304347826086,-0.13652173913043478,8
68,-0.12391304347826088,0.07676714601308511,-0.21130434782608695,-0.1391304347826087,0.02217391304347828,8
69,-0.04565217391304348,0.08886492798247694,-0.17347826086956522,-0.043478260869565216,0.0782608695652174,8
70,-0.09347826086956522,0.05102910693176305,-0.17347826086956522,-0.10434782608695653,-0.014782608695652167,8
71,-0.25,0.14006142319864884,-0.5030434782608696,-0.19130434782608696,-0.07608695652173912,8
72,-0.11956521739130435,0.08427944336947882,-0.23173913043478261,-0.13043478260869565,0.02826086956521741,8
73,-0.1673913043478261,0.05028275437487121,-0.2573913043478261,-0.16521739130434782,-0.09869565217391305,8
74,-0.13695652173913042,0.1169678352375183,-0.34956521739130436,-0.12173913043478261,0.01391304347826088,8
75,-0.08260869565217392,0.12802114664639527,-0.2717391304347826,-0.06956521739130435,0.06086956521739131,8
76,-0.06086956521739131,0.08295123490582136,-0.17347826086956522,-0.0782608695652174,0.08043478260869567,8
77,-0.1,0.10852159977694509,-0.22869565217391305,-0.1391304347826087,0.0691304347826087,8
78,-0.14565217391304347,0.0641580633190161,-0.2543478260869565,-0.15652173913043477,-0.06086956521739131,8
79,-0.15652173913043477,0.10860866084171127,-0.31565217391304345,-0.14782608695652175,-0.0004347826086956424,8
80,-0.15,0.08131132264897846,-0.2604347826086956,-0.16521739130434782,-0.009565217391304332,8
81,-0.15869565217391304,0.10647736431529091,-0.31260869565217386,-0.1391304347826087,-0.01782608695652173,8
82,-0.1217391304347826,0.08867860023639626,-0.23173913043478261,-0.11304347826086956,0.01391304347826088,8
83,-0.15217391304347827,0.06608123545030724,-0.28304347826086956,-0.1391304347826087,-0.06999999999999999,8
84,-0.15,0.11648198543146794,-0.3526086956521739,-0.1391304347826087,0.005652173913043481,8
85,-0.1217391304347826,0.07969696860792766,-0.22869565217391305,-0.13043478260869565,0.0026086956521739193,8
86,-0.13260869565217392,0.08671161163121362,-0.22869565217391305,-0.1391304347826087,0.03347826086956525,8
87,-0.09347826086956522,0.1026814406836482,-0.24,-0.11304347826086956,0.043478260869565216,8
88,-0.13043478260869565,0.10434782608695652,-0.28391304347826085,-0.08695652173913043,-0.011739130434782606,8
89,-0.19130434782608696,0.07170618479335063,-0.2808695652173913,-0.2173913043478261,-0.07304347826086956,8
90,-0.20217391304347826,0.07502362576842347,-0.31869565217391305,-0.19130434782608696,-0.11304347826086956,8
91,-0.14782608695652172,0.09876362340522216,-0.2808695652173913,-0.13043478260869565,-0.006521739130434769,8
92,-0.11956521739130434,0.12356931731410707,-0.25217391304347825,-0.13043478260869565,0.10000000000000003,8
93,-0.16304347826086957,0.030666817347099747,-0.22565217391304349,-0.14782608695652175,-0.1334782608695652,8
94,-0.052173913043478265,0.059614387829574296,-0.11304347826086956,-0.06956521739130435,0.043478260869565216,8
95,-0.15,0.07895225998841252,-0.2921739130434783,-0.13043478260869565,-0.04130434782608694,8
96,-0.20217391304347826,0.08843845916003476,-0.2982608695652174,-0.23478260869565218,-0.029999999999999978,8
97,-0.056521739130434775,0.06777590116573867,-0.1591304347826087,-0.017391304347826084,0.008695652173913044,8
98,-0.16304347826086957,0.03931117678266331,-0.2,-0.1826086956521739,-0.08739130434782608,8
99,-0.15000000000000002,0.12463557463673185,-0.28695652173913044,-0.14782608695652175,0.037391304347826095,8
100,-0.2152173913043478,0.09777776584369138,-0.3565217391304348,-0.22608695652173913,-0.09565217391304348,8
101,-0.09130434782608696,0.1126246421477271,-0.3034782608695652,-0.052173913043478265,0.03434782608695653,8
102,-0.2260869565217391,0.09365504012407834,-0.38217391304347825,-0.2,-0.0934782608695652,8
103,-0.09565217391304348,0.0782608695652174,-0.19391304347826088,-0.11304347826086956,0.02608695652173913,8
104,-0.06086956521739131,0.1426192997117976,-0.32391304347826083,0.0,0.09478260869565219,8
105,-0.07608695652173914,0.05664701835128427,-0.1673913043478261,-0.08695652173913043,0.016956521739130443,8
106,-0.1391304347826087,0.09325048082403138,-0.2634782608695652,-0.14782608695652175,-0.02608695652173913,8
107,-0.1565217391304348,0.09643944788182102,-0.30130434782608695,-0.15652173913043477,-0.006521739130434769,8
108,-0.14565217391304347,0.08269446348526188,-0.26652173913043475,-0.11304347826086956,-0.04652173913043478,8
109,-0.15000000000000002,0.07552588159147917,-0.2921739130434783,-0.13043478260869565,-0.06695652173913043,8
110,-0.12173913043478261,0.09799502321377954,-0.23173913043478261,-0.16521739130434782,0.02608695652173913,8
111,-0.1217391304347826,0.061487546190134565,-0.22565217391304349,-0.10434782608695653,-0.06086956521739131,8
112,-0.14782608695652175,0.10895620944471016,-0.3095652173913043,-0.12173913043478261,-0.0004347826086956424,8
113,-0.16304347826086957,0.08360384575230179,-0.24608695652173912,-0.19130434782608696,0.004782608695652193,8
114,-0.17391304347826086,0.08739022279235557,-0.30130434782608695,-0.17391304347826086,-0.0526086956521739,8
115,-0.2173913043478261,0.14524602685643534,-0.41086956521739126,-0.23478260869565218,0.04173913043478265,8
116,-0.13043478260869565,0.06956521739130435,-0.23173913043478261,-0.13043478260869565,-0.032173913043478254,8
117,-0.14565217391304347,0.07895225998841252,-0.2717391304347826,-0.15652173913043477,-0.032173913043478254,8
118,-0.0891304347826087,0.13300013502558633,-0.24913043478260868,-0.12173913043478261,0.12434782608695652,8
119,-0.18043478260869567,0.11583101569354104,-0.32999999999999996,-0.21739130434782608,0.02217391304347828,8
120,-0.06521739130434784,0.11395949932244484,-0.26260869565217393,-0.043478260869565216,0.05782608695652174,8
121,-0.04565217391304348,0.06236516646861327,-0.12739130434782608,-0.06086956521739131,0.05173913043478262,8
122,-0.20217391304347826,0.08450344228511657,-0.30434782608695654,-0.1826086956521739,-0.07608695652173912,8
123,-0.22608695652173916,0.139672855688774,-0.3965217391304348,-0.25217391304347825,0.04173913043478265,8
124,-0.13913043478260867,0.07010658911563956,-0.2604347826086956,-0.1217391304347826,-0.049565217391304345,8
125,-0.20217391304347826,0.06114070048010971,-0.26956521739130435,-0.21739130434782608,-0.10173913043478261,8
126,-0.11739130434782608,0.08942158174436145,-0.29130434782608694,-0.10434782608695653,-0.003478260869565205,8
127,-0.006521739130434783,0.08177496901653926,-0.13260869565217392,-0.017391304347826084,0.11304347826086956,8
128,-0.1673913043478261,0.10841267512862332,-0.31869565217391305,-0.14782608695652175,-0.020869565217391292,8
129,-0.10869565217391304,0.10990630138925685,-0.26652173913043475,-0.10434782608695653,0.04869565217391306,8
130,-0.17391304347826086,0.11731076141940906,-0.28695652173913044,-0.2,0.01391304347826088,8
131,-0.1282608695652174,0.09096728675177251,-0.2634782608695652,-0.09565217391304348,-0.02913043478260869,8
132,-0.11304347826086956,0.08782178207271371,-0.26869565217391306,-0.08695652173913043,-0.0004347826086956424,8
133,-0.16304347826086957,0.09542958290281725,-0.3382608695652174,-0.1391304347826087,-0.038260869565217376,8
134,-0.20652173913043478,0.07426387327190748,-0.32391304347826083,-0.2173913043478261,-0.08739130434782608,8
135,-0.13478260869565217,0.08641133441022518,-0.23478260869565218,-0.14782608695652175,-0.014782608695652167,8
136,-0.2391304347826087,0.08464314058231212,-0.3934782608695652,-0.21739130434782608,-0.14782608695652175,8
137,-0.05434782608695652,0.11435278547684705,-0.2082608695652174,-0.034782608695652174,0.14913043478260873,8
138,-0.10217391304347825,0.13385021112054038,-0.2634782608695652,-0.1391304347826087,0.11521739130434784,8
139,-0.16086956521739132,0.07910176260287066,-0.25217391304347825,-0.15652173913043477,-0.049565217391304345,8
140,-0.14347826086956522,0.054129998252124924,-0.21739130434782608,-0.1391304347826087,-0.055652173913043466,8
141,-0.10217391304347825,0.102127649100403,-0.30565217391304345,-0.08695652173913043,-0.008695652173913044,8
142,-0.08478260869565218,0.12015664004726503,-0.2,-0.1391304347826087,0.12434782608695652,8
143,-0.12608695652173912,0.10921614510504757,-0.28695652173913044,-0.08695652173913043,0.0026086956521739193,8
144,-0.0891304347826087,0.08061085312060504,-0.1826086956521739,-0.09565217391304348,0.0456521739130435,8
145,-0.12173913043478261,0.11859288432161613,-0.34130434782608693,-0.052173913043478265,-0.014782608695652167,8
146,-0.1847826086956522,0.0789522599884125,-0.31565217391304345,-0.17391304347826086,-0.09565217391304348,8
147,-0.20217391304347826,0.08627449927384534,-0.3382608695652174,-0.20869565217391306,-0.06999999999999999,8
148,-0.15869565217391304,0.06732114159653052,-0.24608695652173912,-0.17391304347826086,-0.06391304347826086,8
149,-0.14130434782608697,0.09835605239881408,-0.3065217391304348,-0.1391304347826087,0.0026086956521739193,8
150,-0.16521739130434782,0.14420107784153913,-0.3760869565217391,-0.16521739130434782,0.037391304347826095,8
151,-0.13260869565217392,0.039311176782663305,-0.2082608695652174,-0.11304347826086956,-0.09565217391304348,8
152,-0.10652173913043478,0.07007287591863563,-0.23695652173913043,-0.10434782608695653,-0.02913043478260869,8
153,-0.12608695652173912,0.09634139046156669,-0.2943478260869565,-0.13043478260869565,0.005652173913043481,8
154,-0.14347826086956522,0.08419529013494385,-0.26956521739130435,-0.1217391304347826,-0.043478260869565216,8
155,-0.23043478260869565,0.09828395265615057,-0.36478260869565216,-0.23478260869565218,-0.06173913043478259,8
156,-0.21304347826086956,0.13960516833045497,-0.3565217391304348,-0.2434782608695652,-0.01782608695652173,8
157,-0.17391304347826086,0.09604661754075877,-0.3269565217391304,-0.14782608695652172,-0.06086956521739131,8
158,-0.06739130434782609,0.08200580919069572,-0.17956521739130435,-0.06086956521739131,0.054782608695652185,8
159,-0.19782608695652174,0.10082364022004547,-0.35043478260869565,-0.19130434782608696,-0.049565217391304345,8
160,-0.05869565217391304,0.09342769107367087,-0.19391304347826088,-0.026086956521739132,0.06608695652173915,8
161,-0.2543478260869565,0.10806337844901362,-0.42217391304347823,-0.26956521739130435,-0.07608695652173912,8
162,-0.08043478260869566,0.06647341239748111,-0.17652173913043478,-0.0782608695652174,0.016956521739130443,8
163,-0.18043478260869564,0.08886492798247694,-0.32391304347826083,-0.17391304347826086,-0.06086956521739131,8
164,-0.12608695652173912,0.0474291831071118,-0.17956521739130435,-0.1391304347826087,-0.04652173913043478,8
165,-0.18478260869565216,0.1365071994473009,-0.40260869565217394,-0.15652173913043477,-0.02913043478260869,8
166,-0.23695652173913045,0.09055071999851536,-0.3760869565217391,-0.25217391304347825,-0.10173913043478261,8
167,-0.1,0.13548205609463376,-0.2634782608695652,-0.12173913043478261,0.10913043478260871,8
168,-0.20217391304347826,0.10522727226331259,-0.31869565217391305,-0.2434782608695652,-0.04652173913043478,8
169,-0.11304347826086956,0.06956521739130435,-0.22565217391304349,-0.10434782608695653,-0.01782608695652173,8
170,-0.2217391304347826,0.10990630138925685,-0.36782608695652175,-0.23478260869565218,-0.06695652173913043,8
171,-0.20869565217391306,0.12897736499296805,-0.43956521739130433,-0.1826086956521739,-0.0782608695652174,8
172,-0.2847826086956522,0.09261481914843822,-0.3708695652173913,-0.33043478260869563,-0.1026086956521739,8
173,-0.11956521739130435,0.11335658977811905,-0.32913043478260867,-0.10434782608695653,0.03434782608695653,8
174,-0.24782608695652175,0.09151115295586604,-0.38521739130434784,-0.24347826086956523,-0.12217391304347824,8
175,-0.05869565217391305,0.10806337844901365,-0.27695652173913043,-0.026086956521739132,0.04043478260869565,8
176,-0.2282608695652174,0.12417972827693673,-0.3739130434782609,-0.23478260869565215,-0.026956521739130414,8
177,-0.12391304347826088,0.06144910445696768,-0.21130434782608695,-0.1217391304347826,-0.020869565217391292,8
178,-0.12173913043478261,0.10140785904078783,-0.24913043478260868,-0.13043478260869565,0.037391304347826095,8
179,-0.11521739130434783,0.08131132264897845,-0.24,-0.11304347826086955,-0.014782608695652167,8
180,-0.12391304347826088,0.08992225165194102,-0.22869565217391305,-0.1391304347826087,0.023043478260869568,8
181,-0.10652173913043478,0.10063597390524093,-0.21739130434782608,-0.1391304347826087,0.04869565217391306,8
182,-0.16304347826086957,0.07652050394260017,-0.24913043478260868,-0.17391304347826086,-0.012608695652173893,8
183,-0.13695652173913042,0.11133746110697286,-0.3547826086956522,-0.13043478260869565,-0.011739130434782606,8
184,-0.1826086956521739,0.15211178856118177,-0.30130434782608695,-0.2608695652173913,0.08956521739130435,8
185,-0.25,0.1345545054386416,-0.38521739130434784,-0.2956521739130435,-0.014782608695652167,8
186,-0.1326086956521739,0.11048526747454837,-0.25217391304347825,-0.13043478260869565,0.008695652173913044,8
187,-0.0608695652173913,0.07327086759283791,-0.17956521739130435,-0.034782608695652174,0.008695652173913044,8
188,-0.09782608695652174,0.13314219128506574,-0.3117391304347826,-0.1217391304347826,0.10391304347826089,8
189,-0.16739130434782606,0.11841342462083757,-0.39565217391304347,-0.13043478260869565,-0.04652173913043478,8
190,-0.2108695652173913,0.1428676069621544,-0.4426086956521739,-0.20869565217391306,0.007826086956521754,8
191,-0.16956521739130434,0.14518093788751305,-0.4334782608695652,-0.14782608695652172,0.005652173913043481,8
192,-0.1934782608695652,0.09719603872220939,-0.3526086956521739,-0.20869565217391306,-0.0526086956521739,8
193,-0.10217391304347825,0.07871246517492032,-0.2482608695652174,-0.08695652173913043,0.01086956521739132,8
194,-0.19130434782608696,0.12631164388116478,-0.3791304347826087,-0.20869565217391306,0.01086956521739132,8
195,-0.1891304347826087,0.08061085312060504,-0.31565217391304345,-0.1826086956521739,-0.06999999999999999,8
196,-0.10434782608695652,0.09760845356801587,-0.28,-0.09565217391304348,0.04260869565217393,8
197,-0.22608695652173913,0.05702120455914783,-0.28695652173913044,-0.23478260869565218,-0.11391304347826085,8
198,-0.21521739130434783,0.11873227656018587,-0.36478260869565216,-0.25217391304347825,-0.02913043478260869,8
199,-0.09347826086956523,0.05391129029407497,-0.17652173913043478,-0.08695652173913043,-0.014782608695652167,8
200,-0.12391304347826088,0.05631232107386356,-0.1826086956521739,-0.13043478260869565,-0.032173913043478254,8
201,-0.1826086956521739,0.11698803519194531,-0.30130434782608695,-0.2173913043478261,0.008695652173913044,8
202,-0.10434782608695653,0.10177999922364891,-0.2717391304347826,-0.06956521739130435,0.023043478260869568,8
203,-0.23260869565217393,0.13200146072400232,-0.47347826086956524,-0.20869565217391306,-0.039130434782608664,8
204,-0.11521739130434783,0.08757929164558124,-0.24608695652173912,-0.10434782608695653,0.01391304347826088,8
205,-0.13478260869565217,0.06888251964241243,-0.26565217391304347,-0.13043478260869565,-0.038260869565217376,8
206,-0.22826086956521738,0.09758424211940626,-0.3708695652173913,-0.21739130434782608,-0.07304347826086956,8
207,-0.1456521739130435,0.1291055458374021,-0.3556521739130435,-0.12173913043478261,-0.011739130434782606,8
208,-0.06956521739130435,0.08695652173913043,-0.21956521739130436,-0.06086956521739131,0.02608695652173913,8
209,-0.2673913043478261,0.0867116116312136,-0.3565217391304348,-0.29565217391304344,-0.1191304347826087,8
210,-0.15217391304347827,0.08684775806712253,-0.2921739130434783,-0.15652173913043477,-0.020869565217391292,8
211,-0.27608695652173915,0.06843511408129214,-0.3739130434782609,-0.2608695652173913,-0.18869565217391304,8
212,-0.08260869565217391,0.08374504471416619,-0.2165217391304348,-0.09565217391304348,0.037391304347826095,8
213,-0.07391304347826086,0.108869426309121,-0.2739130434782609,-0.05217391304347826,0.04043478260869565,8
214,-0.21521739130434783,0.09055071999851534,-0.3617391304347826,-0.2,-0.08739130434782608,8
215,-0.1673913043478261,0.1291055458374021,-0.3791304347826087,-0.1391304347826087,-0.014782608695652167,8
216,-0.2434782608695652,0.08994852550250956,-0.38217391304347825,-0.22608695652173913,-0.1191304347826087,8
217,-0.15000000000000002,0.0703421290754932,-0.2604347826086956,-0.15652173913043477,-0.049565217391304345,8
218,-0.2043478260869565,0.07050989017489936,-0.3269565217391304,-0.1826086956521739,-0.10478260869565217,8
219,0.0391304347826087,0.10316356971917107,-0.14173913043478262,0.0782608695652174,0.14478260869565218,8
220,-0.13695652173913045,0.062061314885305204,-0.22565217391304349,-0.1391304347826087,-0.023913043478260853,8
221,-0.2956521739130435,0.09525609695742018,-0.44565217391304346,-0.28695652173913044,-0.13739130434782607,8
222,-0.11521739130434783,0.0670397562830838,-0.19695652173913045,-0.1391304347826087,-0.0004347826086956424,8
223,-0.2217391304347826,0.08597269536210951,-0.3443478260869565,-0.22608695652173913,-0.07913043478260867,8
224,-0.19130434782608696,0.13301790035459438,-0.4191304347826087,-0.1826086956521739,-0.020869565217391292,8
225,-0.1565217391304348,0.07378505542816148,-0.2634782608695652,-0.15652173913043477,-0.038260869565217376,8
226,-0.09565217391304348,0.12956229935435945,-0.26652173913043475,-0.0782608695652174,0.13173913043478264,8
227,-0.1217391304347826,0.07969696860792765,-0.24,-0.11304347826086956,0.007826086956521754,8
228,-0.08478260869565217,0.10138455492487843,-0.22260869565217392,-0.10434782608695653,0.054782608695652185,8
229,-0.1782608695652174,0.08899778039329878,-0.32999999999999996,-0.13043478260869565,-0.09565217391304348,8
230,-0.08478260869565217,0.059574737417585746,-0.1847826086956522,-0.08695652173913043,0.01391304347826088,8
231,-0.20652173913043476,0.14548985114567067,-0.41391304347826086,-0.19130434782608696,0.02217391304347828,8
232,-0.18043478260869567,0.0698025841652275,-0.2891304347826087,-0.19130434782608696,-0.058695652173913024,8
233,-0.08913043478260871,0.10647736431529094,-0.22565217391304349,-0.11304347826086956,0.10913043478260871,8
234,-0.1934782608695652,0.13099517300158983,-0.31869565217391305,-0.2608695652173913,0.016956521739130443,8
235,-0.13478260869565217,0.0998107850717304,-0.3117391304347826,-0.1391304347826087,0.01086956521739132,8
236,-0.08695652173913043,0.11135868239013649,-0.29739130434782607,-0.06086956521739131,0.037391304347826095,8
237,-0.21304347826086956,0.11161302306950814,-0.3391304347826087,-0.22608695652173913,-0.023913043478260853,8
238,-0.20217391304347826,0.13085078588358423,-0.38521739130434784,-0.21739130434782608,-0.003478260869565205,8
239,-0.13695652173913042,0.0838296499332993,-0.21739130434782608,-0.1826086956521739,0.01391304347826088,8
240,-0.2217391304347826,0.08145649563128345,-0.3217391304347826,-0.2173913043478261,-0.11608695652173913,8
241,-0.18695652173913044,0.12228140096021942,-0.3360869565217391,-0.2,-0.02913043478260869,8
242,-0.15869565217391304,0.09758424211940626,-0.30130434782608695,-0.10434782608695653,-0.049565217391304345,8
243,-0.1826086956521739,0.05768043113661565,-0.26956521739130435,-0.15652173913043477,-0.11608695652173913,8
244,-0.17173913043478262,0.08779487176655945,-0.2952173913043478,-0.16521739130434782,-0.023913043478260853,8
245,-0.13043478260869565,0.08385783270428657,-0.23478260869565218,-0.1217391304347826,-0.02608695652173913,8
246,-0.2,0.06148754619013457,-0.2982608695652174,-0.2,-0.11608695652173913,8
247,-0.15000000000000002,0.13706000231433144,-0.36391304347826087,-0.17391304347826086,0.03434782608695653,8
248,-0.1760869565217391,0.11468292773139113,-0.3760869565217391,-0.1391304347826087,-0.06086956521739131,8
249,-0.15217391304347827,0.1368702281625843,-0.37,-0.17391304347826086,0.04043478260869565,8
250,-0.17173913043478262,0.12954406013425723,-0.3443478260869565,-0.20869565217391306,0.0456521739130435,8
251,-0.13478260869565217,0.10056550874974242,-0.2634782608695652,-0.16521739130434782,0.023043478260869568,8
252,-0.1760869565217391,0.06445203078423302,-0.2808695652173913,-0.16521739130434782,-0.08434782608695653,8
253,-0.21739130434782608,0.09078527399052654,-0.3760869565217391,-0.16521739130434782,-0.13043478260869565,8
254,-0.09782608695652174,0.08800992382607462,-0.17956521739130435,-0.13043478260869565,0.07739130434782611,8
255,-0.18043478260869567,0.09931238070000366,-0.34956521739130436,-0.19130434782608696,-0.03521739130434782,8
256,-0.11956521739130435,0.10138455492487843,-0.2717391304347826,-0.1217391304347826,0.05695652173913046,8
257,-0.10217391304347825,0.13128347084247174,-0.2808695652173913,-0.0782608695652174,0.09782608695652176,8
258,-0.2,0.09952628819356171,-0.3617391304347826,-0.19130434782608696,-0.06695652173913043,8
259,-0.13478260869565217,0.11228844843604312,-0.2982608695652174,-0.11304347826086955,0.0026086956521739193,8
260,-0.1934782608695652,0.06503597957239822,-0.26956521739130435,-0.2,-0.07608695652173912,8
261,-0.12608695652173912,0.10852159977694509,-0.3095652173913043,-0.12173913043478261,0.0026086956521739193,8
262,-0.19130434782608696,0.10506996498777889,-0.33304347826086955,-0.20869565217391306,-0.01782608695652173,8
263,-0.06304347826086956,0.0803760067275485,-0.19695652173913045,-0.052173913043478265,0.023043478260869568,8
264,-0.16304347826086957,0.04554853660816731,-0.23173913043478261,-0.14782608695652175,-0.10173913043478261,8
265,-0.1108695652173913,0.12187492426443287,-0.2921739130434783,-0.13043478260869565,0.0691304347826087,8
266,-0.15434782608695652,0.08605511049082386,-0.23173913043478261,-0.1826086956521739,0.01913043478260872,8
267,-0.041304347826086954,0.08037600672754848,-0.14478260869565218,-0.043478260869565216,0.07521739130434783,8
268,-0.20652173913043478,0.10396214957581168,-0.35043478260869565,-0.20869565217391306,-0.026956521739130414,8
269,-0.12608695652173912,0.07765465695431197,-0.21739130434782608,-0.13043478260869565,-0.0004347826086956424,8
270,-0.15,0.08177496901653925,-0.24913043478260868,-0.14782608695652175,-0.032173913043478254,8
271,-0.20217391304347826,0.14405352397416796,-0.3791304347826087,-0.25217391304347825,0.03956521739130437,8
272,-0.18043478260869567,0.04797407932763894,-0.2717391304347826,-0.1826086956521739,-0.1191304347826087,8
273,-0.23260869565217393,0.11809371178731366,-0.4056521739130435,-0.22608695652173913,-0.08434782608695653,8
274,-0.22391304347826085,0.10359784832559873,-0.35043478260869565,-0.23478260869565218,-0.024782608695652145,8
275,0.006521739130434785,0.06474466352971926,-0.10086956521739131,0.008695652173913042,0.0782608695652174,8
276,-0.1782608695652174,0.10131461041505255,-0.3208695652173913,-0.20869565217391306,0.004782608695652193,8
277,-0.15434782608695652,0.09075924237020913,-0.2891304347826087,-0.16521739130434782,-0.04652173913043478,8
278,-0.20652173913043478,0.10101095787381689,-0.3534782608695652,-0.15652173913043477,-0.09869565217391305,8
279,-0.22391304347826088,0.08014047213550766,-0.30130434782608695,-0.2608695652173913,-0.08434782608695653,8
280,-0.13260869565217392,0.13870519252999364,-0.32391304347826083,-0.15652173913043477,0.11217391304347828,8
281,-0.21956521739130433,0.09816366873804902,-0.31869565217391305,-0.25217391304347825,-0.024782608695652145,8
282,-0.26521739130434785,0.0963413904615667,-0.40869565217391307,-0.2434782608695652,-0.13652173913043478,8
283,-0.15652173913043477,0.09722034684781694,-0.3095652173913043,-0.1565217391304348,-0.02913043478260869,8
284,-0.15652173913043477,0.10825999650424985,-0.32999999999999996,-0.13043478260869565,-0.02608695652173913,8
285,-0.12391304347826088,0.07323861099096964,-0.22869565217391305,-0.10434782608695653,-0.006521739130434769,8
286,-0.14782608695652175,0.06846963368705922,-0.2604347826086956,-0.13043478260869565,-0.049565217391304345,8
287,-0.22391304347826085,0.0952312874513457,-0.36782608695652175,-0.22608695652173913,-0.09565217391304348,8
288,-0.2217391304347826,0.1303622987005648,-0.3708695652173913,-0.25217391304347825,-0.0004347826086956424,8
289,-0.2108695652173913,0.07676714601308511,-0.3269565217391304,-0.20869565217391306,-0.07913043478260867,8
290,-0.1956521739130435,0.10782258058814996,-0.3617391304347826,-0.16521739130434782,-0.055652173913043466,8
291,-0.14130434782608695,0.09483345265733581,-0.3178260869565217,-0.13043478260869565,-0.009565217391304332,8
292,-0.24130434782608695,0.07627306431673404,-0.3391304347826087,-0.2434782608695652,-0.12217391304347824,8
293,-0.08913043478260868,0.09034171632687021,-0.21130434782608695,-0.08695652173913043,0.05173913043478262,8
294,-0.16086956521739132,0.09233374165911001,-0.2982608695652174,-0.15652173913043477,-0.009565217391304332,8
295,-0.16739130434782606,0.07552588159147916,-0.24913043478260868,-0.1826086956521739,-0.018695652173913016,8
296,-0.08913043478260871,0.09680627860092313,-0.22565217391304349,-0.09565217391304348,0.05782608695652174,8
297,-0.13260869565217392,0.07602481934802484,-0.2717391304347826,-0.1217391304347826,-0.03521739130434782,8
298,-0.21304347826086956,0.06888251964241243,-0.31869565217391305,-0.2,-0.10782608695652172,8
299,-0.09782608695652173,0.062365166468613266,-0.16521739130434782,-0.11304347826086956,0.016956521739130443,8
300,-0.14565217391304347,0.060519177856848065,-0.26565217391304347,-0.13043478260869565,-0.08130434782608696,8
301,-0.22391304347826085,0.07577576112144946,-0.32999999999999996,-0.23478260869565215,-0.10173913043478261,8
302,-0.2108695652173913,0.09362980637981752,-0.3391304347826087,-0.20869565217391306,-0.08434782608695653,8
303,-0.1282608695652174,0.16185070952551628,-0.43782608695652175,-0.13043478260869565,0.07217391304347827,8
304,-0.01956521739130435,0.0838296499332993,-0.14478260869565218,0.008695652173913042,0.07521739130434783,8
305,-0.1826086956521739,0.05217391304347826,-0.2634782608695652,-0.19130434782608696,-0.11304347826086956,8
306,-0.12608695652173912,0.09151115295586604,-0.2573913043478261,-0.13043478260869565,0.02521739130434784,8
307,-0.24347826086956523,0.09565217391304348,-0.35043478260869565,-0.2782608695652174,-0.07304347826086956,8
308,-0.1282608695652174,0.1026814406836482,-0.24913043478260868,-0.1217391304347826,0.062173913043478295,8
309,-0.06304347826086956,0.09220569591499346,-0.24521739130434783,-0.043478260869565216,0.04869565217391306,8
310,-0.12391304347826088,0.0838296499332993,-0.21434782608695652,-0.16521739130434782,0.005652173913043481,8
311,-0.08695652173913043,0.10506996498777889,-0.22565217391304349,-0.11304347826086956,0.09782608695652176,8
312,-0.08478260869565217,0.0838296499332993,-0.17956521739130435,-0.11304347826086956,0.06608695652173915,8
313,-0.1891304347826087,0.14365930606571112,-0.4365217391304348,-0.1217391304347826,-0.03521739130434782,8
314,-0.15217391304347827,0.0474291831071118,-0.22565217391304349,-0.15652173913043477,-0.06999999999999999,8
315,-0.2043478260869565,0.07957828355531794,-0.28695652173913044,-0.2173913043478261,-0.058695652173913024,8
316,-0.2260869565217391,0.07777627747825355,-0.31869565217391305,-0.2434782608695652,-0.11304347826086956,8
317,-0.2043478260869565,0.09233374165911,-0.31869565217391305,-0.21739130434782608,-0.055652173913043466,8
318,-0.25,0.15638581054280606,-0.4743478260869565,-0.26956521739130435,0.024347826086956556,8
319,-0.12173913043478261,0.11203564110195761,-0.26652173913043475,-0.1217391304347826,0.08260869565217395,8
320,-0.15,0.08539356235392329,-0.2634782608695652,-0.15652173913043477,-0.01782608695652173,8
321,-0.08260869565217391,0.14175513379914007,-0.2543478260869565,-0.10434782608695653,0.1921739130434783,8
322,-0.11956521739130435,0.10962644941846059,-0.30130434782608695,-0.09565217391304348,0.005652173913043481,8
323,-0.04565217391304348,0.06647341239748111,-0.12739130434782608,-0.05217391304347826,0.043478260869565216,8
324,-0.10217391304347825,0.08154347536309153,-0.2082608695652174,-0.1217391304347826,0.0456521739130435,8
325,-0.045652173913043485,0.11777313104853511,-0.26260869565217393,-0.034782608695652174,0.10391304347826089,8
326,-0.18043478260869567,0.07552588159147916,-0.3034782608695652,-0.19130434782608696,-0.055652173913043466,8
327,-0.08260869565217391,0.0832923654811653,-0.2082608695652174,-0.08695652173913043,0.05173913043478262,8
328,-0.18478260869565216,0.09969234337215739,-0.28695652173913044,-0.20869565217391303,-0.04652173913043478,8
329,-0.15434782608695652,0.08822445168566533,-0.26652173913043475,-0.15652173913043477,-0.014782608695652167,8
330,-0.2391304347826087,0.11978241142570357,-0.45695652173913043,-0.2,-0.11608695652173913,8
331,-0.07173913043478261,0.10175678033450827,-0.19695652173913045,-0.0782608695652174,0.11217391304347828,8
332,-0.22608695652173916,0.07630403815123585,-0.30130434782608695,-0.25217391304347825,-0.07913043478260867,8
333,-0.17826086956521736,0.050517174080966315,-0.28304347826086956,-0.16521739130434782,-0.1334782608695652,8
334,-0.12173913043478261,0.09202613255876836,-0.26652173913043475,-0.10434782608695653,-0.008695652173913044,8
335,-0.15000000000000002,0.06474466352971926,-0.23478260869565218,-0.13043478260869565,-0.0782608695652174,8
336,-0.09782608695652173,0.08084501731211761,-0.21130434782608695,-0.10434782608695653,0.023043478260869568,8
337,-0.2217391304347826,0.08684775806712251,-0.36478260869565216,-0.2173913043478261,-0.11608695652173913,8
338,-0.23478260869565215,0.08867860023639626,-0.3360869565217391,-0.2608695652173913,-0.10478260869565217,8
339,-0.2152173913043478,0.07652050394260018,-0.31869565217391305,-0.2,-0.10478260869565217,8
340,-0.043478260869565216,0.06846963368705923,-0.14173913043478262,-0.034782608695652174,0.06608695652173915,8
341,-0.15,0.10629967981215349,-0.3065217391304348,-0.1391304347826087,0.03347826086956525,8
342,-0.1760869565217391,0.07375302371168423,-0.26652173913043475,-0.16521739130434782,-0.06391304347826086,8
343,-0.28695652173913044,0.12419875527900609,-0.4056521739130435,-0.3217391304347826,-0.03391304347826083,8
344,-0.13913043478260867,0.030122622740328304,-0.19391304347826088,-0.13043478260869565,-0.09869565217391305,8
345,-0.15869565217391307,0.12140871309081046,-0.34739130434782606,-0.14782608695652175,0.01086956521739132,8
346,-0.14130434782608695,0.09443394186510205,-0.28391304347826085,-0.1391304347826087,-0.003478260869565205,8
347,-0.21304347826086958,0.06997163886709167,-0.30130434782608695,-0.2173913043478261,-0.10173913043478261,8
348,-0.20217391304347826,0.09179474926398874,-0.31869565217391305,-0.20869565217391306,-0.06391304347826086,8
349,-0.16304347826086957,0.13171473443218357,-0.32391304347826083,-0.1826086956521739,0.09913043478260875,8
350,-0.1760869565217391,0.13271556634432344,-0.35043478260869565,-0.14782608695652172,0.04478260869565221,8
351,-0.10217391304347825,0.09158858449104737,-0.19391304347826088,-0.13043478260869565,0.0856521739130435,8
352,-0.19565217391304346,0.06315582194058239,-0.3095652173913043,-0.1826086956521739,-0.10478260869565217,8
353,-0.2065217391304348,0.12895904304316427,-0.43869565217391304,-0.20869565217391306,-0.020869565217391292,8
354,-0.2,0.14833671399332157,-0.42217391304347823,-0.19130434782608696,0.02521739130434784,8
355,-0.05869565217391305,0.10771294905945647,-0.22260869565217392,-0.017391304347826087,0.05782608695652174,8
356,-0.13478260869565217,0.11262464214772712,-0.2778260869565217,-0.15652173913043477,0.06304347826086959,8
357,-0.15217391304347827,0.07210053892076956,-0.2778260869565217,-0.14782608695652175,-0.0782608695652174,8
358,-0.10652173913043479,0.072720559494251,-0.2,-0.08695652173913043,0.01086956521739132,8
359,-0.08043478260869565,0.07895225998841252,-0.17956521739130435,-0.0782608695652174,0.023043478260869568,8
360,-0.18043478260869564,0.09261481914843822,-0.3269565217391304,-0.1826086956521739,-0.06391304347826086,8
361,-0.07826086956521738,0.07170618479335061,-0.16217391304347825,-0.09565217391304348,0.05695652173913046,8
362,-0.14347826086956522,0.08374504471416619,-0.23478260869565218,-0.15652173913043477,-0.003478260869565205,8
363,-0.17173913043478262,0.05697974966122242,-0.2604347826086956,-0.1826086956521739,-0.09869565217391305,8
364,-0.18913043478260871,0.03978914177765897,-0.24913043478260868,-0.1826086956521739,-0.12217391304347824,8
365,-0.13478260869565217,0.0906811026722357,-0.2573913043478261,-0.15652173913043477,0.005652173913043481,8
366,-0.05217391304347825,0.09643944788182102,-0.20217391304347826,-0.0608695652173913,0.08956521739130435,8
367,-0.09782608695652173,0.09383148632568364,-0.22869565217391305,-0.07826086956521738,0.008695652173913044,8
368,-0.14782608695652172,0.12510864843424485,-0.3269565217391304,-0.14782608695652172,0.04869565217391306,8
369,-0.10217391304347827,0.1250897598331809,-0.22869565217391305,-0.15652173913043477,0.11,8
370,-0.08260869565217391,0.13769641410533143,-0.3004347826086956,-0.0782608695652174,0.08956521739130435,8
371,-0.0891304347826087,0.07871246517492031,-0.2082608695652174,-0.08695652173913043,0.04260869565217393,8
372,-0.1282608695652174,0.06474466352971926,-0.21130434782608695,-0.15652173913043477,-0.032173913043478254,8
373,-0.041304347826086954,0.10945387717542701,-0.17652173913043478,-0.0608695652173913,0.13260869565217392,8
374,-0.16086956521739132,0.06550660510138853,-0.24608695652173912,-0.17391304347826086,-0.06391304347826086,8
375,-0.11521739130434783,0.08843845916003475,-0.23478260869565218,-0.13043478260869565,0.005652173913043481,8
376,-0.2,0.15384179141699245,-0.43956521739130433,-0.1826086956521739,0.005652173913043481,8
377,-0.11956521739130437,0.09443394186510205,-0.2717391304347826,-0.13043478260869565,0.020000000000000004,8
378,-0.0891304347826087,0.11729061704535834,-0.24,-0.10434782608695653,0.13173913043478264,8
379,-0.1782608695652174,0.11093348541020064,-0.31565217391304345,-0.19130434782608696,0.007826086956521754,8
380,-0.2630434782608696,0.13271556634432344,-0.4782608695652174,-0.21739130434782608,-0.13043478260869565,8
381,-0.18043478260869567,0.08843845916003475,-0.32999999999999996,-0.15652173913043477,-0.08130434782608696,8
382,-0.13695652173913042,0.12599321852906176,-0.24913043478260868,-0.2,0.09782608695652176,8
383,-0.07173913043478261,0.102127649100403,-0.25130434782608696,-0.06086956521739131,0.0691304347826087,8
384,-0.1891304347826087,0.10138455492487843,-0.34130434782608693,-0.1826086956521739,-0.038260869565217376,8
385,-0.1,0.05618629557965254,-0.17652173913043478,-0.09565217391304348,-0.003478260869565205,8
386,-0.09565217391304348,0.07874247946206449,-0.1826086956521739,-0.11304347826086956,0.037391304347826095,8
387,-0.1891304347826087,0.12629293520241577,-0.3791304347826087,-0.19130434782608696,-0.01782608695652173,8
388,-0.1108695652173913,0.1291055458374021,-0.32304347826086954,-0.1217391304347826,0.08652173913043479,8
389,-0.14347826086956522,0.08191932035398596,-0.3004347826086956,-0.11304347826086956,-0.06391304347826086,8
390,-0.030434782608695653,0.108869426309121,-0.14782608695652175,-0.04347826086956522,0.09565217391304348,8
391,-0.17608695652173914,0.13012644715632335,-0.3617391304347826,-0.19130434782608696,0.0456521739130435,8
392,-0.13260869565217392,0.0831503978213273,-0.2717391304347826,-0.14782608695652175,-0.014782608695652167,8
393,-0.07391304347826087,0.08508863387296055,-0.17652173913043478,-0.09565217391304348,0.043478260869565216,8
394,-0.08260869565217392,0.12563637631999902,-0.28391304347826085,-0.06086956521739131,0.043478260869565216,8
395,-0.019565217391304346,0.07725806801702984,-0.14478260869565218,0.0,0.08652173913043479,8
396,-0.08043478260869565,0.07990424325864828,-0.20521739130434782,-0.09565217391304348,0.04043478260869565,8
397,-0.0782608695652174,0.10252022715262257,-0.22565217391304349,-0.043478260869565216,0.06608695652173915,8
398,-0.10652173913043478,0.07919132869603035,-0.24608695652173912,-0.0782608695652174,-0.02608695652173913,8
399,-0.11304347826086955,0.09120076940610014,-0.19695652173913045,-0.1391304347826087,0.06304347826086959,8
400,-0.15869565217391307,0.0711437746606677,-0.25217391304347825,-0.15652173913043477,-0.06086956521739131,8
401,-0.14347826086956522,0.07910176260287066,-0.26652173913043475,-0.12173913043478261,-0.049565217391304345,8
402,-0.1891304347826087,0.08822445168566533,-0.3095652173913043,-0.20869565217391306,-0.03521739130434782,8
403,-0.10652173913043478,0.05631232107386356,-0.19391304347826088,-0.11304347826086956,-0.02913043478260869,8
404,-0.13043478260869565,0.07010658911563956,-0.22565217391304349,-0.14782608695652172,-0.006521739130434769,8
405,-0.04565217391304348,0.08671161163121362,-0.12739130434782608,-0.06956521739130435,0.1347826086956522,8
406,-0.2260869565217391,0.10930265295631769,-0.38217391304347825,-0.2173913043478261,-0.07304347826086956,8
407,-0.08043478260869566,0.0692588361829304,-0.19391304347826088,-0.043478260869565216,-0.008695652173913044,8
408,-0.07391304347826086,0.09789852390606697,-0.24,-0.05217391304347826,0.02608695652173913,8
409,-0.10434782608695653,0.07275304578557179,-0.17956521739130435,-0.13043478260869565,0.020000000000000004,8
410,-0.08478260869565218,0.12954406013425723,-0.2082608695652174,-0.1391304347826087,0.17260869565217396,8
411,-0.14130434782608695,0.07919132869603036,-0.2634782608695652,-0.11304347826086958,-0.049565217391304345,8
412,-0.13478260869565217,0.06942921488117962,-0.24608695652173912,-0.11304347826086956,-0.026956521739130414,8
413,-0.12391304347826088,0.07375302371168424,-0.24,-0.13043478260869565,-0.003478260869565205,8
414,-0.13478260869565217,0.16401161838139144,-0.3873913043478261,-0.10434782608695653,0.11739130434782613,8
415,-0.16521739130434782,0.06448868249648401,-0.24608695652173912,-0.17391304347826086,-0.06391304347826086,8
416,-0.12608695652173912,0.05816994852286805,-0.2082608695652174,-0.1391304347826087,-0.020869565217391292,8
417,-0.13478260869565217,0.10131461041505255,-0.31478260869565217,-0.12173913043478261,-0.0004347826086956424,8
418,-0.15869565217391304,0.12326297828117251,-0.30434782608695654,-0.13043478260869565,0.03652173913043481,8
419,-0.1760869565217391,0.05829168555561705,-0.26652173913043475,-0.17391304347826086,-0.08739130434782608,8
420,-0.08260869565217391,0.10990630138925685,-0.26652173913043475,-0.052173913043478265,0.04043478260869565,8
421,-0.14347826086956522,0.05482400092573257,-0.22869565217391305,-0.14782608695652175,-0.06391304347826086,8
422,-0.1391304347826087,0.07530655685082074,-0.24913043478260868,-0.1217391304347826,-0.04652173913043478,8
423,-0.1391304347826087,0.08430747578115354,-0.25217391304347825,-0.13043478260869565,-0.003478260869565205,8
424,-0.12391304347826088,0.102127649100403,-0.2891304347826087,-0.08695652173913043,-0.011739130434782606,8
425,-0.16956521739130437,0.08942158174436145,-0.28391304347826085,-0.19130434782608696,-0.01782608695652173,8
426,-0.12826086956521737,0.09503257823649737,-0.24913043478260868,-0.1391304347826087,0.031304347826086966,8
427,-0.11304347826086956,0.11568812778826149,-0.30130434782608695,-0.0782608695652174,0.04260869565217393,8
428,-0.13043478260869565,0.10506996498777889,-0.2982608695652174,-0.11304347826086956,0.01391304347826088,8
429,-0.13260869565217392,0.07750236291293863,-0.23173913043478261,-0.13043478260869565,-0.01782608695652173,8
430,-0.20217391304347826,0.10594341679140179,-0.3873913043478261,-0.19130434782608696,-0.04130434782608694,8
431,-0.11739130434782608,0.10094075448907738,-0.25217391304347825,-0.08695652173913043,0.005652173913043481,8
432,-0.15,0.13113940114657105,-0.3208695652173913,-0.1826086956521739,0.09173913043478263,8
433,-0.13695652173913045,0.1024971759489242,-0.28391304347826085,-0.14782608695652172,-0.011739130434782606,8
434,-0.09782608695652173,0.09700135442314395,-0.22565217391304349,-0.11304347826086956,0.0856521739130435,8
435,-0.11304347826086956,0.0903678682209849,-0.23173913043478261,-0.10434782608695653,0.005652173913043481,8
436,-0.1673913043478261,0.09342769107367085,-0.2778260869565217,-0.19130434782608696,0.004782608695652193,8
437,-0.1456521739130435,0.10007086336072961,-0.2982608695652174,-0.1391304347826087,-0.014782608695652167,8
438,-0.15869565217391302,0.10212764910040299,-0.31260869565217386,-0.1391304347826087,-0.014782608695652167,8
439,-0.13260869565217392,0.06356605007484106,-0.25130434782608696,-0.1217391304347826,-0.06391304347826086,8
440,-0.15,0.09503257823649736,-0.31260869565217386,-0.1217391304347826,-0.020869565217391292,8
441,-0.18478260869565216,0.09383148632568364,-0.3269565217391304,-0.17391304347826086,-0.038260869565217376,8
442,-0.19130434782608696,0.0960466175407588,-0.30130434782608695,-0.2,-0.00434782608695649,8
443,-0.09565217391304348,0.13803919883815255,-0.2634782608695652,-0.11304347826086956,0.10086956521739132,8
444,-0.03478260869565217,0.07630403815123583,-0.12739130434782608,-0.052173913043478265,0.10913043478260871,8
445,-0.19782608695652176,0.08843845916003476,-0.37826086956521743,-0.17391304347826086,-0.10478260869565217,8
446,-0.09782608695652174,0.060519177856848065,-0.17956521739130435,-0.11304347826086956,-0.011739130434782606,8
447,-0.16956521739130434,0.10641076739582972,-0.31565217391304345,-0.1391304347826087,-0.032173913043478254,8
448,-0.1826086956521739,0.05768043113661565,-0.24913043478260868,-0.20869565217391306,-0.09565217391304348,8
449,-0.13478260869565217,0.08005196799792161,-0.23478260869565218,-0.12173913043478261,-0.006521739130434769,8
450,-0.13695652173913042,0.06445203078423302,-0.24304347826086956,-0.13043478260869565,-0.04652173913043478,8
451,-0.10652173913043478,0.08950082108799522,-0.22869565217391305,-0.10434782608695653,0.0539130434782609,8
452,-0.10869565217391305,0.12742913817176388,-0.33304347826086955,-0.034782608695652174,0.0026086956521739193,8
453,-0.13043478260869565,0.10140785904078783,-0.3004347826086956,-0.13043478260869565,0.02826086956521741,8
454,-0.08043478260869566,0.065325996527464,-0.14478260869565218,-0.10434782608695653,0.0456521739130435,8
455,-0.1956521739130435,0.11024975941831276,-0.33304347826086955,-0.21739130434782608,-0.02608695652173913,8
456,-0.11739130434782608,0.06315582194058239,-0.21739130434782608,-0.10434782608695653,-0.03521739130434782,8
457,-0.030434782608695653,0.07568215298056177,-0.12739130434782608,-0.02608695652173913,0.08956521739130435,8
458,-0.11739130434782608,0.10886942630912098,-0.3095652173913043,-0.07826086956521738,-0.011739130434782606,8
459,-0.12608695652173912,0.08052286598892232,-0.24,-0.13043478260869565,0.02217391304347828,8
460,-0.010869565217391304,0.07942967785410918,-0.16130434782608696,0.008695652173913042,0.07521739130434783,8
461,-0.19565217391304346,0.07716625804042976,-0.32391304347826083,-0.1826086956521739,-0.08739130434782608,8
462,-0.14130434782608695,0.10997078147775424,-0.32391304347826083,-0.13043478260869565,0.016956521739130443,8
463,-0.16739130434782606,0.08405484751817915,-0.26652173913043475,-0.1826086956521739,-0.02913043478260869,8
464,-0.1282608695652174,0.07942967785410918,-0.23478260869565218,-0.10434782608695653,-0.01782608695652173,8
465,-0.1,0.06315582194058239,-0.17956521739130435,-0.11304347826086956,0.01391304347826088,8
466,-0.04565217391304347,0.10594341679140178,-0.23391304347826086,-0.034782608695652174,0.10086956521739132,8
467,-0.05217391304347825,0.09722034684781694,-0.17956521739130435,-0.052173913043478265,0.08956521739130435,8
468,-0.18478260869565216,0.10119792880267288,-0.30130434782608695,-0.19130434782608696,0.004782608695652193,8
469,-0.19130434782608696,0.09799502321377954,-0.358695652173913,-0.1826086956521739,-0.0782608695652174,8
470,-0.09782608695652174,0.08131132264897845,-0.21956521739130436,-0.11304347826086956,0.04260869565217393,8
471,-0.1891304347826087,0.1366456098245019,-0.3217391304347826,-0.22608695652173913,0.08478260869565221,8
472,-0.13695652173913042,0.10504747328999624,-0.3095652173913043,-0.1217391304347826,0.016956521739130443,8
473,-0.18695652173913044,0.07667474821107999,-0.30130434782608695,-0.17391304347826086,-0.08739130434782608,8
474,-0.22826086956521738,0.049141976328075286,-0.31260869565217386,-0.21739130434782608,-0.16521739130434782,8
475,-0.16956521739130434,0.06665091181198213,-0.26652173913043475,-0.16521739130434782,-0.06695652173913043,8
476,-0.0608695652173913,0.06389973242043073,-0.17043478260869566,-0.052173913043478265,0.023043478260869568,8
477,-0.10652173913043478,0.10468694893769134,-0.21434782608695652,-0.14782608695652175,0.07217391304347827,8
478,-0.19565217391304346,0.11883174233666476,-0.3556521739130435,-0.2434782608695652,-0.006521739130434769,8
479,-0.12391304347826088,0.08200580919069572,-0.26260869565217393,-0.13043478260869565,0.007826086956521754,8
480,-0.15652173913043477,0.03689252771408075,-0.2,-0.16521739130434782,-0.09869565217391305,8
481,-0.1608695652173913,0.1259369422431325,-0.36695652173913046,-0.15652173913043477,-0.0004347826086956424,8
482,-0.14130434782608695,0.07725806801702982,-0.24608695652173912,-0.14782608695652172,-0.014782608695652167,8
483,-0.04565217391304348,0.09661080888386508,-0.17043478260869566,-0.06956521739130435,0.1265217391304348,8
484,-0.10869565217391304,0.051992438013484334,-0.16521739130434782,-0.11304347826086956,-0.02913043478260869,8
485,-0.1565217391304348,0.09643944788182102,-0.23478260869565218,-0.20869565217391306,0.02826086956521741,8
486,-0.06739130434782609,0.12047087828258618,-0.2604347826086956,-0.043478260869565216,0.06086956521739131,8
487,-0.11956521739130435,0.11825367625181867,-0.26652173913043475,-0.12173913043478261,0.023043478260869568,8
488,-0.0391304347826087,0.11059215079979917,-0.19391304347826088,-0.03478260869565218,0.09565217391304348,8
489,-0.1108695652173913,0.13228756555322954,-0.23173913043478261,-0.15652173913043477,0.13260869565217392,8
490,-0.1934782608695652,0.05563688648725968,-0.25217391304347825,-0.20869565217391306,-0.10173913043478261,8
491,-0.1217391304347826,0.10860866084171127,-0.2808695652173913,-0.09565217391304348,0.031304347826086966,8
492,-0.13913043478260867,0.12510864843424485,-0.26956521739130435,-0.15652173913043477,0.05695652173913046,8
493,-0.16304347826086957,0.08405484751817914,-0.2808695652173913,-0.15652173913043477,-0.026956521739130414,8
494,-0.18478260869565216,0.12554230189548618,-0.3904347826086957,-0.1826086956521739,-0.020869565217391292,8
495,-0.07608695652173914,0.07942967785410918,-0.21956521739130436,-0.052173913043478265,0.020000000000000004,8
496,-0.16304347826086957,0.10414382232176941,-0.3208695652173913,-0.1826086956521739,-0.008695652173913044,8
497,-0.07826086956521738,0.08385783270428657,-0.19695652173913045,-0.08695652173913043,0.043478260869565216,8
498,-0.013043478260869566,0.12831612663803224,-0.12739130434782608,-0.06956521739130435,0.2339130434782609,8
499,-0.13043478260869565,0.0792211615577765,-0.21434782608695652,-0.16521739130434782,0.005652173913043481,8
500,-0.20652173913043478,0.06503597957239822,-0.2952173913043478,-0.22608695652173913,-0.09043478260869564,8
501,-0.07391304347826087,0.142021591052705,-0.2717391304347826,-0.08695652173913043,0.16434782608695653,8
502,-0.06956521739130435,0.08385783270428657,-0.19391304347826088,-0.06956521739130435,0.05173913043478262,8
503,-0.013043478260869563,0.08728199956471622,-0.15608695652173912,0.008695652173913044,0.10391304347826089,8
504,-0.07608695652173912,0.09138195459558131,-0.2308695652173913,-0.08695652173913043,0.06608695652173915,8
505,-0.06956521739130435,0.14628351166313672,-0.3456521739130435,-0.06956521739130435,0.12130434782608697,8
506,-0.0891304347826087,0.1369220108347803,-0.36086956521739133,-0.026086956521739132,0.037391304347826095,8
507,-0.06304347826086956,0.08494966818513011,-0.19086956521739132,-0.043478260869565216,0.06304347826086959,8
508,0.06521739130434782,0.058169948522868054,-0.023043478260869565,0.0782608695652174,0.13043478260869565,8
509,-3.469446951953614e-18,0.12017630400943698,-0.16521739130434782,0.0,0.1591304347826087,8
510,-0.15217391304347824,0.11560639826355071,-0.3208695652173913,-0.16521739130434782,0.0539130434782609,8
511,-0.08043478260869566,0.10771294905945648,-0.1826086956521739,-0.1217391304347826,0.1265217391304348,8
512,-0.23043478260869565,0.09712307784212469,-0.4191304347826087,-0.2,-0.12217391304347824,8
513,-0.16956521739130434,0.12742913817176385,-0.4295652173913044,-0.13043478260869565,-0.026956521739130414,8
514,-0.21521739130434783,0.09661080888386508,-0.3360869565217391,-0.2434782608695652,-0.0782608695652174,8
515,-0.16086956521739132,0.06833145063261614,-0.2634782608695652,-0.17391304347826086,-0.06391304347826086,8
516,-0.09565217391304348,0.08295123490582136,-0.21739130434782608,-0.06956521739130435,-0.008695652173913044,8
517,-0.23695652173913045,0.10268144068364822,-0.39956521739130435,-0.22608695652173913,-0.07913043478260867,8
518,-0.15217391304347827,0.058169948522868054,-0.23478260869565218,-0.1391304347826087,-0.058695652173913024,8
519,-0.1760869565217391,0.11952568516427195,-0.3873913043478261,-0.1391304347826087,-0.020869565217391292,8
520,-0.16304347826086957,0.1097987504276034,-0.34130434782608693,-0.14782608695652175,-0.032173913043478254,8
521,-0.09130434782608696,0.1071189999543906,-0.2604347826086956,-0.06086956521739131,0.04043478260869565,8
522,-0.16304347826086957,0.11218318128209277,-0.3617391304347826,-0.13043478260869565,-0.032173913043478254,8
523,-0.06739130434782609,0.08736317955395705,-0.19086956521739132,-0.06086956521739131,0.06086956521739131,8
524,-0.18043478260869567,0.1097987504276034,-0.2982608695652174,-0.21739130434782608,-0.008695652173913044,8
525,-0.2,0.12173913043478261,-0.4160869565217391,-0.1826086956521739,-0.0526086956521739,8
526,-0.10652173913043478,0.09797090729777173,-0.24,-0.11304347826086956,0.07130434782608698,8
527,-0.15217391304347824,0.15790451997682503,-0.3534782608695652,-0.1391304347826087,0.05782608695652174,8
528,-0.15000000000000002,0.11318970475604186,-0.32999999999999996,-0.1217391304347826,-0.0004347826086956424,8
529,-0.11521739130434781,0.10378015880243487,-0.2604347826086956,-0.1217391304347826,0.03434782608695653,8
530,-0.09130434782608696,0.09673302374472603,-0.19695652173913045,-0.11304347826086956,0.10000000000000003,8
531,-0.11739130434782608,0.018951734537133363,-0.14478260869565218,-0.11304347826086956,-0.08434782608695653,8
532,-0.05869565217391304,0.11352322947084269,-0.17347826086956522,-0.09565217391304348,0.1695652173913044,8
533,-0.08043478260869565,0.08131132264897845,-0.17956521739130435,-0.09565217391304348,0.04043478260869565,8
534,-0.18478260869565216,0.1073613758683978,-0.3269565217391304,-0.20869565217391303,-0.006521739130434769,8
535,-0.14782608695652175,0.04601306627938418,-0.21130434782608695,-0.15652173913043477,-0.06695652173913043,8
536,-0.18695652173913044,0.13379723959503578,-0.4078260869565217,-0.1826086956521739,0.007826086956521754,8
537,-0.0782608695652174,0.07728864710709207,-0.20521739130434782,-0.08695652173913043,0.02608695652173913,8
538,-0.11521739130434783,0.10594341679140178,-0.2604347826086956,-0.1217391304347826,0.043478260869565216,8
539,-0.1108695652173913,0.08627449927384534,-0.2,-0.13043478260869565,0.02608695652173913,8
540,-0.07608695652173914,0.1115071182889753,-0.2739130434782609,-0.0782608695652174,0.08652173913043479,8
541,-0.12391304347826086,0.06144910445696769,-0.23391304347826086,-0.13043478260869565,-0.04652173913043478,8
542,-0.12608695652173912,0.13180440340194885,-0.3269565217391304,-0.09565217391304348,0.037391304347826095,8
543,-0.13695652173913042,0.12569278717803273,-0.3208695652173913,-0.15652173913043477,0.03434782608695653,8
544,0.028260869565217388,0.12881237362630912,-0.1582608695652174,-0.008695652173913044,0.22869565217391305,8
545,-0.08260869565217391,0.09355406431021746,-0.25956521739130434,-0.0782608695652174,0.037391304347826095,8
546,-0.18043478260869567,0.13171473443218357,-0.3534782608695652,-0.1826086956521739,-0.0004347826086956424,8
547,-0.06739130434782609,0.12866553701702338,-0.3178260869565217,-0.017391304347826084,0.043478260869565216,8
548,-0.06304347826086956,0.05989120571285179,-0.17347826086956522,-0.043478260869565216,-0.008695652173913044,8
549,-0.14782608695652175,0.12111641980160104,-0.24913043478260868,-0.2,0.09173913043478263,8
550,-0.12608695652173912,0.12772548540494244,-0.3360869565217391,-0.08695652173913043,0.03956521739130437,8
551,-0.15,0.065325996527464,-0.2604347826086956,-0.1217391304347826,-0.08130434782608696,8
552,-0.15434782608695652,0.06144910445696769,-0.24608695652173912,-0.14782608695652172,-0.06695652173913043,8
553,-0.14782608695652175,0.08519964322724097,-0.26652173913043475,-0.14782608695652172,-0.014782608695652167,8
554,-0.1934782608695652,0.10823816769134437,-0.3934782608695652,-0.15652173913043477,-0.06999999999999999,8
555,-0.15869565217391304,0.0711437746606677,-0.26652173913043475,-0.14782608695652172,-0.0782608695652174,8
556,-0.2630434782608696,0.08517190445286842,-0.3965217391304348,-0.26956521739130435,-0.14782608695652175,8
557,-0.14565217391304347,0.09302214302319421,-0.24304347826086956,-0.17391304347826086,0.03956521739130437,8
558,-0.14347826086956522,0.09712307784212469,-0.2634782608695652,-0.15652173913043477,0.03347826086956525,8
559,-0.1891304347826087,0.09034171632687021,-0.31260869565217386,-0.19130434782608696,-0.021739130434782573,8
560,-0.2108695652173913,0.11920895539874082,-0.3360869565217391,-0.25217391304347825,-0.003478260869565205,8
561,-0.15869565217391304,0.05829168555561706,-0.28,-0.14782608695652175,-0.10173913043478261,8
562,-0.22391304347826085,0.132144590568949,-0.38521739130434784,-0.25217391304347825,-0.02913043478260869,8
563,-0.14782608695652172,0.057680431136615654,-0.22869565217391305,-0.15652173913043477,-0.0526086956521739,8
564,-0.06956521739130435,0.08910391970399652,-0.2534782608695652,-0.043478260869565216,0.008695652173913044,8
565,-0.11739130434782609,0.09109707321633462,-0.21434782608695652,-0.1391304347826087,0.0539130434782609,8
566,-0.10869565217391304,0.07716625804042977,-0.23173913043478261,-0.08695652173913043,-0.003478260869565205,8
567,-0.1826086956521739,0.06956521739130433,-0.31260869565217386,-0.15652173913043477,-0.11608695652173913,8
568,-0.17391304347826086,0.10614396187594526,-0.38434782608695656,-0.1217391304347826,-0.06999999999999999,8
569,-0.10652173913043478,0.04596168372144777,-0.17347826086956522,-0.1217391304347826,-0.032173913043478254,8
570,-0.19565217391304346,0.07667474821107999,-0.31869565217391305,-0.16521739130434782,-0.11608695652173913,8
571,-0.17173913043478262,0.06898535501140186,-0.25217391304347825,-0.1826086956521739,-0.0526086956521739,8
572,-0.21956521739130436,0.10629967981215349,-0.38217391304347825,-0.21739130434782608,-0.058695652173913024,8
573,-0.21956521739130436,0.09739033384609617,-0.36478260869565216,-0.2434782608695652,-0.08434782608695653,8
574,-0.20869565217391303,0.06622411396403398,-0.31260869565217386,-0.20869565217391306,-0.09652173913043477,8
575,-0.19782608695652174,0.06175596831018171,-0.28695652173913044,-0.1826086956521739,-0.11608695652173913,8
576,-0.15652173913043477,0.13014460475735448,-0.31869565217391305,-0.14782608695652175,0.07130434782608698,8
577,-0.18478260869565216,0.0617559683101817,-0.2634782608695652,-0.2,-0.09565217391304348,8
578,-0.17173913043478262,0.11889138185978536,-0.3526086956521739,-0.16521739130434782,0.030434782608695688,8
579,-0.24782608695652175,0.1005655087497424,-0.3708695652173913,-0.2608695652173913,-0.09869565217391305,8
580,-0.16956521739130434,0.07314175583156836,-0.3034782608695652,-0.15652173913043477,-0.06173913043478259,8
581,-0.1869565217391304,0.04237736671656071,-0.2604347826086956,-0.17391304347826086,-0.1334782608695652,8
582,-0.21304347826086956,0.0881440649248404,-0.33304347826086955,-0.22608695652173913,-0.07304347826086956,8
583,-0.22391304347826085,0.10101095787381689,-0.3360869565217391,-0.24347826086956523,-0.06173913043478259,8
584,-0.1826086956521739,0.07580693814853345,-0.2808695652173913,-0.20869565217391306,-0.08130434782608696,8
585,-0.21739130434782608,0.11169767459708808,-0.36782608695652175,-0.22608695652173913,-0.038260869565217376,8
586,-0.08478260869565216,0.1024971759489242,-0.21739130434782608,-0.09565217391304348,0.08347826086956524,8
587,-0.2108695652173913,0.1169678352375183,-0.3534782608695652,-0.20869565217391306,-0.023913043478260853,8
588,-0.10434782608695653,0.13693926737411846,-0.28608695652173916,-0.14782608695652172,0.12130434782608697,8
589,-0.08478260869565217,0.12925188257560652,-0.23173913043478261,-0.10434782608695653,0.11521739130434784,8
590,-0.13695652173913045,0.15159829018792298,-0.4017391304347826,-0.11304347826086955,0.05173913043478262,8
591,-0.14347826086956522,0.12412262977061041,-0.2921739130434783,-0.17391304347826086,0.10000000000000003,8
592,-0.08260869565217391,0.10352939912861442,-0.26260869565217393,-0.06086956521739131,0.054782608695652185,8
593,-0.16304347826086957,0.18393668262097854,-0.3391304347826087,-0.25217391304347825,0.14695652173913046,8
594,-0.1826086956521739,0.08475473343312143,-0.2982608695652174,-0.17391304347826086,-0.044347826086956504,8
595,-0.2152173913043478,0.14819327797525444,-0.3708695652173913,-0.2608695652173913,0.02521739130434784,8
596,-0.1760869565217391,0.09281870452264868,-0.2891304347826087,-0.21739130434782608,0.001739130434782632,8
597,-0.2108695652173913,0.06898535501140188,-0.28695652173913044,-0.2173913043478261,-0.09043478260869564,8
598,-0.09565217391304348,0.10895620944471016,-0.3282608695652174,-0.052173913043478265,-0.014782608695652167,8
599,-0.10217391304347825,0.11065623124021229,-0.21130434782608695,-0.1391304347826087,0.12043478260869568,8
600,-0.013043478260869563,0.12135031075611184,-0.2165217391304348,-0.008695652173913045,0.14173913043478262,8
601,-0.056521739130434775,0.06008815200471849,-0.13043478260869565,-0.06956521739130435,0.04869565217391306,8
602,-0.18478260869565216,0.11841342462083758,-0.3443478260869565,-0.2,-0.003478260869565205,8
603,-0.1760869565217391,0.08561464638050094,-0.2982608695652174,-0.17391304347826086,-0.06086956521739131,8
604,-0.09130434782608696,0.08099102613129198,-0.24521739130434783,-0.0782608695652174,0.005652173913043481,8
605,-0.2391304347826087,0.06942921488117962,-0.3360869565217391,-0.22608695652173913,-0.1508695652173913,8
606,-0.1608695652173913,0.09828395265615057,-0.2952173913043478,-0.15652173913043477,0.004782608695652193,8
607,-0.1782608695652174,0.07765465695431197,-0.3178260869565217,-0.17391304347826086,-0.08130434782608696,8
608,-0.1565217391304348,0.10578717443996905,-0.3034782608695652,-0.17391304347826086,0.03652173913043481,8
609,-0.16521739130434782,0.08519964322724097,-0.32391304347826083,-0.1391304347826087,-0.06695652173913043,8
610,-0.13478260869565217,0.08419529013494384,-0.25217391304347825,-0.13043478260869565,-0.011739130434782606,8
611,-0.1782608695652174,0.07957828355531794,-0.28391304347826085,-0.15652173913043477,-0.08130434782608696,8
612,-0.16304347826086957,0.16208413414224948,-0.41304347826086957,-0.17391304347826086,0.11434782608695657,8
613,-0.1826086956521739,0.08110764393990275,-0.2778260869565217,-0.2,-0.026956521739130414,8
614,-0.2043478260869565,0.11295983527623113,-0.33304347826086955,-0.22608695652173913,0.013043478260869597,8
615,-0.05217391304347826,0.07874247946206449,-0.14173913043478262,-0.0782608695652174,0.09782608695652176,8
616,-0.09347826086956522,0.057310549245495945,-0.16217391304347825,-0.10434782608695653,0.0026086956521739193,8
617,-0.11956521739130435,0.1274847557512674,-0.28391304347826085,-0.1217391304347826,0.10000000000000003,8
618,-0.1217391304347826,0.08695652173913043,-0.26869565217391306,-0.12173913043478261,0.01086956521739132,8
619,-0.06521739130434782,0.11495047014262856,-0.25130434782608696,-0.08695652173913043,0.09260869565217392,8
620,-0.2217391304347826,0.04899751160688977,-0.2982608695652174,-0.2173913043478261,-0.15391304347826087,8
621,-0.23478260869565218,0.1526080763024717,-0.4773913043478261,-0.22608695652173913,-0.023913043478260853,8
622,-0.10869565217391305,0.07467636537964203,-0.21434782608695652,-0.11304347826086956,0.0026086956521739193,8
623,-0.11956521739130435,0.07577576112144946,-0.19695652173913045,-0.1391304347826087,0.02826086956521741,8
624,-0.15869565217391304,0.07167322400797624,-0.2573913043478261,-0.1826086956521739,-0.04652173913043478,8
625,-0.16086956521739132,0.09712307784212468,-0.34130434782608693,-0.1391304347826087,-0.06086956521739131,8
626,-0.24782608695652175,0.13122946324162235,-0.43130434782608695,-0.2608695652173913,-0.026956521739130414,8
627,-0.20869565217391306,0.08782178207271371,-0.3443478260869565,-0.2,-0.07304347826086956,8
628,-0.17173913043478262,0.05697974966122243,-0.28304347826086956,-0.16521739130434782,-0.10173913043478261,8
629,-0.17826086956521742,0.12412262977061042,-0.37826086956521743,-0.2173913043478261,-0.02608695652173913,8
630,-0.18478260869565216,0.11352322947084269,-0.3760869565217391,-0.15652173913043477,-0.015652173913043452,8
631,-0.19130434782608696,0.15482168534578136,-0.41695652173913045,-0.1391304347826087,-0.0004347826086956424,8
632,-0.09565217391304348,0.06735623210795508,-0.21347826086956523,-0.10434782608695653,0.0026086956521739193,8
633,-0.23043478260869565,0.10056550874974242,-0.31869565217391305,-0.2782608695652174,-0.03304347826086954,8
634,-0.12391304347826088,0.10823816769134437,-0.26652173913043475,-0.12173913043478261,0.06826086956521742,8
635,-0.15217391304347824,0.10747136603746325,-0.3095652173913043,-0.1391304347826087,0.01391304347826088,8
636,-0.21956521739130436,0.09423355131170975,-0.30434782608695654,-0.25217391304347825,-0.06695652173913043,8
637,-0.18695652173913047,0.1259369422431325,-0.3730434782608696,-0.2,0.030434782608695688,8
638,-0.21304347826086956,0.07618006725189232,-0.30130434782608695,-0.23478260869565218,-0.09565217391304348,8
639,-0.1108695652173913,0.11777313104853511,-0.3034782608695652,-0.08695652173913043,0.02608695652173913,8
640,-0.11956521739130435,0.1289590430431643,-0.2891304347826087,-0.1391304347826087,0.11739130434782613,8
641,-0.10217391304347825,0.09873969521022403,-0.2604347826086956,-0.06956521739130435,0.031304347826086966,8
642,-0.03260869565217391,0.08605511049082386,-0.17043478260869566,-0.017391304347826084,0.07521739130434783,8
643,-0.21739130434782608,0.10720720005163437,-0.39565217391304347,-0.21739130434782608,-0.039130434782608664,8
644,-0.1282608695652174,0.12674118127955136,-0.38956521739130434,-0.06956521739130435,-0.02913043478260869,8
645,-0.15000000000000002,0.07246014483695198,-0.21739130434782608,-0.16521739130434782,-0.020869565217391292,8
646,-0.1282608695652174,0.11615695658602214,-0.28695652173913044,-0.1217391304347826,0.0456521739130435,8
647,-0.25217391304347825,0.10649955403405122,-0.38521739130434784,-0.2782608695652174,-0.09869565217391305,8
648,-0.14782608695652175,0.10578717443996903,-0.32913043478260867,-0.15652173913043477,0.02217391304347828,8
649,-0.11521739130434783,0.11451797557448629,-0.2634782608695652,-0.11304347826086958,0.06304347826086959,8
650,-0.1760869565217391,0.07007287591863563,-0.25217391304347825,-0.2,-0.0526086956521739,8
651,-0.16521739130434782,0.0960466175407588,-0.2778260869565217,-0.1826086956521739,0.02739130434782612,8
652,-0.13043478260869565,0.15334949642215998,-0.4491304347826087,-0.10434782608695653,0.01391304347826088,8
653,-0.12608695652173912,0.07568215298056179,-0.2543478260869565,-0.10434782608695653,-0.032173913043478254,8
654,-0.2282608695652174,0.1304166654084404,-0.48260869565217396,-0.1826086956521739,-0.09869565217391305,8
655,-0.15434782608695652,0.13243038617841768,-0.31565217391304345,-0.19130434782608696,0.06608695652173915,8
656,-0.13260869565217392,0.051029106931763046,-0.21130434782608695,-0.1217391304347826,-0.0526086956521739,8
657,-0.13695652173913042,0.09719603872220937,-0.28391304347826085,-0.1217391304347826,0.0026086956521739193,8
658,-0.23043478260869563,0.06721576014669697,-0.3217391304347826,-0.22608695652173913,-0.13652173913043478,8
659,-0.15000000000000002,0.08971178383462325,-0.3208695652173913,-0.1217391304347826,-0.038260869565217376,8
660,-0.17173913043478262,0.09950254340300702,-0.3065217391304348,-0.2,0.01608695652173916,8
661,-0.010869565217391308,0.12156431547839838,-0.1991304347826087,-0.017391304347826084,0.17347826086956522,8
662,-0.20217391304347826,0.0831503978213273,-0.30130434782608695,-0.22608695652173913,-0.06695652173913043,8
663,-0.20652173913043478,0.06326796613415325,-0.33217391304347826,-0.2,-0.13652173913043478,8
664,-0.14565217391304347,0.06114070048010971,-0.24304347826086956,-0.14782608695652172,-0.0782608695652174,8
665,-0.16521739130434782,0.08739022279235556,-0.31565217391304345,-0.11304347826086956,-0.09565217391304348,8
666,-0.10217391304347827,0.047578410061389756,-0.14782608695652175,-0.11304347826086956,-0.01782608695652173,8
667,-0.2630434782608696,0.12140871309081047,-0.4230434782608696,-0.2782608695652174,-0.050434782608695626,8
668,-0.18043478260869567,0.07990424325864828,-0.3352173913043478,-0.15652173913043477,-0.09869565217391305,8
669,-0.10652173913043478,0.07823067050194166,-0.19391304347826088,-0.14782608695652175,0.023043478260869568,8
670,-0.09347826086956522,0.0909672867517725,-0.2543478260869565,-0.06086956521739131,0.005652173913043481,8
671,-0.11521739130434783,0.11184566060353532,-0.2778260869565217,-0.1217391304347826,0.07739130434782611,8
672,-0.24782608695652175,0.04237736671656071,-0.28695652173913044,-0.26956521739130435,-0.18565217391304348,8
673,-0.14347826086956522,0.11462109849099189,-0.2982608695652174,-0.15652173913043477,0.023043478260869568,8
674,-0.15000000000000002,0.09423355131170975,-0.26652173913043475,-0.13043478260869565,-0.003478260869565205,8
675,-0.17391304347826086,0.12017630400943699,-0.31869565217391305,-0.17391304347826086,0.016956521739130443,8
676,-0.12173913043478261,0.07064381221422573,-0.21130434782608695,-0.14782608695652175,-0.011739130434782606,8
677,-0.18695652173913044,0.07157425057893185,-0.3065217391304348,-0.1826086956521739,-0.07608695652173912,8
678,-0.17173913043478262,0.12478715337883622,-0.33304347826086955,-0.1826086956521739,-0.014782608695652167,8
679,-0.13043478260869565,0.08475473343312143,-0.23173913043478261,-0.16521739130434782,0.005652173913043481,8
680,-0.13478260869565217,0.09905031086864799,-0.2634782608695652,-0.15652173913043477,0.023043478260869568,8
681,-0.1673913043478261,0.10594341679140178,-0.3065217391304348,-0.19130434782608696,0.016956521739130443,8
682,-0.11739130434782609,0.10131461041505256,-0.2604347826086956,-0.12173913043478261,0.037391304347826095,8
683,-0.1934782608695652,0.07871246517492031,-0.31565217391304345,-0.1826086956521739,-0.09869565217391305,8
684,-0.05434782608695652,0.09680627860092313,-0.20521739130434782,-0.052173913043478265,0.08652173913043479,8
685,-0.14130434782608695,0.06206131488530521,-0.21130434782608695,-0.14782608695652175,-0.015652173913043452,8
686,-0.09565217391304348,0.12419875527900608,-0.29739130434782607,-0.10434782608695653,0.07521739130434783,8
687,-0.1826086956521739,0.10685396284734354,-0.32999999999999996,-0.1826086956521739,-0.01782608695652173,8
688,-0.21739130434782608,0.1153608622732313,-0.3730434782608696,-0.23478260869565215,-0.00434782608695649,8
689,-0.13043478260869565,0.09643944788182102,-0.3034782608695652,-0.09565217391304348,-0.014782608695652167,8
690,-0.19130434782608696,0.10362065467663466,-0.30130434782608695,-0.23478260869565218,-0.023913043478260853,8
691,-0.16956521739130437,0.09475867268566682,-0.31565217391304345,-0.1217391304347826,-0.06391304347826086,8
692,-0.20652173913043478,0.0847268489995873,-0.37826086956521743,-0.17391304347826086,-0.1334782608695652,8
693,-0.052173913043478265,0.07223151185146152,-0.1673913043478261,-0.06086956521739131,0.05173913043478262,8
694,-0.20217391304347826,0.06590220170097442,-0.31260869565217386,-0.19130434782608696,-0.13043478260869565,8
695,-0.16956521739130434,0.15004725153684695,-0.39956521739130435,-0.14782608695652175,0.05695652173913046,8
696,-0.14565217391304347,0.048755785852186526,-0.21739130434782608,-0.1391304347826087,-0.08130434782608696,8
697,-0.2717391304347826,0.1599710512563933,-0.48347826086956525,-0.30434782608695654,-0.02913043478260869,8
698,-0.16304347826086957,0.09854806049254901,-0.3526086956521739,-0.1391304347826087,-0.049565217391304345,8
699,-0.10652173913043478,0.13581303171684586,-0.3004347826086956,-0.13043478260869565,0.12956521739130436,8
700,-0.09782608695652173,0.10486736604515076,-0.24304347826086956,-0.13043478260869565,0.07739130434782611,8
701,-0.17173913043478262,0.06020601053967926,-0.2604347826086956,-0.19130434782608696,-0.08434782608695653,8
702,-0.15217391304347824,0.06777590116573867,-0.24913043478260868,-0.15652173913043477,-0.049565217391304345,8
703,-0.12391304347826088,0.07774589018368551,-0.23478260869565218,-0.10434782608695653,-0.032173913043478254,8
704,-0.06956521739130433,0.1338678636377448,-0.21739130434782608,-0.0782608695652174,0.18913043478260874,8
705,-0.08478260869565218,0.07774589018368551,-0.2,-0.0782608695652174,0.023043478260869568,8
706,-0.19565217391304346,0.09395731645641005,-0.37521739130434784,-0.2,-0.09869565217391305,8
707,-0.13695652173913042,0.15084826312461364,-0.41,-0.12173913043478261,0.07434782608695654,8
708,-0.12391304347826088,0.08246555103648112,-0.21130434782608695,-0.15652173913043477,0.02826086956521741,8
709,-0.13043478260869565,0.10649955403405123,-0.26652173913043475,-0.15652173913043477,0.037391304347826095,8
710,-0.2043478260869565,0.080991026131292,-0.30434782608695654,-0.19130434782608696,-0.09565217391304348,8
711,-0.08695652173913043,0.12389397259804355,-0.2604347826086956,-0.08695652173913043,0.09782608695652176,8
712,-0.1826086956521739,0.07064381221422573,-0.26652173913043475,-0.1826086956521739,-0.07304347826086956,8
713,-0.15869565217391304,0.054953150694628417,-0.24608695652173912,-0.14782608695652175,-0.07304347826086956,8
714,-0.2630434782608696,0.13992639166742696,-0.5060869565217392,-0.24347826086956523,-0.09043478260869564,8
715,-0.2565217391304348,0.10168709185675218,-0.40869565217391307,-0.22608695652173913,-0.1334782608695652,8
716,-0.11304347826086956,0.0602452454806566,-0.21956521739130436,-0.10434782608695653,-0.020869565217391292,8
717,-0.07391304347826087,0.10242799121208475,-0.26565217391304347,-0.017391304347826084,0.008695652173913044,8
718,-0.16304347826086957,0.08360384575230179,-0.2634782608695652,-0.1826086956521739,-0.009565217391304332,8
719,-0.1782608695652174,0.08145649563128345,-0.3065217391304348,-0.17391304347826086,-0.06391304347826086,8
720,-0.2217391304347826,0.07667474821108,-0.30434782608695654,-0.2434782608695652,-0.10478260869565217,8
721,-0.19130434782608696,0.10542917959114906,-0.3526086956521739,-0.2,-0.012608695652173893,8
722,-0.15217391304347827,0.11883174233666477,-0.36086956521739133,-0.14782608695652175,0.03652173913043481,8
723,-0.17173913043478262,0.13581303171684586,-0.41304347826086957,-0.1391304347826087,0.01913043478260872,8
724,-0.11304347826086955,0.0948583662142236,-0.24608695652173912,-0.09565217391304348,0.020000000000000004,8
725,-0.2630434782608696,0.149336908657353,-0.5039130434782609,-0.2608695652173913,-0.07304347826086956,8
726,-0.0934782608695652,0.1145179755744863,-0.23173913043478261,-0.09565217391304348,0.07217391304347827,8
727,-0.20652173913043478,0.0667571849251482,-0.28695652173913044,-0.20869565217391306,-0.09043478260869564,8
728,-0.1108695652173913,0.11116754500474432,-0.2543478260869565,-0.14782608695652175,0.07217391304347827,8
729,-0.09347826086956522,0.09220569591499346,-0.19391304347826088,-0.11304347826086956,0.0939130434782609,8
730,-0.0891304347826087,0.1428676069621544,-0.33217391304347826,-0.06956521739130435,0.10391304347826089,8
731,-0.1826086956521739,0.13803919883815255,-0.30434782608695654,-0.2608695652173913,0.05695652173913046,8
732,-0.19782608695652176,0.13427323101462835,-0.3904347826086957,-0.22608695652173913,0.008695652173913044,8
733,-0.11521739130434783,0.09096728675177251,-0.23478260869565218,-0.0782608695652174,-0.011739130434782606,8
734,-0.10652173913043478,0.072720559494251,-0.2,-0.10434782608695653,-0.011739130434782606,8
735,-0.14130434782608697,0.0620613148853052,-0.21739130434782608,-0.15652173913043477,-0.06086956521739131,8
736,-0.26956521739130435,0.08952721861727828,-0.43956521739130433,-0.23478260869565215,-0.17130434782608694,8
737,-0.21304347826086956,0.08984338399900793,-0.3617391304347826,-0.2,-0.09869565217391305,8
738,-0.15217391304347827,0.06833145063261614,-0.24,-0.16521739130434782,-0.018695652173913016,8
739,-0.16304347826086957,0.11712933733064516,-0.3526086956521739,-0.17391304347826086,0.016956521739130443,8
740,-0.09130434782608696,0.07765465695431197,-0.21130434782608695,-0.09565217391304348,0.020000000000000004,8
741,-0.16521739130434782,0.06735623210795508,-0.2634782608695652,-0.17391304347826086,-0.0526086956521739,8
742,-0.07391304347826087,0.16285496348111342,-0.3691304347826087,-0.034782608695652174,0.16347826086956527,8
743,-0.09782608695652174,0.11809371178731365,-0.2747826086956522,-0.09565217391304348,0.054782608695652185,8
744,-0.12826086956521737,0.06532599652746399,-0.24,-0.1217391304347826,-0.032173913043478254,8
745,-0.11304347826086956,0.0602452454806566,-0.2082608695652174,-0.10434782608695653,-0.043478260869565216,8
746,-0.14782608695652172,0.07064381221422573,-0.2604347826086956,-0.14782608695652172,-0.049565217391304345,8
747,-0.1108695652173913,0.10414382232176941,-0.30565217391304345,-0.10434782608695653,0.03956521739130437,8
748,-0.2173913043478261,0.057680431136615654,-0.28391304347826085,-0.23478260869565215,-0.1334782608695652,8
749,-0.1934782608695652,0.08292274401200284,-0.2921739130434783,-0.21739130434782608,-0.038260869565217376,8
750,-0.21956521739130436,0.07451798478696786,-0.3217391304347826,-0.22608695652173913,-0.11608695652173913,8
751,-0.20869565217391306,0.11859288432161616,-0.3904347826086957,-0.22608695652173913,-0.038260869565217376,8
752,-0.17391304347826086,0.08994852550250958,-0.3269565217391304,-0.14782608695652175,-0.0526086956521739,8
753,-0.1760869565217391,0.10683184674178796,-0.3526086956521739,-0.19130434782608696,-0.02913043478260869,8
754,-0.12608695652173912,0.12890406156846604,-0.31260869565217386,-0.06956521739130435,0.005652173913043481,8
755,-0.12608695652173912,0.10676547093746673,-0.2634782608695652,-0.12173913043478261,0.023043478260869568,8
756,-0.2673913043478261,0.07502362576842346,-0.3565217391304348,-0.2608695652173913,-0.1343478260869565,8
757,-0.1891304347826087,0.08014047213550765,-0.2808695652173913,-0.20869565217391306,-0.06086956521739131,8
758,-0.1782608695652174,0.06833145063261614,-0.26652173913043475,-0.19130434782608696,-0.055652173913043466,8
759,-0.25,0.11745167529773999,-0.4539130434782609,-0.23478260869565218,-0.10478260869565217,8
760,-0.2152173913043478,0.07895225998841252,-0.30434782608695654,-0.20869565217391306,-0.07608695652173912,8
761,-0.22391304347826088,0.08865195001784208,-0.35043478260869565,-0.23478260869565215,-0.08434782608695653,8
762,-0.06956521739130435,0.07480282840906631,-0.17956521739130435,-0.06086956521739131,0.04043478260869565,8
763,-0.1826086956521739,0.1182736565976995,-0.40695652173913044,-0.17391304347826086,-0.032173913043478254,8
764,-0.20217391304347826,0.08886492798247694,-0.31260869565217386,-0.23478260869565215,-0.044347826086956504,8
765,-0.11521739130434783,0.10700864760207798,-0.23173913043478261,-0.15652173913043477,0.07434782608695654,8
766,-0.13260869565217392,0.08037600672754848,-0.25217391304347825,-0.13043478260869565,-0.02913043478260869,8
767,-0.18695652173913047,0.11059215079979916,-0.31565217391304345,-0.2173913043478261,0.01913043478260872,8
768,-0.13478260869565217,0.11946636229594858,-0.28695652173913044,-0.1391304347826087,0.020000000000000004,8
769,-0.17391304347826086,0.1275032895531755,-0.3708695652173913,-0.14782608695652172,-0.011739130434782606,8
770,-0.14782608695652175,0.11731076141940906,-0.36391304347826087,-0.11304347826086956,-0.0004347826086956424,8
771,-0.1826086956521739,0.11503266569846046,-0.3443478260869565,-0.1826086956521739,-0.009565217391304332,8
772,-0.23043478260869563,0.0998107850717304,-0.3534782608695652,-0.22608695652173913,-0.07608695652173912,8
773,-0.18043478260869564,0.08360384575230179,-0.3208695652173913,-0.1826086956521739,-0.06695652173913043,8
774,-0.19130434782608696,0.09643944788182102,-0.31565217391304345,-0.2,-0.018695652173913016,8
775,-0.2217391304347826,0.06008815200471849,-0.3269565217391304,-0.20869565217391306,-0.13956521739130434,8
776,-0.2108695652173913,0.1217197189492993,-0.3760869565217391,-0.22608695652173913,0.021304347826087,8
777,-0.16086956521739132,0.10497996928390987,-0.358695652173913,-0.1217391304347826,-0.06391304347826086,8
778,-0.1173913043478261,0.08052286598892232,-0.22869565217391305,-0.11304347826086956,0.02217391304347828,8
779,-0.09782608695652174,0.07502362576842346,-0.21434782608695652,-0.07826086956521738,-0.011739130434782606,8
780,-0.10434782608695652,0.09405785935993016,-0.2634782608695652,-0.0782608695652174,0.01391304347826088,8
781,-0.20652173913043478,0.11031403875100239,-0.3760869565217391,-0.20869565217391306,-0.015652173913043452,8
782,-0.20217391304347826,0.10414382232176943,-0.33304347826086955,-0.20869565217391306,-0.023913043478260853,8
783,-0.21739130434782605,0.09202613255876836,-0.31869565217391305,-0.22608695652173913,-0.050434782608695626,8
784,-0.13043478260869565,0.0952560969574202,-0.28391304347826085,-0.11304347826086956,-0.014782608695652167,8
785,-0.15,0.10558595169200774,-0.26956521739130435,-0.16521739130434782,0.01391304347826088,8
786,-0.18913043478260871,0.072720559494251,-0.2952173913043478,-0.19130434782608696,-0.07304347826086956,8
787,-0.17391304347826086,0.12111641980160104,-0.3617391304347826,-0.1565217391304348,-0.02608695652173913,8
788,-0.13478260869565217,0.1064107673958297,-0.31260869565217386,-0.09565217391304348,-0.0004347826086956424,8
789,-0.17826086956521736,0.09751157170437305,-0.3095652173913043,-0.21739130434782608,-0.032173913043478254,8
790,-0.20652173913043478,0.06144910445696769,-0.28391304347826085,-0.20869565217391306,-0.10478260869565217,8
791,-0.17826086956521742,0.08597269536210951,-0.3065217391304348,-0.1826086956521739,-0.026956521739130414,8
792,-0.08913043478260871,0.12599321852906176,-0.24304347826086956,-0.10434782608695652,0.11217391304347828,8
793,-0.07173913043478262,0.14180513267217768,-0.2921739130434783,-0.034782608695652174,0.10391304347826089,8
794,-0.1673913043478261,0.07942967785410918,-0.2808695652173913,-0.1391304347826087,-0.044347826086956504,8
795,-0.06739130434782609,0.12629293520241577,-0.29130434782608694,-0.03478260869565218,0.08347826086956524,8
796,-0.08260869565217391,0.08419529013494384,-0.21434782608695652,-0.0782608695652174,0.03434782608695653,8
797,-0.13478260869565217,0.1238176597034621,-0.2982608695652174,-0.1391304347826087,0.023043478260869568,8
798,-0.1,0.07765465695431197,-0.2082608695652174,-0.09565217391304348,0.03956521739130437,8
799,-0.15434782608695652,0.09403273371253117,-0.2952173913043478,-0.1391304347826087,-0.020869565217391292,8
800,-0.20652173913043478,0.062061314885305204,-0.26652173913043475,-0.2173913043478261,-0.08217391304347824,8
801,-0.05652173913043479,0.1001888575808949,-0.18782608695652175,-0.0782608695652174,0.11521739130434784,8
802,-0.12608695652173912,0.07518094115561122,-0.21130434782608695,-0.1391304347826087,0.01391304347826088,8
803,-0.1956521739130435,0.08508863387296055,-0.3526086956521739,-0.1826086956521739,-0.09869565217391305,8
804,-0.2,0.09120076940610014,-0.30130434782608695,-0.22608695652173913,-0.04130434782608694,8
805,-0.14782608695652172,0.12017630400943699,-0.2891304347826087,-0.2,0.07434782608695654,8
806,-0.13478260869565217,0.09192336744289555,-0.24913043478260868,-0.13043478260869565,0.01086956521739132,8
807,-0.15434782608695652,0.11952568516427195,-0.34956521739130436,-0.16521739130434782,-0.011739130434782606,8
808,-0.14565217391304347,0.08405484751817914,-0.24608695652173912,-0.17391304347826086,-0.0004347826086956424,8
809,-0.13695652173913042,0.0851719044528684,-0.2747826086956522,-0.13043478260869565,-0.003478260869565205,8
810,-0.15,0.09854806049254901,-0.3178260869565217,-0.15652173913043477,-0.0004347826086956424,8
811,-0.2391304347826087,0.11462109849099188,-0.41695652173913045,-0.19130434782608696,-0.11304347826086956,8
812,-0.12391304347826088,0.09758424211940626,-0.2921739130434783,-0.09565217391304348,0.01086956521739132,8
813,-0.1934782608695652,0.09403273371253117,-0.31565217391304345,-0.21739130434782608,-0.026956521739130414,8
814,-0.13260869565217392,0.07798865702022652,-0.2717391304347826,-0.13043478260869565,-0.032173913043478254,8
815,-0.1826086956521739,0.09565217391304348,-0.37826086956521743,-0.1391304347826087,-0.09869565217391305,8
816,-0.1108695652173913,0.0740088892632574,-0.25130434782608696,-0.0782608695652174,-0.032173913043478254,8
817,-0.17826086956521742,0.08005196799792162,-0.30434782608695654,-0.15652173913043477,-0.09565217391304348,8
818,-0.22391304347826085,0.09680627860092313,-0.36782608695652175,-0.17391304347826086,-0.11608695652173913,8
819,-0.10217391304347825,0.12417972827693671,-0.25217391304347825,-0.13043478260869565,0.10913043478260871,8
820,-0.13695652173913042,0.11501212231662,-0.2778260869565217,-0.15652173913043477,0.05173913043478262,8
821,-0.16304347826086957,0.12998109503371086,-0.38434782608695656,-0.1391304347826087,0.02217391304347828,8
822,-0.12608695652173912,0.07957828355531794,-0.24,-0.14782608695652175,0.01391304347826088,8
823,-0.19782608695652174,0.10157083814107536,-0.31260869565217386,-0.22608695652173913,0.001739130434782632,8
824,-0.13043478260869565,0.14235396124995564,-0.40695652173913044,-0.11304347826086956,0.03434782608695653,8
825,-0.08913043478260868,0.1441846904242646,-0.3117391304347826,-0.1217391304347826,0.15521739130434786,8
826,-0.1391304347826087,0.08994852550250958,-0.22869565217391305,-0.16521739130434782,0.03956521739130437,8
827,-0.2043478260869565,0.08597269536210951,-0.3534782608695652,-0.16521739130434782,-0.13043478260869565,8
828,-0.20217391304347826,0.08131132264897845,-0.31565217391304345,-0.2,-0.06999999999999999,8
829,-0.1826086956521739,0.09722034684781694,-0.3065217391304348,-0.22608695652173913,-0.009565217391304332,8
830,-0.17173913043478262,0.08907739673281685,-0.3178260869565217,-0.1826086956521739,-0.026956521739130414,8
831,-0.15652173913043477,0.11237259115930508,-0.30130434782608695,-0.1391304347826087,0.01086956521739132,8
832,-0.10869565217391304,0.06997163886709167,-0.2,-0.13043478260869565,-0.011739130434782606,8
833,-0.17173913043478262,0.0667571849251482,-0.26956521739130435,-0.14782608695652172,-0.09869565217391305,8
834,-0.21521739130434783,0.09302214302319421,-0.36695652173913046,-0.22608695652173913,-0.06173913043478259,8
835,-0.15,0.08757929164558123,-0.23173913043478261,-0.19130434782608696,0.01086956521739132,8
836,-0.2043478260869565,0.05751633284923023,-0.2952173913043478,-0.19130434782608696,-0.13043478260869565,8
837,-0.1782608695652174,0.10461921230883447,-0.2952173913043478,-0.2173913043478261,0.02217391304347828,8
838,-0.1673913043478261,0.12094070474522717,-0.31565217391304345,-0.1826086956521739,0.05913043478260873,8
839,-0.1673913043478261,0.09777776584369138,-0.32391304347826083,-0.14782608695652175,-0.020869565217391292,8
840,-0.15217391304347827,0.10852159977694509,-0.3178260869565217,-0.16521739130434782,0.03956521739130437,8
841,-0.22391304347826088,0.11825367625181867,-0.3708695652173913,-0.22608695652173913,-0.03521739130434782,8
842,-0.17173913043478262,0.12689024476097815,-0.3360869565217391,-0.1826086956521739,0.01391304347826088,8
843,-0.11956521739130435,0.09797090729777172,-0.24913043478260868,-0.1391304347826087,0.005652173913043481,8
844,-0.13478260869565217,0.12802114664639527,-0.31565217391304345,-0.11304347826086956,0.020000000000000004,8
845,-0.13043478260869565,0.14155496170521484,-0.35043478260869565,-0.09565217391304348,0.07434782608695654,8
846,-0.16521739130434782,0.08016995180254687,-0.2921739130434783,-0.16521739130434782,-0.038260869565217376,8
847,-0.05652173913043478,0.09109707321633463,-0.18782608695652175,-0.06956521739130435,0.08652173913043479,8
848,-0.19130434782608696,0.11203564110195761,-0.39565217391304347,-0.17391304347826086,-0.0526086956521739,8
849,-0.0934782608695652,0.08928935990396891,-0.24304347826086956,-0.0782608695652174,0.031304347826086966,8
850,-0.1108695652173913,0.07750236291293865,-0.2082608695652174,-0.11304347826086956,0.03652173913043481,8
851,-0.10217391304347825,0.05697974966122242,-0.17956521739130435,-0.09565217391304348,-0.014782608695652167,8
852,-0.08478260869565218,0.08561464638050094,-0.24217391304347827,-0.0782608695652174,0.04260869565217393,8
853,-0.1826086956521739,0.05635426694267705,-0.2778260869565217,-0.14782608695652175,-0.13043478260869565,8
854,-0.14347826086956522,0.1216614659098541,-0.31869565217391305,-0.14782608695652175,0.005652173913043481,8
855,-0.19782608695652174,0.09261481914843822,-0.3217391304347826,-0.21739130434782608,-0.0526086956521739,8
856,-0.12173913043478261,0.0968306845709569,-0.22869565217391305,-0.16521739130434782,0.03434782608695653,8
857,-0.2152173913043478,0.09013222800707774,-0.3360869565217391,-0.21739130434782608,-0.058695652173913024,8
858,-0.2326086956521739,0.06871078534469177,-0.31565217391304345,-0.25217391304347825,-0.11608695652173913,8
859,-0.15434782608695652,0.10286537534192156,-0.32391304347826083,-0.14782608695652172,0.004782608695652193,8
860,-0.04782608695652174,0.05412999825212493,-0.1356521739130435,-0.052173913043478265,0.02608695652173913,8
861,-0.14782608695652172,0.09325048082403138,-0.2808695652173913,-0.1391304347826087,-0.014782608695652167,8
862,-0.18043478260869567,0.07298004491997617,-0.26956521739130435,-0.17391304347826086,-0.055652173913043466,8
863,-0.16304347826086957,0.10157083814107536,-0.33217391304347826,-0.17391304347826086,-0.01782608695652173,8
864,-0.2152173913043478,0.07140899002459496,-0.3095652173913043,-0.23478260869565218,-0.08739130434782608,8
865,-0.1826086956521739,0.11731076141940906,-0.3873913043478261,-0.14782608695652172,-0.03521739130434782,8
866,-0.07391304347826087,0.12442685235873205,-0.32608695652173914,-0.034782608695652174,0.04043478260869565,8
867,-0.11521739130434781,0.14742592898422582,-0.3352173913043478,-0.1217391304347826,0.11521739130434784,8
868,-0.21304347826086956,0.08814406492484039,-0.3391304347826087,-0.19130434782608696,-0.10173913043478261,8
869,-0.1760869565217391,0.13664560982450194,-0.4017391304347826,-0.16521739130434782,0.005652173913043481,8
870,-0.10217391304347827,0.10540676454261441,-0.2717391304347826,-0.11304347826086956,0.037391304347826095,8
871,-0.1608695652173913,0.06375164477658773,-0.2573913043478261,-0.17391304347826086,-0.0526086956521739,8
872,-0.15869565217391304,0.09200045204129924,-0.31478260869565217,-0.16521739130434782,-0.020869565217391292,8
873,-0.15652173913043477,0.12897736499296805,-0.31869565217391305,-0.16521739130434782,0.07956521739130437,8
874,-0.2108695652173913,0.10997078147775424,-0.3360869565217391,-0.2434782608695652,-0.04652173913043478,8
875,-0.07173913043478261,0.06788041302606955,-0.17043478260869566,-0.08695652173913043,0.04869565217391306,8
876,-0.12826086956521737,0.10806337844901362,-0.3208695652173913,-0.10434782608695653,0.0026086956521739193,8
877,-0.20217391304347826,0.0692588361829304,-0.26956521739130435,-0.21739130434782608,-0.07608695652173912,8
878,-0.16739130434782606,0.09138195459558132,-0.28391304347826085,-0.1826086956521739,-0.02913043478260869,8
879,-0.1282608695652174,0.12703913333640854,-0.3526086956521739,-0.10434782608695652,0.005652173913043481,8
880,-0.13695652173913042,0.1286655370170234,-0.34956521739130436,-0.11304347826086956,0.07652173913043481,8
881,-0.14347826086956522,0.07814000328526709,-0.2604347826086956,-0.14782608695652175,-0.01782608695652173,8
882,-0.0391304347826087,0.056186295579652545,-0.11,-0.034782608695652174,0.05173913043478262,8
883,-0.11521739130434781,0.09179474926398874,-0.24608695652173912,-0.11304347826086956,0.016956521739130443,8
884,-0.1565217391304348,0.07480282840906631,-0.24913043478260868,-0.14782608695652175,-0.049565217391304345,8
885,-0.18043478260869567,0.08843845916003476,-0.30130434782608695,-0.1826086956521739,-0.0526086956521739,8
886,-0.0934782608695652,0.09013222800707774,-0.22565217391304349,-0.10434782608695653,0.05173913043478262,8
887,-0.1108695652173913,0.10414382232176941,-0.23173913043478261,-0.1217391304347826,0.07434782608695654,8
888,-0.09565217391304348,0.05070392952039392,-0.16217391304347825,-0.10434782608695653,-0.014782608695652167,8
889,-0.10434782608695652,0.09952628819356173,-0.21739130434782608,-0.13043478260869565,0.0691304347826087,8
890,-0.12608695652173912,0.14903596957393575,-0.3730434782608696,-0.09565217391304348,0.043478260869565216,8
891,-0.2326086956521739,0.1118456606035353,-0.43434782608695655,-0.1826086956521739,-0.1334782608695652,8
892,-0.11086956521739132,0.1611484069847543,-0.30434782608695654,-0.10434782608695652,0.10695652173913044,8
893,-0.09565217391304348,0.10999226644063928,-0.2,-0.1217391304347826,0.12869565217391307,8
894,-0.11521739130434783,0.06980258416522749,-0.2082608695652174,-0.1391304347826087,-0.011739130434782606,8
895,-0.19130434782608696,0.10103434816193262,-0.3873913043478261,-0.15652173913043477,-0.09869565217391305,8
896,-0.056521739130434775,0.0906811026722357,-0.1591304347826087,-0.09565217391304348,0.09260869565217392,8
897,-0.14130434782608695,0.09034171632687021,-0.3178260869565217,-0.1217391304347826,-0.03521739130434782,8
898,-0.12173913043478261,0.07530655685082074,-0.2604347826086956,-0.08695652173913043,-0.04652173913043478,8
899,-0.2217391304347826,0.10425720702853739,-0.35043478260869565,-0.2434782608695652,-0.0526086956521739,8
900,-0.12826086956521737,0.08886492798247693,-0.24608695652173912,-0.13043478260869565,0.02217391304347828,8
901,-0.08043478260869566,0.057310549245495945,-0.17043478260869566,-0.08695652173913043,0.0026086956521739193,8
902,-0.18043478260869567,0.09739033384609617,-0.28695652173913044,-0.20869565217391306,-0.02913043478260869,8
903,-0.08695652173913043,0.11033545687347408,-0.24608695652173912,-0.06086956521739131,0.06608695652173915,8
904,-0.13043478260869562,0.049190036952107656,-0.21130434782608695,-0.13043478260869565,-0.0526086956521739,8
905,-0.11739130434782609,0.1309410464902226,-0.34956521739130436,-0.09565217391304348,0.04869565217391306,8
906,-0.05652173913043478,0.08464314058231212,-0.1826086956521739,-0.034782608695652174,0.054782608695652185,8
907,-0.20217391304347826,0.06590220170097442,-0.3382608695652174,-0.16521739130434782,-0.1508695652173913,8
908,-0.17391304347826086,0.07223151185146151,-0.26956521739130435,-0.16521739130434782,-0.08130434782608696,8
909,-0.11739130434782609,0.08145649563128345,-0.21739130434782608,-0.1391304347826087,-0.011739130434782606,8
910,-0.20217391304347826,0.07451798478696786,-0.32391304347826083,-0.20869565217391306,-0.08739130434782608,8
911,-0.09999999999999999,0.10279643841336425,-0.24608695652173912,-0.10434782608695653,0.06608695652173915,8
912,-0.15217391304347827,0.09515682012277953,-0.2634782608695652,-0.16521739130434782,0.0026086956521739193,8
913,-0.19999999999999998,0.08564224175474874,-0.31869565217391305,-0.1826086956521739,-0.08130434782608696,8
914,-0.0782608695652174,0.0995262881935617,-0.2,-0.11304347826086956,0.043478260869565216,8
915,-0.23695652173913043,0.08037600672754847,-0.3360869565217391,-0.25217391304347825,-0.09043478260869564,8
916,-0.10652173913043478,0.13802207982043457,-0.30434782608695654,-0.09565217391304348,0.08652173913043479,8
917,-0.16521739130434782,0.09643944788182103,-0.30130434782608695,-0.14782608695652172,-0.023913043478260853,8
918,-0.16086956521739132,0.14281798004918994,-0.40260869565217394,-0.12173913043478261,0.01086956521739132,8
919,-0.18913043478260871,0.12599321852906176,-0.3934782608695652,-0.1826086956521739,-0.043478260869565216,8
920,-0.07608695652173912,0.08223600138859886,-0.17652173913043478,-0.10434782608695653,0.0691304347826087,8
921,-0.13478260869565217,0.09192336744289555,-0.25217391304347825,-0.16521739130434782,-0.0004347826086956424,8
922,-0.1673913043478261,0.0740088892632574,-0.2634782608695652,-0.16521739130434782,-0.0526086956521739,8
923,-0.22391304347826085,0.1130225733178779,-0.43869565217391304,-0.2173913043478261,-0.08434782608695653,8
924,-0.20434782608695654,0.08005196799792161,-0.30434782608695654,-0.2173913043478261,-0.06999999999999999,8
925,-0.16956521739130434,0.1005655087497424,-0.28391304347826085,-0.20869565217391306,0.01086956521739132,8
926,-0.22608695652173913,0.14341236958670125,-0.45695652173913043,-0.23478260869565215,0.004782608695652193,8
927,-0.15434782608695652,0.07627306431673404,-0.3004347826086956,-0.14782608695652175,-0.06391304347826086,8
928,-0.11739130434782609,0.13464228319306107,-0.32999999999999996,-0.10434782608695653,0.04043478260869565,8
929,-0.13260869565217392,0.09931238070000364,-0.3034782608695652,-0.1391304347826087,-0.011739130434782606,8
930,-0.19782608695652174,0.05597562256340753,-0.26652173913043475,-0.20869565217391306,-0.10478260869565217,8
931,-0.11521739130434783,0.06051917785684806,-0.19086956521739132,-0.13043478260869565,0.004782608695652193,8
932,-0.1760869565217391,0.10997078147775426,-0.30434782608695654,-0.17391304347826086,0.004782608695652193,8
933,-0.1565217391304348,0.09202613255876836,-0.3065217391304348,-0.16521739130434782,-0.043478260869565216,8
934,-0.14782608695652175,0.08519964322724098,-0.2634782608695652,-0.15652173913043477,-0.014782608695652167,8
935,-0.13478260869565217,0.10094075448907738,-0.2891304347826087,-0.14782608695652172,0.031304347826086966,8
936,-0.1391304347826087,0.06389973242043073,-0.22869565217391305,-0.14782608695652172,-0.04652173913043478,8
937,-0.11956521739130435,0.1106562312402123,-0.2634782608695652,-0.1217391304347826,0.04869565217391306,8
938,-0.10217391304347825,0.08605511049082386,-0.22869565217391305,-0.0782608695652174,0.0026086956521739193,8
939,-0.1760869565217391,0.08200580919069572,-0.2952173913043478,-0.19130434782608696,-0.0526086956521739,8
940,-0.14565217391304347,0.08405484751817914,-0.23173913043478261,-0.1826086956521739,-0.008695652173913044,8
941,-0.14782608695652172,0.09952628819356171,-0.2808695652173913,-0.15652173913043477,0.01086956521739132,8
942,-0.10869565217391304,0.12503307690911658,-0.33217391304347826,-0.08695652173913043,0.04869565217391306,8
943,-0.20434782608695654,0.08728199956471623,-0.36391304347826087,-0.19130434782608696,-0.07913043478260867,8
944,-0.19130434782608696,0.0968306845709569,-0.31565217391304345,-0.1826086956521739,-0.04652173913043478,8
945,-0.25,0.07502362576842347,-0.3760869565217391,-0.25217391304347825,-0.1508695652173913,8
946,-0.18913043478260871,0.09075924237020916,-0.32999999999999996,-0.1826086956521739,-0.04130434782608694,8
947,-0.19130434782608696,0.09565217391304348,-0.33304347826086955,-0.19130434782608696,-0.049565217391304345,8
948,-0.06956521739130435,0.07429568474189158,-0.17956521739130435,-0.052173913043478265,0.037391304347826095,8
949,-0.20217391304347826,0.08360384575230179,-0.31260869565217386,-0.2173913043478261,-0.055652173913043466,8
950,-0.16304347826086957,0.1073613758683978,-0.30130434782608695,-0.16521739130434782,0.01391304347826088,8
951,-0.10217391304347825,0.08154347536309153,-0.19695652173913045,-0.13043478260869565,0.02608695652173913,8
952,-0.09999999999999999,0.08728199956471623,-0.1826086956521739,-0.14782608695652175,0.060000000000000026,8
953,-0.17826086956521742,0.10747136603746325,-0.3095652173913043,-0.2,0.01391304347826088,8
954,-0.1282608695652174,0.0740088892632574,-0.26869565217391306,-0.1217391304347826,-0.043478260869565216,8
955,-0.13913043478260867,0.09161438045958903,-0.25217391304347825,-0.1217391304347826,-0.02913043478260869,8
956,-0.1782608695652174,0.056186295579652545,-0.2778260869565217,-0.16521739130434782,-0.11608695652173913,8
957,-0.11304347826086958,0.07327086759283791,-0.26260869565217393,-0.09565217391304348,-0.043478260869565216,8
958,-0.1934782608695652,0.08822445168566533,-0.34130434782608693,-0.19130434782608696,-0.08130434782608696,8
959,-0.05434782608695653,0.08822445168566533,-0.21130434782608695,-0.008695652173913044,0.023043478260869568,8
960,-0.0891304347826087,0.11825367625181867,-0.23478260869565218,-0.1217391304347826,0.11217391304347828,8
961,-0.1391304347826087,0.05961438782957429,-0.24304347826086956,-0.12173913043478261,-0.0782608695652174,8
962,-0.16956521739130437,0.06888251964241243,-0.24913043478260868,-0.1826086956521739,-0.055652173913043466,8
963,-0.08478260869565218,0.08822445168566533,-0.22869565217391305,-0.0782608695652174,0.0456521739130435,8
964,-0.16304347826086957,0.08177496901653925,-0.2808695652173913,-0.14782608695652172,-0.049565217391304345,8
965,-0.13043478260869565,0.08994852550250956,-0.2634782608695652,-0.11304347826086956,0.01086956521739132,8
966,-0.14565217391304347,0.07298004491997616,-0.2943478260869565,-0.13043478260869565,-0.06695652173913043,8
967,-0.16739130434782606,0.09777776584369138,-0.3178260869565217,-0.17391304347826086,0.001739130434782632,8
968,-0.10217391304347825,0.1032322614833371,-0.23173913043478261,-0.12173913043478261,0.037391304347826095,8
969,-0.1782608695652174,0.11295983527623113,-0.4008695652173913,-0.15652173913043477,-0.04130434782608694,8
970,-0.11521739130434783,0.13733556932249638,-0.26869565217391306,-0.1391304347826087,0.16260869565217395,8
971,-0.16086956521739132,0.07667474821107999,-0.2952173913043478,-0.15652173913043477,-0.0782608695652174,8
972,-0.10869565217391304,0.09151115295586604,-0.29739130434782607,-0.06956521739130435,-0.043478260869565216,8
973,-0.1847826086956522,0.07034212907549321,-0.2982608695652174,-0.16521739130434782,-0.07608695652173912,8
974,-0.1760869565217391,0.08736317955395705,-0.2952173913043478,-0.1826086956521739,-0.015652173913043452,8
975,-0.06304347826086956,0.08971178383462325,-0.20217391304347826,-0.052173913043478265,0.06086956521739131,8
976,-0.07608695652173914,0.06980258416522749,-0.17347826086956522,-0.07826086956521738,0.031304347826086966,8
977,-0.07173913043478261,0.09950254340300702,-0.19086956521739132,-0.09565217391304348,0.10391304347826089,8
978,-0.1956521739130435,0.0800519679979216,-0.3352173913043478,-0.2,-0.07304347826086956,8
979,-0.2630434782608696,0.07323861099096964,-0.38521739130434784,-0.2608695652173913,-0.17130434782608694,8
980,-0.12391304347826088,0.0752751725790469,-0.22869565217391305,-0.10434782608695653,-0.01782608695652173,8
981,-0.13478260869565217,0.09673302374472603,-0.2747826086956522,-0.14782608695652172,0.005652173913043481,8
982,-0.13043478260869568,0.10755927719002592,-0.2634782608695652,-0.16521739130434782,0.05173913043478262,8
983,-0.1934782608695652,0.09322513757561551,-0.33304347826086955,-0.14782608695652172,-0.09869565217391305,8
984,-0.19782608695652174,0.135673771970695,-0.3391304347826087,-0.22608695652173913,0.03956521739130437,8
985,-0.18043478260869567,0.07602481934802482,-0.24913043478260868,-0.20869565217391306,-0.04652173913043478,8
986,-0.19130434782608696,0.09365504012407833,-0.2982608695652174,-0.22608695652173913,-0.032173913043478254,8
987,-0.1108695652173913,0.0664734123974811,-0.2082608695652174,-0.11304347826086956,-0.014782608695652167,8
988,-0.2043478260869565,0.09789852390606699,-0.3873913043478261,-0.1826086956521739,-0.09869565217391305,8
989,-0.11521739130434783,0.08800992382607462,-0.23173913043478261,-0.1217391304347826,0.031304347826086966,8
990,-0.17391304347826086,0.07010658911563956,-0.25217391304347825,-0.17391304347826086,-0.0526086956521739,8
991,-0.16304347826086957,0.12524078887681805,-0.37,-0.15652173913043477,0.0026086956521739193,8
992,-0.07608695652173914,0.13539482277408715,-0.2921739130434783,-0.0608695652173913,0.10086956521739132,8
993,-0.09782608695652173,0.09503257823649737,-0.23173913043478261,-0.09565217391304348,0.023043478260869568,8
994,-0.15217391304347827,0.1352027113518801,-0.4017391304347826,-0.13043478260869565,0.02826086956521741,8
995,-0.11956521739130435,0.0838296499332993,-0.24913043478260868,-0.09565217391304348,-0.014782608695652167,8
996,-0.11521739130434783,0.1073613758683978,-0.2573913043478261,-0.15652173913043477,0.04043478260869565,8
997,-0.1565217391304348,0.11698803519194531,-0.3352173913043478,-0.1826086956521739,-0.011739130434782606,8
998,-0.19782608695652174,0.09383148632568365,-0.3730434782608696,-0.17391304347826086,-0.09869565217391305,8
999,-0.19565217391304346,0.12473033293722655,-0.3760869565217391,-0.20869565217391306,0.02739130434782612,8
1000,-0.17391304347826086,0.09405785935993016,-0.28391304347826085,-0.19130434782608696,-0.06086956521739131,8
1001,-0.2717391304347826,0.13706000231433144,-0.4691304347826087,-0.26956521739130435,-0.06695652173913043,8
1002,-0.19999999999999998,0.11237259115930508,-0.36478260869565216,-0.14782608695652172,-0.06695652173913043,8
1003,-0.11521739130434783,0.10341521645448952,-0.21739130434782608,-0.1391304347826087,0.06304347826086959,8
1004,-0.11521739130434783,0.07552588159147916,-0.24304347826086956,-0.11304347826086956,-0.003478260869565205,8
1005,-0.2152173913043478,0.059256579001908734,-0.31260869565217386,-0.20869565217391306,-0.13652173913043478,8
1006,-0.10434782608695653,0.07580693814853345,-0.17956521739130435,-0.13043478260869565,0.03956521739130437,8
1007,-0.11956521739130435,0.05763945036331675,-0.21130434782608695,-0.09565217391304348,-0.049565217391304345,8
1008,-0.18478260869565216,0.10304898169122897,-0.30434782608695654,-0.1826086956521739,-0.04652173913043478,8
1009,-0.18043478260869567,0.0826944634852619,-0.30130434782608695,-0.14782608695652172,-0.08130434782608696,8
1010,-0.13043478260869568,0.10964800185146516,-0.26652173913043475,-0.14782608695652175,0.04869565217391306,8
1011,-0.19130434782608696,0.12480608777745499,-0.42434782608695654,-0.16521739130434782,-0.049565217391304345,8
1012,-0.2,0.14446302370292305,-0.43434782608695655,-0.1826086956521739,-0.011739130434782606,8
1013,-0.2282608695652174,0.058936703094460696,-0.30130434782608695,-0.22608695652173913,-0.11695652173913042,8
1014,-0.15434782608695652,0.08246555103648112,-0.23478260869565218,-0.17391304347826086,-0.003478260869565205,8
1015,-0.1934782608695652,0.09322513757561551,-0.36086956521739133,-0.2,-0.058695652173913024,8
1016,-0.2326086956521739,0.13622995681646347,-0.40869565217391307,-0.22608695652173913,-0.03521739130434782,8
1017,-0.0891304347826087,0.10101095787381689,-0.23478260869565218,-0.0782608695652174,0.06608695652173915,8
1018,-0.12391304347826088,0.13271556634432344,-0.30130434782608695,-0.13043478260869565,0.08869565217391306,8
1019,-0.16739130434782606,0.10157083814107536,-0.36695652173913046,-0.1391304347826087,-0.06391304347826086,8
1020,-0.17608695652173914,0.07007287591863563,-0.2778260869565217,-0.1826086956521739,-0.06391304347826086,8
1021,-0.21739130434782608,0.09325048082403137,-0.3217391304347826,-0.23478260869565218,-0.08130434782608696,8
1022,-0.14347826086956522,0.11362725517714764,-0.25217391304347825,-0.2,0.05173913043478262,8
1023,-0.1565217391304348,0.10398487602696867,-0.31260869565217386,-0.12173913043478261,-0.02913043478260869,8
1024,-0.19130434782608696,0.0948583662142236,-0.31565217391304345,-0.19130434782608696,-0.06086956521739131,8
1025,-0.15217391304347824,0.11059215079979917,-0.32391304347826083,-0.1391304347826087,-0.011739130434782606,8
1026,-0.20869565217391303,0.08475473343312143,-0.37,-0.1826086956521739,-0.13043478260869565,8
1027,-0.2586956521739131,0.10823816769134437,-0.4426086956521739,-0.25217391304347825,-0.10782608695652172,8
1028,-0.21304347826086956,0.06133363469419949,-0.32391304347826083,-0.20869565217391306,-0.1334782608695652,8
1029,-0.1869565217391304,0.08374504471416618,-0.28391304347826085,-0.2,-0.06086956521739131,8
1030,-0.1891304347826087,0.10101095787381689,-0.34956521739130436,-0.19130434782608696,-0.015652173913043452,8
1031,-0.17391304347826086,0.09604661754075879,-0.33304347826086955,-0.15652173913043477,-0.06391304347826086,8
1032,-0.15217391304347827,0.10389394039433496,-0.24913043478260868,-0.17391304347826086,0.0539130434782609,8
1033,-0.13478260869565217,0.11059215079979916,-0.34130434782608693,-0.08695652173913043,-0.02913043478260869,8
1034,-0.20217391304347826,0.10486736604515076,-0.3708695652173913,-0.17391304347826086,-0.06695652173913043,8
1035,-0.17391304347826086,0.07679792057676388,-0.2952173913043478,-0.13043478260869565,-0.09565217391304348,8
1036,-0.12608695652173912,0.0877140913123131,-0.3004347826086956,-0.09565217391304348,-0.04652173913043478,8
1037,-0.18478260869565216,0.09055071999851534,-0.31260869565217386,-0.17391304347826086,-0.0526086956521739,8
1038,-0.2326086956521739,0.07990424325864828,-0.3534782608695652,-0.23478260869565215,-0.13043478260869565,8
1039,-0.15000000000000002,0.08843845916003475,-0.3004347826086956,-0.1391304347826087,-0.020869565217391292,8
1040,-0.09782608695652174,0.08223600138859886,-0.2482608695652174,-0.0782608695652174,0.01391304347826088,8
1041,-0.16739130434782606,0.15419465762004636,-0.4869565217391304,-0.13043478260869565,-0.02608695652173913,8
1042,-0.19130434782608696,0.08203461853962263,-0.31260869565217386,-0.19130434782608696,-0.06999999999999999,8
1043,-0.16956521739130434,0.09355406431021746,-0.26652173913043475,-0.2,-0.011739130434782606,8
1044,-0.23478260869565218,0.11304347826086956,-0.4078260869565217,-0.22608695652173913,-0.039130434782608664,8
1045,-0.20869565217391306,0.11922877565914859,-0.3360869565217391,-0.23478260869565218,-0.011739130434782606,8
1046,-0.22608695652173913,0.049952718665548075,-0.28695652173913044,-0.23478260869565218,-0.13956521739130434,8
1047,-0.11739130434782608,0.1122884484360431,-0.3117391304347826,-0.11304347826086958,0.020000000000000004,8
1048,-0.2108695652173913,0.07167322400797624,-0.31260869565217386,-0.2173913043478261,-0.10478260869565217,8
1049,-0.15,0.12031386175671054,-0.3526086956521739,-0.1391304347826087,0.03956521739130437,8
1050,-0.14782608695652175,0.10288834405390636,-0.33217391304347826,-0.1391304347826087,-0.02913043478260869,8
1051,-0.1891304347826087,0.07061035551700745,-0.2808695652173913,-0.2,-0.06695652173913043,8
1052,-0.13043478260869565,0.06956521739130435,-0.21739130434782608,-0.13043478260869565,-0.009565217391304332,8
1053,-0.10434782608695653,0.11891125505371603,-0.3343478260869565,-0.09565217391304348,0.020000000000000004,8
1054,-0.2043478260869565,0.1303622987005648,-0.38217391304347825,-0.1826086956521739,-0.04652173913043478,8
1055,-0.13478260869565217,0.05412999825212492,-0.17956521739130435,-0.16521739130434782,-0.032173913043478254,8
1056,-0.17173913043478262,0.05495315069462842,-0.24913043478260868,-0.17391304347826086,-0.08434782608695653,8
1057,-0.2282608695652174,0.07919132869603036,-0.3443478260869565,-0.2434782608695652,-0.10173913043478261,8
1058,-0.25652173913043474,0.07957828355531794,-0.3791304347826087,-0.2608695652173913,-0.13652173913043478,8
1059,-0.20652173913043478,0.08246555103648111,-0.31260869565217386,-0.23478260869565215,-0.08434782608695653,8
1060,-0.24130434782608695,0.06266754480608511,-0.30130434782608695,-0.2608695652173913,-0.12217391304347824,8
1061,-0.12173913043478261,0.11763260224755376,-0.28608695652173916,-0.1391304347826087,0.054782608695652185,8
1062,-0.24347826086956523,0.1358304291462027,-0.4404347826086956,-0.22608695652173913,-0.055652173913043466,8
1063,-0.1456521739130435,0.11999921234776158,-0.3269565217391304,-0.12173913043478261,0.0026086956521739193,8
1064,-0.23478260869565218,0.08825123100080191,-0.3739130434782609,-0.2,-0.1252173913043478,8
1065,-0.10652173913043478,0.06788041302606955,-0.2082608695652174,-0.10434782608695653,-0.014782608695652167,8
1066,-0.25217391304347825,0.10964800185146513,-0.41695652173913045,-0.26956521739130435,-0.09869565217391305,8
1067,-0.12173913043478261,0.08295123490582136,-0.2543478260869565,-0.1391304347826087,0.0026086956521739193,8
1068,-0.12608695652173912,0.08191932035398596,-0.28826086956521735,-0.1217391304347826,-0.032173913043478254,8
1069,-0.16956521739130434,0.07862235356532662,-0.2604347826086956,-0.2,-0.020869565217391292,8
1070,-0.03695652173913043,0.11599410062568782,-0.2082608695652174,-0.03478260869565218,0.1356521739130435,8
1071,-0.1760869565217391,0.08779487176655944,-0.32391304347826083,-0.17391304347826086,-0.04130434782608694,8
1072,-0.05869565217391305,0.10450622036279926,-0.19086956521739132,-0.0782608695652174,0.14086956521739133,8
1073,-0.10869565217391304,0.064341950378038,-0.19391304347826088,-0.11304347826086956,-0.011739130434782606,8
1074,-0.08260869565217391,0.15694387519808733,-0.30130434782608695,-0.06086956521739131,0.14173913043478262,8
1075,-0.18043478260869567,0.09423355131170974,-0.31260869565217386,-0.19130434782608696,-0.049565217391304345,8
1076,-0.19130434782608696,0.09760845356801587,-0.3526086956521739,-0.19130434782608696,-0.0782608695652174,8
1077,-0.08043478260869565,0.057310549245495945,-0.17347826086956522,-0.0782608695652174,-0.008695652173913044,8
1078,-0.07173913043478261,0.12629293520241577,-0.26565217391304347,-0.0608695652173913,0.06086956521739131,8
1079,-0.1782608695652174,0.05881630112377688,-0.26652173913043475,-0.17391304347826086,-0.09869565217391305,8
1080,-0.09565217391304348,0.09365504012407834,-0.2543478260869565,-0.06956521739130435,0.03434782608695653,8
1081,-0.1956521739130435,0.08641133441022518,-0.28695652173913044,-0.19130434782608696,-0.04739130434782607,8
1082,-0.1565217391304348,0.10288834405390636,-0.26652173913043475,-0.1826086956521739,0.016956521739130443,8
1083,-0.14565217391304347,0.10910791383764874,-0.33217391304347826,-0.1391304347826087,-0.0004347826086956424,8
1084,-0.13478260869565217,0.07957828355531794,-0.22869565217391305,-0.14782608695652175,0.01913043478260872,8
1085,-0.13260869565217392,0.10841267512862333,-0.2982608695652174,-0.1391304347826087,0.031304347826086966,8
1086,-0.14347826086956522,0.12919702572264022,-0.32391304347826083,-0.16521739130434782,0.06304347826086959,8
1087,-0.19782608695652176,0.11385577717542172,-0.38521739130434784,-0.16521739130434782,-0.06391304347826086,8
1088,-0.10652173913043478,0.0864933315829468,-0.26260869565217393,-0.10434782608695653,0.0026086956521739193,8
1089,-0.11739130434782609,0.06492688923073078,-0.23695652173913043,-0.09565217391304348,-0.03521739130434782,8
1090,-0.052173913043478265,0.13443152029339397,-0.21956521739130436,-0.10434782608695653,0.17347826086956522,8
1091,-0.14130434782608695,0.04757841006138976,-0.2,-0.1391304347826087,-0.06695652173913043,8
1092,-0.11521739130434781,0.09013222800707774,-0.2543478260869565,-0.1217391304347826,0.005652173913043481,8
1093,-0.15869565217391304,0.09362980637981752,-0.30130434782608695,-0.1217391304347826,-0.06391304347826086,8
1094,-0.20869565217391306,0.06846963368705923,-0.28695652173913044,-0.20869565217391306,-0.09043478260869564,8
1095,-0.06739130434782609,0.07577576112144946,-0.19086956521739132,-0.052173913043478265,0.03434782608695653,8
1096,-0.03043478260869565,0.08145649563128346,-0.15608695652173912,-0.008695652173913044,0.08652173913043479,8
1097,-0.11739130434782609,0.06777590116573867,-0.23173913043478261,-0.09565217391304348,-0.04652173913043478,8
1098,-0.1673913043478261,0.1190502745225484,-0.3217391304347826,-0.13043478260869565,-0.02913043478260869,8
1099,-0.08260869565217391,0.054129998252124924,-0.17347826086956522,-0.0782608695652174,-0.0004347826086956424,8
1100,-0.22391304347826085,0.13356745355917943,-0.39956521739130435,-0.2434782608695652,-0.04652173913043478,8
1101,-0.15217391304347827,0.06315582194058239,-0.24608695652173912,-0.14782608695652175,-0.06391304347826086,8
1102,-0.24347826086956526,0.10288834405390637,-0.40260869565217394,-0.2173913043478261,-0.10478260869565217,8
1103,-0.12608695652173912,0.09475867268566682,-0.23478260869565218,-0.14782608695652175,0.04260869565217393,8
1104,-0.0608695652173913,0.06901959941907627,-0.14478260869565218,-0.06086956521739131,0.06304347826086959,8
1105,-0.12608695652173912,0.06550660510138855,-0.21434782608695652,-0.13043478260869565,-0.009565217391304332,8
1106,-0.1282608695652174,0.10806337844901362,-0.3095652173913043,-0.11304347826086958,0.0026086956521739193,8
1107,-0.1847826086956522,0.11517636677347483,-0.3730434782608696,-0.17391304347826086,-0.02913043478260869,8
1108,-0.05434782608695652,0.09950254340300703,-0.22782608695652173,-0.06086956521739131,0.0782608695652174,8
1109,-0.21521739130434783,0.15022038001179625,-0.40260869565217394,-0.19130434782608696,0.02217391304347828,8
1110,-0.28260869565217395,0.09395731645641005,-0.43130434782608695,-0.2782608695652174,-0.16521739130434782,8
1111,-0.05434782608695652,0.04072824781564173,-0.09565217391304348,-0.06956521739130435,0.020000000000000004,8
1112,-0.14565217391304347,0.1267411812795514,-0.39565217391304347,-0.11304347826086956,-0.0004347826086956424,8
1113,-0.16304347826086957,0.07087756689957003,-0.23173913043478261,-0.1826086956521739,-0.018695652173913016,8
1114,-0.25869565217391305,0.0667571849251482,-0.36478260869565216,-0.2608695652173913,-0.15695652173913044,8
1115,-0.15217391304347824,0.1477621345040559,-0.3360869565217391,-0.16521739130434782,0.05173913043478262,8
1116,-0.09999999999999999,0.09594815865527787,-0.21434782608695652,-0.10434782608695653,0.05173913043478262,8
1117,-0.20217391304347826,0.10841267512862332,-0.3360869565217391,-0.2,-0.04652173913043478,8
1118,-0.10434782608695653,0.09565217391304348,-0.2891304347826087,-0.06086956521739131,-0.02608695652173913,8
1119,-0.11956521739130435,0.07627306431673406,-0.2,-0.13043478260869565,0.005652173913043481,8
1120,-0.11521739130434783,0.06415806331901612,-0.2,-0.10434782608695653,-0.006521739130434769,8
1121,-0.1673913043478261,0.12881237362630912,-0.30130434782608695,-0.2173913043478261,0.031304347826086966,8
1122,-0.10434782608695653,0.06901959941907627,-0.21956521739130436,-0.10434782608695653,-0.02608695652173913,8
1123,-0.0782608695652174,0.10177999922364891,-0.23391304347826086,-0.06956521739130435,0.09173913043478263,8
1124,-0.13478260869565217,0.08508863387296055,-0.23173913043478261,-0.15652173913043477,0.02217391304347828,8
1125,-0.17391304347826086,0.062099377639503045,-0.2717391304347826,-0.1826086956521739,-0.06999999999999999,8
1126,-0.20869565217391306,0.1103354568734741,-0.3904347826086957,-0.19130434782608696,-0.06999999999999999,8
1127,-0.15217391304347827,0.09314906645925455,-0.32391304347826083,-0.11304347826086956,-0.049565217391304345,8
1128,-0.08043478260869566,0.09013222800707775,-0.24521739130434783,-0.0782608695652174,0.0456521739130435,8
1129,-0.13695652173913042,0.1274847557512674,-0.31260869565217386,-0.1391304347826087,0.0856521739130435,8
1130,-0.13043478260869565,0.11731076141940906,-0.2634782608695652,-0.1826086956521739,0.04869565217391306,8
1131,-0.17391304347826086,0.061487546190134565,-0.2634782608695652,-0.1826086956521739,-0.08130434782608696,8
1132,-0.13478260869565217,0.09355406431021746,-0.2604347826086956,-0.14782608695652175,-0.008695652173913044,8
1133,-0.12608695652173912,0.14570083547926993,-0.38130434782608696,-0.10434782608695653,0.08869565217391306,8
1134,-0.21521739130434783,0.07502362576842347,-0.31869565217391305,-0.2,-0.11608695652173913,8
1135,-0.15652173913043477,0.0882512310008019,-0.3034782608695652,-0.17391304347826086,-0.032173913043478254,8
1136,-0.11956521739130435,0.08822445168566533,-0.22869565217391305,-0.13043478260869565,0.03956521739130437,8
1137,-0.18478260869565216,0.10665475280031374,-0.2982608695652174,-0.22608695652173913,0.01608695652173916,8
1138,-0.10869565217391304,0.09712307784212468,-0.23173913043478261,-0.13043478260869565,0.04869565217391306,8
1139,-0.20869565217391303,0.11954545291189148,-0.36478260869565216,-0.24347826086956523,-0.04652173913043478,8
1140,-0.19130434782608696,0.1467995044881229,-0.43434782608695655,-0.1391304347826087,-0.01782608695652173,8
1141,-0.06739130434782609,0.049905392535865206,-0.14173913043478262,-0.06086956521739131,0.016956521739130443,8
1142,-0.20217391304347826,0.08037600672754848,-0.2982608695652174,-0.22608695652173913,-0.06999999999999999,8
1143,-0.11739130434782609,0.10242799121208475,-0.23478260869565218,-0.12173913043478261,0.016956521739130443,8
1144,-0.24782608695652172,0.080991026131292,-0.3904347826086957,-0.2434782608695652,-0.12826086956521737,8
1145,-0.15434782608695652,0.08561464638050095,-0.2921739130434783,-0.16521739130434782,-0.03521739130434782,8
1146,-0.1934782608695652,0.11201454806946305,-0.34739130434782606,-0.19130434782608696,0.004782608695652193,8
1147,-0.17391304347826086,0.0968306845709569,-0.32391304347826083,-0.1826086956521739,-0.049565217391304345,8
1148,-0.052173913043478265,0.05567934119506825,-0.11304347826086956,-0.06086956521739131,0.04869565217391306,8
1149,-0.1282608695652174,0.10700864760207798,-0.2891304347826087,-0.1391304347826087,0.031304347826086966,8
1150,-0.09782608695652173,0.12031386175671055,-0.23173913043478261,-0.11304347826086956,0.12043478260869568,8
1151,-0.1391304347826087,0.10028315299713736,-0.2952173913043478,-0.1391304347826087,0.0026086956521739193,8
1152,-0.07173913043478261,0.10858690211949719,-0.21434782608695652,-0.0608695652173913,0.08652173913043479,8
1153,-0.18478260869565216,0.05597562256340753,-0.3004347826086956,-0.17391304347826086,-0.1334782608695652,8
1154,-0.1934782608695652,0.12689024476097815,-0.35043478260869565,-0.2173913043478261,-0.014782608695652167,8
1155,-0.15,0.12280203689129217,-0.32391304347826083,-0.15652173913043477,0.06521739130434787,8
1156,-0.1826086956521739,0.09202613255876836,-0.2952173913043478,-0.21739130434782608,-0.009565217391304332,8
1157,-0.11956521739130435,0.07061035551700745,-0.21434782608695652,-0.1217391304347826,-0.003478260869565205,8
1158,-0.2,0.09722034684781694,-0.3269565217391304,-0.22608695652173913,-0.038260869565217376,8
1159,-0.12608695652173912,0.1505503451580938,-0.4152173913043478,-0.08695652173913043,0.037391304347826095,8
1160,-0.20869565217391303,0.17369551613424503,-0.3534782608695652,-0.2956521739130435,0.14521739130434788,8
1161,-0.26521739130434785,0.09712307784212469,-0.43956521739130433,-0.25217391304347825,-0.15391304347826087,8
1162,-0.19565217391304346,0.08597269536210951,-0.31565217391304345,-0.2,-0.06999999999999999,8
1163,-0.16956521739130437,0.11262464214772712,-0.34130434782608693,-0.17391304347826086,-0.02913043478260869,8
1164,-0.14565217391304347,0.1145179755744863,-0.3526086956521739,-0.1391304347826087,0.01086956521739132,8
1165,-0.13478260869565217,0.09475867268566682,-0.25217391304347825,-0.1391304347826087,0.020000000000000004,8
1166,-0.010869565217391306,0.06474466352971928,-0.10695652173913044,-0.008695652173913044,0.07521739130434783,8
1167,-0.028260869565217395,0.0946339080855605,-0.14782608695652175,-0.043478260869565216,0.12434782608695652,8
1168,-0.06956521739130433,0.062099377639503045,-0.13043478260869565,-0.10434782608695653,0.023043478260869568,8
1169,-0.08260869565217391,0.12919702572264022,-0.2943478260869565,-0.09565217391304348,0.12347826086956525,8
1170,-0.1108695652173913,0.08131132264897845,-0.23695652173913043,-0.11304347826086956,0.02826086956521741,8
1171,-0.20869565217391306,0.12080386077782437,-0.4078260869565217,-0.2173913043478261,-0.026956521739130414,8
1172,-0.13478260869565217,0.06833145063261614,-0.23173913043478261,-0.1217391304347826,-0.06086956521739131,8
1173,-0.13260869565217392,0.0909672867517725,-0.24913043478260868,-0.1391304347826087,0.02521739130434784,8
1174,-0.18043478260869564,0.11451797557448629,-0.3360869565217391,-0.17391304347826086,-0.011739130434782606,8
1175,-0.19130434782608696,0.07480282840906631,-0.3208695652173913,-0.1826086956521739,-0.07608695652173912,8
1176,-0.16304347826086957,0.062365166468613266,-0.24913043478260868,-0.16521739130434782,-0.08130434782608696,8
1177,-0.15652173913043477,0.09565217391304348,-0.2634782608695652,-0.17391304347826086,0.01391304347826088,8
1178,-0.07608695652173914,0.11841342462083758,-0.26565217391304347,-0.06956521739130435,0.09782608695652176,8
1179,-0.11739130434782608,0.1235119366203634,-0.2747826086956522,-0.15652173913043477,0.09173913043478263,8
1180,-0.19565217391304346,0.07568215298056179,-0.30130434782608695,-0.19130434782608696,-0.07608695652173912,8
1181,-0.10652173913043478,0.11566770082106981,-0.2808695652173913,-0.06956521739130435,0.060000000000000026,8
1182,-0.09565217391304348,0.124502791854577,-0.2952173913043478,-0.052173913043478265,0.06608695652173915,8
1183,-0.20652173913043478,0.08337743004680481,-0.33304347826086955,-0.16521739130434782,-0.11608695652173913,8
1184,-0.17826086956521742,0.060714087146821485,-0.2808695652173913,-0.16521739130434782,-0.11304347826086956,8
1185,-0.2043478260869565,0.09634139046156669,-0.34739130434782606,-0.2,-0.044347826086956504,8
1186,-0.17391304347826086,0.07117698062497783,-0.2982608695652174,-0.15652173913043477,-0.09869565217391305,8
1187,-0.2782608695652174,0.10685396284734355,-0.46608695652173915,-0.25217391304347825,-0.13130434782608694,8
1188,-0.19782608695652174,0.10910791383764874,-0.36782608695652175,-0.15652173913043477,-0.055652173913043466,8
1189,-0.1891304347826087,0.07323861099096964,-0.31565217391304345,-0.17391304347826086,-0.11304347826086956,8
1190,-0.16086956521739132,0.10569778940124537,-0.3095652173913043,-0.1826086956521739,-0.011739130434782606,8
1191,-0.12608695652173912,0.04899751160688977,-0.19086956521739132,-0.14782608695652175,-0.038260869565217376,8
1192,-0.2108695652173913,0.036828422491516126,-0.24913043478260868,-0.22608695652173913,-0.13956521739130434,8
1193,-0.2369565217391304,0.1145179755744863,-0.38521739130434784,-0.2434782608695652,-0.06695652173913043,8
1194,-0.2847826086956522,0.098163668738049,-0.42,-0.2956521739130435,-0.1252173913043478,8
1195,-0.1108695652173913,0.09503257823649737,-0.21434782608695652,-0.1391304347826087,0.07130434782608698,8
1196,-0.06739130434782609,0.08736317955395705,-0.19391304347826088,-0.06956521739130435,0.04043478260869565,8
1197,-0.14565217391304347,0.06296847112156626,-0.2573913043478261,-0.1391304347826087,-0.06391304347826086,8
1198,-0.20869565217391303,0.12419875527900609,-0.36478260869565216,-0.23478260869565215,0.02739130434782612,8
1199,-0.18913043478260871,0.06266754480608511,-0.2808695652173913,-0.2,-0.09869565217391305,8
1200,-0.14347826086956522,0.12041202107935851,-0.3178260869565217,-0.15652173913043477,0.07130434782608698,8
1201,-0.12608695652173912,0.12259019286844942,-0.2634782608695652,-0.1391304347826087,0.11434782608695657,8
1202,-0.2326086956521739,0.11583101569354107,-0.4056521739130435,-0.1826086956521739,-0.11304347826086956,8
1203,-0.16956521739130434,0.08005196799792161,-0.2952173913043478,-0.16521739130434782,-0.049565217391304345,8
1204,-0.1108695652173913,0.09854806049254901,-0.2604347826086956,-0.08695652173913043,0.005652173913043481,8
1205,-0.24565217391304348,0.06788041302606954,-0.3534782608695652,-0.2173913043478261,-0.1826086956521739,8
1206,-0.1847826086956522,0.044710790872180724,-0.2634782608695652,-0.17391304347826086,-0.1334782608695652,8
1207,-0.17826086956521742,0.08508863387296056,-0.28695652173913044,-0.17391304347826086,-0.04130434782608694,8
1208,-0.20217391304347826,0.08450344228511657,-0.31869565217391305,-0.2,-0.06999999999999999,8
1209,-0.19782608695652174,0.06296847112156626,-0.2808695652173913,-0.20869565217391306,-0.10173913043478261,8
1210,-0.25434782608695655,0.11809371178731365,-0.44869565217391305,-0.2,-0.1191304347826087,8
1211,-0.19782608695652176,0.10341521645448952,-0.3360869565217391,-0.2,-0.029999999999999978,8
1212,-0.12391304347826088,0.0847268489995873,-0.2717391304347826,-0.10434782608695653,-0.01782608695652173,8
1213,-0.2043478260869565,0.08052286598892232,-0.31260869565217386,-0.20869565217391306,-0.05347826086956519,8
1214,-0.2260869565217391,0.08739022279235556,-0.3360869565217391,-0.23478260869565215,-0.10173913043478261,8
1215,-0.1934782608695652,0.06503597957239822,-0.3065217391304348,-0.1826086956521739,-0.0934782608695652,8
1216,-0.28043478260869564,0.08154347536309153,-0.3882608695652174,-0.2956521739130435,-0.1508695652173913,8
1217,-0.21956521739130436,0.09893095872158916,-0.3391304347826087,-0.22608695652173913,-0.06173913043478259,8
1218,-0.13043478260869565,0.061487546190134565,-0.21739130434782608,-0.10434782608695653,-0.06086956521739131,8
1219,-0.23695652173913045,0.10629967981215348,-0.36478260869565216,-0.2608695652173913,-0.06695652173913043,8
1220,-0.2,0.09565217391304348,-0.3382608695652174,-0.21739130434782608,-0.026956521739130414,8
1221,-0.2717391304347826,0.08405484751817914,-0.3739130434782609,-0.2782608695652174,-0.12826086956521737,8
1222,-0.15217391304347827,0.06777590116573867,-0.24913043478260868,-0.13043478260869565,-0.06695652173913043,8
1223,-0.15434782608695652,0.10396214957581168,-0.30434782608695654,-0.1217391304347826,-0.014782608695652167,8
1224,-0.15434782608695652,0.0952312874513457,-0.3095652173913043,-0.11304347826086956,-0.04652173913043478,8
1225,-0.17173913043478262,0.08907739673281685,-0.32913043478260867,-0.17391304347826086,-0.04130434782608694,8
1226,-0.19565217391304346,0.09192336744289555,-0.3556521739130435,-0.17391304347826086,-0.08130434782608696,8
1227,-0.12391304347826088,0.1483207835079625,-0.24913043478260868,-0.20869565217391306,0.15521739130434786,8
1228,-0.2173913043478261,0.07170618479335061,-0.3443478260869565,-0.20869565217391306,-0.1334782608695652,8
1229,-0.17608695652173914,0.10540676454261443,-0.30130434782608695,-0.17391304347826086,-0.006521739130434769,8
1230,-0.20652173913043478,0.05697974966122242,-0.26652173913043475,-0.22608695652173913,-0.0934782608695652,8
1231,-0.14782608695652175,0.1374903330507991,-0.34739130434782606,-0.13043478260869565,0.06826086956521742,8
1232,-0.1760869565217391,0.10788830603197876,-0.32999999999999996,-0.17391304347826086,-0.04652173913043478,8
1233,-0.12608695652173912,0.13122946324162235,-0.3517391304347826,-0.14782608695652172,0.07130434782608698,8
1234,-0.2,0.07429568474189158,-0.28695652173913044,-0.20869565217391306,-0.07608695652173912,8
1235,-0.13260869565217392,0.08757929164558124,-0.2717391304347826,-0.1391304347826087,-0.003478260869565205,8
1236,-0.13260869565217392,0.11583101569354105,-0.2634782608695652,-0.16521739130434782,0.05782608695652174,8
1237,-0.13695652173913042,0.06788041302606954,-0.22565217391304349,-0.16521739130434782,-0.032173913043478254,8
1238,-0.13913043478260867,0.09952628819356171,-0.2747826086956522,-0.14782608695652172,0.02826086956521741,8
1239,-0.18478260869565216,0.06590220170097442,-0.28391304347826085,-0.16521739130434782,-0.11304347826086956,8
1240,-0.15652173913043477,0.12266726938839899,-0.3391304347826087,-0.12173913043478261,-0.0004347826086956424,8
1241,-0.1217391304347826,0.0792211615577765,-0.24,-0.13043478260869565,0.02217391304347828,8
1242,-0.09999999999999999,0.10852159977694509,-0.25217391304347825,-0.08695652173913043,0.07434782608695654,8
1243,-0.1956521739130435,0.11690721443259786,-0.38130434782608696,-0.2,0.01000000000000003,8
1244,-0.16521739130434782,0.11891125505371603,-0.31565217391304345,-0.2,0.020000000000000004,8
1245,-0.20869565217391306,0.07117698062497783,-0.31565217391304345,-0.19130434782608696,-0.11608695652173913,8
1246,-0.20869565217391303,0.07530655685082074,-0.33304347826086955,-0.17391304347826086,-0.1191304347826087,8
1247,-0.19782608695652174,0.10119792880267289,-0.34739130434782606,-0.1826086956521739,-0.04130434782608694,8
1248,-0.13260869565217392,0.12881237362630912,-0.35782608695652174,-0.1391304347826087,0.023043478260869568,8
1249,-0.1391304347826087,0.06735623210795506,-0.21739130434782608,-0.13043478260869565,-0.04652173913043478,8
1250,-0.1826086956521739,0.06791521457310135,-0.2778260869565217,-0.20869565217391306,-0.08434782608695653,8
1251,-0.14130434782608695,0.06953124170312816,-0.24,-0.16521739130434782,-0.032173913043478254,8
1252,-0.23478260869565218,0.08652064670492349,-0.3617391304347826,-0.2434782608695652,-0.13043478260869565,8
1253,-0.23695652173913043,0.09383148632568364,-0.3391304347826087,-0.25217391304347825,-0.08739130434782608,8
1254,-0.21956521739130436,0.04026143299446116,-0.2808695652173913,-0.20869565217391306,-0.15695652173913044,8
1255,-0.16086956521739132,0.10279643841336425,-0.3208695652173913,-0.1826086956521739,-0.0004347826086956424,8
1256,-0.2173913043478261,0.059614387829574296,-0.31260869565217386,-0.2173913043478261,-0.13652173913043478,8
1257,-0.07391304347826086,0.064341950378038,-0.17347826086956522,-0.0782608695652174,0.008695652173913044,8
1258,-0.12391304347826088,0.10612169780399064,-0.2604347826086956,-0.1391304347826087,0.07434782608695654,8
1259,-0.24130434782608695,0.062061314885305204,-0.31565217391304345,-0.25217391304347825,-0.1252173913043478,8
1260,-0.21086956521739134,0.11889138185978537,-0.4160869565217391,-0.19130434782608696,-0.0526086956521739,8
1261,-0.13260869565217392,0.07193648742510564,-0.24,-0.15652173913043477,-0.02913043478260869,8
1262,-0.13043478260869565,0.0834057656228299,-0.2543478260869565,-0.1391304347826087,-0.011739130434782606,8
1263,-0.11956521739130435,0.10647736431529092,-0.28391304347826085,-0.09565217391304348,0.02826086956521741,8
1264,-0.15869565217391304,0.12599321852906176,-0.34739130434782606,-0.1391304347826087,-0.011739130434782606,8
1265,-0.10434782608695653,0.09120076940610014,-0.22869565217391305,-0.10434782608695652,0.008695652173913044,8
1266,-0.21956521739130436,0.072460144836952,-0.28695652173913044,-0.25217391304347825,-0.11304347826086956,8
1267,-0.017391304347826084,0.10028315299713736,-0.21347826086956523,0.008695652173913044,0.08956521739130435,8
1268,-0.13695652173913042,0.051398219206682125,-0.22565217391304349,-0.13043478260869565,-0.06391304347826086,8
1269,-0.18043478260869564,0.098163668738049,-0.3269565217391304,-0.1826086956521739,-0.038260869565217376,8
1270,-0.19999999999999998,0.0806401608303974,-0.31260869565217386,-0.21739130434782608,-0.06695652173913043,8
1271,-0.13695652173913045,0.04428597562492036,-0.1826086956521739,-0.14782608695652172,-0.0782608695652174,8
1272,-0.19130434782608696,0.11270853388535408,-0.3391304347826087,-0.20869565217391306,-0.032173913043478254,8
1273,-0.15217391304347827,0.08419529013494385,-0.2921739130434783,-0.14782608695652175,-0.032173913043478254,8
1274,-0.2456521739130435,0.12140871309081046,-0.41695652173913045,-0.2173913043478261,-0.06173913043478259,8
1275,-0.10652173913043478,0.11335658977811905,-0.24304347826086956,-0.13043478260869565,0.08652173913043479,8
1276,-0.0891304347826087,0.08561464638050094,-0.25130434782608696,-0.06956521739130435,0.005652173913043481,8
1277,-0.2108695652173913,0.0851719044528684,-0.3556521739130435,-0.20869565217391306,-0.07608695652173912,8
1278,-0.2456521739130435,0.09680627860092313,-0.3739130434782609,-0.23478260869565218,-0.1191304347826087,8
1279,-0.20869565217391303,0.11954545291189148,-0.4191304347826087,-0.20869565217391306,-0.06391304347826086,8
1280,-0.16086956521739132,0.080991026131292,-0.2921739130434783,-0.16521739130434782,-0.06086956521739131,8
1281,-0.17826086956521742,0.11978241142570356,-0.35043478260869565,-0.14782608695652172,-0.02913043478260869,8
1282,-0.20652173913043478,0.14233736117279003,-0.43130434782608695,-0.16521739130434782,-0.020869565217391292,8
1283,-0.10652173913043478,0.072720559494251,-0.19695652173913045,-0.09565217391304348,0.02217391304347828,8
1284,-0.24782608695652172,0.08684775806712253,-0.4160869565217391,-0.22608695652173913,-0.13956521739130434,8
1285,-0.14565217391304347,0.12939805382115765,-0.31565217391304345,-0.13043478260869565,0.07956521739130437,8
1286,-0.03695652173913043,0.0667571849251482,-0.14173913043478262,-0.034782608695652174,0.05782608695652174,8
1287,-0.11521739130434784,0.12822401828746632,-0.2952173913043478,-0.14782608695652175,0.08347826086956524,8
1288,-0.1,0.10990630138925685,-0.2921739130434783,-0.06956521739130435,0.0456521739130435,8
1289,-0.17391304347826086,0.14884558929237993,-0.3708695652173913,-0.16521739130434782,0.04869565217391306,8
1290,-0.15652173913043477,0.0834057656228299,-0.2808695652173913,-0.14782608695652175,-0.023913043478260853,8
1291,-0.18913043478260871,0.06788041302606955,-0.2808695652173913,-0.1826086956521739,-0.08434782608695653,8
1292,-0.18913043478260871,0.1169678352375183,-0.30130434782608695,-0.25217391304347825,0.01913043478260872,8
1293,-0.1869565217391304,0.05051717408096631,-0.2808695652173913,-0.16521739130434782,-0.1334782608695652,8
1294,-0.2956521739130435,0.07630403815123585,-0.40260869565217394,-0.31304347826086953,-0.18869565217391304,8
1295,-0.13478260869565217,0.10094075448907738,-0.2747826086956522,-0.15652173913043477,0.020000000000000004,8
1296,-0.11521739130434783,0.12280203689129217,-0.31260869565217386,-0.08695652173913043,0.023043478260869568,8
1297,-0.10217391304347825,0.050657305207526274,-0.16217391304347825,-0.11304347826086956,-0.006521739130434769,8
1298,-0.1,0.09274230003348498,-0.22869565217391305,-0.11304347826086956,0.04043478260869565,8
1299,-0.19130434782608696,0.09604661754075879,-0.30130434782608695,-0.2,-0.00434782608695649,8
1300,-0.1108695652173913,0.08928935990396891,-0.23173913043478261,-0.11304347826086955,0.0026086956521739193,8
1301,-0.2217391304347826,0.038644323553546044,-0.28391304347826085,-0.21739130434782608,-0.16826086956521738,8
1302,-0.25,0.11048526747454836,-0.4078260869565217,-0.2782608695652174,-0.06999999999999999,8
1303,-0.1673913043478261,0.13228756555322954,-0.3565217391304348,-0.13043478260869565,0.01391304347826088,8
1304,-0.1826086956521739,0.08739022279235557,-0.28695652173913044,-0.17391304347826086,-0.029999999999999978,8
1305,-0.10652173913043479,0.1024971759489242,-0.24304347826086956,-0.13043478260869565,0.05782608695652174,8
1306,-0.1673913043478261,0.07193648742510564,-0.26652173913043475,-0.16521739130434782,-0.0782608695652174,8
1307,-0.24130434782608695,0.07375302371168424,-0.3360869565217391,-0.25217391304347825,-0.1334782608695652,8
1308,-0.14565217391304347,0.10378015880243487,-0.31260869565217386,-0.1391304347826087,0.0026086956521739193,8
1309,-0.1934782608695652,0.08907739673281685,-0.3269565217391304,-0.17391304347826086,-0.058695652173913024,8
1310,-0.1956521739130435,0.10747136603746327,-0.3730434782608696,-0.1826086956521739,-0.04652173913043478,8
1311,-0.12826086956521737,0.07349626741033465,-0.26565217391304347,-0.1217391304347826,-0.032173913043478254,8
1312,-0.1826086956521739,0.08564224175474873,-0.32391304347826083,-0.16521739130434782,-0.08130434782608696,8
1313,-0.1326086956521739,0.10194238337124657,-0.2778260869565217,-0.1217391304347826,-0.02608695652173913,8
1314,-0.1217391304347826,0.04601306627938418,-0.19695652173913045,-0.11304347826086956,-0.06391304347826086,8
1315,-0.2326086956521739,0.07990424325864828,-0.398695652173913,-0.21739130434782608,-0.16521739130434782,8
1316,-0.16304347826086957,0.07298004491997617,-0.25217391304347825,-0.15652173913043477,-0.0526086956521739,8
1317,-0.2847826086956522,0.09383148632568365,-0.45173913043478264,-0.25217391304347825,-0.1743478260869565,8
1318,-0.08043478260869566,0.09055071999851536,-0.19695652173913045,-0.09565217391304348,0.0691304347826087,8
1319,-0.28695652173913044,0.09161438045958903,-0.43956521739130433,-0.28695652173913044,-0.1426086956521739,8
1320,-0.13478260869565217,0.06608123545030724,-0.21739130434782608,-0.13043478260869565,-0.04652173913043478,8
1321,-0.21956521739130436,0.11777313104853512,-0.46217391304347827,-0.17391304347826086,-0.1191304347826087,8
1322,-0.1782608695652174,0.07365684498303224,-0.3034782608695652,-0.1826086956521739,-0.08130434782608696,8
1323,-0.2326086956521739,0.10082364022004547,-0.41391304347826086,-0.2,-0.13043478260869565,8
1324,-0.17173913043478262,0.08822445168566533,-0.3065217391304348,-0.19130434782608696,-0.038260869565217376,8
1325,-0.15869565217391304,0.06618842325060142,-0.2634782608695652,-0.14782608695652175,-0.0782608695652174,8
1326,-0.12608695652173912,0.10425720702853739,-0.2778260869565217,-0.13043478260869565,0.037391304347826095,8
1327,-0.12826086956521737,0.09096728675177251,-0.23173913043478261,-0.15652173913043477,0.016956521739130443,8
1328,-0.15217391304347827,0.08283721253590283,-0.2778260869565217,-0.16521739130434782,-0.01782608695652173,8
1329,-0.15652173913043477,0.08867860023639626,-0.2982608695652174,-0.1391304347826087,-0.04652173913043478,8
1330,-0.24347826086956523,0.08994852550250958,-0.4273913043478261,-0.20869565217391306,-0.16826086956521738,8
1331,-0.11956521739130435,0.09158858449104738,-0.2604347826086956,-0.11304347826086956,0.0026086956521739193,8
1332,-0.17826086956521742,0.09594815865527788,-0.34956521739130436,-0.16521739130434782,-0.06391304347826086,8
1333,-0.13043478260869565,0.05217391304347825,-0.21130434782608695,-0.13043478260869565,-0.06391304347826086,8
1334,-0.15217391304347827,0.054824000925732565,-0.22565217391304349,-0.16521739130434782,-0.0526086956521739,8
1335,-0.17608695652173914,0.04428597562492036,-0.23478260869565218,-0.17391304347826086,-0.11304347826086956,8
1336,-0.20869565217391303,0.10028315299713735,-0.35043478260869565,-0.22608695652173913,-0.06086956521739131,8
1337,-0.21956521739130436,0.08131132264897846,-0.37,-0.21739130434782608,-0.11608695652173913,8
1338,-0.20652173913043476,0.11696783523751832,-0.3965217391304348,-0.19130434782608696,-0.04130434782608694,8
1339,-0.13260869565217392,0.10194238337124656,-0.3373913043478261,-0.11304347826086956,-0.02608695652173913,8
1340,-0.1826086956521739,0.08519964322724098,-0.2808695652173913,-0.2,-0.018695652173913016,8
1341,-0.18478260869565216,0.05529607539989958,-0.3004347826086956,-0.16521739130434782,-0.14782608695652175,8
1342,-0.10869565217391305,0.09712307784212469,-0.21434782608695652,-0.1217391304347826,0.037391304347826095,8
1343,-0.12826086956521737,0.06815832785474298,-0.2,-0.1391304347826087,-0.003478260869565205,8
1344,-0.15869565217391304,0.08950082108799522,-0.3208695652173913,-0.13043478260869565,-0.06391304347826086,8
1345,-0.1934782608695652,0.09641494287624645,-0.32999999999999996,-0.2,-0.018695652173913016,8
1346,-0.15434782608695652,0.09443394186510205,-0.34043478260869564,-0.13043478260869565,-0.06391304347826086,8
1347,-0.2543478260869565,0.14870264412750164,-0.4947826086956522,-0.23478260869565218,-0.044347826086956504,8
1348,-0.028260869565217388,0.10082364022004547,-0.17043478260869566,-0.034782608695652174,0.11304347826086956,8
1349,-0.15434782608695652,0.08014047213550765,-0.26652173913043475,-0.15652173913043477,-0.023913043478260853,8
1350,-0.17608695652173914,0.09835605239881408,-0.3721739130434783,-0.16521739130434782,-0.055652173913043466,8
1351,-0.20869565217391306,0.06901959941907626,-0.31565217391304345,-0.21739130434782608,-0.13043478260869565,8
1352,-0.18043478260869567,0.08084501731211763,-0.2952173913043478,-0.19130434782608696,-0.038260869565217376,8
1353,-0.06521739130434784,0.11495047014262856,-0.21956521739130436,-0.10434782608695653,0.12434782608695652,8
1354,-0.23695652173913045,0.08583516096695494,-0.3760869565217391,-0.22608695652173913,-0.13043478260869565,8
1355,-0.13043478260869565,0.11954545291189148,-0.2808695652173913,-0.1217391304347826,0.03434782608695653,8
1356,-0.20869565217391306,0.07630403815123585,-0.34130434782608693,-0.19130434782608696,-0.0934782608695652,8
1357,-0.15434782608695652,0.06618842325060142,-0.2604347826086956,-0.14782608695652172,-0.0526086956521739,8
1358,-0.16956521739130437,0.11690721443259784,-0.33304347826086955,-0.17391304347826086,0.02826086956521741,8
1359,-0.14782608695652172,0.08782178207271371,-0.2778260869565217,-0.15652173913043477,-0.006521739130434769,8
1360,-0.2391304347826087,0.09789852390606699,-0.3882608695652174,-0.22608695652173913,-0.10173913043478261,8
1361,-0.08478260869565217,0.11435278547684705,-0.24913043478260868,-0.08695652173913043,0.09782608695652176,8
1362,-0.21521739130434783,0.09179474926398876,-0.37,-0.20869565217391306,-0.08434782608695653,8
1363,-0.2608695652173913,0.09525609695742018,-0.42217391304347823,-0.2608695652173913,-0.14782608695652175,8
1364,-0.1282608695652174,0.109453877175427,-0.3178260869565217,-0.10434782608695653,-0.008695652173913044,8
1365,-0.07173913043478261,0.12659194227426668,-0.26869565217391306,-0.06956521739130435,0.09565217391304348,8
1366,-0.13695652173913042,0.08337743004680481,-0.25217391304347825,-0.1217391304347826,-0.006521739130434769,8
1367,-0.2,0.03689252771408074,-0.24913043478260868,-0.19130434782608696,-0.13956521739130434,8
1368,-0.20869565217391306,0.08157244799692921,-0.31869565217391305,-0.21739130434782608,-0.08739130434782608,8
1369,-0.0608695652173913,0.10288834405390636,-0.20217391304347826,-0.0782608695652174,0.1265217391304348,8
1370,-0.17391304347826086,0.06148754619013456,-0.25217391304347825,-0.1826086956521739,-0.06999999999999999,8
1371,-0.08913043478260868,0.08649333158294678,-0.2082608695652174,-0.10434782608695653,0.06304347826086959,8
1372,-0.04565217391304348,0.12031386175671055,-0.22869565217391305,-0.043478260869565216,0.11,8
1373,-0.2217391304347826,0.09355406431021746,-0.358695652173913,-0.25217391304347825,-0.08434782608695653,8
1374,-0.19999999999999998,0.10720720005163437,-0.3534782608695652,-0.19130434782608696,-0.038260869565217376,8
1375,-0.16521739130434782,0.11337743313395911,-0.34956521739130436,-0.19130434782608696,-0.008695652173913044,8
1376,-0.24782608695652175,0.0832923654811653,-0.38521739130434784,-0.22608695652173913,-0.13956521739130434,8
1377,-0.10434782608695652,0.08519964322724097,-0.21130434782608695,-0.1217391304347826,0.04869565217391306,8
1378,-0.12391304347826086,0.09680627860092313,-0.23173913043478261,-0.14782608695652172,0.060000000000000026,8
1379,-0.14565217391304347,0.0946339080855605,-0.26652173913043475,-0.16521739130434782,0.005652173913043481,8
1380,-0.1782608695652174,0.09828395265615057,-0.34956521739130436,-0.1826086956521739,-0.023913043478260853,8
1381,-0.13478260869565217,0.12041202107935851,-0.28695652173913044,-0.13043478260869565,0.03434782608695653,8
1382,-0.14782608695652175,0.11503266569846046,-0.35782608695652174,-0.1391304347826087,0.01391304347826088,8
1383,-0.05869565217391304,0.06815832785474298,-0.14478260869565218,-0.0782608695652174,0.05173913043478262,8
1384,-0.1,0.05685520361140009,-0.20217391304347826,-0.09565217391304348,-0.02608695652173913,8
1385,-0.12391304347826086,0.09523128745134568,-0.2943478260869565,-0.12173913043478261,0.01391304347826088,8
1386,-0.21304347826086956,0.12742913817176385,-0.41391304347826086,-0.2,-0.023913043478260853,8
1387,-0.16956521739130437,0.1406842581509864,-0.33304347826086955,-0.2,0.07434782608695654,8
1388,-0.12826086956521737,0.09463390808556049,-0.25217391304347825,-0.10434782608695653,0.0026086956521739193,8
1389,-0.15869565217391307,0.1106562312402123,-0.36086956521739133,-0.15652173913043477,-0.01782608695652173,8
1390,-0.10217391304347825,0.06386274270247122,-0.22260869565217392,-0.09565217391304348,-0.02913043478260869,8
1391,-0.15434782608695652,0.15746995392586483,-0.41391304347826086,-0.10434782608695653,0.04260869565217393,8
1392,-0.2108695652173913,0.054260799888472544,-0.30130434782608695,-0.2,-0.1508695652173913,8
1393,-0.17173913043478262,0.06020601053967926,-0.2747826086956522,-0.16521739130434782,-0.08434782608695653,8
1394,-0.14347826086956522,0.08464314058231212,-0.23478260869565218,-0.16521739130434782,-0.008695652173913044,8
1395,-0.13260869565217392,0.0977777658436914,-0.2891304347826087,-0.14782608695652175,0.005652173913043481,8
1396,-0.10652173913043478,0.058291685555617055,-0.17652173913043478,-0.10434782608695653,0.004782608695652193,8
1397,-0.13478260869565217,0.1352027113518801,-0.26652173913043475,-0.1826086956521739,0.13695652173913048,8
1398,-0.17391304347826086,0.07117698062497783,-0.28391304347826085,-0.16521739130434782,-0.08130434782608696,8
1399,-0.18478260869565216,0.07349626741033465,-0.2952173913043478,-0.19130434782608696,-0.06999999999999999,8
1400,-0.13478260869565217,0.10056550874974242,-0.2808695652173913,-0.13043478260869565,-0.008695652173913044,8
1401,-0.11521739130434783,0.09582494278493127,-0.28304347826086956,-0.1217391304347826,0.005652173913043481,8
1402,-0.19130434782608696,0.11698803519194531,-0.34739130434782606,-0.22608695652173913,-0.043478260869565216,8
1403,-0.05869565217391304,0.0996923433721574,-0.2082608695652174,-0.034782608695652174,0.09478260869565219,8
1404,-0.16956521739130434,0.12623679253006934,-0.36478260869565216,-0.1826086956521739,0.0026086956521739193,8
1405,-0.1,0.13266214175993354,-0.32913043478260867,-0.10434782608695653,0.08956521739130435,8
1406,-0.09782608695652173,0.13788505116434333,-0.3373913043478261,-0.11304347826086956,0.09782608695652176,8
1407,-0.15000000000000002,0.07750236291293863,-0.2634782608695652,-0.13043478260869565,-0.04652173913043478,8
1408,-0.2043478260869565,0.08641133441022517,-0.3534782608695652,-0.16521739130434782,-0.1191304347826087,8
1409,-0.17173913043478262,0.0747712327039993,-0.25217391304347825,-0.20869565217391306,-0.06391304347826086,8
1410,-0.14782608695652175,0.11033545687347408,-0.31869565217391305,-0.14782608695652175,0.01086956521739132,8
1411,-0.11956521739130435,0.13965593692477413,-0.2808695652173913,-0.14782608695652175,0.14086956521739133,8
1412,-0.06956521739130435,0.07223151185146151,-0.14478260869565218,-0.08695652173913043,0.07434782608695654,8
1413,-0.13695652173913042,0.09362980637981752,-0.24913043478260868,-0.1391304347826087,0.03652173913043481,8
1414,-0.12608695652173912,0.06942921488117962,-0.1826086956521739,-0.15652173913043477,0.0026086956521739193,8
1415,-0.15434782608695652,0.09873969521022403,-0.24608695652173912,-0.19130434782608696,0.04782608695652178,8
1416,-0.11956521739130435,0.1369220108347803,-0.2952173913043478,-0.1217391304347826,0.12347826086956525,8
1417,-0.05434782608695653,0.06020601053967926,-0.15608695652173912,-0.052173913043478265,0.023043478260869568,8
1418,-0.1608695652173913,0.09789852390606699,-0.34130434782608693,-0.13043478260869565,-0.038260869565217376,8
1419,-0.15434782608695652,0.043423879033561257,-0.23695652173913043,-0.14782608695652175,-0.09869565217391305,8
1420,-0.20217391304347826,0.08177496901653925,-0.28391304347826085,-0.23478260869565218,-0.06695652173913043,8
1421,-0.1108695652173913,0.10119792880267289,-0.2604347826086956,-0.12173913043478261,0.04869565217391306,8
1422,-0.15652173913043477,0.19031364024555902,-0.3882608695652174,-0.2,0.15521739130434786,8
1423,-0.09347826086956522,0.0880099238260746,-0.25956521739130434,-0.09565217391304348,0.005652173913043481,8
1424,-0.14565217391304347,0.07552588159147917,-0.2573913043478261,-0.14782608695652175,-0.06086956521739131,8
1425,-0.20652173913043478,0.07725806801702984,-0.30434782608695654,-0.2,-0.06782608695652172,8
1426,-0.09782608695652173,0.11712933733064516,-0.2747826086956522,-0.08695652173913043,0.054782608695652185,8
1427,-0.2108695652173913,0.03682842249151612,-0.25217391304347825,-0.2173913043478261,-0.1508695652173913,8
1428,-0.07391304347826087,0.09314906645925458,-0.22869565217391305,-0.06956521739130435,0.037391304347826095,8
1429,-0.15434782608695652,0.06144910445696769,-0.2573913043478261,-0.14782608695652175,-0.08130434782608696,8
1430,-0.06304347826086956,0.1395205129540873,-0.3034782608695652,0.0,0.08956521739130435,8
1431,-0.2369565217391304,0.07602481934802482,-0.3360869565217391,-0.2434782608695652,-0.09652173913043477,8
1432,-0.15217391304347827,0.08684775806712253,-0.2891304347826087,-0.14782608695652175,-0.009565217391304332,8
1433,-0.10434782608695653,0.06846963368705922,-0.23695652173913043,-0.09565217391304348,-0.02913043478260869,8
1434,-0.1173913043478261,0.1505503451580938,-0.34739130434782606,-0.1391304347826087,0.08652173913043479,8
1435,-0.16304347826086957,0.11999921234776158,-0.32999999999999996,-0.15652173913043477,0.01391304347826088,8
1436,-0.17173913043478262,0.11729061704535834,-0.31869565217391305,-0.2,-0.0004347826086956424,8
1437,-0.041304347826086954,0.09096728675177251,-0.15608695652173912,-0.043478260869565216,0.1265217391304348,8
1438,-0.21739130434782608,0.05702120455914784,-0.30130434782608695,-0.22608695652173913,-0.13652173913043478,8
1439,-0.14347826086956522,0.09712307784212469,-0.2982608695652174,-0.13043478260869565,-0.011739130434782606,8
1440,-0.16956521739130434,0.0877140913123131,-0.31869565217391305,-0.13043478260869565,-0.08130434782608696,8
1441,-0.24347826086956523,0.0860825646661884,-0.4078260869565217,-0.21739130434782608,-0.13956521739130434,8
1442,-0.1673913043478261,0.08886492798247694,-0.3178260869565217,-0.15652173913043477,-0.03521739130434782,8
1443,-0.13260869565217392,0.13027163710068376,-0.2808695652173913,-0.17391304347826086,0.10086956521739132,8
1444,-0.11956521739130435,0.05563688648725968,-0.19391304347826088,-0.13043478260869565,-0.032173913043478254,8
1445,-0.11521739130434783,0.13483519310835398,-0.30130434782608695,-0.11304347826086956,0.10913043478260871,8
1446,-0.1217391304347826,0.10964800185146513,-0.3373913043478261,-0.10434782608695653,0.01391304347826088,8
1447,-0.09130434782608696,0.08005196799792161,-0.2082608695652174,-0.09565217391304348,0.023043478260869568,8
1448,-0.16521739130434782,0.08340576562282989,-0.32391304347826083,-0.14782608695652175,-0.06695652173913043,8
1449,-0.08043478260869566,0.0946339080855605,-0.17956521739130435,-0.13043478260869565,0.0691304347826087,8
1450,-0.13043478260869565,0.07728864710709207,-0.21434782608695652,-0.15652173913043477,-0.008695652173913044,8
1451,-0.05217391304347826,0.09799502321377952,-0.16217391304347825,-0.0782608695652174,0.1347826086956522,8
1452,-0.11956521739130435,0.10286537534192157,-0.2921739130434783,-0.06086956521739131,-0.02608695652173913,8
1453,-0.14347826086956522,0.14465917182273152,-0.31565217391304345,-0.1391304347826087,0.1256521739130435,8
1454,-0.16086956521739132,0.12289820891393538,-0.41,-0.1217391304347826,-0.03521739130434782,8
1455,-0.13043478260869565,0.10614396187594523,-0.25217391304347825,-0.1391304347826087,0.06826086956521742,8
1456,-0.043478260869565216,0.0903678682209849,-0.19391304347826088,-0.02608695652173913,0.07217391304347827,8
1457,-0.12608695652173912,0.07157425057893185,-0.24,-0.12173913043478261,-0.01782608695652173,8
1458,-0.15434782608695652,0.05697974966122242,-0.24608695652173912,-0.15652173913043477,-0.0782608695652174,8
1459,-0.08695652173913043,0.07480282840906631,-0.16217391304347825,-0.11304347826086956,0.04043478260869565,8
1460,-0.09782608695652174,0.09179474926398877,-0.27695652173913043,-0.06956521739130435,-0.011739130434782606,8
1461,-0.11304347826086955,0.05217391304347826,-0.17956521739130435,-0.11304347826086956,-0.020869565217391292,8
1462,-0.10652173913043478,0.10997078147775424,-0.26652173913043475,-0.07826086956521738,0.008695652173913044,8
1463,-0.06304347826086956,0.15710940404482307,-0.24913043478260868,-0.08695652173913043,0.2330434782608696,8
1464,-0.0608695652173913,0.1192287756591486,-0.24304347826086956,-0.043478260869565216,0.10695652173913044,8
1465,-0.06304347826086956,0.09816366873804903,-0.14782608695652175,-0.11304347826086956,0.12347826086956525,8
1466,-0.09565217391304347,0.10140785904078783,-0.23173913043478261,-0.08695652173913043,0.05173913043478262,8
1467,-0.15217391304347824,0.12533508961217021,-0.3095652173913043,-0.1826086956521739,0.08260869565217395,8
1468,-0.13043478260869568,0.10065945132861066,-0.2634782608695652,-0.15652173913043477,0.023043478260869568,8
1469,-0.11521739130434783,0.05989120571285178,-0.16521739130434782,-0.1391304347826087,-0.003478260869565205,8
1470,-0.1782608695652174,0.1122884484360431,-0.3391304347826087,-0.16521739130434782,-0.01782608695652173,8
1471,-0.09347826086956522,0.10194238337124654,-0.2543478260869565,-0.06956521739130435,0.037391304347826095,8
1472,-0.12391304347826088,0.08561464638050094,-0.2747826086956522,-0.10434782608695653,-0.014782608695652167,8
1473,-0.16304347826086957,0.0826944634852619,-0.2808695652173913,-0.17391304347826086,-0.03521739130434782,8
1474,-0.1282608695652174,0.1625499777733054,-0.3934782608695652,-0.043478260869565216,0.05173913043478262,8
1475,-0.07608695652173914,0.09096728675177251,-0.21130434782608695,-0.0782608695652174,0.0691304347826087,8
1476,-0.2065217391304348,0.12109690849743873,-0.3360869565217391,-0.23478260869565215,0.01608695652173916,8
1477,-0.15217391304347827,0.054824000925732565,-0.24304347826086956,-0.15652173913043477,-0.06999999999999999,8
1478,-0.08913043478260871,0.10063597390524093,-0.26565217391304347,-0.08695652173913043,0.05173913043478262,8
1479,-0.15217391304347827,0.07957828355531794,-0.23478260869565218,-0.16521739130434782,-0.032173913043478254,8
1480,-0.13695652173913042,0.04428597562492036,-0.2,-0.13043478260869565,-0.06695652173913043,8
1481,-0.15217391304347827,0.10425720702853739,-0.26956521739130435,-0.16521739130434782,0.01086956521739132,8
1482,-0.19130434782608696,0.09799502321377952,-0.2982608695652174,-0.22608695652173913,-0.01782608695652173,8
1483,-0.1608695652173913,0.04412561550040095,-0.21434782608695652,-0.16521739130434782,-0.07608695652173912,8
1484,-0.13695652173913045,0.09835605239881408,-0.25217391304347825,-0.14782608695652175,0.03956521739130437,8
1485,-0.21739130434782608,0.11986129349643672,-0.42217391304347823,-0.20869565217391306,-0.055652173913043466,8
1486,-0.2,0.09078527399052654,-0.30130434782608695,-0.2,-0.024782608695652145,8
1487,-0.2108695652173913,0.0747712327039993,-0.31260869565217386,-0.23478260869565218,-0.08434782608695653,8
1488,-0.0934782608695652,0.08539356235392329,-0.19391304347826088,-0.12173913043478261,0.037391304347826095,8
1489,-0.10434782608695653,0.06679257172059658,-0.2082608695652174,-0.10434782608695653,-0.011739130434782606,8
1490,-0.20869565217391306,0.10685396284734354,-0.35043478260869565,-0.2173913043478261,-0.038260869565217376,8
1491,-0.06956521739130435,0.06622411396403399,-0.14782608695652175,-0.06086956521739131,0.037391304347826095,8
1492,-0.17173913043478262,0.11201454806946305,-0.3730434782608696,-0.15652173913043477,-0.023913043478260853,8
1493,-0.2326086956521739,0.16691065946177905,-0.4230434782608696,-0.23478260869565218,0.05913043478260873,8
1494,-0.1108695652173913,0.08037600672754848,-0.25130434782608696,-0.11304347826086956,0.0026086956521739193,8
1495,-0.21521739130434783,0.04797407932763894,-0.28391304347826085,-0.2173913043478261,-0.13956521739130434,8
1496,-0.18043478260869564,0.09302214302319421,-0.26956521739130435,-0.21739130434782608,-0.02608695652173913,8
1497,-0.14782608695652175,0.10825999650424983,-0.3095652173913043,-0.1391304347826087,-0.008695652173913044,8
1498,-0.19782608695652174,0.09931238070000364,-0.31869565217391305,-0.21739130434782608,-0.03521739130434782,8
1499,-0.17173913043478262,0.05697974966122242,-0.24913043478260868,-0.16521739130434782,-0.09869565217391305,8
1500,-0.18695652173913044,0.08984338399900793,-0.30130434782608695,-0.19130434782608696,-0.06695652173913043,8
1501,-0.21304347826086956,0.09943127500895019,-0.3730434782608696,-0.2,-0.09869565217391305,8
1502,-0.16521739130434782,0.08430747578115354,-0.3065217391304348,-0.15652173913043477,-0.04652173913043478,8
1503,-0.18913043478260871,0.07577576112144946,-0.2982608695652174,-0.19130434782608696,-0.09869565217391305,8
1504,-0.17391304347826086,0.08867860023639626,-0.3352173913043478,-0.17391304347826086,-0.06695652173913043,8
1505,-0.15,0.07502362576842347,-0.21739130434782608,-0.19130434782608696,-0.043478260869565216,8
1506,-0.09999999999999999,0.0474291831071118,-0.16521739130434782,-0.09565217391304348,-0.043478260869565216,8
1507,-0.17391304347826086,0.08430747578115354,-0.31260869565217386,-0.17391304347826086,-0.06695652173913043,8
1508,-0.07826086956521738,0.0952560969574202,-0.22869565217391305,-0.06086956521739131,0.037391304347826095,8
1509,-0.13260869565217392,0.1190502745225484,-0.31260869565217386,-0.09565217391304348,0.005652173913043481,8
1510,-0.15652173913043477,0.12571158517218226,-0.31869565217391305,-0.17391304347826086,0.005652173913043481,8
1511,-0.19130434782608696,0.10103434816193262,-0.34130434782608693,-0.2,-0.015652173913043452,8
1512,-0.12173913043478261,0.10288834405390636,-0.2921739130434783,-0.09565217391304348,0.005652173913043481,8
1513,-0.08478260869565218,0.09117485641526421,-0.24304347826086956,-0.034782608695652174,0.005652173913043481,8
1514,-0.16739130434782606,0.10119792880267289,-0.30130434782608695,-0.16521739130434782,-0.032173913043478254,8
1515,-0.10217391304347825,0.14781010143747456,-0.31565217391304345,-0.0782608695652174,0.10913043478260871,8
1516,-0.15,0.0849496681851301,-0.2808695652173913,-0.1217391304347826,-0.023913043478260853,8
1517,-0.2630434782608696,0.09797090729777173,-0.39956521739130435,-0.26956521739130435,-0.12217391304347824,8
1518,-0.1217391304347826,0.06448868249648403,-0.16521739130434782,-0.14782608695652175,0.01608695652173916,8
1519,-0.1782608695652174,0.12381765970346212,-0.358695652173913,-0.1826086956521739,-0.011739130434782606,8
1520,-0.13478260869565217,0.06492688923073078,-0.23173913043478261,-0.11304347826086956,-0.049565217391304345,8
1521,-0.05434782608695653,0.08692934357883568,-0.21347826086956523,-0.052173913043478265,0.054782608695652185,8
1522,-0.14565217391304347,0.07895225998841252,-0.2634782608695652,-0.1391304347826087,-0.023913043478260853,8
1523,-0.1782608695652174,0.052714589795574536,-0.28608695652173916,-0.16521739130434782,-0.13043478260869565,8
1524,-0.13913043478260873,0.0983800739042153,-0.2891304347826087,-0.14782608695652175,-0.008695652173913044,8
1525,-0.04782608695652174,0.07957828355531794,-0.13043478260869565,-0.06086956521739131,0.09782608695652176,8
1526,-0.17173913043478262,0.07375302371168424,-0.2808695652173913,-0.16521739130434782,-0.055652173913043466,8
1527,-0.15434782608695652,0.1071851568314874,-0.26652173913043475,-0.20869565217391306,0.005652173913043481,8
1528,-0.18913043478260871,0.08736317955395703,-0.3269565217391304,-0.16521739130434782,-0.058695652173913024,8
1529,-0.15,0.06760135567594006,-0.23478260869565218,-0.15652173913043477,-0.03521739130434782,8
1530,-0.09347826086956522,0.11418735640581648,-0.24608695652173912,-0.11304347826086956,0.08347826086956524,8
1531,-0.1934782608695652,0.08427944336947882,-0.3352173913043478,-0.20869565217391306,-0.0782608695652174,8
1532,-0.03695652173913044,0.07167322400797624,-0.12434782608695652,-0.052173913043478265,0.09782608695652176,8
1533,-0.1673913043478261,0.0977777658436914,-0.35782608695652174,-0.15652173913043477,-0.049565217391304345,8
1534,-0.20652173913043478,0.06266754480608511,-0.2982608695652174,-0.20869565217391306,-0.1191304347826087,8
1535,-0.1391304347826087,0.13244822792806799,-0.2808695652173913,-0.1826086956521739,0.11434782608695657,8
1536,-0.25217391304347825,0.07679792057676388,-0.35043478260869565,-0.2608695652173913,-0.12217391304347824,8
1537,-0.15434782608695652,0.09034171632687021,-0.2778260869565217,-0.17391304347826086,-0.003478260869565205,8
1538,-0.034782608695652174,0.08110764393990273,-0.11,-0.052173913043478265,0.13173913043478264,8
1539,-0.09782608695652173,0.0831503978213273,-0.22565217391304349,-0.07826086956521738,0.0026086956521739193,8
1540,-0.09782608695652174,0.06647341239748111,-0.19086956521739132,-0.11304347826086956,0.0026086956521739193,8
1541,-0.14782608695652175,0.11986129349643672,-0.34347826086956523,-0.16521739130434782,0.03434782608695653,8
1542,-0.19565217391304346,0.12473033293722653,-0.3443478260869565,-0.22608695652173913,0.02521739130434784,8
1543,-0.16086956521739132,0.12473033293722655,-0.3269565217391304,-0.15652173913043477,0.062173913043478295,8
1544,-0.1391304347826087,0.04762804847871009,-0.2082608695652174,-0.14782608695652175,-0.055652173913043466,8
1545,-0.16521739130434782,0.06389973242043073,-0.23478260869565218,-0.1826086956521739,-0.08130434782608696,8
1546,-0.10434782608695652,0.10288834405390637,-0.22869565217391305,-0.10434782608695653,0.07434782608695654,8
1547,-0.19130434782608696,0.12017630400943698,-0.34739130434782606,-0.2,0.01086956521739132,8
1548,-0.19565217391304346,0.09751157170437307,-0.34739130434782606,-0.17391304347826086,-0.0526086956521739,8
1549,0.0,0.06565073421974565,-0.11521739130434783,0.017391304347826087,0.08652173913043479,8
1550,-0.14782608695652175,0.06846963368705922,-0.23173913043478261,-0.16521739130434782,-0.04652173913043478,8
1551,-0.16086956521739132,0.06888251964241243,-0.24608695652173912,-0.17391304347826086,-0.026956521739130414,8
1552,-0.1391304347826087,0.11371040722280018,-0.2952173913043478,-0.15652173913043477,0.04043478260869565,8
1553,-0.004347826086956521,0.09192336744289555,-0.18695652173913044,0.02608695652173913,0.10086956521739132,8
1554,-0.08043478260869566,0.0966108088838651,-0.2708695652173913,-0.043478260869565216,0.031304347826086966,8
1555,-0.12826086956521737,0.09969234337215739,-0.2943478260869565,-0.14782608695652175,0.02521739130434784,8
1556,-0.10869565217391304,0.057516332849230224,-0.2082608695652174,-0.08695652173913043,-0.04652173913043478,8
1557,-0.06739130434782609,0.06503597957239822,-0.17347826086956522,-0.052173913043478265,0.005652173913043481,8
1558,-0.10869565217391304,0.08419529013494384,-0.21434782608695652,-0.13043478260869565,0.020000000000000004,8
1559,-0.18478260869565216,0.08627449927384534,-0.31260869565217386,-0.19130434782608696,-0.0526086956521739,8
1560,-0.14130434782608695,0.08822445168566533,-0.2778260869565217,-0.11304347826086956,-0.02913043478260869,8
1561,-0.1565217391304348,0.1153608622732313,-0.3526086956521739,-0.16521739130434782,-0.014782608695652167,8
1562,-0.14130434782608695,0.06386274270247122,-0.24913043478260868,-0.1217391304347826,-0.06695652173913043,8
1563,-0.11304347826086956,0.040786223998464606,-0.17652173913043478,-0.11304347826086956,-0.049565217391304345,8
1564,-0.2891304347826087,0.10806337844901362,-0.43434782608695655,-0.2956521739130435,-0.09130434782608693,8
1565,0.0,0.10362065467663466,-0.1591304347826087,0.02608695652173913,0.13043478260869565,8
1566,-0.1717391304347826,0.10612169780399064,-0.32999999999999996,-0.16521739130434782,-0.006521739130434769,8
1567,-0.16086956521739132,0.10131461041505256,-0.28695652173913044,-0.14782608695652172,-0.003478260869565205,8
1568,-0.08043478260869566,0.11517636677347483,-0.22869565217391305,-0.06956521739130435,0.11217391304347828,8
1569,-0.09347826086956522,0.11318970475604186,-0.2573913043478261,-0.09565217391304348,0.05782608695652174,8
1570,-0.08478260869565218,0.09719603872220937,-0.22565217391304349,-0.10434782608695653,0.07739130434782611,8
1571,-0.1826086956521739,0.10362065467663466,-0.2982608695652174,-0.2,0.007826086956521754,8
1572,-0.10217391304347827,0.0948334526573358,-0.25217391304347825,-0.06086956521739131,0.005652173913043481,8
1573,-0.13260869565217392,0.057966485330319055,-0.22565217391304349,-0.1217391304347826,-0.06391304347826086,8
1574,-0.22608695652173913,0.09876362340522216,-0.40478260869565214,-0.20869565217391306,-0.11304347826086956,8
1575,-0.10217391304347827,0.059574737417585746,-0.19695652173913045,-0.09565217391304348,-0.01782608695652173,8
1576,-0.12173913043478261,0.1120356411019576,-0.31478260869565217,-0.12173913043478261,0.037391304347826095,8
1577,-0.18043478260869567,0.07349626741033465,-0.26956521739130435,-0.2,-0.0526086956521739,8
1578,-0.15652173913043477,0.0834057656228299,-0.24913043478260868,-0.16521739130434782,-0.012608695652173893,8
1579,-0.15869565217391304,0.08107850521291964,-0.2634782608695652,-0.17391304347826086,-0.023913043478260853,8
1580,-0.05652173913043478,0.10131461041505255,-0.19695652173913045,-0.06086956521739131,0.11521739130434784,8
1581,-0.013043478260869563,0.10817265482282372,-0.17956521739130435,0.017391304347826087,0.1356521739130435,8
1582,-0.20869565217391306,0.07170618479335063,-0.30130434782608695,-0.2,-0.09043478260869564,8
1583,0.010869565217391304,0.04385704565615656,-0.04043478260869565,0.008695652173913044,0.08956521739130435,8
1584,-0.18043478260869567,0.08928935990396891,-0.3443478260869565,-0.14782608695652175,-0.09565217391304348,8
1585,-0.15869565217391304,0.11335658977811905,-0.26956521739130435,-0.17391304347826086,0.05913043478260873,8
1586,-0.25,0.10341521645448953,-0.4252173913043478,-0.23478260869565218,-0.10173913043478261,8
1587,-0.1826086956521739,0.12017630400943699,-0.39565217391304347,-0.19130434782608696,-0.01782608695652173,8
1588,-0.13260869565217392,0.09179474926398874,-0.24608695652173912,-0.14782608695652172,0.031304347826086966,8
1589,-0.06956521739130435,0.04919003695210765,-0.15608695652173912,-0.06086956521739131,-0.011739130434782606,8
1590,-0.17391304347826086,0.08782178207271372,-0.30130434782608695,-0.17391304347826086,-0.038260869565217376,8
1591,-0.12608695652173912,0.09828395265615057,-0.24608695652173912,-0.15652173913043477,0.023043478260869568,8
1592,-0.08260869565217392,0.11395949932244484,-0.19695652173913045,-0.1217391304347826,0.1347826086956522,8
1593,-0.1326086956521739,0.1532107534465013,-0.3791304347826087,-0.09565217391304348,0.08043478260869567,8
1594,-0.15000000000000002,0.0849496681851301,-0.32608695652173914,-0.13043478260869565,-0.0782608695652174,8
1595,-0.2043478260869565,0.07210053892076956,-0.3269565217391304,-0.2,-0.0934782608695652,8
1596,-0.11739130434782609,0.10569778940124538,-0.331304347826087,-0.10434782608695653,-0.014782608695652167,8
1597,-0.1282608695652174,0.09503257823649737,-0.22869565217391305,-0.16521739130434782,0.04260869565217393,8
1598,-0.2108695652173913,0.09912185317546085,-0.36782608695652175,-0.19130434782608696,-0.06173913043478259,8
1599,-0.08478260869565218,0.1185729577677795,-0.25217391304347825,-0.06086956521739131,0.09478260869565219,8
1600,-0.1782608695652174,0.06888251964241245,-0.2634782608695652,-0.1826086956521739,-0.04739130434782607,8
1601,-0.1565217391304348,0.1182736565976995,-0.3269565217391304,-0.13043478260869565,0.03652173913043481,8
1602,-0.20652173913043478,0.13747314568489025,-0.4682608695652174,-0.16521739130434782,-0.038260869565217376,8
1603,-0.0108695652173913,0.09138195459558132,-0.10391304347826087,-0.043478260869565216,0.17565217391304352,8
1604,-0.1,0.11262464214772712,-0.2573913043478261,-0.11304347826086956,0.1030434782608696,8
1605,-0.13260869565217392,0.10231257935434865,-0.30130434782608695,-0.10434782608695653,-0.02913043478260869,8
1606,-0.13478260869565217,0.06833145063261614,-0.2573913043478261,-0.11304347826086956,-0.049565217391304345,8
1607,-0.14565217391304347,0.1365071994473009,-0.3617391304347826,-0.13043478260869565,0.04043478260869565,8
1608,-0.16304347826086957,0.12310952291102407,-0.358695652173913,-0.15652173913043477,0.020000000000000004,8
1609,-0.14130434782608695,0.1483207835079625,-0.42434782608695654,-0.13043478260869565,0.03434782608695653,8
1610,-0.09782608695652173,0.11218318128209276,-0.24608695652173912,-0.13043478260869565,0.043478260869565216,8
1611,-0.12173913043478261,0.07922116155777652,-0.19391304347826088,-0.14782608695652175,0.04478260869565221,8
1612,-0.16304347826086957,0.17465872745873517,-0.3904347826086957,-0.19130434782608696,0.10913043478260871,8
1613,-0.041304347826086954,0.06356605007484106,-0.15304347826086956,-0.02608695652173913,0.037391304347826095,8
1614,-0.12608695652173912,0.07365684498303225,-0.22869565217391305,-0.13043478260869565,-0.01782608695652173,8
1615,-0.14347826086956522,0.0877140913123131,-0.2634782608695652,-0.16521739130434782,-0.003478260869565205,8
1616,-0.14565217391304347,0.09621867815795968,-0.3095652173913043,-0.11304347826086956,-0.032173913043478254,8
1617,-0.11521739130434783,0.06296847112156626,-0.2,-0.11304347826086956,-0.006521739130434769,8
1618,-0.2152173913043478,0.11809371178731365,-0.36478260869565216,-0.2608695652173913,-0.012608695652173893,8
1619,-0.15869565217391302,0.0932251375756155,-0.32391304347826083,-0.13043478260869565,-0.06391304347826086,8
1620,-0.1760869565217391,0.10962644941846059,-0.35043478260869565,-0.1217391304347826,-0.0526086956521739,8
1621,-0.10434782608695653,0.12017630400943699,-0.32913043478260867,-0.043478260869565216,0.031304347826086966,8
1622,-0.2217391304347826,0.11295983527623114,-0.41304347826086957,-0.23478260869565218,-0.04130434782608694,8
1623,-0.15217391304347827,0.10352939912861442,-0.26652173913043475,-0.15652173913043477,0.02826086956521741,8
1624,-0.17391304347826086,0.04762804847871009,-0.24913043478260868,-0.16521739130434782,-0.10173913043478261,8
1625,-0.18478260869565216,0.09739033384609616,-0.28391304347826085,-0.20869565217391306,0.004782608695652193,8
1626,-0.10434782608695653,0.08475473343312143,-0.22869565217391305,-0.10434782608695653,0.005652173913043481,8
1627,-0.1673913043478261,0.1000708633607296,-0.3095652173913043,-0.17391304347826086,-0.0004347826086956424,8
1628,-0.15217391304347827,0.04237736671656071,-0.2,-0.15652173913043477,-0.08434782608695653,8
1629,-0.09347826086956522,0.10341521645448952,-0.26869565217391306,-0.09565217391304348,0.04869565217391306,8
1630,-0.20217391304347826,0.08928935990396891,-0.32999999999999996,-0.2173913043478261,-0.06391304347826086,8
1631,-0.18478260869565216,0.08131132264897845,-0.26652173913043475,-0.20869565217391306,-0.04652173913043478,8
1632,-0.10869565217391304,0.08728199956471622,-0.21739130434782608,-0.08695652173913043,0.01391304347826088,8
1633,-0.15652173913043477,0.08952721861727825,-0.3034782608695652,-0.15652173913043477,-0.020869565217391292,8
1634,-0.1217391304347826,0.09405785935993016,-0.19695652173913045,-0.16521739130434782,0.06304347826086959,8
1635,-0.13478260869565217,0.0832923654811653,-0.22565217391304349,-0.15652173913043477,0.03347826086956525,8
1636,-0.10217391304347825,0.058291685555617055,-0.16521739130434782,-0.11304347826086956,0.007826086956521754,8
1637,-0.20869565217391303,0.08952721861727826,-0.3534782608695652,-0.1826086956521739,-0.10173913043478261,8
1638,-0.05434782608695652,0.0752751725790469,-0.1826086956521739,-0.02608695652173913,0.008695652173913044,8
1639,-0.1217391304347826,0.06791521457310135,-0.21434782608695652,-0.13043478260869565,-0.006521739130434769,8
1640,-0.11739130434782608,0.1259369422431325,-0.34956521739130436,-0.07826086956521738,0.005652173913043481,8
1641,-0.14565217391304347,0.10771294905945648,-0.32913043478260867,-0.14782608695652175,0.016956521739130443,8
1642,-0.15652173913043477,0.09243605054551869,-0.32913043478260867,-0.15652173913043477,-0.04652173913043478,8
1643,-0.11304347826086958,0.10930265295631769,-0.28391304347826085,-0.10434782608695653,0.03434782608695653,8
1644,-0.15652173913043477,0.07064381221422575,-0.28608695652173916,-0.14782608695652172,-0.06695652173913043,8
1645,-0.09565217391304348,0.10362065467663466,-0.25956521739130434,-0.10434782608695653,0.0856521739130435,8
1646,-0.13478260869565217,0.06721576014669699,-0.22869565217391305,-0.14782608695652175,-0.02913043478260869,8
1647,-0.04565217391304348,0.10665475280031374,-0.1673913043478261,-0.08695652173913043,0.161304347826087,8
1648,-0.10869565217391305,0.1005655087497424,-0.3034782608695652,-0.06956521739130435,-0.02608695652173913,8
1649,-0.04782608695652174,0.07104406364507909,-0.11304347826086956,-0.0782608695652174,0.07521739130434783,8
1650,-0.1760869565217391,0.10928103241353745,-0.2982608695652174,-0.20869565217391306,0.03347826086956525,8
1651,-0.15652173913043477,0.06735623210795508,-0.21739130434782608,-0.17391304347826086,-0.026956521739130414,8
1652,-0.0891304347826087,0.11302257331787789,-0.3117391304347826,-0.043478260869565216,0.020000000000000004,8
1653,-0.13043478260869565,0.1235884382917556,-0.23173913043478261,-0.1826086956521739,0.10086956521739132,8
1654,-0.13695652173913042,0.07871246517492032,-0.28608695652173916,-0.13043478260869565,-0.06086956521739131,8
1655,-0.034782608695652174,0.0602452454806566,-0.12434782608695652,-0.026086956521739132,0.054782608695652185,8
1656,-0.15000000000000002,0.1795683755907129,-0.36478260869565216,-0.2,0.1439130434782609,8
1657,-0.09130434782608693,0.1663007956426546,-0.32391304347826083,-0.1217391304347826,0.201304347826087,8
1658,-0.19130434782608696,0.08739022279235557,-0.30130434782608695,-0.2,-0.044347826086956504,8
1659,-0.19130434782608696,0.14101978034979873,-0.4334782608695652,-0.17391304347826086,-0.006521739130434769,8
1660,-0.05434782608695652,0.10858690211949719,-0.22782608695652173,-0.0782608695652174,0.10086956521739132,8
1661,-0.20869565217391306,0.11954545291189148,-0.34739130434782606,-0.23478260869565218,0.01608695652173916,8
1662,-0.17391304347826086,0.10964800185146514,-0.3095652173913043,-0.17391304347826086,0.03869565217391308,8
1663,-0.13695652173913042,0.12508975983318088,-0.3526086956521739,-0.13043478260869565,0.008695652173913044,8
1664,-0.18695652173913044,0.09192336744289555,-0.28391304347826085,-0.20869565217391306,-0.012608695652173893,8
1665,-0.14130434782608695,0.09483345265733581,-0.24608695652173912,-0.16521739130434782,0.02826086956521741,8
1666,-0.1760869565217391,0.05829168555561705,-0.25217391304347825,-0.17391304347826086,-0.09869565217391305,8
1667,-0.1282608695652174,0.11218318128209276,-0.26956521739130435,-0.12173913043478261,0.008695652173913044,8
1668,-0.1934782608695652,0.09719603872220937,-0.33304347826086955,-0.19130434782608696,-0.06391304347826086,8
1669,-0.06956521739130435,0.09078527399052652,-0.22565217391304349,-0.052173913043478265,0.02608695652173913,8
1670,-0.15217391304347824,0.03450979970953814,-0.21130434782608695,-0.14782608695652172,-0.11304347826086956,8
1671,-0.021739130434782608,0.10205821386352612,-0.18782608695652175,-0.017391304347826084,0.13260869565217392,8
1672,-0.07826086956521738,0.07223151185146152,-0.19391304347826088,-0.06086956521739131,0.020000000000000004,8
1673,-0.15652173913043477,0.11337743313395911,-0.2982608695652174,-0.16521739130434782,0.05086956521739133,8
1674,-0.1891304347826087,0.10432517870175502,-0.3443478260869565,-0.2,-0.023913043478260853,8
1675,-0.10869565217391304,0.05126011357631129,-0.17652173913043478,-0.12173913043478261,-0.043478260869565216,8
1676,-0.25217391304347825,0.0834057656228299,-0.36782608695652175,-0.2782608695652174,-0.1334782608695652,8
1677,-0.17173913043478262,0.0838296499332993,-0.28391304347826085,-0.1826086956521739,-0.04652173913043478,8
1678,-0.13913043478260867,0.06209937763950304,-0.24304347826086956,-0.1217391304347826,-0.06391304347826086,8
1679,-0.13695652173913042,0.11435278547684705,-0.3208695652173913,-0.13043478260869565,0.04260869565217393,8
1680,-0.14347826086956522,0.10956176668134045,-0.34347826086956523,-0.1217391304347826,-0.01782608695652173,8
1681,-0.11521739130434781,0.07750236291293863,-0.23695652173913043,-0.13043478260869565,0.0026086956521739193,8
1682,-0.11956521739130435,0.11201454806946305,-0.32304347826086954,-0.1217391304347826,0.0456521739130435,8
1683,-0.2,0.05070392952039392,-0.26652173913043475,-0.2,-0.1334782608695652,8
1684,-0.20869565217391306,0.09078527399052652,-0.3617391304347826,-0.2,-0.08434782608695653,8
1685,-0.21304347826086958,0.08237954487607138,-0.3443478260869565,-0.20869565217391306,-0.10173913043478261,8
1686,-0.1565217391304348,0.05567934119506825,-0.26869565217391306,-0.1391304347826087,-0.09869565217391305,8
1687,-0.19130434782608696,0.10398487602696868,-0.3556521739130435,-0.1826086956521739,-0.015652173913043452,8
1688,-0.15434782608695652,0.14574948079879768,-0.32999999999999996,-0.17391304347826086,0.02608695652173913,8
1689,-0.11739130434782608,0.07050989017489936,-0.21739130434782608,-0.09565217391304348,-0.043478260869565216,8
1690,-0.21086956521739128,0.14806566264224194,-0.3217391304347826,-0.26956521739130435,0.09913043478260875,8
1691,-0.10652173913043478,0.15890397285716948,-0.31260869565217386,-0.11304347826086958,0.1521739130434783,8
1692,-0.2326086956521739,0.09931238070000366,-0.4273913043478261,-0.21739130434782608,-0.1334782608695652,8
1693,-0.12826086956521737,0.07140899002459496,-0.24,-0.1217391304347826,-0.009565217391304332,8
1694,-0.11956521739130435,0.10063597390524093,-0.2747826086956522,-0.13043478260869565,0.016956521739130443,8
1695,-0.23043478260869563,0.06315582194058239,-0.31260869565217386,-0.2434782608695652,-0.11391304347826085,8
1696,-0.18695652173913044,0.10352939912861442,-0.3391304347826087,-0.17391304347826086,-0.04652173913043478,8
1697,-0.26521739130434785,0.0555093275426248,-0.34739130434782606,-0.2608695652173913,-0.17739130434782607,8
1698,-0.2065217391304348,0.10612169780399065,-0.3760869565217391,-0.2,-0.0526086956521739,8
1699,-0.08260869565217392,0.09233374165911,-0.2308695652173913,-0.0782608695652174,0.07130434782608698,8
1700,-0.10869565217391304,0.09274230003348496,-0.26565217391304347,-0.10434782608695653,0.031304347826086966,8
1701,-0.08043478260869566,0.057310549245495945,-0.14782608695652175,-0.0782608695652174,0.02521739130434784,8
1702,-0.1782608695652174,0.0877140913123131,-0.28391304347826085,-0.17391304347826086,-0.04652173913043478,8
1703,-0.09782608695652174,0.07847193759904367,-0.16521739130434782,-0.1217391304347826,0.06521739130434787,8
1704,-0.18043478260869564,0.12433186276372873,-0.31260869565217386,-0.23478260869565218,0.023043478260869568,8
1705,-0.16304347826086957,0.12524078887681805,-0.3617391304347826,-0.1391304347826087,0.01086956521739132,8
1706,-0.15434782608695652,0.07966731392090735,-0.31478260869565217,-0.13043478260869565,-0.08130434782608696,8
1707,-0.15434782608695652,0.08561464638050094,-0.2778260869565217,-0.17391304347826086,-0.043478260869565216,8
1708,-0.20869565217391306,0.07969696860792766,-0.28695652173913044,-0.22608695652173913,-0.05347826086956519,8
1709,-0.1826086956521739,0.10649955403405123,-0.30130434782608695,-0.20869565217391306,0.01086956521739132,8
1710,-0.13260869565217392,0.07298004491997617,-0.22869565217391305,-0.1391304347826087,-0.020869565217391292,8
1711,-0.1826086956521739,0.08295123490582136,-0.28391304347826085,-0.1826086956521739,-0.0782608695652174,8
1712,-0.16086956521739132,0.07050989017489936,-0.26652173913043475,-0.14782608695652175,-0.044347826086956504,8
1713,-0.18043478260869567,0.072460144836952,-0.2778260869565217,-0.2,-0.0782608695652174,8
1714,-0.2043478260869565,0.10921614510504757,-0.35043478260869565,-0.2434782608695652,-0.06086956521739131,8
1715,-0.20434782608695654,0.09634139046156667,-0.3360869565217391,-0.2,-0.08434782608695653,8
1716,-0.05434782608695653,0.12356931731410707,-0.26260869565217393,-0.043478260869565216,0.10391304347826089,8
1717,-0.13043478260869565,0.08295123490582136,-0.2747826086956522,-0.09565217391304348,-0.04652173913043478,8
1718,-0.16521739130434782,0.0948583662142236,-0.33217391304347826,-0.16521739130434782,-0.06086956521739131,8
1719,-0.17391304347826086,0.07275304578557178,-0.3034782608695652,-0.17391304347826086,-0.08434782608695653,8
1720,-0.05,0.07114377466066771,-0.16217391304347825,-0.017391304347826084,0.02608695652173913,8
1721,-0.10652173913043478,0.09034171632687021,-0.22565217391304349,-0.13043478260869565,0.03434782608695653,8
1722,-0.18478260869565216,0.06415806331901612,-0.2778260869565217,-0.19130434782608696,-0.09565217391304348,8
1723,-0.21521739130434783,0.1026814406836482,-0.36478260869565216,-0.19130434782608696,-0.06173913043478259,8
1724,-0.11739130434782608,0.09751157170437305,-0.30869565217391304,-0.09565217391304348,-0.02608695652173913,8
1725,-0.1978260869565217,0.09055071999851534,-0.31869565217391305,-0.2,-0.044347826086956504,8
1726,-0.2217391304347826,0.14387297485021128,-0.4260869565217391,-0.19130434782608696,-0.02913043478260869,8
1727,-0.13043478260869565,0.09284415871331575,-0.32,-0.11304347826086956,-0.032173913043478254,8
1728,-0.13043478260869565,0.09485836621422361,-0.24608695652173912,-0.1391304347826087,0.05086956521739133,8
1729,-0.10652173913043478,0.064452030784233,-0.1826086956521739,-0.1217391304347826,0.01086956521739132,8
1730,-0.10652173913043478,0.12078429898338347,-0.26652173913043475,-0.0782608695652174,0.07739130434782611,8
1731,-0.23043478260869565,0.08857195124984071,-0.3360869565217391,-0.2608695652173913,-0.08739130434782608,8
1732,-0.23260869565217393,0.08671161163121362,-0.3617391304347826,-0.2434782608695652,-0.07913043478260867,8
1733,-0.23695652173913045,0.1026814406836482,-0.3739130434782609,-0.22608695652173913,-0.07608695652173912,8
1734,-0.25,0.08177496901653925,-0.3873913043478261,-0.25217391304347825,-0.11391304347826085,8
1735,-0.16956521739130434,0.11262464214772712,-0.31565217391304345,-0.15652173913043477,0.01913043478260872,8
1736,-0.2,0.1153608622732313,-0.3360869565217391,-0.20869565217391306,0.024347826086956556,8
1737,-0.1108695652173913,0.09261481914843823,-0.23173913043478261,-0.08695652173913043,0.005652173913043481,8
1738,-0.28260869565217395,0.06375164477658773,-0.3534782608695652,-0.30434782608695654,-0.16304347826086957,8
1739,-0.12608695652173912,0.09751157170437307,-0.2634782608695652,-0.11304347826086956,0.020000000000000004,8
1740,-0.11739130434782609,0.09435884527917698,-0.22869565217391305,-0.13043478260869565,0.06521739130434787,8
1741,-0.25,0.046371150016742475,-0.32999999999999996,-0.2434782608695652,-0.2,8
1742,-0.16956521739130437,0.06997163886709165,-0.25217391304347825,-0.16521739130434782,-0.06391304347826086,8
1743,-0.1826086956521739,0.1208038607778244,-0.3760869565217391,-0.1826086956521739,-0.032173913043478254,8
1744,-0.12826086956521737,0.08405484751817915,-0.26869565217391306,-0.13043478260869565,-0.0004347826086956424,8
1745,-0.1956521739130435,0.10018885758089491,-0.38434782608695656,-0.15652173913043477,-0.07304347826086956,8
1746,-0.05869565217391304,0.1073613758683978,-0.22782608695652173,-0.06956521739130435,0.1265217391304348,8
1747,-0.1760869565217391,0.08822445168566531,-0.3269565217391304,-0.14782608695652175,-0.055652173913043466,8
1748,-0.23478260869565218,0.12111641980160104,-0.4365217391304348,-0.21739130434782608,-0.050434782608695626,8
1749,-0.1565217391304348,0.09952628819356171,-0.26652173913043475,-0.19130434782608696,0.02521739130434784,8
1750,-0.1391304347826087,0.1327333697606413,-0.28391304347826085,-0.19130434782608696,0.07521739130434783,8
1751,-0.20217391304347826,0.11777313104853511,-0.32999999999999996,-0.2608695652173913,0.01608695652173916,8
1752,-0.08260869565217392,0.0613336346941995,-0.19086956521739132,-0.06956521739130435,-0.011739130434782606,8
1753,-0.2673913043478261,0.09423355131170975,-0.42826086956521736,-0.2434782608695652,-0.1426086956521739,8
1754,-0.16086956521739132,0.056186295579652545,-0.21739130434782608,-0.16521739130434782,-0.04739130434782607,8
1755,-0.1760869565217391,0.0747712327039993,-0.30130434782608695,-0.15652173913043477,-0.09565217391304348,8
1756,-0.16086956521739132,0.09712307784212469,-0.2982608695652174,-0.1217391304347826,-0.04652173913043478,8
1757,-0.1108695652173913,0.08131132264897845,-0.21130434782608695,-0.13043478260869565,0.031304347826086966,8
1758,-0.14565217391304347,0.13370890708418937,-0.31260869565217386,-0.16521739130434782,0.08347826086956524,8
1759,-0.24565217391304348,0.11099736879321516,-0.38521739130434784,-0.2782608695652174,-0.09869565217391305,8
1760,-0.23043478260869565,0.08641133441022518,-0.3534782608695652,-0.21739130434782608,-0.11608695652173913,8
1761,-0.05217391304347826,0.0782608695652174,-0.16217391304347825,-0.043478260869565216,0.06608695652173915,8
1762,-0.19999999999999998,0.058332208108690164,-0.2778260869565217,-0.2173913043478261,-0.10173913043478261,8
1763,-0.1826086956521739,0.08110764393990273,-0.26956521739130435,-0.1826086956521739,-0.06999999999999999,8
1764,-0.1391304347826087,0.16544606600382997,-0.28391304347826085,-0.19130434782608696,0.202608695652174,8
1765,-0.18695652173913044,0.10461921230883447,-0.31565217391304345,-0.2,0.01000000000000003,8
1766,-0.14130434782608695,0.1116765177307941,-0.31260869565217386,-0.13043478260869565,0.031304347826086966,8
1767,-0.20869565217391306,0.10825999650424983,-0.32999999999999996,-0.2434782608695652,0.001739130434782632,8
1768,-0.10869565217391304,0.07416835699666079,-0.22869565217391305,-0.09565217391304348,-0.0004347826086956424,8
1769,-0.1869565217391304,0.09594815865527788,-0.2952173913043478,-0.22608695652173913,-0.01782608695652173,8
1770,-0.12391304347826088,0.11825367625181867,-0.3556521739130435,-0.06956521739130435,-0.02913043478260869,8
1771,-0.12391304347826086,0.13041666540844038,-0.3352173913043478,-0.09565217391304348,0.023043478260869568,8
1772,-0.06086956521739131,0.158442323115553,-0.2717391304347826,-0.06086956521739131,0.2239130434782609,8
1773,-0.12826086956521737,0.10945387717542698,-0.25217391304347825,-0.1391304347826087,0.008695652173913044,8
1774,-0.15434782608695652,0.09641494287624645,-0.2634782608695652,-0.1826086956521739,0.02217391304347828,8
1775,-0.19782608695652174,0.10486736604515076,-0.3556521739130435,-0.22608695652173913,-0.038260869565217376,8
1776,-0.10434782608695653,0.08782178207271371,-0.24608695652173912,-0.07826086956521738,-0.011739130434782606,8
1777,-0.12391304347826088,0.1232629782811725,-0.28391304347826085,-0.1391304347826087,0.05782608695652174,8
1778,-0.1956521739130435,0.058169948522868054,-0.2921739130434783,-0.2,-0.10478260869565217,8
1779,-0.16521739130434782,0.09161438045958904,-0.2982608695652174,-0.15652173913043477,-0.04652173913043478,8
1780,-0.052173913043478265,0.09405785935993016,-0.21043478260869566,-0.052173913043478265,0.10608695652173915,8
1781,-0.13478260869565217,0.0505171740809663,-0.22565217391304349,-0.13043478260869565,-0.0782608695652174,8
1782,-0.1826086956521739,0.1220492943271148,-0.3904347826086957,-0.16521739130434782,-0.009565217391304332,8
1783,-0.10869565217391305,0.1329468247949622,-0.3178260869565217,-0.10434782608695653,0.10608695652173915,8
1784,-0.17173913043478262,0.102127649100403,-0.33304347826086955,-0.17391304347826086,-0.06086956521739131,8
1785,-0.19782608695652176,0.1026814406836482,-0.33304347826086955,-0.19130434782608696,-0.0526086956521739,8
1786,-0.2456521739130435,0.06503597957239822,-0.32999999999999996,-0.2782608695652174,-0.16521739130434782,8
1787,-0.1565217391304348,0.12297509238026914,-0.34956521739130436,-0.1826086956521739,0.03434782608695653,8
1788,-0.16521739130434782,0.11437344728666005,-0.2808695652173913,-0.19130434782608696,0.062173913043478295,8
1789,-0.1391304347826087,0.09565217391304348,-0.2634782608695652,-0.1391304347826087,-0.008695652173913044,8
1790,-0.1826086956521739,0.17238458783999136,-0.41695652173913045,-0.1826086956521739,0.10826086956521744,8
1791,-0.10217391304347825,0.12866553701702338,-0.2573913043478261,-0.1391304347826087,0.11521739130434784,8
1792,-0.14782608695652172,0.07480282840906631,-0.24304347826086956,-0.16521739130434782,-0.006521739130434769,8
1793,-0.05434782608695653,0.0499053925358652,-0.12434782608695652,-0.06086956521739131,0.020000000000000004,8
1794,-0.0782608695652174,0.07874247946206449,-0.2165217391304348,-0.0782608695652174,0.020000000000000004,8
1795,-0.18043478260869567,0.10082364022004547,-0.32999999999999996,-0.1565217391304348,-0.06391304347826086,8
1796,-0.11304347826086958,0.09683068457095691,-0.28304347826086956,-0.10434782608695653,0.005652173913043481,8
1797,-0.15869565217391304,0.09835605239881408,-0.2982608695652174,-0.14782608695652175,-0.020869565217391292,8
1798,-0.11739130434782609,0.06434195037803801,-0.2,-0.11304347826086956,-0.006521739130434769,8
1799,-0.1108695652173913,0.12031386175671054,-0.31869565217391305,-0.06086956521739131,-0.008695652173913044,8
1800,-0.07826086956521738,0.14654173518567581,-0.21434782608695652,-0.1391304347826087,0.17652173913043478,8
1801,-0.13913043478260873,0.09120076940610014,-0.2717391304347826,-0.14782608695652175,-0.008695652173913044,8
1802,-0.13695652173913042,0.10683184674178794,-0.3065217391304348,-0.14782608695652172,0.016956521739130443,8
1803,-0.07826086956521738,0.10177999922364891,-0.19391304347826088,-0.11304347826086958,0.08956521739130435,8
1804,-0.06956521739130435,0.09914568913905548,-0.22260869565217392,-0.04347826086956522,0.05173913043478262,8
1805,-0.1108695652173913,0.09739033384609617,-0.24304347826086956,-0.10434782608695653,0.05695652173913046,8
1806,-0.1326086956521739,0.09700135442314392,-0.3034782608695652,-0.1217391304347826,0.01086956521739132,8
1807,-0.14347826086956522,0.07365684498303225,-0.2573913043478261,-0.15652173913043477,-0.04652173913043478,8
1808,-0.14347826086956522,0.051992438013484334,-0.24,-0.13043478260869565,-0.06999999999999999,8
1809,-0.10869565217391305,0.020851441405707473,-0.14478260869565218,-0.10434782608695653,-0.08130434782608696,8
1810,-0.2260869565217391,0.11067758314224223,-0.4017391304347826,-0.23478260869565215,-0.06391304347826086,8
1811,-0.1108695652173913,0.07942967785410918,-0.26260869565217393,-0.10434782608695653,-0.011739130434782606,8
1812,-0.14782608695652175,0.09078527399052652,-0.2808695652173913,-0.1391304347826087,0.004782608695652193,8
1813,-0.17391304347826086,0.06209937763950304,-0.24913043478260868,-0.19130434782608696,-0.06999999999999999,8
1814,-0.27391304347826084,0.09673302374472603,-0.4230434782608696,-0.25217391304347825,-0.15391304347826087,8
1815,-0.18043478260869564,0.10558595169200774,-0.26956521739130435,-0.23478260869565218,0.004782608695652193,8
1816,-0.2,0.07969696860792766,-0.34956521739130436,-0.19130434782608696,-0.11304347826086956,8
1817,-0.15217391304347827,0.08145649563128346,-0.2808695652173913,-0.1217391304347826,-0.038260869565217376,8
1818,-0.2326086956521739,0.09503257823649737,-0.33304347826086955,-0.2608695652173913,-0.05347826086956519,8
1819,-0.19130434782608696,0.10649955403405122,-0.4008695652173913,-0.17391304347826086,-0.058695652173913024,8
1820,-0.09347826086956522,0.0867116116312136,-0.26565217391304347,-0.06956521739130435,-0.011739130434782606,8
1821,-0.16956521739130434,0.11024975941831275,-0.34739130434782606,-0.1391304347826087,-0.032173913043478254,8
1822,-0.1782608695652174,0.08052286598892232,-0.28695652173913044,-0.14782608695652172,-0.06999999999999999,8
1823,-0.13478260869565217,0.12473033293722655,-0.30130434782608695,-0.15652173913043477,0.06608695652173915,8
1824,-0.2152173913043478,0.08360384575230179,-0.33304347826086955,-0.22608695652173913,-0.09869565217391305,8
1825,-0.18478260869565216,0.13113940114657105,-0.34739130434782606,-0.20869565217391306,0.016956521739130443,8
1826,-0.23478260869565218,0.1127085338853541,-0.44565217391304346,-0.19130434782608696,-0.1334782608695652,8
1827,-0.14782608695652175,0.06622411396403399,-0.28304347826086956,-0.13043478260869565,-0.08130434782608696,8
1828,-0.20217391304347826,0.09220569591499347,-0.37826086956521743,-0.1826086956521739,-0.07913043478260867,8
1829,-0.06739130434782609,0.09912185317546085,-0.23391304347826086,-0.06086956521739131,0.08043478260869567,8
1830,-0.1956521739130435,0.09314906645925455,-0.30434782608695654,-0.2,-0.055652173913043466,8
1831,-0.1760869565217391,0.10788830603197876,-0.31565217391304345,-0.1826086956521739,0.004782608695652193,8
1832,-0.11304347826086955,0.12017630400943699,-0.26652173913043475,-0.13043478260869565,0.07217391304347827,8
1833,-0.19565217391304346,0.07050989017489936,-0.2982608695652174,-0.19130434782608696,-0.08434782608695653,8
1834,-0.20652173913043476,0.10025958745739308,-0.3360869565217391,-0.17391304347826086,-0.07304347826086956,8
1835,-0.16086956521739132,0.11658337111123411,-0.3269565217391304,-0.17391304347826086,-0.011739130434782606,8
1836,-0.15217391304347827,0.108869426309121,-0.28695652173913044,-0.14782608695652175,-0.0004347826086956424,8
1837,-0.04782608695652174,0.11690721443259784,-0.21956521739130436,-0.06086956521739131,0.1439130434782609,8
1838,-0.2108695652173913,0.10753730613940553,-0.3760869565217391,-0.21739130434782608,-0.0526086956521739,8
1839,-0.10869565217391304,0.10921614510504755,-0.3004347826086956,-0.10434782608695653,0.03434782608695653,8
1840,-0.1673913043478261,0.10736137586839781,-0.28391304347826085,-0.19130434782608696,0.04478260869565221,8
1841,-0.09565217391304348,0.06735623210795508,-0.20521739130434782,-0.09565217391304348,0.0026086956521739193,8
1842,-0.17173913043478262,0.07871246517492032,-0.2921739130434783,-0.16521739130434782,-0.055652173913043466,8
1843,-0.18043478260869567,0.1145179755744863,-0.3760869565217391,-0.1391304347826087,-0.049565217391304345,8
1844,-0.09565217391304348,0.12571158517218226,-0.2952173913043478,-0.02608695652173913,0.037391304347826095,8
1845,-0.20434782608695654,0.11395949932244484,-0.3934782608695652,-0.16521739130434782,-0.044347826086956504,8
1846,-0.14130434782608697,0.10504747328999627,-0.30130434782608695,-0.11304347826086956,0.01913043478260872,8
1847,-0.07608695652173912,0.08971178383462325,-0.1826086956521739,-0.09565217391304348,0.05782608695652174,8
1848,-0.11956521739130434,0.048366511872363016,-0.17956521739130435,-0.1391304347826087,-0.04652173913043478,8
1849,-0.14347826086956522,0.15885935570821835,-0.37,-0.17391304347826086,0.11217391304347828,8
1850,-0.034782608695652174,0.09243605054551869,-0.14478260869565218,-0.052173913043478265,0.12130434782608697,8
1851,-0.16956521739130437,0.05051717408096631,-0.23478260869565218,-0.15652173913043477,-0.09869565217391305,8
1852,-0.3065217391304348,0.05796648533031906,-0.38521739130434784,-0.31304347826086953,-0.19782608695652174,8
1853,-0.15217391304347827,0.1152789007266335,-0.3269565217391304,-0.13043478260869565,0.016956521739130443,8
1854,-0.25,0.060519177856848065,-0.33304347826086955,-0.25217391304347825,-0.14565217391304347,8
1855,-0.13260869565217392,0.098163668738049,-0.31478260869565217,-0.11304347826086956,-0.011739130434782606,8
1856,-0.18695652173913044,0.11593297066063812,-0.3617391304347826,-0.1826086956521739,-0.02913043478260869,8
1857,-0.22391304347826085,0.05631232107386355,-0.3269565217391304,-0.21739130434782608,-0.1508695652173913,8
1858,-0.20217391304347826,0.04471079087218072,-0.24913043478260868,-0.21739130434782608,-0.1191304347826087,8
1859,-0.11521739130434783,0.13056153261823303,-0.32391304347826083,-0.11304347826086956,0.08347826086956524,8
1860,-0.16304347826086957,0.09739033384609616,-0.28391304347826085,-0.1826086956521739,0.01086956521739132,8
1861,-0.14782608695652172,0.0903678682209849,-0.2808695652173913,-0.15652173913043477,-0.02608695652173913,8
1862,-0.25217391304347825,0.10103434816193262,-0.4539130434782609,-0.2,-0.16826086956521738,8
1863,-0.13260869565217392,0.05176469956430721,-0.19695652173913045,-0.1391304347826087,-0.06086956521739131,8
1864,-0.17391304347826086,0.06901959941907627,-0.28391304347826085,-0.15652173913043477,-0.07304347826086956,8
1865,-0.09347826086956522,0.0946339080855605,-0.19695652173913045,-0.09565217391304348,0.08260869565217395,8
1866,-0.19130434782608696,0.08867860023639626,-0.28695652173913044,-0.2,-0.0526086956521739,8
1867,-0.20434782608695654,0.060088152004718495,-0.28391304347826085,-0.20869565217391306,-0.13043478260869565,8
1868,-0.25217391304347825,0.10065945132861066,-0.39956521739130435,-0.26956521739130435,-0.11608695652173913,8
1869,-0.18478260869565216,0.0779886570202265,-0.3208695652173913,-0.17391304347826086,-0.06173913043478259,8
1870,-0.21956521739130436,0.08843845916003475,-0.35043478260869565,-0.2,-0.07913043478260867,8
1871,-0.2043478260869565,0.15279376861570068,-0.4373913043478261,-0.17391304347826086,-0.003478260869565205,8
1872,-0.15652173913043477,0.08695652173913045,-0.2717391304347826,-0.19130434782608696,-0.003478260869565205,8
1873,-0.13695652173913042,0.06618842325060142,-0.21739130434782608,-0.14782608695652175,-0.02913043478260869,8
1874,-0.14565217391304347,0.08843845916003476,-0.2891304347826087,-0.14782608695652172,-0.014782608695652167,8
1875,-0.17391304347826086,0.10398487602696867,-0.31260869565217386,-0.19130434782608696,-0.02913043478260869,8
1876,-0.16086956521739132,0.060714087146821485,-0.24608695652173912,-0.15652173913043477,-0.055652173913043466,8
1877,-0.08478260869565218,0.08061085312060504,-0.21130434782608695,-0.08695652173913043,0.020000000000000004,8
1878,-0.09782608695652173,0.10414382232176944,-0.28,-0.09565217391304348,0.023043478260869568,8
1879,-0.17608695652173914,0.14180513267217768,-0.44782608695652176,-0.1391304347826087,-0.006521739130434769,8
1880,-0.20869565217391306,0.049952718665548075,-0.26652173913043475,-0.21739130434782608,-0.11086956521739129,8
1881,-0.12391304347826086,0.102127649100403,-0.23478260869565218,-0.13043478260869565,0.07652173913043481,8
1882,-0.23913043478260868,0.047429183107111805,-0.28391304347826085,-0.26956521739130435,-0.15391304347826087,8
1883,-0.13043478260869565,0.14833671399332157,-0.3526086956521739,-0.14782608695652175,0.06086956521739131,8
1884,-0.14565217391304347,0.09503257823649736,-0.3034782608695652,-0.15652173913043477,-0.02608695652173913,8
1885,-0.2108695652173913,0.13884141175509362,-0.3708695652173913,-0.23478260869565218,0.016956521739130443,8
1886,-0.08043478260869566,0.1432640033964818,-0.3065217391304348,-0.026086956521739132,0.09260869565217392,8
1887,-0.15217391304347827,0.04497426275125478,-0.21130434782608695,-0.16521739130434782,-0.08130434782608696,8
1888,-0.14130434782608697,0.06144910445696768,-0.24,-0.15652173913043477,-0.06086956521739131,8
1889,-0.17173913043478262,0.0847268489995873,-0.2891304347826087,-0.2,-0.023913043478260853,8
1890,-0.21521739130434783,0.08084501731211761,-0.31869565217391305,-0.23478260869565218,-0.09869565217391305,8
1891,-0.16304347826086957,0.14113702467938635,-0.34739130434782606,-0.1826086956521739,0.0939130434782609,8
1892,-0.1108695652173913,0.09220569591499345,-0.21130434782608695,-0.13043478260869565,0.07130434782608698,8
1893,-0.20652173913043478,0.09602201228416424,-0.3360869565217391,-0.2,-0.06999999999999999,8
1894,-0.07391304347826087,0.07050989017489936,-0.17347826086956522,-0.06956521739130435,0.0456521739130435,8
1895,-0.1934782608695652,0.12954406013425723,-0.3708695652173913,-0.2,0.0026086956521739193,8
1896,-0.1826086956521739,0.06846963368705922,-0.2778260869565217,-0.19130434782608696,-0.06999999999999999,8
1897,-0.09130434782608696,0.1540259963818987,-0.2921739130434783,-0.08695652173913043,0.14695652173913046,8
1898,-0.16521739130434782,0.11135868239013649,-0.32913043478260867,-0.17391304347826086,0.03869565217391308,8
1899,-0.2282608695652174,0.09719603872220937,-0.31869565217391305,-0.2608695652173913,-0.0360869565217391,8
1900,-0.1326086956521739,0.10486736604515076,-0.26956521739130435,-0.13043478260869565,0.03956521739130437,8
1901,-0.1826086956521739,0.07378505542816148,-0.28391304347826085,-0.15652173913043477,-0.07304347826086956,8
1902,-0.21304347826086956,0.11127377297451936,-0.38434782608695656,-0.22608695652173913,-0.018695652173913016,8
1903,-0.11956521739130435,0.12659194227426668,-0.30130434782608695,-0.06956521739130435,0.060000000000000026,8
1904,-0.13695652173913042,0.08154347536309153,-0.23173913043478261,-0.1565217391304348,-0.014782608695652167,8
1905,-0.11304347826086958,0.12017630400943698,-0.23478260869565218,-0.16521739130434782,0.10608695652173915,8
1906,-0.03260869565217392,0.10468694893769134,-0.17347826086956522,-0.052173913043478265,0.11304347826086956,8
1907,-0.17391304347826086,0.0792211615577765,-0.3208695652173913,-0.15652173913043477,-0.08434782608695653,8
1908,-0.18913043478260871,0.08950082108799522,-0.30130434782608695,-0.2,-0.06695652173913043,8
1909,-0.12826086956521737,0.036311506714108835,-0.16521739130434782,-0.13043478260869565,-0.055652173913043466,8
1910,-0.10217391304347825,0.10540676454261441,-0.2082608695652174,-0.1391304347826087,0.111304347826087,8
1911,-0.17391304347826086,0.09325048082403137,-0.32999999999999996,-0.14782608695652172,-0.06391304347826086,8
1912,-0.1782608695652174,0.09192336744289555,-0.32391304347826083,-0.1826086956521739,-0.049565217391304345,8
1913,-0.24130434782608695,0.1274847557512674,-0.44782608695652176,-0.25217391304347825,-0.038260869565217376,8
1914,-0.16304347826086957,0.10119792880267288,-0.31260869565217386,-0.14782608695652172,-0.032173913043478254,8
1915,-0.16304347826086957,0.09893095872158916,-0.30130434782608695,-0.1391304347826087,-0.032173913043478254,8
1916,-0.08260869565217391,0.0832923654811653,-0.19695652173913045,-0.0782608695652174,0.03434782608695653,8
1917,-0.19347826086956524,0.0535594999771953,-0.23478260869565218,-0.2173913043478261,-0.09869565217391305,8
1918,-0.15217391304347827,0.06721576014669699,-0.28304347826086956,-0.1391304347826087,-0.0782608695652174,8
1919,-0.1391304347826087,0.1275032895531755,-0.358695652173913,-0.11304347826086956,0.016956521739130443,8
1920,-0.16521739130434782,0.12779946484086147,-0.31869565217391305,-0.2,0.05695652173913046,8
1921,-0.12826086956521737,0.0692588361829304,-0.2,-0.1391304347826087,0.004782608695652193,8
1922,-0.1,0.09634139046156669,-0.21130434782608695,-0.12173913043478261,0.07739130434782611,8
1923,-0.13695652173913042,0.05893670309446069,-0.21130434782608695,-0.14782608695652175,-0.023913043478260853,8
1924,-0.2260869565217391,0.09284415871331575,-0.33304347826086955,-0.25217391304347825,-0.06695652173913043,8
1925,-0.13478260869565217,0.10497996928390987,-0.3178260869565217,-0.10434782608695653,-0.0004347826086956424,8
1926,-0.18043478260869567,0.10841267512862333,-0.3526086956521739,-0.1826086956521739,-0.014782608695652167,8
1927,-0.010869565217391299,0.10700864760207798,-0.1591304347826087,0.008695652173913042,0.13869565217391305,8
1928,-0.13043478260869565,0.11237259115930509,-0.2808695652173913,-0.1391304347826087,0.03434782608695653,8
1929,-0.11956521739130434,0.11031403875100239,-0.32608695652173914,-0.10434782608695653,-0.008695652173913044,8
1930,-0.09782608695652173,0.13788505116434333,-0.2891304347826087,-0.10434782608695653,0.1521739130434783,8
1931,-0.1391304347826087,0.14472449545298469,-0.33304347826086955,-0.14782608695652175,0.12043478260869568,8
1932,-0.08478260869565217,0.07871246517492031,-0.2165217391304348,-0.09565217391304348,0.031304347826086966,8
1933,-0.07608695652173914,0.09739033384609617,-0.22565217391304349,-0.08695652173913043,0.05782608695652174,8
1934,-0.17173913043478262,0.06326796613415325,-0.2634782608695652,-0.15652173913043477,-0.08434782608695653,8
1935,-0.14565217391304347,0.12249377901722439,-0.31565217391304345,-0.14782608695652175,0.020000000000000004,8
1936,-0.17173913043478262,0.1371978550042579,-0.4439130434782609,-0.16521739130434782,-0.01782608695652173,8
1937,-0.16304347826086957,0.04797407932763894,-0.22869565217391305,-0.1826086956521739,-0.08434782608695653,8
1938,-0.15,0.0831503978213273,-0.2778260869565217,-0.15652173913043477,-0.02913043478260869,8
1939,-0.15869565217391304,0.08292274401200284,-0.2778260869565217,-0.14782608695652175,-0.020869565217391292,8
1940,-0.2108695652173913,0.12569278717803273,-0.3391304347826087,-0.2608695652173913,-0.020869565217391292,8
1941,-0.20869565217391306,0.07378505542816148,-0.31869565217391305,-0.20869565217391306,-0.10173913043478261,8
1942,-0.17391304347826086,0.11633989704573611,-0.37,-0.1826086956521739,-0.01782608695652173,8
1943,-0.13913043478260867,0.10964800185146513,-0.32391304347826083,-0.13043478260869565,0.016956521739130443,8
1944,-0.13695652173913042,0.08649333158294678,-0.2573913043478261,-0.1391304347826087,0.01913043478260872,8
1945,-0.0891304347826087,0.047578410061389756,-0.14782608695652175,-0.08695652173913043,-0.02913043478260869,8
1946,-0.11956521739130435,0.05893670309446069,-0.2,-0.10434782608695653,-0.04652173913043478,8
1947,-0.1826086956521739,0.08430747578115354,-0.28391304347826085,-0.19130434782608696,-0.0782608695652174,8
1948,-0.16521739130434782,0.08295123490582136,-0.26652173913043475,-0.2,-0.032173913043478254,8
1949,-0.10869565217391304,0.11851315800381748,-0.3117391304347826,-0.10434782608695652,0.02608695652173913,8
1950,-0.24130434782608695,0.11566770082106982,-0.44478260869565217,-0.25217391304347825,-0.09043478260869564,8
1951,-0.08043478260869566,0.11251968951832637,-0.21434782608695652,-0.13043478260869565,0.10086956521739132,8
1952,-0.18695652173913044,0.09515682012277951,-0.3382608695652174,-0.2,-0.0526086956521739,8
1953,-0.028260869565217388,0.11936742533297691,-0.16521739130434782,-0.034782608695652174,0.1930434782608696,8
1954,-0.15217391304347824,0.09789852390606697,-0.3065217391304348,-0.1217391304347826,0.001739130434782632,8
1955,-0.10869565217391305,0.1385176723658608,-0.2808695652173913,-0.14782608695652175,0.1182608695652174,8
1956,-0.16956521739130437,0.0877140913123131,-0.2808695652173913,-0.17391304347826086,-0.0013043478260869289,8
1957,-0.10217391304347825,0.12171971894929928,-0.26652173913043475,-0.1217391304347826,0.054782608695652185,8
1958,-0.17391304347826086,0.11337743313395911,-0.358695652173913,-0.09565217391304348,-0.06695652173913043,8
1959,-0.12608695652173912,0.09395731645641005,-0.2634782608695652,-0.09565217391304348,-0.014782608695652167,8
1960,-0.15652173913043477,0.12809495532744553,-0.31260869565217386,-0.1565217391304348,0.07652173913043481,8
1961,-0.15869565217391304,0.08517190445286839,-0.26652173913043475,-0.16521739130434782,-0.01782608695652173,8
1962,-0.2043478260869565,0.08237954487607138,-0.34739130434782606,-0.19130434782608696,-0.10173913043478261,8
1963,-0.1891304347826087,0.11065623124021229,-0.3556521739130435,-0.21739130434782608,-0.032173913043478254,8
1964,-0.24130434782608695,0.06953124170312816,-0.33304347826086955,-0.23478260869565215,-0.1252173913043478,8
1965,-0.2065217391304348,0.06618842325060144,-0.30130434782608695,-0.20869565217391306,-0.11304347826086956,8
1966,-0.11956521739130435,0.07774589018368551,-0.25130434782608696,-0.13043478260869565,-0.011739130434782606,8
1967,-0.13695652173913042,0.12047087828258617,-0.31260869565217386,-0.11304347826086956,-0.008695652173913044,8
1968,-0.24782608695652172,0.06375164477658773,-0.3391304347826087,-0.23478260869565215,-0.16826086956521738,8
1969,-0.1608695652173913,0.10569778940124537,-0.34739130434782606,-0.13043478260869565,-0.04652173913043478,8
1970,-0.1826086956521739,0.0960466175407588,-0.30434782608695654,-0.1826086956521739,-0.038260869565217376,8
1971,-0.20217391304347826,0.08800992382607462,-0.28695652173913044,-0.2173913043478261,-0.04130434782608694,8
1972,-0.1326086956521739,0.09931238070000364,-0.25217391304347825,-0.1217391304347826,0.02521739130434784,8
1973,-0.15434782608695652,0.15602275535650534,-0.40260869565217394,-0.13043478260869565,0.060000000000000026,8
1974,-0.1326086956521739,0.12062769042613115,-0.25217391304347825,-0.16521739130434782,0.1030434782608696,8
1975,-0.13695652173913042,0.11664416021996793,-0.3065217391304348,-0.16521739130434782,0.05695652173913046,8
1976,-0.20869565217391303,0.13043478260869565,-0.3965217391304348,-0.19130434782608696,-0.04652173913043478,8
1977,-0.16739130434782606,0.06356605007484106,-0.26652173913043475,-0.15652173913043477,-0.07304347826086956,8
1978,-0.047826086956521734,0.10056550874974242,-0.20521739130434782,-0.04347826086956522,0.08652173913043479,8
1979,-0.20869565217391303,0.08295123490582136,-0.34739130434782606,-0.1826086956521739,-0.11304347826086956,8
1980,-0.15869565217391304,0.12233935881210006,-0.30130434782608695,-0.19130434782608696,0.04260869565217393,8
1981,-0.18913043478260871,0.14600864878440856,-0.40478260869565214,-0.22608695652173913,0.02826086956521741,8
1982,-0.22173913043478263,0.10817265482282373,-0.38521739130434784,-0.2,-0.06999999999999999,8
1983,-0.09999999999999999,0.12713210014968213,-0.24608695652173912,-0.1391304347826087,0.11,8
1984,-0.10434782608695652,0.1110186550852496,-0.24913043478260868,-0.08695652173913043,0.07434782608695654,8
1985,-0.2326086956521739,0.08360384575230179,-0.31869565217391305,-0.2608695652173913,-0.08434782608695653,8
1986,-0.1826086956521739,0.08994852550250958,-0.3556521739130435,-0.16521739130434782,-0.09565217391304348,8
1987,-0.14999999999999997,0.08223600138859885,-0.3034782608695652,-0.1391304347826087,-0.038260869565217376,8
1988,-0.14565217391304347,0.09503257823649736,-0.30130434782608695,-0.1217391304347826,-0.043478260869565216,8
1989,-0.1608695652173913,0.10168709185675216,-0.36391304347826087,-0.13043478260869565,-0.06086956521739131,8
1990,-0.16956521739130434,0.10533949077900624,-0.3269565217391304,-0.17391304347826086,-0.02913043478260869,8
1991,-0.12173913043478261,0.08064016083039742,-0.24608695652173912,-0.10434782608695653,0.007826086956521754,8
1992,-0.15869565217391304,0.08907739673281687,-0.28391304347826085,-0.1391304347826087,-0.04652173913043478,8
1993,-0.09782608695652174,0.10341521645448953,-0.24304347826086956,-0.09565217391304348,0.0856521739130435,8
1994,-0.22391304347826088,0.09241048394274906,-0.31869565217391305,-0.26956521739130435,-0.09869565217391305,8
1995,-0.0891304347826087,0.07375302371168424,-0.19391304347826088,-0.08695652173913043,0.04260869565217393,8
1996,-0.16956521739130434,0.07862235356532662,-0.3034782608695652,-0.17391304347826086,-0.044347826086956504,8
1997,-0.2,0.11763260224755376,-0.38521739130434784,-0.1826086956521739,-0.04130434782608694,8
1998,-0.12608695652173912,0.06942921488117962,-0.23173913043478261,-0.09565217391304348,-0.06086956521739131,8
1999,-0.18043478260869564,0.1115071182889753,-0.34739130434782606,-0.15652173913043477,-0.023913043478260853,8
2000,-0.2108695652173913,0.09483345265733581,-0.3556521739130435,-0.21739130434782608,-0.055652173913043466,8
2001,-0.13695652173913042,0.09641494287624645,-0.32913043478260867,-0.11304347826086956,-0.04652173913043478,8
2002,-0.20869565217391303,0.06791521457310135,-0.34130434782608693,-0.1826086956521739,-0.13652173913043478,8
2003,-0.22391304347826085,0.1274847557512674,-0.4539130434782609,-0.2,-0.06391304347826086,8
2004,-0.11521739130434783,0.06590220170097442,-0.2082608695652174,-0.1391304347826087,-0.014782608695652167,8
2005,-0.19999999999999998,0.07010658911563955,-0.2808695652173913,-0.21739130434782608,-0.06999999999999999,8
2006,-0.12391304347826086,0.10468694893769134,-0.28304347826086956,-0.15652173913043477,0.037391304347826095,8
2007,-0.12173913043478261,0.10825999650424985,-0.22869565217391305,-0.19130434782608696,0.04869565217391306,8
2008,-0.11956521739130435,0.1032322614833371,-0.24304347826086956,-0.15652173913043477,0.054782608695652185,8
2009,-0.1891304347826087,0.08200580919069572,-0.26956521739130435,-0.2173913043478261,-0.06391304347826086,8
2010,-0.08043478260869566,0.057966485330319055,-0.14478260869565218,-0.09565217391304348,0.031304347826086966,8
2011,-0.043478260869565216,0.1079102056173118,-0.17043478260869566,-0.10434782608695653,0.11304347826086956,8
2012,-0.22826086956521738,0.12047087828258617,-0.35043478260869565,-0.2608695652173913,0.006956521739130472,8
2013,-0.2326086956521739,0.1291055458374021,-0.4426086956521739,-0.2434782608695652,-0.06695652173913043,8
2014,-0.19130434782608696,0.10542917959114906,-0.3526086956521739,-0.20869565217391306,-0.01782608695652173,8
2015,-0.1934782608695652,0.10396214957581168,-0.33304347826086955,-0.19130434782608696,-0.038260869565217376,8
2016,-0.09347826086956522,0.11873227656018585,-0.31478260869565217,-0.0608695652173913,0.023043478260869568,8
2017,-0.21304347826086956,0.032244341248242006,-0.2634782608695652,-0.21739130434782608,-0.15695652173913044,8
2018,-0.12608695652173912,0.080991026131292,-0.28608695652173916,-0.09565217391304348,-0.06086956521739131,8
2019,-0.13478260869565217,0.0555093275426248,-0.2082608695652174,-0.14782608695652175,-0.026956521739130414,8
2020,-0.09347826086956522,0.09582494278493127,-0.2,-0.11304347826086956,0.08043478260869567,8
2021,-0.14347826086956522,0.11127377297451939,-0.30130434782608695,-0.12173913043478261,-0.011739130434782606,8
2022,-0.23913043478260868,0.0832923654811653,-0.3534782608695652,-0.23478260869565215,-0.13043478260869565,8
2023,-0.1826086956521739,0.10685396284734354,-0.3617391304347826,-0.15652173913043477,-0.0526086956521739,8
2024,-0.041304347826086954,0.11318970475604186,-0.21956521739130436,-0.03478260869565218,0.10391304347826089,8
2025,-0.11521739130434783,0.06415806331901612,-0.22260869565217392,-0.10434782608695653,-0.043478260869565216,8
2026,-0.2434782608695652,0.08867860023639626,-0.3873913043478261,-0.25217391304347825,-0.10478260869565217,8
2027,-0.20652173913043478,0.07676714601308511,-0.26956521739130435,-0.25217391304347825,-0.058695652173913024,8
2028,-0.1608695652173913,0.08283721253590283,-0.2634782608695652,-0.16521739130434782,-0.012608695652173893,8
2029,-0.13478260869565217,0.09828395265615057,-0.2604347826086956,-0.15652173913043477,0.03956521739130437,8
2030,-0.05652173913043478,0.12623679253006934,-0.26565217391304347,-0.043478260869565216,0.1439130434782609,8
2031,-0.14565217391304347,0.0692588361829304,-0.24608695652173912,-0.1391304347826087,-0.049565217391304345,8
2032,-0.20869565217391303,0.08016995180254684,-0.31869565217391305,-0.2173913043478261,-0.08739130434782608,8
2033,-0.08695652173913043,0.05897678246195885,-0.1591304347826087,-0.09565217391304348,0.02826086956521741,8
2034,-0.12608695652173912,0.16285496348111342,-0.38434782608695656,-0.1217391304347826,0.1265217391304348,8
2035,-0.21521739130434783,0.061140700480109715,-0.30130434782608695,-0.20869565217391306,-0.12217391304347824,8
2036,-0.2,0.10578717443996903,-0.31869565217391305,-0.21739130434782608,-0.023913043478260853,8
2037,-0.2434782608695652,0.1428841454361303,-0.4230434782608696,-0.22608695652173913,-0.049565217391304345,8
2038,-0.2673913043478261,0.13285792687476106,-0.44869565217391305,-0.28695652173913044,-0.04739130434782607,8
2039,-0.13260869565217392,0.10910791383764874,-0.2891304347826087,-0.15652173913043477,0.03434782608695653,8
2040,-0.06956521739130435,0.11698803519194531,-0.22565217391304349,-0.09565217391304348,0.12956521739130436,8
2041,-0.09565217391304348,0.08994852550250958,-0.22565217391304349,-0.09565217391304348,0.037391304347826095,8
2042,-0.21304347826086958,0.09594815865527788,-0.3730434782608696,-0.19130434782608696,-0.09565217391304348,8
2043,-0.21956521739130436,0.0849496681851301,-0.3269565217391304,-0.22608695652173913,-0.056521739130434755,8
2044,-0.14565217391304347,0.04797407932763893,-0.21434782608695652,-0.15652173913043477,-0.08130434782608696,8
2045,-0.06956521739130435,0.10252022715262256,-0.2082608695652174,-0.0782608695652174,0.08956521739130435,8
2046,-0.1108695652173913,0.07552588159147917,-0.26260869565217393,-0.08695652173913043,-0.043478260869565216,8
2047,-0.0891304347826087,0.14313199322940454,-0.24913043478260868,-0.09565217391304348,0.1695652173913044,8
2048,-0.19130434782608696,0.08110764393990275,-0.28391304347826085,-0.2173913043478261,-0.06391304347826086,8
2049,-0.1108695652173913,0.0909672867517725,-0.25217391304347825,-0.09565217391304348,0.01391304347826088,8
2050,-0.16304347826086957,0.14431573765915434,-0.30130434782608695,-0.21739130434782608,0.10000000000000003,8
2051,-0.03695652173913044,0.10396214957581168,-0.14782608695652175,-0.0608695652173913,0.13869565217391305,8
2052,-0.2152173913043478,0.09055071999851536,-0.3730434782608696,-0.20869565217391306,-0.07913043478260867,8
2053,-0.1282608695652174,0.08714653153403236,-0.23173913043478261,-0.14782608695652175,0.016956521739130443,8
2054,-0.1217391304347826,0.09243605054551869,-0.24913043478260868,-0.1217391304347826,0.016956521739130443,8
2055,-0.14565217391304347,0.06114070048010971,-0.24,-0.15652173913043477,-0.0526086956521739,8
2056,-0.17391304347826086,0.10930265295631769,-0.38434782608695656,-0.14782608695652172,-0.0526086956521739,8
2057,-0.10434782608695652,0.059614387829574296,-0.19695652173913045,-0.08695652173913043,-0.01782608695652173,8
2058,-0.11086956521739129,0.09423355131170975,-0.24913043478260868,-0.07826086956521738,0.0026086956521739193,8
2059,-0.15869565217391304,0.09443394186510204,-0.3095652173913043,-0.15652173913043477,-0.04652173913043478,8
2060,-0.21304347826086956,0.08052286598892232,-0.31260869565217386,-0.23478260869565215,-0.08130434782608696,8
2061,-0.1760869565217391,0.10212764910040302,-0.2921739130434783,-0.2,0.030434782608695688,8
2062,-0.14347826086956522,0.1071189999543906,-0.26956521739130435,-0.13043478260869565,-0.014782608695652167,8
2063,-0.08478260869565217,0.10997078147775424,-0.25130434782608696,-0.08695652173913043,0.11434782608695657,8
2064,-0.2043478260869565,0.08942158174436145,-0.36695652173913046,-0.20869565217391306,-0.09869565217391305,8
2065,-0.17391304347826086,0.08385783270428657,-0.28391304347826085,-0.19130434782608696,-0.04652173913043478,8
2066,-0.0608695652173913,0.07064381221422573,-0.17043478260869566,-0.0608695652173913,0.023043478260869568,8
2067,-0.06739130434782609,0.14755409760568103,-0.28608695652173916,-0.034782608695652174,0.15826086956521743,8
2068,-0.16956521739130437,0.06721576014669699,-0.2921739130434783,-0.15652173913043477,-0.09869565217391305,8
2069,-0.16956521739130437,0.1335143698502964,-0.3760869565217391,-0.14782608695652175,-0.02913043478260869,8
2070,-0.10217391304347825,0.09362980637981752,-0.27695652173913043,-0.09565217391304348,0.016956521739130443,8
2071,-0.13913043478260867,0.08475473343312143,-0.24913043478260868,-0.12173913043478261,-0.006521739130434769,8
2072,-0.18478260869565216,0.10629967981215349,-0.31869565217391305,-0.1826086956521739,-0.01782608695652173,8
2073,-0.21739130434782608,0.052893587219984516,-0.26956521739130435,-0.22608695652173913,-0.11391304347826085,8
2074,-0.16304347826086957,0.11484764297280252,-0.3382608695652174,-0.17391304347826086,-0.0004347826086956424,8
2075,-0.23043478260869565,0.07957828355531794,-0.33304347826086955,-0.23478260869565218,-0.09043478260869564,8
2076,-0.08043478260869566,0.10771294905945648,-0.19695652173913045,-0.0782608695652174,0.12043478260869568,8
2077,-0.1782608695652174,0.1385176723658608,-0.4273913043478261,-0.17391304347826086,-0.011739130434782606,8
2078,-0.06304347826086956,0.10044795697519932,-0.2082608695652174,-0.0608695652173913,0.08652173913043479,8
2079,-0.22608695652173916,0.12838976574116,-0.48173913043478267,-0.2,-0.06782608695652172,8
2080,-0.15869565217391307,0.07375302371168424,-0.24913043478260868,-0.17391304347826086,-0.026956521739130414,8
2081,-0.09565217391304347,0.1473136899660645,-0.35782608695652174,-0.0782608695652174,0.1265217391304348,8
2082,-0.12173913043478261,0.14075142657598821,-0.38652173913043475,-0.08695652173913043,0.04869565217391306,8
2083,-0.15652173913043477,0.09161438045958904,-0.30130434782608695,-0.10434782608695653,-0.06391304347826086,8
2084,-0.19565217391304346,0.10641076739582972,-0.38434782608695656,-0.17391304347826086,-0.0526086956521739,8
2085,-0.18043478260869567,0.06760135567594006,-0.2952173913043478,-0.16521739130434782,-0.07608695652173912,8
2086,-0.03260869565217392,0.16032516580428083,-0.2634782608695652,-0.043478260869565216,0.22173913043478263,8
2087,-0.16739130434782606,0.08450344228511657,-0.26652173913043475,-0.19130434782608696,-0.043478260869565216,8
2088,-0.10869565217391303,0.14903596957393575,-0.3382608695652174,-0.08695652173913043,0.08652173913043479,8
2089,-0.17173913043478262,0.07774589018368551,-0.2808695652173913,-0.16521739130434782,-0.0526086956521739,8
2090,-0.1,0.09109707321633463,-0.22869565217391305,-0.10434782608695653,0.04869565217391306,8
2091,-0.11304347826086956,0.09760845356801585,-0.2543478260869565,-0.1391304347826087,0.04043478260869565,8
2092,-0.1282608695652174,0.06236516646861327,-0.22869565217391305,-0.11304347826086956,-0.049565217391304345,8
2093,-0.13478260869565217,0.08099102613129198,-0.2573913043478261,-0.14782608695652172,-0.01782608695652173,8
2094,-0.12608695652173912,0.08942158174436145,-0.24608695652173912,-0.11304347826086956,0.0026086956521739193,8
2095,-0.1108695652173913,0.08671161163121362,-0.2543478260869565,-0.08695652173913043,-0.011739130434782606,8
2096,-0.16521739130434782,0.08249419983047945,-0.32913043478260867,-0.14782608695652172,-0.08130434782608696,8
2097,-0.18695652173913044,0.07518094115561122,-0.26956521739130435,-0.20869565217391306,-0.06391304347826086,8
2098,-0.14782608695652172,0.11698803519194531,-0.3443478260869565,-0.1391304347826087,-0.011739130434782606,8
2099,-0.023913043478260863,0.08627449927384535,-0.12739130434782608,-0.034782608695652174,0.13260869565217392,8
2100,-0.09782608695652174,0.11318970475604186,-0.2,-0.15652173913043477,0.10391304347826089,8
2101,-0.1826086956521739,0.11337743313395911,-0.3443478260869565,-0.1826086956521739,-0.02913043478260869,8
2102,-0.09782608695652174,0.06760135567594006,-0.19391304347826088,-0.11304347826086956,0.0026086956521739193,8
2103,-0.13695652173913042,0.06503597957239822,-0.21739130434782608,-0.1391304347826087,-0.03521739130434782,8
2104,-0.14782608695652172,0.06507230237867724,-0.24913043478260868,-0.13043478260869565,-0.06695652173913043,8
2105,-0.12826086956521737,0.1334258500700622,-0.2952173913043478,-0.16521739130434782,0.10913043478260871,8
2106,-0.15217391304347827,0.11429077763560797,-0.28695652173913044,-0.14782608695652175,0.023043478260869568,8
2107,-0.08695652173913043,0.09243605054551869,-0.23391304347826086,-0.09565217391304348,0.060000000000000026,8
2108,-0.15434782608695652,0.12925188257560652,-0.3730434782608696,-0.09565217391304348,-0.02913043478260869,8
2109,-0.06739130434782609,0.07167322400797624,-0.1991304347826087,-0.06956521739130435,0.023043478260869568,8
2110,-0.13043478260869565,0.09990543733109615,-0.25217391304347825,-0.1391304347826087,0.0026086956521739193,8
2111,-0.10652173913043478,0.1024971759489242,-0.26956521739130435,-0.0782608695652174,0.02826086956521741,8
2112,-0.21521739130434783,0.09854806049254901,-0.30434782608695654,-0.26956521739130435,-0.08130434782608696,8
2113,-0.13260869565217392,0.06474466352971926,-0.24304347826086956,-0.13043478260869565,-0.04652173913043478,8
2114,-0.2891304347826087,0.10304898169122897,-0.46304347826086956,-0.26956521739130435,-0.15695652173913044,8
2115,-0.18478260869565216,0.11999921234776158,-0.31260869565217386,-0.22608695652173913,0.04478260869565221,8
2116,-0.08913043478260868,0.15009448819834667,-0.3360869565217391,-0.043478260869565216,0.09478260869565219,8
2117,-0.13695652173913042,0.0851719044528684,-0.24608695652173912,-0.14782608695652172,-0.014782608695652167,8
2118,-0.08043478260869566,0.07750236291293865,-0.17956521739130435,-0.06956521739130435,0.04869565217391306,8
2119,-0.08260869565217391,0.09435884527917697,-0.2821739130434782,-0.052173913043478265,-0.011739130434782606,8
2120,-0.2326086956521739,0.12554230189548618,-0.4056521739130435,-0.20869565217391306,-0.04130434782608694,8
2121,-0.19130434782608696,0.06448868249648403,-0.26652173913043475,-0.19130434782608696,-0.07608695652173912,8
2122,-0.08043478260869566,0.0502827543748712,-0.17043478260869566,-0.06086956521739131,-0.014782608695652167,8
2123,-0.1869565217391304,0.09673302374472603,-0.34739130434782606,-0.16521739130434782,-0.0526086956521739,8
2124,-0.10434782608695653,0.10860866084171127,-0.2717391304347826,-0.09565217391304348,0.03434782608695653,8
2125,-0.1869565217391304,0.07416835699666079,-0.26956521739130435,-0.2,-0.0526086956521739,8
2126,-0.1,0.10782258058814996,-0.21434782608695652,-0.11304347826086956,0.11434782608695657,8
2127,-0.1673913043478261,0.10304898169122897,-0.34956521739130436,-0.16521739130434782,-0.020869565217391292,8
2128,-0.11304347826086955,0.12142817429364297,-0.21739130434782608,-0.1565217391304348,0.11434782608695657,8
2129,-0.14782608695652175,0.08295123490582136,-0.2921739130434783,-0.1391304347826087,-0.03521739130434782,8
2130,-0.09782608695652173,0.13257305294338542,-0.24913043478260868,-0.14782608695652172,0.1182608695652174,8
2131,-0.1282608695652174,0.11082693127418161,-0.2921739130434783,-0.11304347826086955,0.008695652173913044,8
2132,-0.13478260869565217,0.06942921488117962,-0.22565217391304349,-0.15652173913043477,-0.01782608695652173,8
2133,-0.17173913043478262,0.042544316936480274,-0.2543478260869565,-0.16521739130434782,-0.13043478260869565,8
2134,-0.13695652173913042,0.07219879089311138,-0.21434782608695652,-0.15652173913043477,-0.006521739130434769,8
2135,-0.13043478260869565,0.08652064670492347,-0.23173913043478261,-0.13043478260869565,0.0026086956521739193,8
2136,-0.09999999999999999,0.16145604024023602,-0.2808695652173913,-0.1217391304347826,0.17260869565217396,8
2137,-0.004347826086956519,0.1371461764833696,-0.22478260869565217,-0.02608695652173913,0.20521739130434782,8
2138,-0.09999999999999999,0.09905031086864798,-0.2943478260869565,-0.0782608695652174,0.005652173913043481,8
2139,-0.16956521739130434,0.03765327842541038,-0.22869565217391305,-0.16521739130434782,-0.11608695652173913,8
2140,-0.15434782608695652,0.10858690211949718,-0.31260869565217386,-0.14782608695652175,-0.003478260869565205,8
2141,-0.11739130434782609,0.09314906645925455,-0.2,-0.14782608695652175,0.0456521739130435,8
2142,-0.23695652173913045,0.12998109503371083,-0.42217391304347823,-0.2782608695652174,-0.06086956521739131,8
2143,-0.1826086956521739,0.04919003695210765,-0.2634782608695652,-0.1826086956521739,-0.10478260869565217,8
2144,-0.2108695652173913,0.06266754480608511,-0.3095652173913043,-0.2173913043478261,-0.13043478260869565,8
2145,-0.15869565217391304,0.08950082108799522,-0.26956521739130435,-0.13043478260869565,-0.023913043478260853,8
2146,-0.13260869565217392,0.1267411812795514,-0.3269565217391304,-0.12173913043478261,0.02608695652173913,8
2147,-0.23695652173913043,0.08131132264897845,-0.3534782608695652,-0.23478260869565218,-0.09956521739130433,8
2148,-0.22608695652173916,0.09485836621422361,-0.3904347826086957,-0.22608695652173913,-0.09043478260869564,8
2149,-0.24130434782608695,0.06020601053967926,-0.31869565217391305,-0.25217391304347825,-0.15391304347826087,8
2150,-0.17173913043478262,0.1250897598331809,-0.25217391304347825,-0.2173913043478261,0.09608695652173918,8
2151,-0.12608695652173912,0.06888251964241243,-0.22869565217391305,-0.13043478260869565,-0.02913043478260869,8
2152,-0.15217391304347827,0.09905031086864796,-0.3269565217391304,-0.10434782608695653,-0.049565217391304345,8
2153,-0.10869565217391304,0.12533508961217021,-0.3065217391304348,-0.06956521739130435,0.04043478260869565,8
2154,-0.18043478260869567,0.09342769107367085,-0.33304347826086955,-0.16521739130434782,-0.06695652173913043,8
2155,-0.14347826086956522,0.1204120210793585,-0.31565217391304345,-0.1217391304347826,0.023043478260869568,8
2156,-0.1282608695652174,0.11048526747454837,-0.30130434782608695,-0.12173913043478261,0.0026086956521739193,8
2157,-0.21304347826086956,0.07910176260287066,-0.34130434782608693,-0.23478260869565218,-0.10173913043478261,8
2158,-0.14565217391304347,0.10231257935434863,-0.2891304347826087,-0.14782608695652175,0.020000000000000004,8
2159,-0.15869565217391304,0.12983558018816618,-0.31869565217391305,-0.2,0.05173913043478262,8
2160,-0.30000000000000004,0.06665091181198214,-0.3965217391304348,-0.31304347826086953,-0.1917391304347826,8
2161,-0.1934782608695652,0.08561464638050094,-0.31260869565217386,-0.1826086956521739,-0.055652173913043466,8
2162,-0.1391304347826087,0.05360360002581719,-0.19695652173913045,-0.14782608695652172,-0.038260869565217376,8
2163,-0.07173913043478261,0.15961615109374458,-0.3721739130434783,-0.008695652173913044,0.09260869565217392,8
2164,-0.21521739130434783,0.09220569591499345,-0.3217391304347826,-0.2173913043478261,-0.06999999999999999,8
2165,-0.16304347826086957,0.09621867815795969,-0.2982608695652174,-0.1391304347826087,-0.020869565217391292,8
2166,-0.15869565217391304,0.06618842325060142,-0.24304347826086956,-0.17391304347826086,-0.029999999999999978,8
2167,-0.2152173913043478,0.1288123736263091,-0.41391304347826086,-0.23478260869565218,-0.043478260869565216,8
2168,-0.25,0.09542958290281724,-0.41086956521739126,-0.2434782608695652,-0.13043478260869565,8
2169,-0.19782608695652174,0.0692588361829304,-0.30130434782608695,-0.19130434782608696,-0.11608695652173913,8
2170,-0.18695652173913047,0.12948932705943852,-0.36695652173913046,-0.20869565217391306,0.05608695652173917,8
2171,-0.17608695652173914,0.10753730613940554,-0.34739130434782606,-0.1826086956521739,-0.032173913043478254,8
2172,-0.1934782608695652,0.15626488586936477,-0.3965217391304348,-0.24347826086956523,0.037391304347826095,8
2173,-0.1782608695652174,0.05126011357631128,-0.2604347826086956,-0.16521739130434782,-0.10173913043478261,8
2174,-0.17391304347826086,0.08249419983047947,-0.3178260869565217,-0.16521739130434782,-0.044347826086956504,8
2175,-0.17391304347826086,0.1079102056173118,-0.30130434782608695,-0.1826086956521739,0.01391304347826088,8
2176,-0.18695652173913044,0.10352939912861442,-0.38434782608695656,-0.15652173913043477,-0.06999999999999999,8
2177,-0.1760869565217391,0.07375302371168424,-0.3208695652173913,-0.1391304347826087,-0.11304347826086956,8
2178,-0.09130434782608696,0.05751633284923023,-0.17956521739130435,-0.08695652173913043,-0.011739130434782606,8
2179,-0.21521739130434783,0.058615081577012014,-0.3269565217391304,-0.19130434782608696,-0.16521739130434782,8
2180,-0.22826086956521738,0.08736317955395703,-0.3360869565217391,-0.2434782608695652,-0.07304347826086956,8
2181,-0.18695652173913044,0.09109707321633462,-0.25217391304347825,-0.23478260869565218,-0.006521739130434769,8
2182,-0.13043478260869565,0.09365504012407834,-0.28391304347826085,-0.08695652173913043,-0.02913043478260869,8
2183,-0.12826086956521737,0.09931238070000364,-0.3117391304347826,-0.1217391304347826,0.01086956521739132,8
2184,-0.11956521739130435,0.10753730613940553,-0.2604347826086956,-0.13043478260869565,0.07434782608695654,8
2185,-0.10434782608695653,0.16726420923192475,-0.28695652173913044,-0.11304347826086958,0.21478260869565224,8
2186,-0.21304347826086956,0.08005196799792161,-0.31869565217391305,-0.2,-0.09043478260869564,8
2187,-0.08260869565217391,0.09712307784212469,-0.21130434782608695,-0.10434782608695653,0.05782608695652174,8
2188,-0.08043478260869566,0.1339913661411737,-0.2747826086956522,-0.09565217391304348,0.1439130434782609,8
2189,-0.14782608695652172,0.052893587219984516,-0.22565217391304349,-0.14782608695652175,-0.055652173913043466,8
2190,-0.11739130434782608,0.11024975941831275,-0.23173913043478261,-0.14782608695652175,0.07434782608695654,8
2191,-0.12608695652173912,0.08641133441022518,-0.23478260869565218,-0.1217391304347826,0.0026086956521739193,8
2192,-0.09565217391304348,0.09365504012407834,-0.21434782608695652,-0.08695652173913043,0.008695652173913044,8
2193,-0.16521739130434782,0.08994852550250956,-0.3269565217391304,-0.1391304347826087,-0.06695652173913043,8
2194,-0.21956521739130436,0.10304898169122897,-0.3791304347826087,-0.2173913043478261,-0.058695652173913024,8
2195,-0.2826086956521739,0.08099102613129198,-0.38521739130434784,-0.28695652173913044,-0.15695652173913044,8
2196,-0.07391304347826086,0.11690721443259783,-0.2943478260869565,-0.043478260869565216,0.07739130434782611,8
2197,-0.13695652173913042,0.04072824781564172,-0.20521739130434782,-0.1391304347826087,-0.06999999999999999,8
2198,-0.2456521739130435,0.06618842325060142,-0.3217391304347826,-0.25217391304347825,-0.13956521739130434,8
2199,-0.17608695652173914,0.08605511049082386,-0.2808695652173913,-0.21739130434782608,-0.03521739130434782,8
2200,-0.1826086956521739,0.07223151185146152,-0.2808695652173913,-0.19130434782608696,-0.055652173913043466,8
2201,-0.13695652173913045,0.11368962491298158,-0.2778260869565217,-0.16521739130434782,0.06608695652173915,8
2202,-0.17826086956521742,0.04326032335246174,-0.23478260869565218,-0.17391304347826086,-0.10478260869565217,8
2203,-0.16086956521739132,0.06255432421712243,-0.28,-0.14782608695652175,-0.07608695652173912,8
2204,-0.23695652173913043,0.06474466352971926,-0.3556521739130435,-0.22608695652173913,-0.1426086956521739,8
2205,-0.09782608695652174,0.06532599652746399,-0.22260869565217392,-0.0782608695652174,-0.02913043478260869,8
2206,-0.15652173913043477,0.10825999650424983,-0.3217391304347826,-0.13043478260869565,-0.02913043478260869,8
2207,-0.08695652173913043,0.14075142657598821,-0.3773913043478261,-0.052173913043478265,0.05173913043478262,8
2208,-0.15869565217391304,0.08154347536309153,-0.2982608695652174,-0.13043478260869565,-0.0782608695652174,8
2209,-0.15217391304347824,0.08641133441022517,-0.3065217391304348,-0.13043478260869565,-0.06086956521739131,8
2210,-0.1782608695652174,0.0881440649248404,-0.34347826086956523,-0.1826086956521739,-0.06695652173913043,8
2211,-0.14782608695652175,0.06270523957328676,-0.24304347826086956,-0.15652173913043477,-0.06391304347826086,8
2212,-0.2847826086956522,0.07502362576842347,-0.38521739130434784,-0.26956521739130435,-0.15173913043478257,8
2213,-0.11956521739130434,0.04677703215510873,-0.20521739130434782,-0.10434782608695653,-0.06391304347826086,8
2214,-0.15652173913043477,0.0782608695652174,-0.2921739130434783,-0.14782608695652175,-0.04130434782608694,8
2215,-0.18478260869565216,0.1448387409140428,-0.39956521739130435,-0.16521739130434782,0.04782608695652178,8
2216,-0.16086956521739132,0.08899778039329878,-0.3065217391304348,-0.13043478260869565,-0.0526086956521739,8
2217,-0.004347826086956523,0.06375164477658775,-0.0782608695652174,0.008695652173913042,0.08956521739130435,8
2218,-0.21956521739130436,0.10771294905945648,-0.35043478260869565,-0.24347826086956523,-0.0526086956521739,8
2219,-0.10652173913043478,0.05893670309446069,-0.19086956521739132,-0.1217391304347826,-0.003478260869565205,8
2220,0.002173913043478262,0.09034171632687021,-0.13043478260869565,0.017391304347826087,0.1356521739130435,8
2221,-0.20217391304347826,0.11873227656018587,-0.38434782608695656,-0.2,-0.0013043478260869289,8
2222,-0.13695652173913042,0.07823067050194166,-0.23478260869565218,-0.12173913043478261,-0.032173913043478254,8
2223,-0.14565217391304347,0.07602481934802484,-0.24913043478260868,-0.15652173913043477,-0.01782608695652173,8
2224,-0.13260869565217392,0.09777776584369138,-0.24913043478260868,-0.15652173913043477,0.03434782608695653,8
2225,-0.08695652173913043,0.13043478260869565,-0.24913043478260868,-0.06956521739130435,0.1347826086956522,8
2226,-0.10217391304347825,0.12983558018816618,-0.34043478260869564,-0.08695652173913043,0.06608695652173915,8
2227,-0.2152173913043478,0.08131132264897845,-0.3443478260869565,-0.20869565217391306,-0.10478260869565217,8
2228,-0.12826086956521737,0.1168061098435625,-0.32913043478260867,-0.1217391304347826,0.02608695652173913,8
2229,-0.1826086956521739,0.05961438782957429,-0.3004347826086956,-0.17391304347826086,-0.13043478260869565,8
2230,-0.19782608695652174,0.14639654049854897,-0.3565217391304348,-0.21739130434782608,0.05695652173913046,8
2231,-0.19782608695652174,0.12062769042613115,-0.38217391304347825,-0.21739130434782608,-0.04652173913043478,8
2232,-0.10217391304347825,0.062061314885305204,-0.19391304347826088,-0.09565217391304348,-0.011739130434782606,8
2233,-0.13043478260869565,0.055679341195068247,-0.21130434782608695,-0.13043478260869565,-0.06086956521739131,8
2234,-0.17173913043478262,0.11065623124021229,-0.3534782608695652,-0.13043478260869565,-0.049565217391304345,8
2235,-0.05,0.06206131488530521,-0.11,-0.0782608695652174,0.0691304347826087,8
2236,-0.14347826086956522,0.06194698629902176,-0.24304347826086956,-0.14782608695652172,-0.06086956521739131,8
2237,-0.05,0.15134869415086483,-0.32608695652173914,-0.017391304347826084,0.13869565217391305,8
2238,-0.20217391304347826,0.10629967981215349,-0.3360869565217391,-0.2173913043478261,-0.023913043478260853,8
2239,-0.09130434782608696,0.07568215298056179,-0.17652173913043478,-0.11304347826086958,0.02608695652173913,8
2240,-0.15,0.04717942263958849,-0.22565217391304349,-0.14782608695652175,-0.08130434782608696,8
2241,-0.11521739130434783,0.08843845916003475,-0.24304347826086956,-0.1217391304347826,0.03956521739130437,8
2242,-0.09347826086956522,0.058615081577012014,-0.19086956521739132,-0.09565217391304348,-0.011739130434782606,8
2243,-0.16086956521739132,0.12563637631999905,-0.4152173913043478,-0.14782608695652175,-0.02913043478260869,8
2244,-0.17826086956521736,0.11395949932244483,-0.3391304347826087,-0.16521739130434782,-0.04652173913043478,8
2245,0.0,0.07275304578557179,-0.0782608695652174,-0.008695652173913044,0.12956521739130436,8
2246,-0.1956521739130435,0.10461921230883447,-0.36478260869565216,-0.17391304347826086,-0.06086956521739131,8
2247,-0.1217391304347826,0.09120076940610013,-0.24913043478260868,-0.10434782608695653,0.0026086956521739193,8
2248,-0.14347826086956522,0.06315582194058239,-0.22565217391304349,-0.15652173913043477,-0.026956521739130414,8
2249,-0.18695652173913044,0.15694387519808733,-0.41695652173913045,-0.17391304347826086,0.005652173913043481,8
2250,-0.1826086956521739,0.05499613322031964,-0.24913043478260868,-0.1826086956521739,-0.08739130434782608,8
2251,-0.19565217391304346,0.08237954487607138,-0.28695652173913044,-0.20869565217391306,-0.04130434782608694,8
2252,-0.15434782608695652,0.11335658977811905,-0.26652173913043475,-0.2,0.06826086956521742,8
2253,-0.13695652173913042,0.09443394186510207,-0.23173913043478261,-0.17391304347826086,0.04260869565217393,8
2254,-0.24999999999999997,0.029408150561888446,-0.2982608695652174,-0.25217391304347825,-0.21739130434782608,8
2255,-0.12173913043478261,0.10895620944471016,-0.26652173913043475,-0.13043478260869565,0.06304347826086959,8
2256,-0.13695652173913045,0.09117485641526421,-0.2717391304347826,-0.14782608695652175,-0.0004347826086956424,8
2257,-0.1391304347826087,0.14472449545298469,-0.398695652173913,-0.10434782608695653,0.060000000000000026,8
2258,-0.20869565217391303,0.11859288432161613,-0.41391304347826086,-0.1826086956521739,-0.044347826086956504,8
2259,-0.13695652173913042,0.1250897598331809,-0.34347826086956523,-0.15652173913043477,0.05173913043478262,8
2260,-0.18478260869565216,0.11082693127418161,-0.33304347826086955,-0.2,-0.032173913043478254,8
2261,-0.11304347826086956,0.131589095221057,-0.28391304347826085,-0.13043478260869565,0.10608695652173915,8
2262,-0.1282608695652174,0.09777776584369138,-0.2543478260869565,-0.16521739130434782,0.02608695652173913,8
2263,-0.26521739130434785,0.12135031075611184,-0.4056521739130435,-0.28695652173913044,-0.055652173913043466,8
2264,-0.08260869565217391,0.06315582194058239,-0.17347826086956522,-0.09565217391304348,0.031304347826086966,8
2265,-0.17391304347826086,0.049952718665548075,-0.23173913043478261,-0.19130434782608696,-0.08434782608695653,8
2266,-0.12391304347826088,0.11664416021996793,-0.26652173913043475,-0.15652173913043477,0.07739130434782611,8
2267,-0.13260869565217392,0.12822401828746635,-0.3373913043478261,-0.1391304347826087,0.09086956521739134,8
2268,-0.1782608695652174,0.09314906645925455,-0.2808695652173913,-0.20869565217391306,-0.014782608695652167,8
2269,-0.19782608695652176,0.1168061098435625,-0.34739130434782606,-0.21739130434782608,-0.006521739130434769,8
2270,-0.20869565217391306,0.06679257172059659,-0.30130434782608695,-0.20869565217391306,-0.11608695652173913,8
2271,-0.1826086956521739,0.07480282840906632,-0.2778260869565217,-0.2,-0.04130434782608694,8
2272,-0.17391304347826086,0.11203564110195761,-0.34739130434782606,-0.17391304347826086,-0.014782608695652167,8
2273,-0.10652173913043478,0.09680627860092313,-0.19695652173913045,-0.15652173913043477,0.06608695652173915,8
2274,-0.13695652173913042,0.0838296499332993,-0.23173913043478261,-0.16521739130434782,0.005652173913043481,8
2275,-0.14347826086956522,0.07957828355531793,-0.24608695652173912,-0.15652173913043477,-0.032173913043478254,8
2276,-0.10434782608695653,0.10140785904078783,-0.2543478260869565,-0.1217391304347826,0.037391304347826095,8
2277,-0.15217391304347827,0.09866787580791493,-0.26652173913043475,-0.17391304347826086,0.0026086956521739193,8
2278,-0.18695652173913047,0.11787340618892138,-0.3904347826086957,-0.1826086956521739,-0.01782608695652173,8
2279,-0.08043478260869566,0.07087756689957002,-0.17956521739130435,-0.0782608695652174,0.020000000000000004,8
2280,-0.14782608695652172,0.14757011085632293,-0.3360869565217391,-0.15652173913043477,0.10913043478260871,8
2281,-0.021739130434782608,0.11329403670256855,-0.17652173913043478,-0.043478260869565216,0.1673913043478261,8
2282,-0.2173913043478261,0.06086956521739131,-0.30130434782608695,-0.21739130434782608,-0.1334782608695652,8
2283,-0.16086956521739132,0.10569778940124537,-0.3065217391304348,-0.1826086956521739,0.02826086956521741,8
2284,-0.10652173913043478,0.14806566264224194,-0.3269565217391304,-0.08695652173913043,0.12043478260869568,8
2285,-0.10652173913043478,0.12718784762008759,-0.28304347826086956,-0.1217391304347826,0.13173913043478264,8
2286,-0.1217391304347826,0.13638597514224454,-0.2952173913043478,-0.14782608695652172,0.1265217391304348,8
2287,-0.1673913043478261,0.1406002524958272,-0.33304347826086955,-0.1826086956521739,0.04869565217391306,8
2288,-0.14130434782608697,0.11435278547684705,-0.3556521739130435,-0.10434782608695653,-0.014782608695652167,8
2289,-0.11739130434782609,0.10094075448907738,-0.2573913043478261,-0.14782608695652172,0.023043478260869568,8
2290,-0.24565217391304348,0.10138455492487843,-0.43043478260869567,-0.23478260869565215,-0.09652173913043477,8
2291,-0.14130434782608697,0.08246555103648112,-0.2634782608695652,-0.13043478260869565,-0.02913043478260869,8
2292,-0.07173913043478261,0.09988178267530559,-0.22565217391304349,-0.043478260869565216,0.054782608695652185,8
2293,-0.1608695652173913,0.09395731645641005,-0.25217391304347825,-0.2,-0.0004347826086956424,8
2294,-0.20217391304347826,0.07750236291293863,-0.3269565217391304,-0.1826086956521739,-0.10173913043478261,8
2295,-0.08478260869565217,0.04596168372144777,-0.14478260869565218,-0.0782608695652174,-0.014782608695652167,8
2296,-0.16956521739130437,0.09233374165911,-0.25217391304347825,-0.2,0.013043478260869597,8
2297,-0.19130434782608696,0.14288414543613026,-0.4869565217391304,-0.16521739130434782,-0.0782608695652174,8
2298,-0.12391304347826085,0.11952568516427194,-0.31565217391304345,-0.10434782608695653,0.008695652173913044,8
2299,-0.07826086956521738,0.09445896079304536,-0.19695652173913045,-0.11304347826086956,0.043478260869565216,8
2300,0.021739130434782608,0.07050989017489936,-0.06086956521739131,0.017391304347826087,0.12434782608695652,8
2301,-0.058695652173913045,0.09302214302319421,-0.21347826086956523,-0.052173913043478265,0.08043478260869567,8
2302,-0.11739130434782609,0.09673302374472605,-0.2808695652173913,-0.10434782608695653,0.0026086956521739193,8
2303,-0.1826086956521739,0.1079102056173118,-0.3443478260869565,-0.2,-0.03521739130434782,8
2304,-0.20434782608695654,0.12320545491569351,-0.3534782608695652,-0.2,-0.011739130434782606,8
2305,-0.14782608695652175,0.09405785935993016,-0.2634782608695652,-0.16521739130434782,0.01391304347826088,8
2306,-0.09565217391304348,0.09914568913905548,-0.21434782608695652,-0.10434782608695653,0.06608695652173915,8
2307,-0.11739130434782609,0.10168709185675218,-0.28608695652173916,-0.10434782608695653,0.03956521739130437,8
2308,-0.11304347826086956,0.06622411396403398,-0.2082608695652174,-0.1217391304347826,-0.0004347826086956424,8
2309,-0.08478260869565217,0.06083073295492706,-0.17652173913043478,-0.08695652173913043,0.005652173913043481,8
2310,-0.20217391304347826,0.1168061098435625,-0.43869565217391304,-0.17391304347826086,-0.08434782608695653,8
2311,-0.13695652173913042,0.11631958453627604,-0.31260869565217386,-0.10434782608695653,0.016956521739130443,8
2312,-0.1108695652173913,0.09621867815795969,-0.2634782608695652,-0.09565217391304348,0.020000000000000004,8
2313,-0.16521739130434782,0.1467995044881229,-0.35043478260869565,-0.2,0.06086956521739131,8
2314,-0.14130434782608695,0.12202993217987988,-0.3382608695652174,-0.15652173913043477,0.03434782608695653,8
2315,-0.1826086956521739,0.061487546190134565,-0.24608695652173912,-0.2,-0.058695652173913024,8
2316,-0.2,0.06448868249648403,-0.28391304347826085,-0.2173913043478261,-0.10173913043478261,8
2317,-0.2217391304347826,0.06888251964241243,-0.3443478260869565,-0.2,-0.13652173913043478,8
2318,-0.17173913043478262,0.09362980637981752,-0.3178260869565217,-0.19130434782608696,-0.020869565217391292,8
2319,-0.30217391304347824,0.1337089070841894,-0.5069565217391304,-0.26956521739130435,-0.1026086956521739,8
2320,-0.09782608695652174,0.11484764297280252,-0.26869565217391306,-0.11304347826086956,0.10608695652173915,8
2321,-0.052173913043478265,0.08782178207271371,-0.14478260869565218,-0.0782608695652174,0.10086956521739132,8
2322,-0.14782608695652172,0.09722034684781694,-0.30130434782608695,-0.10434782608695653,-0.032173913043478254,8
2323,-0.13260869565217392,0.08886492798247694,-0.2634782608695652,-0.11304347826086956,-0.011739130434782606,8
2324,-0.15652173913043477,0.10177999922364891,-0.28391304347826085,-0.16521739130434782,0.01086956521739132,8
2325,-0.1608695652173913,0.0761800672518923,-0.25217391304347825,-0.17391304347826086,-0.049565217391304345,8
2326,-0.052173913043478265,0.14628351166313672,-0.2717391304347826,-0.06086956521739131,0.1930434782608696,8
2327,-0.12391304347826088,0.1229558760206893,-0.3178260869565217,-0.11304347826086955,0.060000000000000026,8
2328,-0.08260869565217391,0.08145649563128346,-0.21434782608695652,-0.06956521739130435,0.020000000000000004,8
2329,-0.1847826086956522,0.09096728675177251,-0.30130434782608695,-0.2,-0.023913043478260853,8
2330,-0.18478260869565216,0.07140899002459496,-0.25217391304347825,-0.20869565217391306,-0.0526086956521739,8
2331,-0.16086956521739132,0.04055382196995137,-0.22869565217391305,-0.14782608695652175,-0.10173913043478261,8
2332,-0.16521739130434782,0.13101321020277706,-0.3360869565217391,-0.1391304347826087,0.04782608695652178,8
2333,-0.21739130434782608,0.13358514344119318,-0.3934782608695652,-0.26956521739130435,-0.043478260869565216,8
2334,-0.03478260869565217,0.08519964322724097,-0.1591304347826087,-0.008695652173913044,0.07521739130434783,8
2335,-0.14347826086956522,0.0800519679979216,-0.3004347826086956,-0.1217391304347826,-0.049565217391304345,8
2336,-0.14782608695652175,0.12541047914657355,-0.3352173913043478,-0.15652173913043477,0.04869565217391306,8
2337,-0.21304347826086956,0.07765465695431197,-0.3526086956521739,-0.20869565217391306,-0.0934782608695652,8
2338,-0.11956521739130435,0.09835605239881408,-0.26869565217391306,-0.1217391304347826,0.0539130434782609,8
2339,-0.04782608695652174,0.07910176260287066,-0.15608695652173912,-0.0608695652173913,0.043478260869565216,8
2340,-0.06956521739130435,0.124502791854577,-0.3004347826086956,-0.043478260869565216,0.08652173913043479,8
2341,-0.16956521739130434,0.04899751160688976,-0.2573913043478261,-0.15652173913043477,-0.11304347826086956,8
2342,-0.0891304347826087,0.08061085312060504,-0.21347826086956523,-0.10434782608695653,0.04869565217391306,8
2343,-0.11304347826086955,0.07777627747825355,-0.21130434782608695,-0.12173913043478261,0.02521739130434784,8
2344,-0.1934782608695652,0.11268756680603857,-0.3534782608695652,-0.1826086956521739,-0.00434782608695649,8
2345,-0.14782608695652172,0.08110764393990275,-0.2634782608695652,-0.14782608695652172,-0.009565217391304332,8
2346,-0.2173913043478261,0.10930265295631769,-0.3904347826086957,-0.22608695652173913,-0.08130434782608696,8
2347,-0.1673913043478261,0.11968373572609396,-0.28391304347826085,-0.2,0.04869565217391306,8
2348,-0.17391304347826086,0.09365504012407833,-0.2952173913043478,-0.20869565217391306,-0.032173913043478254,8
2349,-0.18478260869565216,0.11150711828897529,-0.3360869565217391,-0.2,-0.009565217391304332,8
2350,-0.16521739130434782,0.10140785904078783,-0.30130434782608695,-0.1826086956521739,-0.014782608695652167,8
2351,-0.15217391304347827,0.06255432421712243,-0.23173913043478261,-0.16521739130434782,-0.06391304347826086,8
2352,-0.15,0.07246014483695198,-0.2604347826086956,-0.16521739130434782,-0.06086956521739131,8
2353,-0.18478260869565216,0.10841267512862333,-0.34739130434782606,-0.17391304347826086,-0.049565217391304345,8
2354,-0.18043478260869567,0.13761058450520403,-0.3873913043478261,-0.1826086956521739,0.0539130434782609,8
2355,-0.14130434782608697,0.05631232107386356,-0.22869565217391305,-0.1391304347826087,-0.0526086956521739,8
2356,-0.20869565217391303,0.07728864710709207,-0.31260869565217386,-0.22608695652173913,-0.07304347826086956,8
2357,-0.09565217391304348,0.10578717443996905,-0.27695652173913043,-0.08695652173913043,0.07130434782608698,8
2358,-0.16521739130434782,0.09325048082403138,-0.28695652173913044,-0.1826086956521739,-0.01782608695652173,8
2359,-0.23478260869565215,0.1313014684394913,-0.4508695652173913,-0.25217391304347825,-0.03521739130434782,8
2360,-0.18478260869565216,0.07502362576842347,-0.32913043478260867,-0.1826086956521739,-0.09869565217391305,8
2361,-0.18043478260869567,0.09893095872158916,-0.34739130434782606,-0.14782608695652175,-0.0526086956521739,8
2362,-0.18478260869565216,0.08757929164558124,-0.3382608695652174,-0.16521739130434782,-0.055652173913043466,8
2363,-0.13695652173913045,0.09281870452264866,-0.23173913043478261,-0.1826086956521739,0.02521739130434784,8
2364,-0.16956521739130434,0.11195124512681508,-0.36695652173913046,-0.1391304347826087,-0.0013043478260869289,8
2365,-0.17826086956521742,0.1071189999543906,-0.2982608695652174,-0.20869565217391306,0.030434782608695688,8
2366,-0.17826086956521736,0.12623679253006934,-0.3360869565217391,-0.15652173913043477,0.01913043478260872,8
2367,-0.13260869565217392,0.07701299819094935,-0.2717391304347826,-0.11304347826086956,-0.023913043478260853,8
2368,-0.1391304347826087,0.11371040722280018,-0.2921739130434783,-0.14782608695652175,0.06521739130434787,8
2369,-0.18695652173913044,0.09789852390606697,-0.28391304347826085,-0.22608695652173913,-0.014782608695652167,8
2370,-0.22608695652173913,0.06565073421974565,-0.34739130434782606,-0.20869565217391306,-0.1508695652173913,8
2371,-0.09130434782608696,0.1412207110340149,-0.2604347826086956,-0.11304347826086956,0.161304347826087,8
2372,-0.14130434782608697,0.06843511408129214,-0.2573913043478261,-0.13043478260869565,-0.06086956521739131,8
2373,-0.14130434782608697,0.09322513757561551,-0.24608695652173912,-0.16521739130434782,0.02826086956521741,8
2374,-0.10217391304347825,0.07219879089311136,-0.22260869565217392,-0.10434782608695653,-0.008695652173913044,8
2375,-0.2065217391304348,0.09562746716488162,-0.3730434782608696,-0.2,-0.09565217391304348,8
2376,-0.09565217391304348,0.12897736499296805,-0.2952173913043478,-0.0782608695652174,0.11739130434782613,8
2377,-0.2565217391304348,0.14175513379914007,-0.45173913043478264,-0.2608695652173913,0.0008695652173913437,8
2378,-0.07826086956521738,0.07922116155777652,-0.17652173913043478,-0.09565217391304348,0.07130434782608698,8
2379,-0.19130434782608696,0.12510864843424485,-0.3873913043478261,-0.20869565217391306,0.01086956521739132,8
2380,-0.20869565217391306,0.09161438045958904,-0.30130434782608695,-0.23478260869565215,-0.038260869565217376,8
2381,-0.10434782608695653,0.04433930011819813,-0.16217391304347825,-0.09565217391304348,-0.03521739130434782,8
2382,-0.16521739130434782,0.07777627747825355,-0.2747826086956522,-0.1826086956521739,-0.04652173913043478,8
2383,-0.15869565217391304,0.06326796613415324,-0.24608695652173912,-0.16521739130434782,-0.055652173913043466,8
2384,-0.2043478260869565,0.06608123545030724,-0.2982608695652174,-0.1826086956521739,-0.10478260869565217,8
2385,-0.11739130434782608,0.0889977803932988,-0.24608695652173912,-0.10434782608695653,0.03652173913043481,8
2386,-0.08478260869565217,0.1226480047994481,-0.2634782608695652,-0.07826086956521738,0.09782608695652176,8
2387,-0.11304347826086956,0.08952721861727826,-0.26869565217391306,-0.1217391304347826,0.005652173913043481,8
2388,-0.12826086956521737,0.11999921234776158,-0.23173913043478261,-0.16521739130434782,0.11739130434782613,8
2389,-0.16521739130434784,0.12419875527900609,-0.38130434782608696,-0.15652173913043477,0.02217391304347828,8
2390,-0.1043478260869565,0.05430433042085564,-0.19086956521739132,-0.11304347826086956,-0.02913043478260869,8
2391,-0.09782608695652174,0.14273523018416928,-0.2717391304347826,-0.12173913043478261,0.1521739130434783,8
2392,-0.10434782608695653,0.09952628819356171,-0.22565217391304349,-0.1391304347826087,0.037391304347826095,8
2393,-0.13478260869565217,0.07716625804042979,-0.26869565217391306,-0.12173913043478261,-0.043478260869565216,8
2394,-0.15652173913043477,0.06565073421974564,-0.24913043478260868,-0.16521739130434782,-0.0526086956521739,8
2395,-0.15217391304347827,0.1020582138635261,-0.36391304347826087,-0.10434782608695653,-0.0782608695652174,8
2396,-0.1782608695652174,0.12533508961217021,-0.40478260869565214,-0.13043478260869565,-0.03521739130434782,8
2397,-0.18478260869565216,0.11777313104853511,-0.31565217391304345,-0.23478260869565215,-0.02608695652173913,8
2398,-0.1826086956521739,0.09243605054551869,-0.30130434782608695,-0.19130434782608696,-0.020869565217391292,8
2399,-0.10434782608695653,0.13443152029339397,-0.3547826086956522,-0.08695652173913043,0.06608695652173915,8
2400,-0.0934782608695652,0.065325996527464,-0.16217391304347825,-0.11304347826086956,0.031304347826086966,8
2401,-0.14347826086956522,0.10316356971917105,-0.3065217391304348,-0.13043478260869565,0.03347826086956525,8
2402,-0.15869565217391304,0.11825367625181867,-0.2982608695652174,-0.17391304347826086,0.062173913043478295,8
2403,-0.1956521739130435,0.10990630138925685,-0.3534782608695652,-0.1391304347826087,-0.08130434782608696,8
2404,-0.22826086956521738,0.08292274401200284,-0.358695652173913,-0.23478260869565215,-0.10173913043478261,8
2405,-0.17391304347826086,0.03984848430396383,-0.22869565217391305,-0.1826086956521739,-0.11304347826086956,8
2406,-0.1760869565217391,0.05957473741758575,-0.2921739130434783,-0.14782608695652172,-0.13043478260869565,8
2407,-0.23043478260869565,0.09905031086864798,-0.38217391304347825,-0.19130434782608696,-0.11608695652173913,8
2408,-0.10434782608695652,0.08203461853962264,-0.21434782608695652,-0.10434782608695653,0.016956521739130443,8
2409,-0.1391304347826087,0.15086392672084759,-0.3360869565217391,-0.17391304347826086,0.08043478260869567,8
2410,-0.15,0.11352322947084267,-0.35043478260869565,-0.09565217391304348,-0.04652173913043478,8
2411,-0.1108695652173913,0.12094070474522717,-0.24913043478260868,-0.15652173913043477,0.08652173913043479,8
2412,-0.09782608695652174,0.07942967785410916,-0.21739130434782608,-0.06086956521739131,-0.011739130434782606,8
2413,-0.1673913043478261,0.11218318128209277,-0.3443478260869565,-0.1565217391304348,-0.006521739130434769,8
2414,-0.14782608695652172,0.10999226644063928,-0.33217391304347826,-0.15652173913043477,0.02521739130434784,8
2415,-0.07391304347826087,0.10168709185675218,-0.21347826086956523,-0.09565217391304348,0.12043478260869568,8
2416,-0.11956521739130435,0.10468694893769136,-0.24608695652173912,-0.12173913043478261,0.008695652173913044,8
2417,-0.1934782608695652,0.08472684899958728,-0.31260869565217386,-0.2,-0.08434782608695653,8
2418,-0.23478260869565215,0.06507230237867724,-0.3556521739130435,-0.21739130434782608,-0.1426086956521739,8
2419,-0.24347826086956523,0.10895620944471016,-0.4426086956521739,-0.22608695652173913,-0.10782608695652172,8
2420,-0.11304347826086955,0.07826086956521738,-0.24304347826086956,-0.08695652173913043,-0.02608695652173913,8
2421,-0.15217391304347827,0.07862235356532664,-0.2634782608695652,-0.15652173913043477,-0.02913043478260869,8
2422,-0.08695652173913043,0.10895620944471016,-0.22260869565217392,-0.1217391304347826,0.09260869565217392,8
2423,-0.10434782608695653,0.06330530338504799,-0.19391304347826088,-0.09565217391304348,-0.014782608695652167,8
2424,-0.1826086956521739,0.038888138739126776,-0.23173913043478261,-0.19130434782608696,-0.13043478260869565,8
2425,-0.0782608695652174,0.09405785935993016,-0.17956521739130435,-0.10434782608695653,0.08347826086956524,8
2426,-0.16086956521739132,0.08508863387296055,-0.25217391304347825,-0.1826086956521739,-0.02913043478260869,8
2427,-0.13260869565217392,0.10665475280031374,-0.24608695652173912,-0.17391304347826086,0.05695652173913046,8
2428,-0.08695652173913043,0.06846963368705923,-0.19086956521739132,-0.07826086956521738,0.01391304347826088,8
2429,-0.1217391304347826,0.1110186550852496,-0.2808695652173913,-0.10434782608695653,0.060000000000000026,8
2430,-0.2043478260869565,0.08508863387296055,-0.34130434782608693,-0.19130434782608696,-0.08434782608695653,8
2431,-0.17826086956521742,0.08728199956471622,-0.2891304347826087,-0.1826086956521739,-0.0073913043478260505,8
2432,-0.08260869565217391,0.08145649563128346,-0.20217391304347826,-0.09565217391304348,0.05173913043478262,8
2433,-0.05652173913043479,0.1552484440987576,-0.3382608695652174,0.008695652173913044,0.1182608695652174,8
2434,-0.11521739130434783,0.09969234337215739,-0.2634782608695652,-0.11304347826086958,0.03434782608695653,8
2435,-0.1608695652173913,0.07765465695431197,-0.2634782608695652,-0.15652173913043477,-0.026956521739130414,8
2436,-0.17391304347826086,0.06448868249648403,-0.2747826086956522,-0.1826086956521739,-0.09565217391304348,8
2437,-0.14347826086956522,0.06942921488117962,-0.28,-0.13043478260869565,-0.055652173913043466,8
2438,-0.11521739130434783,0.14996849070441026,-0.31260869565217386,-0.1391304347826087,0.11,8
2439,-0.18913043478260871,0.10432517870175502,-0.3443478260869565,-0.2,-0.032173913043478254,8
2440,-0.11956521739130435,0.04677703215510873,-0.1826086956521739,-0.10434782608695653,-0.06391304347826086,8
2441,-0.07608695652173914,0.058615081577012014,-0.14782608695652175,-0.052173913043478265,0.0026086956521739193,8
2442,-0.1391304347826087,0.14808162057327307,-0.3904347826086957,-0.11304347826086956,0.04043478260869565,8
2443,-0.19565217391304346,0.058169948522868054,-0.2952173913043478,-0.2,-0.11608695652173913,8
2444,-0.13478260869565217,0.11462109849099189,-0.3517391304347826,-0.1391304347826087,0.005652173913043481,8
2445,-0.1108695652173913,0.1365071994473009,-0.34739130434782606,-0.06086956521739131,0.037391304347826095,8
2446,-0.2021739130434783,0.13595214881525713,-0.3760869565217391,-0.22608695652173913,0.03956521739130437,8
2447,-0.1391304347826087,0.1809448004059549,-0.3708695652173913,-0.14782608695652175,0.12434782608695652,8
2448,-0.17391304347826086,0.08475473343312143,-0.31260869565217386,-0.14782608695652172,-0.055652173913043466,8
2449,-0.2,0.04433930011819813,-0.2778260869565217,-0.19130434782608696,-0.13652173913043478,8
2450,-0.2,0.16151457061744964,-0.41086956521739126,-0.23478260869565218,0.023043478260869568,8
2451,-0.1282608695652174,0.11048526747454837,-0.2952173913043478,-0.10434782608695653,0.03956521739130437,8
2452,-0.16956521739130437,0.08684775806712253,-0.30130434782608695,-0.15652173913043477,-0.04130434782608694,8
2453,-0.17173913043478262,0.10647736431529094,-0.36086956521739133,-0.19130434782608696,-0.03521739130434782,8
2454,-0.13695652173913045,0.07219879089311138,-0.26565217391304347,-0.1391304347826087,-0.03521739130434782,8
2455,-0.11521739130434783,0.08971178383462325,-0.23695652173913043,-0.1391304347826087,0.0456521739130435,8
2456,-0.0782608695652174,0.08825123100080191,-0.2,-0.06086956521739131,0.037391304347826095,8
2457,-0.09565217391304348,0.12142817429364296,-0.3095652173913043,-0.06086956521739131,0.043478260869565216,8
2458,-0.15217391304347827,0.0877140913123131,-0.32913043478260867,-0.13043478260869565,-0.0526086956521739,8
2459,-0.1326086956521739,0.1334258500700622,-0.35043478260869565,-0.10434782608695653,0.031304347826086966,8
2460,-0.20869565217391306,0.08203461853962264,-0.3617391304347826,-0.17391304347826086,-0.1191304347826087,8
2461,-0.10869565217391303,0.07262301342821767,-0.23391304347826086,-0.1217391304347826,-0.011739130434782606,8
2462,-0.18695652173913044,0.11787340618892138,-0.4017391304347826,-0.1565217391304348,-0.06391304347826086,8
2463,-0.21304347826086956,0.11527890072663348,-0.35043478260869565,-0.2,-0.0073913043478260505,8
2464,-0.13478260869565217,0.1071189999543906,-0.2778260869565217,-0.1391304347826087,0.062173913043478295,8
2465,-0.14782608695652175,0.09284415871331575,-0.26652173913043475,-0.14782608695652175,-0.02913043478260869,8
2466,-0.11739130434782609,0.12772548540494247,-0.34130434782608693,-0.06086956521739131,0.005652173913043481,8
2467,-0.15869565217391304,0.06843511408129214,-0.2747826086956522,-0.15652173913043477,-0.06695652173913043,8
2468,-0.12391304347826086,0.0956274671648816,-0.2634782608695652,-0.11304347826086956,0.0026086956521739193,8
2469,-0.06304347826086956,0.1168061098435625,-0.2,-0.05217391304347826,0.11217391304347828,8
2470,-0.21956521739130436,0.11648198543146794,-0.42217391304347823,-0.2,-0.058695652173913024,8
2471,-0.07608695652173914,0.0740088892632574,-0.17956521739130435,-0.052173913043478265,0.008695652173913044,8
2472,-0.22391304347826085,0.05957473741758574,-0.31869565217391305,-0.21739130434782608,-0.14782608695652175,8
2473,-0.21739130434782608,0.08695652173913045,-0.3617391304347826,-0.20869565217391306,-0.09869565217391305,8
2474,-0.10652173913043478,0.07725806801702984,-0.22869565217391305,-0.10434782608695653,0.01391304347826088,8
2475,-0.06304347826086956,0.09503257823649736,-0.20217391304347826,-0.0608695652173913,0.09173913043478263,8
2476,-0.2434782608695652,0.1275032895531755,-0.44869565217391305,-0.19130434782608696,-0.08739130434782608,8
2477,-0.14347826086956522,0.11093348541020065,-0.34347826086956523,-0.15652173913043477,0.0026086956521739193,8
2478,-0.21304347826086956,0.0482197239409105,-0.3095652173913043,-0.19130434782608696,-0.16826086956521738,8
2479,-0.23478260869565218,0.10215078369104982,-0.3534782608695652,-0.25217391304347825,-0.055652173913043466,8
2480,-0.16304347826086957,0.08928935990396891,-0.32391304347826083,-0.14782608695652175,-0.038260869565217376,8
2481,-0.22826086956521738,0.11368962491298157,-0.3739130434782609,-0.23478260869565215,-0.06391304347826086,8
2482,-0.05652173913043478,0.05618629557965254,-0.14478260869565218,-0.052173913043478265,0.008695652173913044,8
2483,-0.13260869565217392,0.08494966818513011,-0.28304347826086956,-0.1391304347826087,-0.02913043478260869,8
2484,-0.08043478260869566,0.11218318128209277,-0.22565217391304349,-0.10434782608695653,0.12347826086956525,8
2485,-0.08043478260869566,0.041189772438035684,-0.13043478260869565,-0.08695652173913043,-0.011739130434782606,8
2486,-0.08478260869565217,0.12448381132365571,-0.3065217391304348,-0.043478260869565216,0.043478260869565216,8
2487,-0.09565217391304348,0.10506996498777889,-0.21739130434782608,-0.09565217391304348,0.08869565217391306,8
2488,-0.12391304347826088,0.06732114159653053,-0.24,-0.10434782608695653,-0.04652173913043478,8
2489,-0.11956521739130435,0.1024971759489242,-0.24608695652173912,-0.1391304347826087,0.04043478260869565,8
2490,-0.14782608695652175,0.10065945132861066,-0.30130434782608695,-0.11304347826086956,-0.006521739130434769,8
2491,-0.2282608695652174,0.09797090729777173,-0.3534782608695652,-0.2173913043478261,-0.05347826086956519,8
2492,-0.15000000000000002,0.062365166468613266,-0.23173913043478261,-0.1391304347826087,-0.06391304347826086,8
2493,-0.21304347826086956,0.07667474821107999,-0.28695652173913044,-0.2434782608695652,-0.10173913043478261,8
2494,-0.05434782608695652,0.05212860351426869,-0.09565217391304348,-0.08695652173913043,0.037391304347826095,8
2495,-0.13260869565217392,0.07750236291293863,-0.23478260869565218,-0.10434782608695653,-0.04652173913043478,8
2496,-0.14782608695652172,0.09565217391304347,-0.3208695652173913,-0.13043478260869565,-0.032173913043478254,8
2497,-0.1108695652173913,0.09220569591499346,-0.24304347826086956,-0.10434782608695653,0.008695652173913044,8
2498,-0.13695652173913042,0.12356931731410704,-0.3095652173913043,-0.17391304347826086,0.04043478260869565,8
2499,-0.2108695652173913,0.06843511408129214,-0.34130434782608693,-0.2,-0.1334782608695652,8
2500,-0.16086956521739132,0.13007195914479644,-0.3269565217391304,-0.21739130434782608,0.02608695652173913,8
2501,-0.12826086956521737,0.08583516096695493,-0.24304347826086956,-0.14782608695652172,-0.011739130434782606,8
2502,-0.1282608695652174,0.08971178383462325,-0.26869565217391306,-0.1391304347826087,0.016956521739130443,8
2503,-0.10869565217391305,0.07365684498303225,-0.2,-0.09565217391304348,-0.0004347826086956424,8
2504,-0.06086956521739131,0.07777627747825355,-0.1591304347826087,-0.08695652173913043,0.05782608695652174,8
2505,-0.10434782608695653,0.11135868239013649,-0.3004347826086956,-0.08695652173913043,0.04869565217391306,8
2506,-0.11304347826086956,0.062099377639503045,-0.22869565217391305,-0.08695652173913043,-0.06086956521739131,8
2507,-0.15000000000000002,0.12792882591134347,-0.2634782608695652,-0.2,0.111304347826087,8
2508,-0.14347826086956522,0.1200976288428968,-0.26652173913043475,-0.1826086956521739,0.054782608695652185,8
2509,-0.18913043478260871,0.11167651773079411,-0.34130434782608693,-0.20869565217391306,-0.011739130434782606,8
2510,-0.22826086956521738,0.08822445168566531,-0.3360869565217391,-0.23478260869565218,-0.07608695652173912,8
2511,-0.18043478260869567,0.13027163710068376,-0.36782608695652175,-0.16521739130434782,0.0026086956521739193,8
2512,-0.12391304347826088,0.13243038617841768,-0.32391304347826083,-0.13043478260869565,0.10000000000000003,8
2513,-0.1608695652173913,0.09981078507173041,-0.30434782608695654,-0.14782608695652172,-0.043478260869565216,8
2514,-0.2,0.09604661754075877,-0.3360869565217391,-0.1826086956521739,-0.06999999999999999,8
2515,-0.16956521739130434,0.07050989017489936,-0.2717391304347826,-0.1826086956521739,-0.04130434782608694,8
2516,-0.1608695652173913,0.06833145063261613,-0.29739130434782607,-0.15652173913043477,-0.09565217391304348,8
2517,-0.1826086956521739,0.06846963368705922,-0.26652173913043475,-0.20869565217391306,-0.06999999999999999,8
2518,-0.16521739130434782,0.12142817429364297,-0.38434782608695656,-0.11304347826086956,-0.020869565217391292,8
2519,-0.12391304347826086,0.10101095787381689,-0.3004347826086956,-0.13043478260869565,0.016956521739130443,8
2520,-0.16304347826086957,0.06114070048010971,-0.2604347826086956,-0.16521739130434782,-0.0782608695652174,8
2521,-0.17173913043478262,0.11368962491298158,-0.30434782608695654,-0.17391304347826086,-0.02608695652173913,8
2522,-0.13695652173913042,0.08014047213550765,-0.23478260869565218,-0.1391304347826087,0.004782608695652193,8
2523,-0.20217391304347826,0.15710940404482307,-0.31869565217391305,-0.2434782608695652,0.13000000000000006,8
2524,-0.18043478260869567,0.08450344228511657,-0.28391304347826085,-0.2,-0.038260869565217376,8
2525,-0.13695652173913042,0.12478715337883622,-0.28695652173913044,-0.15652173913043477,0.04869565217391306,8
2526,-0.09782608695652173,0.07140899002459497,-0.21956521739130436,-0.08695652173913043,0.01086956521739132,8
2527,-0.24999999999999997,0.04471079087218073,-0.30434782608695654,-0.2434782608695652,-0.1743478260869565,8
2528,-0.1391304347826087,0.11203564110195761,-0.2747826086956522,-0.1826086956521739,0.06304347826086959,8
2529,-0.13043478260869568,0.08157244799692921,-0.22869565217391305,-0.16521739130434782,-0.008695652173913044,8
2530,-0.1217391304347826,0.11237259115930508,-0.3034782608695652,-0.1391304347826087,0.023043478260869568,8
2531,-0.15217391304347827,0.12742913817176385,-0.3095652173913043,-0.20869565217391306,0.04869565217391306,8
2532,-0.08478260869565217,0.07167322400797624,-0.14782608695652175,-0.11304347826086956,0.04043478260869565,8
2533,-0.15652173913043477,0.11237259115930509,-0.33217391304347826,-0.1826086956521739,0.020000000000000004,8
2534,-0.1108695652173913,0.0799042432586483,-0.2082608695652174,-0.13043478260869565,0.04260869565217393,8
2535,-0.16304347826086957,0.07847193759904367,-0.2747826086956522,-0.1826086956521739,-0.026956521739130414,8
2536,-0.1673913043478261,0.055296075399899586,-0.24913043478260868,-0.17391304347826086,-0.08434782608695653,8
2537,-0.16086956521739132,0.07262301342821768,-0.2717391304347826,-0.1826086956521739,-0.06086956521739131,8
2538,-0.26956521739130435,0.08295123490582136,-0.3739130434782609,-0.2782608695652174,-0.12826086956521737,8
2539,-0.20652173913043478,0.08292274401200284,-0.3443478260869565,-0.2,-0.09869565217391305,8
2540,-0.14782608695652175,0.04919003695210765,-0.22565217391304349,-0.15652173913043477,-0.0782608695652174,8
2541,-0.18043478260869564,0.07193648742510564,-0.2634782608695652,-0.21739130434782608,-0.08130434782608696,8
2542,-0.06521739130434784,0.10094075448907738,-0.21130434782608695,-0.026086956521739132,0.043478260869565216,8
2543,-0.09565217391304348,0.08782178207271371,-0.23391304347826086,-0.09565217391304348,0.05695652173913046,8
2544,-0.11956521739130435,0.06266754480608511,-0.2082608695652174,-0.13043478260869565,-0.006521739130434769,8
2545,-0.14347826086956522,0.10461921230883447,-0.2982608695652174,-0.1391304347826087,0.0026086956521739193,8
2546,-0.03913043478260869,0.09751157170437307,-0.16217391304347825,-0.05217391304347826,0.1182608695652174,8
2547,-0.14565217391304347,0.07652050394260017,-0.24913043478260868,-0.1391304347826087,-0.04652173913043478,8
2548,-0.04782608695652174,0.07365684498303225,-0.13043478260869565,-0.0608695652173913,0.07217391304347827,8
2549,-0.23043478260869565,0.07467636537964203,-0.35043478260869565,-0.21739130434782608,-0.13652173913043478,8
2550,-0.22391304347826088,0.11099736879321516,-0.3565217391304348,-0.22608695652173913,-0.021739130434782573,8
2551,-0.10434782608695652,0.11371040722280017,-0.2808695652173913,-0.09565217391304348,0.037391304347826095,8
2552,-0.1,0.03864432355354604,-0.1591304347826087,-0.10434782608695653,-0.03521739130434782,8
2553,-0.1826086956521739,0.09202613255876838,-0.30130434782608695,-0.19130434782608696,-0.04652173913043478,8
2554,-0.11304347826086956,0.08994852550250956,-0.24913043478260868,-0.0782608695652174,-0.02608695652173913,8
2555,-0.14347826086956522,0.12166146590985412,-0.34956521739130436,-0.14782608695652175,0.031304347826086966,8
2556,-0.09347826086956522,0.10841267512862333,-0.22869565217391305,-0.10434782608695653,0.07521739130434783,8
2557,-0.1869565217391304,0.1175522246486589,-0.3791304347826087,-0.17391304347826086,-0.023913043478260853,8
2558,-0.15000000000000002,0.12939805382115765,-0.34652173913043477,-0.17391304347826086,0.06304347826086959,8
2559,-0.2043478260869565,0.1340795125661676,-0.38521739130434784,-0.16521739130434782,-0.006521739130434769,8
2560,-0.16304347826086957,0.10007086336072961,-0.25217391304347825,-0.19130434782608696,0.016956521739130443,8
2561,-0.10869565217391304,0.09274230003348498,-0.2604347826086956,-0.08695652173913043,0.0026086956521739193,8
2562,-0.1108695652173913,0.09013222800707775,-0.21434782608695652,-0.1391304347826087,0.005652173913043481,8
2563,-0.09565217391304348,0.10930265295631769,-0.21434782608695652,-0.09565217391304348,0.10000000000000003,8
2564,-0.14565217391304347,0.0692588361829304,-0.24608695652173912,-0.14782608695652172,-0.03521739130434782,8
2565,-0.2717391304347826,0.11841342462083758,-0.4373913043478261,-0.25217391304347825,-0.08217391304347824,8
2566,-0.16086956521739132,0.12563637631999905,-0.36391304347826087,-0.19130434782608696,0.031304347826086966,8
2567,-0.1826086956521739,0.03585309239667531,-0.24608695652173912,-0.1826086956521739,-0.1334782608695652,8
2568,-0.1565217391304348,0.0834057656228299,-0.24608695652173912,-0.16521739130434782,0.01000000000000003,8
2569,-0.20869565217391303,0.09365504012407833,-0.31565217391304345,-0.2434782608695652,-0.049565217391304345,8
2570,-0.17391304347826086,0.1633764715483125,-0.4191304347826087,-0.19130434782608696,0.09173913043478263,8
2571,-0.1282608695652174,0.11014254383385565,-0.3095652173913043,-0.1217391304347826,0.023043478260869568,8
2572,-0.17173913043478262,0.07577576112144946,-0.25217391304347825,-0.2,-0.06391304347826086,8
2573,-0.10652173913043478,0.13884141175509362,-0.2982608695652174,-0.0782608695652174,0.08652173913043479,8
2574,-0.1934782608695652,0.07007287591863565,-0.30130434782608695,-0.1826086956521739,-0.09869565217391305,8
2575,-0.18043478260869564,0.14946343857512256,-0.3791304347826087,-0.19130434782608696,0.043478260869565216,8
2576,-0.08478260869565217,0.12599321852906176,-0.28826086956521735,-0.10434782608695653,0.10695652173913044,8
2577,-0.15217391304347827,0.07765465695431197,-0.26652173913043475,-0.1391304347826087,-0.04652173913043478,8
2578,-0.12391304347826086,0.10612169780399064,-0.3178260869565217,-0.1217391304347826,0.005652173913043481,8
2579,-0.1565217391304348,0.07530655685082076,-0.2778260869565217,-0.1391304347826087,-0.0526086956521739,8
2580,-0.09130434782608696,0.06721576014669699,-0.16521739130434782,-0.11304347826086956,0.02826086956521741,8
2581,-0.1782608695652174,0.1020582138635261,-0.30130434782608695,-0.19130434782608696,0.007826086956521754,8
2582,-0.19130434782608693,0.14446302370292302,-0.41391304347826086,-0.20869565217391306,0.01391304347826088,8
2583,-0.1391304347826087,0.10252022715262257,-0.31565217391304345,-0.1217391304347826,-0.02913043478260869,8
2584,-0.15217391304347827,0.06997163886709167,-0.2778260869565217,-0.13043478260869565,-0.06695652173913043,8
2585,-0.20652173913043476,0.0903417163268702,-0.32999999999999996,-0.22608695652173913,-0.055652173913043466,8
2586,-0.16956521739130434,0.09475867268566682,-0.3095652173913043,-0.17391304347826086,-0.020869565217391292,8
2587,-0.1782608695652174,0.10711899995439059,-0.3926086956521739,-0.15652173913043477,-0.06391304347826086,8
2588,-0.20217391304347826,0.08405484751817914,-0.31565217391304345,-0.20869565217391306,-0.07304347826086956,8
2589,-0.16304347826086957,0.13314219128506574,-0.37,-0.14782608695652175,0.0456521739130435,8
2590,-0.08478260869565218,0.1024971759489242,-0.26260869565217393,-0.08695652173913043,0.054782608695652185,8
2591,-0.24347826086956523,0.09078527399052652,-0.3791304347826087,-0.25217391304347825,-0.0934782608695652,8
2592,-0.10869565217391304,0.13742157068938354,-0.32391304347826083,-0.10434782608695653,0.07521739130434783,8
2593,-0.11304347826086955,0.10288834405390636,-0.26869565217391306,-0.1391304347826087,0.0456521739130435,8
2594,-0.1934782608695652,0.10928103241353743,-0.30130434782608695,-0.2434782608695652,0.01086956521739132,8
2595,-0.11956521739130435,0.0956274671648816,-0.24913043478260868,-0.1391304347826087,0.03434782608695653,8
2596,-0.24347826086956523,0.03367811605397754,-0.28391304347826085,-0.25217391304347825,-0.18565217391304348,8
2597,-0.1934782608695652,0.054260799888472544,-0.2634782608695652,-0.2,-0.10173913043478261,8
2598,-0.1673913043478261,0.06051917785684806,-0.2604347826086956,-0.1826086956521739,-0.06999999999999999,8
2599,-0.15,0.12156431547839838,-0.25217391304347825,-0.19130434782608696,0.05782608695652174,8
2600,-0.16521739130434782,0.09078527399052651,-0.31260869565217386,-0.1391304347826087,-0.049565217391304345,8
2601,-0.15434782608695652,0.06561473162081118,-0.2747826086956522,-0.13043478260869565,-0.08130434782608696,8
2602,-0.19565217391304346,0.08374504471416618,-0.32999999999999996,-0.1826086956521739,-0.07304347826086956,8
2603,-0.06086956521739131,0.11203564110195761,-0.16521739130434782,-0.10434782608695653,0.12739130434782608,8
2604,-0.1782608695652174,0.06942921488117962,-0.2982608695652174,-0.15652173913043477,-0.08739130434782608,8
2605,-0.2326086956521739,0.09777776584369138,-0.3565217391304348,-0.2173913043478261,-0.08739130434782608,8
2606,-0.12608695652173912,0.07210053892076956,-0.2482608695652174,-0.13043478260869565,-0.009565217391304332,8
2607,-0.18913043478260871,0.07627306431673406,-0.33217391304347826,-0.19130434782608696,-0.08739130434782608,8
2608,-0.006521739130434781,0.0617559683101817,-0.09260869565217392,-0.008695652173913044,0.0782608695652174,8
2609,-0.12173913043478261,0.07728864710709207,-0.2717391304347826,-0.08695652173913043,-0.04652173913043478,8
2610,-0.1326086956521739,0.11648198543146794,-0.2982608695652174,-0.11304347826086955,0.02826086956521741,8
2611,-0.1673913043478261,0.08583516096695493,-0.33217391304347826,-0.14782608695652175,-0.055652173913043466,8
2612,-0.0782608695652174,0.11891125505371603,-0.2,-0.0782608695652174,0.13782608695652177,8
2613,-0.2282608695652174,0.12629293520241577,-0.40260869565217394,-0.22608695652173913,-0.029999999999999978,8
2614,-0.16521739130434782,0.12985377846146157,-0.3617391304347826,-0.14782608695652172,-0.0004347826086956424,8
2615,-0.2043478260869565,0.11127377297451936,-0.3534782608695652,-0.16521739130434782,-0.09565217391304348,8
2616,-0.13478260869565217,0.07518094115561122,-0.24913043478260868,-0.09565217391304348,-0.06086956521739131,8
2617,-0.05869565217391305,0.08714653153403237,-0.18782608695652175,-0.0782608695652174,0.05782608695652174,8
2618,-0.11739130434782608,0.10641076739582972,-0.2808695652173913,-0.10434782608695653,0.008695652173913044,8
2619,-0.1217391304347826,0.062099377639503045,-0.22565217391304349,-0.1217391304347826,-0.04652173913043478,8
2620,-0.1326086956521739,0.1337089070841894,-0.35043478260869565,-0.08695652173913043,0.005652173913043481,8
2621,-0.14347826086956522,0.049763144096780856,-0.22260869565217392,-0.15652173913043477,-0.06695652173913043,8
2622,-0.14565217391304347,0.057310549245495945,-0.21434782608695652,-0.14782608695652175,-0.06391304347826086,8
2623,-0.15217391304347827,0.06721576014669699,-0.2573913043478261,-0.16521739130434782,-0.049565217391304345,8
2624,-0.25869565217391305,0.07114377466066771,-0.3791304347826087,-0.2434782608695652,-0.16826086956521738,8
2625,-0.2043478260869565,0.10921614510504757,-0.3904347826086957,-0.19130434782608696,-0.055652173913043466,8
2626,-0.09782608695652173,0.08450344228511657,-0.22565217391304349,-0.08695652173913043,0.03434782608695653,8
2627,-0.15,0.0803760067275485,-0.2634782608695652,-0.13043478260869565,-0.012608695652173893,8
2628,-0.18478260869565216,0.098163668738049,-0.2982608695652174,-0.22608695652173913,-0.020869565217391292,8
2629,-0.17391304347826086,0.06846963368705922,-0.28391304347826085,-0.1391304347826087,-0.11304347826086956,8
2630,-0.1108695652173913,0.09342769107367085,-0.2573913043478261,-0.09565217391304348,0.016956521739130443,8
2631,-0.15869565217391304,0.10788830603197876,-0.3360869565217391,-0.1391304347826087,-0.02913043478260869,8
2632,-0.17173913043478262,0.02741200046286629,-0.21434782608695652,-0.17391304347826086,-0.1334782608695652,8
2633,-0.05,0.08154347536309153,-0.18782608695652175,-0.034782608695652174,0.0691304347826087,8
2634,-0.16521739130434782,0.027498066610159824,-0.2,-0.16521739130434782,-0.1191304347826087,8
2635,-0.14130434782608697,0.06561473162081116,-0.24608695652173912,-0.1391304347826087,-0.038260869565217376,8
2636,-0.11956521739130435,0.10612169780399064,-0.2634782608695652,-0.14782608695652175,0.04869565217391306,8
2637,-0.1608695652173913,0.08984338399900793,-0.31260869565217386,-0.14782608695652172,-0.03521739130434782,8
2638,-0.19130434782608696,0.13330182362396426,-0.36478260869565216,-0.20869565217391306,0.04478260869565221,8
2639,-0.18478260869565216,0.12822401828746632,-0.3391304347826087,-0.1826086956521739,-0.02608695652173913,8
2640,-0.1826086956521739,0.08867860023639626,-0.3269565217391304,-0.16521739130434782,-0.06391304347826086,8
2641,-0.25434782608695655,0.11550415503291506,-0.4056521739130435,-0.2608695652173913,-0.07608695652173912,8
2642,-0.19782608695652174,0.10304898169122897,-0.32391304347826083,-0.20869565217391306,0.003913043478260908,8
2643,-0.16304347826086957,0.08131132264897845,-0.23478260869565218,-0.1826086956521739,0.001739130434782632,8
2644,-0.2543478260869565,0.10341521645448953,-0.4365217391304348,-0.2434782608695652,-0.1191304347826087,8
2645,-0.1673913043478261,0.10700864760207798,-0.30130434782608695,-0.1565217391304348,-0.006521739130434769,8
2646,-0.09347826086956522,0.07298004491997616,-0.17956521739130435,-0.11304347826086956,0.0456521739130435,8
2647,-0.10869565217391304,0.11658337111123411,-0.3095652173913043,-0.0782608695652174,0.0456521739130435,8
2648,-0.2043478260869565,0.09515682012277951,-0.31565217391304345,-0.22608695652173913,-0.021739130434782573,8
2649,-0.1391304347826087,0.06209937763950303,-0.21739130434782608,-0.14782608695652172,-0.06086956521739131,8
2650,-0.16956521739130434,0.08283721253590282,-0.3208695652173913,-0.15652173913043477,-0.06695652173913043,8
2651,-0.1565217391304348,0.11033545687347408,-0.36391304347826087,-0.1391304347826087,-0.014782608695652167,8
2652,-0.15652173913043477,0.1103354568734741,-0.34652173913043477,-0.14782608695652175,0.0026086956521739193,8
2653,-0.18913043478260871,0.0886519500178421,-0.3382608695652174,-0.1826086956521739,-0.0782608695652174,8
2654,-0.16086956521739132,0.07716625804042977,-0.2604347826086956,-0.19130434782608696,-0.049565217391304345,8
2655,-0.1608695652173913,0.06550660510138853,-0.24608695652173912,-0.16521739130434782,-0.0526086956521739,8
2656,-0.19782608695652176,0.14819327797525444,-0.41391304347826086,-0.2,0.008695652173913044,8
2657,-0.15,0.12644252712361626,-0.38130434782608696,-0.1217391304347826,0.01086956521739132,8
2658,-0.12608695652173912,0.09274230003348495,-0.2634782608695652,-0.12173913043478261,-0.008695652173913044,8
2659,-0.14130434782608695,0.10788830603197876,-0.3208695652173913,-0.13043478260869565,-0.008695652173913044,8
2660,-0.11739130434782608,0.10056550874974242,-0.24913043478260868,-0.12173913043478261,0.037391304347826095,8
2661,-0.11304347826086958,0.06846963368705922,-0.19695652173913045,-0.1391304347826087,-0.0004347826086956424,8
2662,-0.14130434782608697,0.08692934357883568,-0.2778260869565217,-0.13043478260869565,-0.014782608695652167,8
2663,-0.04782608695652174,0.11093348541020065,-0.19695652173913045,-0.008695652173913044,0.09260869565217392,8
2664,-0.10217391304347827,0.072720559494251,-0.22260869565217392,-0.10434782608695653,0.0026086956521739193,8
2665,-0.18695652173913044,0.08464314058231212,-0.30434782608695654,-0.1826086956521739,-0.044347826086956504,8
2666,-0.1608695652173913,0.07210053892076956,-0.26652173913043475,-0.14782608695652172,-0.044347826086956504,8
2667,-0.07608695652173914,0.11285519436884704,-0.21739130434782608,-0.06956521739130435,0.08347826086956524,8
2668,-0.16956521739130437,0.06375164477658775,-0.2808695652173913,-0.15652173913043477,-0.08739130434782608,8
2669,-0.0826086956521739,0.07957828355531794,-0.16521739130434782,-0.09565217391304348,0.06304347826086959,8
2670,-0.20652173913043478,0.13385021112054038,-0.3617391304347826,-0.2608695652173913,0.016956521739130443,8
2671,-0.17391304347826086,0.13158909522105702,-0.3882608695652174,-0.1391304347826087,-0.006521739130434769,8
2672,-0.14347826086956522,0.09866787580791493,-0.28695652173913044,-0.11304347826086956,-0.006521739130434769,8
2673,-0.2,0.11270853388535408,-0.36782608695652175,-0.2,-0.049565217391304345,8
2674,-0.11956521739130435,0.09680627860092313,-0.22869565217391305,-0.14782608695652172,0.05173913043478262,8
2675,-0.10217391304347825,0.07167322400797624,-0.19391304347826088,-0.11304347826086956,0.008695652173913044,8
2676,-0.16086956521739132,0.08052286598892232,-0.26652173913043475,-0.14782608695652175,-0.0782608695652174,8
2677,-0.10652173913043478,0.06953124170312816,-0.2082608695652174,-0.12173913043478261,-0.02608695652173913,8
2678,-0.16521739130434782,0.14446302370292302,-0.36782608695652175,-0.1391304347826087,0.005652173913043481,8
2679,-0.11086956521739132,0.10910791383764873,-0.2634782608695652,-0.11304347826086956,0.08260869565217395,8
2680,-0.2,0.14602483151084056,-0.37,-0.23478260869565218,0.09608695652173918,8
2681,-0.1673913043478261,0.08084501731211761,-0.26652173913043475,-0.17391304347826086,-0.049565217391304345,8
2682,-0.14782608695652175,0.07728864710709207,-0.2778260869565217,-0.13043478260869565,-0.03521739130434782,8
2683,-0.18695652173913044,0.09751157170437307,-0.28695652173913044,-0.20869565217391306,-0.009565217391304332,8
2684,-0.15000000000000002,0.038337374105539994,-0.22565217391304349,-0.1391304347826087,-0.11304347826086956,8
2685,-0.2608695652173913,0.07630403815123585,-0.3708695652173913,-0.2608695652173913,-0.13956521739130434,8
2686,-0.11739130434782609,0.0998107850717304,-0.21434782608695652,-0.14782608695652172,0.07956521739130437,8
2687,-0.16521739130434782,0.0882512310008019,-0.33217391304347826,-0.1391304347826087,-0.055652173913043466,8
2688,-0.14347826086956522,0.11755222464865892,-0.33304347826086955,-0.13043478260869565,0.01391304347826088,8
2689,-0.2152173913043478,0.09503257823649736,-0.398695652173913,-0.1826086956521739,-0.10478260869565217,8
2690,-0.1760869565217391,0.13012644715632335,-0.3791304347826087,-0.15652173913043477,-0.008695652173913044,8
2691,-0.18913043478260871,0.10323226148333708,-0.35043478260869565,-0.16521739130434782,-0.06695652173913043,8
2692,-0.1934782608695652,0.10647736431529095,-0.30130434782608695,-0.25217391304347825,-0.02913043478260869,8
2693,-0.1608695652173913,0.09515682012277951,-0.3095652173913043,-0.14782608695652175,-0.032173913043478254,8
2694,-0.1760869565217391,0.15626488586936477,-0.36478260869565216,-0.22608695652173913,0.02608695652173913,8
2695,-0.11521739130434783,0.07602481934802484,-0.21130434782608695,-0.1217391304347826,0.02521739130434784,8
2696,-0.19782608695652174,0.09621867815795969,-0.37,-0.19130434782608696,-0.08434782608695653,8
2697,-0.11739130434782608,0.1723297494139688,-0.40695652173913044,-0.11304347826086958,0.1182608695652174,8
2698,-0.1760869565217391,0.10432517870175502,-0.30434782608695654,-0.19130434782608696,-0.02913043478260869,8
2699,-0.17173913043478262,0.11599410062568782,-0.2808695652173913,-0.23478260869565218,0.03434782608695653,8
2700,-0.1826086956521739,0.07679792057676386,-0.3095652173913043,-0.19130434782608696,-0.06999999999999999,8
2701,-0.2173913043478261,0.10895620944471016,-0.3760869565217391,-0.2173913043478261,-0.058695652173913024,8
2702,-0.15434782608695652,0.09950254340300703,-0.34956521739130436,-0.10434782608695653,-0.0782608695652174,8
2703,-0.13478260869565217,0.07765465695431197,-0.24304347826086956,-0.14782608695652175,-0.0004347826086956424,8
2704,-0.23695652173913045,0.10341521645448952,-0.4252173913043478,-0.2173913043478261,-0.10478260869565217,8
2705,-0.08260869565217392,0.1653889269705238,-0.34043478260869564,-0.09565217391304348,0.2065217391304348,8
2706,-0.16956521739130437,0.1637809408855423,-0.38521739130434784,-0.13043478260869565,0.08869565217391306,8
2707,-0.09130434782608696,0.05881630112377688,-0.16217391304347825,-0.10434782608695653,-0.011739130434782606,8
2708,-0.13478260869565217,0.1152789007266335,-0.3208695652173913,-0.13043478260869565,0.005652173913043481,8
2709,-0.1673913043478261,0.10629967981215349,-0.2952173913043478,-0.1826086956521739,0.02521739130434784,8
2710,-0.14347826086956522,0.0889977803932988,-0.2717391304347826,-0.16521739130434782,0.01913043478260872,8
2711,-0.13695652173913042,0.03471460744058981,-0.19391304347826088,-0.1391304347826087,-0.08434782608695653,8
2712,-0.16086956521739132,0.09192336744289555,-0.26956521739130435,-0.17391304347826086,0.007826086956521754,8
2713,-0.21739130434782608,0.09202613255876836,-0.3217391304347826,-0.22608695652173913,-0.06999999999999999,8
2714,-0.12826086956521737,0.05989120571285178,-0.21130434782608695,-0.1391304347826087,-0.032173913043478254,8
2715,-0.12608695652173912,0.08684775806712251,-0.23478260869565218,-0.10434782608695653,-0.011739130434782606,8
2716,-0.20869565217391306,0.09914568913905548,-0.34739130434782606,-0.2173913043478261,-0.029999999999999978,8
2717,-0.14565217391304347,0.09700135442314392,-0.26652173913043475,-0.17391304347826086,0.01086956521739132,8
2718,-0.14782608695652175,0.13831281496162492,-0.30434782608695654,-0.13043478260869565,0.07434782608695654,8
2719,-0.18913043478260871,0.11566770082106981,-0.3443478260869565,-0.22608695652173913,0.01086956521739132,8
2720,-0.14347826086956522,0.08374504471416618,-0.2808695652173913,-0.13043478260869565,-0.043478260869565216,8
2721,-0.13478260869565217,0.08419529013494385,-0.28304347826086956,-0.1391304347826087,-0.01782608695652173,8
2722,-0.15434782608695652,0.12448381132365571,-0.3556521739130435,-0.11304347826086958,0.01086956521739132,8
2723,-0.12608695652173912,0.08237954487607138,-0.26869565217391306,-0.11304347826086956,-0.02913043478260869,8
2724,-0.17608695652173914,0.0777458901836855,-0.3208695652173913,-0.15652173913043477,-0.08130434782608696,8
2725,-0.1826086956521739,0.14576569229774097,-0.41695652173913045,-0.1217391304347826,-0.003478260869565205,8
2726,-0.18478260869565216,0.11583101569354105,-0.32999999999999996,-0.19130434782608696,0.01608695652173916,8
2727,-0.14130434782608697,0.0952312874513457,-0.2747826086956522,-0.14782608695652172,0.02521739130434784,8
2728,-0.2108695652173913,0.08950082108799522,-0.34739130434782606,-0.20869565217391306,-0.09869565217391305,8
2729,-0.16739130434782606,0.08131132264897845,-0.32608695652173914,-0.15652173913043477,-0.0782608695652174,8
2730,-0.12391304347826088,0.09758424211940626,-0.22869565217391305,-0.17391304347826086,0.04869565217391306,8
2731,-0.16086956521739132,0.07910176260287066,-0.2921739130434783,-0.16521739130434782,-0.049565217391304345,8
2732,-0.11521739130434783,0.0692588361829304,-0.2543478260869565,-0.08695652173913043,-0.049565217391304345,8
2733,-0.2043478260869565,0.14724951497283564,-0.39956521739130435,-0.1826086956521739,0.030434782608695688,8
2734,-0.11304347826086958,0.08430747578115355,-0.2482608695652174,-0.1217391304347826,0.02826086956521741,8
2735,-0.12608695652173915,0.07210053892076956,-0.2573913043478261,-0.11304347826086956,-0.032173913043478254,8
2736,-0.08260869565217391,0.08597269536210951,-0.19695652173913045,-0.052173913043478265,0.008695652173913044,8
2737,-0.15217391304347824,0.1315172474978624,-0.3269565217391304,-0.19130434782608696,0.08260869565217395,8
2738,-0.06521739130434782,0.12197182729656988,-0.19391304347826088,-0.10434782608695653,0.14173913043478262,8
2739,-0.15217391304347827,0.1001888575808949,-0.30130434782608695,-0.14782608695652175,-0.014782608695652167,8
2740,-0.2282608695652174,0.07219879089311136,-0.3534782608695652,-0.19130434782608696,-0.16521739130434782,8
2741,-0.1847826086956522,0.08627449927384535,-0.30130434782608695,-0.2,-0.049565217391304345,8
2742,-0.23695652173913043,0.09302214302319421,-0.3217391304347826,-0.2782608695652174,-0.06478260869565215,8
2743,-0.07608695652173914,0.09542958290281725,-0.22260869565217392,-0.06956521739130435,0.043478260869565216,8
2744,-0.18043478260869567,0.11968373572609395,-0.33304347826086955,-0.17391304347826086,0.01391304347826088,8
2745,-0.18695652173913047,0.12919702572264025,-0.3904347826086957,-0.15652173913043477,-0.02913043478260869,8
2746,-0.07391304347826086,0.0555093275426248,-0.15608695652173912,-0.08695652173913043,0.008695652173913044,8
2747,-0.058695652173913045,0.09383148632568364,-0.2082608695652174,-0.043478260869565216,0.0691304347826087,8
2748,-0.08260869565217391,0.09233374165911,-0.23391304347826086,-0.06956521739130435,0.04869565217391306,8
2749,-0.14130434782608695,0.1510986858130882,-0.38434782608695656,-0.1391304347826087,0.09173913043478263,8
2750,-0.15000000000000002,0.1334258500700622,-0.37521739130434784,-0.1826086956521739,0.008695652173913044,8
2751,-0.05,0.08061085312060504,-0.13869565217391305,-0.08695652173913043,0.10086956521739132,8
2752,-0.13478260869565217,0.0881440649248404,-0.2604347826086956,-0.1391304347826087,-0.02608695652173913,8
2753,-0.07173913043478261,0.059574737417585746,-0.17652173913043478,-0.06086956521739131,-0.008695652173913044,8
2754,-0.25217391304347825,0.09202613255876836,-0.41086956521739126,-0.22608695652173913,-0.14782608695652175,8
2755,-0.11521739130434783,0.08671161163121362,-0.2717391304347826,-0.0782608695652174,-0.02913043478260869,8
2756,-0.05652173913043479,0.09751157170437307,-0.2082608695652174,-0.052173913043478265,0.05782608695652174,8
2757,-0.04130434782608695,0.157589953908169,-0.23695652173913043,-0.09565217391304348,0.19391304347826088,8
2758,-0.13478260869565217,0.09515682012277951,-0.24608695652173912,-0.16521739130434782,0.02826086956521741,8
2759,-0.13695652173913042,0.11201454806946305,-0.31478260869565217,-0.15652173913043477,0.04260869565217393,8
2760,-0.15217391304347827,0.13237684650120285,-0.3534782608695652,-0.13043478260869565,0.005652173913043481,8
2761,-0.15434782608695652,0.11889138185978537,-0.30434782608695654,-0.16521739130434782,0.0456521739130435,8
2762,-0.12173913043478261,0.09365504012407831,-0.24,-0.14782608695652175,0.037391304347826095,8
2763,-0.15434782608695652,0.11984157784641494,-0.32391304347826083,-0.16521739130434782,0.0539130434782609,8
2764,-0.09130434782608696,0.09789852390606699,-0.21434782608695652,-0.10434782608695653,0.06608695652173915,8
2765,-0.06304347826086956,0.0826944634852619,-0.1591304347826087,-0.09565217391304348,0.09478260869565219,8
2766,-0.08478260869565218,0.142602730522115,-0.30130434782608695,-0.043478260869565216,0.09782608695652176,8
2767,-0.08478260869565217,0.12295587602068932,-0.24608695652173912,-0.10434782608695653,0.10086956521739132,8
2768,-0.10434782608695652,0.07223151185146152,-0.2,-0.06956521739130435,-0.014782608695652167,8
2769,-0.15434782608695652,0.059574737417585746,-0.24913043478260868,-0.1391304347826087,-0.08130434782608696,8
2770,-0.2,0.0968306845709569,-0.3382608695652174,-0.21739130434782608,-0.026956521739130414,8
2771,-0.1391304347826087,0.07777627747825355,-0.24304347826086956,-0.16521739130434782,-0.011739130434782606,8
2772,-0.08695652173913043,0.08203461853962263,-0.23695652173913043,-0.06956521739130435,0.016956521739130443,8
2773,-0.1282608695652174,0.10450622036279926,-0.21434782608695652,-0.17391304347826086,0.07739130434782611,8
2774,-0.21304347826086956,0.07910176260287066,-0.3382608695652174,-0.22608695652173913,-0.08739130434782608,8
2775,-0.13478260869565217,0.06315582194058239,-0.21739130434782608,-0.11304347826086956,-0.049565217391304345,8
2776,-0.08478260869565217,0.06618842325060142,-0.2082608695652174,-0.06956521739130435,-0.02608695652173913,8
2777,-0.1391304347826087,0.09284415871331575,-0.2891304347826087,-0.14782608695652175,-0.02913043478260869,8
2778,-0.13043478260869565,0.07580693814853345,-0.21434782608695652,-0.14782608695652175,0.01913043478260872,8
2779,-0.08043478260869566,0.09096728675177251,-0.17956521739130435,-0.10434782608695653,0.08347826086956524,8
2780,-0.16304347826086957,0.10876085001173033,-0.26652173913043475,-0.1826086956521739,0.05913043478260873,8
2781,-0.1108695652173913,0.09854806049254901,-0.2808695652173913,-0.08695652173913043,-0.008695652173913044,8
2782,-0.09565217391304348,0.12541047914657352,-0.28391304347826085,-0.0782608695652174,0.08043478260869567,8
2783,-0.08260869565217391,0.15885935570821835,-0.31478260869565217,-0.08695652173913043,0.18173913043478263,8
2784,-0.1826086956521739,0.10288834405390636,-0.31260869565217386,-0.19130434782608696,-0.014782608695652167,8
2785,-0.14347826086956522,0.09274230003348498,-0.2921739130434783,-0.13043478260869565,-0.014782608695652167,8
2786,-0.18043478260869567,0.11082693127418161,-0.33304347826086955,-0.16521739130434782,-0.023913043478260853,8
2787,-0.15652173913043477,0.05897678246195886,-0.22869565217391305,-0.17391304347826086,-0.044347826086956504,8
2788,-0.10869565217391303,0.09751157170437305,-0.23173913043478261,-0.10434782608695653,0.060000000000000026,8
2789,-0.15869565217391304,0.09602201228416424,-0.3034782608695652,-0.17391304347826086,-0.0004347826086956424,8
2790,-0.06521739130434782,0.12533508961217021,-0.21956521739130436,-0.12173913043478261,0.12739130434782608,8
2791,-0.2543478260869565,0.0664734123974811,-0.3391304347826087,-0.2434782608695652,-0.16826086956521738,8
2792,-0.2217391304347826,0.11883174233666477,-0.4365217391304348,-0.2,-0.050434782608695626,8
2793,-0.09347826086956522,0.13843235195593886,-0.24608695652173912,-0.14782608695652175,0.12434782608695652,8
2794,-0.15217391304347827,0.06721576014669699,-0.24608695652173912,-0.16521739130434782,-0.038260869565217376,8
2795,-0.010869565217391304,0.11318970475604186,-0.1756521739130435,-0.034782608695652174,0.1930434782608696,8
2796,-0.1391304347826087,0.0602452454806566,-0.21130434782608695,-0.15652173913043477,-0.043478260869565216,8
2797,-0.1108695652173913,0.03416572531630807,-0.14782608695652175,-0.1217391304347826,-0.049565217391304345,8
2798,-0.1847826086956522,0.072460144836952,-0.2921739130434783,-0.2,-0.08434782608695653,8
2799,-0.16956521739130437,0.12742913817176388,-0.36086956521739133,-0.19130434782608696,0.05913043478260873,8
2800,-0.18695652173913044,0.09751157170437307,-0.34956521739130436,-0.19130434782608696,-0.026956521739130414,8
2801,-0.14565217391304347,0.07298004491997617,-0.26869565217391306,-0.14782608695652175,-0.03521739130434782,8
2802,-0.08260869565217391,0.09395731645641005,-0.19391304347826088,-0.09565217391304348,0.1030434782608696,8
2803,-0.14347826086956522,0.08052286598892232,-0.2747826086956522,-0.1391304347826087,-0.032173913043478254,8
2804,-0.2152173913043478,0.08886492798247694,-0.35043478260869565,-0.21739130434782608,-0.08739130434782608,8
2805,-0.04782608695652174,0.09026321518272476,-0.17043478260869566,-0.0782608695652174,0.09260869565217392,8
2806,-0.15434782608695652,0.0998817826753056,-0.36608695652173917,-0.1217391304347826,-0.08130434782608696,8
2807,-0.15434782608695652,0.11201454806946307,-0.36391304347826087,-0.1391304347826087,-0.006521739130434769,8
2808,-0.11304347826086958,0.07530655685082076,-0.2482608695652174,-0.10434782608695653,-0.014782608695652167,8
2809,-0.1782608695652174,0.08052286598892232,-0.2952173913043478,-0.2,-0.06391304347826086,8
2810,-0.0891304347826087,0.08950082108799522,-0.17956521739130435,-0.13043478260869565,0.07739130434782611,8
2811,-0.052173913043478265,0.05499613322031964,-0.13869565217391305,-0.06086956521739131,0.037391304347826095,8
2812,-0.21956521739130436,0.09700135442314393,-0.3360869565217391,-0.25217391304347825,-0.08130434782608696,8
2813,-0.20217391304347826,0.07246014483695198,-0.3382608695652174,-0.1826086956521739,-0.10782608695652172,8
2814,-0.22391304347826085,0.08649333158294678,-0.3217391304347826,-0.22608695652173913,-0.08434782608695653,8
2815,-0.18478260869565216,0.1345545054386416,-0.3443478260869565,-0.22608695652173913,0.07347826086956526,8
2816,-0.23478260869565215,0.15061311370164152,-0.4743478260869565,-0.20869565217391303,-0.06391304347826086,8
2817,-0.20652173913043478,0.11729061704535836,-0.38521739130434784,-0.19130434782608696,-0.06391304347826086,8
2818,-0.0608695652173913,0.09525609695742018,-0.22260869565217392,-0.034782608695652174,0.054782608695652185,8
2819,-0.1760869565217391,0.13413237261654215,-0.35043478260869565,-0.14782608695652172,-0.02913043478260869,8
2820,-0.12608695652173912,0.12713210014968215,-0.37521739130434784,-0.10434782608695653,0.005652173913043481,8
2821,-0.20869565217391303,0.08475473343312143,-0.3443478260869565,-0.2,-0.07608695652173912,8
2822,-0.17391304347826086,0.04433930011819813,-0.23478260869565218,-0.17391304347826086,-0.11608695652173913,8
2823,-0.06521739130434782,0.08771409131231311,-0.21956521739130436,-0.034782608695652174,0.037391304347826095,8
2824,-0.13260869565217392,0.06871078534469177,-0.23173913043478261,-0.1217391304347826,-0.03521739130434782,8
2825,-0.1956521739130435,0.08005196799792161,-0.2921739130434783,-0.20869565217391306,-0.0360869565217391,8
2826,-0.1956521739130435,0.05685520361140009,-0.2634782608695652,-0.20869565217391306,-0.09869565217391305,8
2827,-0.1934782608695652,0.12387489878181196,-0.41695652173913045,-0.15652173913043477,-0.08130434782608696,8
2828,-0.2217391304347826,0.07716625804042979,-0.3443478260869565,-0.20869565217391306,-0.1191304347826087,8
2829,-0.0891304347826087,0.0864933315829468,-0.2482608695652174,-0.06956521739130435,0.005652173913043481,8
2830,-0.2043478260869565,0.12563637631999905,-0.3882608695652174,-0.2,-0.006521739130434769,8
2831,-0.07826086956521738,0.1204904909613132,-0.2573913043478261,-0.08695652173913043,0.09260869565217392,8
2832,-0.26956521739130435,0.11203564110195761,-0.41695652173913045,-0.2782608695652174,-0.10478260869565217,8
2833,-0.2152173913043478,0.04554853660816731,-0.2952173913043478,-0.20869565217391306,-0.15391304347826087,8
2834,-0.16086956521739132,0.12772548540494244,-0.3382608695652174,-0.16521739130434782,0.07347826086956526,8
2835,-0.1956521739130435,0.07104406364507909,-0.25217391304347825,-0.22608695652173913,-0.058695652173913024,8
2836,-0.16304347826086957,0.07502362576842346,-0.25217391304347825,-0.15652173913043477,-0.029999999999999978,8
2837,-0.21521739130434783,0.1224937790172244,-0.3360869565217391,-0.2782608695652174,-0.032173913043478254,8
2838,-0.20652173913043478,0.09835605239881408,-0.3443478260869565,-0.2173913043478261,-0.029999999999999978,8
2839,-0.15217391304347824,0.10641076739582972,-0.26652173913043475,-0.19130434782608696,0.023043478260869568,8
2840,-0.16304347826086957,0.09893095872158916,-0.34652173913043477,-0.1391304347826087,-0.06086956521739131,8
2841,-0.15,0.11318970475604186,-0.3034782608695652,-0.17391304347826086,0.04869565217391306,8
2842,-0.16304347826086957,0.09700135442314393,-0.3095652173913043,-0.16521739130434782,-0.02608695652173913,8
2843,-0.16304347826086957,0.09383148632568364,-0.32391304347826083,-0.14782608695652175,-0.04652173913043478,8
2844,-0.1978260869565217,0.1408688942549775,-0.398695652173913,-0.2434782608695652,0.03434782608695653,8
2845,-0.23043478260869565,0.1428179800491899,-0.4230434782608696,-0.2434782608695652,-0.032173913043478254,8
2846,-0.08043478260869566,0.06296847112156626,-0.17956521739130435,-0.06086956521739131,-0.008695652173913044,8
2847,-0.15652173913043477,0.07378505542816148,-0.2634782608695652,-0.1391304347826087,-0.06695652173913043,8
2848,-0.12608695652173912,0.08508863387296055,-0.2717391304347826,-0.10434782608695653,-0.02608695652173913,8
2849,-0.18695652173913044,0.09555330859059091,-0.36391304347826087,-0.1826086956521739,-0.06391304347826086,8
2850,-0.11521739130434783,0.09138195459558131,-0.25130434782608696,-0.13043478260869565,0.03434782608695653,8
2851,-0.17391304347826086,0.07117698062497783,-0.2952173913043478,-0.15652173913043477,-0.08130434782608696,8
2852,-0.17173913043478262,0.07375302371168424,-0.2921739130434783,-0.16521739130434782,-0.06999999999999999,8
2853,-0.2,0.14782608695652172,-0.41391304347826086,-0.21739130434782608,0.02826086956521741,8
2854,-0.15,0.11745167529773999,-0.2952173913043478,-0.15652173913043477,0.06826086956521742,8
2855,-0.16956521739130437,0.0998107850717304,-0.2808695652173913,-0.2,0.007826086956521754,8
2856,-0.14565217391304347,0.07087756689957003,-0.23478260869565218,-0.1391304347826087,-0.049565217391304345,8
2857,-0.11521739130434783,0.05597562256340754,-0.20521739130434782,-0.1217391304347826,-0.032173913043478254,8
2858,-0.26304347826086955,0.11696783523751832,-0.4056521739130435,-0.2782608695652174,-0.07608695652173912,8
2859,-0.2043478260869565,0.05751633284923023,-0.28391304347826085,-0.20869565217391306,-0.1191304347826087,8
2860,-0.16521739130434782,0.11371040722280018,-0.30130434782608695,-0.2,0.005652173913043481,8
2861,-0.15434782608695652,0.10286537534192157,-0.30434782608695654,-0.14782608695652175,-0.003478260869565205,8
2862,-0.15217391304347827,0.054824000925732565,-0.24608695652173912,-0.1391304347826087,-0.07304347826086956,8
2863,-0.05652173913043479,0.07314175583156836,-0.14173913043478262,-0.0782608695652174,0.08869565217391306,8
2864,-0.14782608695652175,0.08782178207271371,-0.24913043478260868,-0.15652173913043477,0.01086956521739132,8
2865,-0.20869565217391306,0.15186303649193897,-0.43130434782608695,-0.2,0.03652173913043481,8
2866,-0.09565217391304348,0.07922116155777652,-0.2,-0.09565217391304348,0.03434782608695653,8
2867,-0.07826086956521738,0.0834057656228299,-0.2082608695652174,-0.06086956521739131,0.023043478260869568,8
2868,-0.09130434782608696,0.10131461041505255,-0.23173913043478261,-0.06086956521739131,0.05173913043478262,8
2869,-0.14347826086956522,0.0906811026722357,-0.26652173913043475,-0.11304347826086956,-0.01782608695652173,8
2870,-0.06956521739130435,0.10649955403405122,-0.22260869565217392,-0.0782608695652174,0.09260869565217392,8
2871,-0.10217391304347825,0.09281870452264868,-0.25130434782608696,-0.10434782608695653,0.0539130434782609,8
2872,-0.16956521739130437,0.14308245801655944,-0.3534782608695652,-0.1565217391304348,0.04869565217391306,8
2873,-0.18043478260869567,0.07602481934802484,-0.2952173913043478,-0.1826086956521739,-0.08130434782608696,8
2874,-0.24999999999999997,0.08800992382607462,-0.3791304347826087,-0.2434782608695652,-0.1191304347826087,8
2875,-0.0891304347826087,0.09873969521022403,-0.23173913043478261,-0.0782608695652174,0.06608695652173915,8
2876,-0.16521739130434782,0.08430747578115354,-0.26652173913043475,-0.17391304347826086,-0.009565217391304332,8
2877,-0.11521739130434783,0.10806337844901363,-0.24304347826086956,-0.15652173913043477,0.08869565217391306,8
2878,-0.2217391304347826,0.09475867268566682,-0.3391304347826087,-0.2434782608695652,-0.06999999999999999,8
2879,-0.12391304347826088,0.09403273371253117,-0.26869565217391306,-0.13043478260869565,0.020000000000000004,8
2880,-0.17391304347826086,0.09284415871331575,-0.34652173913043477,-0.16521739130434782,-0.04130434782608694,8
2881,-0.041304347826086954,0.11648198543146795,-0.21347826086956523,-0.0608695652173913,0.14173913043478262,8
2882,-0.10869565217391304,0.09355406431021746,-0.21434782608695652,-0.14782608695652175,0.04043478260869565,8
2883,-0.12391304347826088,0.11031403875100239,-0.2778260869565217,-0.1391304347826087,0.008695652173913044,8
2884,-0.16956521739130434,0.08728199956471622,-0.3269565217391304,-0.15652173913043477,-0.06391304347826086,8
2885,-0.2,0.10325514858293842,-0.3730434782608696,-0.1565217391304348,-0.09869565217391305,8
2886,-0.16086956521739132,0.06721576014669699,-0.2604347826086956,-0.17391304347826086,-0.0782608695652174,8
2887,-0.10869565217391305,0.08508863387296055,-0.21434782608695652,-0.12173913043478261,0.023043478260869568,8
2888,-0.11956521739130435,0.10962644941846059,-0.25217391304347825,-0.13043478260869565,0.037391304347826095,8
2889,-0.15652173913043477,0.17084245829903044,-0.31565217391304345,-0.22608695652173913,0.15000000000000002,8
2890,-0.03913043478260869,0.05051717408096631,-0.10695652173913044,-0.06086956521739131,0.04043478260869565,8
2891,-0.11956521739130434,0.08246555103648112,-0.1826086956521739,-0.15652173913043477,0.04260869565217393,8
2892,-0.09130434782608694,0.09866787580791493,-0.25130434782608696,-0.11304347826086956,0.037391304347826095,8
2893,-0.14130434782608695,0.149336908657353,-0.34130434782608693,-0.15652173913043477,0.08347826086956524,8
2894,-0.1,0.09233374165911,-0.24608695652173912,-0.06086956521739131,0.005652173913043481,8
2895,-0.16521739130434782,0.10362065467663466,-0.2952173913043478,-0.20869565217391306,-0.02913043478260869,8
2896,-0.1391304347826087,0.13776503928482486,-0.34130434782608693,-0.1391304347826087,0.07217391304347827,8
2897,-0.11521739130434783,0.06356605007484106,-0.19695652173913045,-0.11304347826086958,-0.01782608695652173,8
2898,-0.1782608695652174,0.04497426275125479,-0.2604347826086956,-0.17391304347826086,-0.1191304347826087,8
2899,-0.10434782608695652,0.09799502321377952,-0.26869565217391306,-0.08695652173913043,0.016956521739130443,8
2900,-0.1391304347826087,0.11101865508524959,-0.3526086956521739,-0.09565217391304348,-0.01782608695652173,8
2901,-0.0934782608695652,0.07602481934802484,-0.22260869565217392,-0.08695652173913043,0.01391304347826088,8
2902,-0.11521739130434783,0.05391129029407497,-0.1826086956521739,-0.10434782608695653,-0.032173913043478254,8
2903,-0.13043478260869565,0.08385783270428657,-0.21434782608695652,-0.15652173913043477,0.03652173913043481,8
2904,-0.1673913043478261,0.03631150671410884,-0.21434782608695652,-0.17391304347826086,-0.10173913043478261,8
2905,-0.13695652173913042,0.10997078147775424,-0.2982608695652174,-0.13043478260869565,0.020000000000000004,8
2906,-0.07608695652173914,0.09777776584369138,-0.23695652173913043,-0.06086956521739131,0.06608695652173915,8
2907,-0.2673913043478261,0.05391129029407498,-0.3617391304347826,-0.26956521739130435,-0.2,8
2908,-0.17391304347826086,0.13014460475735448,-0.41,-0.16521739130434782,0.0026086956521739193,8
2909,-0.1108695652173913,0.08583516096695493,-0.2543478260869565,-0.10434782608695653,0.016956521739130443,8
2910,-0.021739130434782608,0.09515682012277951,-0.1591304347826087,-0.026086956521739132,0.13260869565217392,8
2911,-0.1934782608695652,0.10540676454261441,-0.3708695652173913,-0.15652173913043477,-0.09565217391304348,8
2912,-0.12173913043478261,0.07117698062497783,-0.21434782608695652,-0.1217391304347826,-0.0004347826086956424,8
2913,-0.08913043478260871,0.11133746110697286,-0.2778260869565217,-0.06086956521739131,0.06304347826086959,8
2914,-0.12608695652173912,0.08237954487607138,-0.28,-0.1217391304347826,-0.01782608695652173,8
2915,-0.11956521739130435,0.05893670309446069,-0.2082608695652174,-0.13043478260869565,-0.02913043478260869,8
2916,-0.16086956521739132,0.07765465695431197,-0.3034782608695652,-0.1391304347826087,-0.08130434782608696,8
2917,-0.1108695652173913,0.08800992382607462,-0.28304347826086956,-0.09565217391304348,-0.02608695652173913,8
2918,-0.15652173913043477,0.09284415871331575,-0.34043478260869564,-0.1391304347826087,-0.0782608695652174,8
2919,-0.1847826086956522,0.1400614231986488,-0.41391304347826086,-0.11304347826086956,-0.032173913043478254,8
2920,-0.22391304347826088,0.11268756680603857,-0.38217391304347825,-0.2173913043478261,-0.04130434782608694,8
2921,-0.16521739130434782,0.15285561592388647,-0.3217391304347826,-0.1826086956521739,0.11956521739130438,8
2922,-0.23695652173913045,0.07087756689957003,-0.3617391304347826,-0.2,-0.16521739130434782,8
2923,-0.15869565217391304,0.07426387327190749,-0.2747826086956522,-0.14782608695652175,-0.06391304347826086,8
2924,-0.16521739130434782,0.09525609695742018,-0.30130434782608695,-0.13043478260869565,-0.06391304347826086,8
2925,-0.17608695652173914,0.09443394186510205,-0.31869565217391305,-0.15652173913043477,-0.038260869565217376,8
2926,-0.10217391304347825,0.11065623124021229,-0.26652173913043475,-0.06086956521739131,0.05695652173913046,8
2927,-0.10652173913043479,0.11631958453627605,-0.2747826086956522,-0.10434782608695653,0.07217391304347827,8
2928,-0.13260869565217392,0.09739033384609616,-0.24,-0.15652173913043477,0.06521739130434787,8
2929,-0.034782608695652174,0.07010658911563956,-0.11,-0.052173913043478265,0.09782608695652176,8
2930,-0.14347826086956522,0.07667474821107999,-0.2634782608695652,-0.14782608695652175,-0.03521739130434782,8
2931,-0.14782608695652175,0.1318760946791574,-0.2634782608695652,-0.2,0.12260869565217394,8
2932,-0.15,0.12881237362630912,-0.3526086956521739,-0.16521739130434782,0.05695652173913046,8
2933,-0.10434782608695652,0.07064381221422575,-0.1826086956521739,-0.11304347826086956,0.016956521739130443,8
2934,-0.13043478260869565,0.05567934119506825,-0.22565217391304349,-0.1217391304347826,-0.049565217391304345,8
2935,-0.10652173913043478,0.07966731392090737,-0.22260869565217392,-0.11304347826086956,0.031304347826086966,8
2936,-0.10434782608695652,0.09565217391304347,-0.24,-0.12173913043478261,0.0456521739130435,8
2937,-0.21304347826086956,0.03864432355354604,-0.26652173913043475,-0.2173913043478261,-0.15391304347826087,8
2938,-0.05,0.10647736431529092,-0.1847826086956522,-0.0782608695652174,0.15521739130434786,8
2939,-0.14130434782608695,0.08649333158294678,-0.2634782608695652,-0.14782608695652172,-0.02608695652173913,8
2940,-0.1760869565217391,0.1071851568314874,-0.36695652173913046,-0.16521739130434782,-0.043478260869565216,8
2941,-0.17173913043478262,0.08736317955395703,-0.32391304347826083,-0.14782608695652175,-0.0782608695652174,8
2942,-0.18043478260869567,0.11873227656018587,-0.36782608695652175,-0.15652173913043477,-0.009565217391304332,8
2943,-0.14782608695652175,0.059614387829574296,-0.22565217391304349,-0.17391304347826086,-0.049565217391304345,8
2944,-0.19782608695652176,0.09342769107367085,-0.33304347826086955,-0.20869565217391306,-0.0526086956521739,8
2945,-0.15434782608695652,0.10138455492487843,-0.2747826086956522,-0.17391304347826086,0.04782608695652178,8
2946,-0.05869565217391304,0.10841267512862333,-0.16217391304347825,-0.1217391304347826,0.11304347826086956,8
2947,-0.21956521739130433,0.1392492699020069,-0.41086956521739126,-0.25217391304347825,-0.01782608695652173,8
2948,-0.2782608695652174,0.10825999650424986,-0.5,-0.2434782608695652,-0.18565217391304348,8
2949,-0.05869565217391304,0.06590220170097442,-0.18782608695652175,-0.02608695652173913,-0.008695652173913044,8
2950,-0.24130434782608695,0.09483345265733581,-0.3791304347826087,-0.25217391304347825,-0.11304347826086956,8
2951,-0.14782608695652175,0.05897678246195885,-0.22869565217391305,-0.16521739130434782,-0.06391304347826086,8
2952,-0.12608695652173912,0.08191932035398596,-0.23478260869565218,-0.10434782608695653,-0.01782608695652173,8
2953,-0.1391304347826087,0.10140785904078783,-0.3208695652173913,-0.11304347826086958,-0.043478260869565216,8
2954,-0.12608695652173912,0.08684775806712251,-0.24608695652173912,-0.12173913043478261,-0.0004347826086956424,8
2955,-0.15652173913043477,0.08782178207271372,-0.24608695652173912,-0.17391304347826086,0.024347826086956556,8
2956,-0.15434782608695652,0.13128347084247172,-0.31260869565217386,-0.2,0.04043478260869565,8
2957,-0.19130434782608696,0.13358514344119318,-0.42,-0.14782608695652175,-0.03521739130434782,8
2958,-0.15869565217391304,0.07323861099096964,-0.2808695652173913,-0.13043478260869565,-0.08130434782608696,8
2959,-0.04130434782608696,0.11014254383385566,-0.24521739130434783,0.0,0.08652173913043479,8
2960,-0.2108695652173913,0.07007287591863565,-0.3526086956521739,-0.19130434782608696,-0.14782608695652175,8
2961,-0.2108695652173913,0.072720559494251,-0.26956521739130435,-0.23478260869565215,-0.06478260869565215,8
2962,-0.10434782608695652,0.10825999650424983,-0.24608695652173912,-0.11304347826086956,0.10000000000000003,8
2963,-0.21304347826086956,0.047429183107111805,-0.2952173913043478,-0.20869565217391306,-0.1508695652173913,8
2964,-0.12608695652173912,0.05271458979557453,-0.19391304347826088,-0.1391304347826087,-0.03521739130434782,8
2965,-0.1108695652173913,0.12703913333640854,-0.2921739130434783,-0.12173913043478261,0.0782608695652174,8
2966,-0.19999999999999998,0.09838007390421533,-0.3904347826086957,-0.16521739130434782,-0.10173913043478261,8
2967,-0.2391304347826087,0.09151115295586604,-0.3739130434782609,-0.21739130434782608,-0.14782608695652175,8
2968,-0.2565217391304348,0.12503307690911655,-0.4252173913043478,-0.2956521739130435,-0.06391304347826086,8
2969,-0.2326086956521739,0.08223600138859885,-0.3360869565217391,-0.2434782608695652,-0.09869565217391305,8
2970,-0.18478260869565216,0.12822401828746635,-0.4334782608695652,-0.15652173913043477,-0.049565217391304345,8
2971,-0.047826086956521734,0.11161302306950814,-0.21434782608695652,-0.043478260869565216,0.09260869565217392,8
2972,-0.13478260869565217,0.06492688923073078,-0.24304347826086956,-0.1391304347826087,-0.04652173913043478,8
2973,-0.16521739130434782,0.08016995180254684,-0.3095652173913043,-0.13043478260869565,-0.08130434782608696,8
2974,-0.13695652173913042,0.12233935881210006,-0.3178260869565217,-0.1391304347826087,0.07130434782608698,8
2975,-0.16086956521739132,0.08005196799792161,-0.26652173913043475,-0.17391304347826086,-0.032173913043478254,8
2976,-0.2847826086956522,0.07193648742510564,-0.3739130434782609,-0.26956521739130435,-0.1743478260869565,8
2977,-0.11304347826086956,0.10398487602696867,-0.24304347826086956,-0.1217391304347826,0.06608695652173915,8
2978,-0.17391304347826086,0.05144417202695318,-0.23173913043478261,-0.19130434782608696,-0.08739130434782608,8
2979,-0.1,0.06434195037803801,-0.19086956521739132,-0.1217391304347826,0.0026086956521739193,8
2980,-0.15434782608695652,0.13157113696846967,-0.34956521739130436,-0.17391304347826086,0.054782608695652185,8
2981,-0.21521739130434783,0.07701299819094935,-0.33304347826086955,-0.2173913043478261,-0.11608695652173913,8
2982,-0.1869565217391304,0.07262301342821767,-0.32391304347826083,-0.16521739130434782,-0.10173913043478261,8
2983,-0.14347826086956522,0.10990630138925685,-0.3178260869565217,-0.14782608695652175,-0.011739130434782606,8
2984,-0.15,0.09969234337215739,-0.25217391304347825,-0.17391304347826086,-0.008695652173913044,8
2985,-0.1,0.128904061568466,-0.3034782608695652,-0.11304347826086956,0.09782608695652176,8
2986,-0.14347826086956522,0.0761800672518923,-0.2747826086956522,-0.13043478260869565,-0.03521739130434782,8
2987,-0.29565217391304344,0.09202613255876838,-0.44565217391304346,-0.30434782608695654,-0.17130434782608694,8
2988,-0.1391304347826087,0.1192287756591486,-0.2808695652173913,-0.14782608695652175,0.060000000000000026,8
2989,-0.16086956521739132,0.0800519679979216,-0.24913043478260868,-0.1826086956521739,-0.012608695652173893,8
2990,-0.15,0.03066681734709975,-0.19695652173913045,-0.14782608695652175,-0.10173913043478261,8
2991,-0.13695652173913045,0.08107850521291964,-0.24304347826086956,-0.14782608695652175,0.007826086956521754,8
2992,-0.08260869565217391,0.12351193662036339,-0.30565217391304345,-0.06956521739130435,0.09173913043478263,8
2993,-0.1760869565217391,0.08907739673281685,-0.26956521739130435,-0.19130434782608696,-0.020869565217391292,8
2994,-0.14130434782608697,0.05426079988847254,-0.21739130434782608,-0.1217391304347826,-0.06695652173913043,8
2995,-0.2173913043478261,0.12235867199539381,-0.40478260869565214,-0.22608695652173913,-0.049565217391304345,8
2996,-0.08478260869565218,0.058291685555617055,-0.17652173913043478,-0.0782608695652174,0.01086956521739132,8
2997,-0.25217391304347825,0.09760845356801585,-0.41086956521739126,-0.24347826086956523,-0.12217391304347824,8
2998,-0.07826086956521738,0.1318760946791574,-0.3117391304347826,-0.06956521739130435,0.12347826086956525,8
2999,-0.10652173913043478,0.08736317955395703,-0.21739130434782608,-0.1217391304347826,0.03434782608695653,8
3000,-0.10869565217391304,0.13180440340194885,-0.2921739130434783,-0.10434782608695652,0.08043478260869567,8
3001,-0.1108695652173913,0.126143165881774,-0.3065217391304348,-0.11304347826086956,0.0691304347826087,8
3002,-0.13043478260869562,0.12985377846146154,-0.31565217391304345,-0.13043478260869565,0.04043478260869565,8
3003,-0.1826086956521739,0.10649955403405123,-0.31565217391304345,-0.19130434782608696,0.01608695652173916,8
3004,-0.15869565217391304,0.06675718492514819,-0.2943478260869565,-0.14782608695652175,-0.09565217391304348,8
3005,-0.13478260869565217,0.12948932705943852,-0.28695652173913044,-0.1391304347826087,0.08869565217391306,8
3006,-0.010869565217391304,0.0779886570202265,-0.15,-0.008695652173913044,0.08956521739130435,8
3007,-0.15434782608695652,0.07577576112144946,-0.2891304347826087,-0.15652173913043477,-0.0526086956521739,8
3008,-0.2282608695652174,0.11825367625181868,-0.3565217391304348,-0.25217391304347825,-0.049565217391304345,8
3009,-0.14565217391304347,0.10007086336072961,-0.2952173913043478,-0.13043478260869565,-0.011739130434782606,8
3010,-0.2043478260869565,0.09314906645925455,-0.3360869565217391,-0.2173913043478261,-0.06695652173913043,8
3011,-0.17826086956521742,0.12772548540494244,-0.3526086956521739,-0.20869565217391306,0.05913043478260873,8
3012,-0.16304347826086957,0.11968373572609395,-0.4152173913043478,-0.13043478260869565,-0.0526086956521739,8
3013,-0.10652173913043479,0.07823067050194166,-0.23391304347826086,-0.1217391304347826,0.016956521739130443,8
