unit_index,sample_mean,sample_std,q025,q500,q975,num_finite_samples
0,-0.675,0.07120003121097941,-0.7833333333333333,-0.6666666666666666,-0.5416666666666667,16
1,-0.13125,0.1437198035917265,-0.42083333333333334,-0.13333333333333333,0.09375,16
2,-0.8791666666666667,0.043501277120460605,-0.95,-0.875,-0.8,16
3,-0.30104166666666665,0.13339435452613596,-0.5375000000000001,-0.3,-0.07291666666666666,16
4,0.07916666666666666,0.10680004681646912,-0.10833333333333334,0.075,0.23333333333333334,16
5,-0.35833333333333334,0.08700255424092125,-0.51875,-0.35,-0.23333333333333334,16
6,0.28541666666666665,0.09822646028438568,0.13958333333333334,0.275,0.47708333333333336,16
7,-0.6635416666666667,0.09395232796772816,-0.7770833333333333,-0.6833333333333333,-0.5,16
8,0.33958333333333335,0.10783136912172946,0.15833333333333333,0.35,0.5333333333333333,16
9,0.35624999999999996,0.08516222264987375,0.21250000000000002,0.36666666666666664,0.5041666666666667,16
10,-0.4083333333333333,0.14766704288891125,-0.7104166666666667,-0.36666666666666664,-0.24583333333333335,16
11,-0.40729166666666666,0.13590856173463753,-0.6083333333333333,-0.42500000000000004,-0.17916666666666667,16
12,-0.21458333333333335,0.15908538500510416,-0.45,-0.23333333333333334,0.11458333333333333,16
13,-0.3375,0.09921567416492216,-0.47708333333333336,-0.32499999999999996,-0.18333333333333332,16
14,-0.746875,0.06015568632492047,-0.84375,-0.7416666666666667,-0.65625,16
15,-0.5739583333333333,0.05891635725991363,-0.6770833333333334,-0.5583333333333333,-0.5,16
16,-0.55625,0.07990337046152127,-0.7020833333333333,-0.5416666666666667,-0.4354166666666667,16
17,0.190625,0.14251812141112286,-0.07291666666666667,0.225,0.375,16
18,-0.16354166666666667,0.11353210968953037,-0.38333333333333336,-0.16666666666666666,0.02916666666666666,16
19,0.029166666666666667,0.12699792211773475,-0.15416666666666667,0.01666666666666667,0.2375,16
20,0.125,0.08312473893025,-0.004166666666666666,0.125,0.275,16
21,-0.459375,0.13831434985206706,-0.7104166666666667,-0.3916666666666667,-0.28541666666666665,16
22,-0.5645833333333333,0.11649913566679844,-0.7416666666666667,-0.575,-0.3625,16
23,-0.05416666666666667,0.16950704672339995,-0.3541666666666667,-0.058333333333333334,0.21666666666666667,16
24,-0.051041666666666666,0.09990772652525151,-0.21666666666666667,-0.06666666666666667,0.09375,16
25,-0.4125,0.08829008375173789,-0.5520833333333334,-0.43333333333333335,-0.23958333333333334,16
26,-0.7677083333333333,0.07487692447907061,-0.88125,-0.775,-0.6083333333333334,16
27,-0.7041666666666666,0.09307628293203615,-0.8333333333333334,-0.7,-0.5395833333333333,16
28,-0.4989583333333334,0.1286236907394763,-0.6916666666666667,-0.5083333333333333,-0.23333333333333334,16
29,0.5072916666666667,0.07727313344738763,0.37916666666666665,0.5416666666666667,0.6104166666666667,16
30,-0.5864583333333333,0.08441357143058613,-0.7166666666666667,-0.5833333333333334,-0.44583333333333336,16
31,-0.5052083333333334,0.09802188495716432,-0.6375000000000001,-0.5083333333333333,-0.29375,16
32,-0.55,0.08838834764831843,-0.6333333333333333,-0.575,-0.34375,16
33,-0.5104166666666667,0.11439378261076955,-0.65,-0.5333333333333333,-0.25625,16
34,0.09270833333333334,0.10016804456900302,-0.07708333333333334,0.10833333333333334,0.2375,16
35,0.29375,0.08972856444732513,0.2,0.275,0.4708333333333333,16
36,-0.24479166666666669,0.1182509616474875,-0.4854166666666667,-0.22499999999999998,-0.08125,16
37,0.6291666666666667,0.07511565157216643,0.46875,0.6333333333333333,0.7166666666666667,16
38,-0.18958333333333333,0.1280021429942136,-0.42291666666666666,-0.19166666666666665,0.03125,16
39,-0.6968749999999999,0.07388494010960557,-0.8291666666666667,-0.7083333333333333,-0.5583333333333333,16
40,-0.2729166666666667,0.10686098836026801,-0.44375000000000003,-0.3,-0.10625000000000001,16
41,-0.8479166666666667,0.06176652950155663,-0.93125,-0.8583333333333334,-0.7145833333333333,16
42,-0.7427083333333333,0.07883015101046893,-0.8416666666666667,-0.7666666666666667,-0.5645833333333333,16
43,0.3625,0.09956502621123768,0.18958333333333333,0.38333333333333336,0.5145833333333333,16
44,0.4666666666666667,0.10606601717798213,0.29583333333333334,0.48333333333333334,0.6354166666666666,16
45,-0.3510416666666667,0.12956507776017426,-0.5479166666666667,-0.375,-0.1,16
46,-0.359375,0.09964672842653248,-0.5041666666666667,-0.3583333333333333,-0.14791666666666667,16
47,-0.7166666666666667,0.087994633674762,-0.8333333333333334,-0.7083333333333333,-0.5666666666666667,16
48,-0.7635416666666667,0.06775639319978924,-0.88125,-0.75,-0.6416666666666667,16
49,-0.4572916666666667,0.10573301511879397,-0.6166666666666667,-0.45,-0.3125,16
50,-0.1875,0.11479147761629925,-0.32708333333333334,-0.19166666666666665,0.020833333333333332,16
51,-0.3416666666666667,0.13424169744655842,-0.5270833333333333,-0.3583333333333333,-0.07708333333333334,16
52,-0.19895833333333335,0.12125912766330899,-0.41041666666666665,-0.21666666666666667,-0.008333333333333335,16
53,-0.3979166666666667,0.08777239347058707,-0.5,-0.43333333333333335,-0.23541666666666666,16
54,-0.784375,0.06600419546850371,-0.8875000000000001,-0.8166666666666667,-0.66875,16
55,-0.7281249999999999,0.06554227590308072,-0.8375,-0.725,-0.6145833333333334,16
56,-0.8010416666666667,0.07131423761151144,-0.9104166666666667,-0.7916666666666667,-0.6791666666666666,16
57,-0.175,0.10992421631894099,-0.3854166666666667,-0.16666666666666666,-0.0020833333333333363,16
58,0.11145833333333333,0.12158084158972854,-0.06458333333333333,0.08333333333333333,0.33541666666666664,16
59,-0.8833333333333333,0.03584302194601093,-0.94375,-0.8833333333333333,-0.8125,16
60,-0.5729166666666667,0.07725206757391315,-0.7395833333333333,-0.5666666666666667,-0.47291666666666665,16
61,-0.19166666666666665,0.06123724356957945,-0.3104166666666667,-0.18333333333333332,-0.08125,16
62,-0.6916666666666667,0.07144345083117604,-0.8145833333333333,-0.6833333333333333,-0.5791666666666666,16
63,-0.20208333333333334,0.10702332949201102,-0.3770833333333333,-0.175,-0.008333333333333335,16
64,-0.1875,0.15028907330726193,-0.3979166666666667,-0.2,0.05,16
65,-0.30833333333333335,0.07660323462854265,-0.4375,-0.29166666666666663,-0.16666666666666666,16
66,-0.571875,0.10552756847541465,-0.7270833333333333,-0.5583333333333333,-0.4166666666666667,16
67,-0.20416666666666666,0.13572081229085275,-0.4375,-0.19166666666666665,0.008333333333333331,16
68,-0.7697916666666667,0.06852076682372368,-0.84375,-0.7833333333333333,-0.63125,16
69,-0.378125,0.10098795823430304,-0.5604166666666667,-0.3583333333333333,-0.25,16
70,-0.928125,0.034720486067706155,-0.9833333333333333,-0.9333333333333333,-0.8624999999999999,16
71,-0.6708333333333334,0.07716774657271722,-0.7770833333333333,-0.6666666666666667,-0.5229166666666667,16
72,-0.6625000000000001,0.08569568250501304,-0.7854166666666667,-0.6833333333333333,-0.49583333333333335,16
73,0.26666666666666666,0.13616778865306828,0.008333333333333335,0.26666666666666666,0.475,16
74,-0.22083333333333333,0.13900689431343566,-0.3770833333333333,-0.2583333333333333,0.06666666666666667,16
75,0.29270833333333335,0.16147849336504366,-0.03125,0.3416666666666667,0.47708333333333336,16
76,-0.5614583333333334,0.09008459565874734,-0.725,-0.575,-0.42291666666666666,16
77,0.10625000000000001,0.13704153364744737,-0.10625,0.06666666666666667,0.3458333333333333,16
78,-0.3989583333333333,0.11094116777974412,-0.58125,-0.4083333333333333,-0.25,16
79,0.753125,0.06158179689107274,0.6395833333333333,0.75,0.8541666666666667,16
80,-0.19375,0.11515011337862899,-0.32708333333333334,-0.225,0.07916666666666666,16
81,-0.026041666666666664,0.10457731556391929,-0.19166666666666668,-0.03333333333333333,0.12708333333333333,16
82,-0.19791666666666666,0.14847313168830692,-0.4395833333333333,-0.2,0.07916666666666666,16
83,0.4854166666666666,0.12773059213307777,0.23958333333333331,0.48333333333333334,0.6645833333333333,16
84,-0.40625,0.10152910775842672,-0.5979166666666667,-0.3916666666666667,-0.26875,16
85,-0.7354166666666666,0.07043392293490404,-0.8958333333333334,-0.7416666666666667,-0.6395833333333333,16
86,0.37395833333333334,0.1076853618314847,0.19583333333333333,0.375,0.56875,16
87,0.41770833333333335,0.08363876319227428,0.3,0.4083333333333333,0.5645833333333333,16
88,-0.80625,0.07770023416238131,-0.9270833333333334,-0.8083333333333333,-0.6833333333333333,16
89,0.14375,0.08246948088703952,-0.018750000000000003,0.16666666666666666,0.25416666666666665,16
90,-0.13645833333333332,0.10038446060300148,-0.34791666666666665,-0.125,0.0,16
91,-0.6833333333333333,0.10424996669330669,-0.85,-0.6583333333333333,-0.5,16
92,0.3614583333333333,0.11572818218903198,0.175,0.36666666666666664,0.5437500000000001,16
93,-0.7927083333333333,0.07045702738785774,-0.8666666666666667,-0.8083333333333333,-0.65625,16
94,0.5291666666666667,0.11599509089229211,0.37916666666666665,0.4916666666666667,0.7604166666666666,16
95,0.028125000000000004,0.13355694140411506,-0.25,0.03333333333333333,0.1875,16
96,-0.6291666666666667,0.08829008375173787,-0.8208333333333333,-0.6166666666666667,-0.50625,16
97,-0.7125000000000001,0.09619496983845996,-0.8270833333333334,-0.7416666666666667,-0.51875,16
98,0.365625,0.13261116275076962,0.1375,0.38333333333333336,0.5979166666666667,16
99,-0.8864583333333333,0.0486693599425986,-0.94375,-0.9,-0.7854166666666667,16
100,-0.278125,0.08734485253229803,-0.4166666666666667,-0.2833333333333333,-0.14166666666666666,16
101,-0.8322916666666667,0.04544102939830673,-0.9208333333333334,-0.8166666666666667,-0.7666666666666667,16
102,-0.4135416666666667,0.11876370534945992,-0.5437500000000001,-0.45,-0.21666666666666667,16
103,-0.49062500000000003,0.07382617299741634,-0.6354166666666666,-0.4916666666666667,-0.36875,16
104,0.18020833333333333,0.10328270769268849,0.00625,0.19166666666666665,0.36875,16
105,0.0,0.140929454377398,-0.29166666666666663,0.03333333333333333,0.22916666666666666,16
106,-0.5270833333333333,0.07968579791210532,-0.6375000000000001,-0.5666666666666667,-0.4,16
107,-0.4864583333333334,0.10055725808104445,-0.6208333333333333,-0.525,-0.28125,16
108,-0.7635416666666666,0.056586570231421135,-0.8333333333333334,-0.75,-0.6625,16
109,-0.53125,0.08816709987291177,-0.6708333333333334,-0.5583333333333333,-0.4166666666666667,16
110,0.3302083333333333,0.11011653391596862,0.10833333333333334,0.35,0.4979166666666667,16
111,-0.66875,0.08796996804465589,-0.8104166666666667,-0.6583333333333333,-0.5354166666666667,16
112,0.134375,0.09672928108615532,-0.06666666666666667,0.16666666666666666,0.2604166666666667,16
113,-0.22708333333333333,0.10669840022751564,-0.43333333333333335,-0.225,-0.05,16
114,-0.5260416666666667,0.0905171772372515,-0.6666666666666666,-0.55,-0.32916666666666666,16
115,-0.05729166666666666,0.12190170647561366,-0.26666666666666666,-0.075,0.16875,16
116,-0.23124999999999996,0.12302255326203855,-0.4625,-0.2,-0.04166666666666667,16
117,-0.35624999999999996,0.12512146875914,-0.5145833333333333,-0.38333333333333336,-0.10416666666666666,16
118,-0.7489583333333333,0.05252934034634571,-0.8375,-0.75,-0.6666666666666666,16
119,-0.7395833333333333,0.04925662673973705,-0.8375,-0.7333333333333333,-0.6729166666666666,16
120,-0.09687499999999999,0.14909667235835056,-0.35625,-0.08333333333333333,0.16666666666666666,16
121,-0.5979166666666667,0.10767024632852125,-0.7583333333333333,-0.6166666666666667,-0.37916666666666665,16
122,-0.27083333333333337,0.11982336537123671,-0.475,-0.2583333333333333,-0.08333333333333333,16
123,-0.5145833333333334,0.08288944276699067,-0.6520833333333333,-0.525,-0.3645833333333333,16
124,-0.3614583333333333,0.1331663994052387,-0.5375000000000001,-0.3833333333333333,-0.11041666666666666,16
125,0.03854166666666667,0.11160426583593379,-0.18125,0.03333333333333333,0.1875,16
126,-0.6239583333333334,0.059210297879676306,-0.7479166666666667,-0.6166666666666667,-0.5395833333333333,16
127,-0.6208333333333333,0.10499669306961795,-0.7770833333333333,-0.625,-0.47291666666666665,16
128,-0.030208333333333334,0.11444594035564953,-0.2375,-0.016666666666666666,0.12083333333333333,16
129,-0.81875,0.07589169000036243,-0.8833333333333333,-0.8416666666666667,-0.65625,16
130,-0.7395833333333333,0.06843361544023685,-0.86875,-0.7333333333333333,-0.6291666666666667,16
131,-0.246875,0.13179038886513017,-0.4375,-0.26666666666666666,-0.016666666666666666,16
132,0.40104166666666663,0.07716071566326137,0.26875,0.3916666666666667,0.5416666666666666,16
133,-0.7895833333333333,0.071655764674666,-0.89375,-0.8,-0.6458333333333333,16
134,0.08333333333333333,0.12583057392117916,-0.09375,0.075,0.3416666666666667,16
135,-0.9020833333333333,0.040343576522993925,-0.9666666666666667,-0.9,-0.8395833333333333,16
136,-0.9208333333333334,0.018162078931419467,-0.95,-0.9166666666666666,-0.8895833333333333,16
137,-0.871875,0.05455589322988958,-0.9541666666666667,-0.8833333333333333,-0.7833333333333333,16
138,-0.28125,0.10288798520721455,-0.48333333333333334,-0.26666666666666666,-0.15625,16
139,-0.221875,0.13865909810074173,-0.39375000000000004,-0.225,0.04375,16
140,-0.5229166666666667,0.10339295994731297,-0.7104166666666667,-0.5166666666666667,-0.35624999999999996,16
141,-0.66875,0.09183223683555912,-0.7916666666666666,-0.7,-0.4854166666666667,16
142,-0.903125,0.03496960485748857,-0.9604166666666667,-0.9083333333333333,-0.8395833333333333,16
143,-0.6583333333333333,0.09354143466934851,-0.8041666666666667,-0.6499999999999999,-0.48750000000000004,16
144,-0.6552083333333333,0.06915129096167812,-0.7604166666666667,-0.6666666666666666,-0.5354166666666667,16
145,-0.34479166666666666,0.0976670132957444,-0.4708333333333333,-0.36666666666666664,-0.18958333333333333,16
146,-0.6635416666666667,0.06487668591258341,-0.7645833333333333,-0.6666666666666666,-0.5458333333333333,16
147,-0.019791666666666666,0.09668440031302303,-0.18333333333333332,0.008333333333333333,0.1,16
148,0.3614583333333333,0.0895045680864018,0.21875,0.3416666666666667,0.5104166666666667,16
149,0.34375,0.09644280832585589,0.18958333333333333,0.35,0.5145833333333333,16
150,-0.6968749999999999,0.06877367016768361,-0.81875,-0.7083333333333333,-0.6,16
151,-0.18125,0.13305635293196472,-0.42916666666666664,-0.19166666666666665,0.0,16
152,-0.8229166666666666,0.053318682883623875,-0.9041666666666667,-0.8333333333333334,-0.7124999999999999,16
153,-0.3458333333333333,0.126312553260201,-0.5895833333333333,-0.32499999999999996,-0.15625,16
154,-0.48750000000000004,0.10744830798523022,-0.6375000000000001,-0.5166666666666666,-0.26666666666666666,16
155,-0.22916666666666666,0.09528830521691062,-0.4479166666666667,-0.2,-0.12291666666666667,16
156,-0.15833333333333333,0.11071108546322017,-0.31666666666666665,-0.14166666666666666,0.04791666666666666,16
157,-0.8364583333333333,0.06269933490255077,-0.9166666666666666,-0.8416666666666667,-0.7,16
158,-0.259375,0.08538490263051321,-0.36041666666666666,-0.275,-0.1125,16
159,-0.5197916666666667,0.1064285672672312,-0.7354166666666667,-0.5166666666666667,-0.35833333333333334,16
160,-0.7604166666666667,0.07497105923102744,-0.8875000000000001,-0.7583333333333333,-0.63125,16
161,-0.890625,0.029444362552297026,-0.9333333333333333,-0.8916666666666666,-0.8395833333333333,16
162,-0.036458333333333336,0.11684788752666624,-0.2520833333333333,-0.03333333333333334,0.1375,16
163,-0.70625,0.07380412326632647,-0.8166666666666667,-0.7166666666666667,-0.5791666666666666,16
164,-0.3145833333333333,0.10101481602000548,-0.48333333333333334,-0.3333333333333333,-0.15208333333333332,16
165,-0.5874999999999999,0.0898494110535326,-0.7541666666666667,-0.5833333333333334,-0.40625,16
166,-0.3729166666666667,0.13042066021574616,-0.61875,-0.3583333333333333,-0.17083333333333334,16
167,-0.834375,0.05119025989710674,-0.9208333333333334,-0.8166666666666667,-0.7395833333333333,16
168,-0.43645833333333334,0.0814833721108519,-0.5666666666666667,-0.45,-0.29166666666666663,16
169,-0.001041666666666663,0.1352041601821318,-0.21041666666666667,0.0,0.21041666666666667,16
170,0.4708333333333333,0.06548430685625714,0.3729166666666667,0.475,0.5708333333333334,16
171,-0.79375,0.07213870705491994,-0.9208333333333334,-0.8,-0.6895833333333333,16
172,-0.2958333333333333,0.09991315673568166,-0.45416666666666666,-0.32499999999999996,-0.12291666666666667,16
173,0.25104166666666666,0.12039702117715925,0.05416666666666667,0.26666666666666666,0.4,16
174,-0.44583333333333336,0.0952883052169106,-0.6020833333333333,-0.45,-0.29583333333333334,16
175,-0.4854166666666667,0.11408984641744223,-0.6520833333333333,-0.5083333333333333,-0.2520833333333333,16
176,-0.6,0.09391189724653871,-0.7479166666666667,-0.6,-0.4083333333333333,16
177,-0.5822916666666667,0.11599041357658255,-0.74375,-0.5416666666666667,-0.40625,16
178,0.15416666666666667,0.11938790651578668,-0.08750000000000001,0.16666666666666666,0.3416666666666667,16
179,-0.8145833333333334,0.06843361544023684,-0.9333333333333333,-0.8333333333333334,-0.7166666666666667,16
180,-0.28125,0.1390537216330437,-0.5333333333333333,-0.3,-0.025,16
181,-0.6677083333333333,0.05964849292591837,-0.7604166666666667,-0.6666666666666666,-0.55625,16
182,-0.4416666666666667,0.11606990230986766,-0.59375,-0.42500000000000004,-0.23541666666666666,16
183,-0.9239583333333333,0.03533999052851536,-0.9666666666666667,-0.925,-0.8520833333333333,16
184,0.26875,0.10305658505026363,0.14166666666666666,0.23333333333333334,0.5,16
185,-0.5135416666666667,0.13996759917725404,-0.7625,-0.5333333333333334,-0.25,16
186,-0.5843750000000001,0.07510842856608481,-0.7375,-0.575,-0.47500000000000003,16
187,0.0625,0.14319033564532985,-0.10833333333333334,0.025,0.3625,16
188,0.3479166666666667,0.09480883544152297,0.15833333333333333,0.375,0.4854166666666667,16
189,-0.5604166666666668,0.10879309490955758,-0.7041666666666667,-0.5583333333333333,-0.31875,16
190,0.04375,0.12160315122927073,-0.1,0.03333333333333333,0.2875,16
191,-0.478125,0.10370208900445975,-0.6375000000000001,-0.48333333333333334,-0.29791666666666666,16
192,0.20104166666666667,0.13660933121496496,-0.04791666666666666,0.23333333333333334,0.42291666666666666,16
193,-0.8708333333333333,0.03930825471690251,-0.9333333333333333,-0.8666666666666667,-0.80625,16
194,-0.08229166666666665,0.1352041601821318,-0.32499999999999996,-0.09166666666666667,0.14791666666666667,16
195,0.5458333333333334,0.12083333333333333,0.3104166666666667,0.575,0.725,16
196,-0.6520833333333333,0.08856004711180117,-0.8062499999999999,-0.6583333333333333,-0.4979166666666667,16
197,-0.5135416666666667,0.11168201853426937,-0.70625,-0.5333333333333334,-0.3104166666666667,16
198,-0.6916666666666667,0.08186201126828543,-0.8145833333333333,-0.7,-0.5395833333333333,16
199,-0.8552083333333333,0.05884264267707751,-0.9270833333333334,-0.8666666666666667,-0.7124999999999999,16
200,0.396875,0.0882347622192574,0.21666666666666667,0.4083333333333333,0.5166666666666667,16
201,-0.5635416666666666,0.1010738780271364,-0.7604166666666667,-0.575,-0.38541666666666663,16
202,-0.5375000000000001,0.09619496983845997,-0.6916666666666667,-0.55,-0.3625,16
203,-0.621875,0.10908692220986996,-0.7541666666666667,-0.6583333333333333,-0.39583333333333337,16
204,-0.6072916666666667,0.07070300510272215,-0.7208333333333333,-0.6083333333333334,-0.45833333333333337,16
205,-0.21979166666666664,0.13746448404951733,-0.3770833333333333,-0.23333333333333334,0.041666666666666664,16
206,-0.7802083333333334,0.07341348602644857,-0.89375,-0.7833333333333333,-0.6729166666666666,16
207,0.38020833333333337,0.17019379782895863,0.07916666666666666,0.39166666666666666,0.6104166666666667,16
208,-0.6052083333333333,0.11144859770564883,-0.74375,-0.6166666666666667,-0.39791666666666664,16
209,0.671875,0.08573998767267879,0.55625,0.675,0.8145833333333333,16
210,-0.7135416666666666,0.07732928105403111,-0.8479166666666667,-0.6916666666666667,-0.5916666666666667,16
211,0.12291666666666666,0.11738987155817339,-0.05833333333333333,0.125,0.3625,16
212,0.15,0.137310475444034,-0.027083333333333334,0.15,0.3958333333333333,16
213,-0.8177083333333333,0.07058012340202052,-0.9166666666666666,-0.8166666666666667,-0.6958333333333333,16
214,-0.6135416666666667,0.07665279539368847,-0.7375,-0.6083333333333334,-0.4625,16
215,-0.21875,0.09997829625584856,-0.37083333333333335,-0.23333333333333334,-0.020833333333333332,16
216,-0.690625,0.08078794902913018,-0.8145833333333333,-0.6916666666666667,-0.5458333333333333,16
217,-0.23958333333333331,0.10288798520721455,-0.38333333333333336,-0.21666666666666667,-0.06666666666666667,16
218,-0.7947916666666666,0.06633216864555404,-0.9104166666666667,-0.7833333333333333,-0.6833333333333333,16
219,-0.29375,0.1015291077584267,-0.48333333333333334,-0.2833333333333333,-0.16249999999999998,16
220,-0.578125,0.09161338413560421,-0.7375,-0.5833333333333333,-0.40208333333333335,16
221,-0.8322916666666667,0.061369993006897654,-0.9208333333333334,-0.8416666666666667,-0.7291666666666666,16
222,-0.13958333333333334,0.0975169144872371,-0.27708333333333335,-0.15833333333333333,0.0,16
223,0.096875,0.10626531752332619,-0.08958333333333333,0.06666666666666667,0.2708333333333333,16
224,0.08854166666666667,0.09855179651950653,-0.07083333333333333,0.09166666666666667,0.26875,16
225,-0.7,0.06236095644623236,-0.8145833333333333,-0.7,-0.5895833333333333,16
226,-0.7666666666666666,0.07523112535528245,-0.8875000000000001,-0.775,-0.625,16
227,-0.2791666666666667,0.1340475661845451,-0.4854166666666667,-0.30833333333333335,-0.035416666666666666,16
228,-0.9489583333333333,0.029737713382542084,-1.0,-0.95,-0.8958333333333333,16
229,-0.33125,0.1221728909282979,-0.5770833333333333,-0.3416666666666667,-0.11875,16
230,-0.675,0.04750730937913075,-0.74375,-0.6666666666666666,-0.6,16
231,0.37812500000000004,0.08513036367503928,0.25625,0.3583333333333333,0.5166666666666667,16
232,-0.6270833333333333,0.0920210951056574,-0.7937500000000001,-0.6166666666666667,-0.50625,16
233,-0.4375,0.12311072252245131,-0.6270833333333333,-0.43333333333333335,-0.23541666666666666,16
234,0.3760416666666667,0.13552479657284536,0.18333333333333332,0.3583333333333333,0.6270833333333333,16
235,-0.15208333333333335,0.14042037581649056,-0.36041666666666666,-0.11666666666666667,0.05416666666666667,16
236,-0.2802083333333334,0.13517205471176355,-0.5333333333333333,-0.23333333333333334,-0.10625000000000001,16
237,-0.4135416666666667,0.12572273699383985,-0.6145833333333334,-0.4,-0.225,16
238,-0.8854166666666667,0.057092456691852984,-0.9708333333333333,-0.8833333333333333,-0.7895833333333333,16
239,-0.08020833333333333,0.1147489333646868,-0.3125,-0.075,0.1,16
240,-0.6666666666666667,0.0905231707600018,-0.7875000000000001,-0.6666666666666666,-0.4854166666666667,16
241,-0.00208333333333334,0.13930320148670108,-0.19375,-0.05,0.28125,16
242,-0.8270833333333333,0.057697426767192625,-0.9041666666666667,-0.8333333333333334,-0.7229166666666667,16
243,-0.5791666666666667,0.09232716585900139,-0.7208333333333333,-0.575,-0.40208333333333335,16
244,-0.2614583333333333,0.14526302174370156,-0.5041666666666667,-0.25,0.02916666666666666,16
245,-0.9166666666666666,0.03535533905932736,-0.9770833333333333,-0.9083333333333333,-0.8666666666666667,16
246,-0.8302083333333332,0.06775639319978922,-0.9270833333333334,-0.8333333333333334,-0.7083333333333334,16
247,-0.721875,0.08094896154367888,-0.8333333333333334,-0.7333333333333333,-0.60625,16
248,-0.3520833333333333,0.06505206248331666,-0.45416666666666666,-0.36666666666666664,-0.22291666666666668,16
249,-0.7145833333333333,0.06120179508986825,-0.8041666666666667,-0.725,-0.5979166666666667,16
250,-0.4125,0.13116730198914328,-0.6499999999999999,-0.42500000000000004,-0.20625000000000002,16
251,-0.5395833333333333,0.0809824655232367,-0.6895833333333333,-0.5416666666666667,-0.39583333333333337,16
252,0.275,0.09033118078616166,0.10208333333333333,0.26666666666666666,0.39375000000000004,16
253,-0.5385416666666667,0.11751458981524142,-0.7,-0.5666666666666667,-0.33541666666666664,16
254,0.10520833333333333,0.12716442085172863,-0.11666666666666665,0.10833333333333334,0.3,16
255,0.16979166666666667,0.08543571941979407,0.035416666666666666,0.15833333333333333,0.33749999999999997,16
256,0.45625000000000004,0.1342255305653718,0.27291666666666664,0.42500000000000004,0.6875,16
257,0.5177083333333334,0.12254091578598009,0.2791666666666667,0.525,0.7104166666666667,16
258,-0.6375,0.08829008375173787,-0.7604166666666667,-0.6333333333333333,-0.4541666666666667,16
259,-0.30833333333333335,0.10833333333333332,-0.5041666666666667,-0.3333333333333333,-0.13541666666666666,16
260,-0.043750000000000004,0.12553704079319025,-0.21458333333333332,-0.06666666666666667,0.20833333333333331,16
261,-0.8041666666666667,0.04947642536265799,-0.8666666666666667,-0.8083333333333333,-0.7229166666666667,16
262,-0.5427083333333333,0.11681073693753023,-0.7479166666666667,-0.5333333333333333,-0.34375,16
263,-0.34375,0.12961950191918567,-0.55625,-0.35,-0.09583333333333333,16
264,-0.8770833333333333,0.051999933226452855,-0.94375,-0.8916666666666666,-0.775,16
265,0.47500000000000003,0.08207381501496755,0.33541666666666664,0.475,0.6333333333333333,16
266,-0.7052083333333333,0.07631230378080152,-0.8479166666666667,-0.6833333333333333,-0.60625,16
267,-0.5125000000000001,0.0789470638395684,-0.6708333333333334,-0.5083333333333333,-0.4,16
268,0.2583333333333333,0.08057949835755714,0.08958333333333333,0.25,0.36041666666666666,16
269,-0.6875,0.08887803753208975,-0.8479166666666667,-0.6833333333333333,-0.55625,16
270,-0.9552083333333332,0.028697869404074813,-1.0,-0.95,-0.90625,16
271,-0.9010416666666667,0.033576586377679574,-0.95,-0.9,-0.8395833333333333,16
272,-0.6635416666666667,0.08684651811289462,-0.7875000000000001,-0.675,-0.49583333333333335,16
273,-0.16562500000000002,0.15969466851707284,-0.4041666666666667,-0.15833333333333333,0.15416666666666667,16
274,-0.6385416666666667,0.0686473349608142,-0.7604166666666667,-0.6333333333333333,-0.5458333333333333,16
275,-0.8333333333333333,0.06561673228343176,-0.9333333333333333,-0.85,-0.7333333333333333,16
276,-0.43333333333333335,0.11102427162061858,-0.5708333333333334,-0.42500000000000004,-0.22291666666666668,16
277,-0.9208333333333334,0.042695628191498324,-0.9666666666666667,-0.925,-0.8270833333333334,16
278,-0.19270833333333331,0.1003412147375145,-0.3875,-0.16666666666666666,-0.05208333333333333,16
279,-0.6187499999999999,0.07858890047441672,-0.7270833333333333,-0.6083333333333334,-0.48125,16
280,-0.47500000000000003,0.09428090415820635,-0.6041666666666667,-0.5,-0.30833333333333335,16
281,-0.22499999999999998,0.0924211375534118,-0.36041666666666666,-0.225,-0.03958333333333333,16
282,-0.4479166666666667,0.09535660409454841,-0.6083333333333333,-0.42500000000000004,-0.3333333333333333,16
283,-0.7947916666666667,0.05518867574562336,-0.8770833333333333,-0.7916666666666667,-0.7124999999999999,16
284,-0.796875,0.06352458786870553,-0.8979166666666667,-0.8083333333333333,-0.6833333333333333,16
285,0.2489583333333333,0.12225723535734898,0.018750000000000003,0.25,0.4395833333333333,16
286,-0.7864583333333333,0.058989979728199055,-0.8770833333333333,-0.7916666666666667,-0.6854166666666667,16
287,-0.03229166666666667,0.1146354048349229,-0.22708333333333333,-0.05,0.16041666666666665,16
288,0.049999999999999996,0.09860132971832694,-0.09166666666666667,0.03333333333333333,0.22916666666666666,16
289,-0.809375,0.05302277746926838,-0.89375,-0.8,-0.7229166666666667,16
290,-0.3604166666666667,0.12881336089258927,-0.5520833333333334,-0.4,-0.11666666666666667,16
291,-0.91875,0.04597515935565397,-0.9770833333333333,-0.925,-0.8291666666666666,16
292,-0.175,0.10622957319984967,-0.33749999999999997,-0.15,0.016666666666666663,16
293,-0.09895833333333333,0.09690859632492191,-0.28541666666666665,-0.075,0.05625000000000001,16
294,-0.18645833333333334,0.1197826083531699,-0.35416666666666663,-0.2,0.027083333333333334,16
295,-0.11145833333333334,0.13978142038951782,-0.2875,-0.125,0.16666666666666666,16
296,-0.70625,0.07213870705491995,-0.8041666666666667,-0.725,-0.5583333333333333,16
297,0.046875,0.14070985094433786,-0.22291666666666665,0.04166666666666667,0.26458333333333334,16
298,0.24166666666666667,0.1288302069478359,0.01666666666666667,0.275,0.45,16
299,0.24479166666666666,0.10150238605569822,0.13958333333333334,0.2,0.4375,16
300,-0.20625,0.12840839255195813,-0.4,-0.20833333333333334,0.002083333333333333,16
301,-0.6697916666666667,0.09432117670491605,-0.8458333333333333,-0.6583333333333333,-0.55,16
302,-0.109375,0.1075240202492241,-0.3145833333333333,-0.08333333333333334,0.0375,16
303,-0.22708333333333336,0.11378509837017813,-0.43125,-0.21666666666666667,-0.01666666666666667,16
304,-0.38645833333333335,0.12122332896811204,-0.59375,-0.4,-0.21875,16
305,-0.018750000000000003,0.12045558771228136,-0.22291666666666665,-0.016666666666666666,0.22916666666666666,16
306,-0.04895833333333333,0.13648218621042738,-0.21041666666666667,-0.08333333333333333,0.26666666666666666,16
307,-0.46458333333333335,0.12031137264984093,-0.6583333333333333,-0.4666666666666667,-0.2791666666666667,16
308,-0.42812500000000003,0.08222571196610787,-0.5791666666666667,-0.44166666666666665,-0.30624999999999997,16
309,-0.3604166666666667,0.09928127131203214,-0.5041666666666667,-0.3666666666666667,-0.17916666666666667,16
310,0.11979166666666666,0.1223636925884835,-0.08750000000000001,0.13333333333333333,0.3,16
311,0.27604166666666663,0.12787916795640414,0.05625,0.2583333333333333,0.44375000000000003,16
312,-0.25625,0.07968579791210531,-0.34375,-0.26666666666666666,-0.07291666666666666,16
313,0.375,0.10391636594449939,0.21666666666666667,0.35,0.53125,16
314,-0.7,0.07216878364870323,-0.8041666666666667,-0.7083333333333333,-0.5729166666666666,16
315,-0.7604166666666667,0.06034478482483432,-0.8583333333333333,-0.75,-0.6625,16
316,-0.9166666666666667,0.04039733214513606,-0.9770833333333333,-0.925,-0.8395833333333333,16
317,-0.9291666666666667,0.045452967144315466,-0.99375,-0.9333333333333333,-0.8395833333333333,16
318,-0.41666666666666663,0.10441636738451389,-0.6083333333333333,-0.4166666666666667,-0.24583333333333335,16
319,0.675,0.09824855102126331,0.5041666666666667,0.6583333333333333,0.8625,16
320,0.3614583333333333,0.08654614015078894,0.18125,0.3583333333333333,0.4666666666666667,16
321,-0.6322916666666667,0.059063510426395134,-0.73125,-0.6333333333333333,-0.5291666666666667,16
322,-0.8885416666666666,0.02682165247829943,-0.9333333333333333,-0.8833333333333333,-0.8458333333333333,16
323,-0.7916666666666667,0.0868027777333319,-0.9104166666666667,-0.8,-0.65,16
324,0.13958333333333334,0.14765234599483268,-0.14166666666666666,0.15,0.37083333333333335,16
325,-0.45625000000000004,0.11738987155817339,-0.66875,-0.4666666666666667,-0.25625,16
326,0.34479166666666666,0.12129491579296399,0.11041666666666666,0.3416666666666667,0.525,16
327,-0.6385416666666667,0.07493486755176124,-0.7645833333333333,-0.6416666666666666,-0.5083333333333333,16
328,-0.16041666666666665,0.10847346705787345,-0.38125,-0.15,-0.0125,16
329,0.1,0.10639287779003087,-0.07083333333333333,0.08333333333333333,0.28541666666666665,16
330,0.5458333333333334,0.11141451630934116,0.32499999999999996,0.575,0.6979166666666666,16
331,-0.8479166666666667,0.05098849271050173,-0.9104166666666667,-0.85,-0.7354166666666667,16
332,0.015625,0.05906351042639515,-0.06666666666666667,0.016666666666666666,0.125,16
333,-0.9125,0.04695594862326934,-0.975,-0.925,-0.8041666666666667,16
334,-0.14687499999999998,0.11058850622163831,-0.3458333333333333,-0.14166666666666666,0.03125,16
335,0.01041666666666667,0.16286017775994227,-0.23125,0.008333333333333333,0.29375,16
336,-0.41250000000000003,0.12211959074794038,-0.575,-0.44166666666666665,-0.225,16
337,-0.44583333333333336,0.10316182002616624,-0.59375,-0.43333333333333335,-0.2791666666666667,16
338,-0.3416666666666667,0.13768926368215256,-0.55625,-0.35,-0.06666666666666667,16
339,-0.28020833333333334,0.10192909266031733,-0.46458333333333335,-0.3,-0.13958333333333334,16
340,-0.6729166666666666,0.08204736944798008,-0.8229166666666667,-0.6833333333333333,-0.5125,16
341,-0.8552083333333333,0.06087291805702909,-0.9333333333333333,-0.875,-0.725,16
342,-0.25520833333333337,0.11129271183834696,-0.4354166666666667,-0.25,-0.05,16
343,0.16875,0.12595124166826535,0.0020833333333333363,0.15833333333333333,0.375,16
344,-0.12291666666666666,0.08536583853561616,-0.25,-0.125,0.027083333333333334,16
345,-0.40520833333333334,0.09623444138318328,-0.5583333333333333,-0.4,-0.27291666666666664,16
346,-0.4364583333333333,0.12818426813467487,-0.5875,-0.48333333333333334,-0.20625000000000002,16
347,-0.246875,0.143398574057299,-0.5416666666666667,-0.23333333333333334,-0.03958333333333333,16
348,-0.6885416666666666,0.10167328359614546,-0.8708333333333333,-0.6583333333333333,-0.55625,16
349,0.45625000000000004,0.07747647492411272,0.31666666666666665,0.475,0.5604166666666667,16
350,0.06875,0.15622221975264736,-0.24166666666666664,0.058333333333333334,0.33333333333333337,16
351,-0.37604166666666666,0.11395185843884544,-0.5770833333333334,-0.3833333333333333,-0.19583333333333333,16
352,-0.7468750000000001,0.06514373797397738,-0.8541666666666667,-0.7333333333333333,-0.6416666666666667,16
353,-0.23020833333333335,0.08062661497090565,-0.35,-0.24166666666666667,-0.0625,16
354,-0.43229166666666663,0.12168789055749686,-0.6416666666666666,-0.45833333333333337,-0.20416666666666666,16
355,-0.17395833333333333,0.14080235729363497,-0.42500000000000004,-0.125,0.05833333333333332,16
356,-0.2427083333333333,0.10474319621234487,-0.3875,-0.26666666666666666,-0.04583333333333334,16
357,-0.7958333333333334,0.06387379048648288,-0.9104166666666667,-0.8,-0.7062499999999999,16
358,-0.8833333333333333,0.06152009608430584,-0.9604166666666667,-0.8916666666666666,-0.7645833333333333,16
359,-0.6604166666666667,0.06148481068072379,-0.78125,-0.65,-0.5583333333333333,16
360,0.42291666666666666,0.108313299429633,0.2375,0.4083333333333333,0.6270833333333333,16
361,-0.1625,0.10952866190079097,-0.3145833333333333,-0.14166666666666666,0.05625000000000001,16
362,-0.8354166666666667,0.03813126087025651,-0.8833333333333333,-0.8416666666666667,-0.7625,16
363,-0.5572916666666667,0.07311728354348086,-0.7125,-0.55,-0.4666666666666667,16
364,-0.475,0.08897565210026093,-0.6104166666666667,-0.45,-0.36666666666666664,16
365,0.2572916666666667,0.1076853618314847,0.1,0.24166666666666667,0.4375,16
366,-0.07604166666666667,0.11440800980846286,-0.3145833333333333,-0.05,0.06041666666666667,16
367,-0.778125,0.060011211336808666,-0.8666666666666667,-0.7833333333333333,-0.6583333333333333,16
368,-0.5583333333333333,0.09109671295448102,-0.6541666666666667,-0.6,-0.37916666666666665,16
369,-0.3927083333333333,0.1297659150483413,-0.6708333333333333,-0.3583333333333333,-0.225,16
370,0.5208333333333334,0.08426561840065284,0.37916666666666665,0.5166666666666667,0.6895833333333333,16
371,-0.5822916666666667,0.07347258322742646,-0.7270833333333333,-0.5833333333333334,-0.4541666666666667,16
372,-0.7364583333333333,0.1149001302460339,-0.9208333333333334,-0.7666666666666666,-0.5458333333333333,16
373,-0.7416666666666667,0.08186201126828542,-0.8666666666666667,-0.75,-0.5875,16
374,0.06562499999999999,0.10332472242347854,-0.11041666666666666,0.07500000000000001,0.18333333333333332,16
375,0.19791666666666666,0.14042037581649056,-0.07499999999999998,0.2,0.40208333333333335,16
376,0.13020833333333334,0.11876370534945992,-0.06041666666666667,0.125,0.3208333333333333,16
377,0.246875,0.13019999973331628,0.035416666666666666,0.23333333333333334,0.45416666666666666,16
378,-0.6052083333333333,0.08911578571661077,-0.74375,-0.6333333333333333,-0.4395833333333333,16
379,-0.11354166666666665,0.07799989983967928,-0.2520833333333333,-0.10833333333333334,0.004166666666666666,16
380,-0.6447916666666667,0.07943348676373488,-0.7604166666666667,-0.6333333333333333,-0.5125,16
381,-0.5447916666666666,0.11572818218903198,-0.7041666666666667,-0.575,-0.3375,16
382,0.28125,0.12316359378214543,0.13958333333333334,0.21666666666666667,0.49375,16
383,0.10520833333333333,0.10064354556497344,-0.10625,0.125,0.24791666666666667,16
384,0.0031249999999999976,0.1096425299553052,-0.17083333333333334,0.008333333333333333,0.14375,16
385,-0.7479166666666668,0.07612010794352131,-0.8479166666666667,-0.775,-0.5895833333333333,16
386,0.3302083333333333,0.1265485674772953,0.08333333333333333,0.38333333333333336,0.5333333333333333,16
387,-0.40208333333333335,0.12330447297464742,-0.6229166666666667,-0.3916666666666667,-0.21666666666666667,16
388,-0.6520833333333333,0.09314620377545067,-0.8,-0.6333333333333333,-0.5125,16
389,-0.203125,0.10544527773789693,-0.4,-0.19166666666666665,-0.05625,16
390,-0.6083333333333334,0.09718253158075502,-0.76875,-0.625,-0.4791666666666667,16
391,-0.75625,0.04672429477501211,-0.8333333333333334,-0.75,-0.6729166666666666,16
392,-0.9177083333333333,0.034595253969615866,-0.9666666666666667,-0.925,-0.85,16
393,-0.07083333333333333,0.10316182002616622,-0.2375,-0.075,0.09166666666666667,16
394,0.19374999999999998,0.10847346705787345,-0.027083333333333334,0.225,0.3208333333333333,16
395,-0.7729166666666667,0.05098849271050175,-0.8541666666666667,-0.775,-0.6895833333333333,16
396,-0.6510416666666667,0.06626670386903717,-0.75,-0.65,-0.5395833333333333,16
397,-0.8760416666666666,0.0489361651939431,-0.9333333333333333,-0.8916666666666666,-0.76875,16
398,-0.8604166666666666,0.04443901876604487,-0.9270833333333334,-0.85,-0.7854166666666667,16
399,0.030208333333333337,0.11043140624890688,-0.15416666666666667,0.03333333333333333,0.18125,16
400,-0.2833333333333333,0.10524442450262574,-0.44583333333333336,-0.29166666666666663,-0.06666666666666667,16
401,0.47187500000000004,0.11766223286027963,0.2625,0.48333333333333334,0.7166666666666667,16
402,-0.7145833333333333,0.06505206248331664,-0.8145833333333333,-0.7333333333333333,-0.5958333333333333,16
403,0.5,0.11273124382057237,0.31875,0.5166666666666667,0.64375,16
404,0.29166666666666663,0.09842509842514764,0.10833333333333334,0.31666666666666665,0.44166666666666665,16
405,-0.21770833333333334,0.1162893825166817,-0.4104166666666667,-0.2,-0.008333333333333335,16
406,0.18854166666666666,0.13740132191463403,-0.02916666666666666,0.13333333333333333,0.41458333333333336,16
407,-0.9083333333333333,0.03486083443891981,-0.9604166666666667,-0.9,-0.8354166666666667,16
408,-0.42083333333333334,0.11110243021644486,-0.5958333333333333,-0.42500000000000004,-0.20625000000000002,16
409,0.14270833333333333,0.11872715423515286,-0.08125,0.13333333333333333,0.3333333333333333,16
410,-0.28541666666666665,0.08914622039722779,-0.38333333333333336,-0.31666666666666665,-0.08541666666666667,16
411,-0.5739583333333333,0.08353491244517001,-0.7125,-0.5833333333333334,-0.4166666666666667,16
412,-0.56875,0.0918322368355591,-0.7083333333333333,-0.5833333333333334,-0.4166666666666667,16
413,-0.33229166666666665,0.07441175562369162,-0.45208333333333334,-0.35,-0.18541666666666667,16
414,-0.8322916666666667,0.0508499801977455,-0.9166666666666666,-0.8333333333333334,-0.7354166666666667,16
415,-0.33854166666666663,0.09532815217564129,-0.47708333333333336,-0.3416666666666667,-0.14166666666666666,16
416,0.056249999999999994,0.12259845816503748,-0.14375,0.09166666666666667,0.21458333333333332,16
417,0.084375,0.07179947723037791,-0.06458333333333333,0.1,0.17708333333333331,16
418,-0.7208333333333333,0.05994789404140901,-0.8104166666666667,-0.7083333333333333,-0.6166666666666667,16
419,-0.78125,0.06689414315834301,-0.88125,-0.7916666666666667,-0.6479166666666667,16
420,-0.7989583333333334,0.060515364784490884,-0.89375,-0.8,-0.6958333333333333,16
421,-0.38645833333333335,0.07317661995701451,-0.5,-0.38333333333333336,-0.2895833333333333,16
422,0.2864583333333333,0.13909663282728627,0.08541666666666667,0.3,0.49375,16
423,-0.7822916666666667,0.05906351042639515,-0.84375,-0.8,-0.6354166666666666,16
424,-0.8052083333333333,0.05972121284676734,-0.8979166666666667,-0.8083333333333333,-0.6895833333333333,16
425,-0.6083333333333334,0.08838834764831843,-0.7333333333333333,-0.6083333333333334,-0.4666666666666667,16
426,-0.5250000000000001,0.08740073734751264,-0.64375,-0.5416666666666667,-0.35,16
427,-0.6447916666666667,0.0713750729713579,-0.75,-0.6583333333333333,-0.5125,16
428,-0.7322916666666667,0.07008644216251815,-0.8541666666666667,-0.7333333333333333,-0.6333333333333333,16
429,-0.8145833333333333,0.07702700644723395,-0.9166666666666666,-0.825,-0.6833333333333333,16
430,-0.575,0.07288689868556626,-0.7125,-0.575,-0.47291666666666665,16
431,-0.15520833333333334,0.11810405458041368,-0.40208333333333335,-0.14166666666666666,0.008333333333333331,16
432,-0.6322916666666667,0.08887193306163149,-0.7770833333333333,-0.6416666666666666,-0.50625,16
433,0.38958333333333334,0.09945598551900009,0.2,0.4,0.56875,16
434,-0.3072916666666667,0.13215215741081693,-0.5604166666666667,-0.275,-0.10833333333333334,16
435,-0.9125,0.04061164310337067,-0.9833333333333333,-0.9166666666666666,-0.85,16
436,-0.3364583333333333,0.0842076529743256,-0.45,-0.3583333333333333,-0.21666666666666667,16
437,-0.42083333333333334,0.1282223546119093,-0.6958333333333333,-0.42500000000000004,-0.21666666666666667,16
438,-0.36562500000000003,0.09003640274602515,-0.5041666666666667,-0.3916666666666667,-0.21250000000000002,16
439,0.24479166666666669,0.09441316373319514,0.11666666666666667,0.24166666666666667,0.42708333333333337,16
440,-0.36875,0.09145335028186653,-0.5416666666666666,-0.35,-0.23958333333333334,16
441,-0.3625,0.07694243880258078,-0.49375,-0.3583333333333333,-0.23958333333333334,16
442,-0.005208333333333334,0.12879230022490562,-0.2520833333333333,0.025,0.15416666666666667,16
443,-0.7885416666666667,0.05161245475765624,-0.8604166666666667,-0.7833333333333333,-0.6708333333333333,16
444,-0.2583333333333333,0.13756311682682648,-0.4375,-0.2833333333333333,0.02291666666666667,16
445,0.196875,0.13909663282728624,-0.008333333333333331,0.19166666666666665,0.42916666666666664,16
446,-0.759375,0.08518133231524382,-0.9020833333333333,-0.7666666666666667,-0.6291666666666667,16
447,-0.8927083333333333,0.0474958879799083,-0.95,-0.8916666666666666,-0.7979166666666667,16
448,-0.8447916666666666,0.04920152366091476,-0.94375,-0.8333333333333334,-0.7729166666666667,16
449,-0.6052083333333333,0.08051887934239742,-0.73125,-0.625,-0.4395833333333333,16
450,0.5291666666666667,0.06757197808427856,0.4,0.525,0.64375,16
451,-0.6177083333333333,0.1126493992561779,-0.8041666666666667,-0.6000000000000001,-0.42083333333333334,16
452,0.51875,0.05947542676508416,0.41250000000000003,0.5083333333333333,0.6270833333333333,16
453,0.2864583333333333,0.0972216021805625,0.06666666666666667,0.31666666666666665,0.4041666666666667,16
454,-0.4104166666666667,0.13461299982625088,-0.6208333333333333,-0.3916666666666667,-0.22291666666666668,16
455,-0.825,0.0485912657903775,-0.89375,-0.8416666666666667,-0.7354166666666667,16
456,-0.28020833333333334,0.12885968224519775,-0.45833333333333337,-0.30833333333333335,-0.008333333333333335,16
457,-0.140625,0.11945605160011312,-0.35000000000000003,-0.13333333333333333,0.03125,16
458,-0.8927083333333334,0.05334920011375781,-0.9666666666666667,-0.9,-0.7791666666666667,16
459,0.3,0.09537935951882998,0.11875,0.30833333333333335,0.43333333333333335,16
460,-0.7895833333333333,0.05098849271050174,-0.8770833333333333,-0.7833333333333333,-0.7062499999999999,16
461,-0.571875,0.0964146769457615,-0.7166666666666667,-0.5583333333333333,-0.39375,16
462,0.07916666666666666,0.10366546087187274,-0.12708333333333333,0.1,0.2375,16
463,-0.25416666666666665,0.12169234888758527,-0.45208333333333334,-0.275,-0.035416666666666666,16
464,0.128125,0.0964146769457615,-0.04791666666666666,0.15,0.26458333333333334,16
465,-0.571875,0.09748909305090947,-0.7083333333333333,-0.575,-0.38541666666666663,16
466,-0.32395833333333335,0.12075698018702227,-0.5041666666666667,-0.30833333333333335,-0.10208333333333333,16
467,-0.5583333333333333,0.09372684899334993,-0.7041666666666667,-0.5333333333333333,-0.4,16
468,-0.5208333333333333,0.07716774657271723,-0.6375000000000001,-0.5333333333333333,-0.38541666666666663,16
469,-0.7208333333333333,0.06023680122833734,-0.8270833333333334,-0.7333333333333333,-0.6124999999999999,16
470,-0.7958333333333334,0.05448623679425844,-0.9,-0.8,-0.7124999999999999,16
471,0.06354166666666668,0.11368492491433409,-0.13541666666666666,0.058333333333333334,0.25,16
472,-0.8135416666666666,0.06101535269003114,-0.9,-0.8166666666666667,-0.7,16
473,-0.7614583333333333,0.07470282560102917,-0.8875000000000001,-0.7666666666666667,-0.6104166666666666,16
474,-0.596875,0.09113839255342514,-0.7333333333333333,-0.6083333333333334,-0.45625,16
475,-0.7510416666666666,0.05050740801000275,-0.84375,-0.75,-0.6729166666666666,16
476,-0.8427083333333334,0.04524959714369473,-0.9145833333333333,-0.85,-0.7479166666666667,16
477,-0.19479166666666667,0.08931038845571725,-0.36875,-0.175,-0.06875,16
478,-0.434375,0.07299846602269576,-0.56875,-0.45,-0.3125,16
479,0.042708333333333334,0.09964672842653244,-0.05416666666666667,0.008333333333333333,0.27291666666666664,16
480,-0.5666666666666667,0.11426091000668405,-0.7270833333333333,-0.575,-0.38958333333333334,16
481,-0.17291666666666666,0.06893913378239291,-0.29375,-0.175,-0.07291666666666666,16
482,0.540625,0.09627953190522316,0.39583333333333337,0.5416666666666667,0.7458333333333333,16
483,-0.7614583333333333,0.08533405557962581,-0.9104166666666667,-0.7416666666666667,-0.6458333333333333,16
484,0.09375,0.10372824403753834,-0.043750000000000004,0.1,0.29166666666666663,16
485,-0.74375,0.0942578835488635,-0.9,-0.7333333333333334,-0.5875,16
486,-0.459375,0.05620175400090089,-0.5583333333333333,-0.4666666666666667,-0.3729166666666667,16
487,0.18854166666666666,0.10940475785662462,-0.002083333333333333,0.16666666666666666,0.34375,16
488,-0.8760416666666666,0.049640635656016056,-0.9541666666666667,-0.8833333333333333,-0.7833333333333333,16
489,-0.5302083333333334,0.06487668591258341,-0.6270833333333333,-0.5333333333333333,-0.41250000000000003,16
490,-0.7843749999999999,0.05604708771797752,-0.8833333333333333,-0.7666666666666667,-0.6916666666666667,16
491,-0.309375,0.13552479657284536,-0.48125,-0.3416666666666667,-0.04583333333333334,16
492,-0.4895833333333333,0.10620914247109071,-0.68125,-0.48333333333333334,-0.3145833333333333,16
493,-0.30416666666666664,0.10383279828647594,-0.525,-0.29166666666666663,-0.12916666666666665,16
494,-0.8208333333333333,0.06808389432653414,-0.9104166666666667,-0.825,-0.7062499999999999,16
495,-0.5979166666666667,0.10653556396287996,-0.73125,-0.6333333333333333,-0.38958333333333334,16
496,-0.3458333333333333,0.0911919526176637,-0.5083333333333333,-0.3583333333333333,-0.20208333333333334,16
497,-0.01875,0.13512789723484603,-0.26875,0.008333333333333333,0.20208333333333334,16
498,-0.190625,0.09806615362147693,-0.40625,-0.18333333333333335,-0.04583333333333334,16
499,-0.6541666666666667,0.07083333333333332,-0.7541666666666667,-0.6583333333333333,-0.5208333333333334,16
500,-0.5583333333333333,0.10120798167909266,-0.75,-0.5583333333333333,-0.41250000000000003,16
501,-0.31145833333333334,0.10972167281859639,-0.5166666666666667,-0.2833333333333333,-0.15625,16
502,-0.9114583333333334,0.031578138315050235,-0.95,-0.9166666666666666,-0.85,16
503,-0.24166666666666667,0.06744339190099435,-0.34375,-0.24166666666666667,-0.12916666666666665,16
504,-0.8375,0.05120085719768544,-0.9041666666666667,-0.8333333333333334,-0.725,16
505,-0.85,0.036799003609699364,-0.9,-0.8583333333333334,-0.7895833333333333,16
506,0.7375,0.07534642216677136,0.6166666666666667,0.75,0.8645833333333334,16
507,0.43854166666666666,0.10319862691539178,0.19791666666666666,0.4666666666666667,0.5375000000000001,16
508,-0.002083333333333333,0.11021995055342748,-0.15,0.008333333333333333,0.16458333333333333,16
509,0.2583333333333333,0.08333333333333334,0.10208333333333333,0.2833333333333333,0.38333333333333336,16
510,0.5729166666666666,0.08875586835058663,0.45625,0.5666666666666667,0.7541666666666667,16
511,-0.6708333333333334,0.07156485015549027,-0.7979166666666667,-0.675,-0.5458333333333333,16
512,-0.7822916666666666,0.05993884325339918,-0.89375,-0.775,-0.7,16
513,-0.7947916666666667,0.05359271237252734,-0.8666666666666667,-0.7833333333333333,-0.7020833333333333,16
514,-0.45729166666666665,0.08579059413284576,-0.6166666666666667,-0.45,-0.35,16
515,-0.5375,0.10499669306961792,-0.7208333333333333,-0.55,-0.31875,16
516,-0.05416666666666667,0.09868932735272509,-0.24375,-0.058333333333333334,0.09375,16
517,-0.5583333333333333,0.11226827987756233,-0.7604166666666667,-0.5583333333333333,-0.34791666666666665,16
518,-0.7354166666666666,0.07165576467466599,-0.88125,-0.7333333333333333,-0.6020833333333333,16
519,-0.9041666666666667,0.051874581658286366,-0.9604166666666667,-0.9083333333333333,-0.7854166666666667,16
520,-0.03333333333333334,0.12665570127975553,-0.2708333333333333,-0.04166666666666667,0.15,16
521,-0.5625,0.07534642216677134,-0.6770833333333334,-0.55,-0.45208333333333334,16
522,-0.26875,0.11332643974132622,-0.45,-0.2833333333333333,-0.029166666666666667,16
523,-0.6427083333333333,0.08838220935547807,-0.7666666666666667,-0.6583333333333333,-0.4791666666666667,16
524,0.12812500000000002,0.10716011352436855,-0.05208333333333333,0.1,0.33125,16
525,-0.7458333333333333,0.05511981898051232,-0.84375,-0.7333333333333333,-0.6666666666666666,16
526,-0.5104166666666667,0.09997829625584856,-0.63125,-0.55,-0.3,16
527,-0.3614583333333334,0.10047089649080806,-0.5104166666666667,-0.35833333333333334,-0.18541666666666667,16
528,0.30208333333333337,0.1421407508617974,0.13333333333333333,0.2833333333333333,0.5604166666666667,16
529,0.4770833333333333,0.11424191559045996,0.2604166666666667,0.4666666666666667,0.6645833333333333,16
530,-0.6072916666666667,0.08035700507042862,-0.7479166666666667,-0.6,-0.48333333333333334,16
531,-0.14375,0.16360468531052388,-0.39375000000000004,-0.125,0.125,16
532,-0.6499999999999999,0.09166666666666665,-0.7833333333333333,-0.6583333333333333,-0.50625,16
533,-0.309375,0.09260293634353312,-0.4604166666666667,-0.32499999999999996,-0.15833333333333333,16
534,-0.8291666666666666,0.06705615391429617,-0.9166666666666666,-0.8166666666666667,-0.68125,16
535,-0.4,0.08936504412303008,-0.5437500000000001,-0.3916666666666667,-0.2625,16
536,-0.6895833333333333,0.08309862781324638,-0.8354166666666667,-0.6833333333333333,-0.5520833333333334,16
537,-0.5041666666666667,0.08426561840065286,-0.6583333333333333,-0.4916666666666667,-0.37916666666666665,16
538,-0.43229166666666663,0.08301370996206993,-0.5708333333333334,-0.43333333333333335,-0.2708333333333333,16
539,-0.21979166666666666,0.155033458530373,-0.5104166666666666,-0.20833333333333331,0.016666666666666666,16
540,-0.6937500000000001,0.06919050793923173,-0.7937500000000001,-0.7083333333333333,-0.5895833333333333,16
541,-0.6239583333333334,0.09947234924283677,-0.7166666666666667,-0.6416666666666666,-0.375,16
542,-0.5020833333333333,0.10911178645977916,-0.6645833333333333,-0.5,-0.26666666666666666,16
543,-0.5229166666666667,0.12813770262234817,-0.8,-0.5083333333333333,-0.3375,16
544,0.16041666666666665,0.1125578554936675,-0.041666666666666664,0.2,0.3104166666666667,16
545,0.29583333333333334,0.13533651474093095,0.05,0.30833333333333335,0.5104166666666667,16
546,-0.18854166666666666,0.11330250040145724,-0.35416666666666663,-0.18333333333333332,-0.014583333333333334,16
547,-0.746875,0.06620117435598187,-0.85,-0.75,-0.65,16
548,-0.3125,0.10809268142560707,-0.5020833333333333,-0.3,-0.15,16
549,-0.026041666666666664,0.10784646204210874,-0.23333333333333334,-0.016666666666666666,0.13125,16
550,0.36458333333333337,0.08816709987291178,0.23541666666666666,0.3333333333333333,0.5416666666666666,16
551,0.6927083333333333,0.06769230579533311,0.5958333333333333,0.6833333333333333,0.7937500000000001,16
552,0.0010416666666666716,0.11613999424784249,-0.19375,0.03333333333333333,0.15,16
553,0.225,0.12527746981977425,-0.027083333333333334,0.23333333333333334,0.38333333333333336,16
554,-0.8614583333333334,0.053915684560864714,-0.9604166666666667,-0.8583333333333334,-0.76875,16
555,-0.9197916666666668,0.045726675140933266,-0.9770833333333333,-0.9333333333333333,-0.8208333333333333,16
556,-0.43125,0.09107288747664331,-0.5979166666666667,-0.42500000000000004,-0.30624999999999997,16
557,-0.6791666666666667,0.062777163222164,-0.7708333333333334,-0.6833333333333333,-0.55625,16
558,-0.8239583333333333,0.06639756887701369,-0.9166666666666666,-0.8333333333333333,-0.7166666666666667,16
559,0.040624999999999994,0.1400605957652298,-0.2625,0.058333333333333334,0.23333333333333334,16
560,-0.8875,0.04468252206151501,-0.9708333333333333,-0.8833333333333333,-0.8333333333333334,16
561,-0.42708333333333337,0.08162307510066556,-0.5854166666666667,-0.44166666666666665,-0.29583333333333334,16
562,-0.3447916666666666,0.08614400693348062,-0.4604166666666667,-0.3583333333333333,-0.18541666666666667,16
563,-0.8104166666666667,0.06689414315834301,-0.9,-0.8,-0.6770833333333333,16
564,0.471875,0.06554227590308072,0.36875,0.4666666666666667,0.5979166666666667,16
565,0.05208333333333334,0.11147293518059788,-0.13125,0.05,0.24583333333333332,16
566,0.253125,0.10868832063136621,0.11666666666666667,0.25,0.44583333333333336,16
567,-0.5020833333333333,0.09769478406411129,-0.725,-0.4916666666666667,-0.4,16
568,-0.7239583333333334,0.06534331078150916,-0.8416666666666667,-0.7333333333333333,-0.6333333333333333,16
569,-0.07916666666666666,0.10077822185373186,-0.21458333333333332,-0.11666666666666667,0.125,16
570,-0.44270833333333337,0.07992373752174285,-0.5541666666666667,-0.43333333333333335,-0.29791666666666666,16
571,-0.775,0.060667582410670995,-0.8604166666666667,-0.7916666666666667,-0.6729166666666666,16
572,-0.790625,0.04524959714369473,-0.8604166666666667,-0.7916666666666667,-0.7166666666666667,16
573,-0.8729166666666667,0.05918280296392412,-0.9666666666666667,-0.8833333333333333,-0.7625,16
574,0.37395833333333334,0.11784652654806778,0.14375,0.375,0.58125,16
575,-0.9427083333333333,0.03951474320498053,-0.99375,-0.95,-0.85625,16
576,-0.778125,0.06228260803698645,-0.9020833333333333,-0.7833333333333333,-0.675,16
577,-0.109375,0.12147369828485506,-0.28541666666666665,-0.125,0.10833333333333334,16
578,-0.159375,0.09753360353972595,-0.32708333333333334,-0.15833333333333333,0.02291666666666667,16
579,-0.7906249999999999,0.08477272515706662,-0.9020833333333333,-0.8166666666666667,-0.6020833333333333,16
580,-0.8395833333333333,0.05098849271050172,-0.93125,-0.8416666666666667,-0.7625,16
581,-0.9302083333333333,0.030172392412417155,-0.9833333333333333,-0.9333333333333333,-0.8833333333333333,16
582,-0.5927083333333334,0.09573704401757044,-0.7708333333333334,-0.5916666666666667,-0.42500000000000004,16
583,-0.6645833333333333,0.10084280258567457,-0.8208333333333334,-0.675,-0.49583333333333335,16
584,-0.6375000000000001,0.07441904624788229,-0.7583333333333333,-0.6166666666666667,-0.5333333333333333,16
585,-0.93125,0.02420614591379634,-0.9770833333333333,-0.9333333333333333,-0.9,16
586,0.440625,0.10720060860886524,0.2833333333333333,0.43333333333333335,0.64375,16
587,-0.7541666666666667,0.08343743497708661,-0.8604166666666667,-0.7833333333333333,-0.5854166666666667,16
588,0.17291666666666666,0.07747647492411272,0.02708333333333333,0.16666666666666666,0.30416666666666664,16
589,-0.8062500000000001,0.04782600118020414,-0.8770833333333333,-0.8166666666666667,-0.7166666666666667,16
590,-0.8291666666666667,0.06679674809117249,-0.9541666666666667,-0.8333333333333334,-0.7395833333333333,16
591,-0.70625,0.07116954521891133,-0.8166666666666667,-0.7,-0.5750000000000001,16
592,-0.83125,0.050646857421430075,-0.9104166666666667,-0.8333333333333334,-0.7395833333333333,16
593,-0.365625,0.08196136242495945,-0.5,-0.3583333333333333,-0.225,16
594,-0.453125,0.06620117435598187,-0.575,-0.44166666666666665,-0.35624999999999996,16
595,0.765625,0.0638652960665389,0.6520833333333333,0.775,0.85,16
596,-0.7270833333333333,0.04995657836784084,-0.8,-0.7166666666666667,-0.625,16
597,-0.5916666666666667,0.10458250331675942,-0.75,-0.5833333333333333,-0.41250000000000003,16
598,-0.30104166666666665,0.14209112270925928,-0.5729166666666667,-0.29166666666666663,-0.07083333333333333,16
599,-0.9229166666666667,0.04672429477501209,-0.9875,-0.9333333333333333,-0.81875,16
600,-0.24895833333333334,0.11015594217845093,-0.4104166666666667,-0.25,-0.08333333333333333,16
601,-0.7437499999999999,0.056787554876829224,-0.8270833333333334,-0.7416666666666667,-0.6354166666666666,16
602,-0.703125,0.07411954261341756,-0.8041666666666667,-0.725,-0.5520833333333334,16
603,-0.9364583333333334,0.040060176089644586,-0.9833333333333333,-0.9333333333333333,-0.8666666666666667,16
604,-0.7333333333333334,0.0682112730989371,-0.8375,-0.7416666666666667,-0.6124999999999999,16
605,-0.425,0.09090593428863096,-0.56875,-0.43333333333333335,-0.25625,16
606,-0.596875,0.09523704891538329,-0.74375,-0.6000000000000001,-0.4291666666666667,16
607,-0.75625,0.055237806598178556,-0.8166666666666667,-0.7583333333333333,-0.6666666666666666,16
608,-0.7302083333333333,0.08843130376801595,-0.8541666666666667,-0.7416666666666667,-0.5625,16
609,-0.7197916666666666,0.06593840507541025,-0.8270833333333334,-0.7083333333333333,-0.6020833333333333,16
610,0.7562500000000001,0.07497105923102744,0.6229166666666667,0.75,0.8666666666666667,16
611,-0.42291666666666666,0.08677777333191056,-0.5604166666666667,-0.42500000000000004,-0.30624999999999997,16
612,-0.8625,0.0484122918275927,-0.9270833333333334,-0.8666666666666667,-0.76875,16
613,-0.20208333333333334,0.09535660409454841,-0.38125,-0.2,-0.04791666666666666,16
614,0.4135416666666667,0.09986427421199681,0.26875,0.4,0.5708333333333334,16
615,0.4666666666666667,0.10817295821455974,0.3333333333333333,0.45833333333333337,0.6749999999999999,16
616,-0.15208333333333332,0.08183549725584315,-0.30624999999999997,-0.14166666666666666,0.002083333333333333,16
617,0.44791666666666663,0.10356073768030474,0.30624999999999997,0.43333333333333335,0.6375000000000001,16
618,-0.20729166666666668,0.12513447627563626,-0.39166666666666666,-0.2583333333333333,-0.03333333333333333,16
619,-0.7010416666666667,0.07347258322742647,-0.825,-0.7,-0.5895833333333333,16
620,-0.75,0.0759202798262025,-0.8666666666666667,-0.7416666666666667,-0.6395833333333333,16
621,-0.042708333333333334,0.1133408009181944,-0.24166666666666667,-0.03333333333333333,0.10416666666666667,16
622,-0.5791666666666667,0.06574889099191458,-0.6708333333333334,-0.5916666666666667,-0.45,16
623,-0.7489583333333334,0.07033371593497832,-0.84375,-0.7666666666666667,-0.6104166666666666,16
624,-0.684375,0.06782042004440846,-0.7875000000000001,-0.6916666666666667,-0.55625,16
625,-0.7145833333333333,0.08330728759638419,-0.8375,-0.7333333333333334,-0.5625,16
626,-0.8895833333333334,0.03326816546389856,-0.9333333333333333,-0.9,-0.8229166666666666,16
627,-0.07291666666666666,0.11575161985907584,-0.2604166666666667,-0.075,0.09375,16
628,0.05208333333333334,0.12935134646896154,-0.16458333333333333,0.041666666666666664,0.26458333333333334,16
629,-0.8760416666666667,0.050678983563208914,-0.94375,-0.8833333333333333,-0.7833333333333333,16
630,0.3979166666666667,0.13161325393405907,0.13958333333333334,0.4,0.5854166666666667,16
631,-0.175,0.11740835669671143,-0.3770833333333333,-0.18333333333333332,0.004166666666666666,16
632,-0.5166666666666666,0.08579691784155834,-0.6270833333333333,-0.5166666666666667,-0.32499999999999996,16
633,-0.3364583333333333,0.09740001105122001,-0.5604166666666667,-0.31666666666666665,-0.20208333333333334,16
634,0.3666666666666667,0.10172129679778086,0.22916666666666669,0.3583333333333333,0.5333333333333333,16
635,0.02291666666666667,0.12188835396925062,-0.12708333333333333,0.016666666666666666,0.29375,16
636,-0.9385416666666666,0.02480391854123052,-0.9770833333333333,-0.9416666666666667,-0.8854166666666666,16
637,-0.7958333333333334,0.06601241465731192,-0.9,-0.775,-0.6958333333333333,16
638,-0.634375,0.11047070218689961,-0.7937500000000001,-0.6333333333333333,-0.44583333333333336,16
639,-0.7760416666666666,0.07287945479046586,-0.8604166666666667,-0.7916666666666667,-0.6354166666666666,16
640,-0.6645833333333334,0.10135796712641784,-0.83125,-0.675,-0.45833333333333337,16
641,0.10416666666666667,0.10889278621143315,-0.043750000000000004,0.08333333333333334,0.3208333333333333,16
642,0.4979166666666667,0.10538866558284783,0.26041666666666663,0.5083333333333333,0.6375000000000001,16
643,0.7166666666666667,0.08955910525085282,0.55625,0.7166666666666667,0.8708333333333333,16
644,-0.425,0.10189182717197903,-0.5958333333333333,-0.44166666666666665,-0.2625,16
645,-0.3802083333333333,0.1061018166013717,-0.5583333333333333,-0.3416666666666667,-0.23125,16
646,-0.73125,0.0883637919185354,-0.86875,-0.7333333333333333,-0.5625,16
647,0.49166666666666664,0.07430231041719586,0.38958333333333334,0.4666666666666667,0.6208333333333333,16
648,0.24270833333333336,0.11769911468325589,-0.004166666666666666,0.24166666666666667,0.42500000000000004,16
649,-0.48750000000000004,0.08710227066819531,-0.6104166666666667,-0.5083333333333333,-0.3458333333333333,16
650,-0.40104166666666663,0.1128034102986253,-0.5166666666666667,-0.43333333333333335,-0.15416666666666667,16
651,-0.5364583333333333,0.10311447757764722,-0.73125,-0.5083333333333333,-0.3729166666666667,16
652,0.3385416666666667,0.09819883987490778,0.16458333333333333,0.3583333333333333,0.49375,16
653,0.02916666666666666,0.14049762750072803,-0.19791666666666666,0.025,0.22708333333333333,16
654,0.6135416666666667,0.07888519039647991,0.44583333333333336,0.6,0.7375,16
655,-0.18125,0.10799225152245362,-0.34791666666666665,-0.18333333333333335,-0.008333333333333335,16
656,-0.12291666666666666,0.13487069424699594,-0.35416666666666663,-0.1,0.12083333333333333,16
657,-0.8416666666666668,0.04208127057650864,-0.9104166666666667,-0.85,-0.7729166666666667,16
658,-0.7416666666666667,0.03996526269427269,-0.8083333333333333,-0.75,-0.6666666666666666,16
659,-0.084375,0.10565088440235604,-0.21041666666666667,-0.09166666666666667,0.125,16
660,0.14687499999999998,0.10090196527928592,-0.04791666666666666,0.15833333333333333,0.30416666666666664,16
661,0.05416666666666666,0.0956520023604083,-0.12083333333333333,0.06666666666666667,0.20833333333333334,16
662,-0.078125,0.09855179651950653,-0.2,-0.10833333333333334,0.09375,16
663,-0.6249999999999999,0.06123724356957944,-0.7333333333333333,-0.625,-0.5333333333333333,16
664,-0.2270833333333333,0.14042037581649056,-0.4041666666666667,-0.21666666666666667,0.06458333333333333,16
665,-0.35520833333333335,0.11677357452922872,-0.58125,-0.32499999999999996,-0.19166666666666665,16
666,-0.6333333333333333,0.11456439237389601,-0.7937500000000001,-0.65,-0.44583333333333336,16
667,-0.6968749999999999,0.0752815894381444,-0.8333333333333334,-0.6916666666666667,-0.6,16
668,0.43333333333333335,0.10206207261596575,0.26458333333333334,0.4166666666666667,0.6291666666666667,16
669,-0.2875,0.11094605796411956,-0.4708333333333333,-0.275,-0.08958333333333332,16
670,-0.884375,0.03198781777663351,-0.9270833333333334,-0.8833333333333333,-0.8229166666666666,16
671,-0.04791666666666666,0.1331867684035384,-0.26458333333333334,-0.06666666666666667,0.16041666666666665,16
672,-0.4041666666666667,0.10565601944254972,-0.5604166666666667,-0.3666666666666667,-0.2520833333333333,16
673,0.390625,0.12161653504857892,0.21250000000000002,0.4083333333333333,0.5875,16
674,-0.8010416666666667,0.06331928298095474,-0.9083333333333333,-0.8166666666666667,-0.6958333333333333,16
675,-0.5927083333333334,0.09681898021852715,-0.7270833333333333,-0.6000000000000001,-0.4291666666666667,16
676,-0.23958333333333331,0.10322490951531246,-0.4,-0.24166666666666667,-0.08958333333333333,16
677,-0.7374999999999999,0.07648983229452426,-0.8604166666666667,-0.7416666666666667,-0.5979166666666667,16
678,0.5760416666666667,0.06587254897400989,0.47291666666666665,0.575,0.6770833333333334,16
679,-0.3145833333333333,0.12330447297464743,-0.5041666666666667,-0.30833333333333335,-0.0875,16
680,0.18229166666666666,0.13261116275076965,-0.05416666666666667,0.21666666666666667,0.40208333333333335,16
681,-0.7895833333333333,0.05331868288362388,-0.8666666666666667,-0.7916666666666667,-0.7166666666666667,16
682,-0.5166666666666667,0.08779711460710615,-0.6541666666666667,-0.5,-0.37083333333333335,16
683,-0.8041666666666667,0.06137883276106766,-0.9,-0.8166666666666667,-0.6916666666666667,16
684,-0.6666666666666667,0.06180165405913053,-0.7875000000000001,-0.6666666666666666,-0.5729166666666666,16
685,-0.9135416666666667,0.040917748627921566,-0.9666666666666667,-0.9166666666666666,-0.8395833333333333,16
686,-0.7281249999999999,0.07921462363239644,-0.8708333333333333,-0.7333333333333333,-0.5854166666666667,16
687,0.234375,0.121259127663309,0.08958333333333333,0.21666666666666667,0.47708333333333336,16
688,-0.5229166666666667,0.08225869592666514,-0.6749999999999999,-0.5333333333333333,-0.37916666666666665,16
689,-0.6854166666666666,0.07902948640996107,-0.8,-0.7,-0.5625,16
690,-0.7635416666666667,0.050764553879213366,-0.85,-0.7666666666666667,-0.6895833333333333,16
691,-0.4427083333333333,0.07545435292281023,-0.5708333333333334,-0.43333333333333335,-0.31875,16
692,-0.08854166666666667,0.10552756847541467,-0.22083333333333333,-0.11666666666666667,0.09375,16
693,-0.3354166666666667,0.12595124166826535,-0.53125,-0.3666666666666667,-0.08958333333333333,16
694,-0.42083333333333334,0.13235316811890493,-0.6125,-0.44166666666666665,-0.16458333333333333,16
695,-0.3270833333333333,0.16136085767276057,-0.5604166666666667,-0.3333333333333333,0.033333333333333326,16
696,0.18854166666666666,0.09199161155900151,0.035416666666666666,0.2,0.31666666666666665,16
697,-0.303125,0.13006658951603725,-0.4708333333333333,-0.31666666666666665,-0.05416666666666667,16
698,-0.471875,0.10651009830840767,-0.6541666666666667,-0.5,-0.29583333333333334,16
699,-0.5677083333333333,0.08384607880250308,-0.7291666666666667,-0.5583333333333333,-0.43125,16
700,-0.109375,0.10540410827698636,-0.2708333333333333,-0.125,0.06875,16
701,-0.7354166666666666,0.071655764674666,-0.8625,-0.7416666666666667,-0.6229166666666667,16
702,-0.096875,0.11152645893090424,-0.2895833333333333,-0.09166666666666667,0.05416666666666667,16
703,-0.8260416666666667,0.05742408938474049,-0.9166666666666666,-0.825,-0.7291666666666666,16
704,0.45208333333333334,0.08204736944798006,0.35,0.44166666666666665,0.6291666666666667,16
705,-0.5291666666666667,0.10663736576724774,-0.6541666666666667,-0.5583333333333333,-0.3333333333333333,16
706,-0.728125,0.08243658126436076,-0.8541666666666667,-0.7333333333333333,-0.5645833333333333,16
707,-0.590625,0.10357645290905758,-0.775,-0.6,-0.40208333333333335,16
708,-0.3666666666666667,0.07660323462854265,-0.5020833333333333,-0.375,-0.225,16
709,0.05833333333333333,0.11471583248280172,-0.1875,0.075,0.20833333333333334,16
710,0.2958333333333333,0.10248644896874036,0.14166666666666666,0.30833333333333335,0.4791666666666667,16
711,-0.6624999999999999,0.08769818824937162,-0.7937500000000001,-0.65,-0.4979166666666667,16
712,-0.234375,0.11508884701974094,-0.44375000000000003,-0.21666666666666667,-0.04791666666666666,16
713,-0.9385416666666666,0.032123216552310985,-0.99375,-0.9333333333333333,-0.8895833333333333,16
714,-0.4395833333333334,0.12732217992164602,-0.6041666666666667,-0.44166666666666665,-0.20833333333333331,16
715,-0.47395833333333337,0.09964672842653247,-0.6583333333333333,-0.4666666666666667,-0.3333333333333333,16
716,0.04479166666666667,0.14126398037991772,-0.18125,0.025,0.2791666666666667,16
717,-0.5406249999999999,0.10340870067358936,-0.7020833333333333,-0.575,-0.36875,16
718,0.23958333333333331,0.12567525943213062,0.035416666666666666,0.24166666666666667,0.44583333333333336,16
719,-0.5166666666666666,0.09090593428863095,-0.7145833333333333,-0.5166666666666666,-0.38958333333333334,16
720,-0.8833333333333333,0.03908679799852858,-0.94375,-0.8916666666666666,-0.8083333333333333,16
721,-0.6041666666666667,0.09851325347947407,-0.7270833333333333,-0.6416666666666666,-0.4166666666666667,16
722,0.55,0.09298297335175582,0.38125,0.5416666666666667,0.6875,16
723,0.16979166666666667,0.0890183248144885,0.008333333333333335,0.19166666666666665,0.2875,16
724,0.18958333333333333,0.1241463909619965,-0.041666666666666664,0.18333333333333332,0.42500000000000004,16
725,0.12083333333333335,0.1595893166850463,-0.21458333333333332,0.16666666666666666,0.33125,16
726,-0.6520833333333333,0.06370368688091939,-0.7541666666666667,-0.6666666666666666,-0.5395833333333333,16
727,-0.890625,0.035827882337332986,-0.9375,-0.9,-0.8145833333333333,16
728,-0.6864583333333334,0.065409699735165,-0.8166666666666667,-0.6833333333333333,-0.60625,16
729,-0.6458333333333333,0.06705615391429616,-0.7541666666666667,-0.6583333333333333,-0.525,16
730,-0.7625,0.09921567416492216,-0.9,-0.7666666666666667,-0.5791666666666666,16
731,0.19166666666666665,0.12651855375574148,-0.010416666666666666,0.19166666666666665,0.42291666666666666,16
732,0.071875,0.11617735932377032,-0.10208333333333333,0.058333333333333334,0.2895833333333333,16
733,-0.571875,0.07539680907998987,-0.7125,-0.5833333333333334,-0.42708333333333337,16
734,-0.29375,0.1191513684819067,-0.4708333333333333,-0.32499999999999996,-0.10625000000000001,16
735,-0.44895833333333335,0.1416015475335241,-0.6916666666666667,-0.45,-0.23541666666666666,16
736,-0.8895833333333334,0.05829611908180508,-0.9708333333333333,-0.9,-0.7895833333333333,16
737,-0.6270833333333333,0.08055256220492168,-0.7770833333333333,-0.6083333333333334,-0.5166666666666667,16
738,-0.19166666666666665,0.12133516482134196,-0.4166666666666667,-0.18333333333333332,-0.0125,16
739,0.465625,0.11463540483492292,0.22083333333333333,0.5083333333333333,0.5833333333333334,16
740,-0.784375,0.06521033010787308,-0.8770833333333333,-0.7833333333333333,-0.6625,16
741,-0.30833333333333335,0.1084934713857628,-0.55,-0.29166666666666663,-0.16666666666666666,16
742,-0.43645833333333334,0.14436387643536192,-0.7333333333333334,-0.44166666666666665,-0.22916666666666669,16
743,-0.309375,0.10120262094487036,-0.46458333333333335,-0.32499999999999996,-0.125,16
744,-0.6656249999999999,0.08689648015822556,-0.78125,-0.6666666666666666,-0.47291666666666665,16
745,-0.7760416666666666,0.05681620893039435,-0.88125,-0.7833333333333334,-0.6895833333333333,16
746,-0.8989583333333333,0.030315900439281767,-0.95,-0.9,-0.85,16
747,-0.7979166666666666,0.06260408000548634,-0.8979166666666667,-0.8083333333333333,-0.7,16
748,-0.7770833333333333,0.06558365099457167,-0.9083333333333333,-0.775,-0.6895833333333333,16
749,-0.9166666666666666,0.03773077140890589,-0.9770833333333333,-0.9166666666666666,-0.8458333333333333,16
750,-0.04375,0.10406244786451814,-0.22083333333333333,-0.04166666666666667,0.11666666666666667,16
751,-0.65,0.09354143466934854,-0.7833333333333333,-0.6499999999999999,-0.46875,16
752,0.36458333333333337,0.10702332949201103,0.20208333333333334,0.3416666666666667,0.5479166666666667,16
753,-0.5708333333333333,0.08364524958285303,-0.7104166666666667,-0.575,-0.45,16
754,-0.3145833333333333,0.11193918860008074,-0.4875,-0.3,-0.10833333333333334,16
755,-0.78125,0.07380412326632646,-0.8833333333333333,-0.7916666666666667,-0.6354166666666666,16
756,-0.8489583333333333,0.04731277062156569,-0.89375,-0.8666666666666667,-0.73125,16
757,-0.6625,0.0821795121804834,-0.7604166666666667,-0.6916666666666667,-0.48333333333333334,16
758,-0.64375,0.09590124405403253,-0.81875,-0.6333333333333333,-0.5166666666666667,16
759,-0.86875,0.05829611908180509,-0.95,-0.875,-0.7583333333333333,16
760,-0.73125,0.07403898184965359,-0.8770833333333333,-0.7166666666666667,-0.6395833333333333,16
761,-0.08020833333333333,0.09757809372497497,-0.22916666666666666,-0.09166666666666667,0.12708333333333333,16
762,0.4479166666666667,0.07747647492411272,0.3395833333333333,0.45,0.6,16
763,-0.46458333333333335,0.09088205879661349,-0.63125,-0.475,-0.3395833333333333,16
764,0.11979166666666666,0.1489801848774229,-0.08125,0.11666666666666667,0.35416666666666663,16
765,-0.29791666666666666,0.1294854936105028,-0.5041666666666667,-0.3,-0.11666666666666667,16
766,-0.14791666666666667,0.12316359378214542,-0.3416666666666667,-0.125,0.07083333333333333,16
767,-0.740625,0.07287945479046586,-0.8645833333333334,-0.75,-0.6166666666666667,16
768,-0.3416666666666667,0.10172129679778087,-0.4916666666666667,-0.3666666666666667,-0.13333333333333333,16
769,-0.8125,0.07204840194079411,-0.9104166666666667,-0.8333333333333333,-0.6854166666666667,16
770,0.6677083333333333,0.07716071566326135,0.5145833333333333,0.675,0.7666666666666667,16
771,-0.6458333333333334,0.09886508764753893,-0.8083333333333333,-0.675,-0.48333333333333334,16
772,-0.5854166666666667,0.07018700219967923,-0.6833333333333333,-0.5916666666666667,-0.45833333333333337,16
773,-0.6385416666666667,0.0916133841356042,-0.7333333333333333,-0.6666666666666667,-0.41874999999999996,16
774,-0.9083333333333334,0.039086797998528565,-0.9604166666666667,-0.9166666666666666,-0.8395833333333333,16
775,-0.36250000000000004,0.12983697042402403,-0.53125,-0.4083333333333333,-0.08541666666666667,16
776,-0.5979166666666667,0.09407351587396363,-0.75,-0.5916666666666667,-0.42708333333333337,16
777,-0.28541666666666665,0.12160315122927073,-0.45416666666666666,-0.3,-0.07916666666666666,16
778,-0.8770833333333333,0.055862865324132996,-0.9604166666666667,-0.8833333333333333,-0.76875,16
779,-0.65625,0.10305658505026363,-0.8270833333333334,-0.6666666666666666,-0.4541666666666667,16
780,-0.45833333333333337,0.07839536550927824,-0.6,-0.45833333333333337,-0.3145833333333333,16
781,-0.3208333333333333,0.09100137361600648,-0.4666666666666667,-0.3333333333333333,-0.13333333333333333,16
782,-0.5354166666666667,0.08351542605344768,-0.6666666666666666,-0.5416666666666667,-0.4,16
783,-0.88125,0.05166498653182183,-0.9708333333333333,-0.8833333333333333,-0.80625,16
784,-0.14270833333333333,0.1359085617346375,-0.38958333333333334,-0.14166666666666666,0.06875,16
785,-0.6520833333333333,0.12773059213307777,-0.8104166666666667,-0.6833333333333333,-0.45,16
786,-0.41875,0.10783136912172946,-0.5791666666666667,-0.43333333333333335,-0.20208333333333334,16
787,-0.30208333333333337,0.10439558180306292,-0.46458333333333335,-0.32499999999999996,-0.15,16
788,-0.8645833333333334,0.038131260870256506,-0.9104166666666667,-0.8833333333333333,-0.7895833333333333,16
789,0.49999999999999994,0.13307266185559427,0.26875,0.48333333333333334,0.6875,16
790,-0.878125,0.04027628110246082,-0.94375,-0.8833333333333333,-0.80625,16
791,-0.9114583333333333,0.045916118417779546,-0.9770833333333333,-0.9,-0.8250000000000001,16
792,0.26666666666666666,0.12829003598617209,-0.033333333333333326,0.30833333333333335,0.42708333333333337,16
793,-0.7760416666666667,0.07905007862460071,-0.8958333333333334,-0.8,-0.6291666666666667,16
794,0.10416666666666667,0.14049762750072803,-0.13333333333333333,0.10833333333333334,0.29791666666666666,16
795,-0.8833333333333333,0.041666666666666664,-0.94375,-0.8916666666666666,-0.8166666666666667,16
796,-0.8583333333333333,0.04639803635691683,-0.9166666666666666,-0.8416666666666667,-0.7895833333333333,16
797,-0.859375,0.05367363761661771,-0.9333333333333333,-0.8583333333333334,-0.7583333333333333,16
798,-0.48333333333333334,0.09842509842514764,-0.66875,-0.475,-0.35624999999999996,16
799,0.41458333333333336,0.09258535851370406,0.2270833333333333,0.43333333333333335,0.5437500000000001,16
800,-0.39895833333333336,0.09885959986825311,-0.5,-0.4166666666666667,-0.18958333333333333,16
801,-0.746875,0.0646085300310863,-0.8166666666666667,-0.775,-0.6124999999999999,16
802,-0.6979166666666667,0.0689391337823929,-0.83125,-0.7,-0.58125,16
803,-0.6687500000000001,0.07309501997020347,-0.78125,-0.6833333333333333,-0.525,16
804,-0.6166666666666666,0.08354140689901425,-0.7520833333333333,-0.6333333333333333,-0.47291666666666665,16
805,-0.7708333333333333,0.06441510347391796,-0.8645833333333334,-0.7833333333333333,-0.6375,16
806,-0.5895833333333333,0.07497105923102741,-0.7145833333333333,-0.6000000000000001,-0.44583333333333336,16
807,0.10104166666666667,0.09022901995293237,-0.05833333333333333,0.10833333333333334,0.24375,16
808,-0.0875,0.07916666666666666,-0.23958333333333331,-0.09166666666666667,0.043750000000000004,16
809,-0.5843750000000001,0.09903505797611939,-0.7208333333333333,-0.5916666666666667,-0.40208333333333335,16
810,-0.6510416666666667,0.07716071566326135,-0.7875000000000001,-0.6583333333333333,-0.5291666666666667,16
811,-0.09791666666666667,0.09840304732182954,-0.26666666666666666,-0.1,0.08958333333333333,16
812,-0.6479166666666667,0.07018700219967922,-0.7375,-0.6583333333333333,-0.5041666666666667,16
813,-0.03958333333333333,0.14882351124738322,-0.28125,-0.08333333333333333,0.21666666666666667,16
814,-0.5229166666666667,0.10588171466310883,-0.7145833333333333,-0.5166666666666667,-0.3333333333333333,16
815,-0.6739583333333334,0.08332682266233365,-0.7875000000000001,-0.675,-0.5104166666666667,16
816,-0.2677083333333333,0.0888719330616315,-0.4541666666666667,-0.2583333333333333,-0.125,16
817,-0.890625,0.05203122393225906,-0.9604166666666667,-0.8916666666666666,-0.7958333333333333,16
818,-0.9364583333333333,0.0334470715791715,-0.9770833333333333,-0.9416666666666667,-0.86875,16
819,0.08125,0.12414639096199652,-0.09791666666666667,0.09166666666666667,0.29375,16
820,-0.846875,0.053430494180133986,-0.93125,-0.85,-0.7416666666666667,16
821,0.22291666666666665,0.13640663779059042,0.029166666666666667,0.21666666666666667,0.4708333333333333,16
822,-0.4395833333333333,0.11162856937182344,-0.6708333333333333,-0.4166666666666667,-0.27291666666666664,16
823,0.13958333333333334,0.08556896990797021,-0.03333333333333333,0.175,0.25416666666666665,16
824,0.2666666666666667,0.12679270045585783,0.04166666666666667,0.24166666666666667,0.49375,16
825,0.5760416666666667,0.11960129801181553,0.40625,0.5916666666666667,0.76875,16
826,-0.4197916666666667,0.10478462534328847,-0.5604166666666667,-0.42500000000000004,-0.25,16
827,-0.10208333333333333,0.10169996039549103,-0.23333333333333334,-0.1,0.11041666666666666,16
828,-0.02291666666666666,0.12372614809417702,-0.26875,0.008333333333333331,0.14166666666666666,16
829,0.36666666666666664,0.12176365996835382,0.15625,0.3833333333333333,0.5479166666666667,16
830,0.5354166666666667,0.07043392293490403,0.40208333333333335,0.5416666666666667,0.6479166666666667,16
831,-0.7718750000000001,0.0735316329321379,-0.8604166666666667,-0.7833333333333333,-0.6166666666666667,16
832,-0.47916666666666663,0.1165922381636102,-0.68125,-0.5,-0.3333333333333333,16
833,-0.7447916666666666,0.08306597737474845,-0.84375,-0.7666666666666667,-0.5625,16
834,-0.8218749999999999,0.0484906742179474,-0.9041666666666667,-0.8166666666666667,-0.75625,16
835,-0.7177083333333334,0.09269662847458669,-0.88125,-0.7166666666666666,-0.5458333333333334,16
836,-0.7927083333333333,0.07992373752174284,-0.9375,-0.7833333333333334,-0.6645833333333333,16
837,-0.875,0.03773077140890589,-0.95,-0.875,-0.8166666666666667,16
838,-0.521875,0.08306597737474845,-0.6854166666666667,-0.5083333333333333,-0.40208333333333335,16
839,-0.48854166666666665,0.08833308765689106,-0.65,-0.48333333333333334,-0.33125,16
840,-0.16145833333333331,0.11512655325288293,-0.38125,-0.15833333333333333,0.01458333333333333,16
841,0.10208333333333333,0.11084821328685857,-0.08541666666666667,0.08333333333333333,0.33958333333333335,16
842,-0.2864583333333333,0.10090196527928592,-0.4666666666666667,-0.275,-0.13333333333333333,16
843,-0.03645833333333333,0.15345768847724045,-0.22708333333333333,-0.05,0.22708333333333333,16
844,-0.8645833333333333,0.047094393981072145,-0.94375,-0.8666666666666667,-0.7895833333333333,16
845,-0.7885416666666667,0.06200323412263806,-0.9083333333333333,-0.7916666666666667,-0.6958333333333333,16
846,-0.9229166666666667,0.027559909490256145,-0.9666666666666667,-0.925,-0.8729166666666667,16
847,-0.23229166666666667,0.09344278366703576,-0.4125,-0.225,-0.1,16
848,-0.35624999999999996,0.15454626689477527,-0.5604166666666667,-0.4166666666666667,-0.06875,16
849,-0.6677083333333333,0.057875809929537905,-0.7708333333333334,-0.6583333333333333,-0.5625,16
850,0.011458333333333334,0.14418337451353783,-0.2125,-0.016666666666666666,0.2895833333333333,16
851,-0.63125,0.09145335028186652,-0.7833333333333333,-0.625,-0.50625,16
852,-0.6395833333333333,0.07092518554395501,-0.7479166666666667,-0.65,-0.49375,16
853,-0.06041666666666667,0.11590150871417602,-0.21458333333333332,-0.075,0.12708333333333333,16
854,-0.15416666666666667,0.15750881809529832,-0.4875,-0.13333333333333333,0.027083333333333334,16
855,0.2729166666666667,0.12512146875914,0.012499999999999997,0.3,0.4479166666666667,16
856,-0.8864583333333333,0.03918383932042506,-0.94375,-0.8916666666666666,-0.8166666666666667,16
857,-0.5833333333333334,0.07861650943380502,-0.7145833333333333,-0.5916666666666667,-0.45208333333333334,16
858,-0.24270833333333333,0.11710761165839449,-0.42500000000000004,-0.21666666666666667,-0.03958333333333333,16
859,-0.296875,0.08921314014762624,-0.42708333333333337,-0.30833333333333335,-0.13125,16
860,-0.4625,0.09655525188547058,-0.5833333333333334,-0.45833333333333337,-0.2791666666666667,16
861,-0.6739583333333333,0.08078794902913017,-0.7770833333333333,-0.6916666666666667,-0.50625,16
862,-0.8031250000000001,0.04937763706038055,-0.8770833333333333,-0.8,-0.7229166666666667,16
863,-0.515625,0.1063061534620122,-0.6708333333333334,-0.5083333333333333,-0.3395833333333333,16
864,-0.2864583333333333,0.11183736176301332,-0.49375,-0.3,-0.09583333333333333,16
865,-0.14270833333333333,0.12568820963665076,-0.36041666666666666,-0.13333333333333333,0.04791666666666666,16
866,-0.05729166666666668,0.13578076053165836,-0.27708333333333335,-0.03333333333333334,0.1875,16
867,-0.4708333333333333,0.1257615689398881,-0.6604166666666667,-0.475,-0.26875,16
868,-0.6364583333333333,0.13909663282728627,-0.8625,-0.625,-0.3520833333333333,16
869,0.16458333333333333,0.1200224226736173,-0.05416666666666667,0.19166666666666665,0.35416666666666663,16
870,-0.7822916666666666,0.04840108398120393,-0.8604166666666667,-0.775,-0.7062499999999999,16
871,-0.5145833333333334,0.11209417543595504,-0.6916666666666667,-0.5083333333333333,-0.3145833333333333,16
872,-0.6979166666666666,0.07680128579652817,-0.8270833333333334,-0.7,-0.5625,16
873,-0.778125,0.06990041279086509,-0.8666666666666667,-0.7833333333333333,-0.64375,16
874,-0.5604166666666667,0.14079079732394126,-0.7958333333333334,-0.525,-0.3229166666666667,16
875,0.4083333333333333,0.09965217285917832,0.25625,0.4083333333333333,0.575,16
876,0.3989583333333333,0.09473441494515075,0.20416666666666666,0.4083333333333333,0.5104166666666667,16
877,-0.7302083333333333,0.1178833507116251,-0.8541666666666667,-0.7416666666666667,-0.4666666666666667,16
878,-0.16458333333333333,0.11783271451982727,-0.3104166666666667,-0.15,0.05833333333333333,16
879,-0.31562500000000004,0.16110175679261438,-0.59375,-0.29166666666666663,-0.07291666666666666,16
880,-0.6145833333333333,0.07589169000036243,-0.7375,-0.6166666666666667,-0.4895833333333333,16
881,-0.5270833333333333,0.08657747814658395,-0.66875,-0.5333333333333333,-0.3541666666666667,16
882,-0.7135416666666667,0.09376735950389845,-0.8770833333333333,-0.7083333333333333,-0.5333333333333333,16
883,0.6510416666666667,0.05906351042639515,0.55625,0.6416666666666666,0.7479166666666667,16
884,-0.7010416666666667,0.08110965442946153,-0.8104166666666667,-0.6916666666666667,-0.54375,16
885,-0.7729166666666667,0.05976661786575441,-0.8604166666666667,-0.7666666666666667,-0.6791666666666666,16
886,-0.528125,0.0751661931803269,-0.63125,-0.525,-0.36875,16
887,-0.6947916666666667,0.09441316373319514,-0.8270833333333334,-0.7083333333333333,-0.5041666666666667,16
888,0.39791666666666664,0.11649913566679847,0.16666666666666666,0.42500000000000004,0.5437500000000001,16
889,-0.7947916666666667,0.07088692825353785,-0.9104166666666667,-0.7833333333333333,-0.6833333333333333,16
890,-0.484375,0.06782042004440846,-0.5666666666666667,-0.4916666666666667,-0.33541666666666664,16
891,-0.8,0.05270462766947299,-0.89375,-0.7833333333333333,-0.7395833333333333,16
892,-0.8229166666666666,0.06260408000548633,-0.9104166666666667,-0.8083333333333333,-0.71875,16
893,-0.3364583333333333,0.09969027556219648,-0.4875,-0.3583333333333333,-0.18333333333333332,16
894,-0.3625,0.10968705484240153,-0.55,-0.375,-0.16249999999999998,16
895,-0.38645833333333335,0.09668440031302304,-0.5333333333333333,-0.38333333333333336,-0.20833333333333331,16
896,-0.6020833333333333,0.09875527412076109,-0.7479166666666667,-0.625,-0.41875,16
897,-0.8270833333333333,0.058593171293438474,-0.9208333333333334,-0.8333333333333334,-0.7395833333333333,16
898,-0.571875,0.12285927332385889,-0.7166666666666667,-0.5833333333333333,-0.32291666666666663,16
899,-0.5916666666666667,0.09771699499632143,-0.7833333333333333,-0.5833333333333334,-0.4666666666666667,16
900,0.2125,0.13520817282989958,0.00625,0.2,0.48541666666666666,16
901,0.3114583333333333,0.07281987623581904,0.18958333333333333,0.3,0.42708333333333337,16
902,0.11249999999999999,0.11509356097444277,-0.0375,0.09166666666666667,0.33749999999999997,16
903,0.014583333333333337,0.12759459998152134,-0.21666666666666667,0.0,0.2,16
904,-0.7989583333333334,0.08788975694015772,-0.9104166666666667,-0.7916666666666667,-0.6291666666666667,16
905,-0.17083333333333334,0.08710227066819531,-0.27708333333333335,-0.18333333333333335,-0.014583333333333334,16
906,-0.7041666666666667,0.0846766726370899,-0.8270833333333334,-0.7166666666666667,-0.5479166666666667,16
907,0.58125,0.12935134646896157,0.3541666666666667,0.6083333333333334,0.7666666666666667,16
908,-0.26875,0.12259845816503748,-0.5,-0.275,-0.058333333333333334,16
909,-0.715625,0.09564633022814369,-0.8270833333333334,-0.7333333333333334,-0.5125,16
910,-0.8572916666666667,0.053673637616617684,-0.95,-0.8416666666666667,-0.7791666666666667,16
911,0.01458333333333333,0.10702332949201103,-0.16875,0.016666666666666666,0.17500000000000002,16
912,-0.5958333333333334,0.08217951218048342,-0.7166666666666667,-0.6083333333333334,-0.42708333333333337,16
913,-0.2375,0.13090231727004173,-0.42083333333333334,-0.2583333333333333,-0.00625,16
914,-0.005208333333333329,0.13702173768137016,-0.17083333333333334,-0.04166666666666667,0.27291666666666664,16
915,0.13541666666666666,0.10942954988890746,-0.07708333333333334,0.14166666666666666,0.2833333333333333,16
916,0.4625,0.09619496983845997,0.29166666666666663,0.48333333333333334,0.6208333333333333,16
917,-0.9052083333333333,0.04515357667019424,-0.9770833333333333,-0.9166666666666666,-0.8125,16
918,-0.4447916666666667,0.1256536727919686,-0.6104166666666667,-0.4666666666666667,-0.20833333333333331,16
919,-0.45625,0.09425788354886351,-0.6270833333333333,-0.4666666666666667,-0.3125,16
920,-0.8520833333333333,0.052992072258237086,-0.9166666666666666,-0.8583333333333334,-0.7479166666666667,16
921,-0.7583333333333333,0.051031036307982884,-0.85,-0.75,-0.6895833333333333,16
922,-0.8760416666666666,0.04858009923483758,-0.9666666666666667,-0.8666666666666667,-0.8166666666666667,16
923,-0.9145833333333333,0.04325112394172227,-0.9770833333333333,-0.925,-0.8354166666666667,16
924,-0.8072916666666666,0.049640635656016056,-0.8833333333333333,-0.8083333333333333,-0.7229166666666667,16
925,-0.5864583333333333,0.10707907741218377,-0.7270833333333333,-0.5833333333333333,-0.39166666666666666,16
926,0.5083333333333333,0.0768295371441074,0.3541666666666667,0.5333333333333333,0.6041666666666667,16
927,-0.3854166666666667,0.09499177595981664,-0.5708333333333333,-0.3916666666666667,-0.23958333333333334,16
928,-0.3458333333333333,0.10316182002616624,-0.5270833333333333,-0.3333333333333333,-0.18541666666666667,16
929,0.703125,0.08704619423361112,0.5750000000000001,0.7,0.84375,16
930,-0.44375,0.11193918860008074,-0.625,-0.43333333333333335,-0.2625,16
931,-0.6364583333333333,0.08744417862270763,-0.8041666666666667,-0.6166666666666667,-0.5229166666666667,16
932,-0.7510416666666667,0.06413655949525893,-0.85,-0.7666666666666667,-0.65,16
933,-0.4135416666666667,0.1147489333646868,-0.6104166666666667,-0.3916666666666667,-0.23958333333333334,16
934,-0.7979166666666666,0.06868683967431058,-0.8770833333333333,-0.825,-0.6833333333333333,16
935,-0.7208333333333333,0.07009418267191968,-0.8208333333333334,-0.7166666666666667,-0.6,16
936,-0.48333333333333334,0.07614861201040445,-0.5770833333333334,-0.475,-0.32708333333333334,16
937,0.0,0.13043729868748774,-0.19791666666666666,-0.016666666666666666,0.25416666666666665,16
938,-0.6541666666666667,0.08343743497708658,-0.7854166666666667,-0.6666666666666666,-0.5229166666666667,16
939,-0.6124999999999999,0.08488145328109734,-0.7854166666666667,-0.6083333333333334,-0.4854166666666667,16
940,-0.7645833333333334,0.0849581187670987,-0.8604166666666667,-0.7916666666666667,-0.5791666666666666,16
941,-0.86875,0.04854658415721267,-0.94375,-0.875,-0.7895833333333333,16
942,-0.6000000000000001,0.09912814377808599,-0.7541666666666667,-0.6083333333333334,-0.45,16
943,-0.7927083333333333,0.06820331889529523,-0.89375,-0.7916666666666667,-0.6708333333333333,16
944,0.08229166666666667,0.13274201561048157,-0.14375,0.1,0.32083333333333336,16
945,0.43125,0.07497105923102744,0.3395833333333333,0.4,0.5604166666666667,16
946,-0.303125,0.11832434678318181,-0.47708333333333336,-0.30833333333333335,-0.13333333333333333,16
947,-0.184375,0.11109754691511219,-0.3770833333333333,-0.14166666666666666,-0.035416666666666666,16
948,-0.628125,0.08094896154367884,-0.7333333333333333,-0.6583333333333333,-0.4791666666666667,16
949,-0.6177083333333333,0.06221288217349629,-0.7354166666666667,-0.6,-0.5291666666666667,16
950,0.5270833333333333,0.1095880860819784,0.35,0.5416666666666667,0.6958333333333333,16
951,0.08437499999999999,0.15915016821124214,-0.18541666666666667,0.10833333333333334,0.35208333333333336,16
952,-0.2885416666666667,0.10940475785662462,-0.4375,-0.31666666666666665,-0.06875,16
953,0.2947916666666667,0.08553726242924127,0.16666666666666666,0.29166666666666663,0.43333333333333335,16
954,-0.8395833333333333,0.055551215108222425,-0.9104166666666667,-0.85,-0.7291666666666666,16
955,-0.2989583333333333,0.12603305755722277,-0.47708333333333336,-0.3,-0.1,16
956,-0.7885416666666667,0.06711276528268591,-0.89375,-0.7833333333333333,-0.6791666666666666,16
957,-0.5395833333333333,0.12344519139187957,-0.7791666666666667,-0.5416666666666667,-0.3416666666666667,16
958,-0.03958333333333333,0.1162007063948695,-0.21458333333333332,-0.05,0.16041666666666665,16
959,0.07291666666666666,0.11224894827520163,-0.11875,0.06666666666666667,0.2583333333333333,16
960,-0.509375,0.09372106034812976,-0.6166666666666667,-0.55,-0.32499999999999996,16
961,0.5375000000000001,0.09100137361600646,0.38958333333333334,0.5416666666666667,0.6875,16
962,-0.24479166666666663,0.11098028322134022,-0.4375,-0.24166666666666667,-0.08958333333333333,16
963,-0.7125,0.09673488971869917,-0.8958333333333334,-0.7083333333333333,-0.5458333333333333,16
964,-0.45833333333333337,0.07240894665409486,-0.58125,-0.45833333333333337,-0.36666666666666664,16
965,-0.16145833333333331,0.11927424485659556,-0.38125,-0.13333333333333333,0.004166666666666666,16
966,-0.03958333333333333,0.11393757428229431,-0.21458333333333332,-0.058333333333333334,0.16458333333333333,16
967,-0.26041666666666663,0.10422914792790823,-0.43333333333333335,-0.275,-0.06458333333333333,16
968,-0.36458333333333337,0.1050586806926914,-0.5354166666666667,-0.35,-0.15000000000000002,16
969,-0.8145833333333333,0.03903123748998999,-0.8875000000000001,-0.8166666666666667,-0.75,16
970,-0.8916666666666666,0.05270462766947299,-0.9666666666666667,-0.9083333333333333,-0.7958333333333333,16
971,-0.8447916666666666,0.06762815765887263,-0.9520833333333333,-0.8583333333333334,-0.7124999999999999,16
972,0.07916666666666666,0.1369940185231133,-0.10416666666666667,0.07500000000000001,0.3145833333333333,16
973,-0.5166666666666666,0.09166666666666667,-0.6270833333333333,-0.5166666666666666,-0.3645833333333333,16
974,-0.075,0.12761160692594628,-0.2708333333333333,-0.09166666666666667,0.17291666666666666,16
975,-0.26249999999999996,0.11777745020918809,-0.48125,-0.2583333333333333,-0.04583333333333334,16
976,-0.5541666666666667,0.06081049799719342,-0.64375,-0.5666666666666667,-0.43333333333333335,16
977,0.44166666666666665,0.09128709291752768,0.32291666666666663,0.42500000000000004,0.6208333333333333,16
978,-0.2635416666666666,0.14107951240149805,-0.45833333333333337,-0.26666666666666666,0.04166666666666666,16
979,-0.6864583333333334,0.12363402955452389,-0.88125,-0.7083333333333333,-0.46875,16
980,0.5927083333333334,0.10357645290905756,0.4395833333333333,0.5666666666666667,0.7708333333333334,16
981,-0.2989583333333333,0.13787433262657056,-0.4875,-0.3,-0.05625,16
982,-0.014583333333333334,0.11147293518059788,-0.15,-0.058333333333333334,0.17708333333333331,16
983,-0.5010416666666666,0.11967385511139106,-0.69375,-0.5083333333333333,-0.275,16
984,0.15729166666666666,0.12855618502558844,-0.016666666666666666,0.18333333333333332,0.34375,16
985,-0.653125,0.06406885131117407,-0.7333333333333333,-0.675,-0.5395833333333333,16
986,-0.7770833333333333,0.05918280296392413,-0.85,-0.8,-0.6479166666666667,16
987,-0.5270833333333333,0.10895255720827401,-0.6854166666666667,-0.5416666666666667,-0.3395833333333333,16
988,-0.6947916666666667,0.06813965183927621,-0.8354166666666667,-0.6916666666666667,-0.6,16
989,-0.21875,0.0893407568432982,-0.3770833333333333,-0.2,-0.07916666666666666,16
990,-0.15104166666666666,0.11341736314995551,-0.33749999999999997,-0.125,0.06458333333333333,16
991,-0.6781249999999999,0.06606992034958117,-0.8104166666666667,-0.675,-0.6,16
992,-0.8489583333333333,0.037945845000181215,-0.9270833333333334,-0.8416666666666667,-0.7833333333333333,16
993,0.3541666666666667,0.12479149276559948,0.09375,0.4,0.5354166666666667,16
994,0.1802083333333333,0.15977618351758324,-0.08958333333333333,0.225,0.3770833333333333,16
995,-0.0020833333333333294,0.13602427785754523,-0.2604166666666667,-0.025,0.20208333333333334,16
996,-0.7937500000000001,0.06637305134197496,-0.89375,-0.7916666666666667,-0.6895833333333333,16
997,-0.5916666666666667,0.10639287779003087,-0.8020833333333334,-0.5666666666666667,-0.42708333333333337,16
998,-0.7875,0.08047169964928319,-0.9041666666666667,-0.8,-0.6395833333333333,16
999,-0.11875000000000001,0.10831329942963298,-0.3416666666666667,-0.11666666666666667,0.0375,16
1000,-0.5395833333333333,0.10305658505026363,-0.6958333333333333,-0.55,-0.3458333333333333,16
1001,0.15833333333333333,0.1438556375136006,-0.05,0.175,0.39166666666666666,16
1002,-0.3458333333333333,0.08609990966571594,-0.45416666666666666,-0.38333333333333336,-0.17916666666666667,16
1003,-0.0010416666666666647,0.11643857912364498,-0.2520833333333333,0.03333333333333333,0.12708333333333333,16
1004,-0.2125,0.14877975892797604,-0.41458333333333336,-0.25,0.06875,16
1005,0.20625,0.12745846273285358,-0.027083333333333334,0.20833333333333334,0.43333333333333335,16
1006,-0.884375,0.051528292525131816,-0.9666666666666667,-0.8833333333333333,-0.7958333333333333,16
1007,-0.46249999999999997,0.12672421938121292,-0.6166666666666667,-0.48333333333333334,-0.19791666666666666,16
1008,-0.7406250000000001,0.0924152671219546,-0.8708333333333333,-0.75,-0.5458333333333334,16
1009,-0.07708333333333334,0.10339295994731297,-0.25416666666666665,-0.075,0.07708333333333334,16
1010,-0.721875,0.10303025951146585,-0.8604166666666667,-0.7416666666666667,-0.5104166666666667,16
1011,-0.6,0.1191695803839591,-0.7708333333333334,-0.5833333333333333,-0.4041666666666667,16
1012,-0.6520833333333333,0.11797995945639807,-0.8375,-0.6583333333333333,-0.4791666666666667,16
1013,-0.5708333333333334,0.09709316831442535,-0.7208333333333333,-0.5833333333333334,-0.4,16
1014,-0.7510416666666666,0.06521033010787307,-0.8583333333333333,-0.7583333333333333,-0.6145833333333334,16
1015,-0.5645833333333333,0.08992184106211348,-0.69375,-0.5666666666666667,-0.39583333333333337,16
1016,-0.5447916666666667,0.08813632708921887,-0.69375,-0.5416666666666667,-0.42291666666666666,16
1017,-0.8593750000000001,0.043687952032314084,-0.9375,-0.8666666666666667,-0.7895833333333333,16
1018,-0.8104166666666666,0.06478463252277587,-0.9249999999999999,-0.8166666666666667,-0.7166666666666667,16
1019,-0.58125,0.07792335087193768,-0.725,-0.575,-0.44583333333333336,16
1020,-0.09166666666666665,0.1348867838019887,-0.32916666666666666,-0.1,0.1375,16
1021,-0.42083333333333334,0.0983368643433829,-0.6041666666666667,-0.4,-0.25625,16
1022,-0.9197916666666667,0.047587182418751726,-0.9833333333333333,-0.9333333333333333,-0.8250000000000001,16
1023,0.7541666666666667,0.06884463184107628,0.6395833333333333,0.75,0.8604166666666667,16
1024,-0.7322916666666667,0.08629502649181019,-0.86875,-0.7416666666666667,-0.5625,16
1025,-0.9239583333333334,0.03817392125376812,-0.9666666666666667,-0.9333333333333333,-0.85,16
1026,-0.9125000000000001,0.0484122918275927,-0.9770833333333333,-0.9166666666666666,-0.8125,16
1027,-0.428125,0.10876815780722673,-0.6145833333333334,-0.42500000000000004,-0.27291666666666664,16
1028,-0.8520833333333333,0.048187639609251584,-0.9104166666666667,-0.85,-0.7437499999999999,16
1029,0.08020833333333333,0.09596345332990054,-0.0375,0.05,0.2708333333333333,16
1030,-0.721875,0.10269269657845954,-0.84375,-0.725,-0.5229166666666667,16
1031,-0.36458333333333337,0.1245652160739729,-0.5437500000000001,-0.35,-0.15208333333333332,16
1032,0.5177083333333333,0.09921020577821393,0.38958333333333334,0.4916666666666667,0.6875,16
1033,0.08333333333333333,0.15855247992033708,-0.1875,0.07500000000000001,0.30416666666666664,16
1034,0.03229166666666666,0.10872824654717017,-0.12708333333333333,0.016666666666666666,0.22916666666666666,16
1035,-0.8395833333333333,0.04709439398107213,-0.93125,-0.8333333333333334,-0.7729166666666667,16
1036,-0.328125,0.12798094883180422,-0.5583333333333333,-0.31666666666666665,-0.13958333333333334,16
1037,-0.7447916666666667,0.07137507297135792,-0.8708333333333333,-0.75,-0.6124999999999999,16
1038,0.004166666666666666,0.1349511228391804,-0.20833333333333334,0.0,0.23125,16
1039,-0.8822916666666667,0.045821494683172426,-0.94375,-0.8833333333333333,-0.7791666666666667,16
1040,-0.4041666666666667,0.09418878796214429,-0.5145833333333333,-0.43333333333333335,-0.18541666666666667,16
1041,-0.19895833333333335,0.11264939925617791,-0.40208333333333335,-0.18333333333333335,-0.025,16
1042,-0.30104166666666665,0.12211514801612451,-0.48125,-0.3333333333333333,-0.08333333333333333,16
1043,0.5364583333333333,0.09740001105122,0.35,0.5333333333333333,0.6833333333333333,16
1044,-0.8125,0.0667967480911725,-0.9,-0.8166666666666667,-0.7,16
1045,0.3541666666666667,0.1188048119115271,0.17291666666666666,0.375,0.5333333333333333,16
1046,-0.6958333333333333,0.07511565157216644,-0.7833333333333333,-0.7,-0.5541666666666667,16
1047,-0.7145833333333333,0.05709245669185299,-0.8104166666666667,-0.725,-0.6083333333333334,16
1048,0.19166666666666665,0.13333333333333333,-0.008333333333333331,0.20833333333333331,0.4166666666666667,16
1049,-0.11979166666666667,0.11353210968953037,-0.29375,-0.10833333333333334,0.08333333333333333,16
1050,-0.7854166666666667,0.06005639710583158,-0.8666666666666667,-0.7916666666666667,-0.6520833333333333,16
1051,-0.5260416666666667,0.10188650241813191,-0.6854166666666667,-0.525,-0.33125,16
1052,-0.4427083333333333,0.1271985475000053,-0.6541666666666667,-0.42500000000000004,-0.21250000000000002,16
1053,-0.9322916666666666,0.04102368472399004,-1.0,-0.9333333333333333,-0.8624999999999999,16
1054,-0.134375,0.12310631555917655,-0.31666666666666665,-0.14166666666666666,0.09166666666666667,16
1055,0.6375,0.07761640004248815,0.49375,0.65,0.7583333333333333,16
1056,-0.6343749999999999,0.08003227430577962,-0.74375,-0.65,-0.4895833333333333,16
1057,0.05,0.1479019945774904,-0.21666666666666667,0.03333333333333333,0.32708333333333334,16
1058,-0.8541666666666666,0.06414501799308603,-0.9708333333333333,-0.8416666666666667,-0.7625,16
1059,-0.8968750000000001,0.03239231626138794,-0.94375,-0.9,-0.8291666666666666,16
1060,-0.8864583333333333,0.04496092053105674,-0.9541666666666667,-0.9,-0.7958333333333333,16
1061,-0.7333333333333334,0.04965156369922078,-0.8208333333333334,-0.7333333333333333,-0.65,16
1062,-0.625,0.06846531968814575,-0.7166666666666667,-0.6333333333333333,-0.50625,16
1063,0.6302083333333333,0.10428638953222354,0.4375,0.6583333333333333,0.8062499999999999,16
1064,-0.9375,0.03703414340548162,-1.0,-0.9333333333333333,-0.8833333333333333,16
1065,-0.7739583333333333,0.08436213893750627,-0.9104166666666667,-0.7833333333333333,-0.6333333333333333,16
1066,0.06666666666666667,0.13162974165776095,-0.16041666666666665,0.05,0.28125,16
1067,0.15000000000000002,0.13359349618234498,-0.09999999999999999,0.18333333333333335,0.3104166666666667,16
1068,-0.9020833333333332,0.03479852726768763,-0.94375,-0.9166666666666666,-0.8395833333333333,16
1069,-0.24479166666666666,0.13953279557747944,-0.4166666666666667,-0.24166666666666667,0.004166666666666666,16
1070,-0.51875,0.05976661786575439,-0.6041666666666667,-0.5333333333333333,-0.43333333333333335,16
1071,-0.5583333333333333,0.11681538140730155,-0.7625,-0.5583333333333333,-0.37083333333333335,16
1072,-0.15000000000000002,0.11606990230986766,-0.29791666666666666,-0.15833333333333333,0.11041666666666666,16
1073,-0.43125,0.09425788354886351,-0.6166666666666667,-0.43333333333333335,-0.30624999999999997,16
1074,-0.6302083333333333,0.08400122973636887,-0.7833333333333333,-0.6166666666666667,-0.4979166666666667,16
1075,-0.48854166666666665,0.1136085429959678,-0.68125,-0.5,-0.29583333333333334,16
1076,-0.6906249999999999,0.07838844470895495,-0.8041666666666667,-0.7166666666666667,-0.5354166666666667,16
1077,-0.28541666666666665,0.09145335028186653,-0.4479166666666667,-0.2833333333333333,-0.14166666666666666,16
1078,0.38125,0.1011865370381741,0.25,0.375,0.5333333333333333,16
1079,-0.20729166666666665,0.07926939606669005,-0.3333333333333333,-0.2,-0.06041666666666666,16
1080,0.2572916666666667,0.08935897292195488,0.09999999999999999,0.24166666666666667,0.4041666666666667,16
1081,-0.4520833333333333,0.0933324032691755,-0.59375,-0.4666666666666667,-0.31875,16
1082,0.14375,0.12245676674737996,-0.12291666666666666,0.16666666666666666,0.30833333333333335,16
1083,0.059375,0.12289459547605101,-0.15833333333333333,0.06666666666666667,0.2708333333333333,16
1084,-0.3604166666666667,0.0922095665680447,-0.48333333333333334,-0.375,-0.17708333333333331,16
1085,-0.6031249999999999,0.07411954261341755,-0.7208333333333333,-0.6166666666666667,-0.47291666666666665,16
1086,-0.26145833333333335,0.12592970233648437,-0.46458333333333335,-0.26666666666666666,-0.03958333333333333,16
1087,-0.11354166666666667,0.09302380780985287,-0.29583333333333334,-0.1,0.04583333333333333,16
1088,-0.46354166666666663,0.0773292810540311,-0.5875,-0.48333333333333334,-0.35,16
1089,-0.95625,0.029389033290970593,-1.0,-0.9666666666666667,-0.9166666666666666,16
1090,0.3677083333333333,0.10197166511394777,0.18958333333333333,0.375,0.5104166666666667,16
1091,-0.2145833333333333,0.10204080746882047,-0.36041666666666666,-0.21666666666666667,-0.04583333333333334,16
1092,-0.8354166666666667,0.08141009867741636,-0.9875,-0.8583333333333334,-0.7124999999999999,16
1093,0.3697916666666667,0.13046641090717565,0.09375,0.3916666666666667,0.5541666666666667,16
1094,-0.6822916666666667,0.0917554021267655,-0.8541666666666667,-0.6833333333333333,-0.5520833333333334,16
1095,0.015625,0.1308981726275131,-0.17500000000000002,-0.008333333333333333,0.2708333333333333,16
1096,-0.25625,0.0987552741207611,-0.38333333333333336,-0.26666666666666666,-0.07083333333333333,16
1097,-0.36354166666666665,0.1190557102905097,-0.5541666666666667,-0.3666666666666667,-0.15833333333333333,16
1098,-0.315625,0.1381259426815494,-0.5208333333333334,-0.3416666666666667,-0.12291666666666667,16
1099,0.7302083333333333,0.08233121412589788,0.5895833333333333,0.7333333333333333,0.8583333333333333,16
1100,0.1625,0.1176299517791092,0.014583333333333334,0.13333333333333333,0.43125,16
1101,0.19374999999999998,0.08617549116644348,0.03333333333333333,0.20833333333333334,0.32499999999999996,16
1102,-0.31145833333333334,0.12702782257573864,-0.5583333333333333,-0.31666666666666665,-0.1125,16
1103,-0.6947916666666667,0.08989166898427116,-0.8416666666666667,-0.7,-0.5083333333333333,16
1104,-0.7114583333333333,0.08634530764771052,-0.8708333333333333,-0.6916666666666667,-0.5895833333333333,16
1105,-0.7239583333333333,0.0637292313664268,-0.84375,-0.7083333333333333,-0.61875,16
1106,-0.6208333333333333,0.06959705453537526,-0.7104166666666667,-0.6166666666666667,-0.4854166666666667,16
1107,-0.840625,0.048580099234837575,-0.9166666666666666,-0.8416666666666667,-0.7458333333333333,16
1108,-0.4552083333333334,0.08285670989726783,-0.59375,-0.475,-0.32291666666666663,16
1109,-0.2375,0.11016086722001904,-0.45,-0.19166666666666665,-0.10625000000000001,16
1110,-0.8739583333333334,0.0513595543150877,-0.9604166666666667,-0.875,-0.7895833333333333,16
1111,0.20208333333333334,0.12330447297464742,0.06666666666666667,0.15833333333333333,0.42083333333333334,16
1112,-0.26875,0.09126331714087296,-0.39375000000000004,-0.26666666666666666,-0.11666666666666667,16
1113,-0.7072916666666667,0.08538490263051321,-0.85625,-0.7166666666666667,-0.55625,16
1114,-0.6635416666666667,0.0759702861321451,-0.8041666666666667,-0.6416666666666666,-0.5520833333333334,16
1115,-0.8177083333333333,0.054794043040989206,-0.9041666666666667,-0.825,-0.7229166666666667,16
1116,0.6666666666666666,0.06795627679291703,0.5625,0.65,0.7770833333333333,16
1117,-0.6354166666666667,0.05199993322645285,-0.69375,-0.65,-0.5291666666666667,16
1118,0.007291666666666667,0.11769911468325589,-0.20416666666666666,0.025,0.15416666666666667,16
1119,-0.8156249999999999,0.0605153647844909,-0.9,-0.8333333333333334,-0.7166666666666667,16
1120,-0.040624999999999994,0.09627953190522318,-0.22708333333333333,-0.008333333333333333,0.06041666666666667,16
1121,-0.5739583333333333,0.10068666157661818,-0.7104166666666667,-0.575,-0.38541666666666663,16
1122,-0.8010416666666667,0.06276852039659511,-0.9249999999999999,-0.7833333333333333,-0.7229166666666667,16
1123,-0.909375,0.04123474044351975,-0.9604166666666667,-0.9166666666666666,-0.8250000000000001,16
1124,-0.5052083333333334,0.09731084750256093,-0.6270833333333333,-0.5333333333333334,-0.31875,16
1125,0.029166666666666667,0.11748226816559737,-0.17500000000000002,0.04166666666666667,0.21041666666666667,16
1126,-0.815625,0.05285881023485531,-0.8833333333333333,-0.8333333333333334,-0.7229166666666667,16
1127,-0.14479166666666665,0.15419129870787854,-0.4104166666666667,-0.15,0.09791666666666667,16
1128,0.4864583333333333,0.12447371850002001,0.24166666666666667,0.5166666666666667,0.6479166666666667,16
1129,0.14479166666666665,0.11766223286027962,-0.06458333333333333,0.15,0.33125,16
1130,0.18645833333333334,0.11152645893090424,0.03958333333333333,0.16666666666666666,0.4,16
1131,-0.3104166666666667,0.11469691340417337,-0.4979166666666667,-0.32499999999999996,-0.10833333333333334,16
1132,-0.6197916666666667,0.1086883206313662,-0.7916666666666666,-0.6416666666666666,-0.42708333333333337,16
1133,-0.39375,0.10221080476696734,-0.5770833333333334,-0.38333333333333336,-0.26666666666666666,16
1134,0.33958333333333335,0.09963039334348621,0.17083333333333334,0.3333333333333333,0.5395833333333333,16
1135,0.019791666666666666,0.13019999973331625,-0.18958333333333333,0.016666666666666666,0.28125,16
1136,-0.42083333333333334,0.11777745020918809,-0.6,-0.45,-0.24583333333333335,16
1137,0.559375,0.11531489947819694,0.34791666666666665,0.5916666666666667,0.7104166666666667,16
1138,0.3197916666666667,0.12586075170379543,0.13333333333333333,0.30833333333333335,0.5395833333333333,16
1139,0.31562500000000004,0.11688502630790654,0.1125,0.3,0.5395833333333333,16
1140,-0.15104166666666666,0.08808706827464644,-0.27708333333333335,-0.14166666666666666,0.008333333333333331,16
1141,-0.05520833333333333,0.1471628385213695,-0.27708333333333335,-0.058333333333333334,0.24375,16
1142,-0.9041666666666667,0.04018187817080396,-0.9708333333333333,-0.9166666666666666,-0.81875,16
1143,-0.5885416666666666,0.12014440819049566,-0.74375,-0.6083333333333334,-0.36875,16
1144,-0.6229166666666666,0.09769478406411129,-0.7375,-0.65,-0.3958333333333333,16
1145,0.5114583333333333,0.06889977372564036,0.42291666666666666,0.5,0.65625,16
1146,-0.23541666666666666,0.09945598551900009,-0.3958333333333333,-0.26666666666666666,-0.03958333333333333,16
1147,-0.4395833333333334,0.13435481114488523,-0.6729166666666666,-0.43333333333333335,-0.21250000000000002,16
1148,-0.7520833333333334,0.08225869592666513,-0.8833333333333333,-0.7583333333333333,-0.5875,16
1149,0.440625,0.10991928067399684,0.23333333333333334,0.4666666666666667,0.5770833333333334,16
1150,-0.8520833333333333,0.056172786511303176,-0.94375,-0.85,-0.75,16
1151,-0.6166666666666667,0.08579691784155834,-0.7458333333333333,-0.6333333333333333,-0.4479166666666667,16
1152,-0.13958333333333334,0.13640663779059042,-0.42500000000000004,-0.125,0.07916666666666666,16
1153,-0.9114583333333333,0.04398498402232794,-0.9770833333333333,-0.9166666666666666,-0.8291666666666666,16
1154,0.08229166666666667,0.15494944852183962,-0.17916666666666667,0.09166666666666667,0.3104166666666667,16
1155,-0.784375,0.0480410523233342,-0.8604166666666667,-0.7833333333333333,-0.6895833333333333,16
1156,0.590625,0.11666201627636419,0.38125,0.6083333333333334,0.75,16
1157,-0.4927083333333333,0.09877175393299444,-0.6166666666666667,-0.5083333333333333,-0.3145833333333333,16
1158,-0.37812500000000004,0.06554227590308073,-0.5020833333333333,-0.375,-0.2625,16
1159,-0.046875,0.10900731849793899,-0.23541666666666666,-0.04166666666666667,0.15833333333333333,16
1160,-0.8260416666666667,0.06820331889529521,-0.9208333333333334,-0.8416666666666667,-0.6770833333333333,16
1161,0.36458333333333337,0.0987552741207611,0.21875,0.36666666666666664,0.5666666666666667,16
1162,-0.37187499999999996,0.11222477908940907,-0.56875,-0.35,-0.18125,16
1163,-0.6312500000000001,0.070925185543955,-0.7375,-0.6416666666666666,-0.4854166666666667,16
1164,-0.365625,0.0695892587297462,-0.49375,-0.3583333333333333,-0.24583333333333335,16
1165,0.30833333333333335,0.08518770125108698,0.18125,0.29166666666666663,0.4916666666666667,16
1166,0.30104166666666665,0.17154007771914087,-0.037500000000000006,0.32499999999999996,0.5437500000000001,16
1167,-0.63125,0.07427309779156617,-0.74375,-0.6499999999999999,-0.50625,16
1168,-0.78125,0.04244072664054868,-0.8604166666666667,-0.7833333333333333,-0.7166666666666667,16
1169,-0.9104166666666667,0.0411952498610108,-0.98125,-0.9083333333333333,-0.8395833333333333,16
1170,0.04791666666666666,0.14323579530115912,-0.22916666666666666,0.06666666666666667,0.275,16
1171,-0.26145833333333335,0.09330333409250592,-0.45416666666666666,-0.24166666666666667,-0.13541666666666666,16
1172,0.12291666666666666,0.08351542605344768,-0.018750000000000003,0.11666666666666667,0.3020833333333333,16
1173,-0.9156249999999999,0.04505735157058785,-0.9666666666666667,-0.9333333333333333,-0.8395833333333333,16
1174,-0.7979166666666666,0.061766529501556644,-0.8604166666666667,-0.825,-0.6895833333333333,16
1175,0.5427083333333333,0.0803570050704286,0.39583333333333337,0.55,0.6604166666666667,16
1176,0.28437500000000004,0.09042122684352878,0.13125,0.25,0.42708333333333337,16
1177,0.5239583333333333,0.10407808733777196,0.36041666666666666,0.4916666666666667,0.71875,16
1178,-0.3541666666666667,0.12876280950302038,-0.5833333333333334,-0.3333333333333333,-0.15625,16
1179,-0.8979166666666667,0.041195249861010814,-0.9604166666666667,-0.8916666666666666,-0.85,16
1180,-0.059375,0.09753360353972595,-0.24583333333333332,-0.05,0.09999999999999999,16
1181,-0.16145833333333331,0.0867465076946745,-0.32916666666666666,-0.15833333333333333,-0.0125,16
1182,-0.029166666666666664,0.14197270864500683,-0.2875,0.0,0.16041666666666665,16
1183,0.4927083333333333,0.09279022600288603,0.31875,0.5166666666666667,0.6270833333333333,16
1184,-0.23645833333333333,0.10884793642457762,-0.4604166666666667,-0.225,-0.07291666666666666,16
1185,-0.8562500000000001,0.05166498653182185,-0.9333333333333333,-0.8666666666666667,-0.7625,16
1186,-0.83125,0.05396597436245257,-0.93125,-0.8333333333333333,-0.7458333333333333,16
1187,-0.16145833333333331,0.12243461265099832,-0.32708333333333334,-0.175,0.043750000000000004,16
1188,0.21354166666666666,0.15037207903323602,-0.02291666666666667,0.20833333333333334,0.4791666666666667,16
1189,-0.7020833333333334,0.0893407568432982,-0.8416666666666667,-0.7,-0.5458333333333333,16
1190,-0.7666666666666667,0.07546154281781182,-0.8875000000000001,-0.775,-0.6020833333333333,16
1191,-0.7958333333333333,0.06782841915041544,-0.9,-0.8,-0.6854166666666667,16
1192,-0.5750000000000001,0.0731247032282677,-0.6708333333333334,-0.5833333333333334,-0.41666666666666663,16
1193,0.027083333333333334,0.12188835396925062,-0.19583333333333333,0.008333333333333333,0.27708333333333335,16
1194,-0.7770833333333333,0.057697426767192625,-0.8604166666666667,-0.7916666666666667,-0.66875,16
1195,-0.375,0.11426091000668408,-0.5875,-0.36666666666666664,-0.20833333333333331,16
1196,0.13020833333333331,0.08940753098717256,-0.02291666666666667,0.10833333333333334,0.2833333333333333,16
1197,-0.6520833333333333,0.07858890047441673,-0.7958333333333334,-0.6416666666666666,-0.5333333333333333,16
1198,-0.47395833333333337,0.10880805442766328,-0.6270833333333333,-0.4916666666666667,-0.26666666666666666,16
1199,0.59375,0.09997829625584856,0.4354166666666667,0.6166666666666667,0.7375,16
1200,-0.33958333333333335,0.10734727523323542,-0.5208333333333334,-0.3416666666666667,-0.1125,16
1201,-0.6010416666666667,0.07228145941387734,-0.7208333333333333,-0.5833333333333334,-0.47291666666666665,16
1202,-0.915625,0.046944393080182285,-0.9875,-0.925,-0.8229166666666666,16
1203,-0.653125,0.08604317997054992,-0.8208333333333334,-0.65,-0.5395833333333333,16
1204,0.11041666666666666,0.11649913566679844,-0.043750000000000004,0.09166666666666667,0.29375,16
1205,-0.7375,0.09023503261544882,-0.8541666666666667,-0.75,-0.53125,16
1206,0.48854166666666665,0.10569195773830456,0.32499999999999996,0.4916666666666667,0.6666666666666666,16
1207,-0.828125,0.05161245475765623,-0.9041666666666667,-0.8416666666666667,-0.7395833333333333,16
1208,-0.35833333333333334,0.15218318639791395,-0.5479166666666667,-0.3916666666666667,-0.10625000000000001,16
1209,-0.778125,0.05704492320872113,-0.8666666666666667,-0.775,-0.6895833333333333,16
1210,0.16041666666666668,0.10372824403753834,0.0020833333333333363,0.16666666666666666,0.35208333333333336,16
1211,-0.8885416666666668,0.048490674217947415,-0.94375,-0.9083333333333333,-0.7854166666666667,16
1212,-0.8958333333333334,0.043501277120460605,-0.95,-0.9,-0.8229166666666666,16
1213,0.47708333333333336,0.07968579791210532,0.32291666666666663,0.4916666666666667,0.5770833333333334,16
1214,-0.6979166666666666,0.07902948640996106,-0.8104166666666667,-0.7166666666666667,-0.525,16
1215,-0.6864583333333334,0.10756437833275062,-0.8270833333333334,-0.7083333333333333,-0.4666666666666667,16
1216,-0.07916666666666666,0.133788286316686,-0.26875,-0.11666666666666667,0.19791666666666666,16
1217,-0.63125,0.10472765606297336,-0.8041666666666667,-0.6166666666666667,-0.44375000000000003,16
1218,-0.7083333333333334,0.08740073734751264,-0.84375,-0.6916666666666667,-0.5395833333333333,16
1219,0.27187500000000003,0.14442399361101865,0.03958333333333333,0.26666666666666666,0.5395833333333333,16
1220,-0.9489583333333333,0.021625561970861122,-0.9833333333333333,-0.95,-0.9125,16
1221,-0.30416666666666664,0.10499669306961795,-0.4854166666666667,-0.3,-0.14166666666666666,16
1222,-0.8385416666666667,0.05942979927331631,-0.9333333333333333,-0.8416666666666667,-0.7395833333333333,16
1223,-0.6541666666666666,0.08175590362645242,-0.8145833333333333,-0.6333333333333333,-0.5333333333333333,16
1224,0.46041666666666664,0.11209417543595505,0.30624999999999997,0.4666666666666667,0.64375,16
1225,-0.6729166666666666,0.10101481602000548,-0.8208333333333334,-0.6833333333333333,-0.45208333333333334,16
1226,-0.6989583333333333,0.07783278684676101,-0.83125,-0.6833333333333333,-0.56875,16
1227,-0.8760416666666666,0.03171528614091318,-0.9270833333333334,-0.875,-0.8333333333333334,16
1228,-0.9208333333333334,0.038864079387870065,-0.9666666666666667,-0.9333333333333333,-0.8291666666666666,16
1229,-0.346875,0.10294597254817155,-0.5125000000000001,-0.3583333333333333,-0.14791666666666667,16
1230,-0.5677083333333333,0.0834309324298315,-0.6749999999999999,-0.6,-0.3875,16
1231,0.5197916666666667,0.10038446060300148,0.375,0.48333333333333334,0.6770833333333334,16
1232,-0.921875,0.03851350322361698,-0.9770833333333333,-0.9333333333333333,-0.85625,16
1233,-0.6239583333333334,0.10103092726432282,-0.7541666666666667,-0.6333333333333333,-0.41041666666666665,16
1234,-0.8739583333333334,0.053673637616617705,-0.9666666666666667,-0.8833333333333333,-0.7791666666666667,16
1235,-0.7583333333333333,0.05464532103585002,-0.8541666666666667,-0.7583333333333333,-0.6666666666666666,16
1236,-0.5270833333333333,0.11317314046284226,-0.6979166666666666,-0.5416666666666667,-0.35624999999999996,16
1237,-0.8958333333333333,0.05574620066774853,-0.9604166666666667,-0.8916666666666666,-0.76875,16
1238,-0.048958333333333326,0.11094116777974411,-0.23333333333333334,-0.04166666666666667,0.12083333333333333,16
1239,-0.6510416666666667,0.07179947723037791,-0.8020833333333334,-0.6333333333333333,-0.5666666666666667,16
1240,-0.06770833333333333,0.1228239410135952,-0.2375,-0.06666666666666667,0.17083333333333334,16
1241,-0.02291666666666667,0.1139375742822943,-0.15,-0.05,0.2375,16
1242,-0.6,0.1030776406404415,-0.75,-0.6083333333333334,-0.45625,16
1243,-0.64375,0.08677777333191053,-0.7708333333333334,-0.6416666666666666,-0.4791666666666667,16
1244,-0.8302083333333333,0.0700244872844096,-0.9520833333333333,-0.8166666666666667,-0.6958333333333333,16
1245,0.19479166666666664,0.10764504910687822,-0.03333333333333333,0.23333333333333334,0.33125,16
1246,-0.6885416666666666,0.08008648753760593,-0.8041666666666667,-0.7,-0.5354166666666667,16
1247,-0.6645833333333333,0.07356851492920655,-0.7666666666666667,-0.6666666666666666,-0.5291666666666667,16
1248,0.3520833333333333,0.09370369226687092,0.15000000000000002,0.375,0.4875,16
1249,-0.5583333333333333,0.10391636594449938,-0.7333333333333333,-0.5833333333333334,-0.41250000000000003,16
1250,-0.746875,0.049727992759500066,-0.8333333333333334,-0.7333333333333333,-0.6583333333333333,16
1251,-0.50625,0.07380412326632646,-0.6041666666666667,-0.525,-0.3729166666666667,16
1252,-0.125,0.16791201399674904,-0.4041666666666667,-0.15833333333333333,0.16041666666666665,16
1253,-0.825,0.054006172486732174,-0.9,-0.8166666666666667,-0.725,16
1254,-0.4677083333333333,0.1124951773657678,-0.6791666666666667,-0.45,-0.26458333333333334,16
1255,-0.265625,0.08669645922220046,-0.42291666666666666,-0.275,-0.13125,16
1256,-0.16145833333333331,0.1476339728197936,-0.4625,-0.175,0.07083333333333333,16
1257,-0.8656250000000001,0.034595253969615845,-0.9375,-0.8583333333333334,-0.8229166666666666,16
1258,-0.09375,0.14042037581649056,-0.32916666666666666,-0.075,0.13125,16
1259,-0.5958333333333333,0.13076962355396013,-0.7479166666666667,-0.6333333333333333,-0.325,16
1260,-0.28125,0.12786643965047628,-0.47708333333333336,-0.2833333333333333,-0.04791666666666666,16
1261,-0.47291666666666665,0.09183223683555912,-0.6270833333333333,-0.5,-0.29166666666666663,16
1262,-0.775,0.056519416526043906,-0.8833333333333333,-0.7666666666666667,-0.6958333333333333,16
1263,-0.32395833333333335,0.10407808733777198,-0.48333333333333334,-0.32499999999999996,-0.15625,16
1264,-0.5510416666666667,0.12296520934123331,-0.7375,-0.55,-0.3729166666666667,16
1265,0.3177083333333333,0.1004276878460871,0.18333333333333332,0.29166666666666663,0.5083333333333333,16
1266,-0.7208333333333332,0.08322910148099243,-0.8375,-0.7416666666666667,-0.5729166666666666,16
1267,0.0010416666666666647,0.1023116070177551,-0.16666666666666666,0.016666666666666666,0.17083333333333334,16
1268,-0.36770833333333336,0.14842562086969877,-0.6270833333333333,-0.3583333333333333,-0.12291666666666667,16
1269,0.41875000000000007,0.1154512583541451,0.22083333333333333,0.4166666666666667,0.5833333333333334,16
1270,-0.35625,0.10555327117411169,-0.5479166666666667,-0.35,-0.20208333333333334,16
1271,0.5458333333333334,0.1085734518399615,0.33125,0.5416666666666667,0.7333333333333333,16
1272,0.165625,0.12848864384536954,-0.10625000000000001,0.15833333333333333,0.36041666666666666,16
1273,-0.546875,0.09094770131784527,-0.6666666666666666,-0.5666666666666667,-0.38958333333333334,16
1274,-0.159375,0.0679482927387518,-0.23333333333333334,-0.15833333333333333,-0.004166666666666673,16
1275,-0.45625,0.08677777333191054,-0.5875,-0.475,-0.32916666666666666,16
1276,-0.4239583333333333,0.08896955432743396,-0.5333333333333333,-0.44166666666666665,-0.2520833333333333,16
1277,-0.9041666666666667,0.04621056877670589,-0.9708333333333333,-0.9,-0.7979166666666667,16
1278,0.5885416666666666,0.10115972484420643,0.43333333333333335,0.6166666666666667,0.7416666666666667,16
1279,-0.375,0.10573814617041268,-0.5375000000000001,-0.3666666666666667,-0.23333333333333334,16
1280,0.58125,0.10472765606297338,0.4291666666666667,0.5833333333333334,0.7708333333333334,16
1281,0.3447916666666666,0.10319862691539178,0.15416666666666667,0.35,0.5,16
1282,0.21458333333333335,0.09258535851370406,0.07500000000000001,0.19166666666666665,0.4041666666666667,16
1283,0.41145833333333337,0.09855179651950656,0.225,0.4166666666666667,0.55,16
1284,0.009374999999999994,0.1527489714004284,-0.2,0.03333333333333333,0.2895833333333333,16
1285,-0.425,0.09090593428863097,-0.5583333333333333,-0.42500000000000004,-0.24166666666666667,16
1286,-0.041666666666666664,0.12774758097296576,-0.24375,-0.058333333333333334,0.18541666666666667,16
1287,-0.8666666666666667,0.05400617248673215,-0.9270833333333334,-0.8833333333333333,-0.7729166666666667,16
1288,-0.7635416666666666,0.06352458786870553,-0.8770833333333333,-0.7666666666666667,-0.6729166666666666,16
1289,-0.6812500000000001,0.10863339853736409,-0.8479166666666667,-0.6666666666666666,-0.4708333333333333,16
1290,0.4770833333333333,0.07657489978953795,0.32916666666666666,0.4916666666666667,0.59375,16
1291,-0.7791666666666666,0.044682522061515045,-0.85,-0.775,-0.7062499999999999,16
1292,-0.09479166666666666,0.13953279557747944,-0.29791666666666666,-0.1,0.18958333333333333,16
1293,0.46979166666666666,0.11550293857493171,0.2895833333333333,0.45833333333333337,0.6166666666666667,16
1294,-0.6749999999999999,0.0637377439199098,-0.7645833333333333,-0.6833333333333333,-0.5479166666666667,16
1295,-0.2989583333333333,0.11658758480453893,-0.5395833333333333,-0.275,-0.14583333333333331,16
1296,0.33958333333333335,0.11162856937182346,0.1375,0.35,0.525,16
1297,-0.9312499999999999,0.03054766312211496,-0.9666666666666667,-0.9333333333333333,-0.8729166666666667,16
1298,-0.2572916666666667,0.10374393389227364,-0.4104166666666667,-0.275,-0.09166666666666667,16
1299,-0.5875,0.1021470889344272,-0.7166666666666667,-0.6083333333333334,-0.3604166666666667,16
1300,-0.19895833333333335,0.10936507891512313,-0.37083333333333335,-0.21666666666666667,0.01458333333333333,16
1301,0.2822916666666666,0.11062774635636799,0.13541666666666666,0.2583333333333333,0.46458333333333335,16
1302,-0.36041666666666666,0.08657747814658395,-0.47708333333333336,-0.375,-0.22916666666666669,16
1303,-0.33854166666666663,0.10908692220986999,-0.5125000000000001,-0.3833333333333333,-0.16666666666666666,16
1304,0.34479166666666666,0.12634261591886653,0.15,0.3666666666666667,0.5729166666666667,16
1305,-0.7062499999999999,0.07018700219967924,-0.8270833333333334,-0.6833333333333333,-0.5916666666666667,16
1306,-0.26249999999999996,0.11792476415070756,-0.43333333333333335,-0.2583333333333333,-0.04791666666666666,16
1307,-0.7572916666666667,0.07568409078017799,-0.8708333333333333,-0.75,-0.6666666666666666,16
1308,0.05729166666666666,0.10896749483472379,-0.14791666666666667,0.06666666666666667,0.18333333333333332,16
1309,-0.678125,0.06839396446324778,-0.7875000000000001,-0.675,-0.5458333333333333,16
1310,-0.921875,0.03421680772011841,-0.9666666666666667,-0.9333333333333333,-0.8520833333333333,16
1311,-0.875,0.03864007706456543,-0.9333333333333333,-0.8833333333333333,-0.8166666666666667,16
1312,-0.6854166666666667,0.09388878616036458,-0.8333333333333334,-0.6833333333333333,-0.5145833333333333,16
1313,-0.7197916666666666,0.0632506999302511,-0.8104166666666667,-0.7166666666666667,-0.6020833333333333,16
1314,-0.9666666666666666,0.01559023911155808,-0.9833333333333333,-0.9666666666666667,-0.9395833333333333,16
1315,-0.8604166666666666,0.05678755487682921,-0.9375,-0.875,-0.7520833333333333,16
1316,0.30625,0.108313299429633,0.09999999999999999,0.3,0.49375,16
1317,-0.6749999999999999,0.050689687752485155,-0.7333333333333333,-0.6833333333333333,-0.5791666666666666,16
1318,-0.8062499999999999,0.07285711854185714,-0.9041666666666667,-0.825,-0.6729166666666666,16
1319,-0.7833333333333332,0.08249579113843056,-0.89375,-0.8,-0.6041666666666666,16
1320,-0.5677083333333333,0.08867636812527274,-0.7041666666666667,-0.575,-0.41875,16
1321,-0.0020833333333333294,0.10783136912172944,-0.1375,-0.008333333333333333,0.17916666666666667,16
1322,-0.703125,0.06129922908251876,-0.7937500000000001,-0.7083333333333333,-0.6,16
1323,-0.684375,0.08301370996206991,-0.7770833333333333,-0.7,-0.5291666666666667,16
1324,-0.7749999999999999,0.06666666666666667,-0.8645833333333334,-0.7833333333333333,-0.6291666666666667,16
1325,0.1375,0.16546441376387316,-0.06041666666666667,0.1,0.48541666666666666,16
1326,-0.016666666666666666,0.1398163477963543,-0.2833333333333333,-0.008333333333333333,0.225,16
1327,-0.08333333333333334,0.07772815877574013,-0.2,-0.1,0.05833333333333333,16
1328,-0.31666666666666665,0.09877724659274749,-0.5041666666666667,-0.3,-0.15833333333333333,16
1329,3.469446951953614e-18,0.0978945010372561,-0.19166666666666668,0.008333333333333333,0.1625,16
1330,-0.58125,0.10958808608197841,-0.7770833333333333,-0.5833333333333333,-0.4395833333333333,16
1331,0.5520833333333334,0.055862865324132996,0.46875,0.5416666666666667,0.6625,16
1332,0.25625,0.14552049779250267,-0.0062500000000000056,0.26666666666666666,0.5062500000000001,16
1333,-0.6552083333333334,0.07921462363239645,-0.7937500000000001,-0.65,-0.51875,16
1334,-0.7750000000000001,0.04787135538781693,-0.8666666666666667,-0.775,-0.7,16
1335,-0.8697916666666667,0.047587182418751754,-0.9270833333333334,-0.875,-0.7583333333333333,16
1336,0.6197916666666667,0.07732928105403108,0.5020833333333333,0.6166666666666667,0.7583333333333333,16
1337,0.04583333333333334,0.10163592431375389,-0.09375,0.03333333333333333,0.20416666666666666,16
1338,0.390625,0.09573704401757047,0.25,0.3916666666666667,0.56875,16
1339,-0.865625,0.04308774558322173,-0.94375,-0.8583333333333334,-0.7958333333333333,16
1340,-0.5947916666666666,0.07376735906814673,-0.7041666666666667,-0.6,-0.46875,16
1341,-0.43333333333333335,0.1068812944865055,-0.5437500000000001,-0.48333333333333334,-0.22083333333333333,16
1342,-0.6989583333333333,0.07915981329984721,-0.8333333333333334,-0.7,-0.5625,16
1343,-0.7302083333333333,0.0752815894381444,-0.8770833333333333,-0.7166666666666667,-0.6124999999999999,16
1344,-0.8895833333333334,0.0385838732863586,-0.9604166666666667,-0.8833333333333333,-0.8333333333333334,16
1345,0.4875,0.08946212730659955,0.33541666666666664,0.4916666666666667,0.64375,16
1346,-0.6729166666666666,0.0899218410621135,-0.8145833333333333,-0.6583333333333333,-0.5020833333333333,16
1347,-0.09479166666666666,0.08369064024064392,-0.25,-0.09166666666666667,0.041666666666666664,16
1348,-0.18020833333333333,0.156371480553698,-0.42708333333333337,-0.16666666666666666,0.05208333333333333,16
1349,-0.7677083333333333,0.07323590829565021,-0.8604166666666667,-0.7916666666666667,-0.6083333333333334,16
1350,-0.32291666666666663,0.1267755836551783,-0.47708333333333336,-0.3666666666666667,-0.12291666666666667,16
1351,-0.1625,0.10197698542100347,-0.2833333333333333,-0.2,0.016666666666666666,16
1352,0.44895833333333335,0.14559131703924594,0.15625,0.4916666666666667,0.6708333333333334,16
1353,-0.11145833333333334,0.11222477908940907,-0.2875,-0.1,0.05416666666666667,16
1354,-0.45416666666666666,0.08569568250501305,-0.5708333333333334,-0.45,-0.2791666666666667,16
1355,-0.4302083333333333,0.08584117075868794,-0.5958333333333333,-0.4166666666666667,-0.2895833333333333,16
1356,0.075,0.08838834764831845,-0.027083333333333334,0.03333333333333333,0.22708333333333333,16
1357,0.2833333333333333,0.1337233877990101,0.00208333333333334,0.30833333333333335,0.48125,16
1358,-0.8583333333333334,0.050689687752485155,-0.94375,-0.8583333333333334,-0.7895833333333333,16
1359,-0.7270833333333333,0.08757437315409874,-0.8375,-0.75,-0.5291666666666667,16
1360,-0.9156249999999999,0.03794584500018121,-0.99375,-0.9166666666666666,-0.85625,16
1361,-0.646875,0.0615817968910727,-0.7270833333333333,-0.6666666666666666,-0.5333333333333333,16
1362,-0.71875,0.09787233038788623,-0.8833333333333333,-0.7166666666666666,-0.5458333333333333,16
1363,-0.821875,0.05795075435708801,-0.89375,-0.8333333333333334,-0.6958333333333333,16
1364,-0.878125,0.037136548895783085,-0.9270833333333334,-0.8833333333333333,-0.8229166666666666,16
1365,-0.5291666666666668,0.09745012969605417,-0.69375,-0.525,-0.3458333333333333,16
1366,-0.040624999999999994,0.12747123177625433,-0.25416666666666665,-0.06666666666666667,0.2375,16
1367,-0.4135416666666667,0.07619846847031916,-0.5437500000000001,-0.4166666666666667,-0.26875,16
1368,-0.47916666666666674,0.13623152270226513,-0.6104166666666667,-0.5166666666666667,-0.15625,16
1369,-0.3958333333333333,0.1011221758292633,-0.5437500000000001,-0.38333333333333336,-0.20208333333333334,16
1370,-0.16145833333333331,0.15906833240780516,-0.43333333333333335,-0.19166666666666665,0.15833333333333333,16
1371,-0.83125,0.05460559342533816,-0.9104166666666667,-0.8333333333333334,-0.7229166666666667,16
1372,-0.49374999999999997,0.09997829625584857,-0.6583333333333333,-0.5083333333333333,-0.32291666666666663,16
1373,0.07708333333333334,0.0681794507164732,-0.027083333333333334,0.08333333333333333,0.18333333333333332,16
1374,0.6416666666666666,0.07144345083117601,0.5125,0.6416666666666666,0.7645833333333333,16
1375,-0.3802083333333333,0.11565314972652785,-0.5583333333333333,-0.3833333333333333,-0.175,16
1376,-0.20833333333333334,0.11055415967851334,-0.3979166666666667,-0.21666666666666667,-0.0020833333333333363,16
1377,-0.22708333333333333,0.13002069813858272,-0.4729166666666667,-0.21666666666666667,-0.04166666666666667,16
1378,-0.490625,0.10391114493482721,-0.6770833333333334,-0.4916666666666667,-0.35624999999999996,16
1379,-0.23333333333333334,0.10865337342004415,-0.41458333333333336,-0.20833333333333331,-0.08333333333333333,16
1380,-0.6895833333333334,0.055862865324133,-0.75,-0.7,-0.5854166666666667,16
1381,-0.3729166666666667,0.10271910863017542,-0.4875,-0.4,-0.13958333333333334,16
1382,-0.34895833333333337,0.08446497260534822,-0.45416666666666666,-0.38333333333333336,-0.17083333333333334,16
1383,-0.41666666666666663,0.08057949835755715,-0.5437500000000001,-0.3916666666666667,-0.275,16
1384,-0.8458333333333333,0.059072695328157614,-0.9270833333333334,-0.8583333333333334,-0.7333333333333333,16
1385,0.553125,0.09432117670491606,0.38125,0.55,0.69375,16
1386,0.39375,0.114848178769481,0.19166666666666665,0.4,0.5958333333333333,16
1387,-0.4708333333333333,0.09061901321221479,-0.5979166666666667,-0.475,-0.29583333333333334,16
1388,-0.9020833333333333,0.03626436496985251,-0.9645833333333333,-0.9083333333333333,-0.8395833333333333,16
1389,-0.8239583333333333,0.06263007298148922,-0.9166666666666666,-0.8333333333333334,-0.6979166666666666,16
1390,-0.4927083333333333,0.11440800980846286,-0.65,-0.4916666666666667,-0.27291666666666664,16
1391,0.184375,0.11402801038682459,-0.01458333333333333,0.21666666666666667,0.34791666666666665,16
1392,0.21770833333333336,0.12506508722128118,-0.012499999999999997,0.21666666666666667,0.4166666666666667,16
1393,-0.840625,0.04524959714369473,-0.9208333333333334,-0.8416666666666667,-0.7729166666666667,16
1394,-0.46458333333333335,0.07589169000036244,-0.5916666666666667,-0.475,-0.36666666666666664,16
1395,0.09999999999999999,0.12856040517117928,-0.06458333333333333,0.07500000000000001,0.35208333333333336,16
1396,-0.3145833333333333,0.14238482187368148,-0.6041666666666667,-0.31666666666666665,-0.1125,16
1397,-0.6458333333333334,0.10112217582926332,-0.8,-0.6416666666666666,-0.4625,16
1398,-0.19895833333333332,0.07276024889625134,-0.3104166666666667,-0.20833333333333334,-0.1,16
1399,-0.7947916666666666,0.06940189668797885,-0.9270833333333334,-0.7833333333333333,-0.7,16
1400,-0.6645833333333333,0.06584783595532961,-0.7666666666666667,-0.6583333333333333,-0.55625,16
1401,0.40104166666666663,0.10449427649132008,0.23333333333333334,0.4166666666666667,0.5437500000000001,16
1402,-0.12187500000000001,0.09605386762703057,-0.26458333333333334,-0.125,0.07291666666666667,16
1403,-0.06770833333333333,0.12658286015930875,-0.27708333333333335,-0.05,0.11666666666666667,16
1404,0.41875,0.10571762046971062,0.23541666666666666,0.44166666666666665,0.5875,16
1405,-0.7947916666666667,0.03666607480582925,-0.8645833333333334,-0.7916666666666667,-0.75,16
1406,-0.8604166666666666,0.06063180087856353,-0.94375,-0.8583333333333334,-0.7583333333333333,16
1407,-0.728125,0.07185990179586327,-0.8375,-0.7333333333333334,-0.5979166666666667,16
1408,-0.6208333333333333,0.07761640004248814,-0.7416666666666667,-0.5916666666666667,-0.4979166666666667,16
1409,0.2947916666666667,0.12770935290511984,0.12291666666666667,0.32499999999999996,0.5104166666666667,16
1410,-0.8104166666666667,0.06663410663216447,-0.9104166666666667,-0.8333333333333334,-0.7166666666666667,16
1411,-0.6583333333333334,0.08249579113843054,-0.7937500000000001,-0.6666666666666667,-0.5229166666666667,16
1412,-0.28229166666666666,0.1023116070177551,-0.4604166666666667,-0.2833333333333333,-0.13958333333333334,16
1413,-0.5375000000000001,0.11311559967081855,-0.7270833333333333,-0.5333333333333333,-0.3416666666666667,16
1414,-0.5239583333333334,0.09859582725844832,-0.6708333333333334,-0.5416666666666667,-0.3458333333333333,16
1415,-0.5510416666666667,0.08153662052176992,-0.6916666666666667,-0.5333333333333333,-0.41875,16
1416,-0.14270833333333333,0.11901924885169718,-0.33125,-0.15,0.05833333333333333,16
1417,0.017708333333333333,0.12268251001625655,-0.20416666666666666,0.016666666666666666,0.17083333333333334,16
1418,-0.6802083333333333,0.08254181389857304,-0.7770833333333333,-0.7,-0.48750000000000004,16
1419,-0.051041666666666666,0.11015594217845093,-0.21666666666666667,-0.03333333333333334,0.14166666666666666,16
1420,-0.559375,0.0788301510104689,-0.6604166666666667,-0.575,-0.41250000000000003,16
1421,-0.09375,0.09662265521087691,-0.22708333333333333,-0.11666666666666667,0.07708333333333334,16
1422,-0.45,0.07905694150420947,-0.6104166666666667,-0.4166666666666667,-0.38333333333333336,16
1423,-0.7875000000000001,0.04310033513661917,-0.85,-0.7666666666666667,-0.7124999999999999,16
1424,0.6166666666666667,0.08228507357554792,0.4895833333333333,0.6166666666666667,0.7666666666666667,16
1425,-0.328125,0.08833308765689106,-0.475,-0.35,-0.15833333333333333,16
1426,0.053125000000000006,0.11876370534945992,-0.13541666666666666,0.03333333333333333,0.25,16
1427,0.4666666666666667,0.08416254115301733,0.3395833333333333,0.45833333333333337,0.6041666666666667,16
1428,-0.9489583333333333,0.0319878177766335,-0.99375,-0.95,-0.9,16
1429,-0.934375,0.03144039223497201,-0.99375,-0.9333333333333333,-0.8895833333333333,16
1430,-0.08958333333333332,0.10927078368286129,-0.2833333333333333,-0.08333333333333333,0.08333333333333333,16
1431,-0.4291666666666667,0.11821884132592589,-0.5666666666666667,-0.475,-0.19374999999999998,16
1432,-0.515625,0.07849910429425293,-0.6541666666666667,-0.5083333333333333,-0.38541666666666663,16
1433,-0.2,0.13110110602126895,-0.45416666666666666,-0.18333333333333335,-0.014583333333333334,16
1434,0.1395833333333333,0.1301541553953106,-0.07916666666666666,0.125,0.34375,16
1435,0.18020833333333333,0.10852847008709025,-0.010416666666666671,0.175,0.36458333333333337,16
1436,-0.7093750000000001,0.06207319548099826,-0.8041666666666667,-0.7166666666666667,-0.5916666666666667,16
1437,-0.859375,0.049989148127924286,-0.93125,-0.8666666666666667,-0.7520833333333333,16
1438,0.403125,0.09846367597297549,0.26666666666666666,0.4083333333333333,0.6104166666666667,16
1439,-0.95,0.03385016001931648,-0.99375,-0.95,-0.8791666666666667,16
1440,-0.4125,0.0846766726370899,-0.5437500000000001,-0.42500000000000004,-0.2895833333333333,16
1441,-0.3260416666666667,0.11710761165839449,-0.47708333333333336,-0.36666666666666664,-0.09583333333333333,16
1442,-0.6135416666666667,0.10158787076275942,-0.78125,-0.6333333333333333,-0.42291666666666666,16
1443,-0.7364583333333332,0.05144399260360728,-0.8479166666666667,-0.725,-0.65625,16
1444,-0.7125,0.05384519993050037,-0.7937500000000001,-0.7083333333333333,-0.6124999999999999,16
1445,-0.8843749999999999,0.03558477260945565,-0.9166666666666666,-0.8833333333333333,-0.7979166666666667,16
1446,-0.46145833333333336,0.08892075709116892,-0.6041666666666667,-0.45833333333333337,-0.3333333333333333,16
1447,-0.15104166666666669,0.10999822441748776,-0.37083333333333335,-0.15,0.02916666666666666,16
1448,-0.5114583333333333,0.10218426133162037,-0.6749999999999999,-0.5,-0.32083333333333336,16
1449,-0.4302083333333333,0.08062661497090566,-0.56875,-0.4166666666666667,-0.3125,16
1450,-0.43854166666666666,0.11050998415175989,-0.6416666666666666,-0.44166666666666665,-0.2625,16
1451,-0.734375,0.05573646759029896,-0.8333333333333334,-0.7333333333333333,-0.6395833333333333,16
1452,-0.7895833333333333,0.06584783595532963,-0.89375,-0.7916666666666667,-0.6666666666666666,16
1453,0.043750000000000004,0.1399249550850582,-0.20833333333333331,0.05,0.2895833333333333,16
1454,-0.5229166666666667,0.09840304732182954,-0.6833333333333333,-0.5,-0.375,16
1455,-0.6635416666666667,0.09339632361013407,-0.8375,-0.65,-0.5020833333333333,16
1456,-0.19374999999999998,0.15067844257077903,-0.4375,-0.18333333333333332,0.08750000000000001,16
1457,-0.825,0.04750730937913075,-0.9,-0.8416666666666667,-0.75,16
1458,-0.43854166666666666,0.08348293862620475,-0.5708333333333334,-0.45,-0.2895833333333333,16
1459,0.17916666666666667,0.10680004681646912,-0.002083333333333333,0.19166666666666665,0.32708333333333334,16
1460,-0.80625,0.06091746465505604,-0.9208333333333334,-0.8083333333333333,-0.7124999999999999,16
1461,-0.8656250000000001,0.05876883563306888,-0.9479166666666666,-0.875,-0.7395833333333334,16
1462,-0.26875,0.1393032014867011,-0.48333333333333334,-0.2833333333333333,-0.03958333333333333,16
1463,-0.58125,0.07968579791210531,-0.73125,-0.5833333333333334,-0.45,16
1464,-0.18645833333333334,0.13971930566317597,-0.4375,-0.16666666666666666,0.025,16
1465,-0.8145833333333333,0.05166498653182185,-0.9083333333333333,-0.8083333333333333,-0.75,16
1466,-0.06041666666666667,0.13729466992162837,-0.34375,-0.04166666666666667,0.12083333333333333,16
1467,-0.6760416666666667,0.06235225592907159,-0.7770833333333333,-0.6833333333333333,-0.5416666666666667,16
1468,0.15937500000000002,0.14624569675530438,-0.07708333333333334,0.15833333333333333,0.39375000000000004,16
1469,-0.021875,0.12072103258477096,-0.22708333333333333,-0.025,0.22291666666666665,16
1470,-0.5208333333333334,0.06360140634364062,-0.64375,-0.5166666666666667,-0.42291666666666666,16
1471,0.2864583333333333,0.10226917607470982,0.10416666666666666,0.2833333333333333,0.42708333333333337,16
1472,-0.2635416666666667,0.14979369493295325,-0.475,-0.275,0.01458333333333333,16
1473,-0.04375,0.07309501997020347,-0.17083333333333334,-0.05,0.08750000000000001,16
1474,-0.8687499999999999,0.05888872510459402,-0.9708333333333333,-0.8666666666666667,-0.7895833333333333,16
1475,-0.4270833333333333,0.14528169476342617,-0.6354166666666666,-0.45,-0.10833333333333334,16
1476,0.359375,0.0752239134370034,0.23541666666666666,0.35,0.47708333333333336,16
1477,-0.28645833333333337,0.10642856726723118,-0.46875,-0.3,-0.08333333333333334,16
1478,-0.3989583333333333,0.08887193306163152,-0.5333333333333333,-0.375,-0.2833333333333333,16
1479,0.35,0.12815463749358083,0.14583333333333331,0.3416666666666667,0.5875,16
1480,-0.5447916666666666,0.07423656584415346,-0.6916666666666667,-0.55,-0.4395833333333333,16
1481,0.446875,0.11214740269197303,0.19583333333333333,0.45833333333333337,0.5604166666666667,16
1482,-0.11562499999999999,0.11448385833576909,-0.2604166666666667,-0.15833333333333333,0.05833333333333333,16
1483,0.10625000000000001,0.11575161985907584,-0.05416666666666667,0.13333333333333333,0.35000000000000003,16
1484,-0.9104166666666667,0.03326816546389856,-0.9604166666666667,-0.9166666666666666,-0.8395833333333333,16
1485,-0.4822916666666667,0.10315656082705874,-0.6541666666666667,-0.475,-0.31875,16
1486,0.4135416666666667,0.13452833628603636,0.17291666666666666,0.43333333333333335,0.6333333333333333,16
1487,-0.5270833333333333,0.12302255326203856,-0.6708333333333334,-0.55,-0.24166666666666664,16
1488,-0.5427083333333333,0.10407808733777195,-0.68125,-0.5833333333333333,-0.32708333333333334,16
1489,0.2614583333333333,0.10252349832274224,0.08958333333333333,0.26666666666666666,0.41875,16
1490,0.17916666666666667,0.12889756915215017,0.016666666666666666,0.14166666666666666,0.4166666666666667,16
1491,-0.41770833333333335,0.11523959792777635,-0.6333333333333333,-0.44166666666666665,-0.21875,16
1492,-0.009375000000000001,0.11710761165839449,-0.22083333333333333,0.0,0.16041666666666665,16
1493,0.3458333333333333,0.07534642216677137,0.24583333333333335,0.3333333333333333,0.4979166666666667,16
1494,-0.6604166666666667,0.07356851492920655,-0.78125,-0.6666666666666666,-0.5416666666666667,16
1495,0.5375000000000001,0.1286279086702761,0.32916666666666666,0.5166666666666667,0.7,16
1496,-0.68125,0.07309501997020348,-0.7875000000000001,-0.675,-0.5416666666666667,16
1497,-0.325,0.12233265213252667,-0.4916666666666667,-0.3416666666666667,-0.10625000000000001,16
1498,0.6697916666666667,0.08233121412589785,0.53125,0.6583333333333333,0.8375,16
1499,-0.6583333333333333,0.08143675119038359,-0.8125,-0.65,-0.5229166666666667,16
1500,-0.05,0.12583057392117916,-0.21458333333333332,-0.06666666666666667,0.18125,16
1501,0.26875000000000004,0.08757437315409876,0.10833333333333334,0.26666666666666666,0.38333333333333336,16
1502,-0.5197916666666667,0.07173900177030623,-0.64375,-0.5166666666666667,-0.38125,16
1503,-0.796875,0.0697761176708924,-0.89375,-0.8,-0.6625,16
1504,-0.3135416666666667,0.11550293857493171,-0.4916666666666667,-0.31666666666666665,-0.11875,16
1505,-0.2833333333333333,0.11799835215421915,-0.45833333333333337,-0.2833333333333333,-0.07500000000000001,16
1506,-0.3041666666666667,0.12254534308210618,-0.5166666666666666,-0.3,-0.05,16
1507,-0.8041666666666667,0.06757197808427857,-0.89375,-0.825,-0.6854166666666667,16
1508,-0.625,0.08057949835755714,-0.74375,-0.65,-0.47291666666666665,16
1509,0.11145833333333333,0.09385988930019279,-0.020833333333333332,0.10833333333333334,0.26875,16
1510,-0.47291666666666665,0.13525631531774526,-0.7083333333333333,-0.4666666666666667,-0.23958333333333331,16
1511,-0.3885416666666667,0.141017969451887,-0.5916666666666667,-0.4,-0.14791666666666667,16
1512,-0.25,0.1594260539142416,-0.46458333333333335,-0.2833333333333333,0.09375,16
1513,-0.11874999999999998,0.1331867684035384,-0.3333333333333333,-0.075,0.05416666666666667,16
1514,0.034374999999999996,0.12492619348817302,-0.12708333333333333,0.008333333333333333,0.26666666666666666,16
1515,-0.27604166666666663,0.13629124630527245,-0.5145833333333333,-0.31666666666666665,-0.029166666666666667,16
1516,-0.14583333333333331,0.11000315652036738,-0.33749999999999997,-0.13333333333333333,-0.00625,16
1517,-0.6979166666666666,0.07067998105703073,-0.83125,-0.6916666666666667,-0.5854166666666667,16
1518,-0.49479166666666663,0.09199161155900153,-0.6333333333333333,-0.5083333333333333,-0.35,16
1519,0.042708333333333334,0.111175653997027,-0.16041666666666665,0.025,0.21041666666666667,16
1520,-0.5177083333333333,0.06165223648732371,-0.6104166666666667,-0.5166666666666667,-0.41250000000000003,16
1521,0.04583333333333332,0.14607123452465087,-0.22083333333333333,0.06666666666666667,0.31666666666666665,16
1522,-0.2,0.12219065248845984,-0.41458333333333336,-0.2,-0.025,16
1523,0.20208333333333334,0.11590150871417604,0.018750000000000003,0.18333333333333332,0.4,16
1524,-0.5843750000000001,0.0854865060014347,-0.7041666666666667,-0.5833333333333334,-0.41875,16
1525,0.2375,0.12876280950302038,-0.002083333333333333,0.23333333333333334,0.4104166666666667,16
1526,-0.5520833333333333,0.07520227353241683,-0.7020833333333333,-0.525,-0.4666666666666667,16
1527,0.7124999999999999,0.07228896488707282,0.6020833333333333,0.7,0.8416666666666667,16
1528,-0.625,0.08036375634160793,-0.7645833333333333,-0.625,-0.4854166666666667,16
1529,-0.7625,0.05877806658194119,-0.8770833333333333,-0.7583333333333333,-0.6520833333333333,16
1530,0.051041666666666666,0.11311080328352568,-0.13125,0.04166666666666667,0.24375,16
1531,-0.534375,0.07827762868647578,-0.6666666666666666,-0.5416666666666667,-0.4,16
1532,-0.3510416666666667,0.10999822441748777,-0.4979166666666667,-0.375,-0.15625,16
1533,0.05416666666666667,0.13635890143294643,-0.16875,0.10833333333333334,0.24375,16
1534,-0.3614583333333333,0.10150238605569822,-0.5083333333333333,-0.38333333333333336,-0.15625,16
1535,-0.815625,0.059938843253399175,-0.8833333333333333,-0.8166666666666667,-0.6854166666666667,16
1536,0.47291666666666665,0.10271910863017543,0.29583333333333334,0.48333333333333334,0.6270833333333333,16
1537,-0.13541666666666666,0.11724188552826255,-0.3208333333333333,-0.14166666666666666,0.07916666666666666,16
1538,-0.475,0.11395661942647786,-0.6625,-0.4916666666666667,-0.25625,16
1539,-0.5875,0.10728660991319776,-0.7333333333333333,-0.5916666666666667,-0.37916666666666665,16
1540,-0.5031249999999999,0.11803053247877102,-0.6854166666666667,-0.525,-0.2625,16
1541,-0.6875,0.09637527921850314,-0.8375,-0.7083333333333333,-0.4895833333333333,16
1542,-0.7927083333333333,0.07704813385511394,-0.8979166666666667,-0.8083333333333333,-0.6291666666666667,16
1543,-0.909375,0.045631658570436474,-0.9666666666666667,-0.9166666666666666,-0.8229166666666666,16
1544,-0.8041666666666667,0.06653633092779712,-0.9104166666666667,-0.8,-0.6958333333333333,16
1545,-0.41145833333333337,0.08793912627809965,-0.5645833333333333,-0.4,-0.24583333333333335,16
1546,0.5635416666666666,0.12021663749479751,0.4,0.575,0.8,16
1547,-0.6677083333333333,0.08649597574132824,-0.8041666666666667,-0.675,-0.5229166666666667,16
1548,-0.7708333333333333,0.0487695829613318,-0.8604166666666667,-0.7666666666666666,-0.7,16
1549,-0.21770833333333334,0.08629502649181019,-0.32708333333333334,-0.225,-0.029166666666666667,16
1550,-0.7739583333333333,0.08993993945035395,-0.9270833333333334,-0.7833333333333334,-0.65,16
1551,-0.3927083333333333,0.09841958611249875,-0.5604166666666667,-0.3833333333333333,-0.25,16
1552,-0.74375,0.07067998105703073,-0.86875,-0.75,-0.6229166666666667,16
1553,-0.8374999999999999,0.06081049799719343,-0.9479166666666666,-0.85,-0.75,16
1554,-0.7645833333333334,0.0742730977915662,-0.8916666666666666,-0.7666666666666667,-0.65625,16
1555,-0.653125,0.07755346498097654,-0.76875,-0.6916666666666667,-0.5083333333333333,16
1556,-0.346875,0.10411978111504291,-0.51875,-0.3416666666666667,-0.2,16
1557,0.22708333333333333,0.1097463932588827,0.058333333333333334,0.21666666666666667,0.4104166666666667,16
1558,-0.29374999999999996,0.11635001671202669,-0.4625,-0.31666666666666665,-0.06875,16
1559,-0.5875,0.09939050368230469,-0.74375,-0.575,-0.41041666666666665,16
1560,-0.8635416666666667,0.035462592771977504,-0.9208333333333334,-0.8666666666666667,-0.80625,16
1561,0.17395833333333333,0.15623263792427555,-0.13333333333333333,0.19166666666666665,0.36666666666666664,16
1562,-0.43125,0.09030715334038852,-0.58125,-0.4083333333333333,-0.2895833333333333,16
1563,-0.803125,0.050075897257174644,-0.9083333333333333,-0.8,-0.7395833333333333,16
1564,-0.1729166666666667,0.09590124405403254,-0.3208333333333333,-0.175,0.012499999999999997,16
1565,-0.4291666666666667,0.09100137361600648,-0.5666666666666667,-0.44166666666666665,-0.2583333333333333,16
1566,0.03020833333333333,0.14804498542109873,-0.18333333333333332,0.0,0.29375,16
1567,0.20104166666666667,0.13673635799311834,-0.07083333333333333,0.25,0.36666666666666664,16
1568,-0.7562500000000001,0.0467242947750121,-0.8375,-0.7666666666666667,-0.6729166666666666,16
1569,0.18541666666666665,0.12935134646896154,-0.004166666666666666,0.175,0.39375000000000004,16
1570,-0.7364583333333333,0.0779998998396793,-0.8541666666666667,-0.7333333333333333,-0.6,16
1571,-0.21041666666666667,0.117685285354155,-0.4,-0.19166666666666665,-0.0125,16
1572,0.48020833333333335,0.1027771912520802,0.2625,0.5083333333333333,0.61875,16
1573,0.14270833333333333,0.07948810838735565,-0.018750000000000003,0.15,0.25416666666666665,16
1574,-0.06874999999999999,0.12273998601379531,-0.2375,-0.06666666666666667,0.1875,16
1575,0.22499999999999998,0.14695993407123664,-0.010416666666666666,0.225,0.4979166666666667,16
1576,0.4041666666666667,0.0983368643433829,0.23541666666666666,0.44166666666666665,0.5375000000000001,16
1577,-0.8406250000000001,0.05269433279142393,-0.9208333333333334,-0.8416666666666667,-0.7520833333333333,16
1578,0.6395833333333334,0.07427309779156621,0.5125,0.6333333333333333,0.7666666666666667,16
1579,-0.005208333333333334,0.1136085429959678,-0.17083333333333334,-0.016666666666666666,0.20416666666666666,16
1580,-0.58125,0.09945598551900009,-0.76875,-0.5666666666666667,-0.41875,16
1581,-0.17083333333333334,0.11464013743498003,-0.30416666666666664,-0.23333333333333334,0.016666666666666666,16
1582,-0.11458333333333333,0.12117408849346557,-0.3125,-0.125,0.09583333333333333,16
1583,-0.5510416666666667,0.0848750613647299,-0.6645833333333333,-0.5916666666666667,-0.40625,16
1584,-0.6635416666666667,0.0618630740470885,-0.74375,-0.6666666666666666,-0.5375,16
1585,-0.8822916666666667,0.046573101887725316,-0.9604166666666667,-0.875,-0.7958333333333333,16
1586,0.18958333333333333,0.10084280258567457,-0.010416666666666666,0.20833333333333331,0.32499999999999996,16
1587,-0.7562500000000001,0.07403898184965359,-0.8708333333333333,-0.7583333333333333,-0.6229166666666667,16
1588,-0.05,0.1334634781503914,-0.2895833333333333,-0.05,0.15833333333333333,16
1589,-0.3020833333333333,0.13253340773807437,-0.45416666666666666,-0.3333333333333333,0.016666666666666663,16
1590,-0.7510416666666667,0.07276024889625135,-0.8645833333333334,-0.7583333333333333,-0.6229166666666667,16
1591,-0.878125,0.052940857331554424,-0.95,-0.9,-0.7625,16
1592,-0.20104166666666665,0.10920621897991381,-0.40208333333333335,-0.20833333333333334,-0.0020833333333333363,16
1593,-0.8885416666666666,0.04318835925339141,-0.9541666666666667,-0.8833333333333333,-0.7916666666666667,16
1594,0.18124999999999997,0.11958768865471804,0.03333333333333333,0.15833333333333333,0.41875,16
1595,0.46770833333333334,0.10904712761768036,0.2791666666666667,0.5,0.625,16
1596,-0.6791666666666666,0.05818433351570392,-0.7937500000000001,-0.6666666666666666,-0.5895833333333333,16
1597,-0.28020833333333334,0.14095639963202175,-0.5104166666666666,-0.275,-0.02291666666666666,16
1598,0.3979166666666667,0.08351542605344771,0.25625,0.4,0.5270833333333333,16
1599,0.440625,0.11784652654806779,0.2625,0.45,0.6270833333333333,16
1600,0.09583333333333333,0.09363418772601763,-0.05416666666666667,0.08333333333333334,0.28541666666666665,16
1601,-0.36458333333333337,0.11439378261076955,-0.5270833333333333,-0.35833333333333334,-0.2,16
1602,-0.5197916666666667,0.08604317997054993,-0.7041666666666667,-0.5083333333333333,-0.37916666666666665,16
1603,-0.44270833333333337,0.09372106034812976,-0.59375,-0.43333333333333335,-0.2895833333333333,16
1604,-0.41666666666666663,0.12555432644432804,-0.6270833333333333,-0.42500000000000004,-0.20208333333333334,16
1605,-0.8645833333333334,0.042029668753816696,-0.9333333333333333,-0.8666666666666667,-0.7895833333333333,16
1606,-0.0625,0.12479149276559948,-0.24375,-0.03333333333333333,0.13958333333333334,16
1607,0.16666666666666663,0.12032940898494708,0.00625,0.15,0.36666666666666664,16
1608,-0.22604166666666667,0.10944442241257533,-0.3979166666666667,-0.23333333333333334,-0.01666666666666667,16
1609,0.18854166666666666,0.11898277623953253,-0.010416666666666666,0.19166666666666665,0.36458333333333337,16
1610,-0.5989583333333333,0.0898433725837483,-0.7,-0.6166666666666667,-0.45625,16
1611,0.43229166666666663,0.10776594204055791,0.24791666666666667,0.4166666666666667,0.6499999999999999,16
1612,-0.7000000000000001,0.07359800721939874,-0.8333333333333334,-0.7,-0.5791666666666666,16
1613,0.653125,0.05749962258330241,0.5625,0.6416666666666666,0.74375,16
1614,0.11875,0.10815289460347842,-0.09166666666666667,0.11666666666666667,0.27708333333333335,16
1615,-0.671875,0.07855437562959529,-0.7916666666666666,-0.675,-0.525,16
1616,-0.7416666666666666,0.07971302695712079,-0.8708333333333333,-0.7416666666666667,-0.5979166666666667,16
1617,-0.8895833333333333,0.043650680916160325,-0.9604166666666667,-0.9,-0.8020833333333334,16
1618,-0.7989583333333333,0.07179947723037791,-0.9166666666666666,-0.8166666666666667,-0.65625,16
1619,-0.325,0.10374916331657277,-0.45,-0.3333333333333333,-0.11875,16
1620,0.6208333333333333,0.09745012969605417,0.49583333333333335,0.6,0.8083333333333333,16
1621,-0.9166666666666667,0.028867513459481284,-0.9604166666666667,-0.9166666666666666,-0.8729166666666667,16
1622,-0.8770833333333333,0.03991092512639169,-0.9270833333333334,-0.8833333333333333,-0.80625,16
1623,-0.07916666666666666,0.1021470889344272,-0.22083333333333333,-0.06666666666666667,0.12916666666666665,16
1624,-0.5833333333333333,0.08700255424092124,-0.7145833333333333,-0.5833333333333333,-0.45625,16
1625,-0.3979166666666667,0.09462554124313137,-0.55,-0.375,-0.27291666666666664,16
1626,-0.865625,0.06467567323448077,-0.9604166666666667,-0.8833333333333333,-0.7395833333333333,16
1627,-0.4989583333333333,0.10449427649132007,-0.6979166666666666,-0.48333333333333334,-0.3458333333333333,16
1628,-0.7354166666666667,0.0733321496116585,-0.8979166666666667,-0.725,-0.65,16
1629,-0.22395833333333331,0.11318752109024897,-0.4166666666666667,-0.20833333333333334,-0.02500000000000001,16
1630,-0.31875,0.1173898715581734,-0.49583333333333335,-0.32499999999999996,-0.15,16
1631,0.017708333333333333,0.13063264198804897,-0.14375,-0.008333333333333335,0.2791666666666667,16
1632,-0.784375,0.06933933016934425,-0.9041666666666667,-0.7833333333333333,-0.66875,16
1633,-0.484375,0.09061302602888345,-0.6,-0.5,-0.3416666666666667,16
1634,-0.340625,0.1258262622185404,-0.5729166666666667,-0.31666666666666665,-0.17291666666666666,16
1635,0.30729166666666663,0.10589708545721802,0.13958333333333334,0.30833333333333335,0.4916666666666667,16
1636,-0.8885416666666667,0.03940475066537027,-0.95,-0.8916666666666666,-0.8083333333333333,16
1637,-0.36875,0.09963039334348618,-0.55625,-0.375,-0.20208333333333334,16
1638,-0.6802083333333333,0.09227426472508765,-0.8,-0.7083333333333333,-0.5166666666666667,16
1639,-0.7552083333333334,0.0925560547122061,-0.8604166666666667,-0.775,-0.5645833333333333,16
1640,-0.8510416666666667,0.04016837392637258,-0.9333333333333333,-0.8416666666666667,-0.7895833333333333,16
1641,0.3614583333333333,0.11941971239428328,0.18125,0.3333333333333333,0.59375,16
1642,-0.46562499999999996,0.11341736314995551,-0.6749999999999999,-0.45,-0.28541666666666665,16
1643,-0.2875,0.11865859054915119,-0.43333333333333335,-0.3333333333333333,-0.07083333333333333,16
1644,-0.50625,0.06944097213541231,-0.6,-0.5166666666666667,-0.4,16
1645,-0.8135416666666666,0.06297562083413268,-0.91875,-0.8333333333333334,-0.7062499999999999,16
1646,-0.29270833333333335,0.13526834826250622,-0.5354166666666667,-0.30833333333333335,-0.04166666666666667,16
1647,-0.6385416666666667,0.07877507316897762,-0.75,-0.6333333333333333,-0.4895833333333333,16
1648,-0.8625,0.04389855730355307,-0.9270833333333334,-0.8666666666666667,-0.7895833333333333,16
1649,-0.4354166666666667,0.1342255305653718,-0.6208333333333333,-0.48333333333333334,-0.15416666666666667,16
1650,0.18333333333333332,0.11666666666666667,-0.025,0.175,0.38958333333333334,16
1651,-0.49479166666666663,0.08931038845571723,-0.6625,-0.48333333333333334,-0.34375,16
1652,-0.34062499999999996,0.12090066371245078,-0.5729166666666667,-0.375,-0.17291666666666666,16
1653,-0.5218750000000001,0.08051887934239743,-0.68125,-0.5166666666666667,-0.37083333333333335,16
1654,-0.8531249999999999,0.04258111132493687,-0.9270833333333334,-0.85,-0.7833333333333333,16
1655,0.29166666666666663,0.12119199643540823,0.11875,0.2833333333333333,0.48125,16
1656,-0.11041666666666666,0.09769478406411129,-0.22708333333333333,-0.11666666666666667,0.11041666666666666,16
1657,-0.13229166666666667,0.1063061534620122,-0.32291666666666663,-0.09166666666666667,-0.00625,16
1658,-0.7708333333333333,0.06052432935972481,-0.8604166666666667,-0.775,-0.65625,16
1659,-0.41770833333333335,0.11078456790596385,-0.6104166666666667,-0.4,-0.27291666666666664,16
1660,0.4708333333333333,0.10349785290311851,0.3125,0.475,0.6333333333333333,16
1661,0.19895833333333332,0.11140964668734929,-0.05833333333333333,0.21666666666666667,0.36041666666666666,16
1662,-0.70625,0.09928127131203211,-0.8854166666666666,-0.7,-0.5395833333333333,16
1663,-0.4916666666666667,0.08539125638299665,-0.6,-0.5166666666666666,-0.3458333333333333,16
1664,-0.7854166666666667,0.0631562766301005,-0.85,-0.8,-0.64375,16
1665,-0.7041666666666666,0.08217951218048342,-0.8479166666666667,-0.7,-0.5666666666666667,16
1666,-0.7208333333333333,0.06521864934374387,-0.8270833333333334,-0.7333333333333333,-0.6145833333333334,16
1667,-0.8343750000000001,0.04694439308018228,-0.9104166666666667,-0.8333333333333334,-0.75625,16
1668,-0.19166666666666668,0.09965217285917831,-0.35833333333333334,-0.16666666666666666,-0.05625,16
1669,-0.23020833333333332,0.1265485674772953,-0.45833333333333337,-0.2,-0.04583333333333334,16
1670,-0.3229166666666667,0.11635001671202669,-0.5041666666666667,-0.3333333333333333,-0.12291666666666667,16
1671,-0.22916666666666669,0.1297031868022782,-0.42083333333333334,-0.24166666666666667,-0.04583333333333334,16
1672,-0.15625,0.09893091725486472,-0.3104166666666667,-0.175,-0.02291666666666667,16
1673,-0.9333333333333333,0.0338501600193165,-0.99375,-0.9333333333333333,-0.8833333333333333,16
1674,-0.278125,0.09995115994824672,-0.4708333333333333,-0.26666666666666666,-0.1125,16
1675,-0.5604166666666668,0.10305658505026362,-0.7520833333333333,-0.5666666666666667,-0.39166666666666666,16
1676,-0.1375,0.11748226816559737,-0.35208333333333336,-0.11666666666666667,0.07083333333333333,16
1677,-0.6166666666666666,0.0868027777333319,-0.7333333333333333,-0.6166666666666667,-0.4791666666666667,16
1678,-0.6614583333333334,0.06685357912383348,-0.7916666666666666,-0.6333333333333333,-0.5729166666666666,16
1679,-0.21041666666666667,0.09069082858199548,-0.36458333333333337,-0.2,-0.058333333333333334,16
1680,-0.5239583333333333,0.08759295657566689,-0.6875,-0.525,-0.375,16
1681,-0.5239583333333333,0.10051408656114934,-0.68125,-0.5583333333333333,-0.3520833333333333,16
1682,-0.5104166666666667,0.11193918860008074,-0.6604166666666667,-0.5083333333333333,-0.29791666666666666,16
1683,-0.546875,0.09969027556219648,-0.74375,-0.55,-0.39583333333333337,16
1684,-0.8020833333333334,0.04818763960925157,-0.89375,-0.8083333333333333,-0.7229166666666667,16
1685,-0.6416666666666666,0.06640573937712178,-0.75,-0.6333333333333333,-0.5145833333333333,16
1686,-0.7895833333333333,0.05132785414481217,-0.8604166666666667,-0.7916666666666667,-0.6916666666666667,16
1687,0.6625,0.09119195261766369,0.50625,0.6666666666666666,0.8041666666666667,16
1688,-0.10416666666666666,0.10483121354507603,-0.31666666666666665,-0.05,0.016666666666666666,16
1689,-0.9614583333333333,0.027461304846800132,-1.0,-0.9666666666666667,-0.9125,16
1690,-0.03854166666666667,0.12100831439524218,-0.27291666666666664,-0.05,0.16458333333333333,16
1691,0.7979166666666666,0.07237896985850088,0.6458333333333333,0.8083333333333333,0.9104166666666667,16
1692,-0.5875,0.09455671431591847,-0.7375,-0.5833333333333334,-0.39999999999999997,16
1693,0.17708333333333331,0.15228297398812077,-0.03125,0.15833333333333333,0.4375,16
1694,-0.290625,0.03995168523076063,-0.35,-0.29166666666666663,-0.21666666666666667,16
1695,0.246875,0.14804498542109873,-0.03125,0.25,0.49583333333333335,16
1696,-0.12604166666666666,0.1288259956405452,-0.36875,-0.1,0.043750000000000004,16
1697,-0.8729166666666667,0.04597515935565396,-0.94375,-0.8666666666666667,-0.8,16
1698,0.08020833333333334,0.10345066423448211,-0.06041666666666667,0.1,0.24166666666666667,16
1699,0.296875,0.13336181336457933,0.12291666666666667,0.26666666666666666,0.53125,16
1700,-0.8697916666666667,0.04049123276161835,-0.9270833333333334,-0.8666666666666667,-0.80625,16
1701,-0.596875,0.10055725808104443,-0.7166666666666667,-0.6166666666666667,-0.40625,16
1702,-0.43229166666666663,0.09762256363441578,-0.5854166666666667,-0.45,-0.22083333333333333,16
1703,-0.4979166666666667,0.08657747814658395,-0.6270833333333333,-0.5,-0.35,16
1704,-0.54375,0.09751691448723708,-0.7270833333333333,-0.5333333333333334,-0.42291666666666666,16
1705,-0.015624999999999997,0.1209724414783062,-0.2125,-0.008333333333333333,0.17083333333333334,16
1706,-0.753125,0.047950622027016276,-0.8270833333333334,-0.7583333333333333,-0.6729166666666666,16
1707,-0.6062500000000001,0.09239765358973616,-0.7854166666666667,-0.5833333333333334,-0.46875,16
1708,-0.6125,0.08405933750763339,-0.7375,-0.6416666666666666,-0.48333333333333334,16
1709,-0.7489583333333334,0.09381363580998707,-0.9166666666666667,-0.75,-0.5541666666666667,16
1710,-0.5260416666666667,0.09353563454938207,-0.65,-0.5333333333333333,-0.32916666666666666,16
1711,-0.5833333333333333,0.07705517503711219,-0.7104166666666667,-0.5666666666666667,-0.45833333333333337,16
1712,-0.4677083333333333,0.10532172107668747,-0.6208333333333333,-0.4916666666666667,-0.30624999999999997,16
1713,0.5364583333333334,0.10868832063136621,0.2791666666666667,0.575,0.64375,16
1714,-0.609375,0.07406096165772266,-0.7041666666666667,-0.6166666666666667,-0.4625,16
1715,0.23229166666666667,0.10808766214667304,0.05625,0.24166666666666667,0.41875,16
1716,-0.2572916666666667,0.15252148641894506,-0.45833333333333337,-0.29166666666666663,0.0375,16
1717,-0.8364583333333334,0.032923917977664786,-0.8833333333333333,-0.85,-0.7833333333333333,16
1718,-0.7645833333333334,0.09164298936634488,-0.9,-0.7583333333333333,-0.59375,16
1719,-0.36979166666666663,0.11183736176301332,-0.53125,-0.3833333333333333,-0.18125,16
1720,-0.8989583333333333,0.04016837392637259,-0.9541666666666667,-0.9166666666666666,-0.8229166666666666,16
1721,-0.7406250000000001,0.06769230579533313,-0.8541666666666667,-0.7333333333333334,-0.6458333333333333,16
1722,-0.040624999999999994,0.0985958272584483,-0.17708333333333331,-0.016666666666666666,0.11666666666666667,16
1723,0.071875,0.10683560027496036,-0.11458333333333333,0.08333333333333333,0.26458333333333334,16
1724,-0.7052083333333333,0.08180234265526194,-0.8104166666666667,-0.7416666666666667,-0.5833333333333334,16
1725,0.22395833333333331,0.08436213893750626,0.07291666666666666,0.23333333333333334,0.35416666666666663,16
1726,-0.06875,0.13678792892649555,-0.29791666666666666,-0.07500000000000001,0.14791666666666667,16
1727,0.265625,0.12506508722128118,0.01666666666666667,0.2833333333333333,0.4791666666666667,16
1728,-0.7156250000000001,0.07738538792232608,-0.84375,-0.7083333333333333,-0.5916666666666667,16
1729,-0.6729166666666666,0.055237806598178556,-0.7666666666666667,-0.675,-0.5791666666666666,16
1730,-0.30729166666666663,0.1519512839969881,-0.5145833333333333,-0.32499999999999996,0.03958333333333333,16
1731,-0.14166666666666666,0.13693063937629152,-0.3208333333333333,-0.15833333333333333,0.15,16
1732,-0.33541666666666664,0.11317314046284226,-0.49375,-0.3333333333333333,-0.15625,16
1733,-0.8614583333333333,0.04154931390662318,-0.9270833333333334,-0.8666666666666667,-0.7895833333333333,16
1734,-0.8604166666666667,0.05460559342533814,-0.9666666666666667,-0.8666666666666667,-0.7791666666666667,16
1735,-0.8697916666666667,0.055658541697468936,-0.94375,-0.875,-0.7416666666666667,16
1736,-0.7468750000000001,0.0779998998396793,-0.8604166666666667,-0.75,-0.6229166666666667,16
1737,-0.37916666666666665,0.1420949408748328,-0.5166666666666667,-0.45,-0.06875,16
1738,-0.6989583333333333,0.09362839335194569,-0.83125,-0.6916666666666667,-0.53125,16
1739,-0.11458333333333334,0.1258133262240354,-0.26666666666666666,-0.16666666666666666,0.11041666666666666,16
1740,-0.23958333333333331,0.09462554124313137,-0.44583333333333336,-0.21666666666666667,-0.12291666666666667,16
1741,0.12604166666666666,0.1148623496843069,-0.08125,0.13333333333333333,0.29375,16
1742,-0.8520833333333333,0.05266343608235223,-0.9479166666666666,-0.8416666666666667,-0.76875,16
1743,-0.5447916666666668,0.09907887395347652,-0.7291666666666667,-0.55,-0.38958333333333334,16
1744,-0.7979166666666666,0.057395738808149646,-0.8666666666666667,-0.8083333333333333,-0.7,16
1745,-0.4520833333333334,0.07634784250753623,-0.5770833333333334,-0.45,-0.3125,16
1746,-0.8197916666666667,0.044960920531056756,-0.8875000000000001,-0.8333333333333334,-0.7333333333333333,16
1747,0.17083333333333334,0.14049762750072806,-0.0625,0.15000000000000002,0.36458333333333337,16
1748,0.5572916666666667,0.05203122393225905,0.4895833333333333,0.55,0.6541666666666667,16
1749,-0.75,0.07406828681096324,-0.8583333333333333,-0.7666666666666667,-0.6229166666666667,16
1750,0.7260416666666667,0.08916447621920091,0.55625,0.7583333333333333,0.84375,16
1751,0.3833333333333333,0.11471583248280172,0.12916666666666665,0.3916666666666667,0.5104166666666667,16
1752,-0.8020833333333333,0.04890289414293959,-0.89375,-0.8,-0.71875,16
1753,-0.48958333333333337,0.0975169144872371,-0.6708333333333334,-0.4666666666666667,-0.31875,16
1754,-0.5833333333333333,0.0669265766842042,-0.6875,-0.5916666666666667,-0.4625,16
1755,-0.6947916666666667,0.04920152366091477,-0.7770833333333333,-0.6916666666666667,-0.6083333333333334,16
1756,-0.21666666666666667,0.116963907063485,-0.375,-0.26666666666666666,0.016666666666666666,16
1757,-0.6385416666666667,0.07766531427649453,-0.7541666666666667,-0.65,-0.4895833333333333,16
1758,-0.8072916666666667,0.06845739500269898,-0.9395833333333333,-0.8166666666666667,-0.6791666666666666,16
1759,-0.540625,0.09372106034812973,-0.7166666666666667,-0.525,-0.4083333333333333,16
1760,-0.5427083333333333,0.06996247754252909,-0.6541666666666667,-0.55,-0.42291666666666666,16
1761,-0.7843749999999999,0.05351166474600552,-0.8666666666666667,-0.7833333333333333,-0.6895833333333333,16
1762,-0.7458333333333333,0.07418539089485357,-0.9,-0.75,-0.6666666666666666,16
1763,-0.37916666666666665,0.1188048119115271,-0.5604166666666667,-0.375,-0.2,16
1764,-0.37812500000000004,0.05024894622996808,-0.4708333333333333,-0.38333333333333336,-0.3,16
1765,-0.30520833333333336,0.1465717910464205,-0.6020833333333333,-0.2833333333333333,-0.08541666666666667,16
1766,-0.7864583333333334,0.07076436593449495,-0.89375,-0.8083333333333333,-0.6625,16
1767,-0.3614583333333333,0.12028882342789236,-0.5416666666666666,-0.3583333333333333,-0.11875000000000001,16
1768,-0.634375,0.08024890748650587,-0.7479166666666667,-0.65,-0.4895833333333333,16
1769,-0.03333333333333334,0.1511529762268088,-0.2708333333333333,-0.05,0.225,16
1770,-0.8208333333333333,0.050518148554092264,-0.9041666666666667,-0.8166666666666667,-0.7333333333333333,16
1771,-0.15416666666666667,0.14819516036482283,-0.38125,-0.18333333333333332,0.07083333333333333,16
1772,-0.7114583333333333,0.05581428468591174,-0.8,-0.7166666666666667,-0.6124999999999999,16
1773,-0.7510416666666666,0.062491318841544366,-0.8645833333333334,-0.75,-0.6666666666666666,16
1774,-0.32499999999999996,0.10881304047667163,-0.55,-0.29166666666666663,-0.18541666666666667,16
1775,-0.16875,0.114848178769481,-0.33541666666666664,-0.19166666666666665,0.010416666666666666,16
1776,-0.3885416666666667,0.10812780985430571,-0.5437500000000001,-0.4,-0.21666666666666667,16
1777,-0.4197916666666667,0.11414214304736199,-0.5770833333333334,-0.42500000000000004,-0.19166666666666665,16
1778,-0.5885416666666667,0.08969832735650958,-0.73125,-0.575,-0.4291666666666667,16
1779,-0.4979166666666667,0.08816709987291178,-0.64375,-0.5,-0.3395833333333333,16
1780,-0.4114583333333333,0.10252349832274227,-0.5958333333333333,-0.4,-0.24166666666666667,16
1781,-0.8114583333333334,0.058842642677077506,-0.8875000000000001,-0.825,-0.6895833333333333,16
1782,-0.29270833333333335,0.11516424714052728,-0.4666666666666667,-0.29166666666666663,-0.09375,16
1783,-0.6083333333333334,0.07861650943380502,-0.7145833333333333,-0.625,-0.45208333333333334,16
1784,-0.6375,0.09798313346920705,-0.7916666666666666,-0.6416666666666666,-0.4895833333333333,16
1785,-0.109375,0.09573704401757045,-0.25,-0.11666666666666667,0.06875,16
1786,-0.5854166666666667,0.09997829625584854,-0.7520833333333333,-0.5916666666666667,-0.38541666666666663,16
1787,-0.5322916666666667,0.0986838297994605,-0.6708333333333334,-0.5333333333333333,-0.3145833333333333,16
1788,-0.578125,0.08051887934239742,-0.6770833333333334,-0.6000000000000001,-0.41875,16
1789,-0.9364583333333334,0.033447071579171504,-0.9833333333333333,-0.9416666666666667,-0.8833333333333333,16
1790,-0.059375,0.12855618502558844,-0.30416666666666664,-0.05,0.15416666666666667,16
1791,-0.7458333333333333,0.05994789404140901,-0.8270833333333334,-0.7583333333333333,-0.63125,16
1792,-0.4135416666666667,0.10948407259861034,-0.6020833333333333,-0.4166666666666667,-0.21041666666666664,16
1793,0.3208333333333333,0.0880932271327749,0.20625000000000002,0.30833333333333335,0.47708333333333336,16
1794,-0.68125,0.04635124054434789,-0.7604166666666667,-0.675,-0.6166666666666667,16
1795,-0.753125,0.06567458444228383,-0.8541666666666667,-0.775,-0.6333333333333333,16
1796,-0.465625,0.08384607880250308,-0.5666666666666667,-0.48333333333333334,-0.3020833333333333,16
1797,0.14375,0.11347953192830267,-0.08541666666666667,0.16666666666666666,0.3,16
1798,-0.6645833333333333,0.08836379191853538,-0.7833333333333333,-0.6499999999999999,-0.51875,16
1799,0.19479166666666667,0.11956500295051038,-0.018750000000000003,0.19166666666666665,0.3979166666666667,16
1800,-0.7041666666666666,0.08589803386703461,-0.83125,-0.7,-0.5354166666666667,16
1801,-0.7635416666666667,0.08704619423361115,-0.8875000000000001,-0.7583333333333333,-0.6395833333333333,16
1802,-0.5791666666666666,0.0832291014809924,-0.73125,-0.5666666666666667,-0.4666666666666667,16
1803,-0.16666666666666666,0.12162099599438687,-0.29375,-0.21666666666666667,0.08541666666666667,16
1804,-0.9291666666666667,0.03254270698294439,-0.9833333333333333,-0.925,-0.8833333333333333,16
1805,0.00625,0.07520227353241685,-0.14166666666666666,0.008333333333333333,0.12708333333333333,16
1806,-0.40625,0.11393757428229431,-0.5541666666666667,-0.4166666666666667,-0.18125,16
1807,0.23541666666666666,0.15599979967935856,0.014583333333333334,0.2,0.5520833333333333,16
1808,-0.7302083333333333,0.09811040231120585,-0.8770833333333333,-0.7333333333333333,-0.5291666666666667,16
1809,0.246875,0.12250549165695027,0.00208333333333334,0.26666666666666666,0.42500000000000004,16
1810,-0.12604166666666666,0.16852801757670247,-0.4166666666666667,-0.11666666666666667,0.17500000000000002,16
1811,-0.09583333333333333,0.09780578828587919,-0.29166666666666663,-0.09166666666666667,0.03333333333333333,16
1812,-0.6197916666666667,0.08644578222151089,-0.7666666666666667,-0.5833333333333333,-0.5083333333333333,16
1813,-0.21458333333333335,0.09997829625584856,-0.39166666666666666,-0.21666666666666667,-0.03125,16
1814,-0.409375,0.07860960810302461,-0.5583333333333333,-0.4,-0.3,16
1815,-0.39999999999999997,0.09052317076000181,-0.53125,-0.42500000000000004,-0.22083333333333333,16
1816,-0.13854166666666667,0.12634261591886653,-0.3333333333333333,-0.14166666666666666,0.08541666666666667,16
1817,-0.315625,0.09510023038586418,-0.46458333333333335,-0.31666666666666665,-0.16249999999999998,16
1818,0.2916666666666667,0.1288302069478359,0.03333333333333334,0.3,0.4708333333333333,16
1819,-0.39375,0.09480883544152295,-0.5541666666666667,-0.38333333333333336,-0.2125,16
1820,-0.40520833333333334,0.13420531922518325,-0.6458333333333334,-0.39166666666666666,-0.21666666666666667,16
1821,0.26458333333333334,0.09462554124313137,0.07916666666666666,0.26666666666666666,0.4354166666666667,16
1822,0.13437500000000002,0.09708758037920652,-0.06458333333333333,0.13333333333333333,0.29166666666666663,16
1823,-0.903125,0.03828744989476895,-0.94375,-0.9166666666666666,-0.8125,16
1824,0.44895833333333335,0.07533922128538953,0.32916666666666666,0.44166666666666665,0.5437500000000001,16
1825,-0.05208333333333333,0.15886697352746976,-0.33749999999999997,-0.03333333333333334,0.20208333333333334,16
1826,-0.65,0.08014743359029726,-0.7604166666666667,-0.6666666666666667,-0.51875,16
1827,-0.51875,0.060056397105831556,-0.6270833333333333,-0.5,-0.43333333333333335,16
1828,-0.4822916666666667,0.10952370843033636,-0.6604166666666667,-0.4666666666666667,-0.3333333333333333,16
1829,-0.6260416666666666,0.09297713839374111,-0.7791666666666667,-0.625,-0.45,16
1830,-0.5947916666666666,0.10796712944997039,-0.7916666666666666,-0.575,-0.45625,16
1831,-0.8708333333333333,0.059657587763651466,-0.95,-0.875,-0.7416666666666667,16
1832,0.056249999999999994,0.11069148190654358,-0.18333333333333332,0.058333333333333334,0.225,16
1833,-0.75,0.07453559924999299,-0.8645833333333334,-0.7333333333333333,-0.5958333333333333,16
1834,-0.09583333333333333,0.08829008375173787,-0.22708333333333333,-0.11666666666666667,0.08750000000000001,16
1835,-0.17395833333333333,0.10606090198822352,-0.33125,-0.175,0.04791666666666666,16
1836,0.30104166666666665,0.11031343444678189,0.10208333333333333,0.3416666666666667,0.4375,16
1837,-0.2635416666666667,0.11684788752666625,-0.42708333333333337,-0.26666666666666666,-0.0625,16
1838,-0.3125,0.19125862362547502,-0.6916666666666667,-0.31666666666666665,-0.0625,16
1839,-0.47500000000000003,0.07772815877574013,-0.6104166666666667,-0.4666666666666667,-0.3729166666666667,16
1840,-0.8395833333333333,0.07680128579652817,-0.9604166666666667,-0.8333333333333334,-0.71875,16
1841,0.590625,0.09222721602108566,0.45,0.6000000000000001,0.7541666666666667,16
1842,-0.5979166666666667,0.0937036922668709,-0.7916666666666666,-0.575,-0.4625,16
1843,-0.28125,0.10204080746882048,-0.46458333333333335,-0.25,-0.13541666666666666,16
1844,-0.8020833333333334,0.06232614709021497,-0.9020833333333333,-0.8166666666666667,-0.6895833333333333,16
1845,0.5197916666666667,0.07665279539368845,0.37916666666666665,0.5333333333333333,0.6416666666666666,16
1846,0.190625,0.11318752109024897,-0.004166666666666666,0.20833333333333331,0.36875,16
1847,0.546875,0.11773598495268037,0.3125,0.525,0.7041666666666667,16
1848,-0.615625,0.1018012684787812,-0.7666666666666667,-0.6166666666666667,-0.45,16
1849,-0.8208333333333333,0.059947894041409,-0.9104166666666667,-0.825,-0.6916666666666667,16
1850,-0.8989583333333333,0.041023684723990025,-0.9645833333333333,-0.9,-0.8145833333333333,16
1851,-0.8572916666666668,0.035339990528515365,-0.9104166666666667,-0.85,-0.7958333333333333,16
1852,-0.8062499999999999,0.05739573880814962,-0.8833333333333333,-0.8166666666666667,-0.68125,16
1853,-0.290625,0.08699631816921909,-0.4354166666666667,-0.29166666666666663,-0.13541666666666666,16
1854,-0.9197916666666666,0.03292391797766481,-0.9770833333333333,-0.9166666666666666,-0.85625,16
1855,0.65625,0.09662265521087691,0.5125,0.6583333333333333,0.7937500000000001,16
1856,0.5125,0.0834374349770866,0.37916666666666665,0.5,0.63125,16
1857,0.43020833333333336,0.10107387802713638,0.24166666666666664,0.4166666666666667,0.6208333333333333,16
1858,0.19166666666666665,0.14601179556612695,-0.1375,0.225,0.36458333333333337,16
1859,-0.42291666666666666,0.11301963325015704,-0.5833333333333334,-0.44166666666666665,-0.20625000000000002,16
1860,-0.11875,0.1247045118581432,-0.35000000000000003,-0.10833333333333334,0.08958333333333333,16
1861,-0.175,0.0982485510212633,-0.34375,-0.175,0.0062500000000000056,16
1862,0.22916666666666663,0.12534674130409437,0.05,0.20833333333333334,0.46458333333333335,16
1863,-0.5260416666666667,0.0887742044458862,-0.6541666666666667,-0.5333333333333333,-0.38541666666666663,16
1864,-0.04895833333333334,0.10077283825791332,-0.2375,-0.025,0.10833333333333334,16
1865,-0.6302083333333333,0.07932413068123301,-0.7791666666666667,-0.625,-0.4895833333333333,16
1866,-0.54375,0.10958808608197841,-0.6916666666666667,-0.55,-0.32708333333333334,16
1867,0.15000000000000002,0.11395661942647785,-0.0375,0.14166666666666666,0.34791666666666665,16
1868,-0.5354166666666667,0.0937036922668709,-0.7041666666666667,-0.5166666666666666,-0.4166666666666667,16
1869,-0.5041666666666667,0.1193879065157867,-0.7,-0.5166666666666667,-0.31875,16
1870,0.0875,0.12325166214790867,-0.11666666666666667,0.10833333333333334,0.28541666666666665,16
1871,-0.32395833333333335,0.11740373568493372,-0.5395833333333333,-0.31666666666666665,-0.13125,16
1872,-0.33125,0.10101481602000548,-0.4708333333333333,-0.3333333333333333,-0.16666666666666666,16
1873,-0.36875,0.09107288747664333,-0.4979166666666667,-0.3916666666666667,-0.17708333333333331,16
1874,-0.8291666666666666,0.05384519993050036,-0.89375,-0.8500000000000001,-0.7291666666666666,16
1875,-0.6989583333333333,0.06983829288275721,-0.7937500000000001,-0.7083333333333333,-0.5625,16
1876,-0.425,0.14872140247978957,-0.6604166666666667,-0.45,-0.17291666666666666,16
1877,-0.525,0.09033118078616166,-0.6604166666666667,-0.5416666666666667,-0.36666666666666664,16
1878,-0.6322916666666667,0.09780024106707394,-0.8208333333333333,-0.6416666666666666,-0.47291666666666665,16
1879,-0.7645833333333334,0.09553849573165082,-0.9041666666666667,-0.7833333333333333,-0.5958333333333333,16
1880,-0.6614583333333334,0.08594223471805543,-0.8104166666666667,-0.6583333333333333,-0.5041666666666667,16
1881,-0.5833333333333333,0.10172129679778086,-0.7520833333333333,-0.6,-0.38958333333333334,16
1882,-0.621875,0.08451634251893404,-0.7708333333333334,-0.625,-0.4791666666666667,16
1883,-0.8270833333333334,0.04404661356638745,-0.9,-0.8333333333333334,-0.7458333333333333,16
1884,0.1,0.07728015412913086,-0.027083333333333334,0.10833333333333334,0.2375,16
1885,0.46875,0.09590124405403254,0.29791666666666666,0.475,0.6166666666666667,16
1886,-0.38020833333333337,0.12641130372056658,-0.575,-0.35833333333333334,-0.19166666666666665,16
1887,-0.41458333333333336,0.1184205957593526,-0.6499999999999999,-0.4166666666666667,-0.22291666666666668,16
1888,-0.13541666666666666,0.10750888206200557,-0.2833333333333333,-0.11666666666666667,0.07083333333333333,16
1889,-0.8114583333333334,0.04515357667019426,-0.8770833333333333,-0.8166666666666667,-0.7291666666666666,16
1890,-0.24687499999999998,0.12544625204755133,-0.4,-0.26666666666666666,0.018750000000000003,16
1891,-0.7020833333333334,0.0920210951056574,-0.8104166666666667,-0.7333333333333333,-0.5354166666666667,16
1892,-0.828125,0.0665933842017692,-0.9270833333333334,-0.8333333333333334,-0.68125,16
1893,-0.5822916666666667,0.10025466704293066,-0.7041666666666667,-0.6000000000000001,-0.3645833333333333,16
1894,-0.41041666666666665,0.12732217992164602,-0.6291666666666667,-0.4,-0.17083333333333334,16
1895,-0.21979166666666664,0.11890979745401788,-0.3875,-0.2583333333333333,0.002083333333333333,16
1896,-0.9114583333333333,0.05326778198143998,-0.9770833333333333,-0.925,-0.8166666666666667,16
1897,-0.24583333333333335,0.11110243021644486,-0.4354166666666667,-0.24166666666666667,-0.08958333333333333,16
1898,-0.44062500000000004,0.09877175393299444,-0.6458333333333334,-0.43333333333333335,-0.27291666666666664,16
1899,-0.478125,0.11999981915495633,-0.6520833333333333,-0.4916666666666667,-0.2791666666666667,16
1900,0.43333333333333335,0.11273124382057237,0.19791666666666666,0.45,0.59375,16
1901,-0.37604166666666666,0.12706198591195123,-0.5604166666666667,-0.38333333333333336,-0.15208333333333332,16
1902,-0.7395833333333333,0.05769742676719264,-0.8104166666666667,-0.7583333333333333,-0.6229166666666667,16
1903,-0.45729166666666665,0.08206720442214824,-0.6020833333333333,-0.48333333333333334,-0.3395833333333333,16
1904,0.04791666666666666,0.12288135085882189,-0.12708333333333333,0.025,0.275,16
1905,-0.9333333333333333,0.025,-0.9770833333333333,-0.9333333333333333,-0.8895833333333333,16
1906,0.215625,0.11433211096285341,0.058333333333333334,0.18333333333333335,0.4104166666666667,16
1907,-0.5104166666666667,0.08495811876709866,-0.6875,-0.5,-0.38333333333333336,16
1908,0.026041666666666664,0.12774333397481058,-0.16458333333333333,0.025,0.27708333333333335,16
1909,0.5083333333333333,0.06795627679291705,0.42291666666666666,0.4916666666666667,0.65625,16
1910,-0.7958333333333334,0.05848195353174251,-0.8770833333333333,-0.8083333333333333,-0.68125,16
1911,-0.48124999999999996,0.11454544828242728,-0.6270833333333333,-0.45833333333333337,-0.23958333333333331,16
1912,-0.6041666666666666,0.08965597829729173,-0.7604166666666667,-0.5833333333333334,-0.48333333333333334,16
1913,-0.634375,0.08301370996206991,-0.78125,-0.6166666666666667,-0.5229166666666667,16
1914,0.058333333333333334,0.11547005383792515,-0.08333333333333333,0.04166666666666667,0.3,16
1915,-0.84375,0.04782600118020415,-0.9,-0.85,-0.75625,16
1916,-0.8989583333333333,0.03509350109983961,-0.9604166666666667,-0.9,-0.8250000000000001,16
1917,-0.9135416666666667,0.047950622027016256,-0.9770833333333333,-0.9166666666666666,-0.8104166666666667,16
1918,-0.5177083333333334,0.10597902537504506,-0.6875,-0.525,-0.32708333333333334,16
1919,0.4208333333333334,0.11403276819503341,0.24375,0.42500000000000004,0.6354166666666666,16
1920,-0.39375,0.10879309490955758,-0.575,-0.375,-0.20416666666666666,16
1921,0.32916666666666666,0.13339842161318435,0.13958333333333334,0.35,0.5458333333333334,16
1922,-0.12604166666666666,0.13692667720555976,-0.38333333333333336,-0.13333333333333333,0.125,16
1923,-0.8604166666666666,0.038583873286358615,-0.9270833333333334,-0.85,-0.8166666666666667,16
1924,-0.4947916666666667,0.09977731281597926,-0.6770833333333334,-0.475,-0.33541666666666664,16
1925,-0.9395833333333333,0.032742153428128556,-0.9833333333333333,-0.95,-0.8791666666666667,16
1926,-0.2114583333333333,0.0887252997709472,-0.35,-0.2,-0.08958333333333333,16
1927,-0.5333333333333333,0.11118053386771944,-0.69375,-0.5583333333333333,-0.3416666666666667,16
1928,-0.721875,0.08327471896947142,-0.83125,-0.75,-0.5354166666666667,16
1929,-0.6864583333333334,0.08584117075868794,-0.8104166666666667,-0.7,-0.5395833333333333,16
1930,-0.36875,0.0893407568432982,-0.5437500000000001,-0.3666666666666667,-0.24583333333333335,16
1931,0.7364583333333333,0.061015352690031124,0.6145833333333334,0.7416666666666667,0.8375,16
1932,-0.9197916666666666,0.030742405340361878,-0.9770833333333333,-0.9166666666666666,-0.8729166666666667,16
1933,-0.4375,0.07324331596352895,-0.5437500000000001,-0.43333333333333335,-0.30624999999999997,16
1934,-0.828125,0.06889977372564039,-0.9270833333333334,-0.8333333333333334,-0.6916666666666667,16
1935,0.20520833333333333,0.10764504910687822,0.0125,0.225,0.36458333333333337,16
1936,-0.7177083333333334,0.05604708771797752,-0.8270833333333334,-0.7,-0.6291666666666667,16
1937,-0.7010416666666667,0.08887193306163152,-0.86875,-0.7,-0.5625,16
1938,-0.6052083333333333,0.11898277623953252,-0.7854166666666667,-0.6166666666666667,-0.36041666666666666,16
1939,-0.7302083333333333,0.07293898467973839,-0.8770833333333333,-0.7333333333333333,-0.6229166666666667,16
1940,-0.271875,0.14418337451353785,-0.5041666666666667,-0.25,-0.03333333333333334,16
1941,-0.4625,0.08508574106942557,-0.6083333333333333,-0.44166666666666665,-0.30416666666666664,16
1942,-0.9291666666666667,0.03307189138830737,-0.9770833333333333,-0.925,-0.8729166666666667,16
1943,0.6177083333333334,0.07959723918648881,0.4895833333333333,0.6,0.75,16
1944,0.3979166666666667,0.13576877300109264,0.17291666666666666,0.3916666666666667,0.6479166666666667,16
1945,-0.4833333333333333,0.075,-0.6,-0.48333333333333334,-0.3416666666666667,16
1946,-0.7708333333333333,0.06468406123441676,-0.8708333333333333,-0.7833333333333333,-0.65625,16
1947,-0.5927083333333334,0.09051717723725149,-0.7375,-0.5916666666666667,-0.4375,16
1948,-0.8854166666666666,0.061766529501556644,-0.9604166666666667,-0.9,-0.7583333333333333,16
1949,-0.6885416666666666,0.0826469125423193,-0.8104166666666667,-0.6833333333333333,-0.5166666666666667,16
1950,-0.4947916666666667,0.07493486755176125,-0.6395833333333334,-0.48333333333333334,-0.35833333333333334,16
1951,-0.8625,0.04583333333333333,-0.9333333333333333,-0.8666666666666667,-0.7791666666666667,16
1952,0.13645833333333335,0.1044527321992531,-0.016666666666666666,0.11666666666666667,0.29375,16
1953,-0.85625,0.0385838732863586,-0.94375,-0.85,-0.8,16
1954,0.32083333333333336,0.08809322713277491,0.16666666666666666,0.3333333333333333,0.44166666666666665,16
1955,-0.16145833333333334,0.14321685553150973,-0.35416666666666663,-0.20833333333333334,0.11666666666666665,16
1956,-0.3979166666666667,0.0835154260534477,-0.55,-0.3916666666666667,-0.27291666666666664,16
1957,-0.78125,0.07924886084004264,-0.94375,-0.775,-0.65,16
1958,-0.8541666666666666,0.0414578098794425,-0.9270833333333334,-0.85,-0.7833333333333333,16
1959,-0.8875,0.03307189138830736,-0.9166666666666666,-0.9,-0.8125,16
1960,0.09895833333333334,0.12082884330738254,-0.07708333333333334,0.08333333333333333,0.3020833333333333,16
1961,-0.8843750000000001,0.04544102939830674,-0.9604166666666667,-0.8833333333333333,-0.8166666666666667,16
1962,-0.6625,0.08848650242331375,-0.8041666666666667,-0.6666666666666666,-0.5,16
1963,-0.7114583333333333,0.07064159097160823,-0.8104166666666667,-0.6833333333333333,-0.6124999999999999,16
1964,-0.21145833333333333,0.13238185901860655,-0.4875,-0.175,-0.008333333333333335,16
1965,0.3697916666666667,0.10577405656240413,0.17291666666666666,0.38333333333333336,0.5208333333333334,16
1966,-0.009375000000000001,0.16435572341553684,-0.2708333333333333,0.008333333333333331,0.2583333333333333,16
1967,0.11666666666666667,0.10720566941890505,-0.08333333333333333,0.11666666666666667,0.3,16
1968,-0.25104166666666666,0.1626034659925113,-0.47708333333333336,-0.2833333333333333,0.05208333333333333,16
1969,0.3052083333333333,0.1050328569623176,0.13541666666666666,0.3333333333333333,0.46458333333333335,16
1970,0.1864583333333333,0.10461881038375036,0.018750000000000003,0.16666666666666666,0.375,16
1971,-0.33229166666666665,0.12753931175001168,-0.5166666666666667,-0.31666666666666665,-0.08958333333333332,16
1972,-0.7833333333333333,0.06614378277661477,-0.8833333333333333,-0.8,-0.6520833333333333,16
1973,-0.24479166666666666,0.11677357452922872,-0.43125,-0.26666666666666666,-0.035416666666666666,16
1974,0.16666666666666669,0.09483172230617534,0.014583333333333334,0.14166666666666666,0.3208333333333333,16
1975,0.7010416666666668,0.10728155292137703,0.5208333333333334,0.725,0.88125,16
1976,0.5520833333333334,0.08836379191853538,0.43333333333333335,0.5666666666666667,0.7,16
1977,-0.6854166666666666,0.11871344466590313,-0.8041666666666667,-0.725,-0.39583333333333337,16
1978,-0.14895833333333333,0.13635492264878285,-0.4041666666666667,-0.14166666666666666,0.075,16
1979,-0.39375,0.1636046853105239,-0.6270833333333333,-0.4,-0.11875,16
1980,0.48125,0.08617549116644346,0.3416666666666667,0.45833333333333337,0.6354166666666666,16
1981,-0.43854166666666666,0.11284188021543932,-0.64375,-0.42500000000000004,-0.23333333333333334,16
1982,-0.871875,0.031023484607990474,-0.9270833333333334,-0.8666666666666667,-0.8229166666666666,16
1983,0.30104166666666665,0.10482603810069753,0.11875,0.32499999999999996,0.4604166666666667,16
1984,-0.3302083333333333,0.1147489333646868,-0.5270833333333333,-0.31666666666666665,-0.17291666666666666,16
1985,0.6947916666666667,0.07744145414081817,0.5729166666666666,0.675,0.84375,16
1986,-0.46875,0.09553849573165082,-0.6208333333333333,-0.45833333333333337,-0.30624999999999997,16
1987,-0.9354166666666666,0.03166392531993886,-0.9770833333333333,-0.95,-0.8666666666666667,16
1988,-0.39583333333333337,0.09381941874331419,-0.5208333333333334,-0.4,-0.19166666666666665,16
1989,-0.44895833333333335,0.1243690674185328,-0.6041666666666667,-0.45833333333333337,-0.25,16
1990,-0.8041666666666667,0.04583333333333334,-0.9,-0.7916666666666667,-0.75,16
1991,-0.009375000000000001,0.12147369828485508,-0.2,-0.03333333333333334,0.21875,16
1992,0.4666666666666667,0.13475801357330192,0.20416666666666666,0.5,0.6208333333333333,16
1993,-0.43645833333333334,0.07932413068123302,-0.5541666666666667,-0.45833333333333337,-0.2895833333333333,16
1994,0.20729166666666665,0.11395185843884542,0.010416666666666664,0.19166666666666665,0.42291666666666666,16
1995,-0.3145833333333333,0.08434284366665484,-0.4604166666666667,-0.30833333333333335,-0.17083333333333334,16
1996,-0.34895833333333337,0.12324726022422478,-0.5395833333333333,-0.3583333333333333,-0.14375,16
1997,-0.8020833333333333,0.06893913378239291,-0.8833333333333333,-0.8333333333333334,-0.6791666666666666,16
1998,-0.7145833333333333,0.0631562766301005,-0.8,-0.725,-0.5854166666666667,16
1999,-0.6677083333333333,0.08848037093992467,-0.7833333333333333,-0.6583333333333333,-0.5125,16
2000,0.10208333333333333,0.1523969369406383,-0.09375,0.09166666666666667,0.45625,16
2001,-0.7822916666666666,0.04875845724361856,-0.84375,-0.8,-0.6895833333333333,16
2002,-0.2583333333333333,0.09128709291752768,-0.42916666666666664,-0.26666666666666666,-0.11875,16
2003,-0.32708333333333334,0.13767350164630648,-0.5104166666666667,-0.3333333333333333,-0.06875,16
2004,-0.296875,0.07866480179639854,-0.4104166666666667,-0.3,-0.17291666666666666,16
2005,-0.23020833333333335,0.09775585198453453,-0.4104166666666667,-0.23333333333333334,-0.06875,16
2006,-0.721875,0.06889977372564038,-0.8104166666666667,-0.725,-0.5875,16
2007,-0.240625,0.15931371370663608,-0.45625,-0.29166666666666663,0.05833333333333333,16
2008,-0.303125,0.11230210217434837,-0.4479166666666667,-0.35,-0.09583333333333333,16
2009,-0.8645833333333334,0.04597515935565396,-0.94375,-0.8666666666666667,-0.7666666666666667,16
2010,-0.18854166666666666,0.09367473830880031,-0.34375,-0.2,-0.06666666666666667,16
2011,-0.3666666666666667,0.10622957319984969,-0.6145833333333334,-0.36666666666666664,-0.23333333333333334,16
2012,-0.2947916666666667,0.08410450468514355,-0.45,-0.2833333333333333,-0.16875,16
2013,0.13541666666666669,0.12330447297464742,-0.07708333333333334,0.13333333333333333,0.3208333333333333,16
2014,-0.796875,0.08148337211085188,-0.89375,-0.8083333333333333,-0.6270833333333333,16
2015,-0.6020833333333333,0.06817945071647319,-0.7208333333333333,-0.5916666666666667,-0.50625,16
2016,-0.8166666666666667,0.05621140651346683,-0.9104166666666667,-0.8166666666666667,-0.725,16
2017,-0.18958333333333333,0.106860988360268,-0.375,-0.175,-0.016666666666666666,16
2018,-0.325,0.11180339887498948,-0.49375,-0.31666666666666665,-0.09791666666666667,16
2019,-0.95,0.024999999999999994,-0.99375,-0.95,-0.90625,16
2020,-0.06562499999999999,0.11792016337571602,-0.22708333333333333,-0.11666666666666667,0.17500000000000002,16
2021,-0.21145833333333336,0.13290540051522026,-0.4479166666666667,-0.18333333333333335,-0.03125,16
2022,0.53125,0.0809824655232367,0.4,0.5416666666666667,0.6749999999999999,16
2023,0.052083333333333336,0.11958768865471803,-0.19583333333333333,0.06666666666666667,0.2,16
2024,0.596875,0.06826692657421225,0.4895833333333333,0.6,0.7104166666666667,16
2025,-0.20729166666666665,0.14930030675528508,-0.47708333333333336,-0.19166666666666665,0.05833333333333333,16
2026,-0.8864583333333333,0.04902477760729205,-0.9604166666666667,-0.8833333333333333,-0.8166666666666667,16
2027,-0.8031250000000001,0.06269933490255078,-0.8875000000000001,-0.8083333333333333,-0.675,16
2028,-0.7427083333333334,0.047495887979908336,-0.83125,-0.75,-0.66875,16
2029,-0.8812500000000001,0.04672429477501209,-0.9541666666666667,-0.8916666666666666,-0.80625,16
2030,-0.2791666666666667,0.10129371484286015,-0.45416666666666666,-0.3,-0.12291666666666667,16
2031,-0.6187499999999999,0.08914622039722776,-0.7333333333333333,-0.6333333333333333,-0.42291666666666666,16
2032,-0.4395833333333333,0.08717698313711533,-0.59375,-0.42500000000000004,-0.32291666666666663,16
2033,0.06145833333333334,0.10252349832274224,-0.13541666666666666,0.06666666666666667,0.23333333333333334,16
2034,0.2875,0.07580585582775105,0.15625,0.3,0.4104166666666667,16
2035,-0.875,0.04965156369922076,-0.9604166666666667,-0.875,-0.78125,16
2036,0.2791666666666667,0.10952866190079097,0.10625000000000001,0.3,0.42708333333333337,16
2037,-0.6968749999999999,0.0950545804466512,-0.8791666666666667,-0.6916666666666667,-0.5520833333333334,16
2038,-0.7614583333333333,0.04990224819584787,-0.84375,-0.7583333333333333,-0.66875,16
2039,-0.4229166666666667,0.0893407568432982,-0.5333333333333333,-0.42500000000000004,-0.24791666666666667,16
2040,0.12916666666666665,0.13520817282989958,-0.08125,0.15,0.34791666666666665,16
2041,-0.7822916666666667,0.040598281812302246,-0.84375,-0.7916666666666667,-0.7020833333333333,16
2042,-0.19479166666666667,0.12271788304662219,-0.44375000000000003,-0.18333333333333332,-0.004166666666666673,16
2043,-0.396875,0.08882308219463879,-0.5208333333333334,-0.42500000000000004,-0.22083333333333333,16
2044,-0.8531249999999999,0.0615817968910727,-0.95,-0.8583333333333334,-0.75,16
2045,0.5906250000000001,0.07948810838735565,0.4625,0.5916666666666667,0.7104166666666667,16
2046,-0.14895833333333333,0.11156536916634222,-0.32916666666666666,-0.14166666666666666,0.060416666666666674,16
2047,-0.5229166666666667,0.08577162020932874,-0.6541666666666667,-0.5166666666666667,-0.38958333333333334,16
2048,-0.5385416666666667,0.10667297344636498,-0.7208333333333333,-0.5416666666666667,-0.3625,16
2049,-0.5291666666666667,0.0932626220233308,-0.6854166666666667,-0.5416666666666667,-0.3333333333333333,16
2050,-0.7104166666666667,0.06766825737046549,-0.83125,-0.7166666666666667,-0.6124999999999999,16
2051,-0.5854166666666667,0.12074350109035084,-0.7833333333333333,-0.5833333333333333,-0.3729166666666667,16
2052,0.4447916666666667,0.06940189668797886,0.35624999999999996,0.42500000000000004,0.5708333333333334,16
2053,0.27291666666666664,0.13055370861577748,0.058333333333333334,0.3,0.5020833333333333,16
2054,0.07291666666666666,0.0975169144872371,-0.11041666666666666,0.06666666666666667,0.21666666666666667,16
2055,-0.4979166666666666,0.08856004711180118,-0.64375,-0.5166666666666667,-0.3333333333333333,16
2056,0.27604166666666663,0.10103092726432282,0.11666666666666667,0.2833333333333333,0.4375,16
2057,-0.7291666666666667,0.05448623679425843,-0.8104166666666667,-0.7166666666666667,-0.6354166666666666,16
2058,-0.44375000000000003,0.08875586835058664,-0.59375,-0.45,-0.30624999999999997,16
2059,-0.27708333333333335,0.10221080476696733,-0.44166666666666665,-0.2833333333333333,-0.06458333333333333,16
2060,0.18854166666666666,0.0923682902389487,0.04791666666666666,0.175,0.36041666666666666,16
2061,-0.7260416666666667,0.09573704401757045,-0.8729166666666667,-0.75,-0.5145833333333333,16
2062,-0.41770833333333335,0.1004276878460871,-0.56875,-0.43333333333333335,-0.21666666666666667,16
2063,-0.7708333333333334,0.06023680122833734,-0.8770833333333333,-0.7666666666666667,-0.6833333333333333,16
2064,-0.425,0.06454972243679029,-0.5479166666666667,-0.4166666666666667,-0.3333333333333333,16
2065,-0.26458333333333334,0.10702332949201102,-0.45208333333333334,-0.275,-0.10625000000000001,16
2066,-0.5791666666666667,0.07960405489392831,-0.7,-0.6,-0.45,16
2067,-0.5291666666666667,0.08730136183232066,-0.7145833333333333,-0.5166666666666667,-0.39583333333333337,16
2068,-0.815625,0.05383512316426064,-0.89375,-0.8166666666666667,-0.7124999999999999,16
2069,-0.6635416666666667,0.06620117435598186,-0.7708333333333334,-0.65,-0.55625,16
2070,0.060416666666666674,0.17289156444302178,-0.2125,0.05,0.3416666666666667,16
2071,-0.9177083333333333,0.03031590043928177,-0.9666666666666667,-0.9166666666666666,-0.85625,16
2072,-0.5979166666666667,0.10389548033159733,-0.74375,-0.6166666666666667,-0.40625,16
2073,-0.196875,0.15570390681425506,-0.42083333333333334,-0.2,0.08958333333333332,16
2074,-0.5458333333333334,0.08829008375173786,-0.7,-0.55,-0.43333333333333335,16
2075,-0.6166666666666667,0.08917056066263623,-0.775,-0.6166666666666667,-0.48333333333333334,16
2076,0.007291666666666662,0.11086289549358803,-0.1875,0.008333333333333333,0.20416666666666666,16
2077,-0.046875,0.1436405078176456,-0.3125,0.0,0.15416666666666667,16
2078,-0.125,0.06428020258558964,-0.2375,-0.125,-0.016666666666666666,16
2079,-0.24479166666666669,0.11066697257738844,-0.4104166666666667,-0.225,-0.07291666666666666,16
2080,-0.39375000000000004,0.0975169144872371,-0.5604166666666667,-0.3833333333333333,-0.22916666666666669,16
2081,-0.7697916666666667,0.07149658839957176,-0.88125,-0.775,-0.6479166666666667,16
2082,-0.775,0.07637626158259735,-0.8770833333333333,-0.7833333333333334,-0.65625,16
2083,-0.21770833333333334,0.0981546310533651,-0.3979166666666667,-0.19166666666666665,-0.08958333333333333,16
2084,0.3677083333333333,0.10728155292137705,0.16249999999999998,0.4,0.525,16
2085,-0.228125,0.07699178121721824,-0.35833333333333334,-0.225,-0.08125,16
2086,-0.15833333333333333,0.13705736836165439,-0.39375,-0.14166666666666666,0.04583333333333333,16
2087,-0.7625000000000001,0.07580585582775104,-0.8645833333333334,-0.775,-0.5958333333333333,16
2088,0.36458333333333337,0.1249826376830887,0.18541666666666667,0.3333333333333333,0.6020833333333333,16
2089,-0.4395833333333333,0.09107288747664331,-0.61875,-0.4,-0.3125,16
2090,-0.4697916666666666,0.10544527773789693,-0.64375,-0.45,-0.3020833333333333,16
2091,-0.32499999999999996,0.11636866703140784,-0.5104166666666667,-0.29166666666666663,-0.13333333333333333,16
2092,-0.6114583333333333,0.09659457620786883,-0.76875,-0.6166666666666667,-0.42500000000000004,16
2093,-0.3520833333333333,0.11454544828242728,-0.5645833333333333,-0.32499999999999996,-0.15208333333333335,16
2094,-0.625,0.06319062870042956,-0.7208333333333333,-0.6083333333333334,-0.5229166666666667,16
2095,-0.6895833333333333,0.08516222264987373,-0.8208333333333334,-0.7,-0.4979166666666667,16
2096,-0.465625,0.1283534548619553,-0.69375,-0.48333333333333334,-0.25625,16
2097,0.046875,0.10900731849793899,-0.08333333333333333,0.03333333333333333,0.29583333333333334,16
2098,0.165625,0.13749605423631459,-0.043750000000000004,0.15833333333333333,0.44583333333333336,16
2099,-0.6312500000000001,0.07309501997020347,-0.7583333333333333,-0.6333333333333333,-0.47708333333333336,16
2100,-0.8458333333333332,0.04912427551063163,-0.9166666666666666,-0.85,-0.7666666666666667,16
2101,-0.225,0.11149240133549711,-0.3770833333333333,-0.23333333333333334,-0.04166666666666667,16
2102,0.3645833333333333,0.10895255720827403,0.19583333333333333,0.35,0.5520833333333334,16
2103,-0.7083333333333334,0.07750448015724282,-0.8104166666666667,-0.725,-0.5854166666666667,16
2104,-0.628125,0.11677357452922871,-0.7875000000000001,-0.6666666666666667,-0.3958333333333333,16
2105,-0.5895833333333333,0.08351542605344768,-0.7104166666666667,-0.5583333333333333,-0.44583333333333336,16
2106,-0.8291666666666667,0.05051814855409224,-0.9104166666666667,-0.825,-0.75625,16
2107,0.125,0.1,-0.016666666666666666,0.11666666666666667,0.26666666666666666,16
2108,-0.4979166666666667,0.11006232451560241,-0.6,-0.525,-0.22291666666666665,16
2109,-0.3197916666666667,0.10072975913303873,-0.47708333333333336,-0.30833333333333335,-0.17291666666666666,16
2110,-0.190625,0.08353491244517001,-0.33125,-0.16666666666666666,-0.08333333333333333,16
2111,-0.8375,0.037499999999999985,-0.89375,-0.8333333333333334,-0.76875,16
2112,0.09791666666666667,0.13551278639957845,-0.17083333333333334,0.11666666666666667,0.3020833333333333,16
2113,-0.7635416666666666,0.07149658839957176,-0.89375,-0.7666666666666667,-0.625,16
2114,-0.5927083333333334,0.11101938488140006,-0.7604166666666667,-0.5833333333333334,-0.4395833333333333,16
2115,-0.221875,0.12551543038164228,-0.48125,-0.19166666666666665,-0.06666666666666667,16
2116,-0.7156250000000001,0.06440668044629465,-0.8104166666666667,-0.7166666666666667,-0.5833333333333333,16
2117,-0.6729166666666666,0.11147293518059788,-0.8208333333333334,-0.7083333333333333,-0.4791666666666667,16
2118,-0.8656250000000001,0.04619882679486809,-0.9333333333333333,-0.8666666666666667,-0.775,16
2119,-0.5239583333333333,0.08227847995611542,-0.6645833333333333,-0.5333333333333333,-0.375,16
2120,0.3291666666666666,0.07156485015549029,0.21250000000000002,0.3333333333333333,0.4625,16
2121,-0.6510416666666667,0.08089532631397468,-0.7770833333333333,-0.6583333333333333,-0.51875,16
2122,0.15416666666666667,0.12589954108115106,-0.06666666666666667,0.15,0.35416666666666663,16
2123,-0.6072916666666667,0.10523926937908892,-0.7666666666666667,-0.6166666666666667,-0.41875,16
2124,-0.5562499999999999,0.07165576467466599,-0.6666666666666666,-0.5666666666666667,-0.41875,16
2125,-0.2989583333333333,0.10548643113110698,-0.5145833333333333,-0.25,-0.16875,16
2126,-0.6635416666666667,0.06749967849717672,-0.7916666666666666,-0.675,-0.5625,16
2127,-0.5760416666666667,0.09482600110787712,-0.7583333333333333,-0.575,-0.44583333333333336,16
2128,-0.8052083333333333,0.05765039209175713,-0.9145833333333333,-0.8,-0.7229166666666667,16
2129,-0.7718750000000001,0.05423673352893673,-0.8604166666666667,-0.775,-0.6729166666666666,16
2130,-0.659375,0.0912811495539407,-0.8208333333333334,-0.6583333333333333,-0.4916666666666667,16
2131,-0.2677083333333333,0.13116316571990272,-0.45833333333333337,-0.3,-0.05,16
2132,-0.48854166666666665,0.08222571196610785,-0.6416666666666666,-0.4916666666666667,-0.3375,16
2133,-0.11458333333333334,0.11240350800180175,-0.3145833333333333,-0.1,0.016666666666666666,16
2134,-0.9354166666666667,0.021949278651776528,-0.9666666666666667,-0.9416666666666667,-0.9,16
2135,-0.75,0.07168604389202189,-0.8770833333333333,-0.7583333333333333,-0.6229166666666667,16
2136,-0.5895833333333333,0.08796996804465587,-0.7270833333333333,-0.5833333333333334,-0.43125,16
2137,-0.8343750000000001,0.050162496365977104,-0.9104166666666667,-0.8416666666666667,-0.7354166666666667,16
2138,0.24375000000000002,0.06288078446994404,0.13541666666666666,0.24166666666666667,0.3333333333333333,16
2139,-0.8447916666666666,0.05127497697599568,-0.9166666666666666,-0.8583333333333334,-0.7666666666666667,16
2140,-0.6041666666666667,0.07132184486926536,-0.7416666666666667,-0.6,-0.49583333333333335,16
2141,-0.4479166666666667,0.09698134843589486,-0.6333333333333333,-0.45,-0.2625,16
2142,-0.7208333333333333,0.07872684844871326,-0.7833333333333333,-0.75,-0.5291666666666667,16
2143,-0.8687499999999999,0.05166498653182183,-0.9770833333333333,-0.8583333333333334,-0.8,16
2144,-0.9437500000000001,0.028792239502260935,-0.99375,-0.95,-0.8895833333333333,16
2145,-0.459375,0.08838220935547808,-0.5833333333333334,-0.45833333333333337,-0.29583333333333334,16
2146,-0.9072916666666667,0.035827882337333,-0.9666666666666667,-0.9083333333333333,-0.85,16
2147,-0.35625,0.12330447297464742,-0.5625,-0.38333333333333336,-0.1375,16
2148,-0.042708333333333334,0.10324067586362352,-0.21666666666666667,-0.03333333333333333,0.11875,16
2149,-0.453125,0.1415708928711454,-0.6604166666666667,-0.4666666666666667,-0.21041666666666664,16
2150,-0.465625,0.10298812465252703,-0.6104166666666667,-0.475,-0.2895833333333333,16
2151,0.005208333333333332,0.12172355262597657,-0.18541666666666667,-0.016666666666666666,0.20416666666666666,16
2152,0.2677083333333333,0.10840842749887013,0.05208333333333333,0.2583333333333333,0.45833333333333337,16
2153,0.065625,0.07894019140744749,-0.05416666666666667,0.05,0.21041666666666667,16
2154,-0.9562499999999999,0.03111080108972515,-0.99375,-0.9583333333333333,-0.8895833333333333,16
2155,-0.7302083333333333,0.05503116225780123,-0.8,-0.75,-0.6333333333333333,16
2156,-0.7739583333333333,0.06318204243383646,-0.8770833333333333,-0.7666666666666667,-0.65625,16
2157,-0.46562499999999996,0.08110965442946151,-0.6229166666666667,-0.45,-0.3395833333333333,16
2158,-0.784375,0.058175008356013344,-0.8833333333333333,-0.7833333333333333,-0.6854166666666667,16
2159,-0.8552083333333333,0.049902248195847834,-0.9270833333333334,-0.8666666666666667,-0.7729166666666667,16
2160,-0.7791666666666667,0.05480394349152462,-0.85,-0.775,-0.6791666666666666,16
2161,-0.7864583333333334,0.05719689130538478,-0.8666666666666667,-0.7833333333333334,-0.6791666666666666,16
2162,-0.18958333333333333,0.13461299982625088,-0.36041666666666666,-0.20833333333333334,0.041666666666666664,16
2163,0.05416666666666666,0.13023749673406487,-0.15,0.016666666666666666,0.28125,16
2164,0.4854166666666667,0.08413675210961946,0.3520833333333333,0.48333333333333334,0.6604166666666667,16
2165,-0.9333333333333333,0.03726779962499649,-0.9875,-0.9333333333333333,-0.8520833333333333,16
2166,-0.7093750000000001,0.0855879887568603,-0.8208333333333334,-0.7333333333333334,-0.55625,16
2167,-0.46354166666666663,0.08127002958245638,-0.55,-0.4916666666666667,-0.3145833333333333,16
2168,-0.09583333333333333,0.08769818824937162,-0.21041666666666667,-0.10833333333333334,0.08333333333333333,16
2169,-0.4197916666666667,0.13113007086900821,-0.6479166666666667,-0.4,-0.19791666666666666,16
2170,-0.28020833333333334,0.08764249310250263,-0.39375000000000004,-0.2833333333333333,-0.15208333333333332,16
2171,-0.5687500000000001,0.09787233038788622,-0.75,-0.55,-0.41041666666666665,16
2172,-0.7916666666666667,0.06319062870042957,-0.89375,-0.775,-0.7166666666666667,16
2173,-0.8104166666666667,0.08098246552323671,-0.8833333333333333,-0.8333333333333334,-0.6166666666666667,16
2174,-0.503125,0.08127002958245637,-0.6604166666666667,-0.5083333333333333,-0.37083333333333335,16
2175,-0.6375000000000001,0.06441510347391793,-0.74375,-0.6416666666666666,-0.51875,16
2176,-0.8208333333333333,0.052869073085206324,-0.9270833333333334,-0.8166666666666667,-0.75625,16
2177,-0.38645833333333335,0.10411978111504291,-0.5708333333333334,-0.4,-0.19374999999999998,16
2178,0.7354166666666666,0.0910728874766433,0.5833333333333334,0.7416666666666667,0.89375,16
2179,-0.20416666666666666,0.11000315652036738,-0.36458333333333337,-0.225,-0.03958333333333333,16
2180,-0.35,0.08936504412303008,-0.5166666666666666,-0.3333333333333333,-0.21250000000000002,16
2181,-0.04479166666666667,0.14002960376490237,-0.2791666666666667,-0.04166666666666667,0.19583333333333333,16
2182,-0.396875,0.0979332875964268,-0.5333333333333333,-0.4083333333333333,-0.18541666666666667,16
2183,-0.5885416666666667,0.06474274680525137,-0.6875,-0.6,-0.47500000000000003,16
2184,-0.9312499999999999,0.03429599506907151,-0.9875,-0.9333333333333333,-0.8583333333333334,16
2185,-0.16354166666666667,0.10804749952117253,-0.33125,-0.14166666666666666,-0.0125,16
2186,-0.11041666666666666,0.09840304732182954,-0.27708333333333335,-0.08333333333333333,0.010416666666666666,16
2187,-0.7510416666666666,0.0575750566893145,-0.84375,-0.75,-0.6416666666666667,16
2188,-0.5604166666666667,0.11317314046284226,-0.7875000000000001,-0.5583333333333333,-0.34791666666666665,16
2189,-0.4697916666666667,0.10192909266031733,-0.6104166666666667,-0.4916666666666667,-0.2583333333333333,16
2190,-0.878125,0.0570449232087211,-0.9833333333333333,-0.875,-0.7729166666666667,16
2191,-0.060416666666666674,0.07657489978953794,-0.19375,-0.06666666666666667,0.09583333333333333,16
2192,-0.8666666666666667,0.04714045207910316,-0.9333333333333333,-0.8833333333333333,-0.7895833333333333,16
2193,-0.8833333333333333,0.04166666666666665,-0.94375,-0.8833333333333333,-0.7916666666666667,16
2194,-0.5760416666666667,0.08719565125178103,-0.725,-0.6000000000000001,-0.4395833333333333,16
2195,-0.390625,0.07094813001607428,-0.51875,-0.3916666666666667,-0.2791666666666667,16
2196,-0.23333333333333334,0.09965217285917832,-0.39375000000000004,-0.225,-0.08333333333333333,16
2197,0.31770833333333326,0.08828393862670857,0.20625000000000002,0.3,0.4979166666666667,16
2198,-0.7614583333333333,0.07766531427649453,-0.89375,-0.7416666666666667,-0.65625,16
2199,-0.15520833333333334,0.1445441529525763,-0.35,-0.2,0.10833333333333334,16
2200,-0.21875,0.09126331714087295,-0.3770833333333333,-0.225,-0.04791666666666666,16
2201,-0.6958333333333333,0.07300589778306348,-0.7937500000000001,-0.7083333333333333,-0.5520833333333334,16
2202,-0.5270833333333333,0.1015291077584267,-0.6770833333333334,-0.55,-0.35624999999999996,16
2203,-0.4395833333333333,0.103392959947313,-0.5958333333333333,-0.45833333333333337,-0.24375,16
2204,-0.36770833333333336,0.10025466704293068,-0.56875,-0.375,-0.25,16
2205,-0.4010416666666667,0.09833134708445951,-0.6187499999999999,-0.375,-0.275,16
2206,-0.828125,0.039404750665370275,-0.89375,-0.8333333333333334,-0.7625,16
2207,-0.31354166666666666,0.11245658884654113,-0.4604166666666667,-0.31666666666666665,-0.07708333333333334,16
2208,0.4666666666666667,0.10540925533894598,0.24166666666666667,0.4916666666666667,0.625,16
2209,-0.14791666666666667,0.12160315122927073,-0.36458333333333337,-0.15833333333333333,0.03125,16
2210,-0.7520833333333333,0.06063180087856356,-0.8541666666666667,-0.725,-0.6791666666666666,16
2211,0.6239583333333334,0.10864838004365784,0.41875,0.65,0.75,16
2212,-0.0031249999999999993,0.0928369893804308,-0.17708333333333331,0.025,0.11041666666666666,16
2213,-0.84375,0.04597515935565397,-0.9354166666666667,-0.8333333333333334,-0.7833333333333333,16
2214,-0.70625,0.07946762967816938,-0.8375,-0.7083333333333333,-0.5791666666666666,16
2215,-0.2833333333333333,0.09446486707295529,-0.46875,-0.275,-0.13958333333333334,16
2216,0.053125000000000006,0.10691682092740236,-0.11875,0.06666666666666667,0.1875,16
2217,-0.4979166666666667,0.08637671850678283,-0.6208333333333333,-0.5166666666666666,-0.3395833333333333,16
2218,-0.121875,0.1232824712127938,-0.3333333333333333,-0.11666666666666667,0.06458333333333333,16
2219,-0.8739583333333334,0.04712894177443173,-0.95,-0.875,-0.80625,16
2220,-0.6739583333333333,0.08143008887997114,-0.7770833333333333,-0.675,-0.51875,16
2221,-0.596875,0.11105847277448037,-0.7333333333333333,-0.6083333333333334,-0.3333333333333333,16
2222,-0.4583333333333333,0.09204467514322719,-0.5770833333333334,-0.48333333333333334,-0.31666666666666665,16
2223,0.08958333333333332,0.12174583611405818,-0.06458333333333333,0.075,0.35833333333333334,16
2224,-0.35833333333333334,0.11873172373979174,-0.53125,-0.36666666666666664,-0.09791666666666667,16
2225,-0.6604166666666667,0.07814583055629605,-0.78125,-0.6666666666666667,-0.5458333333333333,16
2226,-0.9635416666666666,0.02373080364561358,-1.0,-0.9666666666666667,-0.9229166666666666,16
2227,-0.08541666666666667,0.14323579530115912,-0.3104166666666667,-0.08333333333333334,0.18125,16
2228,0.334375,0.1312954617033235,0.1125,0.32499999999999996,0.575,16
2229,-0.8791666666666667,0.0484122918275927,-0.9333333333333333,-0.9,-0.7895833333333333,16
2230,-0.07395833333333333,0.1092856778127857,-0.26458333333333334,-0.058333333333333334,0.06666666666666667,16
2231,0.6177083333333333,0.08689648015822556,0.4291666666666667,0.6416666666666666,0.7354166666666667,16
2232,-0.7614583333333333,0.06200323412263806,-0.8604166666666667,-0.75,-0.6729166666666666,16
2233,-0.12708333333333333,0.10389548033159736,-0.3416666666666667,-0.11666666666666667,0.025,16
2234,-0.6041666666666666,0.07938566201357354,-0.7375,-0.575,-0.4854166666666667,16
2235,-0.9010416666666667,0.04467037842164909,-0.9604166666666667,-0.9083333333333333,-0.8333333333333334,16
2236,0.32708333333333334,0.10637247842683119,0.15833333333333333,0.32499999999999996,0.525,16
2237,-0.6645833333333333,0.08816709987291177,-0.7979166666666667,-0.6916666666666667,-0.5083333333333333,16
2238,-0.22395833333333334,0.10490881457246574,-0.375,-0.25,0.002083333333333333,16
2239,-0.084375,0.09564633022814369,-0.24375,-0.08333333333333333,0.06041666666666667,16
2240,-0.7666666666666667,0.06614378277661476,-0.8604166666666667,-0.775,-0.65625,16
2241,-0.7239583333333333,0.0682033188952952,-0.8270833333333334,-0.7166666666666667,-0.6166666666666667,16
2242,-0.7625,0.04269562819149834,-0.8270833333333334,-0.75,-0.6958333333333333,16
2243,0.3822916666666667,0.09762256363441578,0.2,0.4,0.5104166666666667,16
2244,-0.7020833333333334,0.09480883544152292,-0.8520833333333333,-0.7083333333333333,-0.5395833333333333,16
2245,0.07395833333333333,0.1293639286728208,-0.12916666666666665,0.05,0.3145833333333333,16
2246,-0.14375,0.09590124405403254,-0.275,-0.175,0.03125,16
2247,-0.521875,0.1267541844038645,-0.7208333333333333,-0.525,-0.25,16
2248,-0.43437499999999996,0.0956463302281437,-0.6125,-0.44166666666666665,-0.3125,16
2249,-0.7104166666666667,0.08225869592666514,-0.8541666666666667,-0.7,-0.5479166666666667,16
2250,-0.7083333333333333,0.08228507357554793,-0.8541666666666667,-0.675,-0.6,16
2251,-0.21354166666666669,0.1259986152370996,-0.4041666666666667,-0.20833333333333334,-0.00625,16
2252,-0.7416666666666667,0.09166666666666667,-0.8770833333333333,-0.75,-0.54375,16
2253,-0.5125,0.07324331596352894,-0.6270833333333333,-0.5,-0.38333333333333336,16
2254,-0.6937499999999999,0.05888872510459404,-0.7833333333333333,-0.6833333333333333,-0.6166666666666667,16
2255,-0.09375,0.12344519139187957,-0.31666666666666665,-0.05,0.07083333333333333,16
2256,0.048958333333333326,0.1096821085252994,-0.12708333333333333,0.04166666666666667,0.25625,16
2257,0.171875,0.08594223471805544,0.02291666666666667,0.19166666666666665,0.3145833333333333,16
2258,0.13020833333333334,0.14710384063835844,-0.07083333333333333,0.09166666666666667,0.4395833333333333,16
2259,-0.728125,0.05161245475765624,-0.8166666666666667,-0.7333333333333333,-0.65,16
2260,-0.8604166666666666,0.04077163706412691,-0.9375,-0.8583333333333334,-0.8,16
2261,-0.06041666666666667,0.13240234871196374,-0.2604166666666667,-0.058333333333333334,0.13541666666666666,16
2262,-0.525,0.10086432030758503,-0.725,-0.55,-0.3541666666666667,16
2263,-0.34895833333333337,0.14535263036071203,-0.5645833333333333,-0.375,-0.04166666666666667,16
2264,0.27083333333333337,0.08025566785107592,0.125,0.26666666666666666,0.4041666666666667,16
2265,-0.46562499999999996,0.11673640029047401,-0.6375000000000001,-0.475,-0.22916666666666666,16
2266,-0.7374999999999999,0.08946212730659953,-0.8770833333333333,-0.7416666666666667,-0.5750000000000001,16
2267,-0.8270833333333333,0.05364330495659888,-0.9166666666666666,-0.8333333333333334,-0.7458333333333333,16
2268,-0.24895833333333334,0.1263082580105777,-0.43333333333333335,-0.2583333333333333,-0.03958333333333333,16
2269,-0.30729166666666663,0.13743290661062382,-0.5479166666666667,-0.3,-0.10625000000000001,16
2270,-0.39166666666666666,0.07971302695712082,-0.5166666666666667,-0.3916666666666667,-0.23958333333333334,16
2271,-0.46770833333333334,0.06494355187819308,-0.575,-0.475,-0.36666666666666664,16
2272,-0.34687500000000004,0.09018090422096639,-0.5020833333333333,-0.36666666666666664,-0.22291666666666668,16
2273,-0.30937499999999996,0.10085894130748482,-0.45,-0.3,-0.125,16
2274,0.35625,0.08267972847076846,0.27291666666666664,0.3333333333333333,0.53125,16
2275,-0.056249999999999994,0.1188595985466326,-0.25416666666666665,-0.075,0.1625,16
2276,-0.7479166666666667,0.04995657836784085,-0.8270833333333334,-0.75,-0.6666666666666666,16
2277,-0.490625,0.11916502766938143,-0.68125,-0.4666666666666667,-0.2791666666666667,16
2278,-0.5062500000000001,0.11271199162269982,-0.6833333333333333,-0.4916666666666667,-0.30208333333333337,16
2279,-0.8770833333333333,0.05396597436245258,-0.9541666666666667,-0.8833333333333333,-0.7583333333333333,16
2280,-0.6677083333333332,0.06756394861742301,-0.7916666666666666,-0.6833333333333333,-0.5458333333333333,16
2281,0.16770833333333335,0.10382757307457184,0.0,0.19166666666666665,0.34375,16
2282,0.21458333333333332,0.12813770262234817,-0.02291666666666667,0.225,0.4083333333333333,16
2283,0.18229166666666669,0.12561912645196813,-0.07708333333333334,0.175,0.3625,16
2284,-0.94375,0.0385838732863586,-0.99375,-0.95,-0.8583333333333334,16
2285,-0.73125,0.03947353191978421,-0.7833333333333333,-0.7333333333333333,-0.6625,16
2286,-0.17395833333333333,0.11651310578404665,-0.3770833333333333,-0.175,0.004166666666666666,16
2287,0.5260416666666666,0.10424476239174374,0.30833333333333335,0.5333333333333333,0.6666666666666666,16
2288,-0.30520833333333336,0.09404467577522221,-0.45416666666666666,-0.30833333333333335,-0.15625,16
2289,0.3302083333333333,0.13257842935619488,0.08541666666666667,0.3416666666666667,0.5375000000000001,16
2290,-0.28645833333333337,0.13426998480466304,-0.4979166666666667,-0.3,-0.06041666666666666,16
2291,-0.7229166666666667,0.07902948640996109,-0.84375,-0.7416666666666667,-0.5791666666666666,16
2292,-0.015625,0.11094116777974411,-0.16041666666666665,-0.05,0.1875,16
2293,0.5802083333333333,0.1527773832065612,0.2583333333333333,0.5916666666666667,0.78125,16
2294,0.5510416666666668,0.08238391454040041,0.45,0.55,0.7395833333333333,16
2295,-0.38958333333333334,0.07543277912596531,-0.4875,-0.4166666666666667,-0.25,16
2296,0.084375,0.12039702117715925,-0.14583333333333331,0.1,0.2708333333333333,16
2297,0.271875,0.11253375265275353,0.09791666666666667,0.2833333333333333,0.4916666666666667,16
2298,-0.8427083333333334,0.045249597143694725,-0.9104166666666667,-0.85,-0.7583333333333333,16
2299,-0.7614583333333333,0.06527685430788874,-0.9041666666666667,-0.7416666666666667,-0.6833333333333333,16
2300,-0.7906249999999999,0.042068376054809745,-0.8604166666666667,-0.7833333333333333,-0.7333333333333333,16
2301,-0.321875,0.1155780685534914,-0.5270833333333333,-0.29166666666666663,-0.17291666666666666,16
2302,0.019791666666666666,0.1284548599379045,-0.17500000000000002,-0.016666666666666666,0.2708333333333333,16
2303,-0.6499999999999999,0.08207381501496754,-0.775,-0.6583333333333333,-0.48750000000000004,16
2304,-0.8218749999999999,0.05854685623498499,-0.9208333333333334,-0.8166666666666667,-0.71875,16
2305,-0.1645833333333333,0.10783136912172944,-0.36041666666666666,-0.14166666666666666,-0.0125,16
2306,0.6354166666666667,0.10439558180306291,0.44166666666666665,0.6333333333333333,0.7666666666666667,16
2307,-0.8989583333333333,0.03840064289826408,-0.9541666666666667,-0.9,-0.81875,16
2308,-0.6395833333333334,0.09857931803600817,-0.7833333333333333,-0.6333333333333333,-0.4895833333333333,16
2309,-0.5927083333333334,0.10896749483472377,-0.7645833333333333,-0.6,-0.4291666666666667,16
2310,-0.2677083333333333,0.12111586939556866,-0.475,-0.29166666666666663,-0.04375,16
2311,-0.4625,0.09344858955002419,-0.5979166666666667,-0.45833333333333337,-0.3020833333333333,16
2312,-0.940625,0.032258047015004204,-0.99375,-0.9416666666666667,-0.8791666666666667,16
2313,-0.44895833333333335,0.11952869686815798,-0.6104166666666667,-0.4666666666666667,-0.23958333333333334,16
2314,0.5739583333333333,0.07311728354348085,0.47500000000000003,0.5583333333333333,0.7208333333333333,16
2315,-0.7708333333333333,0.07671646933134153,-0.8916666666666666,-0.7916666666666667,-0.65,16
2316,-0.8958333333333333,0.0384147685720537,-0.9666666666666667,-0.8916666666666666,-0.8395833333333333,16
2317,0.056249999999999994,0.15171187513031256,-0.20208333333333334,0.058333333333333334,0.33749999999999997,16
2318,-0.6302083333333335,0.07844379401485145,-0.7625,-0.65,-0.5020833333333333,16
2319,-0.28229166666666666,0.13724328940283786,-0.49583333333333335,-0.31666666666666665,-0.03333333333333333,16
2320,0.075,0.08186201126828542,-0.07291666666666667,0.058333333333333334,0.22083333333333333,16
2321,-0.8427083333333334,0.041653643798192086,-0.9104166666666667,-0.8333333333333334,-0.7833333333333333,16
2322,-0.8041666666666667,0.061661035778953086,-0.9041666666666667,-0.8,-0.6895833333333333,16
2323,-0.715625,0.07487692447907061,-0.85,-0.7,-0.5916666666666667,16
2324,-0.4677083333333334,0.08467026526145083,-0.5604166666666667,-0.48333333333333334,-0.29583333333333334,16
2325,-0.07708333333333334,0.09145335028186653,-0.26666666666666666,-0.06666666666666667,0.0375,16
2326,-0.21979166666666666,0.09075660941649251,-0.34791666666666665,-0.225,-0.05,16
2327,-0.834375,0.059356722332951556,-0.93125,-0.8333333333333334,-0.7083333333333334,16
2328,-0.6104166666666666,0.07990337046152127,-0.7416666666666667,-0.6083333333333334,-0.45833333333333337,16
2329,-0.8875,0.040611643103370676,-0.9604166666666667,-0.8666666666666667,-0.8395833333333333,16
2330,-0.2947916666666667,0.11766223286027963,-0.42708333333333337,-0.31666666666666665,-0.029166666666666667,16
2331,-0.5270833333333333,0.10863339853736409,-0.7375,-0.5,-0.33958333333333335,16
2332,-0.859375,0.05203122393225906,-0.9333333333333333,-0.85,-0.7666666666666667,16
2333,-0.5302083333333334,0.07910496499026538,-0.65,-0.5083333333333333,-0.42291666666666666,16
2334,-0.8822916666666667,0.04767830204727419,-0.98125,-0.8666666666666667,-0.8125,16
2335,-0.8489583333333334,0.054794043040989206,-0.9333333333333333,-0.8416666666666667,-0.7416666666666667,16
2336,-0.39791666666666664,0.0982264602843857,-0.5437500000000001,-0.4166666666666667,-0.23958333333333334,16
2337,-0.63125,0.07946762967816938,-0.7604166666666667,-0.6416666666666666,-0.48125,16
2338,-0.6510416666666666,0.09510023038586417,-0.8041666666666667,-0.6333333333333333,-0.50625,16
2339,-0.7447916666666667,0.0778885310163755,-0.8770833333333333,-0.7416666666666667,-0.6291666666666667,16
2340,0.15833333333333333,0.1366768288904727,-0.12083333333333332,0.175,0.37083333333333335,16
2341,-0.02291666666666666,0.15875765510851927,-0.25416666666666665,-0.04166666666666667,0.24791666666666667,16
2342,-0.84375,0.045975159355653966,-0.9375,-0.85,-0.7729166666666667,16
2343,-0.11666666666666667,0.0868027777333319,-0.3104166666666667,-0.1,0.004166666666666666,16
2344,-0.47291666666666665,0.09928127131203213,-0.6208333333333333,-0.48333333333333334,-0.27291666666666664,16
2345,0.53125,0.11069148190654358,0.36875,0.5333333333333333,0.7395833333333333,16
2346,0.13854166666666667,0.1242643282035874,-0.03125,0.125,0.37083333333333335,16
2347,-0.5375,0.062777163222164,-0.6645833333333333,-0.5333333333333333,-0.42083333333333334,16
2348,-0.00104166666666667,0.08425917976695477,-0.16041666666666665,0.0,0.1375,16
2349,-0.878125,0.04027628110246084,-0.94375,-0.8833333333333333,-0.7958333333333333,16
2350,-0.2791666666666667,0.08090203266228166,-0.4,-0.2833333333333333,-0.16249999999999998,16
2351,0.06770833333333333,0.09344278366703576,-0.12708333333333333,0.075,0.19791666666666666,16
2352,-0.14479166666666665,0.1250997865594591,-0.38125,-0.13333333333333333,0.06458333333333333,16
2353,-0.75,0.08333333333333333,-0.8770833333333333,-0.7583333333333333,-0.5958333333333333,16
2354,-0.0010416666666666664,0.0997338036837171,-0.20625,0.025,0.12708333333333333,16
2355,-0.5125,0.09798313346920706,-0.6770833333333334,-0.5083333333333333,-0.36875,16
2356,-0.85625,0.04119524986101079,-0.9270833333333334,-0.85,-0.8,16
2357,-0.2895833333333333,0.13002069813858272,-0.47708333333333336,-0.29166666666666663,-0.07291666666666666,16
2358,-0.7041666666666666,0.06332785063987777,-0.7833333333333333,-0.6916666666666667,-0.5895833333333333,16
2359,-0.5302083333333333,0.1000379702218668,-0.6916666666666667,-0.525,-0.375,16
2360,-0.3697916666666667,0.08604317997054993,-0.4604166666666667,-0.4166666666666667,-0.19791666666666666,16
2361,-0.014583333333333334,0.12245676674737996,-0.21041666666666667,-0.025,0.2,16
2362,-0.8520833333333334,0.051327854144812154,-0.9270833333333334,-0.8500000000000001,-0.75625,16
2363,-0.4239583333333333,0.12204404231214602,-0.6104166666666667,-0.4166666666666667,-0.1875,16
2364,-0.7979166666666666,0.07261843774138906,-0.9041666666666667,-0.8,-0.66875,16
2365,-0.11979166666666666,0.10428638953222355,-0.26666666666666666,-0.125,0.10625,16
2366,-0.6958333333333333,0.06601241465731192,-0.8104166666666667,-0.7,-0.5583333333333333,16
2367,-0.7916666666666666,0.0719278187568003,-0.89375,-0.7916666666666667,-0.6958333333333333,16
2368,-0.7208333333333333,0.06277716322216402,-0.8,-0.7333333333333333,-0.5958333333333333,16
2369,-0.8072916666666667,0.04486428222366256,-0.8708333333333333,-0.8083333333333333,-0.71875,16
2370,-0.35625,0.11286591725484617,-0.5375000000000001,-0.35,-0.18333333333333332,16
2371,-0.35000000000000003,0.09628516673576121,-0.5104166666666667,-0.32499999999999996,-0.20625000000000002,16
2372,-0.5802083333333332,0.0924622201376204,-0.7416666666666667,-0.5833333333333333,-0.42500000000000004,16
2373,-0.6260416666666666,0.0768224752812179,-0.7416666666666667,-0.6416666666666666,-0.48333333333333334,16
2374,-0.7375,0.06757197808427856,-0.8854166666666666,-0.725,-0.65,16
2375,-0.8052083333333333,0.052611901246559956,-0.9041666666666667,-0.8,-0.71875,16
2376,-0.45729166666666665,0.08121660638550332,-0.5604166666666667,-0.44166666666666665,-0.31666666666666665,16
2377,0.15833333333333333,0.14105259066508966,-0.02916666666666666,0.11666666666666667,0.4416666666666667,16
2378,-0.8958333333333333,0.033071891388307385,-0.9541666666666667,-0.8833333333333333,-0.85,16
2379,0.7635416666666666,0.08337889379546573,0.6020833333333333,0.7666666666666667,0.9041666666666667,16
2380,0.24270833333333333,0.10832832520475273,0.02291666666666666,0.24166666666666667,0.42708333333333337,16
2381,-0.7927083333333333,0.06263007298148922,-0.8770833333333333,-0.8,-0.6625,16
2382,0.4239583333333333,0.10290380317720689,0.23333333333333334,0.4166666666666667,0.6145833333333334,16
2383,0.3822916666666667,0.13699005818549997,0.20208333333333334,0.31666666666666665,0.6104166666666667,16
2384,-0.4229166666666666,0.11694535167238491,-0.60625,-0.44166666666666665,-0.18958333333333333,16
2385,-0.8708333333333333,0.029755951785595203,-0.9166666666666666,-0.8666666666666667,-0.8229166666666666,16
2386,-0.8260416666666666,0.06008349225591558,-0.9208333333333334,-0.8333333333333334,-0.71875,16
2387,0.20625,0.10271910863017542,0.03125,0.2,0.4083333333333333,16
2388,-0.45625,0.0830986278132464,-0.5833333333333334,-0.43333333333333335,-0.29791666666666666,16
2389,-0.14270833333333333,0.08955304720604927,-0.28541666666666665,-0.16666666666666666,0.035416666666666666,16
2390,-0.734375,0.08322258265572445,-0.9020833333333333,-0.7333333333333334,-0.6291666666666667,16
2391,0.13437500000000002,0.08174926732597261,0.03333333333333333,0.11666666666666667,0.3020833333333333,16
2392,0.04791666666666666,0.11240350800180175,-0.14791666666666667,0.08333333333333333,0.22916666666666666,16
2393,-0.5770833333333334,0.07858890047441672,-0.6979166666666666,-0.6,-0.4395833333333333,16
2394,-0.5458333333333334,0.08926785535678562,-0.69375,-0.55,-0.38333333333333336,16
2395,-0.9416666666666667,0.030046260628866575,-1.0,-0.9416666666666667,-0.9,16
2396,-0.6343749999999999,0.09307045382397143,-0.7645833333333333,-0.6499999999999999,-0.45208333333333334,16
2397,0.221875,0.14285272500609383,-0.004166666666666666,0.20833333333333334,0.45,16
2398,-0.5364583333333334,0.12627389075383363,-0.73125,-0.5583333333333333,-0.29791666666666666,16
2399,-0.83125,0.05859317129343846,-0.9270833333333334,-0.8416666666666667,-0.7145833333333333,16
2400,-0.7677083333333333,0.06652817646598237,-0.8604166666666667,-0.775,-0.6458333333333333,16
2401,-0.42083333333333334,0.08650224788344457,-0.55,-0.4083333333333333,-0.2833333333333333,16
2402,-0.778125,0.053267781981440006,-0.8666666666666667,-0.7833333333333333,-0.6854166666666667,16
2403,-0.05416666666666667,0.12126360175712707,-0.22083333333333333,-0.03333333333333333,0.1375,16
2404,-0.7854166666666667,0.0564810071321915,-0.8770833333333333,-0.7833333333333333,-0.6791666666666666,16
2405,-0.6156250000000001,0.06652817646598233,-0.7,-0.625,-0.5083333333333333,16
2406,-0.42708333333333337,0.09239765358973619,-0.5666666666666667,-0.43333333333333335,-0.2791666666666667,16
2407,-0.12291666666666667,0.1267755836551783,-0.31666666666666665,-0.125,0.06041666666666667,16
2408,-0.903125,0.033962167472710636,-0.95,-0.9083333333333333,-0.8291666666666666,16
2409,0.5864583333333333,0.10311447757764722,0.39791666666666664,0.6000000000000001,0.7583333333333333,16
2410,-0.403125,0.09541916845337384,-0.5645833333333333,-0.4,-0.24791666666666667,16
2411,0.3260416666666667,0.10960293709314749,0.125,0.35,0.5020833333333333,16
2412,-0.7854166666666667,0.05428672591998077,-0.88125,-0.7833333333333333,-0.6854166666666667,16
2413,-0.3260416666666667,0.11164314895385805,-0.4875,-0.3416666666666667,-0.13541666666666666,16
2414,-0.9312499999999999,0.03274215342812856,-0.9770833333333333,-0.9333333333333333,-0.8729166666666667,16
2415,-0.31666666666666665,0.08333333333333334,-0.45,-0.32499999999999996,-0.18333333333333332,16
2416,-0.7635416666666666,0.05503116225780122,-0.8604166666666667,-0.7583333333333333,-0.66875,16
2417,-0.9156249999999999,0.04657310188772532,-0.9770833333333333,-0.925,-0.8333333333333334,16
2418,-0.7479166666666666,0.06505206248331667,-0.8333333333333334,-0.7583333333333333,-0.6333333333333333,16
2419,0.2520833333333333,0.15908538500510416,0.0,0.23333333333333334,0.54375,16
2420,-0.47916666666666663,0.10582020916000247,-0.6979166666666667,-0.475,-0.31666666666666665,16
2421,-0.8729166666666667,0.06766825737046549,-0.9541666666666667,-0.9,-0.7333333333333333,16
2422,-0.8802083333333333,0.048311327605438444,-0.9541666666666667,-0.8833333333333333,-0.7791666666666667,16
2423,-0.40625,0.11193918860008073,-0.6375,-0.3916666666666667,-0.23541666666666666,16
2424,-0.75,0.07264831572567791,-0.8875000000000001,-0.75,-0.6458333333333333,16
2425,-0.15833333333333333,0.15986105077709065,-0.3979166666666667,-0.15833333333333333,0.11458333333333333,16
2426,0.140625,0.0875929565756669,0.00625,0.15833333333333333,0.275,16
2427,-0.528125,0.10924595562053747,-0.7104166666666667,-0.5166666666666666,-0.3729166666666667,16
2428,0.14166666666666666,0.11547005383792515,-0.0375,0.14166666666666666,0.32708333333333334,16
2429,-0.753125,0.05986638768958756,-0.85,-0.7666666666666666,-0.6666666666666666,16
2430,-0.6479166666666667,0.06843361544023684,-0.7541666666666667,-0.6416666666666666,-0.5125,16
2431,0.5020833333333334,0.08556896990797022,0.35624999999999996,0.5083333333333333,0.63125,16
2432,-0.678125,0.06788438650054633,-0.8208333333333334,-0.65,-0.60625,16
2433,-0.534375,0.09833134708445952,-0.6604166666666667,-0.5416666666666667,-0.3395833333333333,16
2434,-0.621875,0.07921462363239644,-0.7729166666666667,-0.625,-0.49583333333333335,16
2435,0.015624999999999998,0.08945606269436286,-0.1,-0.008333333333333333,0.19166666666666668,16
2436,-0.8645833333333333,0.04202966875381669,-0.9166666666666666,-0.8666666666666667,-0.7895833333333333,16
2437,-0.2635416666666667,0.08482390869390016,-0.41458333333333336,-0.26666666666666666,-0.13958333333333334,16
2438,-0.36354166666666665,0.1010738780271364,-0.47708333333333336,-0.3916666666666667,-0.15833333333333333,16
2439,-0.036458333333333336,0.14254857237486146,-0.25416666666666665,-0.04166666666666667,0.16041666666666665,16
2440,-0.590625,0.09147114564774571,-0.7458333333333333,-0.6083333333333334,-0.4666666666666667,16
2441,0.32499999999999996,0.08270597183866336,0.17083333333333334,0.32499999999999996,0.46458333333333335,16
2442,-0.20937499999999998,0.142883104659796,-0.4125,-0.225,0.05416666666666667,16
2443,-0.37604166666666666,0.13423765590879813,-0.575,-0.3833333333333333,-0.12708333333333333,16
2444,-0.2947916666666667,0.13420531922518322,-0.51875,-0.2833333333333333,-0.05416666666666667,16
2445,-0.30416666666666664,0.1319590635176093,-0.5208333333333334,-0.32499999999999996,-0.07291666666666666,16
2446,-0.8531249999999999,0.04049123276161835,-0.9166666666666666,-0.8583333333333334,-0.7833333333333333,16
2447,-0.371875,0.09960316225178575,-0.5104166666666667,-0.3916666666666667,-0.1875,16
2448,-0.7677083333333333,0.0808953263139747,-0.8875000000000001,-0.7833333333333333,-0.61875,16
2449,-0.8416666666666666,0.04677071733467426,-0.9208333333333334,-0.85,-0.7729166666666667,16
2450,-0.653125,0.0972216021805625,-0.81875,-0.6583333333333333,-0.50625,16
2451,-0.035416666666666666,0.14812192331544533,-0.3104166666666667,-0.058333333333333334,0.2375,16
2452,-0.2375,0.12479149276559949,-0.43125,-0.2,-0.05625,16
2453,-0.546875,0.11137068204623891,-0.69375,-0.5333333333333333,-0.3125,16
2454,-0.6927083333333333,0.08477272515706663,-0.8104166666666667,-0.7,-0.51875,16
2455,0.371875,0.09731084750256092,0.22291666666666668,0.375,0.56875,16
2456,-0.7635416666666667,0.07574141636368954,-0.8833333333333333,-0.7666666666666667,-0.63125,16
2457,-0.0875,0.11569536147429019,-0.33333333333333337,-0.09166666666666667,0.08958333333333333,16
2458,-0.95,0.030046260628866575,-0.99375,-0.95,-0.8895833333333333,16
2459,-0.65,0.08518770125108698,-0.7875000000000001,-0.6583333333333333,-0.48750000000000004,16
2460,0.008333333333333335,0.1313656897536204,-0.27291666666666664,0.025,0.19375,16
2461,0.16979166666666667,0.10593806333839073,-0.004166666666666666,0.175,0.33541666666666664,16
2462,-0.8500000000000001,0.06640573937712178,-0.9541666666666667,-0.8583333333333334,-0.7520833333333333,16
2463,-0.8729166666666667,0.03767321108338567,-0.9333333333333333,-0.8583333333333334,-0.8229166666666666,16
2464,0.05416666666666666,0.1386317063301177,-0.17708333333333331,0.075,0.32291666666666663,16
2465,-0.8333333333333333,0.04859126579037751,-0.9354166666666667,-0.8333333333333334,-0.7833333333333333,16
2466,-0.08125,0.10522380249311993,-0.20416666666666666,-0.1,0.15625,16
2467,-0.17395833333333333,0.09519146458877263,-0.3208333333333333,-0.16666666666666666,0.002083333333333333,16
2468,-0.6135416666666667,0.06927670714444918,-0.7104166666666667,-0.6083333333333334,-0.48125,16
2469,-0.8656250000000001,0.037945845000181215,-0.9270833333333334,-0.8666666666666667,-0.7895833333333333,16
2470,0.21770833333333334,0.10281941255046259,0.07916666666666666,0.2,0.42083333333333334,16
2471,0.284375,0.1000813471215624,0.11875,0.3,0.45416666666666666,16
2472,0.12708333333333333,0.10254995395199139,-0.06041666666666667,0.125,0.29583333333333334,16
2473,-0.7,0.0650854139658888,-0.8145833333333333,-0.7083333333333333,-0.5958333333333333,16
2474,-0.678125,0.0671127652826859,-0.7541666666666667,-0.7,-0.5270833333333333,16
2475,-0.14791666666666667,0.09553849573165082,-0.30833333333333335,-0.15833333333333333,0.010416666666666666,16
2476,0.042708333333333334,0.14373112798826068,-0.225,0.09166666666666667,0.21458333333333332,16
2477,-0.8322916666666667,0.06574063885620693,-0.89375,-0.8666666666666667,-0.6854166666666667,16
2478,0.434375,0.06494355187819308,0.3458333333333333,0.4166666666666667,0.56875,16
2479,-0.03020833333333333,0.08084165549943227,-0.19583333333333333,-0.008333333333333333,0.07083333333333333,16
2480,-0.6354166666666666,0.07589169000036244,-0.7875000000000001,-0.6416666666666666,-0.5083333333333333,16
2481,-0.32291666666666663,0.12259845816503748,-0.55,-0.3333333333333333,-0.09166666666666667,16
2482,-0.384375,0.10808766214667302,-0.5979166666666667,-0.4,-0.20625000000000002,16
2483,-0.7749999999999999,0.06972166887783965,-0.9083333333333333,-0.7583333333333333,-0.6666666666666666,16
2484,0.22499999999999998,0.10655593210453684,0.08333333333333333,0.24166666666666667,0.4083333333333333,16
2485,-0.37083333333333335,0.13443554837418065,-0.5437500000000001,-0.4083333333333333,-0.10833333333333334,16
2486,-0.6218750000000001,0.1050328569623176,-0.7708333333333334,-0.6333333333333333,-0.39375,16
2487,-0.29791666666666666,0.0835154260534477,-0.41458333333333336,-0.3,-0.15208333333333332,16
2488,-0.6208333333333333,0.06859199013814302,-0.7104166666666667,-0.6166666666666667,-0.5229166666666667,16
2489,0.10624999999999998,0.14066743186995662,-0.08750000000000001,0.09166666666666667,0.3770833333333333,16
2490,0.06875,0.09553849573165084,-0.14166666666666666,0.09166666666666667,0.17708333333333331,16
2491,0.17812499999999998,0.11512655325288293,0.0125,0.15833333333333333,0.37916666666666665,16
2492,-0.7822916666666666,0.05666321987066311,-0.8770833333333333,-0.7833333333333333,-0.66875,16
2493,-0.9052083333333333,0.030458732327528003,-0.9604166666666667,-0.9166666666666666,-0.85625,16
2494,-0.6875,0.07960405489392833,-0.8166666666666667,-0.675,-0.5479166666666667,16
2495,-0.6499999999999999,0.07569125885243727,-0.74375,-0.6666666666666666,-0.5291666666666667,16
2496,-0.9020833333333333,0.0489028941429396,-0.9875,-0.9083333333333333,-0.8166666666666667,16
2497,-0.9447916666666667,0.03212321655231098,-0.9833333333333333,-0.9416666666666667,-0.8895833333333333,16
2498,-0.07604166666666667,0.10573301511879395,-0.26666666666666666,-0.075,0.07708333333333334,16
2499,-0.7885416666666667,0.051612454757656245,-0.8770833333333333,-0.8,-0.7062499999999999,16
2500,-0.7833333333333333,0.0726483157256779,-0.94375,-0.7666666666666667,-0.6666666666666666,16
2501,-0.43333333333333335,0.147784565424735,-0.6270833333333333,-0.48333333333333334,-0.13333333333333333,16
2502,-0.625,0.09166666666666666,-0.8166666666666667,-0.6083333333333334,-0.4854166666666667,16
2503,-0.7770833333333333,0.062326147090214966,-0.8708333333333333,-0.7833333333333333,-0.64375,16
2504,-0.3510416666666667,0.08153662052176992,-0.46458333333333335,-0.36666666666666664,-0.16458333333333333,16
2505,-0.37395833333333334,0.11210869446657562,-0.5604166666666667,-0.38333333333333336,-0.16666666666666666,16
2506,-0.8354166666666667,0.056481007132191494,-0.93125,-0.85,-0.7291666666666666,16
2507,-0.73125,0.08267972847076846,-0.8770833333333333,-0.7416666666666667,-0.5958333333333333,16
2508,-0.7375,0.06833841444523636,-0.8604166666666667,-0.725,-0.6145833333333334,16
2509,-0.784375,0.02793143266206651,-0.8270833333333334,-0.7833333333333333,-0.75,16
2510,-0.215625,0.12282394101359519,-0.36666666666666664,-0.24166666666666667,0.03958333333333333,16
2511,0.5333333333333333,0.10540925533894598,0.3645833333333333,0.5,0.6979166666666666,16
2512,-0.2666666666666666,0.14043582955293932,-0.55,-0.25,-0.07291666666666666,16
2513,-0.7291666666666667,0.08508574106942557,-0.85,-0.7166666666666667,-0.5895833333333333,16
2514,-0.8364583333333333,0.06952686081652185,-0.9104166666666667,-0.8416666666666667,-0.6854166666666667,16
2515,0.47291666666666665,0.11378509837017813,0.3333333333333333,0.43333333333333335,0.6854166666666667,16
2516,0.035416666666666666,0.12732217992164602,-0.17916666666666667,0.008333333333333333,0.2833333333333333,16
2517,-0.48541666666666666,0.08204736944798006,-0.6208333333333333,-0.4916666666666667,-0.3416666666666667,16
2518,0.028124999999999997,0.124682757150119,-0.17708333333333331,0.008333333333333331,0.20416666666666666,16
2519,0.3270833333333333,0.10669840022751566,0.14583333333333331,0.3333333333333333,0.4979166666666667,16
2520,-0.2520833333333333,0.11560153665837569,-0.44166666666666665,-0.26666666666666666,-0.07500000000000001,16
2521,-0.5416666666666667,0.09574271077563382,-0.6645833333333333,-0.575,-0.32499999999999996,16
2522,-0.24166666666666667,0.10960788698304921,-0.42083333333333334,-0.23333333333333334,-0.0625,16
2523,-0.596875,0.08882308219463879,-0.75,-0.575,-0.4625,16
2524,-0.9375,0.03974746672570607,-0.99375,-0.9416666666666667,-0.8624999999999999,16
2525,-0.3677083333333333,0.11938336212713134,-0.60625,-0.3666666666666667,-0.19583333333333333,16
2526,-0.44479166666666664,0.1241245384348585,-0.6749999999999999,-0.4,-0.2625,16
2527,0.49687499999999996,0.07551185291433099,0.35,0.4916666666666667,0.6104166666666667,16
2528,-0.70625,0.08246948088703952,-0.84375,-0.7166666666666667,-0.5375,16
2529,-0.6114583333333334,0.08348293862620473,-0.7604166666666667,-0.6083333333333334,-0.5,16
2530,-0.23958333333333334,0.14262847522302283,-0.5375,-0.23333333333333334,-0.03125,16
2531,-0.3802083333333333,0.08921314014762624,-0.5145833333333333,-0.4,-0.225,16
2532,-0.7833333333333333,0.06508541396588878,-0.8770833333333333,-0.775,-0.6833333333333333,16
2533,-0.8260416666666666,0.061511276631019275,-0.9270833333333334,-0.8333333333333334,-0.7020833333333333,16
2534,-0.8802083333333333,0.0354625927719775,-0.9333333333333333,-0.8833333333333333,-0.8229166666666666,16
2535,-0.7145833333333333,0.07792335087193768,-0.84375,-0.725,-0.60625,16
2536,-0.4395833333333333,0.09644280832585589,-0.6104166666666667,-0.4166666666666667,-0.3020833333333333,16
2537,-0.821875,0.07539680907998988,-0.9208333333333334,-0.8333333333333334,-0.6791666666666666,16
2538,-0.271875,0.09837547649185746,-0.45,-0.26666666666666666,-0.07708333333333334,16
2539,-0.8333333333333334,0.06692657668420421,-0.9166666666666666,-0.8500000000000001,-0.7062499999999999,16
2540,-0.6375,0.08047169964928318,-0.74375,-0.6499999999999999,-0.48750000000000004,16
2541,-0.7541666666666667,0.06468406123441678,-0.84375,-0.7666666666666667,-0.6395833333333333,16
2542,0.46979166666666666,0.07027197906467889,0.36666666666666664,0.4666666666666667,0.5666666666666667,16
2543,-0.565625,0.09726623507729242,-0.7270833333333333,-0.55,-0.41250000000000003,16
2544,-0.8666666666666667,0.055590266933859725,-0.9166666666666666,-0.9,-0.7416666666666667,16
2545,-0.70625,0.052332736196168635,-0.8020833333333334,-0.7166666666666667,-0.6124999999999999,16
2546,-0.690625,0.0885784237429058,-0.83125,-0.7166666666666666,-0.5104166666666667,16
2547,-0.23333333333333334,0.11873172373979174,-0.4041666666666667,-0.225,-0.035416666666666666,16
2548,-0.7666666666666666,0.07216878364870323,-0.8770833333333333,-0.7666666666666667,-0.65625,16
2549,-0.4,0.12219065248845984,-0.5666666666666667,-0.38333333333333336,-0.22291666666666668,16
2550,-0.296875,0.09740001105122,-0.45208333333333334,-0.30833333333333335,-0.1125,16
2551,-0.32291666666666663,0.08597379284151395,-0.49583333333333335,-0.3,-0.19791666666666666,16
2552,-0.5802083333333334,0.07149658839957174,-0.7208333333333333,-0.575,-0.46458333333333335,16
2553,-0.8395833333333333,0.05132785414481216,-0.9208333333333334,-0.8416666666666667,-0.75625,16
2554,0.415625,0.10548643113110699,0.225,0.4166666666666667,0.6,16
2555,-0.016666666666666666,0.10274023338281627,-0.21666666666666667,-0.008333333333333333,0.11041666666666666,16
2556,-0.02604166666666667,0.10991928067399681,-0.21041666666666667,-0.008333333333333333,0.12708333333333333,16
2557,-0.4916666666666667,0.09090593428863096,-0.6645833333333333,-0.475,-0.36666666666666664,16
2558,-0.3729166666666667,0.08757437315409876,-0.49375,-0.38333333333333336,-0.20833333333333331,16
2559,-0.008333333333333333,0.13359349618234498,-0.225,-0.016666666666666666,0.2708333333333333,16
2560,-0.5083333333333333,0.09166666666666667,-0.6479166666666667,-0.525,-0.35624999999999996,16
2561,-0.8062499999999999,0.06397563555326703,-0.8833333333333333,-0.8333333333333334,-0.6625,16
2562,-0.878125,0.04553644373832164,-0.9645833333333333,-0.8833333333333333,-0.80625,16
2563,-0.86875,0.035293904887702954,-0.9333333333333333,-0.8583333333333334,-0.8166666666666667,16
2564,-0.8041666666666667,0.05220818369225695,-0.9104166666666667,-0.8,-0.7395833333333333,16
2565,-0.20104166666666665,0.08609360821222445,-0.33541666666666664,-0.2,-0.014583333333333334,16
2566,0.2677083333333333,0.12125912766330899,0.06875,0.275,0.4979166666666667,16
2567,-0.6,0.07546154281781178,-0.6875,-0.6333333333333333,-0.42083333333333334,16
2568,-0.8479166666666667,0.04482798914864585,-0.93125,-0.8416666666666667,-0.7791666666666667,16
2569,0.23854166666666665,0.1650671948615001,-0.035416666666666666,0.23333333333333334,0.525,16
2570,-0.76875,0.06993920971497716,-0.8833333333333333,-0.7833333333333333,-0.6354166666666666,16
2571,-0.8020833333333334,0.06370368688091939,-0.8833333333333333,-0.8,-0.6604166666666667,16
2572,-0.3854166666666667,0.10538866558284783,-0.5104166666666667,-0.3916666666666667,-0.20625000000000002,16
2573,-0.20520833333333333,0.11707054348886306,-0.38958333333333334,-0.23333333333333334,-0.0020833333333333363,16
2574,-0.871875,0.042376761680849986,-0.9541666666666667,-0.8666666666666667,-0.7958333333333333,16
2575,0.47500000000000003,0.1519548544067539,0.1125,0.5,0.68125,16
2576,-0.56875,0.08225869592666514,-0.6770833333333334,-0.575,-0.41458333333333336,16
2577,-0.8270833333333334,0.047094393981072145,-0.9145833333333333,-0.8166666666666667,-0.7458333333333333,16
2578,-0.8416666666666667,0.05400617248673216,-0.95,-0.8333333333333334,-0.7625,16
2579,-0.6458333333333334,0.0660124146573119,-0.7770833333333333,-0.6416666666666666,-0.55625,16
2580,-0.31875000000000003,0.11224894827520163,-0.4708333333333333,-0.32499999999999996,-0.08125,16
2581,0.4979166666666666,0.114848178769481,0.29583333333333334,0.5,0.70625,16
2582,-0.865625,0.041444721383495316,-0.9375,-0.8583333333333334,-0.8,16
2583,0.44375,0.08495811876709868,0.30624999999999997,0.44166666666666665,0.5958333333333333,16
2584,-0.071875,0.10353454033155635,-0.2375,-0.075,0.09791666666666667,16
2585,-0.37812500000000004,0.11050998415175989,-0.5791666666666667,-0.375,-0.20625000000000002,16
2586,0.24479166666666666,0.11721874583444407,0.02291666666666667,0.275,0.42083333333333334,16
2587,-0.23229166666666665,0.08507936450096985,-0.37083333333333335,-0.24166666666666667,-0.08541666666666667,16
2588,-0.23020833333333335,0.11595298825865209,-0.45416666666666666,-0.21666666666666667,-0.05208333333333333,16
2589,-0.89375,0.03529390488770295,-0.9604166666666667,-0.9,-0.8395833333333333,16
2590,-0.5197916666666667,0.07888519039647993,-0.6729166666666666,-0.5166666666666667,-0.41250000000000003,16
2591,-0.8145833333333333,0.06176652950155665,-0.89375,-0.8333333333333334,-0.7,16
2592,-0.017708333333333333,0.06467567323448078,-0.1,-0.025,0.09791666666666667,16
2593,0.34375,0.13095204274848105,0.13958333333333334,0.3583333333333333,0.5166666666666667,16
2594,-0.36874999999999997,0.11454544828242728,-0.5479166666666667,-0.3666666666666667,-0.18333333333333332,16
2595,-0.24375000000000002,0.11958768865471804,-0.45833333333333337,-0.21666666666666667,-0.07500000000000001,16
2596,0.6520833333333333,0.11084821328685857,0.45625,0.6583333333333333,0.8541666666666667,16
2597,-0.6187499999999999,0.11958768865471804,-0.7645833333333333,-0.6583333333333333,-0.375,16
2598,-0.8489583333333333,0.07008644216251814,-0.9333333333333333,-0.875,-0.71875,16
2599,0.225,0.0955612078431643,0.07500000000000001,0.23333333333333334,0.41458333333333336,16
2600,-0.7489583333333334,0.0764827390657526,-0.8520833333333333,-0.7666666666666667,-0.5770833333333334,16
2601,-0.5354166666666667,0.07968579791210532,-0.6770833333333334,-0.55,-0.39166666666666666,16
2602,-0.8875,0.048769582961331756,-0.9708333333333333,-0.8916666666666666,-0.80625,16
2603,0.11666666666666667,0.09982623792259117,-0.06875,0.10833333333333334,0.28541666666666665,16
2604,-0.07499999999999998,0.13281147875424354,-0.31666666666666665,-0.025,0.08333333333333333,16
2605,-0.9249999999999999,0.04526158538000089,-0.9833333333333333,-0.9333333333333333,-0.85,16
2606,-0.6812499999999999,0.0951743648375035,-0.7937500000000001,-0.7,-0.475,16
2607,-0.909375,0.03725323904634929,-0.9604166666666667,-0.9,-0.8395833333333333,16
2608,-0.26979166666666665,0.08190839013800723,-0.4,-0.26666666666666666,-0.12083333333333332,16
2609,-0.9281250000000001,0.031023484607990478,-0.9770833333333333,-0.9333333333333333,-0.8624999999999999,16
2610,-0.6822916666666667,0.044280023555900605,-0.7604166666666667,-0.6833333333333333,-0.6124999999999999,16
2611,-0.01875,0.1358965854775036,-0.2375,0.01666666666666667,0.16666666666666666,16
2612,-0.7697916666666667,0.08379429798619953,-0.8770833333333333,-0.7833333333333333,-0.6208333333333333,16
2613,0.2833333333333333,0.08270597183866336,0.1125,0.3,0.36666666666666664,16
2614,0.5125,0.10265570828962431,0.38333333333333336,0.4916666666666667,0.6666666666666666,16
2615,-0.41770833333333335,0.10399464963534316,-0.63125,-0.4,-0.275,16
2616,-0.884375,0.03840064289826408,-0.95,-0.875,-0.8291666666666666,16
2617,-0.6947916666666667,0.08734485253229803,-0.8104166666666667,-0.7166666666666667,-0.51875,16
2618,0.07395833333333335,0.14067900197691988,-0.15208333333333332,0.058333333333333334,0.33333333333333337,16
2619,-0.9010416666666665,0.023175620272173934,-0.9375,-0.9,-0.85625,16
2620,-0.7333333333333333,0.07614861201040446,-0.8333333333333334,-0.75,-0.6,16
2621,0.4541666666666667,0.10146496384904934,0.23958333333333331,0.45,0.5875,16
2622,0.41458333333333336,0.09553849573165085,0.26666666666666666,0.4083333333333333,0.5604166666666667,16
2623,-0.5687500000000001,0.08225869592666513,-0.7145833333333333,-0.5666666666666667,-0.45625,16
2624,-0.5958333333333333,0.09619496983845996,-0.74375,-0.6166666666666667,-0.41458333333333336,16
2625,-0.609375,0.07240145361877143,-0.7166666666666667,-0.6083333333333334,-0.5,16
2626,-0.5895833333333333,0.09407351587396363,-0.74375,-0.5833333333333334,-0.39166666666666666,16
2627,-0.7822916666666667,0.08132341768450764,-0.9083333333333333,-0.8,-0.5979166666666667,16
2628,-0.7562499999999999,0.09258535851370404,-0.9270833333333333,-0.75,-0.58125,16
2629,-0.5583333333333333,0.10704360482220938,-0.7333333333333333,-0.55,-0.375,16
2630,-0.40104166666666663,0.08259437993727069,-0.5541666666666667,-0.3916666666666667,-0.27291666666666664,16
2631,-0.035416666666666666,0.08495811876709868,-0.15416666666666667,-0.058333333333333334,0.12083333333333333,16
2632,-0.4979166666666667,0.09644280832585589,-0.6208333333333333,-0.525,-0.32916666666666666,16
2633,0.3697916666666667,0.11459753699844999,0.21250000000000002,0.35,0.6125,16
2634,-0.00104166666666667,0.08046495743489833,-0.11041666666666666,0.0,0.1375,16
2635,0.22916666666666663,0.12983697042402403,0.014583333333333334,0.225,0.41458333333333336,16
2636,-0.5770833333333334,0.06689414315834301,-0.6708333333333334,-0.5916666666666667,-0.4354166666666667,16
2637,-0.9239583333333333,0.031163073545107473,-0.9770833333333333,-0.925,-0.8666666666666667,16
2638,-0.3770833333333333,0.1260890062614501,-0.5437500000000001,-0.4166666666666667,-0.12708333333333333,16
2639,-0.23854166666666668,0.1340758945005071,-0.4604166666666667,-0.23333333333333334,-0.01666666666666667,16
2640,-0.6979166666666667,0.05523780659817855,-0.8020833333333334,-0.6833333333333333,-0.5958333333333333,16
2641,-0.7354166666666666,0.06715317275535918,-0.8270833333333334,-0.7583333333333333,-0.6229166666666667,16
2642,-0.5802083333333334,0.07777700272431291,-0.7166666666666667,-0.575,-0.45625,16
2643,-0.5614583333333334,0.10029795022553772,-0.73125,-0.575,-0.39166666666666666,16
2644,-0.840625,0.054952236204624895,-0.9104166666666667,-0.85,-0.7354166666666667,16
2645,-0.646875,0.10124549887114323,-0.78125,-0.6833333333333333,-0.4666666666666667,16
2646,-0.30416666666666664,0.10825317547305482,-0.49375,-0.2833333333333333,-0.15,16
2647,0.11770833333333333,0.11718171282006609,-0.08750000000000001,0.125,0.3,16
2648,0.3041666666666667,0.0846766726370899,0.15833333333333333,0.2833333333333333,0.4375,16
2649,-0.7406250000000001,0.06235225592907162,-0.8541666666666667,-0.75,-0.6124999999999999,16
2650,-0.184375,0.13352443986651533,-0.4083333333333333,-0.2,0.0375,16
2651,-0.8364583333333333,0.058398401210040765,-0.9,-0.8500000000000001,-0.71875,16
2652,-0.7989583333333333,0.07487692447907061,-0.9,-0.8166666666666667,-0.6520833333333333,16
2653,-0.3729166666666667,0.12316359378214543,-0.5583333333333333,-0.3916666666666667,-0.09791666666666667,16
2654,-0.7135416666666667,0.08784035985493482,-0.8729166666666667,-0.7416666666666667,-0.5666666666666667,16
2655,-0.690625,0.04288581010466437,-0.7708333333333334,-0.6833333333333333,-0.6395833333333333,16
2656,-0.334375,0.10432800006336852,-0.5145833333333333,-0.35,-0.18958333333333333,16
2657,-0.51875,0.10669840022751563,-0.6979166666666666,-0.5166666666666667,-0.3729166666666667,16
2658,-0.07916666666666666,0.11644323843735101,-0.31875,-0.05,0.07083333333333333,16
2659,-0.011458333333333338,0.11406606729581471,-0.23333333333333334,0.016666666666666666,0.15208333333333332,16
2660,0.125,0.1224744871391589,-0.09166666666666667,0.14166666666666666,0.3145833333333333,16
2661,0.3520833333333333,0.1759769358309334,0.03333333333333333,0.4166666666666667,0.5916666666666667,16
2662,-0.6072916666666666,0.07749747979773276,-0.7104166666666667,-0.6166666666666667,-0.4541666666666667,16
2663,0.04895833333333333,0.15550865798512098,-0.19375,0.03333333333333333,0.375,16
2664,-0.8697916666666667,0.03642855927092856,-0.9270833333333334,-0.8666666666666667,-0.8166666666666667,16
2665,0.20208333333333334,0.11240350800180175,0.010416666666666664,0.19166666666666665,0.3854166666666667,16
2666,0.17812499999999998,0.11854422961494161,-0.016666666666666666,0.20833333333333334,0.35833333333333334,16
2667,-0.7302083333333333,0.08921314014762624,-0.8770833333333333,-0.725,-0.5750000000000001,16
2668,-0.23854166666666665,0.1429742048898643,-0.4854166666666667,-0.26666666666666666,0.002083333333333333,16
2669,-0.5739583333333333,0.10912670229040085,-0.7479166666666667,-0.5416666666666667,-0.37083333333333335,16
2670,0.06875,0.12045558771228136,-0.13541666666666666,0.05,0.30416666666666664,16
2671,-0.49270833333333336,0.08779093497559351,-0.64375,-0.5083333333333333,-0.3333333333333333,16
2672,0.16666666666666666,0.14068285846778444,-0.09375,0.16666666666666666,0.35,16
2673,-0.58125,0.07165576467466599,-0.6604166666666667,-0.6083333333333334,-0.4666666666666667,16
2674,-0.07604166666666666,0.09699812963546141,-0.23958333333333331,-0.09166666666666667,0.08958333333333333,16
2675,-0.878125,0.040276281102460836,-0.9166666666666666,-0.8833333333333333,-0.7875,16
2676,-0.640625,0.10051408656114934,-0.8375,-0.6416666666666666,-0.47291666666666665,16
2677,0.30833333333333335,0.10817295821455974,0.08958333333333332,0.30833333333333335,0.4604166666666667,16
2678,-0.7114583333333333,0.05673976596415134,-0.8145833333333333,-0.7,-0.6291666666666667,16
2679,0.5041666666666667,0.09816015824491456,0.3375,0.525,0.6166666666666667,16
2680,-0.878125,0.03760113676620843,-0.9541666666666667,-0.8666666666666667,-0.8229166666666666,16
2681,-0.8947916666666667,0.04920152366091476,-0.9666666666666667,-0.8916666666666666,-0.8125,16
2682,-0.4083333333333333,0.08994597143717876,-0.55,-0.42500000000000004,-0.22291666666666668,16
2683,-0.171875,0.12257632967756141,-0.40208333333333335,-0.16666666666666666,0.025,16
2684,-0.903125,0.04049123276161835,-0.9604166666666667,-0.9,-0.8354166666666667,16
2685,-0.8177083333333333,0.05383512316426061,-0.9041666666666667,-0.8083333333333333,-0.7291666666666666,16
2686,-0.3291666666666666,0.08426561840065284,-0.5041666666666667,-0.3333333333333333,-0.19583333333333333,16
2687,-0.8489583333333334,0.0657406388562069,-0.9645833333333333,-0.8583333333333334,-0.7354166666666667,16
2688,-0.22291666666666665,0.10718542474505466,-0.32708333333333334,-0.26666666666666666,0.004166666666666666,16
2689,0.49895833333333334,0.07894019140744747,0.38333333333333336,0.5,0.6104166666666667,16
2690,0.5614583333333334,0.10184389436507445,0.3625,0.5666666666666667,0.7270833333333333,16
2691,-0.653125,0.09986427421199678,-0.8104166666666667,-0.6333333333333333,-0.5,16
2692,-0.46041666666666664,0.10472765606297339,-0.5833333333333334,-0.45833333333333337,-0.2375,16
2693,-0.8729166666666667,0.039910925126391696,-0.9270833333333334,-0.875,-0.7958333333333333,16
2694,-0.146875,0.0890183248144885,-0.30624999999999997,-0.14166666666666666,0.016666666666666663,16
2695,0.278125,0.12398459105648751,0.04583333333333334,0.3,0.44375000000000003,16
2696,0.6541666666666667,0.08809322713277488,0.5333333333333333,0.6416666666666666,0.8375,16
2697,-0.440625,0.0918499587945229,-0.5770833333333334,-0.45833333333333337,-0.2625,16
2698,-0.8645833333333334,0.04559597630883185,-0.9270833333333334,-0.875,-0.76875,16
2699,-0.890625,0.051696479973656485,-0.9666666666666667,-0.8833333333333333,-0.7895833333333333,16
2700,-0.5729166666666667,0.0920210951056574,-0.69375,-0.575,-0.3625,16
2701,-0.06770833333333333,0.09955957701296243,-0.21041666666666667,-0.06666666666666667,0.07708333333333334,16
2702,-0.7864583333333334,0.05503116225780121,-0.8604166666666667,-0.8,-0.6833333333333333,16
2703,-0.8927083333333333,0.046010547552828684,-0.9604166666666667,-0.8916666666666666,-0.80625,16
2704,0.29791666666666666,0.10288798520721455,0.13958333333333334,0.31666666666666665,0.48333333333333334,16
2705,-0.8927083333333333,0.039514743204980544,-0.9541666666666667,-0.8916666666666666,-0.8291666666666666,16
2706,-0.6739583333333333,0.09109075716924671,-0.8416666666666667,-0.6499999999999999,-0.5395833333333333,16
2707,-0.29583333333333334,0.1155452051988504,-0.5375000000000001,-0.2833333333333333,-0.17291666666666666,16
2708,-0.4708333333333333,0.11599509089229212,-0.6333333333333333,-0.4916666666666667,-0.30624999999999997,16
2709,-0.5364583333333333,0.10055725808104443,-0.6979166666666666,-0.55,-0.3520833333333333,16
2710,-0.14895833333333333,0.1120312378932273,-0.3666666666666667,-0.18333333333333332,-0.016666666666666666,16
2711,-0.6270833333333334,0.07497105923102741,-0.7333333333333333,-0.6416666666666666,-0.48125,16
2712,-0.25625,0.10911178645977916,-0.44583333333333336,-0.25,-0.06875,16
2713,-0.8062499999999999,0.0564810071321915,-0.8833333333333333,-0.8083333333333333,-0.6916666666666667,16
2714,-0.8833333333333333,0.046022337571613586,-0.9604166666666667,-0.8666666666666667,-0.8229166666666666,16
2715,-0.7520833333333334,0.06288078446994405,-0.8479166666666667,-0.7666666666666667,-0.6416666666666667,16
2716,-0.840625,0.040811537550332753,-0.9104166666666667,-0.8333333333333334,-0.7729166666666667,16
2717,0.49687500000000007,0.08764249310250265,0.35,0.5166666666666666,0.6270833333333333,16
2718,-0.8624999999999999,0.05416666666666666,-0.9375,-0.8666666666666667,-0.7520833333333333,16
2719,0.4864583333333333,0.11398994077207962,0.2604166666666667,0.5083333333333333,0.6625,16
2720,0.28229166666666666,0.1110975469151122,0.13958333333333334,0.25,0.475,16
2721,-0.5197916666666667,0.09632460131993512,-0.6708333333333334,-0.5,-0.3520833333333333,16
2722,-0.03854166666666667,0.08389782766026252,-0.20625,-0.016666666666666666,0.05,16
2723,-0.4979166666666667,0.09462554124313137,-0.6770833333333334,-0.48333333333333334,-0.3520833333333333,16
2724,0.22916666666666669,0.13546473505840717,0.05625,0.19166666666666665,0.42708333333333337,16
2725,-0.103125,0.11027408246677407,-0.29166666666666663,-0.08333333333333334,0.08958333333333333,16
2726,-0.46458333333333335,0.09388878616036458,-0.6166666666666667,-0.475,-0.2791666666666667,16
2727,-0.5604166666666667,0.1331867684035384,-0.775,-0.5583333333333333,-0.36875,16
2728,-0.5385416666666667,0.10972167281859638,-0.7375,-0.5166666666666667,-0.3520833333333333,16
2729,-0.6520833333333333,0.11006232451560241,-0.8166666666666667,-0.6333333333333333,-0.46875,16
2730,-0.809375,0.06921402745991756,-0.9083333333333333,-0.8333333333333334,-0.6625,16
2731,-0.3822916666666667,0.07394366051633877,-0.48125,-0.4,-0.23333333333333334,16
2732,-0.43333333333333335,0.10172129679778087,-0.5833333333333334,-0.44166666666666665,-0.26666666666666666,16
2733,-0.8447916666666667,0.06762815765887263,-0.9208333333333334,-0.8666666666666667,-0.6895833333333333,16
2734,0.22812499999999997,0.08451634251893404,0.07916666666666666,0.2583333333333333,0.32708333333333334,16
2735,-0.8083333333333333,0.0510310363079829,-0.8666666666666667,-0.825,-0.7062499999999999,16
2736,-0.75,0.06744339190099437,-0.84375,-0.7333333333333333,-0.6395833333333333,16
2737,-0.8041666666666667,0.057584479004521884,-0.9249999999999999,-0.7833333333333333,-0.7395833333333333,16
2738,-0.45625,0.1228813508588219,-0.6270833333333333,-0.475,-0.25625,16
2739,-0.37187499999999996,0.09713227485982426,-0.5104166666666667,-0.3916666666666667,-0.19166666666666665,16
2740,-0.34687500000000004,0.08684651811289462,-0.49375,-0.3333333333333333,-0.20416666666666666,16
2741,-0.7229166666666667,0.09893091725486472,-0.8270833333333334,-0.7333333333333334,-0.48541666666666666,16
2742,-0.8250000000000001,0.048232653761625936,-0.9145833333333333,-0.8166666666666667,-0.75625,16
2743,-0.7833333333333333,0.05743353646704258,-0.8916666666666666,-0.7916666666666667,-0.6958333333333333,16
2744,-0.6958333333333333,0.04468252206151503,-0.75,-0.7,-0.60625,16
2745,-0.7437499999999999,0.06288078446994405,-0.8333333333333334,-0.7333333333333333,-0.6354166666666666,16
2746,-0.31145833333333334,0.08327471896947142,-0.4625,-0.3,-0.17083333333333334,16
2747,-0.2416666666666667,0.1147158324828017,-0.45416666666666666,-0.19166666666666665,-0.08958333333333333,16
2748,-0.75625,0.06868683967431058,-0.8666666666666667,-0.7666666666666666,-0.65625,16
2749,-0.8093750000000001,0.056201754000900876,-0.8875000000000001,-0.825,-0.6958333333333333,16
2750,-0.8645833333333334,0.05586286532413298,-0.94375,-0.875,-0.7666666666666667,16
2751,-0.6760416666666667,0.04822140416292793,-0.75,-0.675,-0.5958333333333333,16
2752,-0.8791666666666667,0.029166666666666657,-0.9270833333333334,-0.875,-0.8333333333333334,16
2753,-0.19166666666666665,0.11039701082909809,-0.3854166666666667,-0.2,-0.010416666666666664,16
2754,0.18333333333333335,0.10801234497346433,-0.004166666666666666,0.2,0.375,16
2755,-0.171875,0.11019533634767752,-0.35208333333333336,-0.175,-0.016666666666666666,16
2756,0.24062499999999998,0.06427176187875978,0.15625,0.23333333333333334,0.35416666666666663,16
2757,-0.95,0.02041241452319315,-0.9770833333333333,-0.95,-0.90625,16
2758,-0.78125,0.06969053618199056,-0.9041666666666667,-0.7833333333333333,-0.6895833333333333,16
2759,-0.6854166666666666,0.0774764749241127,-0.8166666666666667,-0.6916666666666667,-0.5625,16
2760,-0.20625,0.1503323863606538,-0.45208333333333334,-0.23333333333333334,0.09999999999999999,16
2761,0.21145833333333336,0.13185623879184988,0.014583333333333334,0.19166666666666665,0.45,16
2762,-0.9427083333333333,0.031163073545107473,-0.9833333333333333,-0.95,-0.8729166666666667,16
2763,-0.028125000000000004,0.11810405458041369,-0.2,-0.025,0.15416666666666667,16
2764,0.34687500000000004,0.10345066423448211,0.12708333333333333,0.3666666666666667,0.45,16
2765,-0.17708333333333334,0.1334472169894233,-0.3979166666666667,-0.18333333333333335,0.025,16
2766,0.6197916666666666,0.08400122973636887,0.46458333333333335,0.625,0.7541666666666667,16
2767,-0.8260416666666667,0.05772562917707254,-0.9208333333333334,-0.8333333333333333,-0.75,16
2768,-0.9072916666666666,0.03907291527814801,-0.9604166666666667,-0.9083333333333333,-0.8395833333333333,16
2769,0.4291666666666667,0.07626252174051304,0.3125,0.4166666666666667,0.5541666666666667,16
2770,-0.709375,0.07568409078017799,-0.8166666666666667,-0.725,-0.5854166666666667,16
2771,0.2875,0.06414501799308604,0.2,0.2833333333333333,0.39375000000000004,16
2772,0.5583333333333333,0.0939118972465387,0.4083333333333333,0.55,0.69375,16
2773,-0.02708333333333333,0.10942954988890746,-0.18333333333333332,-0.016666666666666666,0.14375,16
2774,-0.2677083333333333,0.12644563362919609,-0.475,-0.25,-0.11666666666666667,16
2775,-0.033333333333333326,0.13359349618234498,-0.22708333333333333,-0.06666666666666667,0.22708333333333333,16
2776,-0.35520833333333335,0.10519801929641494,-0.5520833333333334,-0.32499999999999996,-0.19166666666666665,16
2777,0.7572916666666667,0.06743534712349798,0.65625,0.75,0.8875000000000001,16
2778,-0.7864583333333334,0.05471477494445374,-0.8770833333333333,-0.8,-0.68125,16
2779,-0.8145833333333333,0.05030290194854014,-0.8833333333333333,-0.8166666666666667,-0.7083333333333334,16
2780,0.33958333333333335,0.10406244786451814,0.12916666666666665,0.3583333333333333,0.4875,16
2781,0.5322916666666666,0.10499152578237497,0.33541666666666664,0.5416666666666667,0.69375,16
2782,-0.8635416666666667,0.04175771302672384,-0.9270833333333334,-0.8583333333333334,-0.7854166666666667,16
2783,-0.8177083333333334,0.051190259897106724,-0.8979166666666667,-0.825,-0.7145833333333333,16
2784,-0.7614583333333333,0.05423673352893674,-0.8333333333333334,-0.7666666666666667,-0.6625,16
2785,-0.7177083333333333,0.061369993006897654,-0.8166666666666667,-0.7166666666666666,-0.60625,16
2786,-0.5489583333333333,0.08217291009072136,-0.6708333333333334,-0.5666666666666667,-0.3645833333333333,16
2787,-0.5677083333333334,0.11156536916634222,-0.7375,-0.55,-0.3875,16
2788,-0.3885416666666667,0.12702782257573864,-0.5604166666666667,-0.42500000000000004,-0.09791666666666667,16
2789,-0.921875,0.051612454757656225,-0.99375,-0.9166666666666666,-0.8395833333333333,16
2790,-0.7322916666666666,0.07228145941387736,-0.8729166666666667,-0.7333333333333333,-0.60625,16
2791,-0.47395833333333337,0.11334080091819441,-0.6333333333333333,-0.475,-0.2583333333333333,16
2792,-0.84375,0.04890289414293957,-0.9166666666666666,-0.8333333333333334,-0.7729166666666667,16
2793,-0.809375,0.06151127663101928,-0.9041666666666667,-0.8166666666666667,-0.6854166666666667,16
2794,0.25625,0.10990447240924983,0.07916666666666666,0.24166666666666667,0.4604166666666667,16
2795,0.08854166666666666,0.11795696455110699,-0.12083333333333333,0.1,0.28541666666666665,16
2796,-0.76875,0.08434284366665484,-0.8833333333333333,-0.7833333333333334,-0.6229166666666667,16
2797,-0.5968749999999999,0.0950545804466512,-0.7270833333333333,-0.6083333333333334,-0.43125,16
2798,0.275,0.09204467514322717,0.16666666666666666,0.2583333333333333,0.4729166666666667,16
2799,-0.9697916666666666,0.023730803645613568,-1.0,-0.9833333333333333,-0.9333333333333333,16
2800,0.11354166666666667,0.14990955027578762,-0.11249999999999999,0.10833333333333334,0.38958333333333334,16
2801,0.43333333333333335,0.0939118972465387,0.26458333333333334,0.43333333333333335,0.6104166666666666,16
2802,0.11041666666666666,0.09388878616036458,-0.06875,0.125,0.23333333333333334,16
2803,0.21666666666666667,0.11023963796102461,-0.002083333333333333,0.24166666666666667,0.35,16
2804,-0.6416666666666666,0.10976616560266243,-0.7937500000000001,-0.6416666666666666,-0.4041666666666667,16
2805,0.2,0.15567951410224504,-0.14166666666666666,0.225,0.40625,16
2806,-0.040624999999999994,0.10340870067358936,-0.22083333333333333,-0.05,0.125,16
2807,-0.89375,0.027559909490256145,-0.94375,-0.8916666666666666,-0.85,16
2808,-0.6145833333333334,0.096262625434566,-0.8104166666666667,-0.6,-0.50625,16
2809,-0.15520833333333334,0.11237937205683653,-0.3458333333333333,-0.15833333333333333,0.06041666666666667,16
2810,-0.66875,0.10734727523323542,-0.8208333333333334,-0.6583333333333333,-0.4604166666666667,16
2811,-0.14895833333333333,0.14725129102433476,-0.40208333333333335,-0.125,0.0625,16
2812,-0.7489583333333333,0.08828393862670857,-0.8708333333333333,-0.75,-0.5791666666666666,16
2813,-0.7375,0.06653633092779714,-0.8416666666666667,-0.725,-0.6229166666666667,16
2814,-0.48124999999999996,0.06505206248331666,-0.6125,-0.48333333333333334,-0.3729166666666667,16
2815,-0.8229166666666667,0.07116954521891132,-0.89375,-0.8333333333333334,-0.6645833333333334,16
2816,-0.6416666666666666,0.08720187306856812,-0.8020833333333334,-0.6583333333333333,-0.50625,16
2817,-0.625,0.0980716857994985,-0.7666666666666667,-0.65,-0.45833333333333337,16
2818,-0.8083333333333333,0.06319062870042959,-0.9166666666666666,-0.7833333333333333,-0.7229166666666667,16
2819,-0.6572916666666667,0.1075240202492241,-0.8354166666666667,-0.6583333333333333,-0.45208333333333334,16
2820,0.196875,0.09881568666236933,0.03958333333333333,0.21666666666666667,0.32708333333333334,16
2821,-0.7614583333333333,0.054873196629441366,-0.8541666666666667,-0.75,-0.6895833333333333,16
2822,0.58125,0.08204736944798006,0.47291666666666665,0.5666666666666667,0.7270833333333333,16
2823,0.7124999999999999,0.10299339245256897,0.5208333333333334,0.7,0.8875000000000001,16
2824,0.13124999999999998,0.1162007063948695,-0.041666666666666664,0.10833333333333334,0.34791666666666665,16
2825,-0.7281249999999999,0.07899515412352837,-0.84375,-0.75,-0.5729166666666666,16
2826,-0.15625,0.09295963132217962,-0.3458333333333333,-0.15833333333333333,-0.014583333333333334,16
2827,-0.8197916666666667,0.07364959030963972,-0.9166666666666666,-0.8166666666666667,-0.6645833333333333,16
2828,0.07291666666666666,0.12484365222148862,-0.12708333333333333,0.1,0.27291666666666664,16
2829,-0.6802083333333333,0.10659156698715792,-0.84375,-0.6916666666666667,-0.5020833333333333,16
2830,-0.18958333333333333,0.09351823203109767,-0.34791666666666665,-0.18333333333333332,-0.04583333333333334,16
2831,0.146875,0.10560979509233244,-0.016666666666666666,0.14166666666666666,0.3333333333333333,16
2832,-0.640625,0.10671365338814168,-0.8125,-0.6333333333333333,-0.44583333333333336,16
2833,0.06666666666666667,0.10849347138576282,-0.09375,0.075,0.25416666666666665,16
2834,-0.7760416666666667,0.07838844470895497,-0.88125,-0.7833333333333333,-0.61875,16
2835,-0.80625,0.039910925126391696,-0.8770833333333333,-0.7916666666666667,-0.75625,16
2836,-0.3666666666666667,0.099128143778086,-0.6020833333333333,-0.36666666666666664,-0.23541666666666666,16
2837,-0.25520833333333337,0.12356379790528364,-0.4166666666666667,-0.275,0.002083333333333326,16
2838,-0.10520833333333332,0.12647995421980687,-0.2875,-0.125,0.15416666666666667,16
2839,-0.39479166666666665,0.11437006668170557,-0.5666666666666667,-0.39166666666666666,-0.20833333333333331,16
2840,-0.48541666666666666,0.08617549116644348,-0.6270833333333333,-0.475,-0.36666666666666664,16
2841,-0.2,0.12444320435890066,-0.39375000000000004,-0.175,-0.016666666666666666,16
2842,-0.8572916666666667,0.044864282223662545,-0.9583333333333333,-0.85,-0.80625,16
2843,-0.24479166666666666,0.12468275715011902,-0.5104166666666666,-0.21666666666666667,-0.06041666666666666,16
2844,0.6104166666666666,0.11100472337297683,0.45625,0.5916666666666667,0.825,16
2845,-0.7083333333333334,0.06236095644623235,-0.8166666666666667,-0.6916666666666667,-0.6229166666666667,16
2846,-0.803125,0.05144399260360729,-0.9083333333333333,-0.8,-0.7229166666666667,16
2847,-0.7416666666666667,0.06428020258558964,-0.8541666666666667,-0.7333333333333333,-0.6395833333333333,16
2848,0.4947916666666667,0.09731084750256093,0.29375,0.48333333333333334,0.6270833333333333,16
2849,-0.7864583333333333,0.06902564690428882,-0.8770833333333333,-0.8,-0.64375,16
2850,-0.02291666666666667,0.11424191559045996,-0.19375,-0.03333333333333334,0.17291666666666666,16
2851,-0.9145833333333333,0.02997394702070449,-0.9604166666666667,-0.9166666666666666,-0.8520833333333333,16
2852,0.028125,0.1340758945005071,-0.16041666666666665,0.04166666666666667,0.2895833333333333,16
2853,-0.7958333333333334,0.06705615391429617,-0.8770833333333333,-0.8166666666666667,-0.6625,16
2854,-0.4104166666666667,0.10049789245993615,-0.55,-0.42500000000000004,-0.19583333333333333,16
2855,-0.33854166666666663,0.11066697257738844,-0.5541666666666667,-0.3333333333333333,-0.15416666666666667,16
2856,-0.640625,0.09806615362147693,-0.78125,-0.675,-0.4895833333333333,16
2857,-0.7135416666666666,0.09246222013762041,-0.84375,-0.725,-0.5104166666666667,16
2858,-0.29791666666666666,0.14165134721091316,-0.4854166666666667,-0.31666666666666665,-0.025,16
2859,0.5427083333333333,0.09591821422151502,0.36875,0.55,0.6979166666666666,16
2860,-0.4041666666666667,0.12493053625470792,-0.6208333333333333,-0.4083333333333333,-0.21666666666666667,16
2861,0.09999999999999999,0.12289901003127188,-0.06458333333333333,0.06666666666666667,0.31666666666666665,16
2862,-0.503125,0.08764249310250263,-0.6208333333333333,-0.5083333333333333,-0.3375,16
2863,-0.8875,0.044292274219727694,-0.94375,-0.8916666666666666,-0.7895833333333333,16
2864,-0.04791666666666666,0.11317314046284226,-0.21458333333333332,-0.06666666666666667,0.17291666666666666,16
2865,-0.10208333333333333,0.13108455180616144,-0.3104166666666667,-0.11666666666666667,0.15833333333333333,16
2866,-0.9322916666666667,0.03198781777663352,-0.9666666666666667,-0.9333333333333333,-0.86875,16
2867,-0.6552083333333333,0.08306597737474845,-0.8041666666666667,-0.6583333333333333,-0.5229166666666667,16
2868,-0.17708333333333331,0.09333240326917548,-0.33125,-0.18333333333333332,0.002083333333333333,16
2869,-0.5708333333333333,0.09637527921850314,-0.7583333333333333,-0.575,-0.4291666666666667,16
2870,-0.41041666666666665,0.09733871988519723,-0.6104166666666666,-0.3916666666666667,-0.26875,16
2871,-0.365625,0.10597902537504507,-0.5645833333333333,-0.3333333333333333,-0.21458333333333332,16
2872,-0.428125,0.10336672007684314,-0.5833333333333334,-0.44166666666666665,-0.23125,16
2873,-0.30104166666666665,0.09042122684352878,-0.43333333333333335,-0.30833333333333335,-0.14791666666666667,16
2874,-0.9010416666666667,0.04059828181230224,-0.9666666666666667,-0.9,-0.8291666666666666,16
2875,0.04479166666666667,0.12592970233648434,-0.1,0.016666666666666666,0.3208333333333333,16
2876,-0.6239583333333334,0.08477272515706662,-0.7416666666666667,-0.65,-0.45208333333333334,16
2877,-0.7270833333333333,0.049956578367840836,-0.8270833333333334,-0.7333333333333334,-0.65625,16
2878,0.004166666666666669,0.09939050368230469,-0.16041666666666665,0.025,0.12708333333333333,16
2879,-0.8083333333333333,0.05204164998665333,-0.8666666666666667,-0.825,-0.7166666666666667,16
2880,-0.6302083333333334,0.08358685394712362,-0.7770833333333333,-0.625,-0.5166666666666667,16
2881,-0.7375,0.05286907308520635,-0.8208333333333334,-0.7333333333333333,-0.6458333333333333,16
2882,-0.578125,0.06685357912383348,-0.7083333333333333,-0.5833333333333334,-0.45625,16
2883,-0.6083333333333333,0.07905694150420947,-0.7145833333333333,-0.625,-0.42291666666666666,16
2884,0.19895833333333332,0.1143321109628534,0.04583333333333334,0.2,0.425,16
2885,-0.7166666666666667,0.08014743359029727,-0.8479166666666667,-0.7,-0.5770833333333334,16
2886,-0.6375,0.0778397570511225,-0.7604166666666667,-0.6166666666666667,-0.5229166666666667,16
2887,-0.3802083333333333,0.10916646787513708,-0.5437500000000001,-0.38333333333333336,-0.18958333333333333,16
2888,-0.4229166666666667,0.09183223683555912,-0.6041666666666666,-0.43333333333333335,-0.27291666666666664,16
2889,-0.5520833333333333,0.07067998105703073,-0.6708333333333334,-0.5583333333333333,-0.4291666666666667,16
2890,-0.7958333333333333,0.0462105687767059,-0.8770833333333333,-0.7833333333333333,-0.7291666666666666,16
2891,-0.5249999999999999,0.10223203455321081,-0.7,-0.5333333333333333,-0.3125,16
2892,-0.7,0.08036375634160794,-0.85,-0.6916666666666667,-0.5895833333333333,16
2893,-0.7843749999999999,0.0473127706215657,-0.8604166666666667,-0.7916666666666667,-0.6916666666666667,16
2894,-0.7166666666666668,0.07817359599705716,-0.85,-0.7,-0.5729166666666667,16
2895,-0.5489583333333333,0.10349261078024416,-0.7562500000000001,-0.525,-0.4166666666666667,16
2896,0.0875,0.11311559967081856,-0.09999999999999999,0.058333333333333334,0.27708333333333335,16
2897,0.35,0.13944333775567927,0.16666666666666666,0.31666666666666665,0.5708333333333334,16
2898,-0.4270833333333333,0.09202109510565741,-0.5708333333333334,-0.4166666666666667,-0.25,16
2899,-0.11875000000000001,0.10015179451434929,-0.2604166666666667,-0.125,0.05,16
2900,-0.571875,0.07281987623581901,-0.7291666666666667,-0.5333333333333333,-0.49583333333333335,16
2901,-0.9020833333333333,0.046724294775012075,-0.9604166666666667,-0.9083333333333333,-0.81875,16
2902,0.5708333333333333,0.10483121354507602,0.40625,0.5666666666666667,0.7333333333333333,16
2903,-0.16979166666666667,0.09450506122542975,-0.35833333333333334,-0.14166666666666666,-0.03958333333333333,16
2904,-0.8395833333333333,0.06715317275535915,-0.9375,-0.85,-0.6875,16
2905,-0.8864583333333333,0.045726675140933266,-0.9541666666666667,-0.8916666666666666,-0.80625,16
2906,-0.8552083333333333,0.06115745559619039,-0.9604166666666667,-0.85,-0.7416666666666667,16
2907,-0.33229166666666665,0.11967385511139107,-0.5541666666666667,-0.3333333333333333,-0.13958333333333334,16
2908,-0.8989583333333333,0.034089725358236594,-0.94375,-0.9083333333333333,-0.8354166666666667,16
2909,-0.3354166666666667,0.09295963132217962,-0.5166666666666666,-0.32499999999999996,-0.19166666666666665,16
2910,-0.4864583333333333,0.08254181389857304,-0.6333333333333333,-0.475,-0.3520833333333333,16
2911,-0.029166666666666667,0.10146496384904934,-0.17083333333333334,-0.05,0.17708333333333331,16
2912,0.10833333333333334,0.09483172230617536,-0.08541666666666667,0.125,0.26875,16
2913,0.5052083333333333,0.08030297446753347,0.39583333333333337,0.4916666666666667,0.6625,16
2914,-0.73125,0.09662265521087691,-0.8625,-0.7666666666666667,-0.5291666666666667,16
2915,-0.53125,0.12344519139187955,-0.7083333333333333,-0.55,-0.29375,16
2916,-0.37604166666666666,0.09771144273659389,-0.5479166666666667,-0.4083333333333333,-0.23958333333333334,16
2917,-0.008333333333333333,0.13070322617798436,-0.20416666666666666,0.016666666666666666,0.21875,16
2918,-0.18645833333333334,0.08358685394712365,-0.33958333333333335,-0.15833333333333333,-0.05208333333333333,16
2919,-0.34375,0.14408174280980612,-0.63125,-0.3,-0.18333333333333332,16
2920,-0.20104166666666667,0.1188002452181345,-0.375,-0.19166666666666665,0.025,16
2921,-0.07291666666666667,0.12526014596297844,-0.26666666666666666,-0.058333333333333334,0.11875,16
2922,0.5614583333333334,0.07210109366946754,0.44166666666666665,0.5583333333333333,0.7020833333333333,16
2923,0.38020833333333337,0.08921314014762624,0.25,0.38333333333333336,0.5354166666666667,16
2924,-0.6395833333333333,0.08098246552323671,-0.8041666666666667,-0.6166666666666667,-0.5125,16
2925,-0.6156250000000001,0.08507936450096984,-0.7416666666666667,-0.6333333333333333,-0.4354166666666667,16
2926,-0.41458333333333336,0.1106914819065436,-0.60625,-0.42500000000000004,-0.21875,16
2927,-0.675,0.06821127309893707,-0.8062499999999999,-0.6666666666666666,-0.5833333333333334,16
2928,-0.7520833333333334,0.06120179508986826,-0.8708333333333333,-0.7416666666666667,-0.6729166666666666,16
2929,0.078125,0.14739859390818866,-0.13125,0.08333333333333333,0.36250000000000004,16
2930,-0.7385416666666667,0.05643295862742308,-0.8166666666666667,-0.7333333333333333,-0.65,16
2931,-0.7145833333333333,0.0933324032691755,-0.86875,-0.7333333333333333,-0.5458333333333333,16
2932,-0.171875,0.13277470867559413,-0.44583333333333336,-0.13333333333333333,0.018750000000000003,16
2933,-0.7739583333333333,0.05102040373441025,-0.84375,-0.7833333333333333,-0.6729166666666666,16
2934,0.23020833333333332,0.12489144591960208,0.018750000000000003,0.21666666666666667,0.41458333333333336,16
2935,-0.8395833333333333,0.06034478482483432,-0.9104166666666667,-0.85,-0.7145833333333333,16
2936,-0.7083333333333333,0.061801654059130524,-0.7770833333333333,-0.7166666666666667,-0.5666666666666667,16
2937,-0.7239583333333333,0.09645968321589654,-0.8541666666666667,-0.7333333333333333,-0.5291666666666667,16
2938,-0.4927083333333333,0.06743534712349797,-0.5875,-0.5,-0.36875,16
2939,-0.815625,0.07648273906575262,-0.9270833333333334,-0.825,-0.6854166666666667,16
2940,-0.7958333333333334,0.06222160217945033,-0.8833333333333333,-0.8083333333333333,-0.6791666666666666,16
2941,0.010416666666666671,0.0989309172548647,-0.16458333333333333,0.0,0.1875,16
2942,0.084375,0.08964992679863158,-0.07708333333333334,0.1,0.24791666666666667,16
2943,0.5083333333333333,0.11829224638815324,0.32499999999999996,0.4916666666666667,0.69375,16
2944,-0.16354166666666667,0.09596345332990054,-0.3333333333333333,-0.13333333333333333,-0.029166666666666667,16
2945,-0.7927083333333332,0.05526726414534296,-0.8645833333333334,-0.8083333333333333,-0.675,16
2946,-0.10729166666666667,0.1297659150483413,-0.33749999999999997,-0.1,0.09583333333333333,16
2947,-0.5510416666666667,0.10515675303247686,-0.6749999999999999,-0.5833333333333334,-0.29791666666666666,16
2948,-0.265625,0.11996364466648496,-0.45625,-0.2833333333333333,-0.025,16
2949,-0.8708333333333333,0.04018187817080397,-0.9541666666666667,-0.8666666666666667,-0.8229166666666666,16
2950,-0.26666666666666666,0.0961046882889233,-0.4,-0.2833333333333333,-0.09166666666666667,16
2951,-0.21458333333333335,0.11469691340417336,-0.3770833333333333,-0.19166666666666665,-0.02708333333333333,16
2952,0.04479166666666666,0.14077152859825345,-0.24791666666666667,0.1,0.26041666666666663,16
2953,-0.8854166666666667,0.06397563555326702,-0.9604166666666667,-0.9,-0.7625,16
2954,-0.6260416666666666,0.09929766382783971,-0.7541666666666667,-0.6499999999999999,-0.45208333333333334,16
2955,-0.9395833333333333,0.02997394702070449,-0.9875,-0.9416666666666667,-0.8791666666666667,16
2956,-0.8229166666666666,0.043251123941722286,-0.8833333333333333,-0.8333333333333334,-0.73125,16
2957,-0.2375,0.10349785290311851,-0.41458333333333336,-0.225,-0.05208333333333333,16
2958,0.190625,0.13856516091516094,-0.10625,0.21666666666666667,0.37083333333333335,16
2959,0.2520833333333333,0.10389548033159736,0.07916666666666666,0.26666666666666666,0.41458333333333336,16
2960,-0.4697916666666667,0.08441357143058616,-0.6041666666666667,-0.48333333333333334,-0.3395833333333333,16
2961,-0.30729166666666663,0.07359063525491694,-0.42708333333333337,-0.31666666666666665,-0.18333333333333332,16
2962,-0.7635416666666666,0.0553457409532718,-0.8645833333333334,-0.7583333333333333,-0.66875,16
2963,-0.8322916666666667,0.044280023555900556,-0.9166666666666666,-0.825,-0.7666666666666667,16
2964,-0.3020833333333333,0.10718542474505467,-0.47708333333333336,-0.275,-0.13125,16
2965,-0.7364583333333334,0.06852076682372367,-0.8916666666666666,-0.7333333333333333,-0.65,16
2966,-0.39479166666666665,0.10420311862202376,-0.5875,-0.3916666666666667,-0.24583333333333335,16
2967,-0.27291666666666664,0.12131727801283891,-0.4166666666666667,-0.3,-0.035416666666666666,16
2968,-0.011458333333333327,0.1455018554196322,-0.27708333333333335,0.0,0.23333333333333334,16
2969,-0.9197916666666667,0.031851843440459694,-0.9666666666666667,-0.925,-0.8520833333333333,16
2970,-0.7697916666666667,0.06297562083413266,-0.8791666666666667,-0.7833333333333333,-0.6625,16
2971,-0.6958333333333333,0.1034978529031185,-0.8541666666666667,-0.7166666666666667,-0.4979166666666667,16
2972,-0.5729166666666667,0.0978723303878862,-0.6875,-0.5833333333333333,-0.36041666666666666,16
2973,-0.22291666666666668,0.08516222264987373,-0.34791666666666665,-0.25,-0.09583333333333333,16
2974,-0.94375,0.021143524093942115,-0.9770833333333333,-0.95,-0.90625,16
2975,0.071875,0.11912859968911281,-0.15,0.10833333333333334,0.2520833333333333,16
2976,-0.5083333333333333,0.07614861201040443,-0.63125,-0.5,-0.40625,16
2977,-0.7645833333333334,0.07497105923102743,-0.8708333333333333,-0.7833333333333333,-0.6041666666666666,16
2978,-0.5510416666666667,0.09344278366703576,-0.68125,-0.5583333333333333,-0.37916666666666665,16
2979,-0.4625,0.09991315673568167,-0.6041666666666667,-0.4666666666666667,-0.24583333333333332,16
2980,-0.075,0.09223309842157773,-0.22708333333333333,-0.05,0.06458333333333333,16
2981,-0.29375,0.09069082858199548,-0.48125,-0.275,-0.15833333333333333,16
2982,0.18125000000000002,0.12539866980510156,-0.01458333333333333,0.20833333333333334,0.3979166666666667,16
2983,-0.8708333333333333,0.0484122918275927,-0.9479166666666666,-0.875,-0.7854166666666667,16
2984,-0.753125,0.08502833473809383,-0.89375,-0.7666666666666667,-0.6020833333333333,16
2985,0.146875,0.1074028550080904,-0.08541666666666665,0.15,0.29583333333333334,16
2986,-0.8427083333333334,0.05236382803148668,-0.9375,-0.85,-0.7375,16
2987,-0.8791666666666667,0.041874481754670366,-0.94375,-0.8833333333333333,-0.8020833333333334,16
2988,-0.7958333333333334,0.08426561840065286,-0.9208333333333334,-0.8166666666666667,-0.6479166666666667,16
2989,-0.8645833333333333,0.05064685742143007,-0.9375,-0.875,-0.7833333333333333,16
2990,0.046875,0.12885968224519775,-0.14583333333333331,0.03333333333333333,0.2895833333333333,16
2991,-0.6604166666666667,0.06424643310462197,-0.7541666666666667,-0.675,-0.5333333333333333,16
2992,-0.30729166666666663,0.12527313908017154,-0.55625,-0.2833333333333333,-0.11875,16
2993,0.6739583333333333,0.10307237714613723,0.4895833333333333,0.6833333333333333,0.8041666666666667,16
2994,-0.6697916666666667,0.06775639319978924,-0.7604166666666667,-0.6916666666666667,-0.5145833333333333,16
2995,0.37916666666666665,0.13143175246322922,0.18333333333333332,0.36666666666666664,0.6145833333333334,16
2996,-0.059375000000000004,0.11974636824694655,-0.27708333333333335,-0.058333333333333334,0.12916666666666665,16
2997,-0.7135416666666667,0.05596959430004037,-0.8041666666666667,-0.7166666666666667,-0.6124999999999999,16
2998,0.40625,0.1162007063948695,0.17291666666666666,0.42500000000000004,0.5666666666666667,16
2999,0.6572916666666667,0.09297713839374111,0.50625,0.6499999999999999,0.7833333333333333,16
3000,0.3,0.09895285072531598,0.16666666666666666,0.2833333333333333,0.47708333333333336,16
3001,0.134375,0.12239915775627071,-0.043750000000000004,0.15,0.3770833333333333,16
3002,-0.6322916666666667,0.10265042316035526,-0.7875000000000001,-0.6416666666666666,-0.45625,16
3003,0.01458333333333333,0.1492894048112219,-0.16041666666666665,-0.025,0.3354166666666667,16
3004,-0.40104166666666663,0.1120312378932273,-0.5979166666666667,-0.42500000000000004,-0.20416666666666666,16
3005,-0.12916666666666665,0.12025724741384843,-0.33749999999999997,-0.15,0.10208333333333333,16
3006,-0.47187500000000004,0.05550236168648842,-0.575,-0.4666666666666667,-0.38958333333333334,16
3007,-0.6208333333333333,0.09437293044088436,-0.74375,-0.6333333333333333,-0.4541666666666667,16
3008,-0.3208333333333333,0.09886508764753893,-0.49375,-0.32499999999999996,-0.17291666666666666,16
