unit_index,sample_mean,sample_std,q025,q500,q975,num_finite_samples
0,-0.06458333333333334,0.08267972847076846,-0.2375,-0.04166666666666667,0.0375,16
1,0.4010416666666667,0.10840842749887011,0.21666666666666667,0.4,0.5770833333333334,16
2,-0.540625,0.12303578267904197,-0.69375,-0.55,-0.3104166666666667,16
3,0.3645833333333333,0.10422914792790824,0.15625,0.36666666666666664,0.5208333333333334,16
4,0.6968749999999999,0.07411954261341758,0.5895833333333333,0.6833333333333333,0.8333333333333334,16
5,0.17916666666666664,0.0923271658590014,0.025,0.18333333333333332,0.32499999999999996,16
6,0.665625,0.06652817646598236,0.5479166666666667,0.6666666666666666,0.7604166666666667,16
7,-0.10416666666666666,0.09583333333333333,-0.25416666666666665,-0.125,0.08333333333333333,16
8,0.7666666666666666,0.059802917060030526,0.66875,0.7583333333333333,0.8770833333333333,16
9,0.7770833333333333,0.06397563555326705,0.63125,0.8,0.8541666666666667,16
10,0.3572916666666667,0.10736243620714525,0.14583333333333331,0.38333333333333336,0.47708333333333336,16
11,0.0875,0.1044994683665371,-0.07083333333333333,0.09166666666666667,0.2375,16
12,0.37187499999999996,0.11421816812817283,0.20625000000000002,0.3583333333333333,0.5875,16
13,0.3145833333333333,0.0920210951056574,0.18125,0.29166666666666663,0.4875,16
14,-0.015625000000000007,0.14342883809479257,-0.21666666666666667,-0.04166666666666667,0.225,16
15,0.07291666666666667,0.10439558180306291,-0.07708333333333334,0.08333333333333333,0.24791666666666667,16
16,-0.023958333333333335,0.08599272215652258,-0.20416666666666666,0.0,0.09791666666666667,16
17,0.6166666666666667,0.06263873490988713,0.5229166666666667,0.6083333333333334,0.7479166666666667,16
18,0.4510416666666667,0.09473441494515074,0.30624999999999997,0.475,0.6083333333333333,16
19,0.5822916666666667,0.058768835633068874,0.48333333333333334,0.6000000000000001,0.6604166666666667,16
20,0.6052083333333333,0.09367473830880033,0.46875,0.6166666666666667,0.76875,16
21,0.21458333333333335,0.08934075684329819,0.0125,0.24166666666666667,0.31666666666666665,16
22,-3.469446951953614e-18,0.08620067027323834,-0.11041666666666666,-0.025,0.14791666666666667,16
23,0.5218750000000001,0.08754339201853623,0.4,0.5,0.6854166666666667,16
24,0.5260416666666666,0.08798846791546669,0.36875,0.5416666666666667,0.6645833333333333,16
25,0.2739583333333333,0.12147369828485508,0.125,0.20833333333333334,0.45416666666666666,16
26,-0.228125,0.12702782257573864,-0.4375,-0.24166666666666667,0.0375,16
27,-0.12187499999999998,0.0989034935766511,-0.27708333333333335,-0.13333333333333333,0.05833333333333333,16
28,0.18958333333333333,0.08309862781324638,0.018750000000000003,0.21666666666666667,0.30416666666666664,16
29,0.7458333333333333,0.06109532624422993,0.625,0.75,0.84375,16
30,0.051041666666666666,0.15280578972997064,-0.21458333333333332,0.075,0.32916666666666666,16
31,0.035416666666666666,0.08895125850087164,-0.1,0.03333333333333333,0.17500000000000002,16
32,-0.02708333333333333,0.11929698585183673,-0.21666666666666667,0.0,0.17916666666666667,16
33,0.134375,0.11688502630790652,-0.075,0.125,0.33749999999999997,16
34,0.540625,0.08818555838873694,0.37916666666666665,0.5333333333333333,0.6708333333333334,16
35,0.6156250000000001,0.08110965442946153,0.46875,0.6166666666666667,0.7479166666666667,16
36,0.2489583333333333,0.08507936450096985,0.12916666666666665,0.26666666666666666,0.38333333333333336,16
37,0.8135416666666666,0.04217142183332742,0.725,0.8166666666666667,0.8666666666666667,16
38,0.35625,0.10238051979421348,0.20625000000000002,0.36666666666666664,0.5583333333333333,16
39,-0.15104166666666666,0.1063061534620122,-0.37916666666666665,-0.13333333333333333,0.0,16
40,0.30729166666666663,0.11945605160011313,0.13958333333333334,0.30833333333333335,0.51875,16
41,-0.4239583333333333,0.1325456878778031,-0.59375,-0.45833333333333337,-0.17916666666666667,16
42,-0.21875,0.10288798520721455,-0.38958333333333334,-0.24166666666666667,-0.05625,16
43,0.64375,0.08267972847076846,0.5,0.65,0.7979166666666667,16
44,0.7083333333333334,0.07546154281781181,0.6229166666666667,0.6916666666666667,0.8604166666666667,16
45,0.22604166666666667,0.08619437618610108,0.07500000000000001,0.21666666666666667,0.36041666666666666,16
46,0.28541666666666665,0.11271199162269983,0.08125,0.31666666666666665,0.4625,16
47,-0.1708333333333333,0.1016359243137539,-0.3416666666666667,-0.16666666666666666,0.016666666666666666,16
48,-0.19583333333333333,0.0720484019407941,-0.35000000000000003,-0.18333333333333332,-0.08541666666666667,16
49,0.18645833333333334,0.09208592567995032,0.018750000000000003,0.20833333333333334,0.32708333333333334,16
50,0.296875,0.10107387802713641,0.16666666666666666,0.2833333333333333,0.5125000000000001,16
51,0.303125,0.09468858864427353,0.16666666666666666,0.30833333333333335,0.475,16
52,0.34479166666666666,0.09925394443603293,0.17916666666666667,0.3916666666666667,0.4666666666666667,16
53,0.17395833333333333,0.10222672751998102,0.0,0.16666666666666666,0.35833333333333334,16
54,-0.26145833333333335,0.11406606729581471,-0.4604166666666667,-0.26666666666666666,-0.08541666666666667,16
55,-0.12291666666666666,0.0801203521792892,-0.23333333333333334,-0.15,0.033333333333333326,16
56,-0.3270833333333333,0.10620914247109071,-0.5166666666666666,-0.3416666666666667,-0.17291666666666666,16
57,0.3822916666666667,0.07299846602269576,0.2583333333333333,0.375,0.4875,16
58,0.5864583333333333,0.10378576190884758,0.4395833333333333,0.575,0.7541666666666667,16
59,-0.5489583333333332,0.09269662847458668,-0.68125,-0.5583333333333333,-0.40625,16
60,0.103125,0.08624471602171734,-0.020833333333333332,0.09166666666666667,0.26875,16
61,0.39166666666666666,0.08620067027323834,0.23541666666666666,0.3916666666666667,0.5479166666666667,16
62,-0.15104166666666669,0.12352866710696032,-0.3208333333333333,-0.18333333333333335,0.027083333333333334,16
63,0.36875,0.11006232451560242,0.20416666666666666,0.36666666666666664,0.6145833333333334,16
64,0.396875,0.08644578222151092,0.2791666666666667,0.375,0.55,16
65,0.321875,0.09142368364136044,0.15833333333333333,0.3416666666666667,0.42708333333333337,16
66,0.353125,0.10090196527928592,0.20208333333333334,0.3416666666666667,0.55,16
67,0.2375,0.0932626220233308,0.08333333333333333,0.23333333333333334,0.37083333333333335,16
68,-0.3416666666666667,0.09718253158075502,-0.48125,-0.38333333333333336,-0.16458333333333333,16
69,0.09583333333333333,0.08829008375173787,-0.06041666666666667,0.1,0.23958333333333331,16
70,-0.7458333333333332,0.08730136183232069,-0.88125,-0.75,-0.5895833333333333,16
71,-0.26041666666666663,0.08141009867741635,-0.4104166666666667,-0.25,-0.13125,16
72,-0.090625,0.10848847064959893,-0.26666666666666666,-0.125,0.09166666666666667,16
73,0.5416666666666667,0.1281546374935808,0.3020833333333333,0.5583333333333333,0.7083333333333333,16
74,0.26875,0.08516222264987373,0.10208333333333333,0.29166666666666663,0.39375000000000004,16
75,0.6375,0.12068956964966865,0.37083333333333335,0.6666666666666666,0.7833333333333333,16
76,-0.09999999999999999,0.07312470322826768,-0.225,-0.1,0.05208333333333333,16
77,0.4572916666666667,0.07568409078017799,0.3458333333333333,0.4666666666666667,0.5979166666666667,16
78,0.12291666666666667,0.09787233038788622,-0.075,0.13333333333333333,0.25,16
79,0.809375,0.06613557991395823,0.6895833333333333,0.8333333333333334,0.8833333333333333,16
80,0.2822916666666666,0.09194441821919733,0.15,0.2833333333333333,0.44166666666666665,16
81,0.41875,0.11224894827520163,0.23541666666666666,0.45,0.6020833333333333,16
82,0.26249999999999996,0.140002480136762,-0.018750000000000003,0.2833333333333333,0.45,16
83,0.6989583333333333,0.10999822441748776,0.51875,0.6833333333333333,0.91875,16
84,0.10729166666666666,0.10137402383418216,-0.06875,0.125,0.28125,16
85,-0.26041666666666663,0.10456175076108003,-0.44583333333333336,-0.25,-0.12291666666666667,16
86,0.7072916666666667,0.07021018790824528,0.6,0.6916666666666667,0.8166666666666667,16
87,0.6541666666666668,0.07252872993970505,0.5395833333333333,0.65,0.7770833333333333,16
88,-0.2895833333333333,0.09626262543456603,-0.42708333333333337,-0.2833333333333333,-0.13333333333333333,16
89,0.55625,0.09644280832585589,0.39583333333333337,0.55,0.7562500000000001,16
90,0.30208333333333337,0.053643304956598886,0.22291666666666668,0.3,0.39375000000000004,16
91,-0.18125,0.11131708339493789,-0.3958333333333333,-0.175,0.0,16
92,0.634375,0.08926177754535003,0.47500000000000003,0.6416666666666666,0.8145833333333333,16
93,-0.3385416666666667,0.11617735932377032,-0.5333333333333333,-0.3,-0.16458333333333333,16
94,0.734375,0.07179947723037791,0.6124999999999999,0.7333333333333334,0.86875,16
95,0.45625,0.08677777333191053,0.30833333333333335,0.4666666666666667,0.6375,16
96,-0.07916666666666666,0.11219093348196883,-0.30833333333333335,-0.06666666666666667,0.10416666666666666,16
97,-0.14479166666666668,0.1050328569623176,-0.30833333333333335,-0.16666666666666666,0.03125,16
98,0.675,0.09628516673576118,0.47500000000000003,0.7,0.8208333333333334,16
99,-0.475,0.13616778865306825,-0.7125,-0.48333333333333334,-0.23958333333333334,16
100,0.2864583333333333,0.0827518777061215,0.15,0.29166666666666663,0.44166666666666665,16
101,-0.5083333333333333,0.09446486707295527,-0.6666666666666666,-0.5083333333333333,-0.30625,16
102,0.13124999999999998,0.10032499273195422,-0.05416666666666667,0.13333333333333333,0.33333333333333337,16
103,0.07708333333333334,0.10254995395199139,-0.11041666666666666,0.075,0.22708333333333333,16
104,0.58125,0.08757437315409876,0.44583333333333336,0.5833333333333333,0.7375,16
105,0.3916666666666667,0.08579691784155835,0.27291666666666664,0.38333333333333336,0.5270833333333333,16
106,0.20416666666666666,0.08730136183232068,0.0625,0.2,0.32708333333333334,16
107,0.13541666666666669,0.08972856444732512,0.016666666666666666,0.13333333333333333,0.27708333333333335,16
108,-0.21354166666666666,0.08624471602171732,-0.36041666666666666,-0.2,-0.08958333333333333,16
109,0.125,0.11755613316388236,-0.07708333333333334,0.10833333333333334,0.36875,16
110,0.7114583333333333,0.05550236168648842,0.6291666666666667,0.7083333333333333,0.7937500000000001,16
111,-0.115625,0.0981546310533651,-0.23333333333333334,-0.10833333333333334,0.07708333333333334,16
112,0.5552083333333334,0.07965174851606627,0.4166666666666667,0.575,0.69375,16
113,0.3885416666666667,0.08389782766026253,0.27291666666666664,0.375,0.5666666666666667,16
114,0.12395833333333334,0.10816794266068132,-0.03333333333333333,0.125,0.33125,16
115,0.45729166666666665,0.11257231472110124,0.2520833333333333,0.4666666666666667,0.6208333333333333,16
116,0.340625,0.12090066371245077,0.1125,0.36666666666666664,0.5333333333333333,16
117,0.21770833333333334,0.08089532631397468,0.10625000000000001,0.20833333333333334,0.36875,16
118,-0.16041666666666665,0.08372304707254216,-0.29375,-0.13333333333333333,-0.02291666666666667,16
119,-0.203125,0.1233528630370793,-0.475,-0.175,-0.05208333333333333,16
120,0.4979166666666667,0.10084280258567456,0.32291666666666663,0.4916666666666667,0.6666666666666666,16
121,0.05625,0.11944242569353468,-0.13333333333333333,0.075,0.27291666666666664,16
122,0.42708333333333337,0.0883637919185354,0.27291666666666664,0.42500000000000004,0.6104166666666666,16
123,0.05208333333333333,0.10456175076108004,-0.07083333333333333,0.025,0.2833333333333333,16
124,0.22291666666666668,0.09857931803600815,0.05,0.225,0.36041666666666666,16
125,0.5229166666666667,0.10538866558284782,0.31666666666666665,0.5416666666666667,0.64375,16
126,0.052083333333333336,0.06715317275535915,-0.0375,0.03333333333333333,0.20833333333333334,16
127,0.10416666666666666,0.09868932735272509,0.0,0.09166666666666667,0.31875,16
128,0.4739583333333333,0.10896749483472379,0.275,0.475,0.6333333333333333,16
129,-0.5125,0.09939050368230469,-0.6708333333333334,-0.5333333333333333,-0.3229166666666667,16
130,-0.18125,0.12074350109035085,-0.32708333333333334,-0.19166666666666665,0.08333333333333333,16
131,0.35312499999999997,0.1347861925730278,0.06458333333333333,0.36666666666666664,0.5583333333333333,16
132,0.75,0.056825757070774405,0.6520833333333333,0.7583333333333333,0.8479166666666667,16
133,-0.43645833333333334,0.11074538333743558,-0.5875,-0.4666666666666667,-0.21666666666666667,16
134,0.47187499999999993,0.0916133841356042,0.32291666666666663,0.5,0.6208333333333333,16
135,-0.6229166666666667,0.07189764136140582,-0.725,-0.6333333333333333,-0.4625,16
136,-0.7083333333333333,0.07240894665409486,-0.8104166666666667,-0.7333333333333333,-0.56875,16
137,-0.5,0.09391189724653871,-0.63125,-0.525,-0.32291666666666663,16
138,0.32916666666666666,0.06909634979907084,0.21250000000000002,0.31666666666666665,0.4625,16
139,0.25416666666666665,0.11372786719963485,0.1,0.225,0.43125,16
140,0.07604166666666666,0.102396416156361,-0.09375,0.08333333333333333,0.23333333333333334,16
141,-0.19895833333333332,0.10482603810069752,-0.32708333333333334,-0.23333333333333334,0.010416666666666666,16
142,-0.6291666666666667,0.07694243880258078,-0.7541666666666667,-0.65,-0.49583333333333335,16
143,-0.09791666666666667,0.07792335087193768,-0.225,-0.1,0.041666666666666664,16
144,-0.09583333333333333,0.12479149276559948,-0.27708333333333335,-0.09166666666666667,0.08750000000000001,16
145,0.29375,0.08119656362460449,0.15208333333333332,0.29166666666666663,0.43125,16
146,-0.08333333333333333,0.08436856971381912,-0.2520833333333333,-0.075,0.04791666666666666,16
147,0.4875,0.07009418267191968,0.3625,0.5,0.6,16
148,0.7,0.06400954789890508,0.56875,0.7166666666666666,0.7666666666666667,16
149,0.6947916666666667,0.0778885310163755,0.5541666666666667,0.6916666666666667,0.8354166666666667,16
150,-0.09166666666666667,0.1131923142267177,-0.275,-0.09166666666666667,0.09375,16
151,0.35,0.11696390706348501,0.12916666666666665,0.375,0.5041666666666667,16
152,-0.41875,0.11973277537917512,-0.59375,-0.4166666666666667,-0.23958333333333334,16
153,0.1875,0.13365845776954532,-0.043750000000000004,0.21666666666666667,0.36041666666666666,16
154,0.10416666666666666,0.09363418772601763,-0.0375,0.08333333333333333,0.28125,16
155,0.271875,0.08008648753760594,0.15625,0.275,0.38333333333333336,16
156,0.35833333333333334,0.08759915017345267,0.20833333333333331,0.36666666666666664,0.525,16
157,-0.478125,0.11795696455110699,-0.63125,-0.5,-0.23541666666666666,16
158,0.23125,0.09126331714087295,0.06875,0.25,0.37083333333333335,16
159,0.008333333333333331,0.10540925533894599,-0.18541666666666667,0.03333333333333333,0.15416666666666667,16
160,-0.31562500000000004,0.12561912645196813,-0.4604166666666667,-0.3666666666666667,-0.07291666666666666,16
161,-0.6104166666666666,0.0706799810570307,-0.7270833333333333,-0.6083333333333334,-0.5020833333333333,16
162,0.4239583333333333,0.09912267056251282,0.24583333333333335,0.45833333333333337,0.5333333333333333,16
163,-0.12395833333333332,0.10424476239174375,-0.3375,-0.09166666666666667,0.03125,16
164,0.14791666666666664,0.11363241786078869,-0.0375,0.15,0.34791666666666665,16
165,-0.13020833333333331,0.07435340489476218,-0.23333333333333334,-0.13333333333333333,0.004166666666666666,16
166,0.12083333333333332,0.10008676791220261,-0.08541666666666667,0.13333333333333333,0.2625,16
167,-0.4864583333333333,0.08337889379546573,-0.6104166666666667,-0.475,-0.3625,16
168,0.12604166666666666,0.09591821422151502,-0.05,0.125,0.2708333333333333,16
169,0.7145833333333333,0.06176652950155666,0.65,0.7,0.8333333333333334,16
170,0.7041666666666666,0.08650224788344456,0.55625,0.7166666666666667,0.8479166666666667,16
171,-0.29166666666666663,0.11547005383792516,-0.5083333333333333,-0.275,-0.10208333333333333,16
172,0.19791666666666666,0.1213172780128389,-0.01458333333333333,0.2,0.3958333333333333,16
173,0.6572916666666666,0.07970622056792194,0.5333333333333333,0.6416666666666666,0.7666666666666667,16
174,0.06354166666666666,0.08400122973636887,-0.075,0.06666666666666667,0.22916666666666666,16
175,0.010416666666666661,0.0987552741207611,-0.1375,0.025,0.16666666666666666,16
176,-0.128125,0.09404467577522221,-0.26875,-0.13333333333333333,0.06875,16
177,0.21458333333333332,0.10927078368286129,0.08333333333333333,0.2,0.4354166666666667,16
178,0.453125,0.08624471602171735,0.3,0.44166666666666665,0.5833333333333334,16
179,-0.4,0.1159202311936963,-0.5541666666666667,-0.43333333333333335,-0.18125,16
180,0.5479166666666666,0.05918280296392412,0.4666666666666667,0.55,0.6604166666666667,16
181,0.15208333333333335,0.09787233038788622,0.016666666666666666,0.16666666666666666,0.31666666666666665,16
182,0.11354166666666667,0.08523227047636098,-0.043750000000000004,0.11666666666666667,0.22708333333333333,16
183,-0.7041666666666666,0.09100137361600646,-0.83125,-0.7083333333333333,-0.55,16
184,0.578125,0.09199161155900151,0.41875,0.5916666666666667,0.7270833333333333,16
185,-0.03854166666666667,0.1351078208835036,-0.275,-0.058333333333333334,0.22708333333333333,16
186,-0.090625,0.12133069336642635,-0.26666666666666666,-0.09166666666666667,0.12708333333333333,16
187,0.7124999999999999,0.08090203266228167,0.5583333333333333,0.7166666666666667,0.84375,16
188,0.625,0.070464727188699,0.47291666666666665,0.6333333333333333,0.7208333333333333,16
189,-0.078125,0.1232824712127938,-0.32708333333333334,-0.03333333333333333,0.08125,16
190,0.44895833333333335,0.07670939705943611,0.35624999999999996,0.43333333333333335,0.59375,16
191,0.05729166666666666,0.1325456878778031,-0.15416666666666667,0.06666666666666667,0.28541666666666665,16
192,0.5666666666666667,0.06319062870042959,0.48333333333333334,0.5833333333333334,0.6666666666666666,16
193,-0.5708333333333333,0.07324331596352894,-0.68125,-0.5916666666666667,-0.4354166666666667,16
194,0.4197916666666667,0.12292990747892793,0.25625,0.4083333333333333,0.6270833333333333,16
195,0.721875,0.11721874583444407,0.46875,0.7416666666666667,0.8770833333333333,16
196,-0.18645833333333334,0.11684788752666625,-0.4375,-0.16666666666666666,-0.029166666666666667,16
197,-0.018750000000000003,0.09822646028438568,-0.15,-0.025,0.17708333333333331,16
198,-0.21562499999999998,0.09418302770846418,-0.36041666666666666,-0.2,-0.0625,16
199,-0.5833333333333333,0.08799463367476197,-0.74375,-0.575,-0.44583333333333336,16
200,0.6552083333333334,0.11330250040145727,0.4083333333333333,0.6666666666666666,0.8270833333333334,16
201,0.2833333333333333,0.10172129679778086,0.14166666666666666,0.25,0.45416666666666666,16
202,0.0010416666666666682,0.08089532631397468,-0.15416666666666667,0.016666666666666666,0.12708333333333333,16
203,-0.07083333333333333,0.12644992421244597,-0.25416666666666665,-0.08333333333333334,0.12708333333333333,16
204,-0.12395833333333334,0.09109075716924668,-0.2604166666666667,-0.10833333333333334,0.03333333333333333,16
205,0.27291666666666664,0.09164298936634488,0.14583333333333331,0.25,0.4104166666666667,16
206,-0.3145833333333333,0.1318768101508205,-0.54375,-0.3333333333333333,-0.07291666666666666,16
207,0.7041666666666667,0.10680004681646914,0.4854166666666667,0.7333333333333333,0.8541666666666667,16
208,0.221875,0.14236576889399283,-0.1,0.2583333333333333,0.4104166666666667,16
209,0.8,0.04930066485916344,0.7291666666666666,0.7916666666666667,0.8916666666666666,16
210,-0.24895833333333328,0.0939985132122371,-0.3770833333333333,-0.225,-0.10208333333333333,16
211,0.47500000000000003,0.07949493345141215,0.36666666666666664,0.4666666666666667,0.6479166666666667,16
212,0.48854166666666665,0.10618359853208131,0.3458333333333333,0.48333333333333334,0.6958333333333333,16
213,-0.4041666666666667,0.09727181274940627,-0.5666666666666667,-0.4166666666666667,-0.22291666666666668,16
214,-0.0031249999999999976,0.09668440031302303,-0.18333333333333332,0.008333333333333333,0.15,16
215,0.375,0.10524442450262574,0.22916666666666669,0.375,0.5541666666666667,16
216,-0.140625,0.13781135833490327,-0.36458333333333337,-0.125,0.09791666666666667,16
217,0.3510416666666667,0.051864122018769186,0.2625,0.36666666666666664,0.42708333333333337,16
218,-0.334375,0.10145961669277312,-0.47708333333333336,-0.36666666666666664,-0.14166666666666666,16
219,0.5510416666666667,0.06756394861742301,0.4083333333333333,0.5583333333333333,0.6645833333333333,16
220,0.0020833333333333294,0.12840839255195813,-0.24166666666666664,0.016666666666666666,0.1875,16
221,-0.4708333333333333,0.10008676791220263,-0.6104166666666667,-0.45,-0.31875,16
222,0.3822916666666667,0.09061302602888345,0.22916666666666669,0.375,0.5104166666666667,16
223,0.5375,0.07465197027987049,0.37916666666666665,0.5333333333333333,0.65,16
224,0.5302083333333334,0.11137068204623891,0.3416666666666667,0.525,0.71875,16
225,-0.13645833333333332,0.10659156698715794,-0.36041666666666666,-0.125,0.03125,16
226,-0.0031250000000000028,0.09432117670491606,-0.15833333333333333,0.008333333333333333,0.15833333333333333,16
227,0.3291666666666667,0.10180659769058847,0.20625000000000002,0.29166666666666663,0.5,16
228,-0.703125,0.06952686081652185,-0.7937500000000001,-0.7166666666666667,-0.5895833333333333,16
229,0.29583333333333334,0.11718634258687695,0.07916666666666666,0.32499999999999996,0.43333333333333335,16
230,-0.13125,0.09239765358973619,-0.2833333333333333,-0.125,0.004166666666666666,16
231,0.6802083333333333,0.05928355531305081,0.5895833333333333,0.6833333333333333,0.7770833333333333,16
232,-0.071875,0.09641467694576152,-0.21041666666666667,-0.06666666666666667,0.07708333333333334,16
233,0.23125,0.09553849573165085,0.09583333333333333,0.23333333333333334,0.4104166666666667,16
234,0.7010416666666667,0.08089532631397468,0.60625,0.6833333333333333,0.8479166666666667,16
235,0.4208333333333334,0.09637527921850315,0.22916666666666669,0.43333333333333335,0.55,16
236,0.309375,0.10589708545721802,0.13958333333333334,0.32499999999999996,0.49375,16
237,0.16770833333333335,0.08153662052176992,0.03125,0.15,0.31666666666666665,16
238,-0.5677083333333333,0.0670480626739754,-0.6916666666666667,-0.55,-0.47291666666666665,16
239,0.4385416666666667,0.09960316225178574,0.24791666666666667,0.45,0.5770833333333334,16
240,-0.05416666666666667,0.08650224788344456,-0.22916666666666666,-0.03333333333333334,0.05,16
241,0.5020833333333333,0.10135796712641784,0.3395833333333333,0.4916666666666667,0.6770833333333334,16
242,-0.4125,0.13169567191065923,-0.5437500000000001,-0.4666666666666667,-0.10416666666666666,16
243,-0.02083333333333333,0.11296201426438299,-0.22083333333333333,-0.03333333333333333,0.1625,16
244,0.2583333333333333,0.1165177621175797,0.07916666666666666,0.275,0.4791666666666667,16
245,-0.6552083333333334,0.07699178121721824,-0.7916666666666666,-0.6583333333333333,-0.5083333333333333,16
246,-0.353125,0.10707907741218377,-0.5416666666666666,-0.3333333333333333,-0.20625000000000002,16
247,-0.17395833333333333,0.10474319621234487,-0.36875,-0.16666666666666666,-0.00625,16
248,0.2791666666666667,0.10499669306961794,0.09583333333333333,0.2583333333333333,0.44166666666666665,16
249,-0.203125,0.07888519039647993,-0.32708333333333334,-0.20833333333333334,-0.08541666666666667,16
250,0.159375,0.12896068926227094,-0.10416666666666669,0.13333333333333333,0.3416666666666667,16
251,0.07916666666666666,0.07034142923389221,-0.06458333333333333,0.08333333333333333,0.19375,16
252,0.6437499999999999,0.06260408000548631,0.55,0.6416666666666666,0.7541666666666667,16
253,0.06979166666666667,0.10072975913303873,-0.07708333333333334,0.06666666666666667,0.24791666666666667,16
254,0.5979166666666667,0.08856004711180118,0.40208333333333335,0.6083333333333334,0.7166666666666667,16
255,0.6135416666666667,0.058694935779086674,0.5395833333333333,0.6083333333333334,0.7208333333333333,16
256,0.6968749999999999,0.07388494010960556,0.56875,0.6833333333333333,0.8270833333333334,16
257,0.7583333333333333,0.07569125885243728,0.6416666666666667,0.75,0.9041666666666667,16
258,-0.1125,0.11311559967081858,-0.32499999999999996,-0.08333333333333334,0.016666666666666666,16
259,0.26979166666666665,0.1236340295545239,0.05208333333333333,0.30833333333333335,0.43125,16
260,0.4895833333333333,0.06969053618199055,0.3520833333333333,0.5,0.5979166666666667,16
261,-0.3645833333333333,0.09928127131203213,-0.49375,-0.375,-0.2,16
262,0.08541666666666667,0.12117408849346557,-0.08958333333333333,0.05,0.3416666666666667,16
263,0.17708333333333334,0.11664806399307849,0.0125,0.175,0.3770833333333333,16
264,-0.45729166666666665,0.09663949869661646,-0.6041666666666667,-0.45833333333333337,-0.2875,16
265,0.6958333333333333,0.06859199013814304,0.6,0.6833333333333333,0.8166666666666667,16
266,-0.146875,0.0991664478288902,-0.2875,-0.15833333333333333,0.043750000000000004,16
267,0.006250000000000002,0.08717698313711532,-0.14583333333333331,0.008333333333333331,0.15416666666666667,16
268,0.6125,0.05051814855409226,0.525,0.6083333333333334,0.7041666666666667,16
269,0.051041666666666666,0.13261116275076965,-0.16041666666666665,0.058333333333333334,0.2604166666666667,16
270,-0.821875,0.05326778198143998,-0.9041666666666667,-0.825,-0.7395833333333333,16
271,-0.6260416666666667,0.09681898021852718,-0.78125,-0.6416666666666666,-0.4354166666666667,16
272,-0.20520833333333333,0.08872529977094722,-0.34375,-0.20833333333333334,-0.03958333333333333,16
273,0.26041666666666663,0.12059963032005253,0.07500000000000001,0.2833333333333333,0.5229166666666667,16
274,-0.17916666666666664,0.0798218502527834,-0.3104166666666667,-0.16666666666666666,-0.0625,16
275,-0.49166666666666664,0.10865337342004416,-0.7104166666666667,-0.48333333333333334,-0.3125,16
276,0.05520833333333333,0.09199161155900151,-0.11666666666666665,0.05,0.22291666666666665,16
277,-0.70625,0.0742730977915662,-0.85625,-0.7083333333333333,-0.60625,16
278,0.278125,0.07877507316897762,0.13125,0.26666666666666666,0.4,16
279,-0.12916666666666665,0.11777745020918808,-0.3666666666666667,-0.09166666666666667,0.03125,16
280,0.09375,0.10783136912172944,-0.05416666666666667,0.08333333333333334,0.3104166666666667,16
281,0.22708333333333333,0.08413675210961946,0.09166666666666667,0.21666666666666667,0.36458333333333337,16
282,0.018750000000000003,0.1181270208527903,-0.18125,0.016666666666666666,0.19375,16
283,-0.378125,0.06915129096167814,-0.5375000000000001,-0.3666666666666667,-0.30624999999999997,16
284,-0.3979166666666667,0.11162856937182346,-0.5437500000000001,-0.42500000000000004,-0.21666666666666667,16
285,0.6375,0.08154327412825385,0.45625,0.6583333333333333,0.74375,16
286,-0.353125,0.06297562083413268,-0.43333333333333335,-0.36666666666666664,-0.22916666666666669,16
287,0.4666666666666667,0.09090593428863095,0.32291666666666663,0.45833333333333337,0.6208333333333333,16
288,0.421875,0.0857399876726788,0.28541666666666665,0.4083333333333333,0.55,16
289,-0.421875,0.07676595699121962,-0.5458333333333334,-0.44166666666666665,-0.275,16
290,0.3260416666666667,0.06769230579533311,0.23958333333333334,0.32499999999999996,0.4625,16
291,-0.7437500000000001,0.07309501997020348,-0.875,-0.75,-0.6166666666666667,16
292,0.26979166666666665,0.11610261714678671,0.06041666666666666,0.2833333333333333,0.45625,16
293,0.40729166666666666,0.07591313337917521,0.26875,0.4166666666666667,0.5416666666666666,16
294,0.246875,0.1313945962760857,0.00625,0.225,0.4375,16
295,0.44895833333333335,0.11234074375903576,0.22291666666666668,0.45,0.6291666666666667,16
296,-0.17916666666666664,0.11644323843735101,-0.42291666666666666,-0.15833333333333333,-0.0125,16
297,0.5916666666666667,0.06922186552431729,0.4479166666666667,0.5833333333333334,0.7041666666666667,16
298,0.5375,0.07132184486926536,0.4395833333333333,0.5166666666666667,0.6541666666666667,16
299,0.5760416666666667,0.07216126567549164,0.4666666666666667,0.5583333333333333,0.7041666666666667,16
300,0.21354166666666666,0.0979332875964268,0.05208333333333333,0.21666666666666667,0.38125,16
301,-0.16354166666666664,0.11105847277448039,-0.37083333333333335,-0.15833333333333333,-0.0125,16
302,0.36979166666666663,0.11520192869479226,0.21250000000000002,0.375,0.5729166666666667,16
303,0.42708333333333337,0.08267972847076846,0.2791666666666667,0.45833333333333337,0.5520833333333334,16
304,0.334375,0.0782776286864758,0.23958333333333334,0.31666666666666665,0.4604166666666667,16
305,0.4135416666666667,0.09775585198453453,0.21875,0.4083333333333333,0.5583333333333333,16
306,0.4947916666666667,0.10167328359614546,0.3416666666666667,0.475,0.6791666666666667,16
307,0.15208333333333335,0.0920210951056574,-0.018750000000000003,0.16666666666666666,0.30416666666666664,16
308,0.18333333333333335,0.09147707666708395,0.03958333333333333,0.19166666666666665,0.3208333333333333,16
309,0.15208333333333335,0.08309862781324638,-0.004166666666666666,0.175,0.25,16
310,0.4864583333333333,0.08169615751538,0.3395833333333333,0.5166666666666667,0.6,16
311,0.5979166666666667,0.07814583055629604,0.47291666666666665,0.6083333333333334,0.7208333333333333,16
312,0.6270833333333333,0.0754327791259653,0.49583333333333335,0.6416666666666666,0.7583333333333333,16
313,0.6156249999999999,0.09061302602888344,0.45,0.6333333333333333,0.74375,16
314,-0.17604166666666665,0.12922965534057748,-0.3875,-0.175,0.07916666666666666,16
315,-0.34687500000000004,0.08979505020693884,-0.5,-0.31666666666666665,-0.21875,16
316,-0.6041666666666667,0.08769818824937162,-0.74375,-0.6,-0.44166666666666665,16
317,-0.7052083333333333,0.08553726242924127,-0.8479166666666667,-0.7083333333333333,-0.5625,16
318,0.07604166666666667,0.08248921436230988,-0.08750000000000001,0.075,0.21041666666666667,16
319,0.7937500000000001,0.0756625824888953,0.6645833333333333,0.7833333333333333,0.9166666666666666,16
320,0.6364583333333333,0.07198059875565235,0.4916666666666667,0.6583333333333333,0.7270833333333333,16
321,0.004166666666666666,0.0900424282707263,-0.1625,0.0,0.17291666666666666,16
322,-0.6333333333333333,0.07795119555779044,-0.7645833333333333,-0.6166666666666667,-0.4979166666666667,16
323,-0.37187499999999996,0.1273008725530889,-0.6000000000000001,-0.375,-0.13958333333333334,16
324,0.4770833333333333,0.0933324032691755,0.3,0.475,0.6479166666666667,16
325,0.04687499999999999,0.13218499636452274,-0.19375,0.06666666666666667,0.28125,16
326,0.5979166666666667,0.06505206248331664,0.48333333333333334,0.6083333333333334,0.69375,16
327,-0.15625,0.09088205879661349,-0.3020833333333333,-0.175,-0.02291666666666667,16
328,0.26875000000000004,0.07403898184965357,0.13125,0.2583333333333333,0.36666666666666664,16
329,0.43854166666666666,0.06990041279086508,0.31875,0.45,0.5479166666666667,16
330,0.7302083333333333,0.06620117435598188,0.60625,0.7333333333333333,0.8104166666666667,16
331,-0.51875,0.08816709987291178,-0.64375,-0.5083333333333333,-0.36875,16
332,0.4625,0.06984606089266755,0.36666666666666664,0.45833333333333337,0.5666666666666667,16
333,-0.646875,0.07458653391642936,-0.7854166666666667,-0.65,-0.525,16
334,0.3052083333333333,0.08431067506879278,0.11041666666666666,0.32499999999999996,0.39375000000000004,16
335,0.44791666666666663,0.12217289092829792,0.27291666666666664,0.42500000000000004,0.6625,16
336,0.15416666666666667,0.07648983229452425,0.025,0.16666666666666666,0.26666666666666666,16
337,0.23333333333333334,0.08819171036881969,0.07500000000000001,0.25,0.37916666666666665,16
338,0.15729166666666666,0.09964672842653245,0.04583333333333334,0.13333333333333333,0.39166666666666666,16
339,0.24375,0.12174583611405818,-0.002083333333333333,0.29166666666666663,0.41875,16
340,-0.16666666666666666,0.061520096084305836,-0.28125,-0.16666666666666666,-0.07291666666666666,16
341,-0.5593750000000001,0.08143008887997112,-0.7208333333333333,-0.525,-0.45625,16
342,0.23958333333333331,0.1053886655828478,-0.004166666666666666,0.23333333333333334,0.34375,16
343,0.46875,0.1181270208527903,0.25,0.4916666666666667,0.6479166666666667,16
344,0.4510416666666667,0.08280431039169668,0.3333333333333333,0.44166666666666665,0.5770833333333334,16
345,0.20520833333333333,0.10908692220986997,0.08333333333333333,0.16666666666666666,0.42708333333333337,16
346,0.2458333333333333,0.12617503274772265,0.0625,0.20833333333333334,0.5,16
347,0.2708333333333333,0.12240359017973651,0.04583333333333334,0.275,0.4479166666666667,16
348,-0.11770833333333333,0.1520084004897244,-0.3875,-0.075,0.13541666666666666,16
349,0.6770833333333333,0.06370368688091937,0.5833333333333334,0.6833333333333333,0.7875000000000001,16
350,0.6239583333333333,0.1063877783159325,0.44583333333333336,0.6333333333333333,0.7916666666666666,16
351,0.41666666666666663,0.11989578808281799,0.21250000000000002,0.43333333333333335,0.58125,16
352,-0.07083333333333333,0.1402502723308903,-0.32083333333333336,-0.08333333333333333,0.15833333333333333,16
353,0.4947916666666667,0.06864733496081418,0.37916666666666665,0.5,0.5875,16
354,0.24166666666666664,0.07288689868556626,0.15625,0.225,0.37083333333333335,16
355,0.5687500000000001,0.07902948640996106,0.42083333333333334,0.5666666666666667,0.7,16
356,0.5333333333333334,0.09682458365518541,0.3729166666666667,0.5166666666666667,0.7020833333333333,16
357,-0.2572916666666667,0.1343669248219632,-0.4708333333333333,-0.25,-0.008333333333333335,16
358,-0.48854166666666665,0.08533405557962581,-0.6208333333333333,-0.5,-0.3458333333333333,16
359,0.04479166666666667,0.10956332992333195,-0.11666666666666667,0.03333333333333333,0.21458333333333332,16
360,0.8218750000000001,0.06864733496081421,0.7229166666666667,0.825,0.9416666666666667,16
361,0.5510416666666667,0.10499152578237499,0.38958333333333334,0.55,0.7291666666666667,16
362,-0.33229166666666665,0.121259127663309,-0.525,-0.3416666666666667,-0.13958333333333334,16
363,0.32291666666666663,0.08556896990797021,0.19583333333333333,0.31666666666666665,0.46458333333333335,16
364,0.15104166666666666,0.10281941255046258,-0.027083333333333334,0.13333333333333333,0.3208333333333333,16
365,0.65625,0.08454843286542926,0.5333333333333333,0.6416666666666666,0.7833333333333333,16
366,0.5885416666666667,0.08094896154367887,0.42500000000000004,0.5916666666666667,0.7291666666666667,16
367,-0.33125,0.12622662049750924,-0.5354166666666667,-0.31666666666666665,-0.10416666666666666,16
368,0.2385416666666667,0.14985163380082908,0.03333333333333333,0.18333333333333332,0.4875,16
369,0.3572916666666667,0.12787916795640414,0.19583333333333333,0.3333333333333333,0.58125,16
370,0.721875,0.06447403385601577,0.58125,0.7333333333333334,0.7937500000000001,16
371,0.25625,0.13602427785754523,0.00208333333333334,0.2833333333333333,0.5062500000000001,16
372,-0.013541666666666664,0.10411978111504289,-0.17708333333333331,-0.016666666666666666,0.13333333333333333,16
373,-0.017708333333333333,0.08217291009072136,-0.12708333333333333,-0.03333333333333333,0.15,16
374,0.7562500000000001,0.07747647492411272,0.65625,0.7666666666666667,0.9104166666666667,16
375,0.5385416666666667,0.11587810136086972,0.27291666666666664,0.55,0.6666666666666666,16
376,0.46041666666666664,0.07702700644723398,0.3395833333333333,0.48333333333333334,0.5437500000000001,16
377,0.7416666666666667,0.09033118078616165,0.5625,0.7666666666666667,0.8583333333333333,16
378,0.05416666666666666,0.13129959380490608,-0.17291666666666666,0.058333333333333334,0.275,16
379,0.578125,0.07113141935491266,0.46875,0.5583333333333333,0.7083333333333333,16
380,0.05520833333333333,0.06393321982523814,-0.043750000000000004,0.06666666666666667,0.14375,16
381,0.24479166666666666,0.09942870666127229,0.07916666666666666,0.225,0.3770833333333333,16
382,0.703125,0.06460853003108627,0.5958333333333333,0.7,0.8104166666666667,16
383,0.509375,0.10016804456900304,0.35624999999999996,0.5,0.6708333333333334,16
384,0.6104166666666667,0.09333240326917548,0.4354166666666667,0.6,0.74375,16
385,-0.027083333333333334,0.08393015449368202,-0.20208333333333334,-0.03333333333333333,0.08333333333333333,16
386,0.7770833333333333,0.053965974362452596,0.6791666666666666,0.7833333333333333,0.8604166666666667,16
387,0.19895833333333335,0.09307045382397144,0.06666666666666667,0.2,0.35833333333333334,16
388,0.06979166666666665,0.14254857237486146,-0.15208333333333332,0.075,0.32708333333333334,16
389,0.5229166666666667,0.14753471813629346,0.3,0.5083333333333333,0.74375,16
390,0.21770833333333334,0.11938336212713134,0.05,0.225,0.41458333333333336,16
391,-0.175,0.10458250331675945,-0.36458333333333337,-0.15833333333333333,-0.03958333333333333,16
392,-0.5510416666666667,0.11172087459129756,-0.7333333333333333,-0.5416666666666667,-0.37916666666666665,16
393,0.4510416666666666,0.10499152578237497,0.2625,0.44166666666666665,0.6208333333333333,16
394,0.6572916666666666,0.05681620893039434,0.5895833333333333,0.6416666666666666,0.775,16
395,-0.125,0.11055415967851331,-0.25,-0.15833333333333333,0.12708333333333333,16
396,0.10520833333333335,0.11191495251851838,-0.125,0.13333333333333333,0.21666666666666667,16
397,-0.4052083333333334,0.08714586072594996,-0.53125,-0.43333333333333335,-0.2375,16
398,-0.36979166666666663,0.12036096606781527,-0.5,-0.4083333333333333,-0.10833333333333334,16
399,0.6927083333333333,0.0891644762192009,0.5083333333333333,0.7166666666666667,0.8166666666666667,16
400,0.45729166666666665,0.09894736781351095,0.2604166666666667,0.4666666666666667,0.5979166666666667,16
401,0.790625,0.03630921887069454,0.7395833333333333,0.7833333333333333,0.8541666666666667,16
402,-0.040624999999999994,0.13293805339956902,-0.24791666666666667,-0.03333333333333333,0.19583333333333333,16
403,0.8010416666666667,0.05542410664342929,0.7124999999999999,0.8083333333333333,0.8770833333333333,16
404,0.7364583333333333,0.06724198372296881,0.6333333333333333,0.7333333333333333,0.84375,16
405,0.5270833333333333,0.0689391337823929,0.40625,0.55,0.6270833333333333,16
406,0.6145833333333334,0.07702700644723395,0.4479166666666667,0.6166666666666667,0.73125,16
407,-0.6000000000000001,0.07660323462854264,-0.725,-0.6083333333333334,-0.47291666666666665,16
408,0.37083333333333335,0.0798218502527834,0.21875,0.375,0.5041666666666667,16
409,0.7020833333333334,0.05030290194854016,0.6291666666666667,0.6833333333333333,0.8083333333333333,16
410,0.38958333333333334,0.07792335087193769,0.2895833333333333,0.36666666666666664,0.5416666666666666,16
411,0.17708333333333334,0.10049789245993614,0.03958333333333333,0.15,0.37083333333333335,16
412,0.2604166666666667,0.09480883544152295,0.1,0.2583333333333333,0.43125,16
413,0.19166666666666665,0.12204848763230673,0.008333333333333335,0.2,0.36041666666666666,16
414,-0.28541666666666665,0.12636408486767292,-0.5166666666666666,-0.3,-0.0625,16
415,0.45625,0.10604555493853678,0.2791666666666667,0.45,0.6645833333333333,16
416,0.4666666666666667,0.0905231707600018,0.31875,0.45833333333333337,0.6208333333333333,16
417,0.5791666666666667,0.08090203266228166,0.4291666666666667,0.5833333333333334,0.6833333333333333,16
418,-0.03229166666666666,0.11777284367940401,-0.20416666666666666,-0.04166666666666667,0.18125,16
419,-0.20520833333333333,0.11999981915495632,-0.40208333333333335,-0.21666666666666667,0.010416666666666666,16
420,-0.140625,0.12787916795640414,-0.3666666666666667,-0.15833333333333333,0.07708333333333334,16
421,0.36354166666666665,0.11337908849665947,0.18125,0.3333333333333333,0.5375000000000001,16
422,0.7416666666666667,0.0692218655243173,0.61875,0.75,0.8541666666666667,16
423,-0.14270833333333333,0.13436692482196322,-0.4125,-0.10833333333333334,0.060416666666666674,16
424,-0.09375,0.11332643974132622,-0.2520833333333333,-0.125,0.07708333333333334,16
425,0.15729166666666666,0.130699075222011,-0.03125,0.15833333333333333,0.3875,16
426,0.11562499999999999,0.10399464963534316,-0.043750000000000004,0.11666666666666667,0.275,16
427,0.07395833333333333,0.10573301511879395,-0.15833333333333333,0.10833333333333334,0.2,16
428,-0.06458333333333333,0.11209417543595503,-0.23541666666666666,-0.07500000000000001,0.125,16
429,-0.3364583333333333,0.11183736176301332,-0.5041666666666667,-0.3583333333333333,-0.09375,16
430,0.24166666666666664,0.09736101204623268,0.07916666666666666,0.26666666666666666,0.36666666666666664,16
431,0.4697916666666666,0.1142941426393613,0.25416666666666665,0.45833333333333337,0.6604166666666667,16
432,0.11562499999999999,0.14795700740981033,-0.12708333333333333,0.10833333333333334,0.35416666666666663,16
433,0.778125,0.053915684560864735,0.6833333333333333,0.7916666666666667,0.84375,16
434,0.4322916666666667,0.10077283825791332,0.26458333333333334,0.42500000000000004,0.6354166666666666,16
435,-0.5239583333333333,0.09353563454938207,-0.6770833333333334,-0.5166666666666666,-0.36666666666666664,16
436,0.5520833333333334,0.06715317275535915,0.4395833333333333,0.575,0.6541666666666667,16
437,0.421875,0.09802188495716432,0.2791666666666667,0.4166666666666667,0.59375,16
438,0.4479166666666667,0.06766825737046547,0.3020833333333333,0.45,0.5541666666666667,16
439,0.5864583333333333,0.07458653391642935,0.45208333333333334,0.575,0.7104166666666667,16
440,0.403125,0.09094770131784531,0.2625,0.3916666666666667,0.5770833333333334,16
441,0.5322916666666666,0.10265042316035525,0.38958333333333334,0.55,0.68125,16
442,0.6479166666666667,0.07792335087193768,0.50625,0.65,0.7541666666666667,16
443,-0.20625,0.10653556396287997,-0.39166666666666666,-0.2,-0.037500000000000006,16
444,0.5010416666666666,0.09780024106707395,0.31875,0.4916666666666667,0.6854166666666667,16
445,0.61875,0.08204736944798006,0.5229166666666667,0.6,0.7541666666666667,16
446,-0.090625,0.14553168206995723,-0.26666666666666666,-0.125,0.18541666666666667,16
447,-0.5197916666666667,0.11245658884654113,-0.7375,-0.4916666666666667,-0.3729166666666667,16
448,-0.27604166666666663,0.12568820963665076,-0.5020833333333333,-0.2583333333333333,-0.11875,16
449,0.1958333333333333,0.10416666666666667,0.02291666666666667,0.16666666666666666,0.34375,16
450,0.8177083333333333,0.05635599581134992,0.7,0.8166666666666667,0.8833333333333333,16
451,0.16770833333333335,0.11923785024293064,-0.035416666666666666,0.20833333333333334,0.32708333333333334,16
452,0.8229166666666667,0.05166498653182184,0.7395833333333333,0.825,0.8833333333333333,16
453,0.725,0.05921946001479957,0.5854166666666667,0.7333333333333333,0.7937500000000001,16
454,0.39583333333333337,0.060810497997193444,0.3020833333333333,0.38333333333333336,0.5104166666666667,16
455,-0.25104166666666666,0.1477221432190253,-0.5395833333333333,-0.2583333333333333,-0.018750000000000003,16
456,0.4083333333333333,0.1371839802762861,0.18541666666666667,0.3916666666666667,0.66875,16
457,0.5833333333333333,0.09128709291752768,0.4041666666666667,0.5916666666666667,0.7145833333333333,16
458,-0.45833333333333337,0.13450010326307477,-0.6354166666666666,-0.48333333333333334,-0.18333333333333332,16
459,0.7510416666666666,0.061652236487323715,0.6625,0.7333333333333333,0.8541666666666667,16
460,-0.259375,0.1259641634994299,-0.5,-0.2,-0.0875,16
461,0.27187500000000003,0.12328247121279381,0.04166666666666667,0.2833333333333333,0.4729166666666667,16
462,0.6708333333333334,0.08133008873309638,0.5166666666666667,0.675,0.7979166666666667,16
463,0.5197916666666667,0.0748189365327314,0.37916666666666665,0.5333333333333333,0.6375000000000001,16
464,0.6895833333333332,0.05030290194854014,0.5958333333333333,0.7,0.7645833333333333,16
465,0.275,0.07168604389202189,0.15,0.30833333333333335,0.37083333333333335,16
466,0.48125,0.08836379191853541,0.3395833333333333,0.475,0.6270833333333333,16
467,0.19479166666666667,0.10115972484420643,0.03958333333333333,0.21666666666666667,0.3625,16
468,0.29791666666666666,0.1344839674459376,0.04583333333333334,0.3,0.49375,16
469,-0.00625,0.09910624910221913,-0.17291666666666666,-0.03333333333333333,0.17708333333333331,16
470,-0.20937499999999998,0.10832832520475273,-0.36041666666666666,-0.23333333333333334,-0.016666666666666666,16
471,0.553125,0.08441357143058612,0.39583333333333337,0.55,0.6749999999999999,16
472,-0.1875,0.14475793971700174,-0.3979166666666667,-0.21666666666666667,0.09791666666666667,16
473,-0.175,0.07359800721939873,-0.3020833333333333,-0.175,-0.0625,16
474,0.07500000000000001,0.12402396721781014,-0.1,0.09166666666666667,0.26458333333333334,16
475,-0.05729166666666666,0.11257231472110124,-0.24166666666666667,-0.025,0.09791666666666667,16
476,-0.2875,0.10582020916000245,-0.4708333333333333,-0.26666666666666666,-0.15,16
477,0.54375,0.12174583611405816,0.33541666666666664,0.575,0.7520833333333333,16
478,0.4,0.11195857368787003,0.19374999999999998,0.4,0.5708333333333334,16
479,0.5041666666666667,0.08569568250501304,0.35833333333333334,0.5,0.6833333333333333,16
480,0.1333333333333333,0.125,-0.1,0.125,0.2875,16
481,0.5677083333333334,0.04268291926780808,0.5,0.5666666666666667,0.6479166666666667,16
482,0.809375,0.06665852814906732,0.7333333333333333,0.7916666666666667,0.9166666666666666,16
483,-0.057291666666666664,0.1284210671428606,-0.22083333333333333,-0.08333333333333333,0.20208333333333334,16
484,0.6572916666666666,0.07659615190145722,0.50625,0.675,0.74375,16
485,-0.06041666666666666,0.10101481602000548,-0.27291666666666664,-0.058333333333333334,0.09791666666666667,16
486,0.32083333333333336,0.11372786719963485,0.07500000000000001,0.3333333333333333,0.4708333333333333,16
487,0.7166666666666667,0.07336173692357921,0.6020833333333333,0.7083333333333333,0.8625,16
488,-0.45625000000000004,0.0987552741207611,-0.6270833333333333,-0.43333333333333335,-0.32916666666666666,16
489,0.35624999999999996,0.10152910775842672,0.21250000000000002,0.31666666666666665,0.5583333333333333,16
490,-0.12291666666666667,0.09698134843589484,-0.28125,-0.11666666666666667,0.05833333333333333,16
491,0.43854166666666666,0.10844845645897104,0.26875,0.42500000000000004,0.65,16
492,0.28645833333333337,0.10593806333839074,0.13333333333333333,0.3,0.44375000000000003,16
493,0.4458333333333333,0.08467667263708992,0.3333333333333333,0.43333333333333335,0.5708333333333334,16
494,-0.27708333333333335,0.13266433729110808,-0.5041666666666667,-0.29166666666666663,-0.08333333333333333,16
495,0.1625,0.11479147761629925,-0.075,0.175,0.3145833333333333,16
496,0.46979166666666666,0.09757809372497497,0.29583333333333334,0.45,0.6208333333333333,16
497,0.625,0.10720566941890505,0.4666666666666667,0.6083333333333334,0.8125,16
498,0.553125,0.06325069993025109,0.4354166666666667,0.55,0.64375,16
499,0.10625000000000001,0.08875586835058663,-0.08333333333333333,0.13333333333333333,0.23541666666666666,16
500,0.14375,0.06397563555326703,0.07291666666666666,0.14166666666666666,0.28125,16
501,0.48020833333333335,0.06927670714444921,0.36875,0.475,0.5833333333333334,16
502,-0.484375,0.12097244147830621,-0.6604166666666667,-0.4916666666666667,-0.2604166666666667,16
503,0.49375,0.07566258248889533,0.32916666666666666,0.5,0.5979166666666667,16
504,-0.2572916666666667,0.10154513740477954,-0.4104166666666667,-0.2583333333333333,-0.09166666666666667,16
505,-0.3458333333333333,0.11418491338370602,-0.53125,-0.32499999999999996,-0.15000000000000002,16
506,0.9010416666666667,0.0515282925251318,0.80625,0.9083333333333333,0.9770833333333333,16
507,0.8062500000000001,0.06944097213541231,0.6666666666666667,0.8083333333333333,0.9166666666666666,16
508,0.6708333333333334,0.08047169964928319,0.5166666666666666,0.6833333333333333,0.7770833333333333,16
509,0.565625,0.06440668044629462,0.4625,0.5666666666666667,0.6770833333333334,16
510,0.7416666666666667,0.07883703303510209,0.6166666666666667,0.75,0.8854166666666666,16
511,-0.21145833333333333,0.1060199715855461,-0.3979166666666667,-0.225,-0.03958333333333333,16
512,-0.4270833333333333,0.08330728759638419,-0.5958333333333333,-0.4166666666666667,-0.29583333333333334,16
513,-0.4239583333333333,0.07749747979773279,-0.5645833333333333,-0.4166666666666667,-0.275,16
514,0.078125,0.09532815217564128,-0.07083333333333333,0.09166666666666667,0.22708333333333333,16
515,-0.059375,0.1147111030056715,-0.2604166666666667,-0.05,0.15,16
516,0.5447916666666666,0.09942870666127228,0.41250000000000003,0.525,0.7520833333333333,16
517,-0.05104166666666667,0.10581508208767888,-0.19791666666666666,-0.05,0.14375,16
518,-0.25104166666666666,0.12010827724969203,-0.4104166666666667,-0.25,-0.03958333333333333,16
519,-0.5854166666666667,0.07680128579652816,-0.7083333333333333,-0.5916666666666667,-0.42291666666666666,16
520,0.4083333333333333,0.10590220855949029,0.21875,0.4166666666666667,0.5541666666666667,16
521,0.057291666666666664,0.10720060860886522,-0.09375,0.05,0.23125,16
522,0.34791666666666665,0.09462554124313137,0.22916666666666669,0.31666666666666665,0.5,16
523,0.015625,0.10248115511047765,-0.17916666666666667,0.016666666666666666,0.18125,16
524,0.515625,0.10025466704293066,0.31875,0.5083333333333333,0.7020833333333333,16
525,-0.3354166666666666,0.0987552741207611,-0.5145833333333333,-0.32499999999999996,-0.175,16
526,0.10416666666666666,0.1340475661845451,-0.13541666666666666,0.11666666666666667,0.30833333333333335,16
527,0.26041666666666663,0.1111610130996175,0.07916666666666666,0.2833333333333333,0.4375,16
528,0.6104166666666667,0.09049919428738946,0.4625,0.6000000000000001,0.7958333333333334,16
529,0.7468750000000001,0.06698329756571991,0.61875,0.7583333333333333,0.8541666666666667,16
530,-0.08958333333333332,0.10767024632852126,-0.24375,-0.10833333333333334,0.15625,16
531,0.5875,0.09437293044088438,0.39791666666666664,0.5833333333333334,0.7541666666666667,16
532,-0.06041666666666667,0.10734727523323542,-0.25416666666666665,-0.04166666666666667,0.12708333333333333,16
533,0.2947916666666667,0.08051887934239743,0.16249999999999998,0.29166666666666663,0.4104166666666667,16
534,-0.44375,0.10911178645977916,-0.625,-0.43333333333333335,-0.24375,16
535,0.08645833333333333,0.06620117435598187,-0.04791666666666666,0.10833333333333334,0.16666666666666666,16
536,-0.20625,0.14189626003214853,-0.43125,-0.19166666666666665,0.002083333333333333,16
537,0.021875,0.09532815217564129,-0.1,0.025,0.2,16
538,0.15833333333333333,0.09842509842514763,0.010416666666666664,0.13333333333333333,0.34375,16
539,0.328125,0.12186609654088011,0.056249999999999994,0.3583333333333333,0.4666666666666667,16
540,-0.06979166666666667,0.10900731849793897,-0.25,-0.09166666666666667,0.13958333333333334,16
541,-0.090625,0.11755151796127516,-0.21666666666666667,-0.11666666666666667,0.15416666666666667,16
542,0.07395833333333332,0.10357645290905756,-0.07708333333333334,0.058333333333333334,0.2708333333333333,16
543,0.22708333333333333,0.09928127131203213,0.016666666666666666,0.2583333333333333,0.36041666666666666,16
544,0.7114583333333333,0.0665933842017692,0.5875,0.7,0.8166666666666667,16
545,0.55625,0.09997829625584857,0.3625,0.5583333333333333,0.7104166666666667,16
546,0.2677083333333333,0.11923785024293065,0.05208333333333333,0.2833333333333333,0.45416666666666666,16
547,-0.36874999999999997,0.10472765606297339,-0.5437500000000001,-0.3416666666666667,-0.19166666666666665,16
548,0.25625,0.10686098836026801,0.10625000000000001,0.275,0.43125,16
549,0.36875,0.08288944276699067,0.20208333333333334,0.38333333333333336,0.5,16
550,0.6427083333333332,0.10137402383418216,0.46875,0.6333333333333333,0.8270833333333334,16
551,0.7958333333333334,0.053845199930500354,0.6958333333333333,0.7916666666666667,0.8666666666666667,16
552,0.6135416666666667,0.06406885131117408,0.4895833333333333,0.625,0.6833333333333333,16
553,0.55,0.0927960727138337,0.3729166666666667,0.5666666666666667,0.6541666666666667,16
554,-0.5697916666666667,0.11934700078855029,-0.7875000000000001,-0.5666666666666667,-0.36041666666666666,16
555,-0.6739583333333333,0.08206720442214822,-0.7937500000000001,-0.6833333333333333,-0.5354166666666667,16
556,0.09479166666666666,0.08852941091649838,-0.0375,0.09166666666666667,0.22708333333333333,16
557,-0.20520833333333333,0.11736676104085952,-0.4395833333333333,-0.20833333333333331,-0.03958333333333333,16
558,-0.525,0.08122328620674135,-0.6666666666666666,-0.5083333333333333,-0.41250000000000003,16
559,0.42083333333333334,0.08769818824937163,0.24166666666666667,0.45833333333333337,0.5166666666666667,16
560,-0.6041666666666666,0.07441904624788229,-0.7270833333333333,-0.6,-0.47291666666666665,16
561,0.10416666666666666,0.11418491338370601,-0.10208333333333333,0.09166666666666667,0.26666666666666666,16
562,0.2,0.10290907529357057,0.018750000000000003,0.21666666666666667,0.34791666666666665,16
563,-0.29166666666666663,0.12555432644432804,-0.5395833333333333,-0.3,-0.10416666666666666,16
564,0.6760416666666667,0.06372923136642679,0.5395833333333333,0.6833333333333333,0.775,16
565,0.484375,0.08089532631397468,0.38333333333333336,0.4666666666666667,0.6270833333333333,16
566,0.5583333333333333,0.08599903100229286,0.40625,0.5583333333333333,0.6875,16
567,0.01666666666666667,0.09464847243000456,-0.1375,0.0,0.15,16
568,-0.16145833333333334,0.10184389436507445,-0.38958333333333334,-0.11666666666666667,-0.06666666666666667,16
569,0.384375,0.08729514710643047,0.23958333333333334,0.38333333333333336,0.5375000000000001,16
570,0.056249999999999994,0.11006232451560242,-0.09375,0.06666666666666667,0.2375,16
571,-0.321875,0.1344637949515697,-0.49375,-0.375,-0.1125,16
572,-0.3416666666666667,0.0768295371441074,-0.4708333333333333,-0.35,-0.22291666666666668,16
573,-0.6270833333333332,0.06343057228182636,-0.7333333333333333,-0.6333333333333333,-0.5395833333333333,16
574,0.6854166666666667,0.10049789245993614,0.48333333333333334,0.7083333333333333,0.8416666666666667,16
575,-0.7833333333333333,0.06535161308899218,-0.9083333333333333,-0.775,-0.6833333333333333,16
576,-0.17812499999999998,0.08833308765689106,-0.32916666666666666,-0.2,-0.029166666666666667,16
577,0.30833333333333335,0.08819171036881969,0.13125,0.32499999999999996,0.42708333333333337,16
578,0.375,0.10290907529357057,0.25625,0.36666666666666664,0.6020833333333333,16
579,-0.365625,0.10856845478775133,-0.4979166666666667,-0.375,-0.11458333333333333,16
580,-0.5395833333333333,0.10101481602000548,-0.7145833333333333,-0.5416666666666667,-0.37083333333333335,16
581,-0.7697916666666667,0.04866935994259861,-0.8479166666666667,-0.775,-0.6729166666666666,16
582,-0.08020833333333333,0.1074028550080904,-0.27708333333333335,-0.075,0.10416666666666667,16
583,0.017708333333333326,0.13208645501042954,-0.21041666666666667,0.03333333333333333,0.19791666666666666,16
584,-0.13333333333333333,0.1084934713857628,-0.34375,-0.13333333333333333,0.060416666666666674,16
585,-0.690625,0.06235225592907158,-0.7833333333333333,-0.7,-0.5750000000000001,16
586,0.6364583333333333,0.09339632361013406,0.50625,0.6416666666666666,0.8104166666666667,16
587,-0.3447916666666666,0.09960316225178575,-0.53125,-0.3333333333333333,-0.20208333333333334,16
588,0.5385416666666667,0.07899515412352837,0.39583333333333337,0.5333333333333333,0.65,16
589,-0.425,0.08878031563609382,-0.5604166666666667,-0.43333333333333335,-0.26875,16
590,-0.4125,0.09492321458245431,-0.5333333333333333,-0.45,-0.2625,16
591,-0.13958333333333334,0.10015179451434929,-0.33541666666666664,-0.11666666666666667,-0.0125,16
592,-0.484375,0.07805552466389265,-0.6104166666666667,-0.45833333333333337,-0.3625,16
593,0.09270833333333334,0.09519146458877263,-0.07083333333333333,0.075,0.2708333333333333,16
594,0.228125,0.09330333409250592,0.07916666666666666,0.23333333333333334,0.3770833333333333,16
595,0.8166666666666667,0.06718548123582123,0.6958333333333333,0.8,0.9375,16
596,-0.2708333333333333,0.08907315969346646,-0.4,-0.275,-0.09375,16
597,-0.06666666666666667,0.11829224638815325,-0.2520833333333333,-0.06666666666666668,0.17083333333333334,16
598,0.21875,0.11454544828242728,0.01666666666666667,0.2,0.4,16
599,-0.73125,0.09202109510565741,-0.84375,-0.7583333333333333,-0.5395833333333333,16
600,0.29374999999999996,0.10942954988890748,0.09375,0.32499999999999996,0.475,16
601,-0.19270833333333334,0.10589708545721799,-0.36041666666666666,-0.19166666666666665,-0.010416666666666664,16
602,-0.20833333333333331,0.10206207261596575,-0.37083333333333335,-0.20833333333333334,-0.016666666666666666,16
603,-0.7072916666666667,0.07816665556147753,-0.84375,-0.7083333333333333,-0.5791666666666666,16
604,-0.246875,0.12122332896811204,-0.44166666666666665,-0.24166666666666667,-0.018750000000000003,16
605,0.11979166666666669,0.09113839255342517,-0.025,0.10833333333333334,0.2604166666666667,16
606,-0.058333333333333334,0.1296362432175337,-0.24791666666666667,-0.058333333333333334,0.14375,16
607,-0.3145833333333333,0.06993920971497716,-0.45208333333333334,-0.3,-0.20625000000000002,16
608,-0.24375,0.14238482187368146,-0.4604166666666667,-0.29166666666666663,-0.029166666666666667,16
609,-0.2833333333333333,0.075,-0.4041666666666667,-0.275,-0.14375,16
610,0.8197916666666667,0.07665279539368847,0.6708333333333333,0.8166666666666667,0.9416666666666667,16
611,0.178125,0.09713227485982424,0.025,0.15833333333333333,0.37916666666666665,16
612,-0.5843750000000001,0.09473441494515072,-0.7375,-0.5833333333333334,-0.42291666666666666,16
613,0.26979166666666665,0.11565314972652786,0.08125,0.275,0.4791666666666667,16
614,0.725,0.0756912588524373,0.6124999999999999,0.725,0.8645833333333334,16
615,0.690625,0.05950278646603217,0.5958333333333333,0.6833333333333333,0.7937500000000001,16
616,0.2677083333333333,0.08384607880250308,0.15208333333333332,0.2583333333333333,0.4104166666666667,16
617,0.65625,0.10339295994731297,0.4604166666666667,0.6583333333333333,0.7937500000000001,16
618,0.28125,0.08454843286542928,0.14166666666666666,0.275,0.4104166666666667,16
619,-0.23854166666666665,0.12634261591886653,-0.47708333333333336,-0.20833333333333331,-0.06875,16
620,-0.2875,0.1346935822937051,-0.4666666666666667,-0.2833333333333333,-0.008333333333333331,16
621,0.38749999999999996,0.09437293044088438,0.21875,0.4083333333333333,0.5333333333333333,16
622,-0.05520833333333333,0.06737095432091719,-0.1875,-0.058333333333333334,0.0375,16
623,-0.23020833333333335,0.12979935771755147,-0.4479166666666667,-0.25,-0.0062500000000000056,16
624,-0.21666666666666667,0.13003738778606028,-0.39375000000000004,-0.225,0.05416666666666667,16
625,-0.16979166666666667,0.12236369258848348,-0.37083333333333335,-0.175,0.02916666666666666,16
626,-0.47604166666666664,0.09297713839374112,-0.625,-0.48333333333333334,-0.3333333333333333,16
627,0.46041666666666664,0.11162856937182346,0.2520833333333333,0.475,0.63125,16
628,0.43124999999999997,0.10322490951531246,0.2833333333333333,0.4,0.6041666666666667,16
629,-0.5260416666666667,0.07883015101046893,-0.6375000000000001,-0.5416666666666667,-0.36875,16
630,0.66875,0.0910728874766433,0.4979166666666667,0.675,0.8270833333333334,16
631,0.28541666666666665,0.12691245342098362,0.07291666666666666,0.3,0.4979166666666667,16
632,0.027083333333333334,0.0922095665680447,-0.1,0.008333333333333333,0.21875,16
633,0.24791666666666665,0.06741120703068097,0.14166666666666666,0.23333333333333334,0.35416666666666663,16
634,0.6083333333333334,0.08186201126828542,0.4791666666666667,0.6083333333333334,0.7375,16
635,0.35520833333333335,0.13013331172088277,0.12083333333333332,0.35,0.5875,16
636,-0.7822916666666667,0.07179947723037791,-0.8666666666666667,-0.7916666666666667,-0.6166666666666667,16
637,-0.325,0.10324593077803224,-0.4666666666666667,-0.3416666666666667,-0.10833333333333334,16
638,-0.140625,0.10307237714613725,-0.33958333333333335,-0.11666666666666667,0.027083333333333334,16
639,-0.36458333333333337,0.13253340773807437,-0.6083333333333334,-0.3666666666666667,-0.15,16
640,-0.20416666666666666,0.12534674130409437,-0.3854166666666667,-0.20833333333333334,0.0375,16
641,0.45625,0.09840304732182954,0.25416666666666665,0.4666666666666667,0.6104166666666667,16
642,0.7354166666666666,0.09553849573165082,0.5541666666666667,0.7416666666666667,0.8708333333333333,16
643,0.7895833333333333,0.06120179508986826,0.68125,0.7916666666666667,0.9020833333333333,16
644,0.11770833333333333,0.08322258265572445,-0.04583333333333333,0.13333333333333333,0.27291666666666664,16
645,0.12395833333333332,0.12104417668080251,-0.041666666666666664,0.1,0.35208333333333336,16
646,-0.18020833333333333,0.10804749952117253,-0.3333333333333333,-0.18333333333333335,0.004166666666666666,16
647,0.7072916666666667,0.07772117856300317,0.5854166666666667,0.7,0.84375,16
648,0.53125,0.12975337182516683,0.2875,0.5333333333333334,0.74375,16
649,0.03125000000000001,0.11530078418351426,-0.19791666666666666,0.058333333333333334,0.20625,16
650,0.12604166666666666,0.10800732196116253,-0.010416666666666666,0.13333333333333333,0.34375,16
651,0.0125,0.12589954108115106,-0.17083333333333334,0.008333333333333333,0.20416666666666666,16
652,0.596875,0.11105847277448039,0.42291666666666666,0.6,0.7604166666666667,16
653,0.5427083333333333,0.0861943761861011,0.4291666666666667,0.5333333333333333,0.7375,16
654,0.7333333333333334,0.06095307849303248,0.6291666666666667,0.7333333333333334,0.8520833333333333,16
655,0.30104166666666665,0.0848750613647299,0.16249999999999998,0.3,0.43333333333333335,16
656,0.3895833333333334,0.14359895446075582,0.13958333333333334,0.4083333333333333,0.5979166666666667,16
657,-0.459375,0.05650981662507851,-0.5541666666666667,-0.4666666666666667,-0.3729166666666667,16
658,-0.30104166666666665,0.07625540736746331,-0.42708333333333337,-0.3,-0.14791666666666667,16
659,0.3677083333333333,0.104991525782375,0.20625000000000002,0.35833333333333334,0.5437500000000001,16
660,0.5833333333333333,0.059511903571190405,0.47291666666666665,0.5916666666666667,0.6770833333333334,16
661,0.47395833333333337,0.07094813001607427,0.3458333333333333,0.475,0.5979166666666667,16
662,0.3458333333333333,0.1021470889344272,0.18541666666666667,0.32499999999999996,0.5520833333333334,16
663,-0.13229166666666664,0.09780024106707395,-0.27708333333333335,-0.15,0.05625000000000001,16
664,0.27708333333333335,0.09997829625584856,0.12291666666666667,0.2833333333333333,0.46458333333333335,16
665,0.26458333333333334,0.11987768650679835,0.058333333333333334,0.26666666666666666,0.43125,16
666,0.03958333333333333,0.11783271451982726,-0.11041666666666666,0.03333333333333333,0.2833333333333333,16
667,-0.22083333333333333,0.11718634258687693,-0.39375000000000004,-0.23333333333333334,-0.008333333333333335,16
668,0.6479166666666667,0.08953487061226789,0.5229166666666667,0.65,0.81875,16
669,0.22812500000000002,0.06737095432091719,0.11666666666666667,0.23333333333333334,0.32708333333333334,16
670,-0.578125,0.10047089649080805,-0.725,-0.5916666666666667,-0.35833333333333334,16
671,0.38125,0.10356073768030474,0.17708333333333331,0.4083333333333333,0.5208333333333334,16
672,0.15104166666666669,0.06080157561463537,0.07291666666666666,0.13333333333333333,0.2708333333333333,16
673,0.6864583333333333,0.09951597268501396,0.5416666666666667,0.65,0.875,16
674,-0.43437500000000007,0.11478675125592191,-0.625,-0.42500000000000004,-0.21666666666666667,16
675,-0.08125,0.1011865370381741,-0.24791666666666667,-0.08333333333333333,0.06666666666666667,16
676,0.4041666666666667,0.09709316831442538,0.23958333333333334,0.4,0.5645833333333333,16
677,-0.18854166666666666,0.08222571196610785,-0.3104166666666667,-0.18333333333333332,-0.04166666666666667,16
678,0.7520833333333333,0.06424643310462198,0.65625,0.7583333333333333,0.8770833333333333,16
679,0.20208333333333334,0.12553704079319025,-0.010416666666666666,0.21666666666666667,0.38333333333333336,16
680,0.5625,0.08260094833999586,0.37083333333333335,0.575,0.6666666666666666,16
681,-0.39687500000000003,0.06487668591258343,-0.5104166666666667,-0.4,-0.26666666666666666,16
682,0.03333333333333334,0.0770551750371122,-0.10833333333333334,0.03333333333333333,0.13333333333333333,16
683,-0.42916666666666664,0.09547032697824667,-0.5833333333333334,-0.45,-0.2625,16
684,-0.20625,0.09804955521458411,-0.3770833333333333,-0.21666666666666667,-0.035416666666666666,16
685,-0.6510416666666667,0.08280431039169665,-0.81875,-0.6166666666666667,-0.525,16
686,-0.24062499999999998,0.0719202755950411,-0.35416666666666663,-0.23333333333333334,-0.1125,16
687,0.5614583333333334,0.10012470522914024,0.39583333333333337,0.5833333333333334,0.7479166666666667,16
688,0.1,0.11410886614690961,-0.075,0.10833333333333334,0.2875,16
689,-0.16249999999999998,0.13775229379013781,-0.35833333333333334,-0.18333333333333332,0.07083333333333333,16
690,-0.24583333333333335,0.10582020916000245,-0.44375000000000003,-0.23333333333333334,-0.056249999999999994,16
691,0.05729166666666667,0.09334984043014392,-0.07708333333333334,0.03333333333333333,0.21041666666666667,16
692,0.39166666666666666,0.07021791477646966,0.2791666666666667,0.3833333333333333,0.5208333333333334,16
693,0.16875,0.1188595985466326,-0.0375,0.15833333333333333,0.3333333333333333,16
694,0.04479166666666667,0.11098028322134022,-0.125,0.058333333333333334,0.25416666666666665,16
695,0.19583333333333333,0.13584866989084254,-0.06458333333333333,0.24166666666666667,0.36458333333333337,16
696,0.7895833333333333,0.06505206248331664,0.6625,0.8,0.8833333333333333,16
697,0.20729166666666665,0.12147369828485506,-0.05,0.225,0.38125,16
698,0.04375,0.10942954988890746,-0.11666666666666667,0.05,0.23125,16
699,0.017708333333333336,0.05847267583619245,-0.07083333333333333,0.025,0.11041666666666666,16
700,0.384375,0.0926966284745867,0.225,0.4,0.53125,16
701,-0.2947916666666667,0.10552756847541468,-0.4604166666666667,-0.275,-0.15,16
702,0.36458333333333337,0.09517436483750352,0.25625,0.35833333333333334,0.5375000000000001,16
703,-0.46875,0.11116101309961751,-0.64375,-0.475,-0.23958333333333331,16
704,0.6958333333333333,0.054166666666666675,0.6229166666666667,0.6916666666666667,0.8083333333333333,16
705,-0.0020833333333333294,0.114848178769481,-0.1875,-0.025,0.225,16
706,-0.24791666666666667,0.12908263395549724,-0.46875,-0.25,-0.00625,16
707,-0.06458333333333333,0.09480883544152295,-0.20833333333333334,-0.09166666666666667,0.12083333333333333,16
708,0.37083333333333335,0.09437293044088439,0.19583333333333333,0.4,0.4979166666666667,16
709,0.46770833333333334,0.08405288307237165,0.3395833333333333,0.4666666666666667,0.625,16
710,0.5322916666666666,0.11732977474480494,0.32499999999999996,0.525,0.7416666666666667,16
711,-0.16041666666666668,0.10734727523323542,-0.31666666666666665,-0.18333333333333335,0.043750000000000004,16
712,0.24583333333333335,0.09270248108869578,0.1,0.24166666666666667,0.38125,16
713,-0.7124999999999999,0.05818433351570392,-0.8,-0.6916666666666667,-0.6166666666666667,16
714,0.05729166666666666,0.12303578267904197,-0.11875,0.03333333333333333,0.2895833333333333,16
715,0.058333333333333334,0.1489546910976623,-0.17708333333333331,0.06666666666666667,0.3416666666666667,16
716,0.44062500000000004,0.1209006637124508,0.22291666666666665,0.43333333333333335,0.625,16
717,-0.025,0.12104865871944959,-0.23125,0.03333333333333333,0.12083333333333333,16
718,0.5916666666666666,0.10137937550497032,0.39583333333333337,0.5916666666666667,0.7625,16
719,0.04166666666666667,0.11666666666666667,-0.21875,0.058333333333333334,0.20208333333333334,16
720,-0.6041666666666666,0.0734799670356183,-0.7,-0.6083333333333334,-0.48333333333333334,16
721,-0.13229166666666667,0.116736400290474,-0.30416666666666664,-0.14166666666666666,0.09375,16
722,0.7364583333333333,0.05658657023142113,0.6666666666666666,0.7333333333333333,0.84375,16
723,0.5166666666666666,0.12486103386476415,0.29791666666666666,0.5166666666666667,0.7041666666666667,16
724,0.5270833333333333,0.09662265521087691,0.3625,0.5166666666666667,0.6958333333333333,16
725,0.4520833333333333,0.11753767126613777,0.2520833333333333,0.44166666666666665,0.6270833333333333,16
726,-0.15104166666666666,0.0939985132122371,-0.2875,-0.15833333333333333,0.008333333333333331,16
727,-0.5010416666666666,0.09288372921442041,-0.6416666666666666,-0.5083333333333333,-0.3458333333333333,16
728,-0.23541666666666666,0.11021995055342748,-0.43125,-0.24166666666666667,-0.03958333333333333,16
729,-0.12916666666666668,0.08609990966571593,-0.3125,-0.1,-0.03958333333333333,16
730,-0.09375,0.09572004173050118,-0.27708333333333335,-0.06666666666666667,0.0375,16
731,0.5416666666666667,0.09391189724653871,0.3770833333333333,0.5583333333333333,0.7125,16
732,0.49583333333333335,0.0983368643433829,0.3458333333333333,0.5166666666666667,0.6645833333333333,16
733,-0.08854166666666666,0.1063469737201978,-0.2833333333333333,-0.075,0.06875,16
734,0.20104166666666665,0.10952370843033636,0.05625,0.16666666666666666,0.4041666666666667,16
735,0.1,0.13228756555322954,-0.08333333333333333,0.125,0.3416666666666667,16
736,-0.625,0.1010362971081845,-0.74375,-0.6583333333333333,-0.4375,16
737,-0.1625,0.08239049972202162,-0.3145833333333333,-0.16666666666666666,-0.035416666666666666,16
738,0.25520833333333337,0.08116314802434799,0.12291666666666667,0.2583333333333333,0.36041666666666666,16
739,0.6708333333333334,0.062777163222164,0.53125,0.6833333333333333,0.75,16
740,-0.33854166666666663,0.09623444138318325,-0.48125,-0.36666666666666664,-0.19583333333333333,16
741,0.1875,0.10532687216470447,0.05,0.18333333333333335,0.36458333333333337,16
742,0.11875000000000001,0.08141009867741635,-0.027083333333333334,0.11666666666666667,0.24375,16
743,0.18333333333333335,0.10391636594449938,-0.01458333333333333,0.19166666666666665,0.33749999999999997,16
744,-0.12916666666666665,0.16013232375479694,-0.3979166666666667,-0.15,0.15416666666666667,16
745,-0.3770833333333333,0.10254995395199142,-0.55,-0.3916666666666667,-0.20208333333333334,16
746,-0.675,0.10865337342004414,-0.85,-0.6833333333333333,-0.48750000000000004,16
747,-0.41875,0.10702332949201102,-0.575,-0.4166666666666667,-0.19583333333333333,16
748,-0.3416666666666667,0.11149240133549712,-0.5375000000000001,-0.3333333333333333,-0.14583333333333331,16
749,-0.7135416666666667,0.1039529056699341,-0.9,-0.7333333333333333,-0.55,16
750,0.3833333333333333,0.0768295371441074,0.2625,0.38333333333333336,0.5354166666666667,16
751,-0.17395833333333333,0.08935897292195488,-0.3104166666666667,-0.2,-0.025,16
752,0.6072916666666668,0.10154513740477954,0.4791666666666667,0.5916666666666667,0.8,16
753,-0.08229166666666665,0.1000813471215624,-0.3020833333333333,-0.08333333333333333,0.043750000000000004,16
754,0.17500000000000002,0.11303883305208781,-0.01458333333333333,0.14166666666666666,0.3770833333333333,16
755,-0.3677083333333333,0.1041614582031185,-0.5437500000000001,-0.3583333333333333,-0.19166666666666665,16
756,-0.5739583333333333,0.09390612000822948,-0.7375,-0.5833333333333334,-0.40208333333333335,16
757,-0.21875,0.11317314046284226,-0.3770833333333333,-0.21666666666666667,-0.018750000000000003,16
758,-0.153125,0.1041197811150429,-0.3145833333333333,-0.175,0.010416666666666666,16
759,-0.559375,0.07382617299741633,-0.64375,-0.5833333333333334,-0.41875,16
760,-0.2895833333333333,0.0906908285819955,-0.42083333333333334,-0.30833333333333335,-0.12291666666666667,16
761,0.3541666666666667,0.09061901321221479,0.17291666666666666,0.35,0.5041666666666667,16
762,0.6270833333333333,0.07968579791210531,0.48125,0.6166666666666667,0.7708333333333334,16
763,0.034375,0.09564633022814369,-0.13333333333333333,0.05,0.16041666666666665,16
764,0.515625,0.09269662847458668,0.38958333333333334,0.5,0.6770833333333334,16
765,0.13229166666666667,0.13937717985340672,-0.09375,0.16666666666666666,0.33541666666666664,16
766,0.2895833333333333,0.09662265521087693,0.12291666666666667,0.30833333333333335,0.41458333333333336,16
767,-0.2583333333333333,0.10524442450262574,-0.44375000000000003,-0.24166666666666667,-0.10208333333333333,16
768,0.184375,0.07959723918648881,0.03125,0.2,0.3,16
769,-0.43124999999999997,0.14152873186898993,-0.6354166666666666,-0.45833333333333337,-0.17291666666666666,16
770,0.8197916666666667,0.04831132760543845,0.75,0.8166666666666667,0.9104166666666667,16
771,-0.115625,0.10382757307457184,-0.3125,-0.11666666666666667,0.06041666666666667,16
772,-0.08854166666666666,0.07137507297135791,-0.20833333333333334,-0.1,0.03333333333333333,16
773,-0.11354166666666665,0.14544218376882426,-0.34375,-0.14166666666666666,0.20416666666666666,16
774,-0.6979166666666667,0.06893913378239291,-0.8083333333333333,-0.6916666666666667,-0.5645833333333333,16
775,0.09375,0.11900557293206435,-0.11458333333333333,0.06666666666666667,0.30416666666666664,16
776,-0.1,0.11071108546322019,-0.26666666666666666,-0.06666666666666667,0.05416666666666667,16
777,0.16979166666666667,0.1149001302460339,-0.016666666666666666,0.14166666666666666,0.3625,16
778,-0.5791666666666666,0.08196798155377501,-0.6833333333333333,-0.5916666666666667,-0.45,16
779,-0.16041666666666665,0.10942954988890746,-0.34375,-0.15833333333333333,0.03125,16
780,0.019791666666666666,0.0991664478288902,-0.11666666666666667,0.008333333333333331,0.2125,16
781,0.16354166666666667,0.0890183248144885,0.029166666666666667,0.15,0.32916666666666666,16
782,-0.06354166666666666,0.08940753098717256,-0.22708333333333333,-0.05,0.06041666666666667,16
783,-0.5697916666666667,0.06352458786870552,-0.6604166666666667,-0.6,-0.47291666666666665,16
784,0.31875,0.10049789245993615,0.13541666666666666,0.32499999999999996,0.5,16
785,-0.18229166666666666,0.09797759629119301,-0.3208333333333333,-0.19166666666666665,0.0062500000000000056,16
786,0.090625,0.10960293709314747,-0.05416666666666667,0.075,0.3125,16
787,0.19791666666666669,0.0987552741207611,0.029166666666666667,0.2,0.37083333333333335,16
788,-0.525,0.07772815877574012,-0.6604166666666667,-0.5083333333333333,-0.42291666666666666,16
789,0.684375,0.07058012340202052,0.55,0.6916666666666667,0.7875000000000001,16
790,-0.6125,0.07488416981504761,-0.75,-0.6166666666666667,-0.4916666666666667,16
791,-0.6697916666666666,0.09740001105122,-0.83125,-0.675,-0.5083333333333333,16
792,0.5604166666666668,0.08972856444732513,0.375,0.575,0.7166666666666667,16
793,-0.38958333333333334,0.12088720063670008,-0.5770833333333334,-0.39166666666666666,-0.20625000000000002,16
794,0.478125,0.10764504910687822,0.26875000000000004,0.4666666666666667,0.625,16
795,-0.625,0.09519716382329885,-0.7375,-0.65,-0.40208333333333335,16
796,-0.5385416666666667,0.10133120029279126,-0.71875,-0.525,-0.38541666666666663,16
797,-0.5114583333333333,0.06915129096167813,-0.6,-0.5166666666666667,-0.375,16
798,0.029166666666666674,0.14607123452465087,-0.19791666666666666,0.058333333333333334,0.2604166666666667,16
799,0.6364583333333333,0.08644578222151088,0.4625,0.6416666666666666,0.74375,16
800,0.11979166666666667,0.07222138754859563,0.03958333333333333,0.10833333333333334,0.2875,16
801,-0.26666666666666666,0.10051948401512349,-0.4104166666666667,-0.2833333333333333,-0.0625,16
802,-0.23645833333333333,0.09468858864427353,-0.43333333333333335,-0.23333333333333334,-0.12916666666666665,16
803,-0.16145833333333334,0.13264388806751207,-0.39375000000000004,-0.15833333333333333,0.06666666666666667,16
804,-0.140625,0.10606090198822352,-0.34791666666666665,-0.13333333333333333,0.020833333333333332,16
805,-0.32395833333333335,0.13293805339956904,-0.51875,-0.3333333333333333,-0.06041666666666666,16
806,-0.06041666666666666,0.10372824403753834,-0.24375,-0.06666666666666667,0.09791666666666667,16
807,0.46145833333333336,0.08614400693348062,0.29166666666666663,0.45833333333333337,0.5833333333333334,16
808,0.36250000000000004,0.11388041973930375,0.17083333333333334,0.3416666666666667,0.5437500000000001,16
809,-0.06041666666666667,0.07990337046152128,-0.18333333333333332,-0.058333333333333334,0.075,16
810,-0.16666666666666669,0.09166666666666666,-0.31666666666666665,-0.15833333333333333,-0.018750000000000003,16
811,0.32708333333333334,0.07770023416238132,0.21666666666666667,0.30833333333333335,0.4604166666666667,16
812,-0.11979166666666666,0.09704286531390822,-0.26458333333333334,-0.125,0.04583333333333333,16
813,0.3541666666666667,0.11996816707406642,0.12291666666666667,0.3583333333333333,0.5395833333333333,16
814,-0.02708333333333333,0.09258535851370404,-0.15,-0.025,0.13333333333333333,16
815,-0.20104166666666665,0.1188002452181345,-0.42916666666666664,-0.21666666666666667,-0.02291666666666667,16
816,0.21354166666666666,0.08400122973636887,0.04375,0.21666666666666667,0.34375,16
817,-0.6135416666666667,0.09208592567995032,-0.73125,-0.6333333333333333,-0.4125,16
818,-0.7135416666666667,0.057499622583302434,-0.8,-0.7083333333333333,-0.6291666666666667,16
819,0.4322916666666667,0.10366022722497445,0.28541666666666665,0.4166666666666667,0.6145833333333334,16
820,-0.4770833333333333,0.0783676786408501,-0.5875,-0.48333333333333334,-0.32708333333333334,16
821,0.5635416666666667,0.1082080605823799,0.38125,0.5833333333333334,0.7375,16
822,0.09375,0.09462554124313136,-0.10208333333333333,0.10833333333333334,0.24791666666666667,16
823,0.5125,0.059947894041408996,0.3875,0.5166666666666667,0.59375,16
824,0.5572916666666667,0.09482600110787709,0.41250000000000003,0.5416666666666667,0.7270833333333333,16
825,0.7083333333333333,0.08164965809277261,0.5520833333333334,0.725,0.8104166666666667,16
826,0.09479166666666666,0.07376735906814673,-0.025,0.08333333333333334,0.2,16
827,0.31562499999999993,0.09850774609982033,0.17291666666666666,0.35,0.49375,16
828,0.3895833333333334,0.10288798520721457,0.23541666666666666,0.4,0.5583333333333333,16
829,0.6104166666666666,0.08536583853561616,0.47291666666666665,0.6,0.7604166666666667,16
830,0.7124999999999999,0.06052432935972479,0.60625,0.725,0.8,16
831,-0.3572916666666667,0.11546535525381148,-0.5166666666666667,-0.375,-0.17291666666666666,16
832,0.028125,0.12370422133055929,-0.1875,0.058333333333333334,0.17708333333333331,16
833,-0.25312499999999993,0.10478462534328849,-0.4729166666666667,-0.2583333333333333,-0.09166666666666667,16
834,-0.47500000000000003,0.09912814377808599,-0.6854166666666667,-0.4666666666666667,-0.30416666666666664,16
835,-0.290625,0.1179937542485477,-0.5145833333333333,-0.29166666666666663,-0.1125,16
836,-0.34687500000000004,0.10072975913303873,-0.5145833333333333,-0.32499999999999996,-0.1875,16
837,-0.5697916666666667,0.10868832063136621,-0.6833333333333333,-0.6,-0.35624999999999996,16
838,-0.032291666666666656,0.11554050967085094,-0.22708333333333333,-0.016666666666666666,0.20416666666666666,16
839,-0.014583333333333332,0.07968579791210532,-0.16041666666666665,-0.008333333333333333,0.10833333333333334,16
840,0.30104166666666665,0.12436906741853279,0.02291666666666667,0.3333333333333333,0.45,16
841,0.48958333333333337,0.07634784250753623,0.35833333333333334,0.5,0.6104166666666667,16
842,0.2125,0.10129371484286014,0.008333333333333335,0.23333333333333334,0.36041666666666666,16
843,0.371875,0.11082373861978609,0.24166666666666667,0.3333333333333333,0.6229166666666667,16
844,-0.5833333333333334,0.06947221666888777,-0.6979166666666666,-0.5833333333333333,-0.45625,16
845,-0.3270833333333333,0.11530078418351428,-0.53125,-0.30833333333333335,-0.14791666666666667,16
846,-0.6885416666666666,0.07766531427649453,-0.8145833333333333,-0.6916666666666667,-0.55625,16
847,0.24166666666666667,0.08036375634160796,0.1125,0.23333333333333334,0.3770833333333333,16
848,0.14791666666666664,0.14066743186995662,-0.07708333333333334,0.15,0.425,16
849,0.005208333333333336,0.0778885310163755,-0.15416666666666667,0.016666666666666666,0.11666666666666667,16
850,0.421875,0.09855179651950655,0.20625,0.42500000000000004,0.56875,16
851,-0.07916666666666666,0.09061901321221477,-0.2375,-0.07500000000000001,0.06041666666666667,16
852,-0.14791666666666667,0.0951743648375035,-0.28125,-0.16666666666666669,0.041666666666666664,16
853,0.34895833333333337,0.0888719330616315,0.21666666666666667,0.36666666666666664,0.47708333333333336,16
854,0.359375,0.12527313908017154,0.09791666666666667,0.3583333333333333,0.5520833333333334,16
855,0.5479166666666666,0.10169996039549103,0.3416666666666667,0.575,0.6770833333333334,16
856,-0.58125,0.09145335028186652,-0.7541666666666667,-0.5583333333333333,-0.45208333333333334,16
857,-0.071875,0.1476339728197936,-0.2875,-0.125,0.20625,16
858,0.22916666666666666,0.09232716585900141,0.12291666666666667,0.225,0.42500000000000004,16
859,0.17083333333333334,0.12631255326020097,-0.05416666666666667,0.19166666666666665,0.36041666666666666,16
860,0.05729166666666667,0.06845739500269898,-0.08541666666666667,0.05,0.14375,16
861,-0.18645833333333334,0.11011653391596862,-0.35833333333333334,-0.20833333333333334,0.025,16
862,-0.4166666666666667,0.08720187306856815,-0.5708333333333334,-0.4166666666666667,-0.3,16
863,0.07395833333333333,0.10324067586362351,-0.11249999999999999,0.1,0.225,16
864,0.215625,0.1137230966353508,0.02291666666666667,0.26666666666666666,0.3875,16
865,0.2822916666666666,0.08709604173618403,0.11666666666666667,0.31666666666666665,0.3979166666666667,16
866,0.4947916666666667,0.09942870666127228,0.32708333333333334,0.475,0.6625,16
867,0.017708333333333333,0.13036657051688263,-0.1875,0.04166666666666667,0.24583333333333332,16
868,-0.13229166666666667,0.12753931175001168,-0.33749999999999997,-0.09166666666666667,0.09791666666666667,16
869,0.6239583333333334,0.06691846977645424,0.51875,0.625,0.74375,16
870,-0.31875,0.13892881370607676,-0.5770833333333333,-0.32499999999999996,-0.10833333333333334,16
871,0.02291666666666667,0.11332643974132622,-0.18333333333333335,0.016666666666666666,0.20833333333333334,16
872,-0.20520833333333333,0.08813632708921887,-0.33749999999999997,-0.19166666666666665,-0.03541666666666666,16
873,-0.3885416666666667,0.09977731281597926,-0.6041666666666667,-0.36666666666666664,-0.24791666666666667,16
874,-0.07083333333333333,0.1323531681189049,-0.26875,-0.08333333333333333,0.15,16
875,0.66875,0.0681794507164732,0.5541666666666667,0.65,0.8041666666666667,16
876,0.696875,0.07246137620599451,0.5958333333333333,0.6833333333333333,0.8416666666666667,16
877,-0.29583333333333334,0.1371206889325361,-0.49375,-0.2833333333333333,-0.08958333333333333,16
878,0.4395833333333333,0.09258535851370406,0.29791666666666666,0.44166666666666665,0.6145833333333334,16
879,0.225,0.1227576655221353,-0.033333333333333326,0.25,0.39166666666666666,16
880,-0.10208333333333333,0.10015179451434929,-0.2833333333333333,-0.11666666666666667,0.07916666666666666,16
881,0.1375,0.1193879065157867,-0.08541666666666667,0.15,0.33333333333333337,16
882,-0.30833333333333335,0.11118053386771945,-0.4604166666666667,-0.32499999999999996,-0.06458333333333333,16
883,0.7749999999999999,0.05590169943749476,0.7,0.75,0.8666666666666667,16
884,-0.22604166666666667,0.135011412840627,-0.5166666666666666,-0.225,-0.016666666666666666,16
885,-0.33645833333333336,0.09208592567995032,-0.5041666666666667,-0.3333333333333333,-0.20625000000000002,16
886,-0.075,0.0980716857994985,-0.24166666666666667,-0.08333333333333333,0.10625,16
887,-0.19374999999999998,0.12088720063670007,-0.4166666666666667,-0.19166666666666665,-0.00625,16
888,0.6708333333333333,0.08965597829729173,0.5208333333333334,0.6583333333333333,0.8333333333333334,16
889,-0.41145833333333337,0.09027711004026559,-0.5604166666666667,-0.42500000000000004,-0.25,16
890,0.034375,0.0936283933519457,-0.11041666666666666,0.03333333333333333,0.2,16
891,-0.42916666666666664,0.08239049972202164,-0.5916666666666667,-0.4,-0.31875,16
892,-0.3666666666666667,0.1210486587194496,-0.5166666666666667,-0.4,-0.13125,16
893,0.12708333333333333,0.1097463932588827,-0.0625,0.1,0.30833333333333335,16
894,0.159375,0.08719565125178103,0.0020833333333333363,0.15,0.29375,16
895,0.10729166666666667,0.12747123177625436,-0.10625,0.09166666666666667,0.2833333333333333,16
896,-0.10729166666666667,0.11872715423515286,-0.32916666666666666,-0.09166666666666667,0.05416666666666667,16
897,-0.45625,0.10238051979421348,-0.5979166666666667,-0.475,-0.2375,16
898,0.05520833333333333,0.0751661931803269,-0.08750000000000001,0.05,0.19583333333333333,16
899,-0.05625000000000001,0.07836767864085012,-0.17500000000000002,-0.08333333333333333,0.07083333333333333,16
900,0.5072916666666667,0.12963205809563894,0.25,0.5583333333333333,0.6645833333333333,16
901,0.6229166666666666,0.08777239347058706,0.4375,0.6333333333333333,0.7375,16
902,0.44895833333333335,0.08003227430577964,0.30624999999999997,0.43333333333333335,0.6083333333333333,16
903,0.5,0.10557382882766607,0.3145833333333333,0.5083333333333333,0.6708333333333334,16
904,-0.4322916666666667,0.124508582647052,-0.5770833333333334,-0.44166666666666665,-0.15625,16
905,0.6604166666666667,0.06792433494542126,0.5104166666666667,0.6666666666666666,0.7333333333333333,16
906,-0.21041666666666664,0.11069148190654358,-0.41875,-0.2,-0.025,16
907,0.74375,0.07702700644723397,0.5875,0.7333333333333333,0.8541666666666667,16
908,0.21354166666666666,0.09632460131993512,0.05,0.225,0.3770833333333333,16
909,-0.19687499999999997,0.08684651811289462,-0.3333333333333333,-0.175,-0.05625,16
910,-0.46145833333333336,0.12551543038164228,-0.59375,-0.5083333333333333,-0.20208333333333334,16
911,0.4197916666666667,0.10311447757764723,0.2791666666666667,0.42500000000000004,0.6229166666666667,16
912,-0.09166666666666666,0.13096861371251425,-0.35208333333333336,-0.1,0.12708333333333333,16
913,0.33333333333333337,0.09298297335175583,0.15625,0.31666666666666665,0.4708333333333333,16
914,0.390625,0.11086289549358803,0.19166666666666665,0.3833333333333333,0.6,16
915,0.5072916666666667,0.08290907628574543,0.38333333333333336,0.5,0.6645833333333333,16
916,0.6635416666666667,0.05144399260360727,0.56875,0.6666666666666666,0.74375,16
917,-0.6833333333333333,0.07569125885243728,-0.8166666666666667,-0.6666666666666667,-0.5729166666666666,16
918,0.14375000000000002,0.1184205957593526,-0.06666666666666667,0.15,0.3333333333333333,16
919,0.14791666666666667,0.08434284366665484,0.0125,0.13333333333333333,0.3125,16
920,-0.5760416666666667,0.04206837605480972,-0.6479166666666667,-0.5833333333333334,-0.49583333333333335,16
921,-0.328125,0.10303025951146585,-0.5,-0.32499999999999996,-0.1375,16
922,-0.5531250000000001,0.1086883206313662,-0.7541666666666667,-0.55,-0.38958333333333334,16
923,-0.6635416666666667,0.062143078076144394,-0.7604166666666667,-0.675,-0.5666666666666667,16
924,-0.3927083333333333,0.0920387807001906,-0.5979166666666667,-0.38333333333333336,-0.2583333333333333,16
925,-0.07916666666666666,0.10968705484240152,-0.22708333333333333,-0.05,0.11875,16
926,0.7354166666666666,0.07213870705491995,0.6333333333333333,0.725,0.8645833333333334,16
927,0.07604166666666666,0.0939061200082295,-0.11041666666666666,0.1,0.22291666666666665,16
928,0.3197916666666667,0.08998818402373107,0.16458333333333333,0.31666666666666665,0.4666666666666667,16
929,0.8177083333333333,0.07394366051633877,0.6854166666666667,0.825,0.93125,16
930,0.036458333333333336,0.12108002834443378,-0.17083333333333334,0.05,0.26041666666666663,16
931,-0.13854166666666667,0.11113660731780106,-0.31875,-0.13333333333333333,0.06875,16
932,-0.2947916666666667,0.08180234265526196,-0.44375000000000003,-0.2833333333333333,-0.16249999999999998,16
933,0.28020833333333334,0.11121468696724468,0.10416666666666666,0.275,0.4729166666666667,16
934,-0.33125,0.11797995945639808,-0.49375,-0.3333333333333333,-0.12291666666666667,16
935,-0.25520833333333337,0.09142368364136044,-0.41458333333333336,-0.2583333333333333,-0.11666666666666667,16
936,0.13020833333333331,0.08644578222151089,-0.004166666666666666,0.125,0.27708333333333335,16
937,0.41145833333333337,0.10115972484420645,0.21458333333333332,0.44166666666666665,0.55,16
938,-0.21145833333333333,0.08714586072594994,-0.31666666666666665,-0.21666666666666667,-0.05,16
939,-0.18854166666666666,0.09855179651950656,-0.375,-0.18333333333333335,-0.03958333333333333,16
940,-0.3020833333333333,0.08119656362460448,-0.44166666666666665,-0.31666666666666665,-0.18333333333333332,16
941,-0.55,0.09682458365518541,-0.7020833333333333,-0.55,-0.35833333333333334,16
942,-0.05416666666666667,0.09851325347947408,-0.21666666666666667,-0.05,0.11458333333333333,16
943,-0.3104166666666667,0.0953566040945484,-0.4708333333333333,-0.32499999999999996,-0.13958333333333334,16
944,0.5302083333333334,0.10995875963034707,0.35,0.5416666666666667,0.69375,16
945,0.6572916666666666,0.0812166063855033,0.5041666666666667,0.6666666666666666,0.7979166666666667,16
946,0.30937499999999996,0.10622446588605555,0.12083333333333332,0.31666666666666665,0.475,16
947,0.33125,0.10958808608197841,0.14791666666666667,0.32499999999999996,0.5041666666666667,16
948,-0.12708333333333333,0.07902948640996107,-0.23125,-0.13333333333333333,0.03333333333333333,16
949,-0.04791666666666666,0.11332643974132622,-0.2520833333333333,-0.058333333333333334,0.16875,16
950,0.7,0.09090593428863095,0.5104166666666667,0.725,0.8270833333333334,16
951,0.4427083333333333,0.09627953190522318,0.31666666666666665,0.44166666666666665,0.6333333333333333,16
952,0.24583333333333335,0.09939050368230469,0.12291666666666667,0.20833333333333334,0.4166666666666667,16
953,0.5822916666666667,0.08301370996206991,0.44583333333333336,0.6083333333333334,0.7145833333333333,16
954,-0.459375,0.10205675674457926,-0.5979166666666667,-0.475,-0.25625,16
955,0.21354166666666666,0.07954269250255208,0.08958333333333333,0.2,0.36875,16
956,-0.36979166666666663,0.09828719786365307,-0.58125,-0.36666666666666664,-0.23958333333333334,16
957,-0.029166666666666667,0.1343063455107183,-0.23125,-0.08333333333333333,0.15833333333333333,16
958,0.421875,0.06990041279086509,0.30624999999999997,0.44166666666666665,0.5104166666666667,16
959,0.48125,0.07380412326632646,0.3416666666666667,0.48333333333333334,0.59375,16
960,0.0072916666666666685,0.12232821713870162,-0.21041666666666667,0.0,0.19375,16
961,0.7093750000000001,0.06480975095959285,0.6,0.725,0.8041666666666667,16
962,0.37083333333333335,0.09583333333333335,0.22916666666666669,0.36666666666666664,0.525,16
963,-0.221875,0.11452176376130434,-0.4354166666666667,-0.21666666666666667,-0.058333333333333334,16
964,0.10729166666666666,0.09681898021852717,-0.06458333333333333,0.13333333333333333,0.24583333333333332,16
965,0.47708333333333336,0.07968579791210532,0.30416666666666664,0.4916666666666667,0.58125,16
966,0.5510416666666667,0.10315656082705872,0.36666666666666664,0.5833333333333334,0.69375,16
967,0.25104166666666666,0.09636964965693295,0.15625,0.2,0.4395833333333333,16
968,0.20416666666666666,0.12011279421166313,-0.07291666666666667,0.25,0.33749999999999997,16
969,-0.259375,0.10687621831664268,-0.43333333333333335,-0.26666666666666666,-0.08958333333333333,16
970,-0.58125,0.09011470314117569,-0.74375,-0.5666666666666667,-0.42083333333333334,16
971,-0.49687500000000007,0.08212007426459271,-0.6270833333333333,-0.5,-0.37916666666666665,16
972,0.4666666666666667,0.10960788698304921,0.29166666666666663,0.4666666666666667,0.6479166666666667,16
973,0.09999999999999999,0.10172129679778086,-0.0625,0.08333333333333333,0.3020833333333333,16
974,0.47708333333333336,0.09126331714087296,0.26875,0.4916666666666667,0.5770833333333334,16
975,0.22812499999999997,0.09925394443603293,0.05625,0.25,0.37083333333333335,16
976,-0.08541666666666667,0.07213870705491994,-0.21458333333333332,-0.08333333333333334,0.020833333333333332,16
977,0.6760416666666667,0.08955304720604927,0.525,0.7,0.8208333333333334,16
978,0.19791666666666666,0.13474190864183438,-0.05625000000000001,0.2,0.4125,16
979,-0.234375,0.11357033277274092,-0.39375000000000004,-0.21666666666666667,-0.04166666666666667,16
980,0.759375,0.08248921436230988,0.58125,0.775,0.8645833333333334,16
981,0.3072916666666667,0.12485668868079648,0.035416666666666666,0.32499999999999996,0.4666666666666667,16
982,0.43229166666666663,0.08024890748650589,0.30624999999999997,0.44166666666666665,0.5541666666666667,16
983,0.03020833333333333,0.11322586050064319,-0.15,0.016666666666666666,0.24375,16
984,0.5791666666666667,0.07204840194079408,0.4625,0.575,0.7,16
985,-0.15208333333333332,0.1342255305653718,-0.4125,-0.13333333333333333,0.08125,16
986,-0.365625,0.11493789838913497,-0.5375000000000001,-0.3833333333333333,-0.15625,16
987,0.055208333333333345,0.11707054348886306,-0.13541666666666666,0.05,0.2625,16
988,-0.24270833333333333,0.11226344728905407,-0.4354166666666667,-0.2,-0.08958333333333333,16
989,0.23541666666666666,0.10135796712641783,0.06458333333333333,0.2583333333333333,0.36666666666666664,16
990,0.36041666666666666,0.1184205957593526,0.14375,0.375,0.5520833333333334,16
991,-0.275,0.07949493345141213,-0.3875,-0.2833333333333333,-0.13958333333333334,16
992,-0.4291666666666667,0.1021470889344272,-0.6125,-0.4166666666666667,-0.24166666666666667,16
993,0.6375,0.08281086214313245,0.4604166666666667,0.6666666666666666,0.74375,16
994,0.5208333333333334,0.10873323625583241,0.35624999999999996,0.5333333333333333,0.7041666666666667,16
995,0.5395833333333333,0.0989309172548647,0.3541666666666667,0.5916666666666667,0.6604166666666667,16
996,-0.3875,0.10026007846263306,-0.5375000000000001,-0.375,-0.23958333333333334,16
997,0.08541666666666665,0.10067049523624641,-0.10208333333333333,0.09166666666666667,0.24791666666666667,16
998,-0.39479166666666665,0.11253375265275353,-0.5770833333333334,-0.4083333333333333,-0.2,16
999,0.34479166666666666,0.08051887934239745,0.20833333333333331,0.3333333333333333,0.4604166666666667,16
1000,0.03020833333333333,0.14058641445941905,-0.16666666666666666,0.025,0.25625,16
1001,0.478125,0.10569195773830455,0.2875,0.45,0.6520833333333333,16
1002,0.184375,0.05906351042639515,0.06875,0.18333333333333332,0.3020833333333333,16
1003,0.5145833333333334,0.12288135085882189,0.29583333333333334,0.5333333333333333,0.7083333333333333,16
1004,0.2916666666666667,0.11636866703140783,0.12291666666666667,0.3,0.525,16
1005,0.6177083333333333,0.07738538792232605,0.4895833333333333,0.6333333333333333,0.74375,16
1006,-0.575,0.08994597143717875,-0.7375,-0.575,-0.41250000000000003,16
1007,0.05937500000000001,0.09222721602108566,-0.06666666666666667,0.04166666666666667,0.22708333333333333,16
1008,-0.27812499999999996,0.11206997287161465,-0.4791666666666667,-0.275,-0.10625000000000001,16
1009,0.3458333333333333,0.10499669306961794,0.175,0.3583333333333333,0.48333333333333334,16
1010,-0.06145833333333334,0.0989034935766511,-0.23541666666666666,-0.075,0.06041666666666667,16
1011,0.027083333333333334,0.13512789723484603,-0.16666666666666666,0.04166666666666667,0.25416666666666665,16
1012,-0.125,0.11989578808281798,-0.3416666666666667,-0.125,0.06666666666666667,16
1013,-0.029166666666666664,0.15882598793788263,-0.24375,-0.008333333333333333,0.27708333333333335,16
1014,-0.32083333333333336,0.10631125685144228,-0.5208333333333334,-0.3416666666666667,-0.14583333333333331,16
1015,-0.049999999999999996,0.10960788698304921,-0.19791666666666666,-0.05,0.1375,16
1016,0.103125,0.1105885062216383,-0.09583333333333333,0.11666666666666667,0.30624999999999997,16
1017,-0.5552083333333333,0.10569195773830455,-0.7208333333333333,-0.5833333333333334,-0.36875,16
1018,-0.3625,0.11094605796411958,-0.5770833333333334,-0.3666666666666667,-0.19791666666666666,16
1019,-0.059375000000000004,0.10687621831664267,-0.22083333333333333,-0.06666666666666667,0.11875,16
1020,0.3520833333333333,0.10032499273195422,0.21250000000000002,0.31666666666666665,0.5520833333333334,16
1021,0.0375,0.13378828631668602,-0.15833333333333333,0.03333333333333333,0.29791666666666666,16
1022,-0.7395833333333333,0.06343057228182637,-0.8583333333333333,-0.7416666666666667,-0.65,16
1023,0.8427083333333334,0.059210297879676306,0.7395833333333333,0.8416666666666667,0.9333333333333333,16
1024,-0.16875,0.10406244786451814,-0.32708333333333334,-0.14166666666666666,-0.0020833333333333363,16
1025,-0.6781250000000001,0.08654614015078893,-0.7937500000000001,-0.7083333333333333,-0.5229166666666667,16
1026,-0.6583333333333333,0.06821127309893707,-0.775,-0.6666666666666666,-0.5291666666666667,16
1027,0.23958333333333331,0.10015179451434929,0.008333333333333335,0.2583333333333333,0.34375,16
1028,-0.54375,0.08372304707254216,-0.6770833333333334,-0.5333333333333333,-0.38541666666666663,16
1029,0.45208333333333334,0.10049789245993614,0.2791666666666667,0.44166666666666665,0.6395833333333334,16
1030,-0.3260416666666667,0.13667285936172957,-0.56875,-0.3416666666666667,-0.11666666666666667,16
1031,0.14166666666666666,0.08291561975888499,0.02291666666666667,0.13333333333333333,0.26458333333333334,16
1032,0.709375,0.09032517452392648,0.5416666666666667,0.7166666666666667,0.86875,16
1033,0.4114583333333333,0.11721874583444407,0.22291666666666665,0.38333333333333336,0.6,16
1034,0.5010416666666666,0.09564633022814369,0.3458333333333333,0.5083333333333333,0.6604166666666667,16
1035,-0.4802083333333333,0.09018090422096638,-0.6083333333333333,-0.5083333333333333,-0.31875,16
1036,0.278125,0.10876815780722673,0.07083333333333333,0.2833333333333333,0.4479166666666667,16
1037,-0.26458333333333334,0.10604555493853678,-0.4375,-0.25,-0.10208333333333333,16
1038,0.4458333333333333,0.07648983229452426,0.32916666666666666,0.45,0.5854166666666667,16
1039,-0.625,0.07660323462854264,-0.7104166666666667,-0.65,-0.4666666666666667,16
1040,0.03958333333333333,0.09553849573165085,-0.10833333333333334,0.04166666666666667,0.21666666666666667,16
1041,0.246875,0.1000379702218668,0.07291666666666666,0.26666666666666666,0.4270833333333333,16
1042,0.18541666666666667,0.09804955521458411,0.0125,0.175,0.3625,16
1043,0.7583333333333333,0.06718548123582127,0.65625,0.7333333333333333,0.8666666666666667,16
1044,-0.3541666666666667,0.09709316831442537,-0.48125,-0.3916666666666667,-0.20625000000000002,16
1045,0.6083333333333334,0.0885845484394554,0.4895833333333333,0.625,0.74375,16
1046,-0.19895833333333332,0.1063061534620122,-0.37083333333333335,-0.18333333333333335,-0.00625,16
1047,-0.278125,0.09274343904617248,-0.37083333333333335,-0.3333333333333333,-0.09166666666666667,16
1048,0.5,0.06947221666888777,0.38333333333333336,0.48333333333333334,0.6,16
1049,0.34791666666666665,0.07990337046152128,0.20625000000000002,0.375,0.4604166666666667,16
1050,-0.05416666666666667,0.1021470889344272,-0.2520833333333333,-0.05,0.06666666666666667,16
1051,-0.03125,0.09126331714087295,-0.16041666666666665,-0.04166666666666667,0.14583333333333331,16
1052,0.21458333333333335,0.14079079732394129,0.02291666666666667,0.20833333333333331,0.49583333333333335,16
1053,-0.7385416666666667,0.07766531427649455,-0.84375,-0.75,-0.6124999999999999,16
1054,0.371875,0.07562672174348606,0.22291666666666668,0.4,0.4875,16
1055,0.796875,0.06952686081652185,0.65625,0.8083333333333333,0.9,16
1056,-0.11458333333333333,0.1249826376830887,-0.34375,-0.10833333333333334,0.08750000000000001,16
1057,0.45625000000000004,0.11812702085279031,0.24791666666666667,0.45833333333333337,0.6104166666666667,16
1058,-0.41874999999999996,0.09277268365921801,-0.6041666666666667,-0.3916666666666667,-0.3,16
1059,-0.615625,0.077832786846761,-0.7208333333333333,-0.625,-0.4625,16
1060,-0.56875,0.06370368688091939,-0.65,-0.5833333333333334,-0.44166666666666665,16
1061,-0.25,0.08014743359029727,-0.38333333333333336,-0.25,-0.13541666666666666,16
1062,-0.14375,0.1245652160739729,-0.3958333333333333,-0.09166666666666667,0.020833333333333332,16
1063,0.7552083333333333,0.08243658126436075,0.5958333333333333,0.7666666666666667,0.8916666666666666,16
1064,-0.6875,0.07716774657271722,-0.8166666666666667,-0.6666666666666667,-0.6,16
1065,-0.2520833333333333,0.12786643965047628,-0.5,-0.25,-0.07916666666666666,16
1066,0.5291666666666667,0.0876981882493716,0.38958333333333334,0.5166666666666667,0.6875,16
1067,0.5989583333333333,0.06467567323448077,0.5,0.6,0.7104166666666667,16
1068,-0.5552083333333333,0.08793912627809962,-0.6875,-0.5666666666666667,-0.4291666666666667,16
1069,0.259375,0.09964672842653247,0.12291666666666667,0.25,0.4104166666666667,16
1070,0.03645833333333333,0.07246137620599451,-0.08125,0.025,0.16041666666666665,16
1071,-0.002083333333333331,0.09314620377545066,-0.1375,-0.025,0.18125,16
1072,0.41770833333333335,0.09868382979946051,0.2833333333333333,0.3916666666666667,0.60625,16
1073,0.23854166666666668,0.11557806855349138,0.07916666666666666,0.225,0.45208333333333334,16
1074,0.20625000000000002,0.09069082858199548,0.06666666666666667,0.21666666666666667,0.36666666666666664,16
1075,0.153125,0.14107951240149808,-0.09166666666666666,0.13333333333333333,0.39166666666666666,16
1076,-0.15104166666666666,0.11125370624288333,-0.3104166666666667,-0.16666666666666666,0.0625,16
1077,0.3572916666666667,0.09627953190522318,0.16875,0.375,0.5,16
1078,0.7229166666666667,0.06397563555326703,0.61875,0.725,0.84375,16
1079,0.26145833333333335,0.08774148225516443,0.10833333333333334,0.26666666666666666,0.4395833333333333,16
1080,0.6489583333333333,0.06807592523956044,0.5354166666666667,0.6499999999999999,0.7541666666666667,16
1081,0.1479166666666667,0.10879309490955758,-0.043750000000000004,0.15833333333333333,0.35000000000000003,16
1082,0.5770833333333333,0.09698134843589484,0.36041666666666666,0.6166666666666667,0.6770833333333334,16
1083,0.5510416666666667,0.06249131884154434,0.45625,0.55,0.6645833333333333,16
1084,0.27708333333333335,0.09370369226687093,0.12916666666666665,0.26666666666666666,0.42083333333333334,16
1085,-0.051041666666666666,0.08405288307237163,-0.18333333333333332,-0.06666666666666667,0.09166666666666667,16
1086,0.27083333333333337,0.13507970897872773,0.07500000000000001,0.275,0.54375,16
1087,0.415625,0.07805552466389266,0.3125,0.4,0.5541666666666667,16
1088,0.009374999999999998,0.13056617495226955,-0.22083333333333333,0.0,0.27499999999999997,16
1089,-0.7708333333333334,0.0638737904864829,-0.8541666666666667,-0.775,-0.6395833333333333,16
1090,0.6375,0.06757197808427855,0.5083333333333333,0.6333333333333333,0.7375,16
1091,0.36770833333333336,0.08046495743489833,0.23541666666666666,0.35,0.49375,16
1092,-0.4125,0.11296201426438299,-0.6208333333333333,-0.3916666666666667,-0.23125,16
1093,0.6520833333333333,0.09011470314117571,0.4895833333333333,0.6583333333333333,0.7604166666666667,16
1094,-0.010416666666666663,0.11162856937182344,-0.16041666666666665,-0.016666666666666666,0.21458333333333332,16
1095,0.5083333333333333,0.11726039399558574,0.32499999999999996,0.525,0.7416666666666667,16
1096,0.33854166666666663,0.08734485253229803,0.20208333333333334,0.3333333333333333,0.49375,16
1097,0.27812499999999996,0.11452176376130434,0.10625000000000001,0.30833333333333335,0.45833333333333337,16
1098,0.19166666666666665,0.09335565209336699,0.05208333333333333,0.15833333333333333,0.34791666666666665,16
1099,0.84375,0.06005639710583157,0.7229166666666667,0.8583333333333334,0.9270833333333334,16
1100,0.5239583333333333,0.05950278646603217,0.4395833333333333,0.5166666666666667,0.63125,16
1101,0.5385416666666667,0.08348293862620473,0.3833333333333333,0.5333333333333333,0.6749999999999999,16
1102,0.23854166666666665,0.11482455669169572,0.014583333333333334,0.24166666666666667,0.39375000000000004,16
1103,-0.15,0.07861650943380503,-0.2604166666666667,-0.15,-0.008333333333333335,16
1104,-0.2489583333333333,0.10382757307457184,-0.41458333333333336,-0.25,-0.06875,16
1105,-0.090625,0.09013276280329786,-0.2520833333333333,-0.075,0.03125,16
1106,-0.06666666666666667,0.09753916592266355,-0.24375,-0.06666666666666668,0.09791666666666667,16
1107,-0.47500000000000003,0.09279607271383372,-0.6333333333333333,-0.48333333333333334,-0.29583333333333334,16
1108,0.3552083333333333,0.09293044554037895,0.22291666666666668,0.35,0.5375000000000001,16
1109,0.2791666666666667,0.09270248108869579,0.16249999999999998,0.2583333333333333,0.45208333333333334,16
1110,-0.54375,0.07657489978953794,-0.6729166666666666,-0.5583333333333333,-0.42291666666666666,16
1111,0.60625,0.07902948640996106,0.49583333333333335,0.6000000000000001,0.75,16
1112,0.33958333333333335,0.12188835396925062,0.15833333333333333,0.3416666666666667,0.5354166666666667,16
1113,-0.15312499999999998,0.13530043088335758,-0.36666666666666664,-0.18333333333333335,0.027083333333333334,16
1114,-0.18645833333333334,0.10659156698715792,-0.32708333333333334,-0.19166666666666665,0.01458333333333333,16
1115,-0.37604166666666666,0.12061312549497533,-0.5270833333333333,-0.4,-0.125,16
1116,0.7895833333333333,0.07067998105703073,0.7,0.7666666666666667,0.9249999999999999,16
1117,-0.0625,0.08829008375173787,-0.16041666666666665,-0.08333333333333333,0.09375,16
1118,0.42812500000000003,0.08694641349385519,0.275,0.45,0.5625,16
1119,-0.3458333333333333,0.12154960121512351,-0.5916666666666667,-0.3416666666666667,-0.18958333333333333,16
1120,0.42291666666666666,0.08162307510066555,0.3333333333333333,0.4166666666666667,0.6166666666666667,16
1121,0.06458333333333333,0.1203113726498409,-0.10416666666666667,0.058333333333333334,0.30624999999999997,16
1122,-0.35208333333333336,0.07261843774138907,-0.43333333333333335,-0.3666666666666667,-0.20416666666666666,16
1123,-0.6677083333333333,0.04544102939830674,-0.75,-0.6666666666666666,-0.5791666666666666,16
1124,0.14375,0.10288798520721455,-0.03333333333333333,0.18333333333333332,0.2875,16
1125,0.384375,0.11187616386731657,0.13333333333333333,0.4083333333333333,0.5208333333333334,16
1126,-0.37083333333333335,0.10180659769058846,-0.5770833333333333,-0.3833333333333333,-0.21666666666666667,16
1127,0.290625,0.1452928974233313,0.08333333333333333,0.29166666666666663,0.5770833333333333,16
1128,0.6697916666666667,0.0846189887902762,0.5395833333333333,0.6833333333333333,0.8,16
1129,0.41875,0.10204080746882048,0.23125,0.43333333333333335,0.5854166666666667,16
1130,0.5197916666666667,0.09432117670491606,0.36875,0.5,0.6833333333333333,16
1131,0.14375000000000002,0.11827389939364383,0.00625,0.125,0.40208333333333335,16
1132,-0.14270833333333333,0.10507417188454174,-0.2875,-0.125,0.04583333333333333,16
1133,0.06458333333333334,0.13474190864183438,-0.13333333333333333,0.06666666666666667,0.2875,16
1134,0.609375,0.07992373752174284,0.4895833333333333,0.6000000000000001,0.7729166666666667,16
1135,0.41666666666666663,0.09409658158863513,0.25,0.4166666666666667,0.5875,16
1136,0.09062500000000001,0.09645968321589653,-0.08333333333333333,0.11666666666666667,0.21041666666666667,16
1137,0.7104166666666667,0.06944097213541235,0.5958333333333333,0.7166666666666667,0.8208333333333334,16
1138,0.5770833333333333,0.08757437315409874,0.4083333333333333,0.575,0.7,16
1139,0.60625,0.10456175076108003,0.41875,0.6333333333333333,0.7708333333333334,16
1140,0.30625,0.0883637919185354,0.11041666666666666,0.32499999999999996,0.42708333333333337,16
1141,0.359375,0.12568820963665076,0.16666666666666669,0.3583333333333333,0.60625,16
1142,-0.6989583333333333,0.06756394861742301,-0.7937500000000001,-0.7083333333333333,-0.5729166666666666,16
1143,-0.08437499999999999,0.1014596166927731,-0.28125,-0.04166666666666667,0.016666666666666666,16
1144,-0.12604166666666666,0.11410411151176318,-0.27708333333333335,-0.13333333333333333,0.09999999999999999,16
1145,0.6927083333333333,0.07838844470895495,0.5520833333333334,0.7083333333333333,0.8208333333333334,16
1146,0.25729166666666664,0.07167847528682822,0.12083333333333332,0.25,0.3770833333333333,16
1147,0.08229166666666667,0.1110975469151122,-0.12083333333333333,0.08333333333333333,0.2583333333333333,16
1148,-0.34062499999999996,0.10944442241257535,-0.5145833333333333,-0.35,-0.10625000000000001,16
1149,0.6843750000000001,0.07981505314371051,0.5458333333333333,0.7,0.7979166666666667,16
1150,-0.5125,0.10968705484240153,-0.7291666666666667,-0.5083333333333333,-0.3125,16
1151,-0.14791666666666667,0.11193918860008073,-0.30416666666666664,-0.175,0.03333333333333333,16
1152,0.3302083333333333,0.09487176103386438,0.16249999999999998,0.3333333333333333,0.5,16
1153,-0.6635416666666667,0.06433925652784275,-0.7604166666666667,-0.6583333333333333,-0.5729166666666666,16
1154,0.4708333333333333,0.14246100831065633,0.19583333333333333,0.4916666666666667,0.6833333333333333,16
1155,-0.34375,0.10135796712641784,-0.4708333333333333,-0.375,-0.17916666666666667,16
1156,0.7635416666666666,0.10995875963034706,0.5416666666666667,0.7833333333333333,0.9041666666666667,16
1157,0.04479166666666667,0.09569169787221181,-0.09166666666666667,0.03333333333333333,0.24791666666666667,16
1158,0.17083333333333334,0.07534642216677136,0.03958333333333333,0.18333333333333332,0.29166666666666663,16
1159,0.36041666666666666,0.10472765606297339,0.14583333333333331,0.3583333333333333,0.5104166666666667,16
1160,-0.4395833333333333,0.10084280258567457,-0.5770833333333334,-0.45833333333333337,-0.2375,16
1161,0.6270833333333333,0.08475352336169995,0.46458333333333335,0.6166666666666667,0.7854166666666667,16
1162,0.15312499999999998,0.10980075863682465,-0.027083333333333334,0.15,0.3625,16
1163,-0.11979166666666666,0.08523227047636099,-0.21666666666666667,-0.13333333333333333,0.05,16
1164,0.16041666666666665,0.08076779989575053,0.025,0.16666666666666666,0.29375,16
1165,0.5854166666666667,0.07213870705491994,0.45208333333333334,0.6000000000000001,0.6916666666666667,16
1166,0.59375,0.12344519139187957,0.3729166666666667,0.5833333333333334,0.7708333333333334,16
1167,-0.15416666666666667,0.10231690964840563,-0.30416666666666664,-0.19166666666666665,0.03125,16
1168,-0.34791666666666665,0.10653556396287997,-0.525,-0.35,-0.17291666666666666,16
1169,-0.6885416666666666,0.07766531427649453,-0.7937500000000001,-0.7,-0.5520833333333334,16
1170,0.3895833333333334,0.11286591725484615,0.17291666666666666,0.3833333333333333,0.5541666666666667,16
1171,0.209375,0.09537367117175356,0.008333333333333335,0.24166666666666667,0.35416666666666663,16
1172,0.45625,0.10322490951531246,0.26458333333333334,0.48333333333333334,0.6208333333333333,16
1173,-0.7333333333333334,0.07971302695712079,-0.8979166666666667,-0.7083333333333333,-0.6395833333333333,16
1174,-0.3885416666666667,0.08073420683191096,-0.5208333333333334,-0.3833333333333333,-0.26875,16
1175,0.7208333333333333,0.07580585582775105,0.5791666666666666,0.7333333333333333,0.8520833333333333,16
1176,0.575,0.08897565210026093,0.4395833333333333,0.5583333333333333,0.7145833333333333,16
1177,0.7083333333333333,0.082915619758885,0.5645833333333333,0.7,0.84375,16
1178,0.13958333333333334,0.09572004173050118,0.00625,0.15,0.30833333333333335,16
1179,-0.6729166666666666,0.05617278651130318,-0.7583333333333333,-0.6833333333333333,-0.5583333333333333,16
1180,0.38541666666666663,0.06063180087856354,0.26458333333333334,0.4,0.47708333333333336,16
1181,0.296875,0.0979332875964268,0.10833333333333334,0.3333333333333333,0.4375,16
1182,0.35,0.06972166887783963,0.225,0.35,0.475,16
1183,0.6958333333333333,0.08175590362645244,0.5520833333333334,0.7,0.8208333333333334,16
1184,0.22291666666666665,0.11162856937182346,-0.010416666666666666,0.24166666666666667,0.38333333333333336,16
1185,-0.5125000000000001,0.10316182002616624,-0.6333333333333333,-0.5333333333333334,-0.3145833333333333,16
1186,-0.46770833333333334,0.07783278684676102,-0.5770833333333334,-0.48333333333333334,-0.3395833333333333,16
1187,0.3052083333333333,0.08634530764771053,0.18958333333333333,0.2833333333333333,0.4708333333333333,16
1188,0.4979166666666667,0.1092707836828613,0.37916666666666665,0.4666666666666667,0.7229166666666667,16
1189,-0.19583333333333333,0.0956520023604083,-0.35416666666666663,-0.19166666666666665,-0.02291666666666667,16
1190,-0.3614583333333333,0.09872780165406524,-0.53125,-0.35833333333333334,-0.19374999999999998,16
1191,-0.44687499999999997,0.0899881840237311,-0.55,-0.45833333333333337,-0.28541666666666665,16
1192,-0.025,0.08374896350934075,-0.2,-0.008333333333333333,0.07708333333333334,16
1193,0.4541666666666666,0.10857345183996153,0.20625,0.48333333333333334,0.5875,16
1194,-0.32395833333333335,0.10051408656114934,-0.5020833333333333,-0.32499999999999996,-0.14583333333333331,16
1195,0.121875,0.09441316373319512,-0.025,0.10833333333333334,0.2708333333333333,16
1196,0.4635416666666667,0.060443600318350034,0.3729166666666667,0.4666666666666667,0.5854166666666667,16
1197,-0.24687499999999998,0.11429414263936129,-0.43125,-0.21666666666666667,-0.07916666666666666,16
1198,0.06354166666666666,0.10277719125208018,-0.08125,0.058333333333333334,0.23125,16
1199,0.7229166666666667,0.09183223683555912,0.5354166666666667,0.7333333333333333,0.84375,16
1200,0.16145833333333331,0.09819883987490778,-0.004166666666666666,0.16666666666666666,0.33958333333333335,16
1201,-0.14270833333333333,0.0939061200082295,-0.29791666666666666,-0.15,0.027083333333333334,16
1202,-0.6833333333333333,0.07021791477646966,-0.8,-0.7,-0.55625,16
1203,-0.13854166666666667,0.11677357452922871,-0.33749999999999997,-0.14166666666666666,0.075,16
1204,0.45416666666666666,0.08196798155377502,0.29375,0.45,0.5708333333333334,16
1205,-0.30625,0.10620914247109071,-0.46875,-0.31666666666666665,-0.10625000000000001,16
1206,0.6875,0.08217951218048342,0.5729166666666666,0.6666666666666666,0.8479166666666667,16
1207,-0.4583333333333333,0.06535161308899218,-0.5541666666666667,-0.45833333333333337,-0.33541666666666664,16
1208,0.13124999999999998,0.10456175076108003,-0.027083333333333334,0.13333333333333333,0.30416666666666664,16
1209,-0.27604166666666663,0.11828765990631107,-0.5083333333333333,-0.26666666666666666,-0.1125,16
1210,0.5739583333333333,0.07704813385511394,0.45208333333333334,0.575,0.7041666666666667,16
1211,-0.6010416666666667,0.11341736314995551,-0.8166666666666667,-0.5916666666666667,-0.4395833333333333,16
1212,-0.5770833333333334,0.08796996804465589,-0.7583333333333333,-0.575,-0.45625,16
1213,0.665625,0.08669645922220046,0.49375,0.6666666666666667,0.7937500000000001,16
1214,-0.19270833333333331,0.08538490263051321,-0.37083333333333335,-0.18333333333333332,-0.08333333333333333,16
1215,-0.21770833333333334,0.12658286015930872,-0.38125,-0.225,0.0625,16
1216,0.340625,0.11666201627636422,0.18958333333333333,0.32499999999999996,0.5729166666666667,16
1217,-0.11249999999999999,0.12876280950302035,-0.34791666666666665,-0.09166666666666667,0.08541666666666667,16
1218,-0.190625,0.11561561523475587,-0.42500000000000004,-0.175,-0.05625,16
1219,0.5822916666666667,0.06652817646598236,0.4895833333333333,0.575,0.7041666666666667,16
1220,-0.7802083333333334,0.07198059875565237,-0.8833333333333333,-0.7666666666666667,-0.6583333333333333,16
1221,0.15520833333333334,0.10699797992641419,-0.05208333333333333,0.15,0.33125,16
1222,-0.575,0.11039701082909807,-0.7208333333333333,-0.6,-0.39166666666666666,16
1223,-0.15833333333333333,0.06588078458684124,-0.2708333333333333,-0.15,-0.04166666666666667,16
1224,0.6927083333333333,0.10256582405406242,0.5395833333333333,0.7083333333333333,0.875,16
1225,-0.2114583333333333,0.11721874583444408,-0.4041666666666667,-0.21666666666666667,-0.029166666666666667,16
1226,-0.20833333333333334,0.09628516673576118,-0.34375,-0.18333333333333335,-0.07500000000000001,16
1227,-0.5572916666666666,0.11486234968430692,-0.7354166666666667,-0.5583333333333333,-0.32916666666666666,16
1228,-0.7041666666666667,0.06705615391429617,-0.83125,-0.7,-0.6166666666666667,16
1229,0.10208333333333333,0.09239765358973619,-0.09583333333333333,0.1,0.22708333333333333,16
1230,-0.08020833333333333,0.12250549165695025,-0.2833333333333333,-0.075,0.13541666666666666,16
1231,0.7020833333333334,0.08777239347058706,0.5625,0.6833333333333333,0.8604166666666667,16
1232,-0.7124999999999999,0.06332785063987778,-0.84375,-0.7083333333333333,-0.6333333333333333,16
1233,-0.11770833333333333,0.11806729925249318,-0.32708333333333334,-0.10833333333333334,0.09166666666666667,16
1234,-0.5416666666666667,0.07839536550927824,-0.64375,-0.5666666666666667,-0.38958333333333334,16
1235,-0.31666666666666665,0.09372684899334995,-0.44375000000000003,-0.31666666666666665,-0.15833333333333333,16
1236,0.010416666666666664,0.08816709987291177,-0.12083333333333333,0.0,0.17083333333333334,16
1237,-0.6166666666666667,0.06972166887783963,-0.7479166666666667,-0.6333333333333333,-0.5,16
1238,0.4104166666666667,0.10254995395199142,0.22291666666666668,0.44166666666666665,0.55,16
1239,-0.11458333333333333,0.12386638746828958,-0.3208333333333333,-0.11666666666666667,0.08958333333333333,16
1240,0.37395833333333334,0.0944591236549793,0.25625,0.3416666666666667,0.5208333333333334,16
1241,0.3875,0.10433320021290762,0.23541666666666666,0.375,0.5916666666666667,16
1242,-0.02395833333333333,0.08057276516361538,-0.16458333333333333,-0.04166666666666667,0.1,16
1243,-0.184375,0.09528261143391624,-0.32708333333333334,-0.20833333333333334,-0.025,16
1244,-0.43437499999999996,0.116736400290474,-0.6541666666666667,-0.4166666666666667,-0.2520833333333333,16
1245,0.534375,0.08280431039169667,0.3729166666666667,0.5666666666666667,0.6270833333333333,16
1246,-0.2739583333333333,0.10991928067399681,-0.46875,-0.2583333333333333,-0.08958333333333333,16
1247,-0.134375,0.10466028875206998,-0.31666666666666665,-0.14166666666666666,0.043750000000000004,16
1248,0.6468749999999999,0.06297562083413266,0.5208333333333334,0.6499999999999999,0.75,16
1249,-0.03958333333333333,0.06919050793923173,-0.18125,-0.03333333333333333,0.05,16
1250,-0.30208333333333337,0.09804955521458412,-0.4791666666666667,-0.3,-0.15625,16
1251,-0.019791666666666666,0.0928369893804308,-0.19791666666666666,0.0,0.12083333333333333,16
1252,0.3302083333333333,0.09094770131784531,0.17916666666666667,0.3416666666666667,0.45416666666666666,16
1253,-0.45,0.08100925873009827,-0.55,-0.4666666666666667,-0.27708333333333335,16
1254,0.06354166666666666,0.10226917607470982,-0.11041666666666666,0.058333333333333334,0.22708333333333333,16
1255,0.23541666666666666,0.06893913378239291,0.12916666666666665,0.225,0.36875,16
1256,0.3427083333333334,0.09372106034812976,0.12916666666666665,0.36666666666666664,0.45416666666666666,16
1257,-0.546875,0.11245658884654113,-0.6833333333333333,-0.5666666666666667,-0.31666666666666665,16
1258,0.33854166666666663,0.07899515412352837,0.18958333333333333,0.35,0.4479166666666667,16
1259,-0.071875,0.1464532953140124,-0.32916666666666666,-0.05,0.18958333333333333,16
1260,0.221875,0.10585609171312617,0.058333333333333334,0.2,0.3875,16
1261,0.023958333333333335,0.09824302880272642,-0.13333333333333333,0.016666666666666666,0.20833333333333334,16
1262,-0.3072916666666667,0.08100256125923153,-0.41458333333333336,-0.31666666666666665,-0.17291666666666666,16
1263,0.15000000000000002,0.11195857368787002,-0.0375,0.175,0.32499999999999996,16
1264,-0.075,0.09428090415820634,-0.23541666666666666,-0.06666666666666667,0.08750000000000001,16
1265,0.5833333333333333,0.07499999999999998,0.47291666666666665,0.5833333333333334,0.7208333333333333,16
1266,-0.2677083333333333,0.08568935132532837,-0.4041666666666667,-0.275,-0.11875,16
1267,0.37916666666666665,0.10399986645290571,0.2625,0.3416666666666667,0.5854166666666667,16
1268,0.2729166666666667,0.11378509837017813,0.03125,0.2833333333333333,0.4166666666666667,16
1269,0.5947916666666667,0.10081589897486959,0.4041666666666667,0.6083333333333334,0.7375,16
1270,0.12604166666666666,0.06921402745991756,-0.012499999999999997,0.11666666666666667,0.21666666666666667,16
1271,0.734375,0.08301370996206993,0.5520833333333334,0.7333333333333333,0.8604166666666667,16
1272,0.5041666666666667,0.07694243880258078,0.4,0.4916666666666667,0.64375,16
1273,-0.019791666666666666,0.09969027556219648,-0.18541666666666667,-0.016666666666666666,0.15,16
1274,0.2854166666666667,0.08454843286542928,0.11666666666666667,0.2833333333333333,0.44583333333333336,16
1275,0.06666666666666667,0.10391636594449939,-0.125,0.06666666666666667,0.225,16
1276,0.08020833333333333,0.11773598495268037,-0.1375,0.09166666666666667,0.28541666666666665,16
1277,-0.6291666666666667,0.08946212730659954,-0.78125,-0.6083333333333334,-0.4708333333333333,16
1278,0.7729166666666667,0.0740389818496536,0.6020833333333333,0.7833333333333333,0.8666666666666667,16
1279,0.07604166666666667,0.10256582405406242,-0.11875,0.09166666666666667,0.26666666666666666,16
1280,0.7375,0.0875,0.56875,0.7583333333333333,0.85,16
1281,0.6187499999999999,0.08183549725584313,0.45833333333333337,0.6166666666666667,0.7333333333333333,16
1282,0.5114583333333333,0.08793912627809965,0.3541666666666667,0.5,0.65,16
1283,0.6385416666666666,0.07855437562959529,0.47708333333333336,0.6583333333333333,0.74375,16
1284,0.42291666666666666,0.1221728909282979,0.25625,0.4166666666666667,0.5979166666666667,16
1285,0.09895833333333334,0.09194441821919733,-0.08958333333333333,0.1,0.23333333333333334,16
1286,0.35833333333333334,0.11226827987756234,0.18125,0.38333333333333336,0.5104166666666667,16
1287,-0.5489583333333334,0.08828393862670855,-0.69375,-0.5583333333333333,-0.4,16
1288,-0.41041666666666665,0.0994559855190001,-0.5604166666666667,-0.4083333333333333,-0.23333333333333334,16
1289,-0.24479166666666666,0.09348922063532245,-0.41458333333333336,-0.24166666666666667,-0.07083333333333333,16
1290,0.6781250000000001,0.07258107296518686,0.5458333333333333,0.6833333333333333,0.8104166666666667,16
1291,-0.3604166666666667,0.07902948640996109,-0.4666666666666667,-0.38333333333333336,-0.1875,16
1292,0.3364583333333333,0.08960150009594954,0.17291666666666666,0.31666666666666665,0.4708333333333333,16
1293,0.7145833333333333,0.05460559342533816,0.6083333333333334,0.7166666666666667,0.8,16
1294,-0.19895833333333335,0.09042122684352877,-0.3333333333333333,-0.19166666666666665,-0.0062500000000000056,16
1295,0.20208333333333334,0.10084280258567456,0.03958333333333333,0.225,0.33749999999999997,16
1296,0.6354166666666666,0.09164298936634488,0.4708333333333333,0.65,0.775,16
1297,-0.7385416666666667,0.08573998767267879,-0.8645833333333334,-0.7583333333333333,-0.5666666666666667,16
1298,0.17708333333333331,0.10389548033159736,0.02291666666666667,0.18333333333333332,0.39375000000000004,16
1299,-0.06458333333333333,0.08992184106211348,-0.18333333333333332,-0.07500000000000001,0.10208333333333333,16
1300,0.26041666666666663,0.09840304732182954,0.125,0.24166666666666667,0.4354166666666667,16
1301,0.5635416666666666,0.10294597254817153,0.42291666666666666,0.5583333333333333,0.7708333333333334,16
1302,0.15,0.08498365855987974,0.03333333333333333,0.15,0.2833333333333333,16
1303,0.2260416666666667,0.13280739369268732,0.05625,0.23333333333333334,0.5020833333333333,16
1304,0.5770833333333334,0.08992184106211347,0.39583333333333337,0.6,0.6875,16
1305,-0.26249999999999996,0.09798313346920706,-0.4604166666666667,-0.24166666666666667,-0.13333333333333333,16
1306,0.19166666666666665,0.10120798167909266,0.04583333333333334,0.175,0.4,16
1307,-0.378125,0.081163148024348,-0.5604166666666667,-0.3666666666666667,-0.275,16
1308,0.47500000000000003,0.08620067027323833,0.3416666666666667,0.44166666666666665,0.6166666666666667,16
1309,-0.24062499999999998,0.08639555954059985,-0.3333333333333333,-0.26666666666666666,-0.04583333333333334,16
1310,-0.7124999999999999,0.07960405489392833,-0.8145833333333333,-0.725,-0.5354166666666667,16
1311,-0.61875,0.10669840022751564,-0.75,-0.625,-0.4166666666666667,16
1312,-0.21354166666666669,0.12050512177911775,-0.37083333333333335,-0.24166666666666667,-0.00625,16
1313,-0.28020833333333334,0.07888519039647993,-0.4479166666666667,-0.26666666666666666,-0.18333333333333332,16
1314,-0.8395833333333333,0.05460559342533815,-0.9333333333333333,-0.8333333333333334,-0.75625,16
1315,-0.54375,0.07261843774138907,-0.6333333333333333,-0.5666666666666667,-0.3875,16
1316,0.5666666666666667,0.08700255424092124,0.4395833333333333,0.5916666666666667,0.725,16
1317,-0.23229166666666667,0.06413655949525893,-0.32708333333333334,-0.23333333333333334,-0.13333333333333333,16
1318,-0.41770833333333335,0.08649597574132825,-0.5520833333333334,-0.42500000000000004,-0.2895833333333333,16
1319,-0.35624999999999996,0.09220956656804472,-0.5125000000000001,-0.3583333333333333,-0.18125,16
1320,-0.026041666666666664,0.07772117856300316,-0.15416666666666667,-0.025,0.09791666666666667,16
1321,0.43229166666666663,0.12603305755722277,0.22916666666666669,0.44166666666666665,0.6395833333333334,16
1322,-0.259375,0.07704813385511394,-0.41875,-0.25,-0.15,16
1323,-0.2583333333333333,0.15184055965240498,-0.5145833333333333,-0.25,-0.02291666666666667,16
1324,-0.39479166666666665,0.1081278098543057,-0.6020833333333333,-0.3916666666666667,-0.225,16
1325,0.453125,0.10021136516550075,0.31666666666666665,0.45,0.6375000000000001,16
1326,0.4083333333333333,0.09574271077563382,0.22916666666666669,0.42500000000000004,0.5437500000000001,16
1327,0.36458333333333337,0.08697760727145043,0.2,0.375,0.4875,16
1328,0.20520833333333333,0.08654614015078893,0.03958333333333333,0.21666666666666667,0.33125,16
1329,0.42500000000000004,0.06871842709362769,0.32291666666666663,0.4166666666666667,0.5520833333333334,16
1330,-0.11875000000000001,0.12386638746828957,-0.3333333333333333,-0.09166666666666667,0.06041666666666667,16
1331,0.7302083333333333,0.07246137620599452,0.60625,0.7333333333333334,0.8625,16
1332,0.5739583333333333,0.10222672751998102,0.3875,0.5833333333333333,0.725,16
1333,-0.12083333333333332,0.11326897682556822,-0.3208333333333333,-0.14166666666666666,0.05833333333333333,16
1334,-0.31145833333333334,0.11721874583444407,-0.49375,-0.32499999999999996,-0.12916666666666665,16
1335,-0.534375,0.06359287553998831,-0.6270833333333333,-0.5416666666666667,-0.4166666666666667,16
1336,0.7729166666666667,0.0740389818496536,0.6124999999999999,0.8083333333333333,0.8604166666666667,16
1337,0.453125,0.09632460131993512,0.26875,0.45,0.6270833333333333,16
1338,0.6302083333333334,0.10868832063136621,0.45833333333333337,0.625,0.7875000000000001,16
1339,-0.5302083333333334,0.10328270769268848,-0.7395833333333333,-0.5416666666666667,-0.36875,16
1340,-0.02395833333333334,0.0893589729219549,-0.19166666666666668,-0.016666666666666666,0.11458333333333333,16
1341,0.027083333333333334,0.07189764136140582,-0.11249999999999999,0.04166666666666667,0.14166666666666666,16
1342,-0.24583333333333335,0.10905210273585333,-0.42083333333333334,-0.24166666666666667,-0.06041666666666666,16
1343,-0.32395833333333335,0.10540410827698637,-0.5104166666666667,-0.30833333333333335,-0.18333333333333332,16
1344,-0.6270833333333333,0.06315627663010047,-0.7270833333333333,-0.6333333333333333,-0.49583333333333335,16
1345,0.6989583333333333,0.08153662052176991,0.5354166666666667,0.7166666666666666,0.8041666666666667,16
1346,-0.18645833333333334,0.08921314014762624,-0.3770833333333333,-0.16666666666666666,-0.07291666666666666,16
1347,0.49583333333333335,0.10383279828647594,0.31875,0.5166666666666667,0.6583333333333333,16
1348,0.23333333333333334,0.09965217285917832,0.1,0.225,0.39375000000000004,16
1349,-0.3458333333333333,0.10728660991319777,-0.5208333333333334,-0.3416666666666667,-0.19583333333333333,16
1350,0.16249999999999998,0.06548430685625713,0.03333333333333333,0.18333333333333332,0.24375,16
1351,0.3072916666666667,0.08838220935547808,0.16875,0.3,0.4916666666666667,16
1352,0.7239583333333333,0.07992373752174285,0.5458333333333333,0.7416666666666667,0.83125,16
1353,0.44166666666666665,0.10086432030758505,0.2791666666666667,0.45,0.6333333333333333,16
1354,0.059375000000000004,0.05650981662507851,-0.05208333333333333,0.05,0.15833333333333333,16
1355,0.159375,0.12331767214754294,-0.06666666666666667,0.15833333333333333,0.37083333333333335,16
1356,0.4635416666666667,0.08502833473809383,0.35624999999999996,0.45833333333333337,0.6354166666666666,16
1357,0.66875,0.0774764749241127,0.525,0.6666666666666666,0.8041666666666667,16
1358,-0.46875,0.09535660409454841,-0.6270833333333333,-0.48333333333333334,-0.32291666666666663,16
1359,-0.24479166666666666,0.052280875380540014,-0.34375,-0.23333333333333334,-0.16666666666666666,16
1360,-0.6239583333333334,0.0658725489740099,-0.74375,-0.6083333333333334,-0.525,16
1361,-0.15937500000000002,0.09573704401757045,-0.2604166666666667,-0.18333333333333332,0.06875,16
1362,-0.28229166666666666,0.08068042883638028,-0.4104166666666667,-0.275,-0.13125,16
1363,-0.35416666666666663,0.08589803386703461,-0.47708333333333336,-0.3666666666666667,-0.21666666666666667,16
1364,-0.5875,0.09745012969605414,-0.74375,-0.575,-0.45,16
1365,0.029166666666666664,0.12011279421166313,-0.225,0.06666666666666667,0.20625,16
1366,0.42500000000000004,0.08680277773333192,0.2791666666666667,0.4166666666666667,0.55,16
1367,0.165625,0.11015594217845093,0.018750000000000003,0.14166666666666666,0.40625,16
1368,0.15208333333333332,0.12921706006217254,-0.010416666666666666,0.1,0.3958333333333333,16
1369,0.14791666666666664,0.10571762046971062,-0.035416666666666666,0.13333333333333333,0.33749999999999997,16
1370,0.43333333333333335,0.13162974165776095,0.20208333333333334,0.4,0.6270833333333333,16
1371,-0.353125,0.1223636925884835,-0.5041666666666667,-0.375,-0.10833333333333334,16
1372,0.06041666666666667,0.12259845816503748,-0.17916666666666667,0.04166666666666667,0.2375,16
1373,0.5270833333333333,0.053965974362452575,0.4395833333333333,0.525,0.6270833333333333,16
1374,0.7916666666666666,0.06846531968814577,0.6729166666666666,0.8083333333333333,0.8770833333333333,16
1375,0.10104166666666667,0.08926177754535003,-0.0375,0.11666666666666667,0.2604166666666667,16
1376,0.26458333333333334,0.0805525622049217,0.17291666666666666,0.25,0.42708333333333337,16
1377,0.29791666666666666,0.10456175076108003,0.125,0.29166666666666663,0.46875,16
1378,0.23333333333333334,0.08700255424092125,0.04166666666666667,0.25,0.36041666666666666,16
1379,0.359375,0.08269941177743245,0.21250000000000002,0.375,0.49375,16
1380,-0.16875,0.08697760727145043,-0.30416666666666664,-0.175,-0.018750000000000003,16
1381,0.15520833333333334,0.11941971239428327,-0.06666666666666667,0.18333333333333332,0.34791666666666665,16
1382,0.27604166666666663,0.07522391343700338,0.16666666666666666,0.2833333333333333,0.41875,16
1383,0.209375,0.0903251745239265,0.08541666666666667,0.16666666666666666,0.38333333333333336,16
1384,-0.38125,0.10238051979421346,-0.56875,-0.38333333333333336,-0.23333333333333334,16
1385,0.7010416666666667,0.0753392212853895,0.5625,0.6916666666666667,0.8166666666666667,16
1386,0.6437499999999999,0.09239765358973619,0.5125,0.6333333333333333,0.8354166666666667,16
1387,0.03333333333333333,0.08354140689901426,-0.08333333333333333,0.05,0.18333333333333332,16
1388,-0.6333333333333333,0.0726483157256779,-0.7604166666666667,-0.6416666666666666,-0.5229166666666667,16
1389,-0.3583333333333333,0.10069204977995476,-0.5208333333333334,-0.3583333333333333,-0.2,16
1390,0.12083333333333333,0.11599509089229211,-0.07708333333333334,0.15833333333333333,0.29375,16
1391,0.5093749999999999,0.08538490263051321,0.34375,0.5333333333333333,0.6354166666666666,16
1392,0.64375,0.09733871988519723,0.4791666666666667,0.675,0.7666666666666667,16
1393,-0.5010416666666666,0.08363876319227427,-0.6541666666666667,-0.4916666666666667,-0.3458333333333333,16
1394,-0.006249999999999999,0.10422914792790823,-0.15,0.0,0.14166666666666666,16
1395,0.5583333333333333,0.09789450103725608,0.41250000000000003,0.5416666666666667,0.74375,16
1396,0.20833333333333331,0.13110110602126893,-0.04791666666666666,0.2,0.36041666666666666,16
1397,-0.15416666666666667,0.11644323843735101,-0.37916666666666665,-0.10833333333333334,0.004166666666666666,16
1398,0.2729166666666667,0.08413675210961948,0.11458333333333333,0.26666666666666666,0.4,16
1399,-0.340625,0.12303578267904199,-0.5208333333333334,-0.36666666666666664,-0.13125,16
1400,-0.13124999999999998,0.09553849573165084,-0.2604166666666667,-0.14166666666666666,0.05833333333333333,16
1401,0.6614583333333333,0.07899515412352835,0.5354166666666667,0.6666666666666666,0.7833333333333333,16
1402,0.31770833333333337,0.09850774609982033,0.125,0.3333333333333333,0.43333333333333335,16
1403,0.42500000000000004,0.09930312739844155,0.20625,0.43333333333333335,0.5645833333333333,16
1404,0.7166666666666666,0.07861650943380505,0.5583333333333333,0.725,0.8208333333333334,16
1405,-0.28229166666666666,0.07981505314371051,-0.4166666666666667,-0.2833333333333333,-0.15625,16
1406,-0.5125,0.09637527921850314,-0.6333333333333333,-0.525,-0.32291666666666663,16
1407,-0.21041666666666667,0.09069082858199548,-0.35416666666666663,-0.20833333333333334,-0.03125,16
1408,-0.071875,0.1050328569623176,-0.2520833333333333,-0.06666666666666667,0.09375,16
1409,0.6197916666666667,0.07997802432543578,0.4895833333333333,0.6333333333333333,0.7333333333333333,16
1410,-0.37604166666666666,0.07970622056792194,-0.5270833333333333,-0.36666666666666664,-0.2583333333333333,16
1411,-0.10104166666666667,0.08589171760290848,-0.2583333333333333,-0.08333333333333334,0.016666666666666666,16
1412,0.271875,0.06737095432091718,0.12291666666666667,0.2833333333333333,0.36666666666666664,16
1413,0.10833333333333334,0.09501461875826149,-0.0375,0.11666666666666667,0.27708333333333335,16
1414,0.20833333333333331,0.11334558757279535,-0.01458333333333333,0.21666666666666667,0.36666666666666664,16
1415,0.08229166666666667,0.08153662052176992,-0.043750000000000004,0.09166666666666667,0.20833333333333334,16
1416,0.34062499999999996,0.1055686897895815,0.15208333333333332,0.32499999999999996,0.5083333333333333,16
1417,0.51875,0.07990337046152128,0.3645833333333333,0.5166666666666667,0.6604166666666667,16
1418,-0.08125,0.09370369226687093,-0.21041666666666667,-0.09166666666666667,0.11041666666666666,16
1419,0.434375,0.08548650600143473,0.28125,0.43333333333333335,0.5708333333333334,16
1420,0.059375,0.10606090198822352,-0.11458333333333333,0.08333333333333333,0.24375,16
1421,0.39999999999999997,0.08720187306856814,0.2791666666666667,0.3833333333333333,0.5854166666666667,16
1422,0.21979166666666666,0.09132868563296224,0.02083333333333333,0.23333333333333334,0.35833333333333334,16
1423,-0.29583333333333334,0.0938194187433142,-0.42083333333333334,-0.32499999999999996,-0.11875,16
1424,0.7520833333333333,0.060917464655056035,0.6458333333333333,0.7666666666666666,0.8270833333333334,16
1425,0.23020833333333332,0.09246222013762041,0.1125,0.21666666666666667,0.3979166666666667,16
1426,0.5677083333333334,0.0917554021267655,0.41250000000000003,0.5583333333333333,0.7041666666666667,16
1427,0.6916666666666667,0.06588078458684124,0.5958333333333333,0.675,0.8,16
1428,-0.746875,0.07076436593449498,-0.8645833333333334,-0.7416666666666667,-0.6354166666666666,16
1429,-0.7427083333333333,0.07636915780528741,-0.8541666666666667,-0.7416666666666667,-0.60625,16
1430,0.3427083333333334,0.09464274015416549,0.14791666666666667,0.36666666666666664,0.47708333333333336,16
1431,0.16458333333333333,0.08816709987291177,0.05625,0.14166666666666666,0.32916666666666666,16
1432,0.0010416666666666656,0.11658758480453893,-0.21041666666666667,0.025,0.16041666666666665,16
1433,0.3833333333333333,0.099128143778086,0.23333333333333334,0.375,0.5541666666666667,16
1434,0.46875,0.11620070639486951,0.2791666666666667,0.45833333333333337,0.65,16
1435,0.5979166666666667,0.049956578367840815,0.5166666666666667,0.6083333333333334,0.6666666666666666,16
1436,-0.15625,0.07043392293490403,-0.30833333333333335,-0.13333333333333333,-0.0625,16
1437,-0.371875,0.1250997865594591,-0.5833333333333333,-0.4,-0.14166666666666666,16
1438,0.7354166666666667,0.06531839752746202,0.625,0.7333333333333333,0.85,16
1439,-0.7989583333333332,0.07487692447907063,-0.9145833333333333,-0.8,-0.6583333333333333,16
1440,0.26041666666666663,0.10389548033159736,0.07708333333333334,0.2833333333333333,0.4604166666666667,16
1441,0.1375,0.09921567416492214,-0.01458333333333333,0.13333333333333333,0.34791666666666665,16
1442,0.008333333333333331,0.07971302695712079,-0.14166666666666666,0.008333333333333333,0.14583333333333331,16
1443,-0.14166666666666666,0.09128709291752768,-0.27708333333333335,-0.15,0.0,16
1444,-0.19895833333333332,0.10904712761768036,-0.40625,-0.175,-0.03958333333333333,16
1445,-0.5416666666666666,0.10290907529357056,-0.7270833333333333,-0.5333333333333334,-0.38333333333333336,16
1446,0.13124999999999998,0.06663410663216447,0.03333333333333333,0.125,0.2625,16
1447,0.33958333333333335,0.11084821328685857,0.21666666666666667,0.31666666666666665,0.5437500000000001,16
1448,-0.012499999999999995,0.10905210273585333,-0.17708333333333331,0.0,0.16875,16
1449,0.2552083333333333,0.12014440819049568,0.016666666666666666,0.31666666666666665,0.3770833333333333,16
1450,0.10729166666666666,0.1284210671428606,-0.15,0.125,0.29166666666666663,16
1451,-0.17708333333333331,0.10372824403753834,-0.3333333333333333,-0.16666666666666666,-0.03333333333333333,16
1452,-0.3208333333333333,0.08848650242331377,-0.475,-0.3,-0.17916666666666667,16
1453,0.4979166666666667,0.05678755487682921,0.39583333333333337,0.5,0.59375,16
1454,0.30833333333333335,0.1357847561400027,0.08333333333333334,0.29166666666666663,0.5604166666666667,16
1455,-0.17395833333333333,0.10490881457246574,-0.3104166666666667,-0.15833333333333333,-0.02291666666666667,16
1456,0.3020833333333333,0.10942954988890748,0.13958333333333334,0.3,0.46458333333333335,16
1457,-0.43124999999999997,0.13435481114488526,-0.6583333333333333,-0.38333333333333336,-0.25,16
1458,0.153125,0.12108002834443378,-0.035416666666666666,0.13333333333333333,0.35416666666666663,16
1459,0.6791666666666667,0.0649519052838329,0.5833333333333334,0.6833333333333333,0.7875000000000001,16
1460,-0.4166666666666667,0.12104865871944957,-0.6291666666666667,-0.4083333333333333,-0.21250000000000002,16
1461,-0.496875,0.1014168292932139,-0.6604166666666667,-0.475,-0.32499999999999996,16
1462,0.4416666666666667,0.04750730937913076,0.3625,0.43333333333333335,0.5375000000000001,16
1463,0.3927083333333333,0.06454131697774863,0.29583333333333334,0.375,0.5,16
1464,0.5072916666666667,0.07816665556147752,0.38333333333333336,0.5083333333333333,0.6333333333333333,16
1465,-0.17916666666666664,0.11157023199163235,-0.32499999999999996,-0.2,0.05416666666666667,16
1466,0.47708333333333336,0.08875586835058663,0.3333333333333333,0.4916666666666667,0.6,16
1467,-0.21666666666666667,0.10223203455321081,-0.39166666666666666,-0.20833333333333334,-0.03125,16
1468,0.5145833333333334,0.11560153665837569,0.3520833333333333,0.5333333333333334,0.6708333333333334,16
1469,0.44270833333333337,0.10307237714613726,0.2375,0.45833333333333337,0.6020833333333333,16
1470,-0.019791666666666666,0.1000379702218668,-0.1875,-0.008333333333333333,0.14166666666666666,16
1471,0.640625,0.06534331078150912,0.5354166666666667,0.6416666666666666,0.74375,16
1472,0.38125,0.10322490951531246,0.18125,0.38333333333333336,0.5875,16
1473,0.46875,0.0895348706122679,0.29583333333333334,0.4916666666666667,0.59375,16
1474,-0.47916666666666663,0.10180659769058847,-0.6645833333333333,-0.4666666666666667,-0.26875,16
1475,0.14166666666666666,0.09592387027684447,-0.05416666666666667,0.14166666666666666,0.27708333333333335,16
1476,0.6541666666666667,0.0798218502527834,0.51875,0.6499999999999999,0.7770833333333333,16
1477,0.4010416666666667,0.07510842856608484,0.24166666666666667,0.4166666666666667,0.4979166666666667,16
1478,0.20833333333333331,0.09109671295448102,0.02291666666666667,0.225,0.3333333333333333,16
1479,0.609375,0.07704813385511393,0.5,0.6166666666666667,0.7520833333333333,16
1480,0.03854166666666667,0.11587810136086973,-0.16875,0.025,0.2,16
1481,0.721875,0.06338779182758916,0.60625,0.7333333333333333,0.8104166666666667,16
1482,0.46875,0.08434284366665484,0.32499999999999996,0.45,0.6333333333333333,16
1483,0.5354166666666667,0.08393015449368202,0.38333333333333336,0.5333333333333334,0.6604166666666667,16
1484,-0.6010416666666667,0.10265042316035525,-0.7604166666666667,-0.5833333333333334,-0.42083333333333334,16
1485,0.08958333333333332,0.1181270208527903,-0.05,0.05,0.3104166666666667,16
1486,0.721875,0.06393321982523814,0.6291666666666667,0.7,0.8333333333333334,16
1487,0.09791666666666667,0.11408984641744224,-0.13541666666666666,0.11666666666666667,0.26875,16
1488,0.13020833333333331,0.10260813232607076,-0.0375,0.14166666666666666,0.3145833333333333,16
1489,0.5854166666666667,0.09049919428738945,0.42291666666666666,0.5916666666666667,0.7520833333333333,16
1490,0.590625,0.09555553032137908,0.4395833333333333,0.6,0.74375,16
1491,0.2875,0.08868248605746985,0.10208333333333333,0.2833333333333333,0.4,16
1492,0.453125,0.07932413068123302,0.32291666666666663,0.45833333333333337,0.5604166666666667,16
1493,0.703125,0.050764553879213345,0.60625,0.7083333333333333,0.7833333333333333,16
1494,-0.08541666666666667,0.10588171466310885,-0.26666666666666666,-0.06666666666666667,0.06666666666666667,16
1495,0.725,0.08660254037844387,0.5729166666666666,0.7,0.85,16
1496,-0.051041666666666666,0.13749605423631456,-0.33125,-0.06666666666666667,0.13333333333333333,16
1497,0.39166666666666666,0.09013878188659974,0.2895833333333333,0.3583333333333333,0.5604166666666667,16
1498,0.8041666666666667,0.05667279378639768,0.7166666666666667,0.8,0.9104166666666667,16
1499,-0.053125000000000006,0.10916646787513706,-0.24375,-0.016666666666666666,0.07708333333333334,16
1500,0.396875,0.08998818402373107,0.25,0.4083333333333333,0.5333333333333333,16
1501,0.5760416666666667,0.08639555954059985,0.40625,0.5833333333333334,0.69375,16
1502,0.14895833333333336,0.08425917976695477,0.0125,0.15,0.28125,16
1503,-0.2645833333333333,0.11915136848190672,-0.475,-0.24166666666666667,-0.05416666666666667,16
1504,0.5447916666666667,0.1136085429959678,0.30833333333333335,0.5666666666666667,0.6875,16
1505,0.22291666666666665,0.10406244786451814,0.02291666666666666,0.25,0.36041666666666666,16
1506,0.484375,0.08487506136472991,0.2833333333333333,0.5,0.5770833333333334,16
1507,-0.3427083333333333,0.09717694878416384,-0.48125,-0.3583333333333333,-0.17291666666666666,16
1508,0.10312500000000001,0.11168201853426937,-0.15416666666666667,0.11666666666666667,0.25,16
1509,0.6854166666666667,0.06944097213541232,0.5354166666666667,0.7,0.7604166666666667,16
1510,0.18020833333333333,0.1199274592664712,-0.03333333333333333,0.20833333333333334,0.36875,16
1511,0.22499999999999998,0.08620067027323834,0.07916666666666666,0.25,0.37083333333333335,16
1512,0.2625,0.12795127110653406,0.08958333333333333,0.24166666666666667,0.5375,16
1513,0.471875,0.10470175068843034,0.32499999999999996,0.45,0.6895833333333333,16
1514,0.39583333333333337,0.08217951218048343,0.25,0.4083333333333333,0.5375000000000001,16
1515,0.309375,0.1092856778127857,0.11875,0.3,0.4604166666666667,16
1516,0.3916666666666667,0.0574335364670426,0.2791666666666667,0.4083333333333333,0.48125,16
1517,-0.103125,0.0697761176708924,-0.23125,-0.09166666666666667,-0.0125,16
1518,0.38749999999999996,0.10180659769058847,0.1875,0.3916666666666667,0.5479166666666667,16
1519,0.525,0.10069204977995476,0.37916666666666665,0.5166666666666666,0.725,16
1520,0.09375,0.09769478406411129,-0.016666666666666666,0.08333333333333333,0.2604166666666667,16
1521,0.734375,0.06858408008908969,0.6395833333333333,0.725,0.875,16
1522,0.6739583333333333,0.08538490263051321,0.5520833333333334,0.6666666666666667,0.8270833333333334,16
1523,0.503125,0.08843130376801593,0.40625,0.475,0.6708333333333334,16
1524,0.090625,0.11226344728905406,-0.12083333333333333,0.08333333333333333,0.30416666666666664,16
1525,0.5572916666666667,0.09877175393299442,0.4166666666666667,0.5583333333333333,0.7166666666666667,16
1526,-0.008333333333333333,0.09166666666666667,-0.20833333333333334,0.008333333333333333,0.12708333333333333,16
1527,0.828125,0.05059326851908703,0.75625,0.8333333333333333,0.9249999999999999,16
1528,-0.16041666666666665,0.10221080476696733,-0.34375,-0.15833333333333333,0.020833333333333332,16
1529,-0.034375,0.11909216056623262,-0.27708333333333335,-0.008333333333333333,0.125,16
1530,0.75,0.06614378277661477,0.6395833333333333,0.7333333333333333,0.84375,16
1531,-0.020833333333333332,0.07180703308172535,-0.16458333333333333,-0.008333333333333333,0.06666666666666667,16
1532,0.425,0.11696390706348499,0.21041666666666664,0.42500000000000004,0.6291666666666667,16
1533,0.4541666666666666,0.10937003957005574,0.2833333333333333,0.4666666666666667,0.6520833333333333,16
1534,0.24479166666666663,0.08306597737474845,0.10625000000000001,0.26666666666666666,0.36041666666666666,16
1535,-0.32916666666666666,0.09176131477310517,-0.4916666666666667,-0.32499999999999996,-0.19583333333333333,16
1536,0.6937500000000001,0.06715317275535915,0.5833333333333334,0.7,0.7875000000000001,16
1537,0.39687500000000003,0.09018090422096639,0.27291666666666664,0.4,0.5541666666666667,16
1538,0.2947916666666667,0.08285670989726783,0.16666666666666666,0.2833333333333333,0.4375,16
1539,0.027083333333333334,0.11224894827520161,-0.13958333333333334,-0.008333333333333333,0.24791666666666667,16
1540,0.08020833333333333,0.10900731849793897,-0.07083333333333333,0.05,0.28541666666666665,16
1541,0.029166666666666667,0.0871022706681953,-0.08750000000000001,0.016666666666666666,0.19375,16
1542,-0.325,0.13994046353122222,-0.6,-0.35,-0.09791666666666667,16
1543,-0.6416666666666666,0.07971302695712079,-0.7666666666666667,-0.65,-0.50625,16
1544,-0.33541666666666664,0.10620914247109071,-0.5479166666666667,-0.30833333333333335,-0.18958333333333333,16
1545,0.240625,0.10324067586362354,0.09583333333333333,0.21666666666666667,0.39375000000000004,16
1546,0.740625,0.08057276516361538,0.60625,0.75,0.90625,16
1547,-0.19895833333333335,0.15405049113665442,-0.45416666666666666,-0.20833333333333331,0.07291666666666667,16
1548,-0.3916666666666666,0.0759202798262025,-0.525,-0.39166666666666666,-0.2833333333333333,16
1549,0.20104166666666667,0.07394366051633876,0.10625000000000001,0.2,0.33958333333333335,16
1550,-0.23229166666666667,0.08629502649181019,-0.3875,-0.225,-0.0875,16
1551,0.084375,0.0670480626739754,-0.03125,0.08333333333333333,0.19375,16
1552,-0.2791666666666667,0.08426561840065284,-0.42500000000000004,-0.26666666666666666,-0.15625,16
1553,-0.29270833333333335,0.1301666599978658,-0.48125,-0.31666666666666665,-0.08541666666666667,16
1554,-0.2958333333333333,0.10921118685067631,-0.475,-0.2833333333333333,-0.08333333333333334,16
1555,-0.12083333333333332,0.09619496983845996,-0.2604166666666667,-0.13333333333333333,0.020833333333333332,16
1556,0.18020833333333333,0.119637582062104,-0.06666666666666667,0.21666666666666667,0.31666666666666665,16
1557,0.65625,0.07520227353241686,0.51875,0.6666666666666666,0.7604166666666667,16
1558,0.22812500000000002,0.09027711004026559,0.07083333333333333,0.21666666666666667,0.375,16
1559,-0.026041666666666668,0.13993658658081126,-0.2895833333333333,-0.008333333333333333,0.21875,16
1560,-0.5333333333333333,0.07949493345141215,-0.65,-0.55,-0.375,16
1561,0.45416666666666666,0.1362315227022651,0.22916666666666669,0.44166666666666665,0.7083333333333333,16
1562,0.18020833333333333,0.10055725808104443,0.03958333333333333,0.16666666666666666,0.36875,16
1563,-0.4510416666666667,0.10984028019254949,-0.6541666666666667,-0.45,-0.2791666666666667,16
1564,0.31354166666666666,0.08420765297432559,0.1375,0.3333333333333333,0.4166666666666667,16
1565,0.18645833333333334,0.08148337211085188,0.02291666666666666,0.175,0.2833333333333333,16
1566,0.4302083333333333,0.11383753500054365,0.23125,0.43333333333333335,0.6291666666666667,16
1567,0.5083333333333333,0.08228507357554792,0.3375,0.5416666666666667,0.6,16
1568,-0.20104166666666667,0.09885959986825311,-0.33125,-0.225,0.004166666666666666,16
1569,0.64375,0.05918280296392413,0.5666666666666667,0.6333333333333333,0.75,16
1570,-0.265625,0.055109975276713734,-0.36041666666666666,-0.25,-0.16875,16
1571,0.26979166666666665,0.10345066423448211,0.12916666666666665,0.275,0.4708333333333333,16
1572,0.6697916666666667,0.08979505020693884,0.4895833333333333,0.6833333333333333,0.8083333333333333,16
1573,0.61875,0.05859317129343847,0.51875,0.6166666666666667,0.725,16
1574,0.36250000000000004,0.11078946500256943,0.22291666666666668,0.35,0.5729166666666667,16
1575,0.5552083333333333,0.11376125554813858,0.375,0.55,0.7562500000000001,16
1576,0.6260416666666666,0.08394954461857827,0.4854166666666667,0.6166666666666667,0.7833333333333333,16
1577,-0.5041666666666667,0.09213893494789992,-0.6833333333333333,-0.5083333333333333,-0.36666666666666664,16
1578,0.7895833333333333,0.06505206248331666,0.6854166666666667,0.7833333333333334,0.89375,16
1579,0.4989583333333334,0.09156599585666189,0.35,0.475,0.6375000000000001,16
1580,-0.06354166666666666,0.09541916845337384,-0.25625,-0.058333333333333334,0.1,16
1581,0.2583333333333333,0.10341394704992381,0.058333333333333334,0.26666666666666666,0.39375000000000004,16
1582,0.3875,0.0878959296238708,0.2520833333333333,0.3833333333333333,0.5375000000000001,16
1583,-0.027083333333333338,0.10702332949201102,-0.23125,-0.016666666666666666,0.125,16
1584,-0.225,0.07971302695712079,-0.3625,-0.225,-0.07083333333333333,16
1585,-0.621875,0.06915129096167812,-0.7645833333333333,-0.6083333333333334,-0.51875,16
1586,0.5635416666666666,0.07027197906467887,0.42500000000000004,0.5583333333333333,0.6604166666666667,16
1587,-0.334375,0.07625540736746331,-0.47708333333333336,-0.3333333333333333,-0.22291666666666668,16
1588,0.4135416666666667,0.09075660941649252,0.2625,0.4,0.5479166666666667,16
1589,0.16875,0.10734727523323544,-0.037500000000000006,0.16666666666666666,0.35000000000000003,16
1590,-0.14791666666666667,0.09840304732182954,-0.3458333333333333,-0.13333333333333333,-0.00625,16
1591,-0.553125,0.07822216180355936,-0.6708333333333334,-0.55,-0.40208333333333335,16
1592,0.315625,0.09600867112170419,0.15,0.31666666666666665,0.46458333333333335,16
1593,-0.5458333333333334,0.08196798155377501,-0.6708333333333334,-0.5583333333333333,-0.38541666666666663,16
1594,0.5708333333333333,0.07960405489392833,0.43333333333333335,0.5666666666666667,0.7041666666666667,16
1595,0.7927083333333333,0.07045702738785771,0.6958333333333333,0.7666666666666667,0.9166666666666666,16
1596,-0.09166666666666667,0.11696390706348499,-0.26458333333333334,-0.125,0.11458333333333333,16
1597,0.3333333333333333,0.07359800721939873,0.21875,0.32499999999999996,0.4604166666666667,16
1598,0.6625000000000001,0.06909634979907082,0.5625,0.675,0.8020833333333334,16
1599,0.684375,0.11156536916634222,0.5104166666666667,0.6666666666666666,0.8875000000000001,16
1600,0.4635416666666667,0.11459753699844998,0.25416666666666665,0.45,0.64375,16
1601,0.18125000000000002,0.05030290194854015,0.09166666666666667,0.18333333333333332,0.2708333333333333,16
1602,0.171875,0.11284188021543931,-0.004166666666666666,0.16666666666666666,0.34375,16
1603,0.25416666666666665,0.06601241465731192,0.14583333333333331,0.2583333333333333,0.36458333333333337,16
1604,0.06875,0.10958808608197841,-0.11666666666666665,0.05,0.26875,16
1605,-0.5020833333333333,0.1050586806926914,-0.6645833333333333,-0.5166666666666666,-0.3020833333333333,16
1606,0.43437500000000007,0.11703346357868002,0.23958333333333334,0.42500000000000004,0.59375,16
1607,0.48854166666666665,0.12384448553416588,0.24791666666666667,0.48333333333333334,0.7145833333333333,16
1608,0.35625,0.07141306875417755,0.22083333333333333,0.36666666666666664,0.47708333333333336,16
1609,0.48854166666666665,0.08451634251893406,0.32499999999999996,0.48333333333333334,0.625,16
1610,0.016666666666666666,0.09574271077563382,-0.10416666666666667,0.008333333333333333,0.1875,16
1611,0.715625,0.06574063885620691,0.6124999999999999,0.7083333333333333,0.83125,16
1612,-0.17812499999999998,0.08594223471805543,-0.3145833333333333,-0.15833333333333333,-0.03125,16
1613,0.7708333333333334,0.04429227421972772,0.7062499999999999,0.775,0.8333333333333334,16
1614,0.46770833333333334,0.09194441821919733,0.35,0.43333333333333335,0.66875,16
1615,-0.21979166666666666,0.10345066423448211,-0.36458333333333337,-0.225,-0.03333333333333333,16
1616,-0.21458333333333335,0.10620914247109071,-0.4,-0.23333333333333334,-0.010416666666666664,16
1617,-0.4135416666666667,0.10642856726723121,-0.5708333333333334,-0.42500000000000004,-0.23541666666666666,16
1618,-0.3822916666666667,0.14294384459756684,-0.6541666666666667,-0.35833333333333334,-0.14791666666666667,16
1619,0.20937499999999998,0.09859582725844832,0.04583333333333334,0.2,0.37916666666666665,16
1620,0.7854166666666667,0.06637305134197496,0.6354166666666666,0.8,0.8666666666666667,16
1621,-0.6666666666666666,0.06481812160876686,-0.78125,-0.6583333333333333,-0.56875,16
1622,-0.525,0.08079466429027214,-0.6333333333333333,-0.525,-0.3729166666666667,16
1623,0.3854166666666667,0.10958808608197841,0.1625,0.3916666666666667,0.5437500000000001,16
1624,0.096875,0.09846367597297549,-0.020833333333333332,0.05,0.2875,16
1625,0.12604166666666666,0.06769230579533311,0.00625,0.14166666666666666,0.22083333333333333,16
1626,-0.5791666666666666,0.09798313346920705,-0.7375,-0.5916666666666667,-0.40625,16
1627,-0.010416666666666668,0.1241463909619965,-0.2125,-0.025,0.16666666666666666,16
1628,-0.30625,0.13161325393405907,-0.525,-0.3,-0.10625000000000001,16
1629,0.20520833333333333,0.09459686944256313,0.07291666666666666,0.175,0.35416666666666663,16
1630,0.3,0.06871842709362767,0.20625000000000002,0.3,0.41875,16
1631,0.5166666666666667,0.09877724659274748,0.38958333333333334,0.4916666666666667,0.7020833333333333,16
1632,-0.32083333333333336,0.11659223816361021,-0.5270833333333333,-0.31666666666666665,-0.15625,16
1633,0.019791666666666666,0.1010738780271364,-0.16458333333333333,0.008333333333333331,0.19375,16
1634,0.36250000000000004,0.14306903927824496,0.19583333333333333,0.31666666666666665,0.6749999999999999,16
1635,0.6458333333333334,0.08196798155377501,0.5229166666666667,0.6583333333333333,0.7770833333333333,16
1636,-0.5697916666666667,0.07619846847031915,-0.6979166666666666,-0.5583333333333333,-0.44583333333333336,16
1637,0.2583333333333333,0.09464847243000457,0.10416666666666666,0.2583333333333333,0.4041666666666667,16
1638,0.09687499999999999,0.144844115200906,-0.10416666666666667,0.07500000000000001,0.34375,16
1639,-0.384375,0.1337842310816604,-0.5979166666666667,-0.3833333333333333,-0.16249999999999998,16
1640,-0.503125,0.0656745844422838,-0.59375,-0.475,-0.42291666666666666,16
1641,0.6333333333333333,0.08374896350934075,0.50625,0.6333333333333333,0.7770833333333333,16
1642,0.09166666666666667,0.07383352144445562,-0.043750000000000004,0.1,0.18333333333333332,16
1643,0.271875,0.09784461001165742,0.12291666666666667,0.2583333333333333,0.45416666666666666,16
1644,0.13437500000000002,0.12039702117715925,-0.05208333333333333,0.125,0.35000000000000003,16
1645,-0.38229166666666664,0.11341736314995553,-0.5770833333333333,-0.3833333333333333,-0.16666666666666666,16
1646,0.28125,0.10620914247109071,0.07500000000000001,0.275,0.45416666666666666,16
1647,-0.06666666666666667,0.10785149254620655,-0.24166666666666667,-0.075,0.11875,16
1648,-0.446875,0.08212007426459272,-0.5708333333333334,-0.43333333333333335,-0.3333333333333333,16
1649,0.058333333333333334,0.08740073734751262,-0.07083333333333333,0.06666666666666667,0.20416666666666666,16
1650,0.528125,0.09802188495716431,0.3395833333333333,0.55,0.6875,16
1651,0.06145833333333333,0.13013331172088277,-0.15208333333333332,0.1,0.24375,16
1652,0.18125000000000002,0.07285711854185714,0.05625,0.16666666666666666,0.29791666666666666,16
1653,0.08333333333333334,0.08994597143717878,-0.027083333333333334,0.058333333333333334,0.24375,16
1654,-0.5833333333333333,0.07971302695712079,-0.7041666666666667,-0.6,-0.4666666666666667,16
1655,0.725,0.07168604389202189,0.60625,0.725,0.84375,16
1656,0.4083333333333333,0.07883703303510209,0.27291666666666664,0.42500000000000004,0.5270833333333333,16
1657,0.6739583333333332,0.09894736781351095,0.4979166666666667,0.6666666666666667,0.85,16
1658,-0.359375,0.10273495260188284,-0.53125,-0.375,-0.175,16
1659,0.06458333333333333,0.14823908522683513,-0.24791666666666667,0.09166666666666667,0.26875,16
1660,0.790625,0.07591313337917521,0.6666666666666666,0.8,0.9104166666666667,16
1661,0.5447916666666667,0.08833308765689105,0.40208333333333335,0.55,0.6979166666666666,16
1662,-0.19479166666666667,0.12328247121279381,-0.42083333333333334,-0.15833333333333333,-0.05625,16
1663,0.06354166666666666,0.11353210968953037,-0.17500000000000002,0.075,0.2,16
1664,-0.33958333333333335,0.08393015449368203,-0.475,-0.3416666666666667,-0.19583333333333333,16
1665,-0.1875,0.10129371484286014,-0.33749999999999997,-0.20833333333333334,0.0062500000000000056,16
1666,-0.296875,0.11074538333743558,-0.5395833333333333,-0.29166666666666663,-0.13125,16
1667,-0.4708333333333333,0.0986893273527251,-0.64375,-0.475,-0.35624999999999996,16
1668,0.3447916666666667,0.0647427468052514,0.22291666666666668,0.36666666666666664,0.42708333333333337,16
1669,0.2677083333333333,0.07648273906575262,0.13958333333333334,0.26666666666666666,0.4,16
1670,0.2989583333333333,0.0986838297994605,0.10625000000000001,0.30833333333333335,0.44375000000000003,16
1671,0.375,0.1103970108290981,0.15000000000000002,0.3833333333333333,0.5208333333333334,16
1672,0.378125,0.11391376337436629,0.175,0.36666666666666664,0.5604166666666667,16
1673,-0.7104166666666667,0.07792335087193768,-0.8208333333333334,-0.725,-0.5750000000000001,16
1674,0.24166666666666664,0.06346477588219923,0.15625,0.21666666666666667,0.34375,16
1675,0.03229166666666666,0.14654217609616693,-0.20208333333333334,0.025,0.30833333333333335,16
1676,0.6427083333333333,0.09912267056251281,0.47500000000000003,0.6416666666666666,0.7770833333333333,16
1677,-0.10729166666666666,0.08599272215652257,-0.26875,-0.08333333333333333,0.020833333333333332,16
1678,-0.17708333333333331,0.0901147031411757,-0.35416666666666663,-0.175,-0.05625,16
1679,0.28645833333333337,0.10038446060300148,0.12291666666666667,0.3,0.47708333333333336,16
1680,0.007291666666666665,0.08057276516361536,-0.11458333333333333,-0.025,0.15416666666666667,16
1681,-0.034375,0.0917554021267655,-0.16041666666666665,-0.05,0.125,16
1682,0.04375,0.09893091725486472,-0.10833333333333334,0.03333333333333333,0.23125,16
1683,-0.046875,0.0991664478288902,-0.18541666666666667,-0.08333333333333333,0.125,16
1684,-0.40208333333333335,0.0647846325227759,-0.49375,-0.4166666666666667,-0.2895833333333333,16
1685,-0.10729166666666666,0.0592102978796763,-0.22291666666666665,-0.10833333333333334,-0.018750000000000003,16
1686,-0.38541666666666663,0.09535660409454841,-0.5354166666666667,-0.4083333333333333,-0.20208333333333334,16
1687,0.7843749999999999,0.06331928298095472,0.6541666666666667,0.8083333333333333,0.8604166666666667,16
1688,0.36458333333333337,0.0879699680446559,0.21666666666666667,0.3416666666666667,0.5166666666666667,16
1689,-0.8270833333333334,0.07702700644723395,-0.9104166666666667,-0.85,-0.6666666666666667,16
1690,0.37083333333333335,0.09232716585900141,0.21250000000000002,0.3583333333333333,0.5270833333333333,16
1691,0.8385416666666666,0.056739765964151326,0.75625,0.8416666666666667,0.9375,16
1692,-0.14166666666666666,0.10257111354242643,-0.33333333333333337,-0.15,0.041666666666666664,16
1693,0.48958333333333337,0.10620914247109071,0.3125,0.5333333333333333,0.63125,16
1694,0.14583333333333331,0.09400428477232065,-0.04583333333333333,0.16666666666666666,0.2708333333333333,16
1695,0.6197916666666667,0.08862740946419077,0.4854166666666667,0.6333333333333333,0.7541666666666667,16
1696,0.3416666666666667,0.09789450103725608,0.15625,0.3583333333333333,0.49375,16
1697,-0.5687500000000001,0.07990337046152127,-0.74375,-0.55,-0.4666666666666667,16
1698,0.4447916666666667,0.08073420683191096,0.3020833333333333,0.45,0.59375,16
1699,0.5697916666666667,0.10772565947040348,0.40208333333333335,0.55,0.7270833333333333,16
1700,-0.5375000000000001,0.05319643889501543,-0.6104166666666667,-0.5333333333333333,-0.44166666666666665,16
1701,-0.08645833333333333,0.09632460131993512,-0.24166666666666667,-0.06666666666666667,0.05833333333333333,16
1702,0.06458333333333333,0.07725206757391315,-0.09999999999999999,0.06666666666666667,0.15,16
1703,0.017708333333333333,0.09099541159067064,-0.13125,0.016666666666666666,0.16458333333333333,16
1704,-0.03125,0.11797995945639808,-0.20833333333333334,-0.06666666666666667,0.14375,16
1705,0.3885416666666667,0.08410450468514355,0.24583333333333335,0.3833333333333333,0.53125,16
1706,-0.3145833333333333,0.10084280258567457,-0.4979166666666667,-0.30833333333333335,-0.14583333333333331,16
1707,-0.14375,0.12663856596190945,-0.35833333333333334,-0.10833333333333334,0.05625000000000001,16
1708,-0.12604166666666666,0.09771144273659388,-0.30624999999999997,-0.125,0.05833333333333333,16
1709,-0.34375,0.09049919428738948,-0.53125,-0.3416666666666667,-0.23333333333333334,16
1710,0.005208333333333332,0.11810405458041368,-0.24583333333333332,0.025,0.15833333333333333,16
1711,-0.026041666666666664,0.11651310578404664,-0.16666666666666666,-0.03333333333333334,0.20416666666666666,16
1712,0.2520833333333333,0.09088205879661349,0.08125,0.2583333333333333,0.3958333333333333,16
1713,0.7635416666666667,0.0965046684967451,0.5645833333333333,0.7666666666666667,0.89375,16
1714,-0.10208333333333333,0.09388878616036458,-0.27708333333333335,-0.08333333333333333,0.05416666666666667,16
1715,0.5708333333333333,0.07371585838730889,0.4625,0.5583333333333333,0.725,16
1716,0.42812500000000003,0.10956332992333195,0.20833333333333331,0.42500000000000004,0.6083333333333333,16
1717,-0.49375,0.06817945071647322,-0.5875,-0.5,-0.36875,16
1718,-0.22604166666666664,0.126101913975694,-0.4479166666666667,-0.20833333333333334,-0.06666666666666667,16
1719,0.12083333333333333,0.11836560592784824,-0.07708333333333334,0.15,0.2833333333333333,16
1720,-0.6031249999999999,0.09969027556219646,-0.75,-0.6,-0.45625,16
1721,-0.2375,0.06332785063987775,-0.35416666666666663,-0.225,-0.15625,16
1722,0.53125,0.10254995395199139,0.37916666666666665,0.5,0.7104166666666667,16
1723,0.44791666666666663,0.09928127131203214,0.29583333333333334,0.45,0.6229166666666667,16
1724,-0.28541666666666665,0.09407351587396365,-0.42500000000000004,-0.29166666666666663,-0.11666666666666667,16
1725,0.55,0.08354140689901425,0.40625,0.5333333333333333,0.6770833333333334,16
1726,0.31666666666666665,0.1042499666933067,0.15625,0.32499999999999996,0.4979166666666667,16
1727,0.540625,0.09279022600288601,0.4166666666666667,0.5166666666666666,0.7,16
1728,-0.22291666666666665,0.11332643974132622,-0.4083333333333333,-0.225,-0.04583333333333334,16
1729,-0.04895833333333333,0.1085684547877513,-0.17708333333333331,-0.05,0.15833333333333333,16
1730,0.190625,0.11531489947819694,-0.02291666666666667,0.19166666666666665,0.37083333333333335,16
1731,0.453125,0.07481893653273142,0.3,0.4666666666666667,0.5583333333333333,16
1732,0.15520833333333334,0.10235402037101968,-0.06458333333333333,0.19166666666666665,0.2604166666666667,16
1733,-0.54375,0.07612010794352128,-0.6270833333333333,-0.5666666666666667,-0.39583333333333337,16
1734,-0.559375,0.07970622056792193,-0.6708333333333334,-0.575,-0.4291666666666667,16
1735,-0.5843750000000001,0.08709604173618403,-0.73125,-0.5833333333333333,-0.42500000000000004,16
1736,-0.3145833333333333,0.08972856444732512,-0.44375000000000003,-0.31666666666666665,-0.13125,16
1737,0.08333333333333334,0.08640183897219883,-0.043750000000000004,0.075,0.26041666666666663,16
1738,-0.2895833333333333,0.0942578835488635,-0.44375000000000003,-0.275,-0.09375,16
1739,0.390625,0.1096029370931475,0.225,0.375,0.6000000000000001,16
1740,0.403125,0.08461898879027621,0.27291666666666664,0.3916666666666667,0.5583333333333333,16
1741,0.4822916666666667,0.09455097647712465,0.3333333333333333,0.5083333333333333,0.6208333333333333,16
1742,-0.5635416666666666,0.08684651811289461,-0.6979166666666666,-0.5666666666666667,-0.45,16
1743,0.00833333333333333,0.08878031563609382,-0.11041666666666666,0.008333333333333331,0.17916666666666667,16
1744,-0.40625,0.08098246552323672,-0.5375000000000001,-0.42500000000000004,-0.23958333333333331,16
1745,0.06354166666666666,0.08523227047636098,-0.11249999999999999,0.075,0.19791666666666666,16
1746,-0.490625,0.09390612000822948,-0.6541666666666667,-0.45833333333333337,-0.33541666666666664,16
1747,0.48958333333333337,0.09314620377545066,0.3416666666666667,0.45833333333333337,0.6270833333333333,16
1748,0.71875,0.05266343608235224,0.6395833333333333,0.7166666666666667,0.825,16
1749,-0.359375,0.12719854750000534,-0.5437500000000001,-0.3333333333333333,-0.12291666666666667,16
1750,0.7989583333333334,0.06165223648732371,0.6833333333333333,0.8083333333333333,0.8875000000000001,16
1751,0.6447916666666667,0.057950754357088005,0.55,0.6416666666666666,0.7270833333333333,16
1752,-0.371875,0.057650392091757145,-0.4666666666666667,-0.35833333333333334,-0.30624999999999997,16
1753,0.04895833333333333,0.09744456223070293,-0.08750000000000001,0.03333333333333333,0.26875,16
1754,-0.06666666666666667,0.08100925873009826,-0.1875,-0.08333333333333333,0.09166666666666667,16
1755,-0.190625,0.1092856778127857,-0.3770833333333333,-0.175,-0.020833333333333332,16
1756,0.23958333333333334,0.11679680242008149,0.05,0.24166666666666667,0.44166666666666665,16
1757,-0.15000000000000002,0.08640183897219883,-0.29375,-0.14166666666666666,-0.029166666666666667,16
1758,-0.428125,0.0925560547122061,-0.5666666666666667,-0.4166666666666667,-0.24583333333333335,16
1759,-0.02395833333333333,0.10188650241813192,-0.23541666666666666,-0.008333333333333333,0.14375,16
1760,-0.043750000000000004,0.09644280832585589,-0.2125,-0.04166666666666667,0.11458333333333333,16
1761,-0.42708333333333337,0.09857931803600815,-0.6083333333333333,-0.42500000000000004,-0.24583333333333335,16
1762,-0.3614583333333333,0.08813632708921888,-0.5166666666666666,-0.3583333333333333,-0.19583333333333333,16
1763,0.10729166666666667,0.11364674037218235,-0.07916666666666666,0.11666666666666667,0.30833333333333335,16
1764,0.10416666666666666,0.09363418772601763,-0.07916666666666666,0.125,0.23333333333333334,16
1765,0.15520833333333334,0.12200847392018856,-0.016666666666666666,0.14166666666666666,0.36458333333333337,16
1766,-0.3916666666666667,0.1,-0.5604166666666667,-0.375,-0.25,16
1767,0.11145833333333333,0.07423656584415346,-0.03958333333333333,0.11666666666666667,0.20416666666666666,16
1768,-0.15,0.12472191289246472,-0.3854166666666667,-0.125,0.027083333333333334,16
1769,0.3979166666666667,0.103392959947313,0.20625,0.4083333333333333,0.5270833333333333,16
1770,-0.5114583333333333,0.09551009799725074,-0.68125,-0.5,-0.38958333333333334,16
1771,0.2666666666666667,0.12610621625351298,0.03125,0.2833333333333333,0.44375000000000003,16
1772,-0.3416666666666667,0.08640183897219883,-0.5104166666666666,-0.35,-0.21250000000000002,16
1773,-0.33958333333333335,0.11469691340417337,-0.5145833333333333,-0.375,-0.13333333333333333,16
1774,0.15625,0.11286591725484615,-0.09583333333333333,0.18333333333333332,0.29791666666666666,16
1775,0.3,0.10257111354242643,0.12708333333333333,0.29166666666666663,0.48125,16
1776,0.11145833333333333,0.10353454033155635,-0.041666666666666664,0.11666666666666667,0.27708333333333335,16
1777,0.06458333333333334,0.11162856937182346,-0.1,0.04166666666666667,0.24375,16
1778,-0.12499999999999999,0.10341394704992381,-0.32708333333333334,-0.11666666666666667,0.0625,16
1779,-0.009375,0.1454123387608111,-0.19375,0.0,0.20833333333333334,16
1780,0.08229166666666667,0.08467026526145081,-0.06875,0.08333333333333333,0.23125,16
1781,-0.465625,0.08669645922220046,-0.5979166666666667,-0.48333333333333334,-0.30833333333333335,16
1782,0.17812499999999998,0.09659457620786882,-0.004166666666666666,0.15833333333333333,0.3104166666666667,16
1783,-0.125,0.12430361575146914,-0.30624999999999997,-0.14166666666666666,0.14791666666666667,16
1784,-0.20833333333333334,0.1203294089849471,-0.38333333333333336,-0.21666666666666667,0.02916666666666666,16
1785,0.32187499999999997,0.09441316373319514,0.18541666666666667,0.30833333333333335,0.4979166666666667,16
1786,-0.08645833333333333,0.11920144451725408,-0.25416666666666665,-0.11666666666666667,0.16041666666666665,16
1787,-0.022916666666666665,0.08816709987291177,-0.16041666666666665,-0.016666666666666666,0.13125,16
1788,-0.04479166666666667,0.08222571196610785,-0.22083333333333333,-0.016666666666666666,0.043750000000000004,16
1789,-0.7416666666666667,0.09185586535436917,-0.8645833333333334,-0.7583333333333333,-0.54375,16
1790,0.35625,0.11006232451560242,0.1375,0.3416666666666667,0.5145833333333333,16
1791,-0.2895833333333333,0.11812702085279032,-0.5166666666666667,-0.275,-0.12916666666666665,16
1792,0.058333333333333334,0.07795119555779044,-0.07708333333333334,0.075,0.18541666666666667,16
1793,0.5895833333333333,0.08162307510066556,0.4625,0.5833333333333334,0.7583333333333333,16
1794,-0.196875,0.08233121412589788,-0.3625,-0.18333333333333335,-0.08958333333333333,16
1795,-0.3260416666666667,0.08639555954059985,-0.4708333333333333,-0.3333333333333333,-0.19583333333333333,16
1796,0.03020833333333333,0.10836838375292962,-0.1625,0.008333333333333333,0.25,16
1797,0.5083333333333333,0.0756912588524373,0.37916666666666665,0.525,0.59375,16
1798,-0.153125,0.10560979509233244,-0.35208333333333336,-0.11666666666666667,-0.03333333333333333,16
1799,0.5218750000000001,0.08754339201853621,0.36875,0.525,0.6749999999999999,16
1800,-0.21875,0.10767024632852126,-0.39375000000000004,-0.21666666666666667,-0.04791666666666666,16
1801,-0.3302083333333333,0.10836838375292962,-0.5541666666666667,-0.3,-0.175,16
1802,0.13125,0.08454843286542926,-0.010416666666666666,0.14166666666666666,0.2791666666666667,16
1803,0.2875,0.12197734306920373,0.12291666666666667,0.25,0.5083333333333333,16
1804,-0.7583333333333333,0.04965156369922079,-0.8416666666666667,-0.7583333333333333,-0.6729166666666666,16
1805,0.3927083333333333,0.10256582405406243,0.23958333333333334,0.3916666666666667,0.55,16
1806,0.16875,0.09030715334038851,-0.02291666666666667,0.19166666666666665,0.29375,16
1807,0.6531250000000001,0.08764249310250263,0.49583333333333335,0.6583333333333333,0.7979166666666667,16
1808,-0.33645833333333336,0.09899122260472279,-0.4604166666666667,-0.3416666666666667,-0.16249999999999998,16
1809,0.5145833333333334,0.10588171466310885,0.3520833333333333,0.5,0.7104166666666667,16
1810,0.3385416666666667,0.11437006668170557,0.11666666666666667,0.3416666666666667,0.5041666666666667,16
1811,0.3770833333333333,0.10238051979421348,0.18958333333333333,0.3916666666666667,0.5583333333333333,16
1812,-0.11770833333333333,0.1143321109628534,-0.31875,-0.1,0.06458333333333333,16
1813,0.35625,0.08697760727145043,0.21250000000000002,0.3416666666666667,0.5,16
1814,0.12916666666666665,0.0932626220233308,0.00625,0.125,0.3125,16
1815,0.12916666666666665,0.10549157417643469,-0.08541666666666667,0.14166666666666666,0.30624999999999997,16
1816,0.2958333333333333,0.09709316831442535,0.12291666666666667,0.31666666666666665,0.4375,16
1817,0.15520833333333334,0.09496321473485288,0.03958333333333333,0.125,0.3208333333333333,16
1818,0.6125,0.09727181274940626,0.42708333333333337,0.625,0.7625,16
1819,0.11666666666666667,0.11651776211757969,-0.0625,0.08333333333333333,0.3416666666666667,16
1820,0.18958333333333333,0.13830258192335626,-0.06041666666666667,0.20833333333333334,0.4041666666666667,16
1821,0.5979166666666667,0.07356851492920655,0.5,0.5916666666666667,0.73125,16
1822,0.553125,0.09811040231120584,0.38125,0.5416666666666667,0.69375,16
1823,-0.6270833333333333,0.05769742676719261,-0.7270833333333333,-0.6333333333333333,-0.525,16
1824,0.6875,0.08111634305804909,0.55625,0.7083333333333333,0.8270833333333334,16
1825,0.40625,0.12045558771228136,0.2,0.4,0.59375,16
1826,-0.15104166666666666,0.08153662052176992,-0.2875,-0.15,-0.029166666666666667,16
1827,0.043750000000000004,0.09857931803600817,-0.16041666666666665,0.05,0.17500000000000002,16
1828,0.02708333333333333,0.070925185543955,-0.07708333333333334,0.016666666666666666,0.16041666666666665,16
1829,-0.041666666666666664,0.09147707666708395,-0.20833333333333334,-0.025,0.10416666666666667,16
1830,-0.051041666666666666,0.08322258265572445,-0.21458333333333332,-0.03333333333333334,0.05416666666666667,16
1831,-0.5677083333333333,0.08174926732597261,-0.7104166666666667,-0.5833333333333334,-0.4354166666666667,16
1832,0.390625,0.10606090198822353,0.15000000000000002,0.4,0.5145833333333333,16
1833,-0.27604166666666663,0.09147114564774572,-0.36666666666666664,-0.29166666666666663,-0.07291666666666666,16
1834,0.3791666666666667,0.11234557302260637,0.22916666666666669,0.3916666666666667,0.6145833333333334,16
1835,0.3208333333333333,0.09727181274940629,0.13541666666666666,0.3333333333333333,0.4791666666666667,16
1836,0.5927083333333333,0.08699631816921909,0.4354166666666667,0.6166666666666667,0.7104166666666667,16
1837,0.23958333333333331,0.09030715334038852,0.11666666666666667,0.23333333333333334,0.41458333333333336,16
1838,0.3125,0.13143175246322922,0.10416666666666666,0.3416666666666667,0.5166666666666667,16
1839,0.02916666666666667,0.085289539543578,-0.1625,0.05,0.11666666666666667,16
1840,-0.5302083333333334,0.10560979509233244,-0.7354166666666667,-0.5083333333333333,-0.3729166666666667,16
1841,0.7937500000000001,0.04854658415721268,0.7062499999999999,0.7833333333333333,0.8770833333333333,16
1842,-0.06666666666666667,0.08395600699837452,-0.21666666666666667,-0.06666666666666667,0.06875,16
1843,0.19375,0.0953566040945484,0.029166666666666667,0.18333333333333332,0.36458333333333337,16
1844,-0.29062499999999997,0.10424476239174375,-0.45416666666666666,-0.2833333333333333,-0.08125,16
1845,0.79375,0.08393015449368202,0.6333333333333333,0.8,0.9041666666666667,16
1846,0.5010416666666666,0.06883675082315326,0.375,0.4916666666666667,0.6041666666666667,16
1847,0.71875,0.0980495552145841,0.5229166666666667,0.725,0.8708333333333333,16
1848,-0.10520833333333332,0.12100831439524218,-0.3104166666666667,-0.075,0.11041666666666666,16
1849,-0.42916666666666664,0.07850601533923655,-0.575,-0.44166666666666665,-0.31666666666666665,16
1850,-0.6302083333333334,0.10577405656240411,-0.78125,-0.6583333333333333,-0.4166666666666667,16
1851,-0.5604166666666667,0.07566258248889532,-0.6708333333333334,-0.5833333333333334,-0.4354166666666667,16
1852,-0.43854166666666666,0.08911578571661077,-0.5916666666666667,-0.42500000000000004,-0.2625,16
1853,0.26145833333333335,0.11050998415175989,0.0625,0.25,0.4791666666666667,16
1854,-0.6760416666666667,0.07311728354348086,-0.7770833333333333,-0.6833333333333333,-0.55625,16
1855,0.8072916666666666,0.08206720442214824,0.6666666666666666,0.8166666666666667,0.9,16
1856,0.6802083333333333,0.06977611767089238,0.5458333333333333,0.7,0.7708333333333334,16
1857,0.6489583333333333,0.0917554021267655,0.4895833333333333,0.6583333333333333,0.7937500000000001,16
1858,0.5083333333333333,0.09718253158075502,0.3395833333333333,0.5,0.6583333333333333,16
1859,0.08645833333333333,0.11353210968953037,-0.14375,0.10833333333333334,0.22708333333333333,16
1860,0.3614583333333333,0.09459686944256313,0.18541666666666667,0.38333333333333336,0.4875,16
1861,0.24583333333333332,0.10282468899377555,0.06458333333333333,0.25,0.4083333333333333,16
1862,0.5625,0.09061901321221476,0.36875,0.5833333333333334,0.68125,16
1863,-0.04166666666666667,0.09033118078616166,-0.16041666666666665,-0.058333333333333334,0.15416666666666667,16
1864,0.3875,0.1016359243137539,0.18958333333333333,0.4,0.5458333333333334,16
1865,-0.14166666666666666,0.07772815877574013,-0.2708333333333333,-0.16666666666666666,-0.0125,16
1866,-0.07500000000000001,0.11562030771259672,-0.25416666666666665,-0.075,0.12083333333333333,16
1867,0.4822916666666667,0.08405288307237165,0.35,0.48333333333333334,0.6145833333333334,16
1868,0.017708333333333336,0.11836102228868346,-0.21666666666666667,0.016666666666666666,0.19375,16
1869,0.04583333333333333,0.09583333333333333,-0.11041666666666666,0.075,0.17708333333333331,16
1870,0.5885416666666667,0.05734845670208668,0.48333333333333334,0.5833333333333334,0.69375,16
1871,0.22083333333333333,0.09780578828587919,0.04375,0.225,0.39166666666666666,16
1872,0.14479166666666665,0.10667297344636498,-0.025,0.14166666666666666,0.3145833333333333,16
1873,0.15416666666666667,0.06548430685625714,0.03333333333333333,0.18333333333333332,0.2583333333333333,16
1874,-0.434375,0.10466028875206998,-0.58125,-0.45833333333333337,-0.24166666666666667,16
1875,-0.15729166666666666,0.10407808733777196,-0.32499999999999996,-0.15,0.010416666666666666,16
1876,0.21666666666666667,0.13162974165776095,-0.002083333333333333,0.20833333333333334,0.4354166666666667,16
1877,0.010416666666666668,0.10895255720827401,-0.17708333333333331,-0.016666666666666666,0.2125,16
1878,-0.109375,0.08415609463306202,-0.26458333333333334,-0.09166666666666667,0.010416666666666666,16
1879,-0.31875,0.11590150871417604,-0.5541666666666667,-0.31666666666666665,-0.17291666666666666,16
1880,-0.14270833333333333,0.07311728354348086,-0.26458333333333334,-0.14166666666666666,-0.029166666666666667,16
1881,-0.020833333333333336,0.14086784586980805,-0.28125,-0.025,0.19791666666666666,16
1882,0.11145833333333333,0.12537703554346252,-0.12083333333333333,0.125,0.2833333333333333,16
1883,-0.359375,0.10256582405406242,-0.5104166666666667,-0.3416666666666667,-0.175,16
1884,0.4583333333333333,0.08994597143717876,0.31875,0.45833333333333337,0.6104166666666667,16
1885,0.6885416666666666,0.06501034906929135,0.5729166666666666,0.6833333333333333,0.8083333333333333,16
1886,0.1,0.09982623792259117,-0.0375,0.075,0.27708333333333335,16
1887,0.12187499999999998,0.07744145414081817,-0.03125,0.14166666666666666,0.24375,16
1888,0.31354166666666666,0.1155029385749317,0.13958333333333334,0.30833333333333335,0.5437500000000001,16
1889,-0.371875,0.09066091242463131,-0.49375,-0.3916666666666667,-0.20833333333333331,16
1890,0.26041666666666663,0.09126331714087295,0.1125,0.275,0.3979166666666667,16
1891,-0.13854166666666667,0.1550894399209695,-0.30416666666666664,-0.2,0.17083333333333334,16
1892,-0.46354166666666663,0.09828719786365309,-0.5770833333333334,-0.475,-0.24166666666666664,16
1893,-0.04479166666666667,0.12243461265099832,-0.17083333333333334,-0.06666666666666667,0.23125,16
1894,0.153125,0.13257842935619488,0.0,0.13333333333333333,0.3875,16
1895,0.30624999999999997,0.08556896990797021,0.18125,0.2833333333333333,0.4708333333333333,16
1896,-0.6604166666666667,0.09444189130535947,-0.8270833333333334,-0.6499999999999999,-0.4979166666666667,16
1897,0.246875,0.12872488293298665,0.058333333333333334,0.23333333333333334,0.4875,16
1898,0.04479166666666667,0.09605386762703057,-0.14583333333333331,0.06666666666666667,0.1875,16
1899,1.734723475976807e-18,0.11226827987756233,-0.16666666666666666,0.008333333333333333,0.19166666666666668,16
1900,0.6364583333333333,0.09395232796772815,0.49583333333333335,0.6333333333333333,0.7666666666666667,16
1901,0.14583333333333331,0.13648616128465998,-0.03333333333333333,0.125,0.35,16
1902,-0.32395833333333335,0.08121660638550332,-0.45,-0.31666666666666665,-0.18333333333333332,16
1903,0.22291666666666665,0.11037735149124672,0.012499999999999997,0.225,0.4145833333333333,16
1904,0.515625,0.11806729925249317,0.3458333333333333,0.5083333333333333,0.7208333333333333,16
1905,-0.7479166666666666,0.04161455074049622,-0.8208333333333334,-0.75,-0.66875,16
1906,0.5416666666666667,0.10189182717197902,0.38958333333333334,0.5333333333333333,0.7145833333333333,16
1907,-0.08125,0.10238051979421346,-0.28125,-0.08333333333333333,0.10416666666666667,16
1908,0.4135416666666667,0.10836838375292963,0.21666666666666667,0.4083333333333333,0.575,16
1909,0.7239583333333333,0.04858009923483759,0.6333333333333333,0.7333333333333333,0.8,16
1910,-0.05416666666666667,0.12943520472507555,-0.24791666666666667,-0.08333333333333334,0.17708333333333331,16
1911,0.013541666666666664,0.08882308219463877,-0.12916666666666665,0.008333333333333333,0.19791666666666666,16
1912,0.03229166666666666,0.08528317821300464,-0.09375,0.025,0.17708333333333331,16
1913,-0.184375,0.14475419179307614,-0.42916666666666664,-0.19166666666666665,0.06875,16
1914,0.41041666666666665,0.11100472337297684,0.2791666666666667,0.3583333333333333,0.63125,16
1915,-0.23229166666666665,0.12808264882705836,-0.39375000000000004,-0.25,0.008333333333333331,16
1916,-0.703125,0.09450506122542975,-0.8333333333333334,-0.7,-0.5,16
1917,-0.671875,0.1043695940050443,-0.83125,-0.6666666666666666,-0.4395833333333333,16
1918,0.228125,0.08243658126436076,0.11666666666666667,0.21666666666666667,0.37916666666666665,16
1919,0.6395833333333334,0.06969053618199053,0.4895833333333333,0.6416666666666666,0.7270833333333333,16
1920,0.11979166666666666,0.12489144591960206,-0.09375,0.125,0.28541666666666665,16
1921,0.6177083333333333,0.10265042316035525,0.4375,0.6166666666666667,0.7937500000000001,16
1922,0.659375,0.08078794902913017,0.51875,0.6666666666666666,0.8083333333333333,16
1923,-0.5229166666666667,0.10406244786451814,-0.6833333333333333,-0.5166666666666667,-0.36666666666666664,16
1924,0.06562499999999999,0.09654963281764577,-0.11249999999999999,0.06666666666666667,0.21875,16
1925,-0.7958333333333333,0.05384519993050036,-0.8833333333333333,-0.8,-0.7124999999999999,16
1926,0.34791666666666665,0.08657747814658395,0.20625000000000002,0.3333333333333333,0.5145833333333333,16
1927,-0.05625,0.08617549116644348,-0.17708333333333331,-0.058333333333333334,0.09791666666666667,16
1928,-0.31875,0.09258535851370406,-0.48125,-0.32499999999999996,-0.16458333333333333,16
1929,-0.20208333333333334,0.0978723303878862,-0.40208333333333335,-0.175,-0.09583333333333333,16
1930,0.14375,0.09608210464666837,-0.03125,0.18333333333333332,0.27708333333333335,16
1931,0.8062499999999999,0.044827989148645865,0.71875,0.8166666666666667,0.8604166666666667,16
1932,-0.7166666666666667,0.0775044801572428,-0.8,-0.75,-0.5541666666666667,16
1933,0.11875,0.08895125850087164,-0.027083333333333334,0.13333333333333333,0.24791666666666667,16
1934,-0.528125,0.12606749046751814,-0.7083333333333333,-0.55,-0.2895833333333333,16
1935,0.5583333333333333,0.07071067811865474,0.41875,0.5583333333333333,0.6541666666666667,16
1936,-0.10625000000000001,0.11900557293206436,-0.33958333333333335,-0.09166666666666667,0.08125,16
1937,-0.07291666666666666,0.11620070639486951,-0.32499999999999996,-0.04166666666666667,0.07083333333333333,16
1938,-0.10624999999999998,0.16466242825179575,-0.41041666666666665,-0.10833333333333334,0.16041666666666665,16
1939,-0.30833333333333335,0.09316949906249124,-0.43333333333333335,-0.2833333333333333,-0.15625,16
1940,0.20625,0.07092518554395501,0.07291666666666666,0.2,0.29375,16
1941,-0.004166666666666664,0.10793194872490515,-0.15,-0.008333333333333333,0.2125,16
1942,-0.7354166666666666,0.06611096521926013,-0.8416666666666667,-0.75,-0.6229166666666667,16
1943,0.7604166666666667,0.06397563555326705,0.6729166666666666,0.75,0.88125,16
1944,0.85,0.04208127057650864,0.7791666666666667,0.85,0.9208333333333334,16
1945,0.19166666666666665,0.10606601717798214,0.008333333333333335,0.18333333333333332,0.3770833333333333,16
1946,-0.2583333333333333,0.12856040517117928,-0.48333333333333334,-0.24166666666666667,-0.05,16
1947,0.026041666666666664,0.0912811495539407,-0.11666666666666667,0.04166666666666667,0.17916666666666667,16
1948,-0.5833333333333334,0.1070436048222094,-0.7645833333333333,-0.5916666666666667,-0.38958333333333334,16
1949,-0.10104166666666667,0.09528261143391624,-0.29375,-0.11666666666666667,0.041666666666666664,16
1950,0.15625,0.09680216796240786,-0.016666666666666666,0.175,0.3104166666666667,16
1951,-0.4822916666666667,0.1320864550104295,-0.6958333333333333,-0.475,-0.3,16
1952,0.5833333333333333,0.07949493345141213,0.47291666666666665,0.575,0.7104166666666667,16
1953,-0.48958333333333337,0.11193918860008074,-0.65,-0.4916666666666667,-0.3020833333333333,16
1954,0.6614583333333333,0.09977731281597925,0.5229166666666667,0.65,0.8270833333333334,16
1955,0.34895833333333337,0.1131108032835257,0.16249999999999998,0.3583333333333333,0.5395833333333333,16
1956,0.09479166666666666,0.09085220560827838,-0.03333333333333333,0.06666666666666667,0.25416666666666665,16
1957,-0.396875,0.13006658951603728,-0.65,-0.4,-0.2,16
1958,-0.48020833333333335,0.09740001105122,-0.68125,-0.475,-0.35,16
1959,-0.6239583333333334,0.07545435292281022,-0.7625,-0.625,-0.4916666666666667,16
1960,0.5729166666666667,0.08597379284151395,0.39166666666666666,0.5666666666666667,0.7041666666666667,16
1961,-0.5427083333333333,0.10606090198822352,-0.7041666666666667,-0.5333333333333333,-0.3625,16
1962,-0.18645833333333334,0.10528050329951887,-0.3625,-0.2,-0.0020833333333333363,16
1963,-0.090625,0.0985958272584483,-0.2708333333333333,-0.075,0.043750000000000004,16
1964,0.3458333333333333,0.07180703308172537,0.22083333333333333,0.3416666666666667,0.4604166666666667,16
1965,0.621875,0.058249567833399206,0.5166666666666667,0.6333333333333333,0.7270833333333333,16
1966,0.4333333333333333,0.1488380924957646,0.21875,0.45833333333333337,0.6979166666666666,16
1967,0.4864583333333333,0.1000379702218668,0.29791666666666666,0.4916666666666667,0.6625,16
1968,0.3177083333333333,0.15189414602683748,0.014583333333333334,0.32499999999999996,0.5375000000000001,16
1969,0.6187499999999999,0.05396597436245257,0.5125,0.6333333333333333,0.7145833333333333,16
1970,0.5979166666666667,0.09164298936634487,0.4625,0.5833333333333334,0.775,16
1971,0.32708333333333334,0.07770023416238132,0.20625000000000002,0.31666666666666665,0.4708333333333333,16
1972,-0.3802083333333333,0.08979505020693884,-0.49375,-0.4,-0.19166666666666665,16
1973,0.20416666666666666,0.10197698542100347,0.020833333333333332,0.21666666666666667,0.3854166666666667,16
1974,0.5833333333333334,0.07406828681096322,0.47291666666666665,0.5916666666666667,0.7,16
1975,0.7729166666666667,0.0920210951056574,0.6166666666666667,0.7916666666666667,0.9104166666666667,16
1976,0.7489583333333334,0.06833047504184679,0.625,0.75,0.8333333333333334,16
1977,-0.052083333333333336,0.1213172780128389,-0.2375,-0.07500000000000001,0.1625,16
1978,0.3739583333333333,0.1137994016655819,0.18541666666666667,0.4,0.5729166666666667,16
1979,0.14375,0.12231491119238079,-0.027083333333333334,0.125,0.3333333333333333,16
1980,0.7635416666666666,0.06775639319978924,0.65625,0.7666666666666667,0.8770833333333333,16
1981,0.15833333333333333,0.09483172230617536,-0.010416666666666666,0.16666666666666666,0.2833333333333333,16
1982,-0.37604166666666666,0.09573704401757045,-0.48333333333333334,-0.4,-0.17708333333333331,16
1983,0.6635416666666667,0.08233121412589786,0.4854166666666667,0.675,0.7666666666666667,16
1984,0.35,0.10120798167909267,0.16249999999999998,0.36666666666666664,0.5020833333333333,16
1985,0.7989583333333333,0.06652817646598236,0.6729166666666666,0.7916666666666667,0.9083333333333333,16
1986,0.15104166666666669,0.12781126901064363,-0.11458333333333333,0.175,0.3625,16
1987,-0.7395833333333333,0.06397563555326705,-0.8479166666666667,-0.7333333333333333,-0.6458333333333333,16
1988,0.29270833333333335,0.07905007862460071,0.15208333333333332,0.29166666666666663,0.4104166666666667,16
1989,0.121875,0.07833305629383634,-0.004166666666666666,0.125,0.24375,16
1990,-0.36041666666666666,0.08454843286542928,-0.5166666666666666,-0.3583333333333333,-0.20416666666666666,16
1991,0.44270833333333337,0.0745283200274306,0.3020833333333333,0.45833333333333337,0.5645833333333333,16
1992,0.6625,0.06705615391429616,0.5416666666666667,0.65,0.7604166666666667,16
1993,0.07500000000000001,0.10671873729054748,-0.11458333333333333,0.08333333333333333,0.22083333333333333,16
1994,0.5625,0.09437293044088438,0.37916666666666665,0.575,0.71875,16
1995,0.240625,0.12331767214754295,0.06458333333333333,0.225,0.46458333333333335,16
1996,0.16354166666666667,0.11414214304736198,0.029166666666666667,0.14166666666666666,0.3958333333333333,16
1997,-0.27291666666666664,0.09499177595981664,-0.4,-0.3,-0.06875,16
1998,-0.13020833333333334,0.13721166105894775,-0.38125,-0.15,0.10208333333333333,16
1999,-0.128125,0.09441316373319512,-0.3125,-0.11666666666666667,0.016666666666666666,16
2000,0.48854166666666665,0.11391376337436628,0.29375,0.475,0.7020833333333333,16
2001,-0.3677083333333334,0.10281941255046259,-0.5166666666666667,-0.3666666666666667,-0.18958333333333333,16
2002,0.3604166666666667,0.09517436483750351,0.20208333333333334,0.3583333333333333,0.5104166666666667,16
2003,0.2864583333333333,0.11383753500054365,0.09375,0.26666666666666666,0.475,16
2004,0.21979166666666666,0.09614419689831634,0.03958333333333333,0.23333333333333334,0.36041666666666666,16
2005,0.35104166666666664,0.07464470240561097,0.20833333333333331,0.3583333333333333,0.45,16
2006,-0.296875,0.13270931449140178,-0.4708333333333333,-0.3333333333333333,-0.037500000000000006,16
2007,0.3572916666666667,0.10034121473751452,0.20833333333333331,0.3416666666666667,0.5354166666666667,16
2008,0.3302083333333333,0.09881568666236933,0.17291666666666666,0.3583333333333333,0.4666666666666667,16
2009,-0.5822916666666667,0.05318623921341559,-0.65,-0.6,-0.46875,16
2010,0.40520833333333334,0.08754339201853623,0.2375,0.4166666666666667,0.5479166666666667,16
2011,0.18229166666666669,0.08467026526145081,0.03958333333333333,0.18333333333333332,0.33749999999999997,16
2012,0.359375,0.062352255929071614,0.25625,0.35,0.4604166666666667,16
2013,0.521875,0.09478021908898267,0.35833333333333334,0.5333333333333334,0.7020833333333333,16
2014,-0.3354166666666667,0.12935134646896154,-0.5541666666666667,-0.32499999999999996,-0.15208333333333332,16
2015,-0.006249999999999999,0.11900557293206436,-0.24166666666666664,0.008333333333333333,0.14375,16
2016,-0.41041666666666665,0.1111610130996175,-0.5916666666666667,-0.4083333333333333,-0.23541666666666666,16
2017,0.32291666666666663,0.0631562766301005,0.23541666666666666,0.31666666666666665,0.44375000000000003,16
2018,0.30937499999999996,0.08719565125178101,0.16875,0.31666666666666665,0.48125,16
2019,-0.7479166666666667,0.08225869592666514,-0.8979166666666667,-0.75,-0.6291666666666667,16
2020,0.33333333333333337,0.093355652093367,0.18958333333333333,0.30833333333333335,0.48333333333333334,16
2021,0.25625,0.10084280258567457,0.12291666666666667,0.25,0.46458333333333335,16
2022,0.7114583333333333,0.08410450468514355,0.5291666666666667,0.725,0.8333333333333334,16
2023,0.5958333333333333,0.08630131323836657,0.4395833333333333,0.5916666666666667,0.7375,16
2024,0.7625,0.056056766862807146,0.6791666666666666,0.7583333333333333,0.8604166666666667,16
2025,0.41875,0.06063180087856355,0.30624999999999997,0.44166666666666665,0.5041666666666667,16
2026,-0.484375,0.11125370624288333,-0.68125,-0.4916666666666667,-0.3020833333333333,16
2027,-0.41875,0.09011470314117571,-0.5791666666666667,-0.4166666666666667,-0.25,16
2028,-0.3,0.08228507357554792,-0.4375,-0.29166666666666663,-0.18958333333333333,16
2029,-0.5645833333333334,0.11286591725484614,-0.7729166666666667,-0.575,-0.4,16
2030,0.33333333333333326,0.09428090415820635,0.19583333333333333,0.31666666666666665,0.5333333333333333,16
2031,-0.11145833333333335,0.1345928466709877,-0.33958333333333335,-0.15,0.13541666666666666,16
2032,0.22499999999999998,0.09519716382329885,0.01666666666666667,0.24166666666666667,0.34791666666666665,16
2033,0.60625,0.06944097213541232,0.5,0.6,0.7270833333333333,16
2034,0.5708333333333333,0.07228896488707279,0.4625,0.55,0.69375,16
2035,-0.49895833333333334,0.12408956638698965,-0.64375,-0.525,-0.23541666666666666,16
2036,0.7333333333333334,0.05432668671002208,0.625,0.75,0.8104166666666667,16
2037,-0.175,0.13616778865306825,-0.4541666666666667,-0.15,-0.016666666666666666,16
2038,-0.3291666666666667,0.08488145328109735,-0.45416666666666666,-0.35,-0.17916666666666667,16
2039,0.26666666666666666,0.10086432030758505,0.08541666666666667,0.26666666666666666,0.4104166666666667,16
2040,0.46875,0.10221080476696734,0.3333333333333333,0.45833333333333337,0.6208333333333333,16
2041,-0.37812500000000004,0.09478021908898268,-0.4604166666666667,-0.4166666666666667,-0.15416666666666667,16
2042,0.30208333333333337,0.12595124166826535,0.07083333333333333,0.29166666666666663,0.47708333333333336,16
2043,0.175,0.11486707293408518,0.0,0.16666666666666666,0.4041666666666667,16
2044,-0.3770833333333333,0.09804955521458412,-0.5583333333333333,-0.35,-0.23958333333333334,16
2045,0.81875,0.05199993322645286,0.7229166666666667,0.825,0.89375,16
2046,0.34062499999999996,0.0663975688770137,0.23958333333333334,0.3416666666666667,0.4604166666666667,16
2047,0.12395833333333334,0.06065863900641945,0.03958333333333333,0.14166666666666666,0.20416666666666666,16
2048,0.030208333333333334,0.06269933490255078,-0.06666666666666667,0.025,0.13333333333333333,16
2049,0.024999999999999998,0.1227576655221353,-0.14791666666666667,0.01666666666666667,0.2625,16
2050,-0.2791666666666667,0.09547032697824667,-0.45416666666666666,-0.2583333333333333,-0.12916666666666665,16
2051,0.011458333333333336,0.13978142038951782,-0.24375,0.025,0.22083333333333333,16
2052,0.6770833333333333,0.07924886084004265,0.525,0.7,0.7770833333333333,16
2053,0.6677083333333333,0.08238391454040041,0.5395833333333333,0.675,0.7979166666666667,16
2054,0.75625,0.04077163706412696,0.6791666666666666,0.7583333333333333,0.8208333333333334,16
2055,0.16770833333333335,0.07693538730288191,0.03958333333333333,0.16666666666666666,0.29375,16
2056,0.603125,0.08105612553108561,0.45833333333333337,0.6083333333333334,0.75,16
2057,-0.3375,0.08589803386703461,-0.5041666666666667,-0.30833333333333335,-0.21458333333333332,16
2058,0.20625,0.05586286532413301,0.0875,0.20833333333333334,0.2875,16
2059,0.25104166666666666,0.11203123789322729,0.08958333333333333,0.24166666666666667,0.4895833333333333,16
2060,0.60625,0.0774764749241127,0.48333333333333334,0.5916666666666667,0.7208333333333333,16
2061,-0.30416666666666664,0.10937003957005574,-0.4604166666666667,-0.30833333333333335,-0.10416666666666666,16
2062,0.08645833333333335,0.11398994077207963,-0.041666666666666664,0.05,0.35833333333333334,16
2063,-0.28229166666666666,0.13365439859536568,-0.45416666666666666,-0.3583333333333333,-0.07500000000000001,16
2064,0.14687499999999998,0.07198059875565235,-0.004166666666666666,0.16666666666666666,0.24375,16
2065,0.2791666666666667,0.10516191220103302,0.12291666666666667,0.29166666666666663,0.42708333333333337,16
2066,-0.020833333333333336,0.12325166214790866,-0.20416666666666666,-0.008333333333333338,0.17708333333333331,16
2067,0.05,0.10524442450262575,-0.11041666666666666,0.041666666666666664,0.2375,16
2068,-0.415625,0.10728155292137705,-0.5333333333333333,-0.42500000000000004,-0.20208333333333334,16
2069,-0.08437499999999999,0.09528261143391624,-0.24791666666666667,-0.07500000000000001,0.06458333333333333,16
2070,0.4739583333333333,0.11318752109024899,0.30624999999999997,0.4666666666666667,0.6645833333333333,16
2071,-0.5875,0.07276770498572074,-0.7104166666666667,-0.5833333333333334,-0.48333333333333334,16
2072,0.06354166666666666,0.08254181389857304,-0.06041666666666667,0.058333333333333334,0.17708333333333331,16
2073,0.3927083333333333,0.10340870067358937,0.2270833333333333,0.375,0.5729166666666667,16
2074,0.19999999999999998,0.09128709291752768,0.05625,0.21666666666666667,0.35416666666666663,16
2075,-0.011458333333333334,0.09422909987837562,-0.18541666666666667,-0.008333333333333333,0.16041666666666665,16
2076,0.4479166666666667,0.11783271451982727,0.24583333333333335,0.4666666666666667,0.625,16
2077,0.546875,0.076878952021271,0.41875,0.5583333333333333,0.6645833333333333,16
2078,0.32499999999999996,0.08079466429027214,0.18125,0.3416666666666667,0.475,16
2079,0.21041666666666667,0.11147293518059788,0.025,0.2,0.41875,16
2080,0.16249999999999998,0.08569568250501305,0.00625,0.16666666666666666,0.29375,16
2081,-0.29270833333333335,0.11226344728905409,-0.46458333333333335,-0.31666666666666665,-0.09791666666666667,16
2082,-0.3645833333333333,0.07566258248889532,-0.4875,-0.375,-0.23958333333333334,16
2083,0.2875,0.12889756915215017,0.0625,0.3,0.4666666666666667,16
2084,0.5770833333333334,0.06063180087856352,0.4895833333333333,0.5666666666666667,0.7,16
2085,0.3510416666666667,0.08528317821300467,0.22916666666666669,0.3333333333333333,0.5062500000000001,16
2086,0.290625,0.11651310578404665,0.06875,0.3,0.43333333333333335,16
2087,-0.3572916666666667,0.08497727433130449,-0.5125000000000001,-0.35,-0.21458333333333332,16
2088,0.6541666666666667,0.08281086214313245,0.4979166666666667,0.675,0.7916666666666666,16
2089,0.24375000000000002,0.11037735149124671,0.04583333333333334,0.275,0.4,16
2090,0.203125,0.10691682092740236,-0.002083333333333333,0.225,0.3333333333333333,16
2091,0.17708333333333331,0.10927078368286129,-0.0062500000000000056,0.15,0.4166666666666667,16
2092,-0.11770833333333333,0.10872824654717018,-0.27708333333333335,-0.10833333333333334,0.07083333333333333,16
2093,0.18854166666666666,0.10064354556497347,0.05,0.15833333333333333,0.37083333333333335,16
2094,-0.15520833333333334,0.0778885310163755,-0.3104166666666667,-0.15,-0.029166666666666667,16
2095,-0.17604166666666665,0.10016804456900304,-0.36458333333333337,-0.15,-0.029166666666666667,16
2096,0.21875,0.10271910863017543,0.07291666666666666,0.25,0.3958333333333333,16
2097,0.5364583333333333,0.07076436593449496,0.42291666666666666,0.5416666666666667,0.6375000000000001,16
2098,0.540625,0.09663949869661644,0.39583333333333337,0.5416666666666667,0.6875,16
2099,-0.08541666666666667,0.10538866558284782,-0.25,-0.075,0.12708333333333333,16
2100,-0.359375,0.09482600110787712,-0.5208333333333334,-0.3333333333333333,-0.24583333333333335,16
2101,0.24375000000000002,0.10831329942963298,0.0625,0.26666666666666666,0.3770833333333333,16
2102,0.66875,0.08309862781324637,0.5354166666666667,0.6583333333333333,0.8145833333333333,16
2103,-0.19270833333333334,0.09717694878416383,-0.39166666666666666,-0.175,-0.05,16
2104,-0.13958333333333334,0.13028747594795476,-0.35416666666666663,-0.15,0.07708333333333334,16
2105,-0.029166666666666667,0.0960143218483576,-0.14375,-0.04166666666666667,0.15,16
2106,-0.36979166666666663,0.07051860225422006,-0.4875,-0.3583333333333333,-0.27291666666666664,16
2107,0.5625,0.07488416981504761,0.42291666666666666,0.575,0.6770833333333334,16
2108,0.06770833333333333,0.12464794171986956,-0.15416666666666667,0.08333333333333333,0.26666666666666666,16
2109,0.28541666666666665,0.09164298936634488,0.15625,0.2833333333333333,0.48125,16
2110,0.2729166666666667,0.11069148190654358,0.11458333333333333,0.24166666666666667,0.4666666666666667,16
2111,-0.48124999999999996,0.12074350109035084,-0.7125,-0.48333333333333334,-0.2833333333333333,16
2112,0.5010416666666667,0.1254808459819001,0.2895833333333333,0.5083333333333333,0.6645833333333333,16
2113,-0.33854166666666663,0.09330333409250592,-0.49375,-0.3333333333333333,-0.18958333333333333,16
2114,-0.06770833333333333,0.12520382687397733,-0.3208333333333333,-0.04166666666666667,0.08333333333333333,16
2115,0.25416666666666665,0.10416666666666667,0.0625,0.275,0.3979166666666667,16
2116,-0.21666666666666667,0.08186201126828542,-0.32708333333333334,-0.24166666666666667,-0.07916666666666666,16
2117,-0.1958333333333333,0.13925645805890335,-0.375,-0.225,0.03333333333333333,16
2118,-0.55,0.09807168579949849,-0.7083333333333333,-0.5333333333333333,-0.3770833333333333,16
2119,0.00833333333333333,0.109924216318941,-0.17500000000000002,0.008333333333333331,0.18125,16
2120,0.6000000000000001,0.05559026693385971,0.4854166666666667,0.6083333333333334,0.68125,16
2121,-0.125,0.08207381501496754,-0.2708333333333333,-0.125,-0.0020833333333333363,16
2122,0.5072916666666667,0.09013276280329786,0.32499999999999996,0.525,0.6354166666666666,16
2123,-0.134375,0.13762226256234047,-0.39375000000000004,-0.11666666666666667,0.10416666666666667,16
2124,-0.049999999999999996,0.1068812944865055,-0.225,-0.04166666666666667,0.1375,16
2125,0.17708333333333334,0.08536583853561616,0.020833333333333332,0.18333333333333332,0.3208333333333333,16
2126,-0.11875000000000001,0.10221080476696733,-0.29375,-0.11666666666666667,0.04791666666666666,16
2127,-0.019791666666666666,0.10055725808104446,-0.21041666666666667,-0.016666666666666666,0.14166666666666666,16
2128,-0.37604166666666666,0.11740373568493373,-0.5375000000000001,-0.3916666666666667,-0.14583333333333331,16
2129,-0.33437500000000003,0.09833134708445952,-0.47708333333333336,-0.3416666666666667,-0.15416666666666667,16
2130,-0.16458333333333333,0.0922095665680447,-0.33125,-0.15,-0.02291666666666667,16
2131,0.2822916666666666,0.10077283825791329,0.125,0.26666666666666666,0.48541666666666666,16
2132,0.029166666666666667,0.08068715304598785,-0.11249999999999999,0.025,0.19375,16
2133,0.303125,0.08169615751538,0.17291666666666666,0.32499999999999996,0.4104166666666667,16
2134,-0.7468750000000001,0.052446649479892124,-0.8208333333333334,-0.7666666666666667,-0.6458333333333333,16
2135,-0.3041666666666667,0.08710227066819531,-0.42708333333333337,-0.31666666666666665,-0.125,16
2136,-0.09270833333333334,0.09147114564774572,-0.2604166666666667,-0.06666666666666667,0.0375,16
2137,-0.44062500000000004,0.12359891871830163,-0.6541666666666667,-0.44166666666666665,-0.225,16
2138,0.5604166666666667,0.08697760727145042,0.41458333333333336,0.5416666666666667,0.7041666666666667,16
2139,-0.5291666666666667,0.09904053603337261,-0.6916666666666667,-0.55,-0.38333333333333336,16
2140,-0.07083333333333333,0.14772581584363198,-0.30416666666666664,-0.07500000000000001,0.1875,16
2141,0.08645833333333333,0.10021136516550073,-0.07708333333333334,0.1,0.24375,16
2142,-0.26875,0.10322490951531246,-0.4104166666666667,-0.26666666666666666,-0.07916666666666666,16
2143,-0.5229166666666667,0.07285711854185714,-0.6375000000000001,-0.5166666666666667,-0.39583333333333337,16
2144,-0.784375,0.07693538730288194,-0.8833333333333333,-0.7916666666666667,-0.6375,16
2145,0.01979166666666667,0.10900731849793897,-0.18958333333333333,0.03333333333333333,0.2,16
2146,-0.65,0.08249579113843054,-0.8020833333333334,-0.6416666666666666,-0.50625,16
2147,0.21875,0.12088720063670007,-0.024999999999999994,0.24166666666666667,0.41458333333333336,16
2148,0.3572916666666667,0.0893589729219549,0.22291666666666668,0.3333333333333333,0.5291666666666667,16
2149,0.13645833333333332,0.08523227047636099,0.016666666666666666,0.125,0.29166666666666663,16
2150,0.09687500000000002,0.07799989983967928,-0.06666666666666667,0.1,0.20416666666666666,16
2151,0.4052083333333333,0.09027711004026559,0.2791666666666667,0.3916666666666667,0.59375,16
2152,0.5333333333333333,0.08354140689901425,0.40625,0.525,0.69375,16
2153,0.44791666666666663,0.08246948088703952,0.35624999999999996,0.4083333333333333,0.6145833333333334,16
2154,-0.828125,0.03984289895605265,-0.8833333333333333,-0.825,-0.7625,16
2155,-0.21666666666666667,0.12950225223266712,-0.4375,-0.23333333333333334,-0.02291666666666667,16
2156,-0.34687500000000004,0.08998818402373109,-0.47708333333333336,-0.375,-0.18958333333333333,16
2157,0.024999999999999998,0.09033118078616166,-0.11041666666666666,0.008333333333333333,0.17708333333333331,16
2158,-0.4354166666666667,0.07566258248889533,-0.5770833333333334,-0.44166666666666665,-0.2875,16
2159,-0.5197916666666667,0.1236340295545239,-0.7020833333333333,-0.5333333333333333,-0.35,16
2160,-0.296875,0.08704619423361114,-0.4166666666666667,-0.2833333333333333,-0.17291666666666666,16
2161,-0.37083333333333335,0.0863013132383666,-0.5270833333333333,-0.3583333333333333,-0.23333333333333334,16
2162,0.278125,0.10732200218397801,0.15,0.275,0.5020833333333333,16
2163,0.4697916666666667,0.10311447757764722,0.31875,0.4666666666666667,0.625,16
2164,0.6791666666666667,0.05907269532815759,0.5895833333333333,0.675,0.7854166666666667,16
2165,-0.7635416666666666,0.06379729999076067,-0.85,-0.7583333333333333,-0.6354166666666666,16
2166,-0.2635416666666666,0.10995875963034707,-0.3770833333333333,-0.275,-0.006249999999999992,16
2167,0.03333333333333334,0.07795119555779044,-0.11458333333333333,0.058333333333333334,0.14791666666666667,16
2168,0.3364583333333333,0.06646290475395529,0.22291666666666668,0.32499999999999996,0.4604166666666667,16
2169,0.06458333333333334,0.12174583611405818,-0.14583333333333331,0.04166666666666667,0.2791666666666667,16
2170,0.27708333333333335,0.0835154260534477,0.16666666666666666,0.26666666666666666,0.4041666666666667,16
2171,0.13124999999999998,0.10538866558284782,-0.05416666666666667,0.14166666666666666,0.2708333333333333,16
2172,-0.3791666666666667,0.13863170633011773,-0.64375,-0.3666666666666667,-0.14583333333333331,16
2173,-0.4125,0.13103487661263655,-0.6,-0.42500000000000004,-0.17916666666666667,16
2174,0.024999999999999998,0.09090593428863096,-0.10833333333333334,0.008333333333333333,0.22083333333333333,16
2175,-0.10833333333333334,0.08143675119038359,-0.19375,-0.13333333333333333,0.06041666666666667,16
2176,-0.40104166666666663,0.1294310131026478,-0.59375,-0.4166666666666667,-0.18541666666666667,16
2177,0.10416666666666667,0.09455671431591847,-0.075,0.1,0.29375,16
2178,0.8197916666666667,0.06724198372296879,0.6937500000000001,0.8166666666666667,0.9270833333333334,16
2179,0.28229166666666666,0.08217291009072138,0.13958333333333334,0.29166666666666663,0.4104166666666667,16
2180,0.159375,0.09999457450559783,0.016666666666666666,0.15,0.36458333333333337,16
2181,0.3729166666666667,0.10588171466310888,0.18125,0.4,0.5166666666666667,16
2182,0.08854166666666667,0.08911578571661077,-0.05,0.1,0.24166666666666667,16
2183,-0.11770833333333333,0.09582767193422437,-0.29583333333333334,-0.125,0.05208333333333333,16
2184,-0.690625,0.06613557991395823,-0.8020833333333334,-0.7,-0.5729166666666666,16
2185,0.29791666666666666,0.09499177595981664,0.16249999999999998,0.2833333333333333,0.46458333333333335,16
2186,0.359375,0.09070877354050282,0.25,0.3583333333333333,0.5041666666666667,16
2187,-0.26875,0.08454843286542928,-0.4104166666666667,-0.2583333333333333,-0.11666666666666667,16
2188,-0.036458333333333336,0.11027408246677406,-0.2520833333333333,-0.025,0.08333333333333333,16
2189,-0.015625,0.05964849292591837,-0.12083333333333333,-0.016666666666666666,0.09791666666666667,16
2190,-0.5541666666666667,0.10809268142560705,-0.6770833333333334,-0.575,-0.3458333333333333,16
2191,0.39166666666666666,0.0955612078431643,0.26875,0.375,0.5895833333333333,16
2192,-0.5125,0.08907315969346645,-0.6479166666666667,-0.5083333333333333,-0.3541666666666667,16
2193,-0.5854166666666667,0.1184205957593526,-0.7625,-0.5833333333333333,-0.3354166666666667,16
2194,-0.103125,0.12179484543690673,-0.3125,-0.09166666666666667,0.10416666666666667,16
2195,0.3333333333333333,0.09664511253952669,0.15625,0.35,0.4604166666666667,16
2196,0.23333333333333334,0.08036375634160796,0.1,0.25,0.35,16
2197,0.6197916666666667,0.0656745844422838,0.5083333333333333,0.625,0.7104166666666667,16
2198,-0.31666666666666665,0.1044163673845139,-0.51875,-0.3,-0.2,16
2199,0.3239583333333333,0.0918499587945229,0.21666666666666667,0.31666666666666665,0.4979166666666667,16
2200,0.28958333333333336,0.10974639325888269,0.11666666666666667,0.2833333333333333,0.5020833333333333,16
2201,-0.16770833333333332,0.1147867512559219,-0.3208333333333333,-0.2,0.07708333333333334,16
2202,-0.01875,0.0801203521792892,-0.13333333333333333,-0.025,0.14791666666666667,16
2203,0.1,0.09860132971832694,-0.07708333333333334,0.11666666666666667,0.26458333333333334,16
2204,0.13645833333333335,0.07270057265172598,0.00625,0.14166666666666666,0.26875,16
2205,0.140625,0.11989126294503513,-0.08333333333333333,0.15,0.33749999999999997,16
2206,-0.47916666666666663,0.08730136183232069,-0.6166666666666667,-0.4666666666666667,-0.35,16
2207,0.2,0.11887785514739253,-0.010416666666666666,0.23333333333333334,0.36666666666666664,16
2208,0.6854166666666667,0.07814583055629604,0.4979166666666667,0.7,0.7708333333333334,16
2209,0.2916666666666667,0.1241638702145945,0.00625,0.30833333333333335,0.45416666666666666,16
2210,-0.284375,0.09618932972413197,-0.45208333333333334,-0.29166666666666663,-0.13333333333333333,16
2211,0.7791666666666667,0.07276770498572076,0.66875,0.775,0.89375,16
2212,0.3666666666666667,0.08270597183866338,0.20833333333333331,0.3666666666666667,0.5104166666666667,16
2213,-0.45625,0.09295963132217962,-0.6645833333333333,-0.45,-0.31875,16
2214,-0.22500000000000003,0.10865337342004415,-0.4270833333333333,-0.21666666666666667,-0.0625,16
2215,0.2916666666666667,0.07905694150420949,0.15208333333333332,0.2833333333333333,0.42708333333333337,16
2216,0.5010416666666666,0.09618932972413197,0.3416666666666667,0.4916666666666667,0.6479166666666667,16
2217,0.028125,0.11898277623953253,-0.15416666666666667,0.025,0.24791666666666667,16
2218,0.43333333333333335,0.10408329997330663,0.24166666666666667,0.44166666666666665,0.5666666666666667,16
2219,-0.5760416666666667,0.12623951414099926,-0.7729166666666667,-0.5666666666666667,-0.35833333333333334,16
2220,-0.12708333333333333,0.09030715334038851,-0.26666666666666666,-0.125,0.010416666666666666,16
2221,-0.13854166666666667,0.12072103258477096,-0.35208333333333336,-0.13333333333333333,0.05833333333333333,16
2222,0.10520833333333332,0.09514585842273955,-0.016666666666666666,0.10833333333333334,0.29166666666666663,16
2223,0.5552083333333333,0.10184389436507446,0.35625,0.5416666666666667,0.75,16
2224,0.13541666666666666,0.10288798520721455,-0.04583333333333333,0.13333333333333333,0.31666666666666665,16
2225,0.029166666666666667,0.11219093348196883,-0.19791666666666666,0.03333333333333333,0.20208333333333334,16
2226,-0.7989583333333333,0.04186152353627109,-0.88125,-0.7916666666666667,-0.7395833333333333,16
2227,0.4739583333333333,0.10357645290905758,0.29791666666666666,0.48333333333333334,0.6604166666666667,16
2228,0.6041666666666666,0.09510593508761106,0.4125,0.6,0.7375,16
2229,-0.6468750000000001,0.07411954261341754,-0.74375,-0.6583333333333333,-0.5229166666666667,16
2230,0.3770833333333333,0.08856004711180118,0.23958333333333334,0.36666666666666664,0.5270833333333333,16
2231,0.8,0.05432668671002208,0.7,0.8166666666666667,0.8770833333333333,16
2232,-0.3510416666666667,0.09307045382397144,-0.45,-0.375,-0.18541666666666667,16
2233,0.29791666666666666,0.11069148190654358,0.10416666666666666,0.3416666666666667,0.4479166666666667,16
2234,-0.0875,0.10760976308454132,-0.2604166666666667,-0.1,0.11458333333333333,16
2235,-0.6229166666666667,0.12372614809417701,-0.8041666666666667,-0.625,-0.3645833333333333,16
2236,0.6072916666666666,0.07659615190145723,0.45208333333333334,0.6083333333333334,0.73125,16
2237,-0.20833333333333334,0.10341394704992381,-0.38333333333333336,-0.2,-0.06666666666666667,16
2238,0.22499999999999998,0.10785149254620655,0.05,0.24166666666666667,0.4041666666666667,16
2239,0.35416666666666663,0.10466547239233726,0.11458333333333333,0.36666666666666664,0.5041666666666667,16
2240,-0.36875,0.0883637919185354,-0.4666666666666667,-0.3916666666666667,-0.20208333333333334,16
2241,-0.13749999999999998,0.08175590362645242,-0.25416666666666665,-0.13333333333333333,0.010416666666666666,16
2242,-0.27083333333333337,0.09709316831442537,-0.44166666666666665,-0.2833333333333333,-0.08958333333333333,16
2243,0.6447916666666667,0.08734485253229803,0.4916666666666667,0.6416666666666666,0.7708333333333334,16
2244,-0.159375,0.10736243620714525,-0.29375,-0.175,0.0625,16
2245,0.525,0.08477912478906584,0.42291666666666666,0.5,0.7145833333333333,16
2246,0.3354166666666667,0.06843361544023685,0.18541666666666667,0.3416666666666667,0.4375,16
2247,-0.01875,0.09553849573165085,-0.225,0.0,0.10416666666666667,16
2248,0.11145833333333333,0.11003767505066414,-0.075,0.1,0.29166666666666663,16
2249,-0.15833333333333333,0.1159202311936963,-0.3104166666666667,-0.16666666666666666,0.06875,16
2250,-0.271875,0.09837547649185747,-0.4166666666666667,-0.24166666666666667,-0.13958333333333334,16
2251,0.2635416666666667,0.11121468696724468,0.08541666666666667,0.2583333333333333,0.45,16
2252,-0.2572916666666667,0.09753360353972597,-0.4,-0.2583333333333333,-0.0625,16
2253,-0.01458333333333333,0.08288944276699066,-0.17083333333333334,-0.025,0.1375,16
2254,-0.20833333333333331,0.09354143466934854,-0.36458333333333337,-0.21666666666666667,-0.05625,16
2255,0.6364583333333333,0.0669832975657199,0.51875,0.65,0.7270833333333333,16
2256,0.4947916666666667,0.05194774016579868,0.39583333333333337,0.5,0.5770833333333334,16
2257,0.54375,0.08796996804465589,0.35625,0.55,0.6541666666666667,16
2258,0.5604166666666667,0.12372614809417701,0.35,0.5416666666666667,0.7708333333333334,16
2259,-0.290625,0.08121660638550332,-0.4354166666666667,-0.275,-0.17291666666666666,16
2260,-0.5364583333333334,0.10836838375292962,-0.7104166666666667,-0.5416666666666667,-0.34375,16
2261,0.38541666666666663,0.05460559342533816,0.30624999999999997,0.38333333333333336,0.48333333333333334,16
2262,0.058333333333333334,0.10103629710818451,-0.12291666666666666,0.06666666666666667,0.22083333333333333,16
2263,0.19479166666666667,0.10029795022553772,0.04583333333333334,0.18333333333333335,0.36041666666666666,16
2264,0.5239583333333333,0.08518133231524382,0.39166666666666666,0.5,0.65,16
2265,0.052083333333333336,0.11347953192830268,-0.11666666666666667,0.058333333333333334,0.21041666666666667,16
2266,-0.315625,0.14900931528487293,-0.55625,-0.32499999999999996,-0.07500000000000001,16
2267,-0.459375,0.1055686897895815,-0.6479166666666667,-0.44166666666666665,-0.2875,16
2268,0.4375,0.07850601533923657,0.30416666666666664,0.45,0.5833333333333334,16
2269,0.2,0.12638125740085918,0.0125,0.18333333333333335,0.4354166666666667,16
2270,0.11666666666666667,0.10622957319984969,-0.08125,0.1,0.29166666666666663,16
2271,0.0020833333333333337,0.04244072664054867,-0.06041666666666667,0.0,0.09166666666666667,16
2272,0.178125,0.10876815780722673,-0.05208333333333333,0.21666666666666667,0.31666666666666665,16
2273,0.34479166666666666,0.05326778198143999,0.24166666666666667,0.35,0.43125,16
2274,0.625,0.07993052538854531,0.5229166666666667,0.6333333333333333,0.775,16
2275,0.3572916666666667,0.10407808733777198,0.14166666666666666,0.375,0.51875,16
2276,-0.31562500000000004,0.09156599585666189,-0.44375000000000003,-0.3333333333333333,-0.15208333333333332,16
2277,0.109375,0.12651426549998226,-0.11666666666666667,0.14166666666666666,0.33333333333333337,16
2278,-0.02395833333333334,0.1284210671428606,-0.21041666666666667,-0.016666666666666666,0.21875,16
2279,-0.5479166666666667,0.10538866558284782,-0.7041666666666667,-0.5333333333333333,-0.38541666666666663,16
2280,-0.08229166666666668,0.0782776286864758,-0.22083333333333333,-0.06666666666666667,0.016666666666666666,16
2281,0.5083333333333333,0.07288689868556625,0.38958333333333334,0.5166666666666667,0.6104166666666667,16
2282,0.5177083333333334,0.09564633022814367,0.3520833333333333,0.5416666666666667,0.6604166666666667,16
2283,0.5458333333333334,0.051538820320220745,0.46875,0.5416666666666667,0.6541666666666667,16
2284,-0.7479166666666666,0.07792335087193769,-0.8875000000000001,-0.7416666666666667,-0.6229166666666667,16
2285,-0.21041666666666664,0.13081939947033,-0.41875,-0.23333333333333334,0.06458333333333333,16
2286,0.3447916666666667,0.11452176376130435,0.15625,0.3333333333333333,0.53125,16
2287,0.7677083333333333,0.055109975276713755,0.6833333333333333,0.7833333333333333,0.84375,16
2288,0.18229166666666669,0.13352443986651533,-0.09999999999999999,0.18333333333333335,0.38958333333333334,16
2289,0.6208333333333333,0.07009418267191968,0.5125,0.6083333333333334,0.7625,16
2290,0.3177083333333333,0.10077283825791332,0.10208333333333333,0.31666666666666665,0.45208333333333334,16
2291,-0.21041666666666667,0.07520227353241685,-0.32708333333333334,-0.20833333333333334,-0.09166666666666667,16
2292,0.3770833333333334,0.07380412326632647,0.25625,0.375,0.4979166666666667,16
2293,0.7354166666666666,0.10305658505026365,0.5333333333333333,0.725,0.8833333333333333,16
2294,0.70625,0.07770023416238132,0.56875,0.7166666666666666,0.8104166666666667,16
2295,0.103125,0.0998642742119968,-0.09791666666666667,0.10833333333333334,0.25625,16
2296,0.49479166666666663,0.11482455669169572,0.3395833333333333,0.5,0.6895833333333333,16
2297,0.715625,0.09885959986825313,0.5791666666666666,0.6916666666666667,0.8958333333333334,16
2298,-0.5760416666666668,0.06263007298148922,-0.6916666666666667,-0.575,-0.4895833333333333,16
2299,-0.29791666666666666,0.11393757428229431,-0.53125,-0.275,-0.17291666666666666,16
2300,-0.3572916666666667,0.07311728354348088,-0.4666666666666667,-0.35,-0.23958333333333334,16
2301,0.21354166666666669,0.09246222013762041,0.10625000000000001,0.2,0.4104166666666667,16
2302,0.421875,0.10748364701199899,0.2895833333333333,0.4083333333333333,0.6416666666666666,16
2303,-0.184375,0.09726623507729242,-0.33541666666666664,-0.18333333333333332,-0.010416666666666664,16
2304,-0.44166666666666665,0.12219065248845984,-0.6270833333333333,-0.44166666666666665,-0.24791666666666667,16
2305,0.48541666666666666,0.09107288747664331,0.32916666666666666,0.4916666666666667,0.6375000000000001,16
2306,0.7666666666666666,0.10223203455321081,0.5541666666666667,0.7583333333333333,0.9249999999999999,16
2307,-0.6479166666666667,0.06792433494542127,-0.7270833333333333,-0.6666666666666666,-0.49375,16
2308,-0.13645833333333332,0.0979332875964268,-0.29791666666666666,-0.125,0.01458333333333333,16
2309,-0.028124999999999997,0.06737095432091719,-0.12708333333333333,-0.03333333333333333,0.09375,16
2310,0.22291666666666665,0.09049919428738946,0.07916666666666666,0.23333333333333334,0.35,16
2311,0.058333333333333334,0.0905231707600018,-0.08541666666666667,0.03333333333333333,0.20416666666666666,16
2312,-0.7541666666666667,0.059947894041408996,-0.8770833333333333,-0.7333333333333334,-0.6729166666666666,16
2313,0.10729166666666667,0.07905007862460071,-0.027083333333333334,0.125,0.2375,16
2314,0.7583333333333333,0.06236095644623238,0.6333333333333333,0.775,0.8479166666666667,16
2315,-0.22291666666666665,0.16168331099886454,-0.5645833333333333,-0.2,-0.0020833333333333363,16
2316,-0.6260416666666666,0.09297713839374111,-0.7916666666666666,-0.6083333333333334,-0.47291666666666665,16
2317,0.65625,0.07165576467466599,0.5,0.6666666666666666,0.74375,16
2318,-0.11562499999999999,0.10315656082705872,-0.30416666666666664,-0.125,0.020833333333333332,16
2319,0.2958333333333333,0.12451293997903279,0.06666666666666667,0.30833333333333335,0.5,16
2320,0.4895833333333333,0.053965974362452575,0.4166666666666667,0.48333333333333334,0.5875,16
2321,-0.35104166666666664,0.08906706859627375,-0.5208333333333334,-0.3416666666666667,-0.22291666666666668,16
2322,-0.42291666666666666,0.11193918860008074,-0.55,-0.45833333333333337,-0.21666666666666667,16
2323,-0.08333333333333334,0.13017082793177756,-0.30624999999999997,-0.09166666666666667,0.12916666666666665,16
2324,0.06666666666666667,0.09965217285917832,-0.12916666666666665,0.08333333333333333,0.24375,16
2325,0.5822916666666667,0.06983829288275721,0.48333333333333334,0.6,0.7125,16
2326,0.3302083333333333,0.07710444530707104,0.21666666666666667,0.32499999999999996,0.4708333333333333,16
2327,-0.475,0.1067187372905475,-0.6375000000000001,-0.5083333333333333,-0.2791666666666667,16
2328,-0.08645833333333333,0.09358202544351726,-0.2375,-0.07500000000000001,0.08125,16
2329,-0.46979166666666666,0.11261086358439057,-0.6375000000000001,-0.475,-0.23958333333333331,16
2330,0.23124999999999998,0.09997829625584854,0.058333333333333334,0.225,0.4270833333333333,16
2331,0.4583333333333333,0.12304019216861167,0.25,0.4666666666666667,0.6375000000000001,16
2332,-0.525,0.11501811451535218,-0.6979166666666666,-0.5166666666666667,-0.2916666666666667,16
2333,0.034375,0.11508884701974094,-0.16041666666666665,0.03333333333333333,0.22083333333333333,16
2334,-0.5041666666666667,0.12240359017973651,-0.7145833333333333,-0.5,-0.3333333333333333,16
2335,-0.503125,0.08379429798619951,-0.6729166666666666,-0.4916666666666667,-0.3625,16
2336,0.103125,0.09487176103386438,-0.06666666666666667,0.08333333333333333,0.24166666666666667,16
2337,0.013541666666666667,0.09132868563296224,-0.17708333333333331,0.016666666666666666,0.14375,16
2338,-0.029166666666666667,0.12534674130409437,-0.22708333333333333,-0.04166666666666667,0.15,16
2339,-0.30208333333333337,0.0933324032691755,-0.4708333333333333,-0.29166666666666663,-0.16249999999999998,16
2340,0.6000000000000001,0.10441636738451389,0.4625,0.5583333333333333,0.7895833333333333,16
2341,0.396875,0.09541916845337384,0.2520833333333333,0.4,0.5729166666666667,16
2342,-0.34375,0.11499924516660487,-0.51875,-0.3583333333333333,-0.10416666666666666,16
2343,0.4552083333333333,0.08180234265526196,0.3395833333333333,0.43333333333333335,0.5979166666666667,16
2344,0.15625,0.09258535851370406,0.029166666666666667,0.15833333333333333,0.32499999999999996,16
2345,0.7552083333333333,0.08594223471805543,0.65,0.775,0.9104166666666667,16
2346,0.5260416666666666,0.09427514953286706,0.35624999999999996,0.5333333333333333,0.6666666666666666,16
2347,0.058333333333333334,0.11902380714238082,-0.18125,0.075,0.24166666666666667,16
2348,0.6739583333333333,0.07119241093684073,0.55625,0.6916666666666667,0.78125,16
2349,-0.5979166666666667,0.09011470314117569,-0.7270833333333333,-0.6083333333333334,-0.42500000000000004,16
2350,0.19479166666666664,0.09422909987837562,0.020833333333333332,0.2,0.36875,16
2351,0.6322916666666667,0.08343093242983149,0.4854166666666667,0.6166666666666667,0.7604166666666667,16
2352,0.3489583333333333,0.08609360821222445,0.17916666666666667,0.35,0.48125,16
2353,-0.24583333333333332,0.11433685611676868,-0.5166666666666666,-0.21666666666666667,-0.1,16
2354,0.46875,0.08856004711180118,0.3125,0.4666666666666667,0.6125,16
2355,0.04479166666666666,0.09677414104501264,-0.12708333333333333,0.04166666666666667,0.225,16
2356,-0.465625,0.06467567323448078,-0.5916666666666667,-0.4666666666666667,-0.36875,16
2357,0.25,0.10929064207170001,0.0625,0.23333333333333334,0.42083333333333334,16
2358,-0.11562499999999999,0.07441175562369161,-0.24375,-0.14166666666666666,0.008333333333333331,16
2359,0.12916666666666668,0.10248644896874036,-0.04791666666666666,0.15,0.28541666666666665,16
2360,0.22291666666666665,0.09857931803600817,0.06875,0.20833333333333331,0.40208333333333335,16
2361,0.528125,0.08674650769467451,0.3458333333333333,0.5416666666666667,0.6520833333333333,16
2362,-0.5052083333333333,0.04849067421794743,-0.5708333333333334,-0.525,-0.42291666666666666,16
2363,0.24375,0.11590150871417604,0.02291666666666667,0.23333333333333334,0.4604166666666667,16
2364,-0.39166666666666666,0.11410886614690961,-0.5708333333333334,-0.4083333333333333,-0.16875,16
2365,0.4864583333333333,0.10495017832550622,0.3125,0.5,0.69375,16
2366,-0.1,0.11989578808281799,-0.26666666666666666,-0.10833333333333334,0.11875,16
2367,-0.265625,0.13036657051688263,-0.5208333333333334,-0.2833333333333333,-0.06458333333333333,16
2368,-0.14270833333333333,0.09912267056251281,-0.32708333333333334,-0.125,0.008333333333333331,16
2369,-0.37604166666666666,0.06743534712349798,-0.4708333333333333,-0.375,-0.24375,16
2370,0.10625,0.09314620377545066,-0.08333333333333333,0.11666666666666667,0.21666666666666667,16
2371,0.2885416666666667,0.11647584841454854,0.07708333333333334,0.2833333333333333,0.47708333333333336,16
2372,-0.022916666666666665,0.11393757428229431,-0.22916666666666666,-0.025,0.17916666666666667,16
2373,0.13854166666666667,0.08201430049760293,0.02291666666666667,0.1,0.27708333333333335,16
2374,-0.271875,0.06659338420176919,-0.36666666666666664,-0.2833333333333333,-0.13541666666666666,16
2375,-0.32499999999999996,0.09316949906249125,-0.4979166666666667,-0.29166666666666663,-0.20625000000000002,16
2376,0.18854166666666666,0.08008648753760594,0.08333333333333333,0.19166666666666665,0.35833333333333334,16
2377,0.484375,0.08887193306163149,0.3416666666666667,0.48333333333333334,0.6541666666666667,16
2378,-0.6229166666666667,0.07116954521891132,-0.7,-0.6333333333333333,-0.4625,16
2379,0.8645833333333333,0.045975159355653966,0.7958333333333333,0.8666666666666667,0.9375,16
2380,0.5895833333333333,0.08796996804465587,0.40625,0.6083333333333334,0.7,16
2381,-0.05520833333333333,0.12999983306613214,-0.26458333333333334,-0.025,0.17500000000000002,16
2382,0.6583333333333333,0.0816496580927726,0.5,0.6666666666666666,0.7979166666666667,16
2383,0.7114583333333333,0.06580662696702953,0.5895833333333333,0.725,0.7937500000000001,16
2384,0.24895833333333334,0.1120312378932273,0.10208333333333333,0.21666666666666667,0.46875,16
2385,-0.5229166666666667,0.08225869592666514,-0.6604166666666667,-0.5166666666666667,-0.37916666666666665,16
2386,-0.43333333333333335,0.08700255424092126,-0.5437500000000001,-0.4666666666666667,-0.2791666666666667,16
2387,0.5604166666666667,0.055862865324133,0.44166666666666665,0.55,0.64375,16
2388,0.09479166666666666,0.10844845645897101,-0.07708333333333334,0.09166666666666667,0.24375,16
2389,0.3614583333333333,0.09623444138318325,0.17291666666666666,0.3916666666666667,0.47708333333333336,16
2390,-0.253125,0.07866480179639854,-0.35,-0.25,-0.12291666666666667,16
2391,0.496875,0.0690256469042888,0.39583333333333337,0.4916666666666667,0.6104166666666667,16
2392,0.43229166666666663,0.0741780773057497,0.30833333333333335,0.42500000000000004,0.5437500000000001,16
2393,0.03020833333333333,0.10900731849793899,-0.16875,0.03333333333333333,0.21041666666666667,16
2394,0.16354166666666667,0.11183736176301332,-0.03125,0.13333333333333333,0.37083333333333335,16
2395,-0.7666666666666666,0.10206207261596575,-0.9270833333333334,-0.775,-0.5604166666666667,16
2396,-0.11666666666666667,0.0907147544044885,-0.24375,-0.13333333333333333,0.05416666666666667,16
2397,0.68125,0.0964428083258559,0.4979166666666667,0.6916666666666667,0.8333333333333334,16
2398,0.14166666666666666,0.11770372409854613,-0.03125,0.13333333333333333,0.36458333333333337,16
2399,-0.43229166666666663,0.10281941255046259,-0.6354166666666666,-0.4083333333333333,-0.2895833333333333,16
2400,-0.25,0.08228507357554792,-0.3770833333333333,-0.2583333333333333,-0.08541666666666667,16
2401,0.20104166666666667,0.1143321109628534,0.004166666666666673,0.20833333333333334,0.41875,16
2402,-0.28229166666666666,0.10025466704293068,-0.4979166666666667,-0.2583333333333333,-0.14166666666666666,16
2403,0.36354166666666665,0.12349352631480999,0.18333333333333332,0.36666666666666664,0.5833333333333333,16
2404,-0.2864583333333333,0.060443600318350034,-0.3770833333333333,-0.2833333333333333,-0.17916666666666667,16
2405,-0.14583333333333331,0.0722889648870728,-0.25416666666666665,-0.14166666666666666,-0.025,16
2406,0.23645833333333333,0.08441357143058612,0.05625,0.25,0.3333333333333333,16
2407,0.33125,0.09680216796240786,0.13958333333333334,0.32499999999999996,0.5083333333333333,16
2408,-0.63125,0.10169996039549103,-0.7666666666666667,-0.6666666666666667,-0.45,16
2409,0.8041666666666667,0.06305310812675649,0.6645833333333333,0.8166666666666667,0.8875000000000001,16
2410,0.175,0.11711224435462664,-0.07291666666666667,0.20833333333333334,0.3208333333333333,16
2411,0.5854166666666667,0.0910728874766433,0.4354166666666667,0.5833333333333334,0.75,16
2412,-0.35520833333333335,0.1086084247678584,-0.5270833333333333,-0.36666666666666664,-0.16875,16
2413,0.37395833333333334,0.0885784237429058,0.22916666666666669,0.375,0.5416666666666666,16
2414,-0.6666666666666667,0.08700255424092126,-0.8104166666666667,-0.6583333333333333,-0.525,16
2415,0.3583333333333333,0.10391636594449939,0.22916666666666669,0.3333333333333333,0.5270833333333333,16
2416,-0.14895833333333336,0.09003640274602515,-0.26458333333333334,-0.175,0.041666666666666664,16
2417,-0.5885416666666666,0.06527685430788874,-0.69375,-0.6,-0.4895833333333333,16
2418,-0.20937499999999998,0.0912811495539407,-0.36041666666666666,-0.19166666666666665,-0.06458333333333333,16
2419,0.7197916666666666,0.08843130376801595,0.5895833333333333,0.7333333333333333,0.85,16
2420,0.2125,0.07371585838730889,0.06666666666666667,0.20833333333333334,0.35208333333333336,16
2421,-0.4708333333333333,0.0997392433632152,-0.6,-0.475,-0.2791666666666667,16
2422,-0.478125,0.08492618322532941,-0.6104166666666667,-0.48333333333333334,-0.31875,16
2423,0.2989583333333333,0.11584063975757578,0.08125,0.32499999999999996,0.4708333333333333,16
2424,-0.22291666666666665,0.09822646028438568,-0.3958333333333333,-0.21666666666666667,-0.04791666666666666,16
2425,0.4739583333333333,0.09279022600288603,0.35,0.45,0.6729166666666666,16
2426,0.6427083333333333,0.043288739073291976,0.5458333333333333,0.65,0.7104166666666667,16
2427,0.17395833333333333,0.09519146458877265,0.0125,0.16666666666666666,0.3,16
2428,0.5979166666666667,0.08637671850678282,0.4895833333333333,0.6,0.73125,16
2429,-0.14791666666666667,0.12386638746828957,-0.3958333333333333,-0.15,0.08125,16
2430,0.07500000000000001,0.0797130269571208,-0.016666666666666666,0.058333333333333334,0.22083333333333333,16
2431,0.7677083333333334,0.07510842856608484,0.6729166666666666,0.7416666666666667,0.89375,16
2432,-0.06041666666666666,0.09088205879661349,-0.19375,-0.058333333333333334,0.10833333333333334,16
2433,0.184375,0.09726623507729242,0.025,0.20833333333333334,0.32708333333333334,16
2434,0.002083333333333333,0.092772683659218,-0.14375,-0.008333333333333333,0.16875,16
2435,0.590625,0.05802560198835606,0.4625,0.6083333333333334,0.6604166666666667,16
2436,-0.4447916666666667,0.07137507297135794,-0.5708333333333334,-0.44166666666666665,-0.35,16
2437,0.38645833333333335,0.10691682092740236,0.15208333333333335,0.4083333333333333,0.5,16
2438,0.28229166666666666,0.10197166511394776,0.10625000000000001,0.2833333333333333,0.45,16
2439,0.5760416666666667,0.084156094633062,0.45208333333333334,0.5833333333333333,0.7458333333333333,16
2440,0.052083333333333336,0.12372614809417702,-0.17708333333333331,0.04166666666666667,0.21041666666666667,16
2441,0.715625,0.07602739592117802,0.58125,0.7166666666666667,0.8520833333333333,16
2442,0.4541666666666667,0.08848650242331375,0.3416666666666667,0.43333333333333335,0.6604166666666667,16
2443,0.3020833333333333,0.11724188552826256,0.07500000000000001,0.32499999999999996,0.48125,16
2444,0.3697916666666667,0.09413693299007451,0.17916666666666667,0.3916666666666667,0.49375,16
2445,0.38125000000000003,0.09662265521087693,0.24583333333333335,0.4,0.5729166666666667,16
2446,-0.40520833333333334,0.08774148225516444,-0.5437500000000001,-0.4083333333333333,-0.24583333333333335,16
2447,0.3458333333333333,0.0782845592835664,0.18333333333333335,0.35,0.45416666666666666,16
2448,-0.15104166666666669,0.11387565556586515,-0.3875,-0.13333333333333333,0.05208333333333333,16
2449,-0.365625,0.09528261143391624,-0.525,-0.35,-0.20833333333333331,16
2450,0.008333333333333328,0.12190615698606494,-0.20833333333333334,0.0,0.18333333333333332,16
2451,0.5322916666666667,0.10548643113110699,0.32708333333333334,0.5416666666666667,0.6770833333333334,16
2452,0.4572916666666667,0.10357645290905758,0.3333333333333333,0.4666666666666667,0.6416666666666666,16
2453,0.18020833333333333,0.09916644782889018,0.029166666666666667,0.15833333333333333,0.34375,16
2454,-0.034375,0.07082567360545657,-0.12708333333333333,-0.05,0.09375,16
2455,0.7406250000000001,0.07045702738785771,0.5875,0.75,0.8479166666666667,16
2456,-0.15625,0.09462554124313136,-0.29375,-0.15,0.03125,16
2457,0.51875,0.07497105923102741,0.4395833333333333,0.5,0.6645833333333333,16
2458,-0.7552083333333333,0.06889977372564038,-0.8833333333333333,-0.75,-0.6354166666666666,16
2459,-0.007291666666666667,0.12147369828485506,-0.15416666666666667,-0.05,0.21041666666666667,16
2460,0.5947916666666666,0.12172355262597656,0.3229166666666667,0.6,0.74375,16
2461,0.628125,0.08833308765689105,0.4854166666666667,0.625,0.7916666666666666,16
2462,-0.359375,0.1067136533881417,-0.5,-0.375,-0.16875,16
2463,-0.5260416666666667,0.10622446588605555,-0.7229166666666667,-0.5083333333333333,-0.3625,16
2464,0.578125,0.07877507316897761,0.48333333333333334,0.5666666666666667,0.7520833333333333,16
2465,-0.36458333333333337,0.06969053618199056,-0.45,-0.38333333333333336,-0.225,16
2466,0.49166666666666664,0.08740073734751264,0.33541666666666664,0.4916666666666667,0.63125,16
2467,0.46249999999999997,0.0846766726370899,0.30624999999999997,0.4666666666666667,0.6041666666666667,16
2468,0.08020833333333333,0.0773292810540311,-0.06041666666666667,0.10833333333333334,0.18125,16
2469,-0.4604166666666667,0.10522380249311993,-0.6145833333333334,-0.475,-0.24583333333333332,16
2470,0.6458333333333334,0.06468406123441676,0.5125,0.6499999999999999,0.7375,16
2471,0.6958333333333333,0.07156485015549029,0.6,0.6833333333333333,0.8145833333333333,16
2472,0.625,0.05713045500334201,0.5166666666666667,0.625,0.7,16
2473,-0.06145833333333333,0.09605386762703057,-0.21666666666666667,-0.058333333333333334,0.11875,16
2474,-0.06666666666666667,0.08270597183866338,-0.225,-0.06666666666666667,0.07916666666666666,16
2475,0.5041666666666667,0.10857345183996153,0.2875,0.5333333333333333,0.65,16
2476,0.5875,0.08730136183232068,0.42708333333333337,0.5833333333333334,0.7041666666666667,16
2477,-0.3270833333333333,0.08516222264987373,-0.4479166666666667,-0.3333333333333333,-0.13958333333333334,16
2478,0.7437499999999999,0.05460559342533816,0.6354166666666666,0.75,0.8333333333333334,16
2479,0.5375000000000001,0.09583333333333333,0.3520833333333333,0.55,0.6770833333333334,16
2480,0.005208333333333336,0.0628376297160653,-0.08333333333333333,0.008333333333333333,0.10833333333333334,16
2481,0.37604166666666666,0.10034121473751452,0.19583333333333333,0.36666666666666664,0.5208333333333334,16
2482,0.3145833333333333,0.09733871988519723,0.15833333333333333,0.32499999999999996,0.4916666666666667,16
2483,-0.15833333333333333,0.1131923142267177,-0.3104166666666667,-0.19166666666666665,0.025,16
2484,0.659375,0.07636915780528739,0.5395833333333333,0.6583333333333333,0.7770833333333333,16
2485,0.30104166666666665,0.10145961669277312,0.16249999999999998,0.2833333333333333,0.5041666666666667,16
2486,0.012499999999999999,0.11016086722001904,-0.15416666666666667,-0.008333333333333333,0.2520833333333333,16
2487,0.37604166666666666,0.06691846977645427,0.26875,0.375,0.47708333333333336,16
2488,0.25937499999999997,0.12922965534057748,0.025,0.2583333333333333,0.44375000000000003,16
2489,0.6270833333333334,0.07380412326632646,0.5125,0.6666666666666666,0.7166666666666667,16
2490,0.5760416666666667,0.08206720442214824,0.45,0.6166666666666667,0.6708333333333334,16
2491,0.6666666666666667,0.06508541396588878,0.5354166666666667,0.675,0.7541666666666667,16
2492,-0.25520833333333337,0.11160426583593379,-0.48125,-0.21666666666666667,-0.11666666666666667,16
2493,-0.5916666666666667,0.0689706056551952,-0.6770833333333334,-0.6083333333333334,-0.4791666666666667,16
2494,-0.04375,0.10669840022751564,-0.23125,-0.04166666666666667,0.12708333333333333,16
2495,0.0625,0.09816015824491456,-0.1,0.06666666666666667,0.1875,16
2496,-0.5614583333333334,0.10569195773830456,-0.7479166666666667,-0.5666666666666667,-0.36041666666666666,16
2497,-0.6968749999999999,0.10560979509233243,-0.84375,-0.7166666666666667,-0.47500000000000003,16
2498,0.5302083333333334,0.0979332875964268,0.38958333333333334,0.5166666666666667,0.7270833333333333,16
2499,-0.2520833333333333,0.0733321496116585,-0.35416666666666663,-0.275,-0.09583333333333333,16
2500,-0.27187500000000003,0.12057713500540271,-0.45,-0.26666666666666666,-0.012499999999999997,16
2501,0.2458333333333333,0.14012643100666866,0.05,0.23333333333333334,0.5,16
2502,0.04895833333333333,0.09381363580998707,-0.11041666666666666,0.05,0.21041666666666667,16
2503,-0.25520833333333337,0.09802188495716432,-0.4104166666666667,-0.25,-0.0625,16
2504,0.33125,0.11193918860008073,0.12916666666666665,0.3583333333333333,0.4875,16
2505,0.3145833333333333,0.0761201079435213,0.19583333333333333,0.30833333333333335,0.475,16
2506,-0.37187499999999996,0.10651009830840769,-0.5604166666666667,-0.3833333333333333,-0.17916666666666667,16
2507,-0.09687499999999999,0.15525726298094183,-0.3333333333333333,-0.09166666666666667,0.21666666666666667,16
2508,-0.13333333333333333,0.06947221666888778,-0.25416666666666665,-0.13333333333333333,-0.00625,16
2509,-0.23958333333333331,0.08875586835058663,-0.39166666666666666,-0.24166666666666667,-0.09583333333333333,16
2510,0.453125,0.08764249310250263,0.31666666666666665,0.45833333333333337,0.6020833333333333,16
2511,0.7729166666666667,0.06343057228182639,0.66875,0.775,0.8770833333333333,16
2512,0.39166666666666666,0.11023963796102462,0.20833333333333331,0.4083333333333333,0.56875,16
2513,-0.09999999999999999,0.11226827987756234,-0.2708333333333333,-0.11666666666666667,0.09166666666666667,16
2514,-0.3229166666666667,0.11224894827520163,-0.49375,-0.3416666666666667,-0.12708333333333333,16
2515,0.7572916666666667,0.07143585652333304,0.6395833333333333,0.7916666666666667,0.85,16
2516,0.603125,0.09283698938043079,0.41458333333333336,0.6083333333333334,0.7416666666666667,16
2517,0.22083333333333333,0.07034142923389222,0.08541666666666667,0.23333333333333334,0.3333333333333333,16
2518,0.6031249999999999,0.09863983834300079,0.45625,0.6166666666666667,0.74375,16
2519,0.7166666666666667,0.050689687752485175,0.6395833333333333,0.7083333333333333,0.8041666666666667,16
2520,0.43020833333333336,0.09037321344476656,0.27291666666666664,0.42500000000000004,0.5708333333333334,16
2521,0.19270833333333334,0.09089996600353845,0.05208333333333333,0.2,0.33749999999999997,16
2522,0.4125,0.10857345183996155,0.21458333333333332,0.4,0.5770833333333334,16
2523,0.103125,0.14863017465994058,-0.17708333333333331,0.11666666666666667,0.30833333333333335,16
2524,-0.7010416666666667,0.07033371593497831,-0.8,-0.7,-0.5625,16
2525,0.37083333333333335,0.09619496983845996,0.25,0.3833333333333333,0.5354166666666667,16
2526,0.23854166666666668,0.10167328359614546,0.008333333333333335,0.24166666666666667,0.39166666666666666,16
2527,0.7645833333333334,0.06715317275535916,0.6625,0.775,0.8604166666666667,16
2528,-0.040625,0.10016804456900304,-0.225,-0.008333333333333333,0.08750000000000001,16
2529,0.1,0.10801234497346433,-0.09583333333333333,0.10833333333333334,0.2708333333333333,16
2530,0.42604166666666665,0.12204404231214604,0.19583333333333333,0.4166666666666667,0.6208333333333333,16
2531,0.30937499999999996,0.1075240202492241,0.13958333333333334,0.3,0.5166666666666666,16
2532,-0.14791666666666664,0.12456521607397289,-0.34375,-0.11666666666666667,0.0375,16
2533,-0.33437500000000003,0.09990772652525151,-0.4666666666666667,-0.3416666666666667,-0.13333333333333333,16
2534,-0.5302083333333334,0.09432117670491606,-0.7041666666666667,-0.5083333333333333,-0.4,16
2535,-0.09270833333333334,0.13488276159317023,-0.34791666666666665,-0.07500000000000001,0.13541666666666666,16
2536,0.25,0.1,0.10625000000000001,0.25,0.44375000000000003,16
2537,-0.31875,0.09258535851370406,-0.44375000000000003,-0.32499999999999996,-0.125,16
2538,0.4354166666666667,0.11768528535415501,0.2625,0.44166666666666665,0.6208333333333333,16
2539,-0.33229166666666665,0.10163058615233245,-0.5395833333333333,-0.3416666666666667,-0.14375,16
2540,0.05312499999999999,0.11245658884654115,-0.10416666666666667,0.041666666666666664,0.21666666666666667,16
2541,-0.13854166666666665,0.13159264137439028,-0.26458333333333334,-0.175,0.17291666666666666,16
2542,0.7614583333333333,0.03666607480582927,0.6958333333333333,0.7666666666666667,0.8208333333333334,16
2543,0.1375,0.07716774657271722,-0.012499999999999997,0.13333333333333333,0.25416666666666665,16
2544,-0.5020833333333333,0.1015291077584267,-0.6729166666666666,-0.4916666666666667,-0.3375,16
2545,-0.07916666666666666,0.1021470889344272,-0.28541666666666665,-0.04166666666666667,0.05416666666666667,16
2546,-0.078125,0.07811110987632368,-0.21041666666666667,-0.075,0.04791666666666666,16
2547,0.44375000000000003,0.06766825737046549,0.32499999999999996,0.44166666666666665,0.5375000000000001,16
2548,-0.21145833333333333,0.13651398356334538,-0.3770833333333333,-0.21666666666666667,0.0625,16
2549,0.28020833333333334,0.08764249310250263,0.14583333333333331,0.26666666666666666,0.44166666666666665,16
2550,0.35833333333333334,0.10103629710818451,0.16041666666666665,0.35833333333333334,0.5104166666666667,16
2551,0.3614583333333333,0.0647427468052514,0.25625,0.35,0.4604166666666667,16
2552,0.06979166666666667,0.1147489333646868,-0.11666666666666667,0.1,0.22083333333333333,16
2553,-0.39166666666666666,0.08599903100229289,-0.5479166666666667,-0.3916666666666667,-0.2520833333333333,16
2554,0.7416666666666667,0.08660254037844387,0.5625,0.7416666666666667,0.8604166666666667,16
2555,0.553125,0.08724541336240993,0.4395833333333333,0.5666666666666667,0.7333333333333334,16
2556,0.5520833333333333,0.09258535851370404,0.38958333333333334,0.575,0.68125,16
2557,0.2677083333333333,0.11326418693332269,0.03125,0.2833333333333333,0.42916666666666664,16
2558,0.3041666666666667,0.08426561840065284,0.19166666666666665,0.29166666666666663,0.47708333333333336,16
2559,0.5802083333333334,0.07619846847031914,0.45833333333333337,0.5666666666666667,0.7208333333333333,16
2560,0.2125,0.08887803753208975,0.06875,0.20833333333333334,0.35,16
2561,-0.34479166666666666,0.08714586072594997,-0.45416666666666666,-0.38333333333333336,-0.17291666666666666,16
2562,-0.421875,0.08774148225516444,-0.5833333333333334,-0.4,-0.3125,16
2563,-0.43125,0.12386638746828958,-0.5875,-0.475,-0.18333333333333332,16
2564,-0.3489583333333333,0.10094497091374974,-0.4875,-0.36666666666666664,-0.13333333333333333,16
2565,0.43020833333333336,0.10626531752332617,0.2895833333333333,0.42500000000000004,0.6270833333333333,16
2566,0.6791666666666667,0.08447139555297205,0.5354166666666667,0.675,0.8104166666666667,16
2567,0.03333333333333333,0.12665570127975553,-0.12708333333333333,-0.016666666666666666,0.27708333333333335,16
2568,-0.3822916666666667,0.07155726873164832,-0.5020833333333333,-0.4,-0.26666666666666666,16
2569,0.6645833333333333,0.08330728759638417,0.475,0.6833333333333333,0.7708333333333334,16
2570,-0.17604166666666665,0.10340870067358936,-0.3145833333333333,-0.18333333333333332,0.03958333333333333,16
2571,-0.3104166666666667,0.10863339853736409,-0.5020833333333333,-0.29166666666666663,-0.1375,16
2572,0.45416666666666666,0.09991315673568166,0.2895833333333333,0.4916666666666667,0.6083333333333333,16
2573,0.43645833333333334,0.08684651811289462,0.275,0.475,0.5270833333333333,16
2574,-0.5364583333333334,0.06852076682372368,-0.6916666666666667,-0.5166666666666667,-0.45,16
2575,0.740625,0.06896273903348098,0.6020833333333333,0.75,0.84375,16
2576,0.11145833333333334,0.11113660731780106,-0.0375,0.09166666666666667,0.34375,16
2577,-0.2947916666666667,0.09907887395347652,-0.46875,-0.2583333333333333,-0.18333333333333332,16
2578,-0.409375,0.11054925215838314,-0.6083333333333333,-0.4,-0.25,16
2579,0.016666666666666666,0.07406828681096324,-0.08750000000000001,0.0,0.14375,16
2580,0.3458333333333333,0.09344858955002419,0.18333333333333332,0.3416666666666667,0.49375,16
2581,0.7645833333333333,0.07309501997020347,0.6520833333333333,0.7583333333333333,0.90625,16
2582,-0.4895833333333333,0.07520227353241685,-0.6208333333333333,-0.48333333333333334,-0.37916666666666665,16
2583,0.7770833333333333,0.06611096521926013,0.6729166666666666,0.7583333333333333,0.9,16
2584,0.5489583333333333,0.058175008356013344,0.4666666666666667,0.55,0.64375,16
2585,0.34062499999999996,0.08818555838873696,0.18958333333333333,0.3583333333333333,0.48125,16
2586,0.6739583333333334,0.08579059413284575,0.5104166666666667,0.675,0.7979166666666667,16
2587,0.459375,0.08456768122831165,0.32499999999999996,0.44166666666666665,0.59375,16
2588,0.4125,0.112962014264383,0.16458333333333333,0.43333333333333335,0.5541666666666667,16
2589,-0.5677083333333334,0.10614271544324964,-0.7375,-0.5833333333333333,-0.36875,16
2590,0.22083333333333333,0.12835768167291137,0.03125,0.2,0.43333333333333335,16
2591,-0.36041666666666666,0.0942578835488635,-0.5083333333333333,-0.3583333333333333,-0.16041666666666665,16
2592,0.5635416666666666,0.07505061949185438,0.41458333333333336,0.5666666666666667,0.6833333333333333,16
2593,0.6958333333333333,0.07603453162872775,0.6,0.6833333333333333,0.84375,16
2594,0.3458333333333333,0.0978057882858792,0.15625,0.375,0.4854166666666667,16
2595,0.41874999999999996,0.06689414315834302,0.31875,0.3916666666666667,0.5375000000000001,16
2596,0.8520833333333333,0.060917464655056014,0.7729166666666667,0.85,0.9645833333333333,16
2597,0.058333333333333334,0.15069284433354269,-0.26041666666666663,0.10833333333333334,0.27708333333333335,16
2598,-0.4270833333333333,0.09011470314117571,-0.5645833333333333,-0.43333333333333335,-0.2833333333333333,16
2599,0.6458333333333334,0.06909634979907082,0.5458333333333333,0.6583333333333333,0.7791666666666667,16
2600,-0.1958333333333333,0.12126360175712707,-0.3979166666666667,-0.20833333333333334,-0.02291666666666667,16
2601,0.23645833333333335,0.09863983834300082,0.03333333333333334,0.24166666666666667,0.38333333333333336,16
2602,-0.5416666666666666,0.12458263656438379,-0.6833333333333333,-0.6000000000000001,-0.29583333333333334,16
2603,0.6364583333333333,0.0991664478288902,0.4791666666666667,0.6416666666666666,0.7937500000000001,16
2604,0.51875,0.10084280258567455,0.39583333333333337,0.5,0.7083333333333333,16
2605,-0.5947916666666667,0.10683560027496036,-0.7541666666666667,-0.625,-0.3875,16
2606,-0.12395833333333332,0.11195372773060205,-0.27708333333333335,-0.15,0.08750000000000001,16
2607,-0.684375,0.07008644216251814,-0.8041666666666667,-0.6833333333333333,-0.56875,16
2608,0.375,0.06373774391990981,0.2583333333333333,0.375,0.47708333333333336,16
2609,-0.66875,0.08597379284151394,-0.8333333333333333,-0.6666666666666666,-0.55625,16
2610,-0.026041666666666664,0.10307237714613725,-0.21041666666666667,0.016666666666666666,0.11041666666666666,16
2611,0.5447916666666667,0.09274343904617248,0.42291666666666666,0.55,0.6770833333333334,16
2612,-0.215625,0.1364821862104274,-0.4375,-0.16666666666666666,0.014583333333333323,16
2613,0.665625,0.058472675836192436,0.5395833333333333,0.6833333333333333,0.75,16
2614,0.7958333333333334,0.06250000000000001,0.6854166666666667,0.825,0.8666666666666667,16
2615,0.2572916666666667,0.12104417668080253,0.07291666666666666,0.24166666666666667,0.4979166666666667,16
2616,-0.5072916666666667,0.1300332155750129,-0.75,-0.48333333333333334,-0.28541666666666665,16
2617,-0.019791666666666666,0.10395290566993412,-0.1875,-0.025,0.17083333333333334,16
2618,0.5656249999999999,0.08609360821222442,0.41250000000000003,0.5916666666666667,0.6666666666666666,16
2619,-0.5427083333333333,0.09279022600288601,-0.7083333333333333,-0.5666666666666667,-0.40625,16
2620,-0.11354166666666667,0.14921306889999802,-0.38333333333333336,-0.14166666666666666,0.14583333333333331,16
2621,0.7604166666666666,0.0733321496116585,0.65625,0.775,0.8770833333333333,16
2622,0.7260416666666667,0.05399612576122682,0.6354166666666666,0.7333333333333333,0.8104166666666667,16
2623,0.15729166666666666,0.10573301511879395,-0.037500000000000006,0.16666666666666666,0.3333333333333333,16
2624,0.09791666666666668,0.12512146875914,-0.11041666666666666,0.1,0.30833333333333335,16
2625,0.11145833333333333,0.10470175068843034,-0.05833333333333333,0.10833333333333334,0.27708333333333335,16
2626,0.09166666666666667,0.055590266933859725,0.02291666666666667,0.075,0.20833333333333334,16
2627,-0.19270833333333334,0.10474319621234486,-0.35416666666666663,-0.19166666666666665,-0.04166666666666667,16
2628,-0.18854166666666666,0.1208647588445679,-0.4,-0.19166666666666665,0.0375,16
2629,0.13229166666666667,0.09564633022814367,0.0125,0.1,0.32708333333333334,16
2630,0.28541666666666665,0.12059963032005254,0.08333333333333333,0.31666666666666665,0.45833333333333337,16
2631,0.515625,0.07228145941387736,0.39583333333333337,0.5083333333333333,0.64375,16
2632,0.203125,0.10428638953222355,0.04583333333333334,0.2,0.41041666666666665,16
2633,0.725,0.060667582410671,0.6229166666666667,0.725,0.8270833333333334,16
2634,0.578125,0.0751661931803269,0.42708333333333337,0.6,0.6666666666666666,16
2635,0.665625,0.07805552466389265,0.5145833333333333,0.6666666666666667,0.7708333333333334,16
2636,0.07395833333333333,0.11288033702160492,-0.08333333333333333,0.08333333333333333,0.25416666666666665,16
2637,-0.6510416666666666,0.08689648015822556,-0.7979166666666667,-0.6499999999999999,-0.50625,16
2638,0.33333333333333337,0.11380416903123053,0.17291666666666666,0.3416666666666667,0.5479166666666667,16
2639,0.40729166666666666,0.09824302880272642,0.25625,0.4166666666666667,0.5625,16
2640,-0.06770833333333333,0.13313380252587995,-0.2708333333333333,-0.09166666666666667,0.20625,16
2641,-0.17812499999999998,0.11360854299596782,-0.37083333333333335,-0.16666666666666666,0.010416666666666666,16
2642,0.096875,0.09740001105122,-0.11458333333333333,0.1,0.24166666666666667,16
2643,0.12916666666666668,0.14000248013676203,-0.08125,0.10833333333333334,0.39375000000000004,16
2644,-0.39687500000000003,0.11803053247877103,-0.59375,-0.38333333333333336,-0.22916666666666669,16
2645,0.025,0.13527235900623272,-0.19375,0.008333333333333331,0.26875,16
2646,0.30625,0.1050586806926914,0.14583333333333331,0.31666666666666665,0.4791666666666667,16
2647,0.5583333333333333,0.08740073734751262,0.36666666666666664,0.5833333333333334,0.6708333333333334,16
2648,0.6468750000000001,0.06433925652784275,0.55625,0.6583333333333333,0.7541666666666667,16
2649,-0.21979166666666666,0.10900731849793897,-0.36041666666666666,-0.225,-0.025,16
2650,0.3135416666666666,0.09846367597297549,0.19583333333333333,0.2833333333333333,0.5416666666666666,16
2651,-0.4479166666666667,0.06817945071647322,-0.575,-0.45,-0.35624999999999996,16
2652,-0.328125,0.10403637685124052,-0.4916666666666667,-0.3333333333333333,-0.14583333333333331,16
2653,0.13645833333333335,0.14944559001522928,-0.09375,0.11666666666666667,0.4145833333333333,16
2654,-0.22499999999999998,0.08333333333333333,-0.35,-0.21666666666666667,-0.10625000000000001,16
2655,-0.14479166666666665,0.11406606729581471,-0.32499999999999996,-0.15833333333333333,0.07083333333333333,16
2656,0.32395833333333335,0.07772117856300316,0.18541666666666667,0.35,0.42083333333333334,16
2657,0.015625,0.10515675303247687,-0.14791666666666667,-0.008333333333333333,0.19583333333333333,16
2658,0.4458333333333333,0.0956520023604083,0.2625,0.42500000000000004,0.59375,16
2659,0.4760416666666667,0.07382617299741634,0.35624999999999996,0.4666666666666667,0.6083333333333333,16
2660,0.5114583333333333,0.08327471896947143,0.39791666666666664,0.5,0.6916666666666667,16
2661,0.6145833333333334,0.08413675210961945,0.46458333333333335,0.6333333333333333,0.7270833333333333,16
2662,-0.08645833333333333,0.12093655792053395,-0.2604166666666667,-0.075,0.11666666666666667,16
2663,0.5687500000000001,0.10863339853736408,0.40625,0.575,0.7541666666666667,16
2664,-0.5145833333333334,0.06063180087856353,-0.6104166666666667,-0.5333333333333333,-0.41250000000000003,16
2665,0.48854166666666665,0.07921462363239647,0.35624999999999996,0.475,0.625,16
2666,0.525,0.09372684899334993,0.38333333333333336,0.5333333333333334,0.68125,16
2667,-0.19166666666666665,0.08498365855987974,-0.3416666666666667,-0.19166666666666665,-0.08333333333333333,16
2668,0.2927083333333333,0.0918499587945229,0.15208333333333332,0.3,0.4625,16
2669,-0.028125000000000004,0.09605386762703057,-0.19583333333333333,-0.03333333333333334,0.14583333333333331,16
2670,0.48541666666666666,0.08697760727145043,0.3416666666666667,0.4666666666666667,0.65,16
2671,0.011458333333333334,0.09385988930019279,-0.12916666666666665,-0.016666666666666666,0.18541666666666667,16
2672,0.5614583333333334,0.08872529977094722,0.3833333333333333,0.5666666666666667,0.7041666666666667,16
2673,-0.0625,0.08090203266228166,-0.20416666666666666,-0.04166666666666667,0.05416666666666667,16
2674,0.396875,0.10243879439559128,0.22083333333333333,0.4166666666666667,0.58125,16
2675,-0.559375,0.11164314895385805,-0.7291666666666667,-0.5916666666666667,-0.3333333333333333,16
2676,-0.17395833333333333,0.03225804701500421,-0.23333333333333334,-0.16666666666666666,-0.13333333333333333,16
2677,0.6395833333333334,0.09069082858199548,0.45833333333333337,0.65,0.7541666666666667,16
2678,-0.159375,0.08353491244517003,-0.29791666666666666,-0.15833333333333333,-0.02291666666666667,16
2679,0.7093750000000001,0.06263007298148923,0.5958333333333333,0.725,0.7979166666666667,16
2680,-0.5135416666666667,0.09881568666236933,-0.68125,-0.5333333333333333,-0.32708333333333334,16
2681,-0.6354166666666667,0.12045558771228136,-0.84375,-0.6333333333333333,-0.39791666666666664,16
2682,0.15,0.10817295821455974,-0.04583333333333333,0.16666666666666666,0.26666666666666666,16
2683,0.28437500000000004,0.07693538730288194,0.15625,0.2833333333333333,0.4104166666666667,16
2684,-0.6395833333333334,0.10847346705787345,-0.8104166666666667,-0.6583333333333333,-0.4395833333333333,16
2685,-0.44270833333333337,0.0912811495539407,-0.5770833333333334,-0.44166666666666665,-0.2895833333333333,16
2686,0.23229166666666665,0.0741780773057497,0.11875,0.23333333333333334,0.3854166666666667,16
2687,-0.584375,0.09269662847458668,-0.71875,-0.5916666666666667,-0.375,16
2688,0.4447916666666667,0.08051887934239743,0.31875,0.43333333333333335,0.6020833333333333,16
2689,0.7760416666666667,0.07704813385511394,0.6145833333333334,0.7916666666666667,0.8833333333333333,16
2690,0.7770833333333333,0.050646857421430096,0.6854166666666667,0.7916666666666667,0.8541666666666667,16
2691,-0.03125,0.10653556396287997,-0.20833333333333334,-0.03333333333333333,0.13125,16
2692,0.24270833333333336,0.0912811495539407,0.035416666666666666,0.26666666666666666,0.36666666666666664,16
2693,-0.5114583333333333,0.09142368364136044,-0.6604166666666667,-0.5166666666666667,-0.3458333333333333,16
2694,0.440625,0.07021018790824529,0.3333333333333333,0.44166666666666665,0.5437500000000001,16
2695,0.6552083333333334,0.0869464134938552,0.55,0.625,0.8,16
2696,0.8197916666666667,0.06826692657421225,0.7333333333333333,0.7916666666666667,0.95,16
2697,0.26249999999999996,0.10680004681646912,0.02500000000000001,0.26666666666666666,0.3770833333333333,16
2698,-0.48958333333333337,0.10718542474505467,-0.66875,-0.4666666666666667,-0.32499999999999996,16
2699,-0.5916666666666667,0.0907147544044885,-0.7770833333333333,-0.575,-0.4895833333333333,16
2700,0.030208333333333337,0.07976065541843158,-0.1,0.05,0.15833333333333333,16
2701,0.44375000000000003,0.058593171293438474,0.35,0.45,0.5333333333333333,16
2702,-0.28437500000000004,0.09780024106707395,-0.4604166666666667,-0.26666666666666666,-0.12916666666666665,16
2703,-0.5916666666666666,0.09860132971832691,-0.76875,-0.6000000000000001,-0.45,16
2704,0.6937500000000001,0.06451609403000842,0.56875,0.7083333333333333,0.78125,16
2705,-0.5687500000000001,0.07520227353241686,-0.7229166666666667,-0.5583333333333333,-0.46875,16
2706,-0.07083333333333333,0.1104756131963571,-0.21041666666666667,-0.11666666666666667,0.14166666666666666,16
2707,0.38541666666666663,0.10799225152245365,0.15208333333333335,0.39166666666666666,0.5270833333333333,16
2708,0.018750000000000003,0.09145335028186653,-0.11458333333333333,-0.016666666666666666,0.19583333333333333,16
2709,0.13541666666666669,0.1241463909619965,-0.07708333333333334,0.15,0.33958333333333335,16
2710,0.46875,0.07657489978953795,0.3145833333333333,0.475,0.5833333333333334,16
2711,0.03125,0.1184205957593526,-0.18541666666666667,0.041666666666666664,0.21458333333333332,16
2712,0.4,0.08838834764831845,0.2520833333333333,0.3916666666666667,0.5604166666666667,16
2713,-0.35416666666666663,0.11792476415070756,-0.5479166666666667,-0.38333333333333336,-0.11875,16
2714,-0.5395833333333333,0.1106914819065436,-0.7354166666666667,-0.5416666666666667,-0.3458333333333333,16
2715,-0.29375,0.08536583853561616,-0.44166666666666665,-0.2833333333333333,-0.18333333333333332,16
2716,-0.4489583333333333,0.10532172107668747,-0.6208333333333333,-0.44166666666666665,-0.3020833333333333,16
2717,0.7312500000000001,0.06232614709021497,0.6291666666666667,0.7333333333333333,0.8333333333333334,16
2718,-0.534375,0.09213304653537127,-0.69375,-0.525,-0.37916666666666665,16
2719,0.753125,0.08998818402373107,0.5958333333333333,0.75,0.8979166666666667,16
2720,0.6729166666666667,0.06505206248331663,0.5729166666666666,0.6666666666666666,0.7833333333333333,16
2721,0.159375,0.17320194840288478,-0.14375,0.15833333333333333,0.42500000000000004,16
2722,0.3770833333333333,0.07924886084004265,0.25,0.3833333333333333,0.5104166666666667,16
2723,0.06979166666666667,0.08921314014762624,-0.07083333333333333,0.05,0.24166666666666667,16
2724,0.6447916666666667,0.10486743450397004,0.47500000000000003,0.6416666666666666,0.8083333333333333,16
2725,0.49895833333333334,0.10695740812481284,0.2604166666666667,0.4916666666666667,0.65,16
2726,0.184375,0.12644563362919609,-0.016666666666666663,0.15833333333333333,0.42083333333333334,16
2727,0.09479166666666666,0.11632669960790028,-0.1625,0.10833333333333334,0.2375,16
2728,0.13124999999999998,0.11856711062610162,-0.05416666666666667,0.13333333333333333,0.36041666666666666,16
2729,0.0010416666666666656,0.09080442009248962,-0.12708333333333333,-0.03333333333333333,0.14375,16
2730,-0.34062499999999996,0.10120262094487036,-0.4875,-0.35,-0.13958333333333334,16
2731,0.09270833333333334,0.11455965664471746,-0.07916666666666666,0.075,0.3208333333333333,16
2732,0.190625,0.11546535525381146,-0.012499999999999997,0.175,0.41041666666666665,16
2733,-0.41458333333333336,0.11560153665837569,-0.6479166666666667,-0.4083333333333333,-0.2125,16
2734,0.6583333333333334,0.05863019699779287,0.5791666666666666,0.6416666666666666,0.7770833333333333,16
2735,-0.3052083333333333,0.1371483824893478,-0.5625,-0.275,-0.12916666666666665,16
2736,-0.2604166666666667,0.0953566040945484,-0.4,-0.26666666666666666,-0.09583333333333333,16
2737,-0.3770833333333333,0.08536583853561618,-0.5125000000000001,-0.4,-0.21458333333333332,16
2738,0.11666666666666667,0.1131923142267177,-0.09999999999999999,0.10833333333333334,0.30416666666666664,16
2739,0.15625,0.10847346705787345,0.0020833333333333363,0.125,0.35416666666666663,16
2740,0.3052083333333333,0.06685357912383351,0.18958333333333333,0.31666666666666665,0.41458333333333336,16
2741,-0.22083333333333333,0.10760976308454132,-0.35416666666666663,-0.225,0.027083333333333334,16
2742,-0.46562499999999996,0.09955957701296246,-0.59375,-0.5083333333333333,-0.3,16
2743,-0.36041666666666666,0.08495811876709869,-0.5270833333333333,-0.36666666666666664,-0.23541666666666666,16
2744,-0.10729166666666666,0.095918214221515,-0.29583333333333334,-0.1,0.027083333333333334,16
2745,-0.38541666666666663,0.07634784250753623,-0.5041666666666667,-0.375,-0.2520833333333333,16
2746,0.35625,0.10637247842683119,0.18958333333333333,0.3333333333333333,0.5,16
2747,0.4041666666666667,0.09727181274940627,0.23541666666666666,0.4166666666666667,0.56875,16
2748,-0.21666666666666667,0.10606601717798213,-0.3979166666666667,-0.225,-0.03125,16
2749,-0.42500000000000004,0.1256925260749863,-0.6333333333333333,-0.43333333333333335,-0.175,16
2750,-0.459375,0.1006866615766182,-0.6499999999999999,-0.42500000000000004,-0.29791666666666666,16
2751,-0.11145833333333334,0.09784461001165744,-0.2375,-0.125,0.06666666666666667,16
2752,-0.45833333333333337,0.09090593428863097,-0.5979166666666667,-0.4666666666666667,-0.31666666666666665,16
2753,0.4395833333333333,0.08246948088703954,0.30624999999999997,0.43333333333333335,0.6000000000000001,16
2754,0.596875,0.08420765297432557,0.4791666666666667,0.6000000000000001,0.7583333333333333,16
2755,0.44270833333333337,0.11784652654806778,0.22083333333333333,0.475,0.5979166666666667,16
2756,0.6583333333333333,0.05270462766947298,0.5729166666666666,0.6416666666666666,0.74375,16
2757,-0.7718750000000001,0.052611901246559956,-0.8708333333333333,-0.7666666666666667,-0.6958333333333333,16
2758,-0.20937499999999998,0.08078794902913015,-0.3416666666666667,-0.20833333333333334,-0.08958333333333333,16
2759,-0.2114583333333333,0.10133120029279126,-0.3770833333333333,-0.2,-0.06666666666666667,16
2760,0.41354166666666664,0.09395232796772818,0.24375,0.38333333333333336,0.55,16
2761,0.6322916666666666,0.07252124928062273,0.4916666666666667,0.6416666666666666,0.7375,16
2762,-0.7020833333333334,0.10990447240924983,-0.8666666666666667,-0.6916666666666667,-0.49583333333333335,16
2763,0.4989583333333333,0.09250914932228775,0.32083333333333336,0.5,0.6208333333333333,16
2764,0.69375,0.05769742676719261,0.5750000000000001,0.7083333333333333,0.7708333333333334,16
2765,0.3979166666666667,0.1188595985466326,0.18333333333333332,0.3916666666666667,0.5958333333333333,16
2766,0.8041666666666667,0.0649519052838329,0.6729166666666666,0.8166666666666667,0.8833333333333333,16
2767,-0.43645833333333334,0.07246137620599451,-0.5604166666666667,-0.4083333333333333,-0.32499999999999996,16
2768,-0.6489583333333333,0.07008644216251814,-0.7604166666666667,-0.6333333333333333,-0.5458333333333333,16
2769,0.7364583333333333,0.0672419837229688,0.6333333333333333,0.725,0.8479166666666667,16
2770,-0.08333333333333333,0.08579691784155834,-0.21666666666666667,-0.075,0.043750000000000004,16
2771,0.6916666666666667,0.06481812160876683,0.5750000000000001,0.7,0.8041666666666667,16
2772,0.7625,0.06495190528383289,0.6416666666666667,0.75,0.85,16
2773,0.4239583333333333,0.1172557671526461,0.15416666666666667,0.45833333333333337,0.5541666666666667,16
2774,0.35520833333333335,0.08158983418089945,0.23958333333333334,0.36666666666666664,0.5041666666666667,16
2775,0.5260416666666667,0.08456768122831164,0.37916666666666665,0.5333333333333333,0.6541666666666667,16
2776,0.32395833333333335,0.08993993945035395,0.16875,0.32499999999999996,0.45416666666666666,16
2777,0.8458333333333333,0.031457643480294784,0.7895833333333333,0.8333333333333334,0.89375,16
2778,-0.290625,0.10606090198822353,-0.475,-0.26666666666666666,-0.15625,16
2779,-0.25625000000000003,0.10339295994731297,-0.42500000000000004,-0.225,-0.0625,16
2780,0.6958333333333333,0.06081049799719346,0.6,0.6916666666666667,0.7875000000000001,16
2781,0.7416666666666667,0.06744339190099437,0.6145833333333334,0.7416666666666667,0.8541666666666667,16
2782,-0.44270833333333337,0.14612693659015172,-0.7083333333333333,-0.43333333333333335,-0.18333333333333335,16
2783,-0.44166666666666665,0.08249579113843057,-0.6125,-0.4166666666666667,-0.32916666666666666,16
2784,-0.1802083333333333,0.0979332875964268,-0.375,-0.15,-0.025,16
2785,-0.18125,0.06176652950155664,-0.28125,-0.18333333333333332,-0.07916666666666666,16
2786,0.13333333333333333,0.11319231422671772,-0.01458333333333333,0.10833333333333334,0.35625,16
2787,0.128125,0.0989034935766511,-0.03125,0.13333333333333333,0.29375,16
2788,0.4083333333333333,0.10785149254620656,0.21458333333333332,0.42500000000000004,0.5708333333333334,16
2789,-0.678125,0.07088692825353783,-0.7770833333333333,-0.675,-0.55,16
2790,-0.16041666666666665,0.10927078368286129,-0.3,-0.175,0.04375,16
2791,0.20520833333333333,0.12257632967756141,0.03958333333333333,0.21666666666666667,0.45625,16
2792,-0.4239583333333333,0.10256582405406242,-0.5604166666666667,-0.45833333333333337,-0.20208333333333334,16
2793,-0.25833333333333336,0.07071067811865475,-0.36458333333333337,-0.275,-0.12916666666666665,16
2794,0.6822916666666666,0.07033371593497832,0.58125,0.65,0.8,16
2795,0.6656249999999999,0.08322258265572445,0.5333333333333333,0.675,0.8208333333333334,16
2796,-0.2791666666666667,0.09474014167418394,-0.4604166666666667,-0.25,-0.15,16
2797,0.04791666666666667,0.12718575107997662,-0.13125,0.03333333333333333,0.275,16
2798,0.7416666666666667,0.0664057393771218,0.65625,0.7333333333333333,0.8541666666666667,16
2799,-0.8,0.0731247032282677,-0.9104166666666667,-0.8083333333333333,-0.7,16
2800,0.559375,0.10256582405406242,0.3770833333333333,0.5583333333333333,0.73125,16
2801,0.7229166666666667,0.05918280296392413,0.6291666666666667,0.725,0.8208333333333334,16
2802,0.625,0.08994597143717875,0.4625,0.6666666666666666,0.7645833333333333,16
2803,0.7104166666666667,0.09333240326917548,0.5833333333333334,0.6833333333333333,0.8916666666666666,16
2804,-0.05208333333333333,0.0754327791259653,-0.16666666666666666,-0.058333333333333334,0.09583333333333333,16
2805,0.5260416666666666,0.09947234924283677,0.3645833333333333,0.525,0.69375,16
2806,0.5697916666666667,0.07822216180355936,0.4395833333333333,0.55,0.71875,16
2807,-0.534375,0.06858408008908967,-0.6270833333333333,-0.5583333333333333,-0.4,16
2808,0.1333333333333333,0.1359125535858341,-0.075,0.10833333333333334,0.35416666666666663,16
2809,0.2947916666666667,0.07877507316897762,0.13541666666666666,0.31666666666666665,0.39375000000000004,16
2810,-0.05416666666666667,0.10614782669047497,-0.24375,-0.06666666666666667,0.11041666666666666,16
2811,0.44166666666666665,0.08312473893025002,0.3,0.44166666666666665,0.5708333333333334,16
2812,-0.17395833333333333,0.12733496263137367,-0.35,-0.23333333333333334,0.08125,16
2813,-0.045833333333333344,0.12943520472507558,-0.24166666666666667,-0.075,0.19375,16
2814,0.22083333333333333,0.08887803753208975,0.08333333333333333,0.19166666666666665,0.3770833333333333,16
2815,-0.421875,0.09605386762703058,-0.5666666666666667,-0.4,-0.30624999999999997,16
2816,-0.10416666666666666,0.12479149276559948,-0.32916666666666666,-0.11666666666666667,0.06666666666666667,16
2817,0.035416666666666666,0.09590124405403254,-0.06666666666666667,0.03333333333333333,0.22916666666666666,16
2818,-0.33125,0.10406244786451814,-0.49375,-0.35,-0.12708333333333333,16
2819,0.027083333333333334,0.07924886084004264,-0.10833333333333334,0.016666666666666666,0.15416666666666667,16
2820,0.5145833333333334,0.08225869592666514,0.37916666666666665,0.5166666666666667,0.6541666666666667,16
2821,-0.26041666666666663,0.0937036922668709,-0.3979166666666667,-0.2583333333333333,-0.09583333333333333,16
2822,0.7552083333333333,0.07234148139591529,0.65625,0.7333333333333333,0.90625,16
2823,0.8104166666666668,0.0637036868809194,0.6895833333333333,0.8166666666666667,0.9,16
2824,0.484375,0.09528261143391625,0.3395833333333333,0.4666666666666667,0.6166666666666667,16
2825,-0.24479166666666666,0.11206997287161465,-0.4625,-0.225,-0.08958333333333333,16
2826,0.3145833333333333,0.09662265521087691,0.14166666666666666,0.31666666666666665,0.45,16
2827,-0.46770833333333334,0.10298812465252702,-0.6083333333333333,-0.48333333333333334,-0.30624999999999997,16
2828,0.45416666666666666,0.12211959074794038,0.29166666666666663,0.44166666666666665,0.6749999999999999,16
2829,-0.26458333333333334,0.11286591725484615,-0.44166666666666665,-0.275,-0.058333333333333334,16
2830,0.321875,0.0910430968613827,0.16458333333333333,0.3333333333333333,0.4708333333333333,16
2831,0.6364583333333333,0.07198059875565235,0.5229166666666667,0.65,0.7583333333333333,16
2832,-0.07604166666666667,0.1409256046347386,-0.31875,-0.058333333333333334,0.14583333333333331,16
2833,0.4395833333333333,0.12704917573741104,0.2,0.45,0.6604166666666667,16
2834,-0.38645833333333335,0.09413693299007451,-0.5583333333333333,-0.39166666666666666,-0.27291666666666664,16
2835,-0.47604166666666664,0.05772562917707255,-0.5791666666666667,-0.475,-0.375,16
2836,0.12291666666666666,0.12188835396925062,-0.09166666666666667,0.15833333333333333,0.32291666666666663,16
2837,0.23958333333333331,0.10895255720827403,0.04375,0.25,0.4416666666666667,16
2838,0.3375,0.07894706383956841,0.17916666666666667,0.3416666666666667,0.45,16
2839,0.128125,0.13420531922518322,-0.043750000000000004,0.125,0.42291666666666666,16
2840,0.043750000000000004,0.10863339853736408,-0.1625,0.025,0.22916666666666666,16
2841,0.28229166666666666,0.10449427649132007,0.08333333333333334,0.30833333333333335,0.42083333333333334,16
2842,-0.5708333333333333,0.0800390529679106,-0.7,-0.5833333333333334,-0.4041666666666667,16
2843,0.19895833333333335,0.12140221688210183,-0.01458333333333333,0.18333333333333335,0.42500000000000004,16
2844,0.7520833333333333,0.06204696921598098,0.65625,0.75,0.875,16
2845,-0.19479166666666664,0.12243461265099832,-0.43125,-0.2,0.002083333333333333,16
2846,-0.4083333333333333,0.09537935951882998,-0.6229166666666667,-0.4,-0.3,16
2847,-0.3333333333333333,0.09483172230617537,-0.5583333333333333,-0.30833333333333335,-0.25,16
2848,0.6760416666666667,0.07167847528682825,0.5583333333333333,0.6583333333333333,0.7875000000000001,16
2849,-0.35416666666666663,0.06909634979907084,-0.48333333333333334,-0.3583333333333333,-0.24583333333333335,16
2850,0.37083333333333335,0.09195031871130797,0.25,0.35,0.5520833333333334,16
2851,-0.6666666666666666,0.06123724356957945,-0.775,-0.6666666666666667,-0.5895833333333333,16
2852,0.49895833333333334,0.09156599585666189,0.3375,0.5083333333333333,0.6666666666666667,16
2853,-0.40104166666666663,0.11125370624288335,-0.5833333333333334,-0.375,-0.23958333333333334,16
2854,0.1125,0.10582020916000245,-0.05833333333333333,0.125,0.3,16
2855,0.13125,0.10339295994731298,-0.0375,0.15833333333333333,0.27708333333333335,16
2856,-0.10729166666666667,0.1157656801834349,-0.25,-0.13333333333333333,0.09166666666666667,16
2857,-0.19687500000000002,0.07574141636368954,-0.3208333333333333,-0.2,-0.04375,16
2858,0.19895833333333335,0.11523959792777635,0.016666666666666666,0.21666666666666667,0.38125,16
2859,0.8385416666666667,0.048847392032055646,0.75625,0.8333333333333334,0.9208333333333334,16
2860,0.196875,0.11625205344661897,0.035416666666666666,0.18333333333333332,0.42083333333333334,16
2861,0.553125,0.09505458044665123,0.40625,0.5416666666666667,0.7416666666666667,16
2862,0.28125,0.09787233038788622,0.09791666666666667,0.29166666666666663,0.44375000000000003,16
2863,-0.47916666666666663,0.10399986645290571,-0.65625,-0.5,-0.28125,16
2864,0.5562500000000001,0.0631562766301005,0.44583333333333336,0.55,0.6583333333333333,16
2865,0.5583333333333333,0.07021791477646964,0.45,0.575,0.6666666666666666,16
2866,-0.6989583333333333,0.07894019140744749,-0.8104166666666667,-0.7083333333333333,-0.55625,16
2867,0.05416666666666667,0.1375,-0.22083333333333333,0.058333333333333334,0.27708333333333335,16
2868,0.46875,0.09011470314117571,0.28541666666666665,0.475,0.59375,16
2869,-0.03125,0.0895348706122679,-0.17291666666666666,-0.06666666666666667,0.12708333333333333,16
2870,0.37187499999999996,0.07833305629383636,0.21875,0.38333333333333336,0.4916666666666667,16
2871,0.19895833333333332,0.10515675303247686,0.029166666666666667,0.20833333333333334,0.34375,16
2872,0.3614583333333333,0.10812780985430571,0.18541666666666667,0.3583333333333333,0.5458333333333334,16
2873,0.434375,0.11234074375903577,0.22083333333333333,0.43333333333333335,0.6354166666666666,16
2874,-0.546875,0.08940753098717256,-0.6791666666666667,-0.575,-0.38125,16
2875,0.6156250000000001,0.07347258322742647,0.5229166666666667,0.6166666666666667,0.7666666666666666,16
2876,0.053125,0.08664638184085421,-0.11458333333333333,0.06666666666666667,0.17708333333333331,16
2877,-0.13541666666666666,0.10238051979421346,-0.2833333333333333,-0.15,0.07083333333333333,16
2878,0.46979166666666666,0.0618630740470885,0.3729166666666667,0.4666666666666667,0.5666666666666667,16
2879,-0.2989583333333333,0.10449427649132007,-0.4666666666666667,-0.2833333333333333,-0.13541666666666666,16
2880,0.10416666666666667,0.136613302589625,-0.10625,0.125,0.37083333333333335,16
2881,-0.14270833333333333,0.09771144273659388,-0.2833333333333333,-0.14166666666666666,0.05625000000000001,16
2882,0.203125,0.09811040231120585,0.04791666666666666,0.175,0.36041666666666666,16
2883,0.17083333333333334,0.07324331596352894,0.025,0.2,0.25,16
2884,0.68125,0.0987552741207611,0.5395833333333333,0.6833333333333333,0.8208333333333334,16
2885,-0.215625,0.0969085963249219,-0.3875,-0.2,-0.07916666666666666,16
2886,-0.125,0.10929064207170001,-0.3458333333333333,-0.09166666666666667,0.03125,16
2887,0.190625,0.10589708545721802,0.014583333333333334,0.175,0.3958333333333333,16
2888,0.34791666666666665,0.11240350800180175,0.16875,0.35,0.5625,16
2889,0.21770833333333334,0.07959723918648881,0.10625000000000001,0.20833333333333334,0.36041666666666666,16
2890,-0.26979166666666665,0.11152645893090421,-0.49166666666666664,-0.275,-0.12291666666666667,16
2891,0.2895833333333333,0.11929698585183673,0.07708333333333334,0.29166666666666663,0.48333333333333334,16
2892,-0.056249999999999994,0.09462554124313137,-0.22083333333333333,-0.05,0.09166666666666667,16
2893,-0.28437500000000004,0.10416145820311849,-0.43333333333333335,-0.275,-0.13333333333333333,16
2894,-0.23541666666666666,0.10152910775842672,-0.3875,-0.2583333333333333,-0.07916666666666666,16
2895,0.16770833333333332,0.1451135510844295,-0.10416666666666667,0.15,0.38125,16
2896,0.6291666666666667,0.07580585582775104,0.5229166666666667,0.6333333333333333,0.74375,16
2897,0.6812499999999999,0.06091746465505602,0.5791666666666666,0.6916666666666667,0.7833333333333333,16
2898,0.30625,0.09733871988519723,0.16666666666666666,0.32499999999999996,0.4479166666666667,16
2899,0.5291666666666667,0.11094605796411956,0.33125,0.5666666666666667,0.6708333333333334,16
2900,0.13854166666666667,0.11050998415175987,-0.08750000000000001,0.15833333333333333,0.26666666666666666,16
2901,-0.5177083333333334,0.10776594204055791,-0.7104166666666667,-0.4916666666666667,-0.3729166666666667,16
2902,0.85625,0.07520227353241686,0.6916666666666667,0.8666666666666667,0.9541666666666667,16
2903,0.51875,0.0895348706122679,0.3375,0.525,0.6333333333333333,16
2904,-0.36354166666666665,0.09505458044665123,-0.5208333333333334,-0.35,-0.18125,16
2905,-0.5270833333333333,0.11827389939364381,-0.7145833333333333,-0.525,-0.28541666666666665,16
2906,-0.38333333333333336,0.11071108546322019,-0.5854166666666667,-0.3666666666666667,-0.20833333333333331,16
2907,0.403125,0.08441357143058614,0.23958333333333334,0.4166666666666667,0.5208333333333334,16
2908,-0.5989583333333333,0.07579869859260996,-0.74375,-0.5666666666666667,-0.50625,16
2909,0.32499999999999996,0.11195857368787003,0.12916666666666665,0.375,0.4604166666666667,16
2910,0.26458333333333334,0.08454843286542928,0.11458333333333333,0.2833333333333333,0.4083333333333333,16
2911,0.609375,0.08035700507042859,0.4791666666666667,0.6166666666666667,0.7333333333333333,16
2912,0.5104166666666667,0.0754327791259653,0.38541666666666663,0.5166666666666667,0.6604166666666667,16
2913,0.6927083333333334,0.07287945479046586,0.5895833333333333,0.6916666666666667,0.8270833333333334,16
2914,-0.27083333333333337,0.12083333333333333,-0.4166666666666667,-0.3,-0.020833333333333332,16
2915,-0.015624999999999998,0.13391393769258422,-0.27708333333333335,0.0,0.18333333333333332,16
2916,0.14166666666666666,0.10960788698304921,-0.01458333333333333,0.09166666666666667,0.3104166666666667,16
2917,0.37187499999999996,0.09441316373319512,0.18958333333333333,0.4,0.48333333333333334,16
2918,0.28020833333333334,0.08233121412589786,0.17916666666666667,0.275,0.44583333333333336,16
2919,0.14895833333333333,0.14499386361536515,-0.10416666666666667,0.175,0.34375,16
2920,0.23958333333333331,0.10422914792790823,0.05,0.2583333333333333,0.4125,16
2921,0.34687499999999993,0.10192909266031733,0.15833333333333333,0.3583333333333333,0.47708333333333336,16
2922,0.7208333333333333,0.06731456008918131,0.5916666666666667,0.7333333333333333,0.8270833333333334,16
2923,0.6781250000000001,0.0889207570911689,0.5229166666666667,0.6666666666666666,0.8375,16
2924,-0.11458333333333333,0.09608210464666837,-0.28541666666666665,-0.10833333333333334,0.027083333333333334,16
2925,-0.11458333333333331,0.0978723303878862,-0.2708333333333333,-0.14166666666666666,0.04791666666666666,16
2926,0.03958333333333333,0.09126331714087295,-0.1,0.04166666666666667,0.21458333333333332,16
2927,-0.18020833333333333,0.10328270769268849,-0.3625,-0.18333333333333332,-0.018750000000000003,16
2928,-0.29375,0.09997829625584856,-0.475,-0.2833333333333333,-0.12291666666666667,16
2929,0.47500000000000003,0.08207381501496754,0.36666666666666664,0.45,0.6541666666666667,16
2930,-0.296875,0.07799989983967928,-0.42083333333333334,-0.29166666666666663,-0.18958333333333333,16
2931,-0.3458333333333333,0.07511565157216644,-0.475,-0.35,-0.21666666666666667,16
2932,0.2802083333333333,0.11876370534945992,0.08958333333333333,0.2833333333333333,0.45,16
2933,-0.3770833333333333,0.08413675210961948,-0.5208333333333334,-0.375,-0.21875,16
2934,0.5114583333333333,0.11854422961494161,0.3125,0.5166666666666666,0.6708333333333334,16
2935,-0.5510416666666667,0.08649597574132824,-0.69375,-0.5333333333333334,-0.4291666666666667,16
2936,-0.225,0.14227809232469893,-0.42083333333333334,-0.25,0.0375,16
2937,-0.24166666666666667,0.11242281302693367,-0.46875,-0.225,-0.07916666666666666,16
2938,-0.007291666666666665,0.07359063525491692,-0.09375,-0.016666666666666666,0.13541666666666666,16
2939,-0.4552083333333333,0.08931038845571726,-0.5833333333333334,-0.4666666666666667,-0.2895833333333333,16
2940,-0.384375,0.10904712761768039,-0.55,-0.35,-0.20625,16
2941,0.4125,0.07180703308172537,0.2895833333333333,0.4166666666666667,0.5104166666666667,16
2942,0.4510416666666667,0.07894019140744749,0.35,0.44166666666666665,0.5666666666666667,16
2943,0.7427083333333333,0.0658725489740099,0.65,0.75,0.8604166666666667,16
2944,0.31770833333333337,0.05696878714114716,0.22291666666666668,0.32499999999999996,0.4041666666666667,16
2945,-0.40208333333333335,0.10669840022751566,-0.5604166666666667,-0.4083333333333333,-0.23541666666666666,16
2946,0.3583333333333334,0.10017346066809424,0.22291666666666668,0.35,0.5604166666666667,16
2947,-0.040625,0.09445912365497929,-0.21458333333333332,-0.05,0.12083333333333333,16
2948,0.25,0.09895285072531598,0.10625000000000001,0.2583333333333333,0.42083333333333334,16
2949,-0.6135416666666667,0.08019480405376785,-0.7541666666666667,-0.6166666666666667,-0.5,16
2950,0.19791666666666666,0.07213870705491994,0.06041666666666666,0.18333333333333332,0.3104166666666667,16
2951,0.259375,0.11516424714052728,0.03333333333333334,0.26666666666666666,0.39375000000000004,16
2952,0.4270833333333333,0.09499177595981666,0.2791666666666667,0.42500000000000004,0.59375,16
2953,-0.640625,0.10490881457246574,-0.8020833333333334,-0.6583333333333333,-0.4354166666666667,16
2954,-0.16041666666666665,0.06969053618199055,-0.2708333333333333,-0.15833333333333333,-0.03125,16
2955,-0.7385416666666667,0.07921462363239647,-0.8604166666666667,-0.7583333333333333,-0.6020833333333333,16
2956,-0.4583333333333333,0.06692657668420422,-0.5437500000000001,-0.475,-0.32499999999999996,16
2957,0.25,0.11349865393230198,0.025,0.2583333333333333,0.4104166666666667,16
2958,0.540625,0.10912670229040085,0.34791666666666665,0.575,0.69375,16
2959,0.5479166666666667,0.0910728874766433,0.42291666666666666,0.55,0.7104166666666667,16
2960,0.046875,0.061863074047088504,-0.0375,0.025,0.17083333333333334,16
2961,0.21041666666666667,0.07880950133074056,0.1,0.21666666666666667,0.32708333333333334,16
2962,-0.38749999999999996,0.10026007846263306,-0.55,-0.4083333333333333,-0.21458333333333332,16
2963,-0.4822916666666667,0.0954646440515487,-0.6104166666666667,-0.5166666666666666,-0.32499999999999996,16
2964,0.13020833333333334,0.11261086358439057,-0.08750000000000001,0.14166666666666666,0.3,16
2965,-0.30937499999999996,0.0824892143623099,-0.4104166666666667,-0.32499999999999996,-0.18333333333333332,16
2966,0.12708333333333333,0.09662265521087691,-0.07083333333333333,0.14166666666666666,0.27708333333333335,16
2967,0.19479166666666667,0.0916133841356042,0.03333333333333333,0.20833333333333331,0.32708333333333334,16
2968,0.41250000000000003,0.10265570828962432,0.22291666666666668,0.44166666666666665,0.575,16
2969,-0.6885416666666667,0.09199161155900153,-0.7979166666666667,-0.7166666666666667,-0.4895833333333333,16
2970,-0.3729166666666667,0.09997829625584857,-0.5145833333333333,-0.3916666666666667,-0.18541666666666667,16
2971,-0.29374999999999996,0.13174509794801983,-0.4666666666666667,-0.29166666666666663,-0.07291666666666666,16
2972,-0.06666666666666667,0.08164965809277261,-0.20833333333333334,-0.058333333333333334,0.05416666666666667,16
2973,0.23750000000000002,0.07324331596352894,0.12916666666666665,0.21666666666666667,0.37083333333333335,16
2974,-0.7041666666666666,0.06757197808427856,-0.7875000000000001,-0.7333333333333333,-0.5541666666666667,16
2975,0.4166666666666667,0.0961046882889233,0.27291666666666664,0.4,0.6104166666666667,16
2976,0.009375000000000001,0.12443884458506785,-0.22708333333333333,-0.008333333333333333,0.20833333333333334,16
2977,-0.30833333333333335,0.07905694150420949,-0.4708333333333333,-0.3,-0.2,16
2978,-0.07083333333333333,0.10889278621143317,-0.26666666666666666,-0.04166666666666667,0.07083333333333333,16
2979,8.673617379884035e-19,0.12430361575146914,-0.1875,0.016666666666666666,0.18333333333333332,16
2980,0.3572916666666667,0.10800732196116254,0.15416666666666667,0.35,0.53125,16
2981,0.1875,0.0871022706681953,0.04166666666666667,0.175,0.32708333333333334,16
2982,0.534375,0.08322258265572444,0.42291666666666666,0.5416666666666667,0.6604166666666667,16
2983,-0.5395833333333333,0.06766825737046547,-0.64375,-0.5333333333333333,-0.41250000000000003,16
2984,-0.2572916666666667,0.11828765990631107,-0.5145833333333333,-0.21666666666666667,-0.10833333333333334,16
2985,0.5020833333333333,0.09202109510565741,0.36666666666666664,0.5166666666666667,0.6583333333333333,16
2986,-0.44791666666666663,0.09314620377545066,-0.6083333333333333,-0.44166666666666665,-0.3125,16
2987,-0.5354166666666667,0.07680128579652817,-0.64375,-0.5333333333333334,-0.41250000000000003,16
2988,-0.16354166666666664,0.12939747523511508,-0.35416666666666663,-0.175,0.10416666666666667,16
2989,-0.5104166666666667,0.07792335087193768,-0.66875,-0.5,-0.40625,16
2990,0.6052083333333333,0.11268792174999648,0.4541666666666667,0.575,0.8375,16
2991,0.13541666666666669,0.10322490951531246,-0.04583333333333333,0.14166666666666666,0.3208333333333333,16
2992,0.134375,0.06652817646598236,0.0125,0.13333333333333333,0.22708333333333333,16
2993,0.8395833333333333,0.0631562766301005,0.7020833333333333,0.8416666666666667,0.9104166666666667,16
2994,-0.184375,0.10711960313126632,-0.38333333333333336,-0.16666666666666666,-0.03958333333333333,16
2995,0.6020833333333333,0.13042066021574616,0.38125,0.6083333333333334,0.8208333333333334,16
2996,0.37916666666666665,0.10777097630314636,0.18958333333333333,0.3916666666666667,0.5104166666666667,16
2997,-0.17604166666666665,0.07119241093684073,-0.2875,-0.18333333333333335,-0.058333333333333334,16
2998,0.6739583333333333,0.0907087735405028,0.5,0.6666666666666666,0.8041666666666667,16
2999,0.8458333333333334,0.053845199930500354,0.7458333333333333,0.8583333333333334,0.9270833333333334,16
3000,0.6145833333333333,0.06969053618199053,0.4916666666666667,0.625,0.7104166666666667,16
3001,0.5375,0.06934715407122181,0.4291666666666667,0.525,0.6541666666666667,16
3002,-0.115625,0.11894629244373744,-0.32499999999999996,-0.13333333333333333,0.10833333333333334,16
3003,0.5625,0.07872684844871326,0.4354166666666667,0.5583333333333333,0.6979166666666666,16
3004,0.24479166666666666,0.08852941091649837,0.0625,0.26666666666666666,0.36041666666666666,16
3005,0.26875000000000004,0.13134916888456763,0.02291666666666667,0.25,0.4729166666666667,16
3006,0.14479166666666665,0.09085220560827838,0.00625,0.16666666666666666,0.26666666666666666,16
3007,-0.07083333333333333,0.10180659769058847,-0.23541666666666666,-0.09166666666666667,0.09375,16
3008,0.3416666666666667,0.12119199643540823,0.13125,0.3416666666666667,0.5270833333333333,16
