experiment_name,outcome_code,outcome_label,intervention_code,intervention_label,lag_code,network_name,field_basis_mode,tau_zero_mean,tau_smoothness_lambda,realized_start_date,realized_end_date,requested_calendar_weeks,realized_calendar_weeks,weeks_dropped_due_to_missing_or_lag,time_steps,requested_node_count,node_count,dropped_node_count,full_fit_status,outcome_only_fit_status,fallback_run,outcome_positive_share,outcome_transition_rate,outcome_weeks,outcome_counties,outcome_rule,intervention_positive_share,intervention_transition_rate,intervention_weeks,intervention_counties,intervention_rule,beta,eta,field::log_population,field::median_household_income,field::pct_black,field::pct_hispanic,field::pct_in_labor_force,field::poverty_rate,final_loss,interaction::contiguity,psi,tau::t_0,tau::t_1,tau::t_10,tau::t_11,tau::t_12,tau::t_13,tau::t_14,tau::t_15,tau::t_16,tau::t_17,tau::t_18,tau::t_19,tau::t_2,tau::t_20,tau::t_21,tau::t_22,tau::t_23,tau::t_24,tau::t_25,tau::t_26,tau::t_27,tau::t_28,tau::t_29,tau::t_3,tau::t_30,tau::t_31,tau::t_32,tau::t_33,tau::t_34,tau::t_35,tau::t_36,tau::t_37,tau::t_38,tau::t_39,tau::t_4,tau::t_40,tau::t_41,tau::t_42,tau::t_43,tau::t_44,tau::t_45,tau::t_46,tau::t_47,tau::t_48,tau::t_49,tau::t_5,tau::t_50,tau::t_51,tau::t_52,tau::t_53,tau::t_54,tau::t_55,tau::t_56,tau::t_57,tau::t_58,tau::t_59,tau::t_6,tau::t_60,tau::t_61,tau::t_62,tau::t_63,tau::t_64,tau::t_65,tau::t_66,tau::t_67,tau::t_68,tau::t_69,tau::t_7,tau::t_8,tau::t_9,zeta
outcome_case_rate_100k_ge_100__intervention_complete_cov_ge_10__lag_0w__contiguity,case_rate_100k_ge_100,case_rate_100k >= 100,complete_cov_ge_10,complete_cov >= 10,0w,contiguity,acs_2021,True,1.0,2021-01-04,2022-05-15,71,71,0,70,3213,3203,10,completed,not_run,False,0.5558433334945672,0.1403416439944694,71,3203,case_rate_100k >= 100,0.8101383825902653,0.014383836581776,71,3203,complete_cov >= 10,0.0707057624145116,0.5138239890070964,0.29539060485404306,-0.19207530477764354,-0.11164260334737139,-0.07186614337246644,0.09500536566181318,-0.05132772773381265,0.17477164016905133,2.4907802437765283,2.106754665947034,0.22433840804218602,0.1433795898698162,0.005349054044056713,-0.0924119591705373,0.03684612208870496,-0.04206703360709641,-0.14108637154619072,-0.10202627595374755,-0.1966709683037909,-0.2665755507978905,-0.2971144313195488,-0.25718464807649954,0.06548164038948902,-0.4815971541466628,-0.2709620185351759,-0.474406177075269,-0.4183425932216214,-0.3561264127373068,-0.1386623715257856,-0.014595617161006708,0.15146134640700396,0.20349703578317738,0.23315088567929868,0.005055196341173065,0.27359688101475127,0.17790295209634355,0.26167776170365525,0.23494990300417318,0.13061189752108096,0.26734557931689734,0.21408713551571212,0.05665835577860244,-0.04295619446019535,-0.15473545912979772,-0.08897293580222006,-0.12561766472596797,-0.162912999204242,-0.11695842825107006,-0.029705160426784945,0.00725695856718042,-0.3155036843269451,0.33472190970449395,0.007646732287654635,-0.015084499151887124,0.021466428322742894,-0.20701689054639927,0.4540902059983819,0.7648142544397096,0.7170703056899247,0.8827260271558712,0.8628138346608176,0.6463972360519882,0.18115489296506282,-0.1748438650374721,-0.42090316812713796,-0.3584943268953441,0.06045769936633697,-0.33540803944820446,-0.267744448722712,-0.24383003529051134,-0.2945394816835807,-0.19286943821913813,-0.21945320733236137,-0.002245628565998337,-0.07354844013368823,0.01497769035348145,0.03491349313328537,-0.15599931183274374,-0.054784016746104926,-0.07194050605441754,-0.022981184676124058
outcome_case_rate_100k_ge_100__intervention_complete_cov_ge_10__lag_1w__contiguity,case_rate_100k_ge_100,case_rate_100k >= 100,complete_cov_ge_10,complete_cov >= 10,1w,contiguity,acs_2021,True,1.0,2021-01-11,2022-05-15,71,70,1,69,3213,3203,10,completed,not_run,False,0.5500557513045805,0.1416606713814494,70,3203,case_rate_100k >= 100,0.8074260737701262,0.0145922979815118,70,3203,complete_cov >= 10,0.07182192110737656,0.5128422733884279,0.28569886080331086,-0.18639336745655652,-0.11611039301565626,-0.0690771766321298,0.09560738003997173,-0.048100750940946665,0.176014530014546,2.483354552467228,2.105875059120716,0.14900415171660458,0.07031724581434537,-0.08489026232280293,0.03953475217530727,-0.04052518196485057,-0.13964324141180323,-0.10148068010069543,-0.19569004288085506,-0.2667797650339427,-0.29739619620605473,-0.25924635210484437,-0.4861579510385946,0.010251212894772141,-0.27363024770042493,-0.47820333076555127,-0.42245655943431276,-0.3585105244041499,-0.14196290708874837,-0.01597356974603293,0.14842946714867203,0.2014093647724293,0.23226808375083505,0.2738910514280137,-0.08318263311334245,0.17840436940489293,0.26368161055158806,0.23898069861896376,0.13355493156983034,0.2738768154835007,0.22246896902299004,0.060665078094274134,-0.03815457171833616,-0.15255448177856412,-0.10616307459121797,-0.20128183985661088,-0.16103200799043715,-0.11566876177678498,-0.029167565068439445,0.00811513095355387,-0.314138384112892,0.33542854869476935,0.009384340932268975,-0.015154934596442087,0.02256365283544141,0.4558464575939759,0.07664469666641857,0.7681220288173433,0.7238733402342016,0.9042763219079694,0.8844211558100715,0.6531686932094177,0.18539798954421113,-0.1725729869487217,-0.4202048912285819,-0.358883424027508,-0.3352596906556657,-0.13559903978441631,-0.26823167925858266,-0.2453828676531256,-0.2968836006234932,-0.195300263655232,-0.22099711346092107,-0.004446742072100254,-0.07541720473219,0.01322178222071529,0.03232451748619462,,-0.02396789476743671,-0.054110594321923874,0.01677660064305755,-0.06641048432413264
outcome_case_rate_100k_ge_100__intervention_complete_cov_ge_10__lag_2w__contiguity,case_rate_100k_ge_100,case_rate_100k >= 100,complete_cov_ge_10,complete_cov >= 10,2w,contiguity,acs_2021,True,1.0,2021-01-18,2022-05-15,71,69,2,68,3213,3203,10,completed,not_run,False,0.5444080956711779,0.1426420084112321,69,3203,case_rate_100k >= 100,0.8046351473030267,0.014806890598887,69,3203,complete_cov >= 10,0.06769058177848059,0.5122037400030204,0.27945911101963394,-0.18717367067461016,-0.12727322541187225,-0.06690175593236326,0.09038285936957542,-0.05052071407021049,0.17703921495475858,2.4774917789077455,2.1010008365154618,0.06525863052777914,0.004954080852384556,0.04838236508011722,-0.035603177568696395,-0.13629481274448194,-0.09851073445144952,-0.19383615845940008,-0.2642306393014992,-0.29722213784995954,-0.2599982303279656,-0.4884323753033282,-0.2753614665378454,-0.08700116885962778,-0.48070598195467507,-0.4247263610384878,-0.35961619143849055,-0.14184706832483843,-0.01636351695769719,0.15024194334658308,0.20287025884509202,0.23405537269719853,0.2757262308109532,0.18013702086927483,-0.20451011265989869,0.26520552742081827,0.24016699073355843,0.1350873661881262,0.2732815829007232,0.22521653992884624,0.06580861153121323,-0.0343444861573764,-0.14860864444243857,-0.10280957661109195,-0.14126170863940293,0.07538596860421085,-0.1119061810055043,-0.02542029149125956,0.011980300505684254,-0.31131525153182593,0.3378058604381771,0.01317043966190059,-0.011310551433100528,0.02517246255238925,0.4591340177339796,0.7639319663528855,-0.12690319558780583,0.7178842395005793,0.8895013227254646,0.8722266697888806,0.6487745201567915,0.18687167489909762,-0.16718705681005488,-0.41570766759459793,-0.35510904473563626,-0.33307130799461643,-0.2665039091314984,-0.00803400924439134,-0.24311855039105565,-0.2959978074183724,-0.19395954467811108,-0.2205065269174863,-0.003595582853482562,-0.07395665568022071,0.015223748120354784,0.03455119751740252,,,-0.025099976957188283,0.03304294264433803,-0.07106219184994461,-0.07206831670534138
outcome_case_rate_100k_ge_100__intervention_complete_cov_ge_10__lag_3w__contiguity,case_rate_100k_ge_100,case_rate_100k >= 100,complete_cov_ge_10,complete_cov >= 10,3w,contiguity,acs_2021,True,1.0,2021-01-25,2022-05-15,71,68,3,67,3213,3203,10,completed,not_run,False,0.5390075480707425,0.1433171327253833,68,3203,case_rate_100k >= 100,0.8017621347633652,0.0150278889660346,68,3203,complete_cov >= 10,0.06998462633336684,0.5105351654325141,0.27274479221859704,-0.18903899049890924,-0.1380972049184619,-0.0673353522469939,0.0947766897085363,-0.045078740814556414,0.17762358440787737,2.4730719853288328,2.0990735136643055,0.008284628710971341,-0.08335217043808812,-0.029360587580203677,-0.13329927296721217,-0.09801101204150883,-0.19440517530027757,-0.265105361914526,-0.2976251756890201,-0.2627096839730844,-0.4908423862130792,-0.2786366085885772,-0.48327558716108837,-0.2008878799069227,-0.42685661578268685,-0.36136631394698576,-0.1444652698198231,-0.018927948644471896,0.14765806482412877,0.20037752347069124,0.23130407536017128,0.27301015701672987,0.1788188936580918,0.2638118521910525,0.0797436704736441,0.2404305322789247,0.1353343522666519,0.27367402160996496,0.22373721768183144,0.0679505898167599,-0.030947219201187665,-0.1479899129083792,-0.10274638385468997,-0.14173996768514416,-0.09921549481845421,-0.12039605187624224,-0.026899361639081944,0.010568542477201301,-0.3129040821264593,0.3357336821067856,0.012341190165802464,-0.01256701263763338,0.023708509417657474,0.4566377201833963,0.7630156997667699,0.7196312456704317,0.00792924280568772,0.8922470158584783,0.8734193626605059,0.6507079265994863,0.1869447371697836,-0.16770636190591504,-0.41735119727945597,-0.3580706113983837,-0.33560792504186854,-0.2695923009075695,-0.24678431826563604,-0.004633800429807989,-0.2979165035226349,-0.19706576489614494,-0.2234305575489646,-0.007983512377222236,-0.0774183978535191,0.011885583442173124,0.031206487916283134,,,,0.06297641813948257,-0.05526797053522533,0.0602728149376372,-0.09133056011621385
outcome_case_rate_100k_ge_100__intervention_complete_cov_ge_10__lag_4w__contiguity,case_rate_100k_ge_100,case_rate_100k >= 100,complete_cov_ge_10,complete_cov >= 10,4w,contiguity,acs_2021,True,1.0,2021-02-01,2022-05-15,71,67,4,66,3213,3203,10,completed,not_run,False,0.5341074831897336,0.1435207523249983,67,3203,case_rate_100k >= 100,0.7988033606553557,0.0152555842533988,67,3203,complete_cov >= 10,0.06946407622207026,0.5108731666359485,0.2657056104714093,-0.1925719132258427,-0.14524533487502436,-0.06579200490023741,0.09568726517144875,-0.047884560186738354,0.17785806228555132,2.475082046846913,2.0886449656941646,-0.08748929019838363,-0.201410734480534,-0.1258797210709507,-0.09428850215518542,-0.1924163073773656,-0.2642866448562821,-0.29761363109708,-0.26180749250128615,-0.49146469004717924,-0.27903258065771286,-0.4846235019607381,-0.4289237548264432,0.07847259483110156,-0.363177986664469,-0.14430122514165716,-0.019416825651673558,0.1483240317777173,0.20016482009625977,0.23032557364357656,0.27080560274019533,0.17659906974745038,0.26076096039783964,0.23504626419820365,-0.12054452069216935,0.13269236920293312,0.2690713834646599,0.22101562670616298,0.06428297160922443,-0.03330535298985682,-0.14574184046658215,-0.10324426916795028,-0.14257959665354125,-0.10009232781597167,-0.013251625536999875,0.01046069681701262,0.009406121011147376,-0.3145214863020917,0.3350077154141657,0.011351384288032087,-0.013485954923514601,0.022955453712979725,0.45247874414737593,0.7579675757084865,0.7137423404720895,0.8755790612961969,0.008075126326027316,0.8570501098310698,0.6445173939119793,0.18247621598201239,-0.16928845382565574,-0.4168195295871637,-0.3578083979516609,-0.3366657110521723,-0.2699468162051487,-0.24712906462538242,-0.29869921496008917,0.08220169367840606,-0.19666452397403505,-0.22415440706973824,-0.008014590850294472,-0.07814150743055301,0.011702186522728943,0.030762504808585826,,,,,-0.027836371560461357,0.0766051168233625,-0.015832256839009424,-0.07477133247416796
outcome_case_rate_100k_ge_200__intervention_complete_cov_ge_10__lag_0w__contiguity,case_rate_100k_ge_200,case_rate_100k >= 200,complete_cov_ge_10,complete_cov >= 10,0w,contiguity,acs_2021,True,1.0,2021-01-04,2022-05-15,71,71,0,70,3213,3203,10,completed,not_run,False,0.3710254031211936,0.125641140002676,71,3203,case_rate_100k >= 200,0.8101383825902653,0.014383836581776,71,3203,complete_cov >= 10,-0.06805407633251674,0.5469670045457289,0.17905106398421333,-0.27942874084491914,-0.19306399709356323,-0.131513232556959,0.09150609589211055,-0.021279538524860343,0.152991644408398,2.627511466437854,2.265477219607941,-0.20487625003746368,-0.1882527541316854,0.01873988921125367,-0.060393373816229556,0.029709195408507954,-0.02801463928604454,-0.17434193847185175,-0.17150063717051053,-0.2621264732077641,-0.296160324527318,-0.44273550461323197,-0.3117727171890028,-0.2294758512914648,-0.6155846282959017,-0.3873408874038107,-0.5385207321689213,-0.45771177011857395,-0.45724209060250665,-0.2118607861152806,-0.10417473677091539,0.131652389531429,0.2910882145922838,0.2850387142148255,-0.2623681259750237,0.31390986058961506,0.28505699049170896,0.271035047314488,0.24488004680986641,0.08760102914909437,0.2252863707614004,-0.010257482180861846,-0.06678742654786116,-0.07820299417694186,-0.12330547831716807,-0.27840238091793323,-0.13441091622591175,0.04215855609066505,0.017734637232074132,0.10765068970495092,0.14221282901643176,-0.2572181871963311,0.41218431528667726,0.0560567954601286,0.017074927817630595,0.03315335365117755,-0.3992810649835178,0.5730361819590422,0.920034800631253,1.064481165317554,1.555503567220533,1.534164395874356,0.4397606930056429,-0.15204999932941982,-0.291302172502429,-0.34452976028533366,-0.14314441242271325,-0.018639548732852736,-0.14764773766045852,-0.14287597053166043,-0.257326335674047,-0.2958686208789207,-0.24484203555531625,-0.10331304568371552,0.008874128537403046,-0.06474875389007438,0.08332590575035179,0.06581176111233536,-0.2199914396187288,-0.015278180532793981,-0.06333828670418902,-0.5219621457912345
outcome_case_rate_100k_ge_200__intervention_complete_cov_ge_10__lag_1w__contiguity,case_rate_100k_ge_200,case_rate_100k >= 200,complete_cov_ge_10,complete_cov >= 10,1w,contiguity,acs_2021,True,1.0,2021-01-11,2022-05-15,71,70,1,69,3213,3203,10,completed,not_run,False,0.3635743276392668,0.125629504947807,70,3203,case_rate_100k >= 200,0.8074260737701262,0.0145922979815118,70,3203,complete_cov >= 10,-0.06779050870214158,0.5464255434311595,0.16983660411021795,-0.2863347923114695,-0.20623442418538693,-0.1289455560778314,0.09596655390214809,-0.028590606877066136,0.15289621530785455,2.6259934573196704,2.2831777433835785,-0.18826219619529674,-0.22884339414823712,-0.06790082229376111,0.024603767931242422,-0.031026183930666758,-0.1782549064984729,-0.17506942786308313,-0.2628303353632187,-0.2950406665368871,-0.44464100011520324,-0.31269356309195784,-0.6192219237416343,-0.2617640563972416,-0.3909290995538011,-0.5439251346558648,-0.46209707326378113,-0.4607348927308943,-0.21395183979310148,-0.10589223701566422,0.13067774675268515,0.28985113120241673,0.28350351923260786,0.31222215907665324,-0.2786409350589996,0.28343444349739433,0.26922945486622774,0.24294566363703546,0.0866062760186469,0.22336344371617176,-0.013428398861183438,-0.0659808265580825,-0.07756757807784176,-0.12305438051816688,-0.14436829501147855,-0.40020277245253943,0.04112703651478223,0.016069001647482418,0.10587930861343192,0.14052675355944821,-0.2588281662887854,0.41032809595579084,0.05499995039598467,0.017243294163249424,0.032188910128902466,0.5710448900571445,-0.02925527898202438,0.9144826581618714,1.0577906286859282,1.5525962786827456,1.5307939313705545,0.44101209543668923,-0.15209992804793507,-0.2940070586265955,-0.34451426480227365,-0.1441214586566213,-0.14990011640899137,-0.23507294948260538,-0.146813138705661,-0.2548816129431911,-0.2981953277826911,-0.24555163001206232,-0.10505817125437455,0.008171801507768316,-0.06496909795121081,0.08385611351809992,0.06467221848496053,,-0.043688742431753726,-0.08143829611997035,0.005496605407890918,-0.5394792371787434
outcome_case_rate_100k_ge_200__intervention_complete_cov_ge_10__lag_2w__contiguity,case_rate_100k_ge_200,case_rate_100k >= 200,complete_cov_ge_10,complete_cov >= 10,2w,contiguity,acs_2021,True,1.0,2021-01-18,2022-05-15,71,69,2,68,3213,3203,10,completed,not_run,False,0.3571968308696104,0.1252639988246313,69,3203,case_rate_100k >= 200,0.8046351473030267,0.014806890598887,69,3203,complete_cov >= 10,-0.06911595983537458,0.5466221326841905,0.16910931605516683,-0.28649555999774945,-0.22251845145782775,-0.13502116940136172,0.08892758163504627,-0.025792246062601318,0.15276190405180148,2.6254061801227717,2.2787540284122367,-0.23135498552197067,-0.264388345444573,0.016868342736563336,-0.03519739693872677,-0.18047055321150743,-0.17761726245685047,-0.26631166097575676,-0.297141786317966,-0.4484352136684265,-0.31561646875627075,-0.6263405239180796,-0.39505237733536247,-0.28002502526988426,-0.549839274478876,-0.4668189605930741,-0.46545500405901014,-0.21458585518233947,-0.10650921697326694,0.13114902897435785,0.29005765879970946,0.2837369176941798,0.3120257885303728,0.28363816561686334,-0.40439602387302226,0.2695105643212417,0.243273930380254,0.08664621947013242,0.2239018138345216,-0.012904864534732288,-0.06807721915674352,-0.07801476409847966,-0.123193651676791,-0.14407507166277872,0.03157185053803247,-0.03531879925951583,0.016635053122642057,0.10671585033737041,0.14130398678169487,-0.25893443002461897,0.4110863572800449,0.05507008107867013,0.017476627553453774,0.0339874331054981,0.5721617032454561,0.9166925054297687,-0.24882537873037547,1.0551566145777231,1.5399079795755957,1.5289047848895743,0.4427814982402588,-0.1515146221112878,-0.29244055927994217,-0.3438103167223676,-0.14445716131344136,-0.15041950354302125,-0.14719295470948723,-0.06428737272067551,-0.2570889162054737,-0.298828087524221,-0.24470782128423002,-0.10593601702506981,0.008687014334272361,-0.06470291887527232,0.08351007793570399,0.0652113567825636,,,-0.11348811687109958,-0.012091847202953112,-0.08180287565897802,-0.5278059112709351
outcome_case_rate_100k_ge_200__intervention_complete_cov_ge_10__lag_3w__contiguity,case_rate_100k_ge_200,case_rate_100k >= 200,complete_cov_ge_10,complete_cov >= 10,3w,contiguity,acs_2021,True,1.0,2021-01-25,2022-05-15,71,68,3,67,3213,3203,10,completed,not_run,False,0.3517612165065839,0.1244169412071705,68,3203,case_rate_100k >= 200,0.8017621347633652,0.0150278889660346,68,3203,complete_cov >= 10,-0.06679451543036646,0.5469830281718973,0.16890281609353716,-0.2842262252920858,-0.2366233817395488,-0.1413675043363067,0.07893774222878604,-0.020974576617798647,0.15210362933117036,2.6380606193856133,2.274063066355092,-0.2624679277376425,-0.27826900269654153,-0.042264452367610984,-0.18402943847994147,-0.17825042217310222,-0.26606978426692063,-0.2978125480677018,-0.4471847754021148,-0.31358542559747804,-0.6214881346740573,-0.39171500062425757,-0.5448044052512078,-0.40031021757331836,-0.4630737551482936,-0.46192961708893776,-0.21357526858884182,-0.10547010976025731,0.13108487432342686,0.2908173705442076,0.2829577142561811,0.3104863283985605,0.28071539769295717,0.26649725026021137,-0.03138790477572326,0.2395095181095468,0.08287109831371425,0.21949961638155477,-0.018465111996650036,-0.07222390619802027,-0.08315747324684318,-0.12570564277430685,-0.14725195848692982,0.029311963620246156,0.0044999707245983985,-0.2468771334087957,0.10330737157224344,0.1374957744205512,-0.2633183896856067,0.4084798978555947,0.05207226759760445,0.014341378507663788,0.031163112713002743,0.5688822401339976,0.9087885926116572,1.0412241081681186,-0.07231111938608455,1.516979210741999,1.4967133805422337,0.4331843729219742,-0.15677668100250808,-0.29513336327320766,-0.3456213397730611,-0.14518616418198801,-0.15055874937451288,-0.14715008946507124,-0.25854951330783227,-0.1281626038867259,-0.3018440839155173,-0.24484607930430138,-0.10420861363504699,0.007674679049792746,-0.06488438054987047,0.08313018224190846,0.06461304904117232,,,,-0.04011401601552182,-0.09620419269521069,0.005938075092843212,-0.5174058428267506
outcome_case_rate_100k_ge_200__intervention_complete_cov_ge_10__lag_4w__contiguity,case_rate_100k_ge_200,case_rate_100k >= 200,complete_cov_ge_10,complete_cov >= 10,4w,contiguity,acs_2021,True,1.0,2021-02-01,2022-05-15,71,67,4,66,3213,3203,10,completed,not_run,False,0.3476777834213261,0.1228441139462057,67,3203,case_rate_100k >= 200,0.7988033606553557,0.0152555842533988,67,3203,complete_cov >= 10,-0.06302857516264349,0.5484697109324815,0.17325606282514064,-0.29400792141649673,-0.2332611931706964,-0.1461345618059726,0.07392872625399494,-0.024207303848637184,0.1510823425918994,2.6573680920106444,2.262869263125057,-0.27358743963359594,-0.3940201942526129,-0.1891576242489342,-0.18060266610725667,-0.2676891574461581,-0.2976039210289777,-0.44564248865571066,-0.31341438731386906,-0.6232368459686073,-0.3895021424910526,-0.5438214631169227,-0.4619370649343461,-0.02479336608547681,-0.4608906347423958,-0.21119353735660573,-0.10409245227262381,0.131522680812476,0.2909089617634362,0.2809652655104218,0.30870574452622435,0.2776490779079107,0.26193746575312116,0.23453363649830616,-0.23929611883708693,0.07702593736133179,0.21329034307269082,-0.02509867072862278,-0.07879867211367098,-0.0893236826079301,-0.13279650145866925,-0.15097524140543006,0.026064267956727033,0.0012332889051399174,0.09065865335177288,-0.06731073591209966,0.1333989238476908,-0.267545604476626,0.4044970160595562,0.04744043381724382,0.009706945141300867,0.026373096861190163,0.5632326733942263,0.8991729578205978,1.02441551393643,1.485523690812444,-0.13181073378827787,1.4651795222866015,0.41864176547967163,-0.16543877614816763,-0.3021733851892115,-0.3485587920139285,-0.14698112748910896,-0.15103804916771432,-0.14693829544690906,-0.25863835490624854,-0.3013906808092949,-0.05159656923339661,-0.2463701771477694,-0.10340730121126086,0.009446325537098356,-0.06434751209131442,0.08391327029881512,0.06454965698096003,,,,,-0.12178712778105735,-0.004993409578602576,-0.05218621049584067,-0.5004769090991034
outcome_death_rate_100k_ge_2__intervention_complete_cov_ge_10__lag_0w__contiguity,death_rate_100k_ge_2,death_rate_100k >= 2,complete_cov_ge_10,complete_cov >= 10,0w,contiguity,acs_2021,True,1.0,2021-01-04,2022-05-15,71,71,0,70,3213,3203,10,completed,not_run,False,0.3711265406990805,0.2796530038802908,71,3203,death_rate_100k >= 2,0.8101383825902653,0.014383836581776,71,3203,complete_cov >= 10,-0.19265300916743072,0.2306099945283046,1.0145402093668978,-1.2107555561634427,-0.1303885156070604,-0.45685531384977723,-0.010702087362917766,-0.5732014836320523,0.28373640548734114,1.432558739315778,2.097123230420263,-0.03194816396681996,-0.052822304228993096,-0.10056543609908192,-0.11901406084728258,-0.08240009799823407,-0.06794221396295214,-0.12222647978949908,-0.132540848127244,-0.11724614883374501,-0.14115869255586788,-0.1538437659136924,-0.06819598519632285,-0.06257642228291135,-0.23777600262025178,-0.19259714469900646,-0.3160114659697656,-0.3199962250971294,-0.3416210261126148,-0.41192483916009437,-0.3036768150041607,-0.2947263821704077,-0.24832945427390146,-0.12705035061524583,-0.07033599678184152,-0.04578776979992915,0.025331063522914237,0.08004403439560598,0.10165919783078059,0.133319165285441,0.24166389484772943,0.24023565419908116,0.25634818318943203,0.20198186060602757,0.1979787135132123,-0.13508282695649723,0.23770185184740664,0.2150882805179761,0.14961406671694658,0.1517185797673472,0.16678076159035485,0.0004898744740671416,0.2504723570901735,0.17544771048033794,0.1657529419513271,0.1184028942045276,-0.22986997238280324,0.1474397777976684,0.2316614230898421,0.2244242483481271,0.24391676205999033,0.31272371686547795,0.3556192387745063,0.3436255532182267,0.31905749218437696,0.24946711071909494,0.20102613223435828,-0.12380634200045035,0.12188083731792647,0.11092837904480664,0.027810379668651963,-0.03272800282616032,-0.11951013968947388,-0.08370532968507935,-0.1998399888262828,-0.19845416257243637,-0.06504481894691386,-0.2869557101824285,-0.11761917165992458,-0.1116250256465351,-0.13305655387176227,-0.20649652230514234
outcome_death_rate_100k_ge_2__intervention_complete_cov_ge_10__lag_1w__contiguity,death_rate_100k_ge_2,death_rate_100k >= 2,complete_cov_ge_10,complete_cov >= 10,1w,contiguity,acs_2021,True,1.0,2021-01-11,2022-05-15,71,70,1,69,3213,3203,10,completed,not_run,False,0.3670888898800232,0.2799594582977009,70,3203,death_rate_100k >= 2,0.8074260737701262,0.0145922979815118,70,3203,complete_cov >= 10,-0.19770417155761333,0.22974786969631578,1.0055905066075297,-1.2105918017615778,-0.13850092681231657,-0.4632311171370841,-0.009142632421435764,-0.5615757144895245,0.28400458328487405,1.439899065824866,2.0982611076252007,-0.05770712748569064,-0.06735214327763094,-0.13796673908301157,-0.08834771856227092,-0.06803363210557989,-0.11978219371018502,-0.12851113609830428,-0.11468322407843928,-0.13524933189716,-0.14809621877680532,-0.06269369537335893,-0.23208886450395771,-0.07664213266723932,-0.18662303843300443,-0.3094558932462537,-0.3134992071747586,-0.33537147441074383,-0.404164951704189,-0.29709506262356383,-0.2873831950257753,-0.24147407429854403,-0.12152078424631566,-0.04001400970413313,-0.14311664825638037,0.03059909279415639,0.08519866083319295,0.1055534397026088,0.1371233635455862,0.24519895229218983,0.23816685137230317,0.2613714962069803,0.20740195650482335,0.20346248862247485,0.21344890404461025,-0.24298621232603818,0.22130419672275617,0.15624966521943867,0.1584209798932993,0.1734303899905249,0.007935329189082376,0.2556457102802159,0.1819307648601812,0.1739928301596343,0.125157726364631,0.1541935433397895,-0.163141538786029,0.23787417285646223,0.23063501172181497,0.24981236366398307,0.318276638801292,0.3610669900716664,0.34927627774609593,0.32477379741308127,0.2554777597284275,0.20739882701387627,0.12855308880127927,-0.17921774030160656,0.11554586837891485,0.035184046060434404,-0.025215358637924432,-0.11073491080034002,-0.07545159872407961,-0.1908275894563927,-0.18951096382865543,-0.05667556412214787,-0.27728543149089346,,-0.19854945102107027,-0.1849774707438345,-0.13821485721350005,-0.2396848315942811
outcome_death_rate_100k_ge_2__intervention_complete_cov_ge_10__lag_2w__contiguity,death_rate_100k_ge_2,death_rate_100k >= 2,complete_cov_ge_10,complete_cov >= 10,2w,contiguity,acs_2021,True,1.0,2021-01-18,2022-05-15,71,69,2,68,3213,3203,10,completed,not_run,False,0.3630156510879745,0.2802106481056363,69,3203,death_rate_100k >= 2,0.8046351473030267,0.014806890598887,69,3203,complete_cov >= 10,-0.19910027527797325,0.22914820189506702,0.9944603424266367,-1.2109783035341661,-0.14522295338827373,-0.46680302543211416,-0.007958698500529857,-0.5603465355662519,0.28406500499702403,1.4518323609168942,2.109689860494572,-0.06758131670804428,-0.07660345166274628,-0.10630151684436343,-0.07389468014433295,-0.11962845019337472,-0.12579139159145378,-0.11029647148326303,-0.132558282182962,-0.14148899583145771,-0.057584241476932356,-0.22499522510342754,-0.1804478759054697,-0.1441200041031405,-0.3014863309723956,-0.30510718301623274,-0.32656641628356337,-0.3952882862968852,-0.2884929803704434,-0.27922722047806403,-0.2331321269381127,-0.11494478348611477,-0.035163161556942574,0.03552293227130392,-0.2452441205566027,0.0893257561231319,0.1092381290958979,0.1396626229120951,0.24722425753622027,0.23999795328986398,0.2571579521272068,0.2105251922784665,0.20671709585333445,0.21696894677771242,0.1940631937064082,-0.17218763050302263,0.16044025695345304,0.16287030454802007,0.1778309327381732,0.013482499940442831,0.25968879036798964,0.18495456728257822,0.17821960274716794,0.13143908515767605,0.15878533371162787,0.24182463074272748,-0.21385596983917243,0.2344835195033465,0.253517098762321,0.32126893440126464,0.36380569710066124,0.3521641772004422,0.3278245446051236,0.25891367478187666,0.21113470581784521,0.13307699115814756,0.12006620888558224,-0.2531648410290797,0.03835551482547131,-0.01924291486187304,-0.1039315168156715,-0.06769821345977874,-0.1821178208178076,-0.18048958691419387,-0.04985704911982971,-0.26759134040609467,,,-0.2688854602104129,-0.1912001550142631,-0.17438409102605484,-0.29683367476889916
outcome_death_rate_100k_ge_2__intervention_complete_cov_ge_10__lag_3w__contiguity,death_rate_100k_ge_2,death_rate_100k >= 2,complete_cov_ge_10,complete_cov >= 10,3w,contiguity,acs_2021,True,1.0,2021-01-25,2022-05-15,71,68,3,67,3213,3203,10,completed,not_run,False,0.3590338102146884,0.2804972949799861,68,3203,death_rate_100k >= 2,0.8017621347633652,0.0150278889660346,68,3203,complete_cov >= 10,-0.20256034538482254,0.22847791611010904,0.9854362377717037,-1.214511448642591,-0.15474122892640882,-0.4746388692287795,-0.0010371420036138666,-0.548391618377694,0.2843659394115834,1.4600877840110877,2.113598996037444,-0.07910059294424135,-0.14623777903987492,-0.09277348470641557,-0.1258164305670598,-0.12606327705859557,-0.1084658017590136,-0.12864016189279287,-0.1396468679529446,-0.052499833665171164,-0.2194465971286398,-0.1747941301324688,-0.29509140770362136,-0.24795107828663288,-0.2979039718394255,-0.31872496775513615,-0.38659295370091584,-0.28161317346896564,-0.27176733974584477,-0.22664852848364644,-0.10851769847710326,-0.030086430320551163,0.0395797368781524,0.09393895243035313,-0.177302775719168,0.11344946480986233,0.14377346375050676,0.24983249318011383,0.24282288797874663,0.25960495667757044,0.20748893514137898,0.21078310382432663,0.22119265482361403,0.1984364378391917,0.1350088877688557,-0.22460365201160867,0.16812272344049786,0.1831872563556698,0.019847498306447785,0.2647708230538261,0.1903755646637843,0.18236364183284715,0.13702600665261364,0.16619508024115795,0.2465798144405479,0.23940879654507,-0.2889290019515737,0.2582991724515969,0.32558061202111266,0.3676914009939019,0.3561082372604781,0.3320813216868192,0.2633825725364857,0.21636520129823983,0.13845204753967033,0.12574593206570703,0.044403630783837994,-0.3229195848489953,-0.015176084408851997,-0.09687031274220803,-0.06130609128629967,-0.17349985225530734,-0.17218905035482443,-0.042759676580031075,-0.25863245431647375,,,,-0.2776828979674279,-0.22731430793921376,-0.14433106026193954,-0.31924985179476933
outcome_death_rate_100k_ge_2__intervention_complete_cov_ge_10__lag_4w__contiguity,death_rate_100k_ge_2,death_rate_100k >= 2,complete_cov_ge_10,complete_cov >= 10,4w,contiguity,acs_2021,True,1.0,2021-02-01,2022-05-15,71,67,4,66,3213,3203,10,completed,not_run,False,0.3551008615989673,0.2806507157115961,67,3203,death_rate_100k >= 2,0.7988033606553557,0.0152555842533988,67,3203,complete_cov >= 10,-0.20526640893055823,0.2284288677328205,0.9727874415377958,-1.21239428765875,-0.1589030448831931,-0.4790994697382991,0.00020558478466631947,-0.5414286802520103,0.2847540778831255,1.4644417390345534,2.1210582889664455,-0.14754024556765932,-0.24854497276681214,-0.1455978785453978,-0.13269193337519708,-0.10877383091200177,-0.1271923426664413,-0.13574432658569052,-0.05090770803923661,-0.213319258053612,-0.16931454642151164,-0.28849436281408114,-0.291756336871582,-0.17941009779412623,-0.312365253243626,-0.37939021466641737,-0.2752451051692336,-0.2659502803806685,-0.22030989029691514,-0.10314502441616347,-0.024482213576575942,0.044155736399952815,0.09759023252398359,0.11796755641435333,-0.22844385107180548,0.147874406262227,0.25365975663891266,0.2456507044846876,0.2625128745195293,0.21030798599054618,0.20791392735199726,0.22511759876554782,0.2027164227913259,0.13969406119997763,0.1415360377629748,-0.2984285670500268,0.18822226325656705,0.025535937192442376,0.269866967057334,0.19561463399390014,0.18770529671670605,0.14127275997714986,0.17153346313601073,0.253394251601899,0.2441373970871466,0.26313305978215507,-0.3555130537455672,0.33012698833307486,0.37194407351244557,0.3603926557940989,0.33641415717911455,0.26812783314168015,0.22095102654309035,0.14395017546915706,0.13096123425929027,0.05009612547215721,-0.008920306041873266,-0.3302846763663996,-0.09257105583990942,-0.05445053912475238,-0.1661986859357115,-0.16411410576053315,-0.03555098359265038,-0.249880805142288,,,,,-0.31504617587609257,-0.19829202922634817,-0.13220694367452795,-0.34405626644653065
outcome_case_rate_100k_ge_100__intervention_complete_cov_ge_30__lag_0w__contiguity,case_rate_100k_ge_100,case_rate_100k >= 100,complete_cov_ge_30,complete_cov >= 30,0w,contiguity,acs_2021,True,1.0,2021-01-04,2022-05-15,71,71,0,70,3213,3203,10,completed,not_run,False,0.5558433334945672,0.1403416439944694,71,3203,case_rate_100k >= 100,0.6273739847765959,0.0141786717809196,71,3203,complete_cov >= 30,0.007485079542432844,0.516660900284231,0.29444951362702754,-0.18666091532730067,-0.13510275931430113,-0.10004291384640057,0.10001267156745579,-0.011256076132890936,0.17670356414048438,2.50080285684565,2.0959645211585824,0.11328026213028981,0.0412296219734007,0.026445260531903086,-0.06538155069622929,0.06805464646740186,-0.010465396862279914,-0.10955163286271602,-0.06898832048736409,-0.16496122212117206,-0.23649230301486995,-0.2733012763930514,-0.23817667798036912,-0.028795263497117096,-0.4950519655614353,-0.26895777952358235,-0.5001021268600995,-0.4401177286334922,-0.3634718989225364,-0.11940485608182401,0.01112611560036666,0.17961302810997892,0.23291582389707327,0.26275404552128884,-0.08364401374862564,0.29911401217058786,0.19400392718355491,0.26289585129367804,0.22888248598466898,0.12923017080626542,0.25731880746344504,0.20918331468320553,0.06261333966642779,-0.027751622281975794,-0.13115619899133935,-0.17187161934357695,-0.08727492834388507,-0.122510394177422,-0.07659604226715404,0.008477058464215956,0.04296445435338116,-0.27652314529633465,0.3736322458179972,0.04112606162657749,0.0209104996260914,0.05844627630732741,-0.28240729572584683,0.46795261857869247,0.6859680140532224,0.6041959413011173,0.7121971885432317,0.6934186146123533,0.54499707907631,0.17879447938581425,-0.14319163802383006,-0.3757164361186102,-0.3144472472729368,0.0020069316397755325,-0.29255164585737126,-0.22960517951333723,-0.20989210209811118,-0.26546428380655707,-0.16049239942141494,-0.1914315195236168,0.03757414383916089,-0.03449711939156294,0.057336166373916225,0.07627822378695757,-0.1983772786280291,-0.06338351258879638,-0.06293108895120544,0.11536729096949057
outcome_case_rate_100k_ge_100__intervention_complete_cov_ge_30__lag_1w__contiguity,case_rate_100k_ge_100,case_rate_100k >= 100,complete_cov_ge_30,complete_cov >= 30,1w,contiguity,acs_2021,True,1.0,2021-01-11,2022-05-15,71,70,1,69,3213,3203,10,completed,not_run,False,0.5500557513045805,0.1416606713814494,70,3203,case_rate_100k >= 100,0.622291601623478,0.0143841597777445,70,3203,complete_cov >= 30,0.012151425310811242,0.5148274257937179,0.2827213852055298,-0.18086283364915196,-0.13745260331016845,-0.10042570032376706,0.10056134853092553,-0.006923216066180586,0.17816715470464703,2.4935074232685355,2.08533402064678,0.04948808931579684,-0.021055243846005784,-0.060163228179293086,0.07320235715209926,-0.004978540288033071,-0.10400592928874632,-0.06434254618578213,-0.16082968950759818,-0.23341212238625783,-0.2709763578832604,-0.23710025534068804,-0.49119283655935686,-0.07615133840960012,-0.26701821077728766,-0.4970029367669076,-0.43813789658573504,-0.3600201800205018,-0.11895558678463039,0.010411607253481198,0.17872515013231322,0.23174467328331516,0.2619069840415998,0.29805911512612143,-0.16471513397435603,0.19461811975812818,0.2647745233612168,0.23137207732395476,0.13371622611611242,0.25802187487804734,0.21344629386997904,0.06495606845269233,-0.02581964418630097,-0.12940980548604883,-0.08444211083008082,-0.27582660589461694,-0.12293892118650673,-0.07739248300424001,0.007521246193128663,0.04198140668548422,-0.27744943926988785,0.3710514978498066,0.04075338014010545,0.020115614552473283,0.056890144043333535,0.4687698264877268,0.006890700879080886,0.6896705296808593,0.6094046711047286,0.7208991415758307,0.7012709294598002,0.5505818603747146,0.17799709029774455,-0.1430924051752212,-0.3777177891009055,-0.3166707460539044,-0.2956203267729004,-0.19195469504968962,-0.2328868709566763,-0.21355928287353676,-0.2694418138687075,-0.163438610404394,-0.1946943284179243,0.03266354243125271,-0.03869722918262528,0.052535034952597655,0.07235302782717407,,-0.058282230119883004,-0.057636601671347605,0.03123716768873845,0.07107353552731427
outcome_case_rate_100k_ge_100__intervention_complete_cov_ge_30__lag_2w__contiguity,case_rate_100k_ge_100,case_rate_100k >= 100,complete_cov_ge_30,complete_cov >= 30,2w,contiguity,acs_2021,True,1.0,2021-01-18,2022-05-15,71,69,2,68,3213,3203,10,completed,not_run,False,0.5444080956711779,0.1426420084112321,69,3203,case_rate_100k >= 100,0.6170619030166465,0.014595691539182,69,3203,complete_cov >= 30,0.012311934331124532,0.5139681404263474,0.2765086124392612,-0.18238077631358018,-0.14500938159925733,-0.09836755423596341,0.09465781976842563,-0.013214059947307151,0.1792572669463229,2.4859781735742064,2.077634670363997,-0.01983807595658855,-0.07506643159527972,0.07291056696260641,-0.004223993525125026,-0.10263715387197235,-0.06289398372554726,-0.15963070772329793,-0.2321568621227626,-0.27067734567374035,-0.2382629694719691,-0.4926798237119786,-0.2686016530054917,-0.16365161357248953,-0.49918922467447097,-0.44100860468580716,-0.36268995374189905,-0.12099910711955397,0.009013394571626272,0.17810177807234787,0.23141155249416062,0.26175799865920535,0.2989217382975683,0.19516782693714352,-0.2749321768139611,0.26607284466796477,0.23287164701609905,0.1354344540614333,0.2631117652635868,0.213960951178248,0.06820939990718468,-0.02328053012525916,-0.12734560510341078,-0.08268635020935342,-0.11909902918906656,0.0073184431899804125,-0.07659953715243069,0.008243907919707517,0.04290624021545195,-0.2769962931432241,0.3717077770792673,0.04218870334726141,0.021125002454269133,0.058290588900775986,0.46954411130284596,0.6932594185289033,-0.1919896813900109,0.6149821133581188,0.7281230804614314,0.7108909415066476,0.5560966805193739,0.18181789704262938,-0.14078323992262154,-0.37646786837432605,-0.31646444728343076,-0.29671367932488385,-0.23458846591036184,-0.05825736673000403,-0.21500956761286247,-0.27132114040051025,-0.16603342852785455,-0.1960924557313552,0.03085943657099753,-0.040048134538412876,0.051615777110573365,0.0714218003355253,,,-0.05845257676269044,0.030593367690908282,-0.060562127199839055,0.04839219847586442
outcome_case_rate_100k_ge_100__intervention_complete_cov_ge_30__lag_3w__contiguity,case_rate_100k_ge_100,case_rate_100k >= 100,complete_cov_ge_30,complete_cov >= 30,3w,contiguity,acs_2021,True,1.0,2021-01-25,2022-05-15,71,68,3,67,3213,3203,10,completed,not_run,False,0.5390075480707425,0.1433171327253833,68,3203,case_rate_100k >= 100,0.6116783897449083,0.0148088778710257,68,3203,complete_cov >= 30,0.01198090073811875,0.5126421246774715,0.2706308027704635,-0.1844130085806472,-0.1563717317594225,-0.0995724127517469,0.09993259408941994,-0.006680786152617072,0.17995351606143498,2.4827311226385733,2.0719483801025214,-0.07513204210247897,-0.16416751957049305,-0.005117810533862934,-0.10242807927130695,-0.062254163282156764,-0.15829587750675977,-0.2312298198630262,-0.2705286880614724,-0.23882327101248133,-0.49537428890120067,-0.27058006068342133,-0.5011293055658902,-0.2741364330129473,-0.4439776885419545,-0.3656478830267344,-0.12222834330284466,0.007688607297632904,0.17700008974247122,0.23016786541753717,0.26046096638148974,0.29787284209026144,0.19539987586791976,0.2657585048589541,0.006305167606077676,0.23252247213922092,0.13576773958699756,0.2623468821485633,0.2165063567756126,0.06961703559002617,-0.02166635331426642,-0.12548056899631702,-0.0812863539189982,-0.11788014809245428,-0.07362151231810779,-0.19222028477309175,0.008799194735028177,0.04345757826832798,-0.27607034645596334,0.3718737736063488,0.04289606432518988,0.021569002709248872,0.0588781088849825,0.4693797248022308,0.6915606540428872,0.6145079266292793,-0.059388743872844034,0.7276272370081068,0.7095219808095243,0.5570590167257957,0.18259896396048436,-0.13929967319735062,-0.3749391851834471,-0.3153655627783316,-0.2970002448867369,-0.23544336786690637,-0.21606663730728595,-0.05906493201347291,-0.2725045363138227,-0.1674856711769007,-0.1977897678309098,0.028922885710668037,-0.04139588541445684,0.050286649352250336,0.07020511302863085,,,,0.028929565982916395,-0.061866794320749395,0.07139999818677999,0.02265976535101758
outcome_case_rate_100k_ge_100__intervention_complete_cov_ge_30__lag_4w__contiguity,case_rate_100k_ge_100,case_rate_100k >= 100,complete_cov_ge_30,complete_cov >= 30,4w,contiguity,acs_2021,True,1.0,2021-02-01,2022-05-15,71,67,4,66,3213,3203,10,completed,not_run,False,0.5341074831897336,0.1435207523249983,67,3203,case_rate_100k >= 100,0.6061388343949935,0.0150332548084655,67,3203,complete_cov >= 30,0.014926290475187206,0.5121171417860847,0.2632283825601389,-0.18769872131958432,-0.16093864730323673,-0.09891367037552036,0.09977430888675894,-0.011522353631539596,0.18018237624201458,2.4835874758267167,2.068095767387578,-0.16121779288334293,-0.271361608954436,-0.09916590553822503,-0.05835158932548978,-0.15414945262636215,-0.22702073630397024,-0.26698394931202396,-0.23750830665139766,-0.4958092524936878,-0.27042467157940453,-0.5005573165564956,-0.44298359364286916,0.008865556109938808,-0.3656291967885716,-0.12245772861115582,0.007717097096972634,0.17633254483192848,0.22892819327805405,0.2591386347323291,0.29584366573571463,0.1929631890320968,0.2638920171039278,0.23095576387932346,-0.18937289998814735,0.13388027677736947,0.2602324097619175,0.21381037639044204,0.06704271618801527,-0.021634211787897022,-0.1263565384222592,-0.08299386118280395,-0.11963519005730743,-0.07538636611287969,0.009042045725195218,-0.05673787293760856,0.040757855641004107,-0.27918434100873213,0.36924123280337434,0.04019242528079709,0.019242497154000546,0.05623470348031356,0.46602699132735476,0.6845754126760094,0.6087076474658336,0.720906021078358,-0.0568906225829939,0.7029544198033966,0.5503086796731946,0.1799220623310615,-0.14253362349044219,-0.377717897321328,-0.3187762583496584,-0.3001505605518373,-0.23872921466852123,-0.21943527154043913,-0.2753670813335481,0.03133130068164908,-0.17067391907363075,-0.20149586625867807,0.02599558476631174,-0.04456721408855727,0.04712712923925088,0.06688922713595911,,,,,-0.05922427569012112,0.07373208343453815,-0.002305572900809241,-0.002618697497291697
outcome_case_rate_100k_ge_200__intervention_complete_cov_ge_30__lag_0w__contiguity,case_rate_100k_ge_200,case_rate_100k >= 200,complete_cov_ge_30,complete_cov >= 30,0w,contiguity,acs_2021,True,1.0,2021-01-04,2022-05-15,71,71,0,70,3213,3203,10,completed,not_run,False,0.3710254031211936,0.125641140002676,71,3203,case_rate_100k >= 200,0.6273739847765959,0.0141786717809196,71,3203,complete_cov >= 30,-0.03267097403129112,0.5496837244777437,0.1813223155452857,-0.2773174313205083,-0.1781713127504049,-0.10177768844029557,0.09014254539848017,-0.04382176173840586,0.15730942508714038,2.64686406080603,2.1342636029804463,-0.16444306039849074,-0.14696949422242234,-0.024009063420343577,-0.10944036693280511,-0.02033529053585851,-0.0766122253770139,-0.21912937400338872,-0.20900886406182587,-0.2876328381188573,-0.3067754908226495,-0.44163562477617174,-0.31717275800489936,-0.18824091102267632,-0.5944236297407524,-0.38113665457589574,-0.5238406957767247,-0.4473242980255352,-0.4481620857197595,-0.22255079581503442,-0.12412504648298806,0.10494703531973884,0.26451973482209123,0.25734017620100824,-0.22106222164224804,0.28568792892872724,0.2556256054233834,0.24272211140673644,0.21700563500001735,0.05839175866237876,0.19833863761824444,-0.04153831258242234,-0.09744563934426065,-0.10836949644787651,-0.1509014765683133,-0.2372978345467595,-0.16594772087785528,0.012659774794299335,-0.012143078438807969,0.07783090948869026,0.1125962888760738,-0.2879593468208973,0.3815977489966632,0.026741411830558923,-0.012190836791800124,0.0010940365524966834,-0.3550222727898606,0.5421109842720054,0.9066848481974945,1.1311714473716157,2.0088724005737206,1.9844525063799539,0.42895776177238437,-0.18701537780873947,-0.3248566428157991,-0.37161046257763636,-0.16474573415806942,0.015177805014701897,-0.16490109872355557,-0.15599160561379094,-0.25945316299445015,-0.30098082634845796,-0.24560946422695287,-0.11472532522863785,-0.004178184170846248,-0.07763052254436438,0.06673676137191223,0.045280209817839936,-0.19575108360863727,-0.02505396372175877,-0.09119325946584617,-0.15847109582705923
outcome_case_rate_100k_ge_200__intervention_complete_cov_ge_30__lag_1w__contiguity,case_rate_100k_ge_200,case_rate_100k >= 200,complete_cov_ge_30,complete_cov >= 30,1w,contiguity,acs_2021,True,1.0,2021-01-11,2022-05-15,71,70,1,69,3213,3203,10,completed,not_run,False,0.3635743276392668,0.125629504947807,70,3203,case_rate_100k >= 200,0.622291601623478,0.0143841597777445,70,3203,complete_cov >= 30,-0.03353392017155771,0.548919683135835,0.1733878427809055,-0.2844596578977081,-0.19148398679168888,-0.09778091815823968,0.09302353889236635,-0.05279612788501996,0.1572990154510735,2.644709637080975,2.132388882064891,-0.14857329020841922,-0.1896714145849308,-0.11243429199488308,-0.025711964914344045,-0.08317191690428685,-0.22664917948025112,-0.21764638274884093,-0.29563497358572927,-0.3157166969911868,-0.44717432271796875,-0.3228783715144375,-0.6027725691073459,-0.22180957298580845,-0.3869748974170613,-0.5305813670014857,-0.4522295258308648,-0.45409507550333217,-0.2255513121279226,-0.12459589108710911,0.10387712509236993,0.2630577824962795,0.2555223741288148,0.28430858149643295,-0.23755272346431835,0.2538078267828613,0.24126850437636493,0.21600694582404067,0.05726174578904561,0.1974805991876761,-0.04319619312213669,-0.09696766852840397,-0.10825210476913241,-0.15101439179111828,-0.17092100446172026,-0.35636822829817805,0.012330960294678516,-0.012370730995452392,0.07751647910868831,0.11258024527694077,-0.2880991910046245,0.3811957716268265,0.026666229825567742,-0.011928726693263367,0.0013976694097140368,0.5419830640539082,0.01325030361303067,0.9093731962840691,1.1247832142951069,1.9909508996648158,1.9674493521695104,0.4345529308211968,-0.1857771145470593,-0.3248627566396501,-0.3705690420671014,-0.1649045435682233,-0.1652809649993252,-0.19692290986088615,-0.1581227576885829,-0.26187985265035224,-0.29907003116787667,-0.24697554599100938,-0.11476900095952869,-0.004625205384593974,-0.07728952323613467,0.06568968135242115,0.046091673380752346,,-0.02708933389935544,-0.09330314293276046,-0.026417450924116112,-0.1662130862223849
outcome_case_rate_100k_ge_200__intervention_complete_cov_ge_30__lag_2w__contiguity,case_rate_100k_ge_200,case_rate_100k >= 200,complete_cov_ge_30,complete_cov >= 30,2w,contiguity,acs_2021,True,1.0,2021-01-18,2022-05-15,71,69,2,68,3213,3203,10,completed,not_run,False,0.3571968308696104,0.1252639988246313,69,3203,case_rate_100k >= 200,0.6170619030166465,0.014595691539182,69,3203,complete_cov >= 30,-0.03240100497629306,0.5492092259981457,0.17211245663384406,-0.28521465852981004,-0.2063875011916808,-0.10211552742994026,0.08661707856041474,-0.05123023490779699,0.15701511551940506,2.6450693498955387,2.132727593578882,-0.18876484872395347,-0.221256995434275,-0.025952705501891764,-0.08592925033130729,-0.23336256796035973,-0.22631726296373275,-0.30421652343064487,-0.3198096918604999,-0.4518946154579645,-0.3264175340628614,-0.6068945930988426,-0.3904129227468287,-0.23632848657255193,-0.5337809285971339,-0.45447287893328947,-0.45633698935793154,-0.22784724570481482,-0.12760773721985924,0.1028080548029987,0.262327041026881,0.25432389254787113,0.2817971029451511,0.2520567878473311,-0.35506285740681387,0.23899399199320293,0.21344884105645576,0.055239140806007433,0.19528378510071587,-0.04577749941183812,-0.10013982830829724,-0.10941938805101913,-0.15267863516623476,-0.1729403311715478,0.005492322641913761,0.01437422430678865,-0.014695288498121226,0.07556694522662431,0.11042571520187983,-0.29066730098955085,0.38001638194934345,0.02454791827180064,-0.014157588897962231,0.00013970723661737368,0.5402319507591857,0.9096102722306235,-0.196572066656447,1.1254178138335051,1.9669046110229738,1.969406974527554,0.4330933497457125,-0.1875634621612511,-0.32580692818908913,-0.37253310432114606,-0.16707353987421733,-0.16839922529167717,-0.1598997900340913,-0.026963370459133468,-0.26340395399531924,-0.2999568138379305,-0.24787997082582397,-0.11676272617274831,-0.005237377735540626,-0.07916649586310079,0.06513540591528408,0.044038417127469365,,,-0.09257386325987164,-0.025633147617159145,-0.11211231596921625,-0.18053452600677766
outcome_case_rate_100k_ge_200__intervention_complete_cov_ge_30__lag_3w__contiguity,case_rate_100k_ge_200,case_rate_100k >= 200,complete_cov_ge_30,complete_cov >= 30,3w,contiguity,acs_2021,True,1.0,2021-01-25,2022-05-15,71,68,3,67,3213,3203,10,completed,not_run,False,0.3517612165065839,0.1244169412071705,68,3203,case_rate_100k >= 200,0.6116783897449083,0.0148088778710257,68,3203,complete_cov >= 30,-0.029968937394762207,0.5498397432734027,0.17012267962991545,-0.2811152363325842,-0.21972209847007854,-0.1067684040821276,0.07673081065721873,-0.04552369872898528,0.1561982472889479,2.6573968550324665,2.132348399981452,-0.2188731945812301,-0.2336744795172083,-0.08332404387113321,-0.23099559293161656,-0.2246593210249544,-0.30428005858777973,-0.3225834616185105,-0.45283867925905447,-0.3271066495567882,-0.6064111228538938,-0.3895702091701896,-0.5333511473342218,-0.3511177108993294,-0.4536150812737847,-0.4546254335388429,-0.2271592156636925,-0.1265622698266504,0.1031432385728937,0.26221617695761235,0.2530504224063483,0.2804710657082541,0.24873441809053848,0.23609542596979635,0.019270172604154867,0.20978841530483353,0.05077852258960199,0.19043907963496645,-0.04977828046202584,-0.10417185895427121,-0.11423505852068334,-0.15519971965029655,-0.17579346517935368,0.002864055032096016,-0.02226832090991169,-0.19091657299849268,0.07240056021960624,0.10702837003017279,-0.29449620091660944,0.37716334293262416,0.02122050640649435,-0.017315278931347655,-0.0037075284241132253,0.5365346339351005,0.898365026035591,1.106444002123891,-0.022330032399821242,1.9341414591811517,1.9119127871785033,0.41974427554970717,-0.1932817722388889,-0.32989927791373325,-0.37480097351245195,-0.168760856945448,-0.16892877300360773,-0.16118978648817708,-0.2657483023298613,-0.08863418338708247,-0.30138566386235077,-0.24761354227869298,-0.11792907419393517,-0.00706308004184331,-0.08003611276466119,0.06364312801081261,0.04354825966764189,,,,-0.02159561802554565,-0.1084651251607957,-0.022705213139510273,-0.19337979495281743
outcome_case_rate_100k_ge_200__intervention_complete_cov_ge_30__lag_4w__contiguity,case_rate_100k_ge_200,case_rate_100k >= 200,complete_cov_ge_30,complete_cov >= 30,4w,contiguity,acs_2021,True,1.0,2021-02-01,2022-05-15,71,67,4,66,3213,3203,10,completed,not_run,False,0.3476777834213261,0.1228441139462057,67,3203,case_rate_100k >= 200,0.6061388343949935,0.0150332548084655,67,3203,complete_cov >= 30,-0.02527047177229674,0.5514634408091981,0.17329094560821484,-0.29380839149335586,-0.21534872103796696,-0.11182003062224041,0.07050369692644476,-0.05059320985646206,0.1549503833804005,2.676287730852814,2.1338977266164227,-0.23064217186134092,-0.34448110633862034,-0.22475577235698063,-0.21981549410024448,-0.30188570349764143,-0.3196705186476735,-0.4517800142349928,-0.32465937410152795,-0.6086237286918992,-0.38740818533570315,-0.5343301662346364,-0.4534088535753746,0.027446539968835486,-0.4536701987230866,-0.22396439083718403,-0.12336178090067271,0.10632174279530884,0.26383777156900867,0.2525326132159719,0.27937009827043435,0.24678375194510843,0.23103128114922009,0.20465660369500888,-0.1823271659905907,0.04459843758344866,0.1838589774072766,-0.05665660729208716,-0.11080965092141334,-0.12012377867756885,-0.16309169476384597,-0.18054224077753486,-0.0003598094548606396,-0.025550153857543532,0.06446434410077592,-0.013059369683204524,0.10237837901748573,-0.29900202705937645,0.3731854254790297,0.015550998323939568,-0.022990654309101303,-0.008520240333605742,0.5302695516048308,0.891548554765787,1.0851024068107344,1.8572357548502032,-0.07887167276685338,1.8365992510307807,0.4073635219385057,-0.2045951821736351,-0.3373373207415024,-0.3776087068253408,-0.17121329912626865,-0.16969207196422825,-0.161080755450402,-0.2663931988259561,-0.3041515743475952,-0.01219340610540433,-0.2493026956154115,-0.11777667561420378,-0.006598103226742745,-0.07912134420128188,0.06408246154454893,0.04291887966273691,,,,,-0.10009799155421713,-0.01388529938633604,-0.07572719624528947,-0.21073781750596954
outcome_death_rate_100k_ge_2__intervention_complete_cov_ge_30__lag_0w__contiguity,death_rate_100k_ge_2,death_rate_100k >= 2,complete_cov_ge_30,complete_cov >= 30,0w,contiguity,acs_2021,True,1.0,2021-01-04,2022-05-15,71,71,0,70,3213,3203,10,completed,not_run,False,0.3711265406990805,0.2796530038802908,71,3203,death_rate_100k >= 2,0.6273739847765959,0.0141786717809196,71,3203,complete_cov >= 30,-0.13497544958306995,0.24404263593494097,0.9527935321046974,-1.1291068244231484,-0.12550253978851253,-0.3124362215507061,0.04248689518361471,-0.5683641957273373,0.2891302850115941,1.5886372727041693,2.129903316954041,0.07295705589172735,0.052249642109407676,-0.2269148755685655,-0.2585174117382897,-0.22332650787735156,-0.20070701335631155,-0.22794102311204645,-0.21397181464093232,-0.1821813917559734,-0.18720366934872662,-0.18901578011764253,-0.10784841098068995,0.043718759750229465,-0.24582001227296393,-0.1960935369380142,-0.2930473149452427,-0.2829753330566057,-0.2959709824728827,-0.34391087162577416,-0.258485173520227,-0.2517123788794374,-0.21495424613444153,-0.11187708801562454,0.03673927730588616,-0.046314121497687606,0.017314508961295105,0.06577681339456726,0.08284934885369814,0.11364237874177158,0.2190146666563241,0.22014864680954901,0.23555287655315765,0.1829001478354103,0.18066209203706798,-0.0300664571994222,0.215001525943535,0.19222943441779194,0.12965284924861567,0.13565582894540532,0.15133736855747737,0.00017330114034858944,0.23687672195163725,0.16146144698482026,0.15521744871127227,0.11316985249318191,-0.1273579236970343,0.14340968866226175,0.22013111761066495,0.21080726706916797,0.24007573827008175,0.3036740918589178,0.3429241853776434,0.32900522289815054,0.3042041536400084,0.2364749773410113,0.19362677311360046,-0.05400538568381755,0.1222934447041653,0.11742181094454429,0.04458189465152285,-0.0027613242159935897,-0.06866261906729482,-0.03086164253538563,-0.12618173816603925,-0.11634838639079179,-0.008193879711889394,-0.19493028611462526,-0.10365544765842226,-0.1728590652519827,-0.22825924588778845,-0.21610000745226118
outcome_death_rate_100k_ge_2__intervention_complete_cov_ge_30__lag_1w__contiguity,death_rate_100k_ge_2,death_rate_100k >= 2,complete_cov_ge_30,complete_cov >= 30,1w,contiguity,acs_2021,True,1.0,2021-01-11,2022-05-15,71,70,1,69,3213,3203,10,completed,not_run,False,0.3670888898800232,0.2799594582977009,70,3203,death_rate_100k >= 2,0.622291601623478,0.0143841597777445,70,3203,complete_cov >= 30,-0.13355140035108046,0.24384001996323398,0.9391805553572312,-1.125664427628601,-0.13187385192622936,-0.31183487092697953,0.046739413791879875,-0.5574517808900741,0.2897953246350802,1.6025719842140451,2.1263777927212653,0.055590741846900514,0.046995663960752714,-0.2532293314946075,-0.22405207210025063,-0.20779361339141889,-0.2418478601962617,-0.22876519308872473,-0.19383319672626317,-0.1953221682056854,-0.19226856009845758,-0.10891643579749864,-0.2437157755175568,0.040098238172395925,-0.19425546470159766,-0.29033454684012244,-0.27884439495553964,-0.28994687403224534,-0.33704426356644934,-0.2527116136362835,-0.24615715462611254,-0.21047552425272054,-0.11078672465068046,-0.04383977138803936,-0.026174064197973836,0.016868062556215955,0.06443054164093416,0.082056214353574,0.11286354640550082,0.21592422756811994,0.21033863466642935,0.2363069613086347,0.18377414588262708,0.1813188609699529,0.19521688900571962,-0.12252658090730936,0.19337804216291435,0.13199139141620223,0.1376076315458664,0.15338263844168684,0.004009319256841379,0.2378664629331934,0.16181700369783494,0.15812733815129001,0.11571366356135321,0.14629614329050183,-0.049874395330942824,0.22212677241903878,0.2121661712334494,0.23144544711434997,0.3042736820362758,0.3433976996521597,0.3299338009300798,0.304801258416315,0.23784153716191875,0.19532424087259953,0.1251534756819213,-0.09895330168338078,0.11895851197689325,0.048406403427503325,0.0014571423960168359,-0.0626093574550356,-0.024919872948315387,-0.11896736965476992,-0.10912723965231763,-0.001994040920366359,-0.1869419319506437,,-0.167959002493251,-0.22216153716737874,-0.22090927248576228,-0.21796629888829006
outcome_death_rate_100k_ge_2__intervention_complete_cov_ge_30__lag_2w__contiguity,death_rate_100k_ge_2,death_rate_100k >= 2,complete_cov_ge_30,complete_cov >= 30,2w,contiguity,acs_2021,True,1.0,2021-01-18,2022-05-15,71,69,2,68,3213,3203,10,completed,not_run,False,0.3630156510879745,0.2802106481056363,69,3203,death_rate_100k >= 2,0.6170619030166465,0.014595691539182,69,3203,complete_cov >= 30,-0.1327828940456016,0.2438874081255512,0.9271395677784698,-1.1272188842296895,-0.13587509212393012,-0.31263423528687856,0.04897223678219237,-0.5591369111677261,0.2904179056833341,1.616108166238699,2.1152924583126986,0.04935232433696687,0.04275853392675639,-0.21984519753244983,-0.20971132006605192,-0.24924933992804946,-0.2438228860632933,-0.20934620185653402,-0.20846890021554162,-0.2011518315692169,-0.11377920441658709,-0.2438861487529159,-0.1932513886491356,-0.022964464234646084,-0.2874578403913574,-0.27655471610397314,-0.2860774362632483,-0.33027351732112403,-0.24754244665977745,-0.24041462260373048,-0.20521875057087277,-0.10777500594978658,-0.04406820385328657,0.018290988297581526,-0.11858475435585013,0.06342700189378295,0.08009353631081095,0.1112822839204782,0.21420916711355767,0.20742216986540013,0.22670023372503656,0.18461247193866545,0.18200422219261497,0.19634815393994884,0.17353922358879545,-0.0460793233479466,0.1334769713417269,0.13973932142140272,0.1552450676323563,0.007138875095872154,0.24022265540382187,0.16329210683546355,0.15844166506995644,0.11934792301630887,0.14899622120454284,0.22412595545710884,-0.09491513476881412,0.21423874848282456,0.23302566380950474,0.296738578101777,0.3444895131381054,0.3311311349061278,0.30630551824108426,0.23894879641522207,0.19738669402025688,0.12778108216099018,0.12195241862066934,-0.1634715253875836,0.05049787883053236,0.005631103564777169,-0.057397144895961635,-0.01831037292010101,-0.11183816921577314,-0.10166557801490939,0.003335492667489431,-0.17841543020525516,,,-0.2171018427702945,-0.21520505870943604,-0.247685938894814,-0.2021417793485901
outcome_death_rate_100k_ge_2__intervention_complete_cov_ge_30__lag_3w__contiguity,death_rate_100k_ge_2,death_rate_100k >= 2,complete_cov_ge_30,complete_cov >= 30,3w,contiguity,acs_2021,True,1.0,2021-01-25,2022-05-15,71,68,3,67,3213,3203,10,completed,not_run,False,0.3590338102146884,0.2804972949799861,68,3203,death_rate_100k >= 2,0.6116783897449083,0.0148088778710257,68,3203,complete_cov >= 30,-0.12855903055270243,0.24367678623113695,0.9115874692591038,-1.124476534495142,-0.14194766218075355,-0.31322778889144864,0.056934961179665414,-0.5459193963124711,0.2910137121397696,1.6314310964988208,2.116247366880381,0.049438479523385315,-0.01617432769779637,-0.20131951866855466,-0.2459817552951255,-0.2465326167930459,-0.21910638191809884,-0.21956219692589207,-0.21013141972674307,-0.12104667496111868,-0.24475736176887752,-0.19143078079281042,-0.2828877175306258,-0.1109389147003172,-0.2718064158038933,-0.28174815489571226,-0.32409680451089373,-0.24066006518322858,-0.23463849675031298,-0.19955500637578077,-0.10302445378100183,-0.04140882051320509,0.017107862925748774,0.06393104086205179,-0.038736568480582115,0.07777364862834726,0.10813180854043167,0.21115369876516768,0.20410821668151966,0.22192528040863044,0.1737930696756463,0.18099423844271573,0.1951286143355664,0.17232775952964174,0.11247399730786216,-0.08695255679365269,0.13896727754139324,0.1551494609396169,0.008616524071866706,0.2395812398789335,0.16323547038322891,0.15708961065063762,0.1178313859650736,0.15013701811376648,0.22300793270552946,0.21335562160381083,-0.15471558456463771,0.23194246528778048,0.2943444606262613,0.3324296650038889,0.32780639829535146,0.30352060880475284,0.2372252810079545,0.1961424136018619,0.1274518195375996,0.12203871495773534,0.05165663443832095,-0.20757308372837968,0.006414422427565174,-0.05366782086375921,-0.016006388722108484,-0.10686923291661933,-0.0963450127837736,0.007019641710455042,-0.17264920052818566,,,,-0.20553157975238234,-0.2374649539417626,-0.20993191551122153,-0.21720042231166825
outcome_death_rate_100k_ge_2__intervention_complete_cov_ge_30__lag_4w__contiguity,death_rate_100k_ge_2,death_rate_100k >= 2,complete_cov_ge_30,complete_cov >= 30,4w,contiguity,acs_2021,True,1.0,2021-02-01,2022-05-15,71,67,4,66,3213,3203,10,completed,not_run,False,0.3551008615989673,0.2806507157115961,67,3203,death_rate_100k >= 2,0.6061388343949935,0.0150332548084655,67,3203,complete_cov >= 30,-0.12657301357090595,0.24425156536364062,0.8967739089973392,-1.1220849521333387,-0.14505274381580754,-0.3130888107199064,0.05886740085163341,-0.5410379097182223,0.291838229051846,1.6405855837298446,2.103505922331839,-0.011538227067730628,-0.10533846501550564,-0.24049873268039518,-0.24669063962182805,-0.2251278042200078,-0.23213176896370813,-0.22366750547990216,-0.1329191419413931,-0.25242219125352755,-0.19412758494616963,-0.281991379224013,-0.2690897886263002,-0.03358324578226298,-0.2785336692302159,-0.32058690202313433,-0.23731354284259737,-0.23010128654524115,-0.1951530598357335,-0.09971608783645666,-0.038714251254370724,0.018350180125115696,0.06252812311734338,0.07846414439076095,-0.08172015211362263,0.1061835495798973,0.20888773959336598,0.20216853487544725,0.22050626150375685,0.17017403700611866,0.17225411702074864,0.1959250030653709,0.1728366761629141,0.11336634947568731,0.11968477200881733,-0.14899022753201221,0.15620792994481825,0.01120506222354306,0.240901561185461,0.16475635073315245,0.15914166178906522,0.1188187447705108,0.1500004139175896,0.22556887527791245,0.2140667553296084,0.23297718365246295,-0.200629761361766,0.29499957370744356,0.33262862077235167,0.31963082560165695,0.3036197576327721,0.23792308705650986,0.1967210850918425,0.12954223355146902,0.12386583465485568,0.05426014463232041,0.009587744978571414,-0.19897628657974037,-0.051203869678110046,-0.011812906079213785,-0.10187401774271727,-0.09023286786329668,0.011744854859272524,-0.16640495838496047,,,,,-0.23045908044886082,-0.20298569713765657,-0.194962689976083,-0.19982972413017425
outcome_case_rate_100k_ge_100__intervention_complete_cov_ge_40__lag_0w__contiguity,case_rate_100k_ge_100,case_rate_100k >= 100,complete_cov_ge_40,complete_cov >= 40,0w,contiguity,acs_2021,True,1.0,2021-01-04,2022-05-15,71,71,0,70,3213,3203,10,completed,not_run,False,0.5558433334945672,0.1403416439944694,71,3203,case_rate_100k >= 100,0.442749534987006,0.0122875875295481,71,3203,complete_cov >= 40,-0.028557422029305345,0.5162048499971615,0.3140799324857798,-0.1694161417226727,-0.1437772038436866,-0.09813431882550787,0.10320755966141568,0.004543622376874962,0.17600438409987143,2.4993853099369154,2.150874725109493,0.0805480128229223,0.008368258257617871,-0.008659073183524837,-0.10016407751466275,0.03435300749307655,-0.04284225463023747,-0.13997086801462796,-0.09682982059435616,-0.18969484099889836,-0.2580049786992114,-0.2916572044635555,-0.25564210723792663,-0.0623956920124881,-0.5103997351594657,-0.28472282113306396,-0.514397582699968,-0.4527812937346828,-0.37548434459153734,-0.13094514834061413,-0.0010482165826569863,0.16924758914625557,0.2262550574321837,0.26320736445642673,-0.11751815285049345,0.3024432821013389,0.19833843052986455,0.26799367333782026,0.23358380334092207,0.13548166012714788,0.26493920319865505,0.21744881253352513,0.0710566753536917,-0.019091582683706303,-0.12461533447535315,-0.20615239568239135,-0.07510867594262181,-0.10916871366802354,-0.06284427202491491,0.022366087270277356,0.05780026059172095,-0.2600718183969497,0.3870883298176662,0.05901453943385419,0.03936465604403969,0.07578789157137868,-0.31729896235886207,0.4864457884683525,0.7050507770343017,0.626388824100495,0.7425876767030897,0.7248203671282669,0.5715266151019543,0.2046700613773075,-0.11683778759875911,-0.3502154371896647,-0.2878787623284603,-0.03326001471455492,-0.2673252258233062,-0.20340555292878382,-0.1846305150981842,-0.24030962565605743,-0.13401804607182446,-0.16527868374972068,0.06358641359802567,-0.007304908591897896,0.08432890880044992,0.10446471945888532,-0.23331598070712675,-0.09892703695912589,-0.09833920153925325,0.15575851434048837
outcome_case_rate_100k_ge_100__intervention_complete_cov_ge_40__lag_1w__contiguity,case_rate_100k_ge_100,case_rate_100k >= 100,complete_cov_ge_40,complete_cov >= 40,1w,contiguity,acs_2021,True,1.0,2021-01-11,2022-05-15,71,70,1,69,3213,3203,10,completed,not_run,False,0.5500557513045805,0.1416606713814494,70,3203,case_rate_100k >= 100,0.4370634672851344,0.0124475695339966,70,3203,complete_cov >= 40,-0.023819936208669693,0.5144273793176661,0.3006364891609117,-0.16633733662668992,-0.1472625866534649,-0.09861099264329,0.10457704311222943,0.0074710839364649645,0.1774544458863046,2.491658535313271,2.139605827857807,0.01580633075538613,-0.0556190326980862,-0.09578552241139522,0.03835416149049188,-0.03876898521249045,-0.13608845533554748,-0.09364802782459292,-0.1872759457441749,-0.2565354020930463,-0.2911417077013384,-0.25584714858036156,-0.5098790988030439,-0.11091038125022101,-0.285202313308956,-0.5150348668419593,-0.45371886656889726,-0.37389157302748305,-0.13073374519036282,-0.00024659787523453706,0.1698794609673014,0.22653508248165233,0.2620918971657522,0.30304472176551367,-0.19967769771044097,0.1996945943966559,0.26925600991060694,0.2357619753480472,0.1397778585855864,0.2640158997189953,0.21952511981958342,0.07478025987771805,-0.01692741624473679,-0.12258101264828095,-0.07804775777624927,-0.3107533872726509,-0.1091638327670221,-0.06269109045565935,0.022332660984147535,0.05766288790856217,-0.2601319363788855,0.38656919518658656,0.05862001706283039,0.039130146251805206,0.0752077593377363,0.4856634202679965,-0.02819858272854122,0.7125627723367453,0.6320894904579327,0.7448698916435381,0.7275746897985984,0.5787784852288262,0.20423943933945196,-0.11724440783964155,-0.3498120942777746,-0.2902944478372654,-0.26984245619517416,-0.22819941149031148,-0.2076215947683832,-0.18823826316833883,-0.24393850599844832,-0.137427453735663,-0.1687169351571999,0.05914735403896303,-0.011264375196361172,0.08015646718443445,0.10018994584250536,,-0.09423730028138269,-0.09352527636671977,-0.0044550883916285545,0.12751604735104868
outcome_case_rate_100k_ge_100__intervention_complete_cov_ge_40__lag_2w__contiguity,case_rate_100k_ge_100,case_rate_100k >= 100,complete_cov_ge_40,complete_cov >= 40,2w,contiguity,acs_2021,True,1.0,2021-01-18,2022-05-15,71,69,2,68,3213,3203,10,completed,not_run,False,0.5444080956711779,0.1426420084112321,69,3203,case_rate_100k >= 100,0.4312306850009276,0.0126030743237038,69,3203,complete_cov >= 40,-0.021936344292307588,0.5136605983787408,0.2934049661474677,-0.16876982429038426,-0.1549456341083679,-0.09691242495848236,0.09848680871288014,0.0013508436451415385,0.17852385696622344,2.4844675047855387,2.1311423607216686,-0.05229953203932317,-0.10740967626000797,0.03947833680195749,-0.03713666419884128,-0.13443578225416417,-0.09283610440400343,-0.1867919646510787,-0.25618035226226055,-0.291983579632112,-0.257176664921073,-0.5101922080486446,-0.28571608061985104,-0.19652096008002684,-0.5156928102295903,-0.4552769219954139,-0.3752453583004146,-0.13154231785167725,-0.0007679965074798318,0.1692130431141672,0.22625995739438043,0.26152964055828926,0.30215230086446376,0.20006912897541615,-0.3084339731552446,0.2698389031823574,0.23625137117910497,0.1408221202588141,0.2684907380084129,0.21767210702528153,0.07555845684699372,-0.015290609319172775,-0.12089487357794079,-0.07655711353102593,-0.11124071640870287,-0.026096898239676737,-0.06251302776178835,0.022717870765047596,0.05787078478430418,-0.25968961631307663,0.38635887000354185,0.05878461590655157,0.03867842929449407,0.07539504027159755,0.4847728226202601,0.7145648522184946,-0.22582997760091422,0.6351044482637087,0.7451942257679711,0.7298560577341535,0.581680738840792,0.20677095422468517,-0.11628328281752368,-0.35090818178772826,-0.2915816347117718,-0.27151715303871327,-0.21003106726300658,-0.09147879889901575,-0.19085501331760507,-0.245993991129382,-0.14044899938673636,-0.17140206760934226,0.0564776566993779,-0.013611718379703944,0.07779220473530328,0.09797379715724451,,,-0.09225313398402088,-0.002819500634297168,-0.0943931503748144,0.11049689618679938
outcome_case_rate_100k_ge_100__intervention_complete_cov_ge_40__lag_3w__contiguity,case_rate_100k_ge_100,case_rate_100k >= 100,complete_cov_ge_40,complete_cov >= 40,3w,contiguity,acs_2021,True,1.0,2021-01-25,2022-05-15,71,68,3,67,3213,3203,10,completed,not_run,False,0.5390075480707425,0.1433171327253833,68,3203,case_rate_100k >= 100,0.4252538980000367,0.0127818602895606,68,3203,complete_cov >= 40,-0.02164154445708576,0.5122842399457737,0.2880383322677669,-0.17130599198923896,-0.16578301864386666,-0.09903109495867785,0.1036572760304661,0.00880383595174553,0.17922113474587653,2.4811861981319727,2.1224567895759647,-0.10722493962556179,-0.19659579422568435,-0.037961207252208425,-0.1349779432542395,-0.09380329790835215,-0.18788292922205024,-0.2585022032134445,-0.294981039374624,-0.26052292397068433,-0.5145532608741666,-0.2892108670451923,-0.518278921531748,-0.3074070950614449,-0.45886647318373225,-0.3790689826143722,-0.13319033083342405,-0.0028902775794541788,0.16766545536398325,0.22460631850480672,0.2599143048832072,0.3008171487404665,0.19890398605292525,0.2703438246650936,-0.026582944983166282,0.2364806613080967,0.14026654389928772,0.2677330725710186,0.22060837483276363,0.07451120513625657,-0.016987365835964992,-0.11992424011040338,-0.07605769879165566,-0.11065531021414103,-0.06497847293470732,-0.22550486889986093,0.022069806312467136,0.057927556723626566,-0.25976745353697633,0.38630154770346264,0.0592942057249757,0.03841522011159877,0.0751141003949575,0.48663209921747685,0.713486627052088,0.635958134712248,-0.09283681655990667,0.7478329055389653,0.7304307412065322,0.5815984357543271,0.2080266788252264,-0.11515590016600115,-0.349981798123088,-0.291145192243172,-0.27226591623726415,-0.2112187527638379,-0.1921869341475011,-0.09220335648079016,-0.2486811855822225,-0.14214335839624434,-0.17282125860775002,0.054884156006617675,-0.015003451672571923,0.07642056561733261,0.09685896561931501,,,,-0.004240533752327249,-0.09516131715329883,0.038319971484112404,0.10247027217828339
outcome_case_rate_100k_ge_100__intervention_complete_cov_ge_40__lag_4w__contiguity,case_rate_100k_ge_100,case_rate_100k >= 100,complete_cov_ge_40,complete_cov >= 40,4w,contiguity,acs_2021,True,1.0,2021-02-01,2022-05-15,71,67,4,66,3213,3203,10,completed,not_run,False,0.5341074831897336,0.1435207523249983,67,3203,case_rate_100k >= 100,0.4191080190679447,0.0129471423570705,67,3203,complete_cov >= 40,-0.02038288357425088,0.5117534198981719,0.2810050124617484,-0.17446151053641962,-0.1714291150546881,-0.09944488372359711,0.10335251008774193,0.005021387398071094,0.1794012244607376,2.482500800697546,2.115559629595894,-0.19630778213338773,-0.30704982370730705,-0.13403304827653434,-0.09284886785753288,-0.18730656830789436,-0.25793632969355124,-0.29516780575590673,-0.26245127335047846,-0.5181827277174349,-0.29129833413756195,-0.5195753237929787,-0.45979421322957836,-0.02610792502165949,-0.3808045470649955,-0.13471828402203034,-0.0038490335055244114,0.16660215215386395,0.22357126099977812,0.2586066942467903,0.2987958849516485,0.19647292020456059,0.26702580145966,0.23421289359943592,-0.22435018315866306,0.13780427400199632,0.26393716182636934,0.21732066451722118,0.07184424255480647,-0.017831084059539645,-0.1219880692067762,-0.07700915888150334,-0.11178600603137391,-0.06591324051444535,0.018071330659307203,-0.0917992465657214,0.056171611855212904,-0.2612739723549323,0.3847805498082642,0.05759348170649028,0.03748554908553744,0.07321479195533367,0.4826089107054037,0.7068978873868481,0.6317312759374843,0.7420781368249708,-0.09226355992328851,0.7247490953158093,0.5752025570697153,0.20331106972151694,-0.11689153423942507,-0.3510598035277971,-0.2922853913124592,-0.2740819381405887,-0.2127944632401772,-0.19388823504466712,-0.24946658600475763,-0.0028069228770851574,-0.14405503962266822,-0.1744176146937965,0.053086546198357794,-0.016713402499032942,0.0748126515699311,0.09514218644312282,,,,,-0.09460042623709024,0.038935770753693644,-0.03735958780298485,0.09828248673131035
outcome_case_rate_100k_ge_200__intervention_complete_cov_ge_40__lag_0w__contiguity,case_rate_100k_ge_200,case_rate_100k >= 200,complete_cov_ge_40,complete_cov >= 40,0w,contiguity,acs_2021,True,1.0,2021-01-04,2022-05-15,71,71,0,70,3213,3203,10,completed,not_run,False,0.3710254031211936,0.125641140002676,71,3203,case_rate_100k >= 200,0.442749534987006,0.0122875875295481,71,3203,complete_cov >= 40,-0.00838920965772753,0.5497828965330437,0.17412909013570735,-0.27281367378668236,-0.16775692473340129,-0.0945552491613834,0.08621845593324462,-0.04763211602617521,0.15668186287266903,2.6524263581770087,2.1483505350113434,-0.1389057475652641,-0.12130167094070138,0.003812468403256692,-0.08214838394958081,0.00293943571496032,-0.057954200667778816,-0.20589203559674113,-0.20195741463151143,-0.28354533208965854,-0.30429629427788835,-0.43395034054680043,-0.313666527306843,-0.16258613743628345,-0.5934038627539551,-0.37998956241122617,-0.5221754348595218,-0.4435791448713087,-0.44562515972365613,-0.22365135229353755,-0.12431501000165891,0.10073904807867286,0.258113284632576,0.2472169223830505,-0.1954477546686618,0.274301888139361,0.2428874259481408,0.22659119530211458,0.19925628738095336,0.04059183532574164,0.18049969778970382,-0.05931595003491953,-0.11438399176662725,-0.12424429192464538,-0.16863673102915785,-0.21123438788278523,-0.189612454560558,-0.010844268731929008,-0.034940963002850225,0.05523458052267837,0.08969553125349385,-0.31010765588352607,0.3584916662994094,0.0032071003666089047,-0.03497365441486439,-0.021284530911619682,-0.3276799513622872,0.518747280959081,0.8946247488684496,1.1333396511886082,2.1817785695266063,2.1551124683401,0.4175585797066892,-0.21192015581506707,-0.35088607597167293,-0.39495093520148616,-0.18748746195885835,0.042256784231947994,-0.1865136199947153,-0.17856033183849243,-0.28024284862510207,-0.3181481344257526,-0.26266636302239293,-0.1350439568434598,-0.024887368585120227,-0.09613254805494774,0.044905262706277364,0.02359568477015364,-0.16664165693652824,0.0028771332012900103,-0.06264287566798166,0.0006222334050876601
outcome_case_rate_100k_ge_200__intervention_complete_cov_ge_40__lag_1w__contiguity,case_rate_100k_ge_200,case_rate_100k >= 200,complete_cov_ge_40,complete_cov >= 40,1w,contiguity,acs_2021,True,1.0,2021-01-11,2022-05-15,71,70,1,69,3213,3203,10,completed,not_run,False,0.3635743276392668,0.125629504947807,70,3203,case_rate_100k >= 200,0.4370634672851344,0.0124475695339966,70,3203,complete_cov >= 40,-0.005283300697884395,0.5492654117120035,0.1630748596776221,-0.2809010616659533,-0.17964242292054203,-0.08970805534511105,0.08794794862550974,-0.05930410476407055,0.15666254134458107,2.6524702634021766,2.1414859983794057,-0.11898493099691844,-0.16040854037678431,-0.07968158330421829,0.005136265300677244,-0.05539929484102159,-0.20287366848592175,-0.19878234403272935,-0.2834134241848673,-0.30408213776946236,-0.4342775520220405,-0.31315229401949823,-0.5902080812881669,-0.19201133833487521,-0.3786446064460199,-0.5201857882298345,-0.44247443060307406,-0.44441190412486103,-0.22286693310290975,-0.12364326489219228,0.10172847865041064,0.25902483649253727,0.24731788815080682,0.2736732431262958,-0.20738714649682083,0.242005527431621,0.22527188989464847,0.1978060964291897,0.039597297461335584,0.17901729141320866,-0.060207966608845795,-0.11491316365397289,-0.12495210150499649,-0.16937116102219985,-0.1915609050084408,-0.3237562418047907,-0.012560814689449924,-0.036773161545533055,0.0533785400196506,0.08792576733852159,-0.31191560602722784,0.35685707523114674,0.001487629297748022,-0.036827711107048015,-0.022536138178626052,0.5164409452510912,0.0452148307783951,0.889495120334734,1.1181178653992074,2.127512865052156,2.099811706437286,0.415416807896935,-0.21313512561006798,-0.35338644381902773,-0.3960672055337287,-0.1895141028452009,-0.18900170252411455,-0.16374618514227274,-0.1812719193905175,-0.28401747807029765,-0.3182078995393532,-0.2667617567818846,-0.1371815895943117,-0.027468507394377572,-0.0998956637004972,0.04203831887453655,0.02222578792082528,,0.005529025043821832,-0.060224960052147815,0.006113675474361659,-0.005061901019894567
outcome_case_rate_100k_ge_200__intervention_complete_cov_ge_40__lag_2w__contiguity,case_rate_100k_ge_200,case_rate_100k >= 200,complete_cov_ge_40,complete_cov >= 40,2w,contiguity,acs_2021,True,1.0,2021-01-18,2022-05-15,71,69,2,68,3213,3203,10,completed,not_run,False,0.3571968308696104,0.1252639988246313,69,3203,case_rate_100k >= 200,0.4312306850009276,0.0126030743237038,69,3203,complete_cov >= 40,-0.0063840645325116165,0.549465053407351,0.1620274564261171,-0.2800895085878348,-0.1956205664103462,-0.09174874162876219,0.08132774727303411,-0.05840108466033746,0.1563667208675878,2.650450174532597,2.1344286605579494,-0.16236646292207493,-0.19425719123588125,0.0023000788413325185,-0.05857309552380861,-0.20746342893864594,-0.20405451052919402,-0.2865914450824279,-0.3071554227517682,-0.44055531333830256,-0.3181250160289591,-0.5958199623832089,-0.3838506096440233,-0.20939319287745783,-0.5265042883574198,-0.44777235901675433,-0.4503005065159,-0.22619256573953034,-0.12775971208891687,0.10003044239860981,0.2576768514841406,0.2460687563631945,0.2722551647290501,0.2406513490693666,-0.3266698165496428,0.22420541952648285,0.19662949212465253,0.03804663704440547,0.17803817703875838,-0.06164084690642454,-0.1153772612075005,-0.12545286006834577,-0.17030345924873172,-0.1928331249127277,-0.014282640120471127,0.042962551275568105,-0.03831454491399993,0.05228302778734378,0.08669841106214767,-0.31434687555131263,0.3565706524627534,0.00048543421011559937,-0.037984002506964806,-0.023572262870307267,0.516717586761321,0.8877961468347849,-0.16662247696077268,1.1350657517401137,2.114331212075718,2.1236933141860894,0.4112531947720673,-0.2146194055248505,-0.35271889826168784,-0.3973046185665457,-0.19082373862107188,-0.1912379207150144,-0.18243191296000763,0.0022032743809099805,-0.285074719655614,-0.32107013652053823,-0.2684090248172042,-0.13885641764194515,-0.02843419530772622,-0.10139678762514677,0.041867923240005295,0.02103938589442355,,,-0.06286476640134457,0.0033130849761916063,-0.08280552286937358,-0.005063603850662395
outcome_case_rate_100k_ge_200__intervention_complete_cov_ge_40__lag_3w__contiguity,case_rate_100k_ge_200,case_rate_100k >= 200,complete_cov_ge_40,complete_cov >= 40,3w,contiguity,acs_2021,True,1.0,2021-01-25,2022-05-15,71,68,3,67,3213,3203,10,completed,not_run,False,0.3517612165065839,0.1244169412071705,68,3203,case_rate_100k >= 200,0.4252538980000367,0.0127818602895606,68,3203,complete_cov >= 40,-0.005072990771545359,0.5501944003370471,0.16058617640684295,-0.27851541076477854,-0.20867846662382394,-0.09895691909329984,0.07110803242286996,-0.05341478567689975,0.15556935371572325,2.66250800653217,2.128921900742847,-0.19376660521810488,-0.20811637828124419,-0.055823388218401514,-0.20346915146008096,-0.19974625788869674,-0.28427023403584895,-0.30576715578498276,-0.4391562519641152,-0.3165221234561502,-0.5977580388623496,-0.382267829911349,-0.5265008163989999,-0.3234767033162776,-0.4466601428794388,-0.44842559474341576,-0.22438705501316444,-0.12529588988103876,0.10243382064492303,0.2598769127698086,0.2467362719232454,0.27239949092989263,0.2399198104114722,0.22282938328191304,0.04695867359959842,0.19482548304355315,0.036080968580850886,0.1757009802963779,-0.06405561705070933,-0.11743105988613363,-0.12737875302485133,-0.17184370986445135,-0.19440446115140886,-0.0148954431280909,-0.03957099537094901,-0.16237011374863308,0.0509580046837269,0.08511570567861822,-0.31619523708014147,0.3554201323655371,-0.001203780024411592,-0.03939076266874334,-0.02509418292223942,0.5140933530996332,0.881828308400872,1.110834065322698,0.0060405875757867065,2.0535735804961144,2.0305853414807458,0.4045963973727586,-0.21790271427155253,-0.3549153248104449,-0.3976133911985715,-0.19102431409820703,-0.1898560056700696,-0.18184013614844521,-0.28586887267285815,-0.06003628252025686,-0.32071263961223195,-0.26739570842096894,-0.13856126913346398,-0.027037842895764996,-0.099985029005592,0.042816281386555285,0.022454390748519834,,,,0.006806680384234808,-0.08005533100017051,0.005163970215584768,-0.019369438428066366
outcome_case_rate_100k_ge_200__intervention_complete_cov_ge_40__lag_4w__contiguity,case_rate_100k_ge_200,case_rate_100k >= 200,complete_cov_ge_40,complete_cov >= 40,4w,contiguity,acs_2021,True,1.0,2021-02-01,2022-05-15,71,67,4,66,3213,3203,10,completed,not_run,False,0.3476777834213261,0.1228441139462057,67,3203,case_rate_100k >= 200,0.4191080190679447,0.0129471423570705,67,3203,complete_cov >= 40,-0.002790084790504678,0.5524386649954647,0.1632239077550009,-0.289361575825669,-0.20318272117603786,-0.10422978824461565,0.0648256521183923,-0.05693066577359276,0.15429688297587393,2.6837189657621567,2.124939982734223,-0.2062437288496367,-0.3188977605670953,-0.19817173809339503,-0.1933309084571604,-0.2752613574176404,-0.2947023750138822,-0.4288185948360521,-0.30570801484176485,-0.5854254233771683,-0.371830014014463,-0.5152961691355502,-0.4379494757561477,0.05370218146435305,-0.439910871360371,-0.2165942628910081,-0.11959338170570702,0.10829505659272533,0.2641024471374331,0.2490395761721838,0.2743394366923318,0.24049746444577477,0.22183007543534283,0.1921783765558358,-0.15530199648720533,0.03258194017397522,0.17147500008129282,-0.06851554789587856,-0.12091468341772149,-0.12991601578440487,-0.1741777296854584,-0.19572225093407333,-0.015204123061383962,-0.03999650566271188,0.050370725233223196,0.01395240005184914,0.0839742402814545,-0.31804131237815836,0.35523624427643924,-0.0036352760835491275,-0.04175060290725895,-0.02700990292577824,0.5114322948441375,0.8730562759724636,1.0764056763342118,1.8877549319121156,-0.05127647087473352,1.8650657104534374,0.39141656858614726,-0.22600680696900924,-0.35956371759549327,-0.39811466382441574,-0.18931675612734697,-0.18673646888848822,-0.1771297699743102,-0.2795394064240222,-0.3160775527300364,0.01480300802681663,-0.2607427456500632,-0.1328843523190892,-0.023084786365124038,-0.09607305957675699,0.04702448718127819,0.0254495772777213,,,,,-0.07279697316505572,0.012707772359431381,-0.049427913517405685,-0.03384506287686419
outcome_death_rate_100k_ge_2__intervention_complete_cov_ge_40__lag_0w__contiguity,death_rate_100k_ge_2,death_rate_100k >= 2,complete_cov_ge_40,complete_cov >= 40,0w,contiguity,acs_2021,True,1.0,2021-01-04,2022-05-15,71,71,0,70,3213,3203,10,completed,not_run,False,0.3711265406990805,0.2796530038802908,71,3203,death_rate_100k >= 2,0.442749534987006,0.0122875875295481,71,3203,complete_cov >= 40,-0.02010796827457402,0.2512899048095743,0.878228900378599,-1.0919918056931228,-0.08437980448857002,-0.262272263143584,0.048913195409135884,-0.5557258128706533,0.2927508367655476,1.663618187501242,2.1703848614298673,0.20551464658647955,0.1851055002346504,-0.07556004827262391,-0.10667031747936308,-0.07860084020752701,-0.07076454815064528,-0.11536892837227895,-0.12173208225066418,-0.10722793710334685,-0.12580645666371806,-0.13456074666975923,-0.06611288038654577,0.177095423458458,-0.1996204004502787,-0.15265796269567103,-0.24312112932773153,-0.2363025350143266,-0.2507119244363773,-0.29592291470662885,-0.21841585951005066,-0.21686767381533537,-0.18612135123150853,-0.09600218200334806,0.17106877005310542,-0.04317558737450672,0.006107911405412791,0.04294676975921373,0.050442359903816035,0.0742607122277742,0.16931202396855025,0.15676193417233888,0.17041964208450033,0.11913280277616219,0.11593129580493654,0.10541614863108767,0.13226794005303905,0.10851965779911694,0.04910169455040402,0.05687373055385029,0.07368492174006945,-0.0686122076636055,0.1590279847147651,0.0813961335262901,0.07698987050700347,0.03851187246994621,0.011791308368943489,0.0684879790326177,0.14103900814904868,0.12948843870628923,0.14798446160215653,0.2088407972202692,0.24684179612804358,0.23235330484964734,0.20778751907865836,0.14106651460247385,0.10046378397576662,0.08603819293018676,0.03360831174552887,0.030165813524769852,-0.03881230862598637,-0.08056503134170753,-0.1369253312015185,-0.09740188646305084,-0.18435948345807826,-0.1720541541082625,-0.07245081508227642,-0.24737219419936207,0.03764819851858468,-0.029731808040752542,-0.07988564910711939,-0.11831493511025178
outcome_death_rate_100k_ge_2__intervention_complete_cov_ge_40__lag_1w__contiguity,death_rate_100k_ge_2,death_rate_100k >= 2,complete_cov_ge_40,complete_cov >= 40,1w,contiguity,acs_2021,True,1.0,2021-01-11,2022-05-15,71,70,1,69,3213,3203,10,completed,not_run,False,0.3670888898800232,0.2799594582977009,70,3203,death_rate_100k >= 2,0.4370634672851344,0.0124475695339966,70,3203,complete_cov >= 40,-0.018700920956111367,0.25132129118368846,0.8640558295731421,-1.0889747465788742,-0.08952598307197511,-0.2628088467568072,0.051513701207336414,-0.545646079892854,0.29352464478067075,1.6765570326553094,2.1521819452247657,0.18675724671513552,0.1791639898037749,-0.10068947957413751,-0.07259395063106566,-0.06495910310452162,-0.10928021359428793,-0.11621702728098478,-0.1017257682612226,-0.12080315994280454,-0.12977477905250215,-0.06184678261581613,-0.19362170016595928,0.1735958499793304,-0.1466226691520457,-0.23616738470103588,-0.22908727763080333,-0.24282008621883566,-0.28671394459869753,-0.21059135688562872,-0.209668324575363,-0.17948875851796986,-0.09085654852539359,-0.038650823005213636,0.10819624106585563,0.009624697157755848,0.04559310845378396,0.052505208781618726,0.07560730824281595,0.1693202167400322,0.15576423299703285,0.17038312313573548,0.11929210351052356,0.11644318733133388,0.13101651377899365,0.015409959554277895,0.10866886878162729,0.050328679027150096,0.05824007540441939,0.0747937277407728,-0.06602474921080083,0.15939372647307629,0.08186899420346744,0.07770483114987267,0.039964318800188095,0.06999213163654731,0.08929742497065184,0.14158443056313136,0.12973492724107097,0.14680450732881814,0.20822071851783927,0.2460444738713586,0.23105749601951545,0.2065859404704151,0.1405326709240508,0.1004845277602444,0.03464484202445523,0.04151140647421704,0.03125432985606128,-0.03674719107151003,-0.07792046955316803,-0.13312387567228365,-0.09393402774481421,-0.18018876871863365,-0.16689626106370337,-0.06912554316982242,-0.24144578050016235,,-0.02540078014241413,-0.07451892017329123,-0.0698805314320583,-0.07392368828580277
outcome_death_rate_100k_ge_2__intervention_complete_cov_ge_40__lag_2w__contiguity,death_rate_100k_ge_2,death_rate_100k >= 2,complete_cov_ge_40,complete_cov >= 40,2w,contiguity,acs_2021,True,1.0,2021-01-18,2022-05-15,71,69,2,68,3213,3203,10,completed,not_run,False,0.3630156510879745,0.2802106481056363,69,3203,death_rate_100k >= 2,0.4312306850009276,0.0126030743237038,69,3203,complete_cov >= 40,-0.015318716730275335,0.25110066063471226,0.8491601197790541,-1.0880059840114633,-0.09254183820301895,-0.2634087594536761,0.05163943627977985,-0.5471344047809443,0.2940445025552016,1.6915080471592254,2.1464704734491082,0.18196899651560094,0.17646328832141006,-0.06573531304002109,-0.05798168613759984,-0.10192673345402715,-0.10873011051762059,-0.09488588316411371,-0.11398722268790663,-0.12396230215409,-0.05667432365416513,-0.1867482837311262,-0.14026541578835616,0.11135686976178737,-0.2293183269250948,-0.22246449344015215,-0.2360255771343158,-0.28008574923902424,-0.2039893634935766,-0.20275849150077785,-0.1728490143903057,-0.08483705520761428,-0.0342449797377205,0.013220895886835001,0.019861970257343604,0.048467171852310025,0.05450194797723217,0.07704754783462593,0.16939188561041493,0.15529203216095555,0.16902116630911668,0.11908458953245625,0.11608052830051005,0.13103681357987348,0.10701396883929097,0.09356228484806937,0.04984949405685975,0.058160857551473856,0.07482434329234351,-0.06458408285054369,0.15982925907516052,0.08209233223932033,0.0774326694321712,0.04025361854145904,0.07069316031410806,0.14141678137888736,0.04595781188169097,0.12918817583916012,0.14589878679008317,0.20562392818218578,0.24334607041373502,0.22842240002160544,0.2042782650543059,0.13858186334294595,0.09937438336941012,0.034230092360556234,0.03138949059660335,-0.019789867838544795,-0.0363720172845472,-0.07622616125232255,-0.13015255882218332,-0.09207928780444251,-0.17610800495631845,-0.16249015815100695,-0.06610471552811868,-0.23723983508470137,,,-0.06849251891268787,-0.06325071182799893,-0.09385549561087313,-0.07964662683852987
outcome_death_rate_100k_ge_2__intervention_complete_cov_ge_40__lag_3w__contiguity,death_rate_100k_ge_2,death_rate_100k >= 2,complete_cov_ge_40,complete_cov >= 40,3w,contiguity,acs_2021,True,1.0,2021-01-25,2022-05-15,71,68,3,67,3213,3203,10,completed,not_run,False,0.3590338102146884,0.2804972949799861,68,3203,death_rate_100k >= 2,0.4252538980000367,0.0127818602895606,68,3203,complete_cov >= 40,-0.01195127734324859,0.2507959306434568,0.8354296378546494,-1.0921554742749204,-0.09847602069589745,-0.26452224136359187,0.058467253471497525,-0.5385998989067695,0.29471651177574937,1.703661630376279,2.139636633212614,0.1800514068692115,0.1153751490066702,-0.05087303510257288,-0.09455281068689624,-0.10163017989408321,-0.08767626944346199,-0.1073388687845401,-0.11719186921576408,-0.05110823514942411,-0.1810225196113049,-0.134376778550047,-0.22219417023147375,0.024820545133507763,-0.2153828452137931,-0.22906612198831405,-0.2723915954233263,-0.19690311783205078,-0.1963050391300127,-0.16664214806350983,-0.07951701712438027,-0.029667280935996344,0.016693807704578296,0.05123920273008255,0.09859672349666479,0.056945664105485114,0.07906665232133155,0.17022930236825098,0.1552718631949662,0.16899103130571216,0.11829333992622751,0.11594369745652305,0.13091187502913093,0.10697356771740203,0.0494348249326617,0.05127996377794254,0.058421238220820126,0.07499612783986603,-0.06353385203576441,0.15941346533954712,0.08191423989511683,0.07753935268670843,0.04024685659731914,0.0705175547011328,0.1413227255611188,0.12851238282453553,-0.014569017983387802,0.14490638620997784,0.20388475228533454,0.240692011408131,0.22613130163531472,0.20225219017052212,0.13692371820716967,0.09738156579236379,0.03368669996706132,0.03075408101351293,-0.03591793717610506,-0.06152675100886713,-0.07600477679624751,-0.12884819405618203,-0.08973899483901808,-0.1743825900737065,-0.16043518053056463,-0.06496843464696837,-0.23409906111096174,,,,-0.056538626192909024,-0.08662982698131534,-0.058582121618952404,-0.07932327458351635
outcome_death_rate_100k_ge_2__intervention_complete_cov_ge_40__lag_4w__contiguity,death_rate_100k_ge_2,death_rate_100k >= 2,complete_cov_ge_40,complete_cov >= 40,4w,contiguity,acs_2021,True,1.0,2021-02-01,2022-05-15,71,67,4,66,3213,3203,10,completed,not_run,False,0.3551008615989673,0.2806507157115961,67,3203,death_rate_100k >= 2,0.4191080190679447,0.0129471423570705,67,3203,complete_cov >= 40,-0.008297757136924797,0.2511970547051658,0.8197165704285603,-1.090711986197499,-0.1002473923167687,-0.2647749053149019,0.05789222628670546,-0.536724864289474,0.29543262572598183,1.7124746714749173,2.1318712243955975,0.1199346033217108,0.02992877230834349,-0.08711239374749745,-0.09394486901937886,-0.08008618275226136,-0.09986956613616309,-0.1099310034510094,-0.044892468996946225,-0.17447649864492737,-0.12813879962394767,-0.21530029969172645,-0.2081075205067889,0.10323886090734964,-0.22176861793652738,-0.26436433223463646,-0.19011249514272902,-0.18967400167200418,-0.16055225864640213,-0.07405674958965419,-0.024939970313999596,0.020607400180208547,0.054198550313022405,0.059351846895688766,0.05641122155236367,0.08108678368242897,0.17149613958415683,0.15631272128476573,0.1690605785804738,0.1188008000372332,0.11604401605762205,0.13121257884213278,0.10699217842145146,0.049865701212987716,0.05824336419764343,-0.008661829307497058,0.07561358640473653,-0.06187317236870544,0.15958677397896945,0.08192967679672573,0.07716490142484969,0.040124512460647514,0.07035251577222326,0.14014753320407047,0.12745356756194054,0.14376685285370622,-0.055423408285061676,0.20216586222858876,0.2382592476833347,0.22293645328178793,0.19959715975573353,0.13450217497236672,0.09599460297856,0.032561742769725184,0.029937799578115053,-0.036223440630361405,-0.07540647631722774,-0.049790610446342136,-0.1280888634992086,-0.08890038050035372,-0.1726621513400102,-0.15893487114080604,-0.06403961265388777,-0.23226155677294066,,,,,-0.07973773984200141,-0.05157701928468598,-0.043971920589975184,-0.07593762717354237
outcome_case_rate_100k_ge_100__intervention_partial_cov_ge_10__lag_0w__contiguity,case_rate_100k_ge_100,case_rate_100k >= 100,partial_cov_ge_10,partial_cov >= 10,0w,contiguity,acs_2021,True,1.0,2021-01-04,2022-05-15,71,71,0,70,3213,3135,78,completed,not_run,False,0.5581867601141137,0.1389109136477557,71,3135,case_rate_100k >= 100,0.8436866814924635,0.0162816131237183,71,3135,partial_cov >= 10,0.07047010678214777,0.5197405232441933,0.2949664317170684,-0.1862357152513512,-0.10890713243743587,-0.05945866256373558,0.08845933118936068,-0.059761065980705096,0.1759104126430084,2.489930321277338,2.1026014471415144,0.2331207487836381,0.14964670250917864,-0.013529364899419563,-0.10527793646791898,0.03961760083375227,-0.04744517152019965,-0.14846386628214325,-0.10573741112973366,-0.2037610542340127,-0.2716428019844447,-0.29999238862888544,-0.28943973337296425,0.06338518067943792,-0.4751662694502355,-0.2645702623569654,-0.465577686502291,-0.4212306497375161,-0.34700017921537857,-0.13010734743394603,-0.013340815265349257,0.1635375883469269,0.21042627366813715,0.2421210071315575,-0.03186240489627934,0.28248550941361705,0.18625078572895096,0.26859349430409857,0.24742439313536424,0.13406095273773397,0.27769843275064743,0.20965415537226628,0.08481879822838512,-0.03551644857283268,-0.14179162104067453,-0.1622666204441302,-0.11443215560170596,-0.15892129688253617,-0.1054265399824493,-0.024306327884238203,0.01783238711658727,-0.31161421063521433,0.34301370859317293,0.02049945419575201,-0.0027453571067222317,0.036515203218824246,-0.29298155479285654,0.48352366107749434,0.8289421730157253,0.7738900845828516,0.9260345366876248,0.9090071163751225,0.6899747277533363,0.2129299779406903,-0.16140513132905396,-0.4286199293125708,-0.3752637661364534,-0.019273376821047055,-0.33771450682835813,-0.2744383984177972,-0.2441290653443332,-0.30747330125111916,-0.18994956315809078,-0.22996101958605164,-0.01735785147971799,-0.07606262491637134,0.019259263639517778,0.02817519264564246,-0.23213751811828867,-0.1014572216013842,-0.10304835984435294,0.25272176431041954
outcome_case_rate_100k_ge_100__intervention_partial_cov_ge_10__lag_1w__contiguity,case_rate_100k_ge_100,case_rate_100k >= 100,partial_cov_ge_10,partial_cov >= 10,1w,contiguity,acs_2021,True,1.0,2021-01-11,2022-05-15,71,70,1,69,3213,3135,78,completed,not_run,False,0.5523946229209387,0.1402399278829484,70,3135,case_rate_100k >= 100,0.841453634085213,0.0165175785313085,70,3135,partial_cov >= 10,0.07033904769131356,0.5181753518727241,0.28287303688154763,-0.1811117463388629,-0.1132214419142112,-0.059976514147351445,0.08975984203233985,-0.057361981027007444,0.17767929120330866,2.4824050185142705,2.067270956773205,0.15581535149699627,0.0803437113951966,-0.10487794757857101,0.0397191694374997,-0.0475423171260352,-0.14813184135833127,-0.10654537291313594,-0.2046394810268225,-0.27189625465459805,-0.3006564133355827,-0.2910016524404999,-0.47788482671133126,-0.0045267532019435276,-0.2677966827966166,-0.4688239144348325,-0.4242363804135158,-0.34973827230015037,-0.13218169761690574,-0.013440042708600147,0.16220602978914897,0.21043582076334,0.2435946487137731,0.28415812367056226,-0.1328057557529408,0.18837866451382443,0.27052247690435777,0.2507455775786496,0.13562929205244142,0.28264927438481086,0.21603724993902815,0.0884993141731343,-0.03169460822573158,-0.13963625168715382,-0.09254758996452822,-0.2787427882430716,-0.15600164381408357,-0.1037288038289697,-0.02299291582664031,0.019356814830962934,-0.30964976132196037,0.34463512024332515,0.02212711483564337,-0.0024305790196459415,0.038369890766798045,0.48331467169261727,-0.004502689381791372,0.8371431467169205,0.7836115069975589,0.9395425535141952,0.9222064101641604,0.700266000164757,0.21763620149284796,-0.15851483528814636,-0.42657228903077316,-0.37430878199435835,-0.3374705022209044,-0.22365243741631638,-0.274328842500855,-0.24521885112343117,-0.3077106469345151,-0.1915768247695126,-0.23091489254866313,-0.018482374674250148,-0.07701932933493054,0.018539471986036192,0.027231148320465193,,-0.0958309237068271,-0.09993985272043315,-0.012520134591145584,0.17782609896924673
outcome_case_rate_100k_ge_100__intervention_partial_cov_ge_10__lag_2w__contiguity,case_rate_100k_ge_100,case_rate_100k >= 100,partial_cov_ge_10,partial_cov >= 10,2w,contiguity,acs_2021,True,1.0,2021-01-18,2022-05-15,71,69,2,68,3213,3136,77,completed,not_run,False,0.5467132505175983,0.1413002701080432,69,3136,case_rate_100k >= 100,0.8390962363206153,0.0168254801920768,69,3136,partial_cov >= 10,0.06797823560112595,0.5173470631452971,0.2766459060689219,-0.181557820925965,-0.1226389688740254,-0.05760653142232197,0.08468617382629716,-0.060425435294824685,0.17925662779125115,2.475504203847242,2.0393440137450813,0.08138319313355052,0.006114562152042473,0.03995867064745404,-0.04640687682844322,-0.14649085750425667,-0.10669302195627585,-0.2049332807241822,-0.27314703435956045,-0.30196747810656244,-0.29303934620091554,-0.4804860210354146,-0.27019543416163716,-0.10784915963681302,-0.4714950630660091,-0.4273261070421511,-0.3519732077812944,-0.13310940726108847,-0.01398869336126379,0.16228592016773655,0.2106108719360812,0.24494030038887674,0.2868993557869858,0.1903336809153982,-0.2518449004240206,0.27248333907239275,0.2514608081642703,0.1369309297552706,0.28151323133489586,0.220875332043101,0.09378779869260556,-0.028447111507968453,-0.1378426675266112,-0.08933643441900795,-0.1352837665209218,0.006833688385906121,-0.10004662372321155,-0.020652103819687472,0.021853801129251754,-0.306523063249005,0.3472247008016931,0.023270762457153208,0.0010737157274158646,0.03818238236629472,0.4864016666677988,0.8353260464645158,-0.20851739951060924,0.7680353159458408,0.9404786401617078,0.9207472966484831,0.6995475518130534,0.21592773066008886,-0.1539086398588075,-0.4237851595311438,-0.37206498260100157,-0.33707548606552534,-0.2741616838641941,-0.08784703736384197,-0.24512190771540335,-0.30842373422079566,-0.19153410177240557,-0.23177143484210017,-0.017036671206591386,-0.07768732250841129,0.020261480972488193,0.026959039146662492,,,-0.09239532796007323,-0.009697835475105181,-0.1015954288267048,0.10042602399162254
outcome_case_rate_100k_ge_100__intervention_partial_cov_ge_10__lag_3w__contiguity,case_rate_100k_ge_100,case_rate_100k >= 100,partial_cov_ge_10,partial_cov >= 10,3w,contiguity,acs_2021,True,1.0,2021-01-25,2022-05-15,71,68,3,67,3213,3137,76,completed,not_run,False,0.5413471094526431,0.1420027690682704,68,3137,case_rate_100k >= 100,0.8367445479945246,0.0170854366991944,68,3137,partial_cov >= 10,0.06923571384362326,0.5161550381325996,0.2698515868218242,-0.18182104776927327,-0.1342006527913324,-0.0585470631233062,0.08850006038900814,-0.05467525937831447,0.18011024141425686,2.470936137330629,2.0253703176477345,0.010608753700966615,-0.0923975872445426,-0.047116378204024326,-0.1466309734801262,-0.10817632987623646,-0.20598341713335647,-0.27451924521102516,-0.3048541901815202,-0.2965292173715726,-0.48415022175226946,-0.27378813240892813,-0.47518858838738404,-0.22734878029923594,-0.43105741808089315,-0.35507729817249223,-0.13630187206465874,-0.017042696964905193,0.16018757778598217,0.2086721483993282,0.24296011695502923,0.28626832141927483,0.19060143101537239,0.2731838728846883,0.03448628603712772,0.2538321758182761,0.13807716560964434,0.2825901577380101,0.22074833408119954,0.09634880414191901,-0.024577048850198735,-0.13659689154611443,-0.0880282293823208,-0.13460275889494763,-0.0846026580527772,-0.1953932367956043,-0.01989084403429235,0.021694347683303927,-0.3058159589629401,0.3462248623807552,0.023375512562155455,0.0010002459414618842,0.03805069989035704,0.4840061184450669,0.8332674122784334,0.7688105568298987,-0.0727788602053931,0.9428048911228449,0.9216937095050757,0.7006504521055953,0.2175333689890473,-0.15313973927747654,-0.4230047275638432,-0.37368988017894356,-0.3387501884534169,-0.27659378705291937,-0.24757635617863374,-0.08617549576247453,-0.3099212838929823,-0.19427740696725915,-0.23419293345235426,-0.019880976324694145,-0.08026155663006532,0.017404907278467933,0.024953400734090362,,,,-0.004760386176988408,-0.09963072968365301,0.04026864982009073,0.04160224363568772
outcome_case_rate_100k_ge_100__intervention_partial_cov_ge_10__lag_4w__contiguity,case_rate_100k_ge_100,case_rate_100k >= 100,partial_cov_ge_10,partial_cov >= 10,4w,contiguity,acs_2021,True,1.0,2021-02-01,2022-05-15,71,67,4,66,3213,3137,76,completed,not_run,False,0.5364284728731225,0.1422320108963398,67,3137,case_rate_100k >= 100,0.8343078994571294,0.0173443069522125,67,3137,partial_cov >= 10,0.06737193441007289,0.515785452976959,0.26329152573400316,-0.18497517977377442,-0.1407966337052112,-0.058375773893232,0.08909019410890931,-0.05606392044797289,0.18040499394170417,2.4705913027664037,2.017500366231601,-0.09314517913772727,-0.21820149983673198,-0.1455524176510985,-0.1068972752632527,-0.20602114800178026,-0.27474281453325633,-0.3050169853038785,-0.2975479972616809,-0.4863417155552468,-0.274950747369779,-0.47777852528130466,-0.43356665185129345,0.055028266813775366,-0.3574003114687293,-0.1384238650776418,-0.01755352300692182,0.16114925891517803,0.2086134918467905,0.24304625868875007,0.28483371169614485,0.18935246703680325,0.2717436902344648,0.25077316424225216,-0.1698103519774397,0.13723672419189714,0.2798212551713902,0.21816276909735222,0.09332966224523603,-0.025163089201012945,-0.1348114241237845,-0.08850408027564909,-0.1348980520055206,-0.084772252717625,-0.003926203954078753,-0.05992543131006949,0.022568310306476724,-0.30710712952568836,0.3459062169484903,0.02425774487457286,0.001226291282858598,0.03854683925685683,0.48238191816351195,0.818545386562394,0.7535536525808355,0.9238014827096351,-0.07164299196207484,0.9030678882965256,0.6878648258832493,0.2146102888095544,-0.15217084602595804,-0.4233760571999445,-0.3720973009921777,-0.33820947915040356,-0.27612198654635584,-0.2476089887860641,-0.3103063187139411,0.0016182934631027788,-0.19333421388306943,-0.2341107271634961,-0.02052174680162547,-0.07965598027056407,0.018457370927485447,0.02563181094954619,,,,,-0.09321444743158015,0.04409631037684801,-0.04479559495353183,0.01742178217136491
outcome_case_rate_100k_ge_200__intervention_partial_cov_ge_10__lag_0w__contiguity,case_rate_100k_ge_200,case_rate_100k >= 200,partial_cov_ge_10,partial_cov >= 10,0w,contiguity,acs_2021,True,1.0,2021-01-04,2022-05-15,71,71,0,70,3213,3135,78,completed,not_run,False,0.3724464811195723,0.1243198906356801,71,3135,case_rate_100k >= 200,0.8436866814924635,0.0162816131237183,71,3135,partial_cov >= 10,-0.053311735750487546,0.5552686909716962,0.18814409895372597,-0.2601870195695385,-0.18013138933672498,-0.131424167632139,0.06691369655418881,-0.012157862360085363,0.1577512465987279,2.6280079347281466,2.0444905525887833,-0.18832101382352448,-0.17267283602713254,0.016725448082033214,-0.06607335677519624,0.033285770472720216,-0.029878735432999917,-0.1803008433757254,-0.18102866201918905,-0.2810062344104305,-0.3021893629905853,-0.45832343121407526,-0.41676321626535195,-0.2119432312499669,-0.6136143210485987,-0.3980793766736357,-0.5433813857982047,-0.48669994091178215,-0.462155717288878,-0.22017271667506333,-0.12278312429576753,0.12406495576567837,0.28286935083647613,0.2755655245911707,-0.22960405187654317,0.3048192526164571,0.2716873503723043,0.25507342752648693,0.2296305732918166,0.06490918703053182,0.20657818758324267,-0.04749791702563727,-0.07173996750433069,-0.09745468125121004,-0.13035570078841743,-0.2295235397710082,-0.15481078800372164,0.03327445475223646,0.014367334202306343,0.09798758269424382,0.14673610186768815,-0.270820127343064,0.40592727168358805,0.05711146910263568,0.018477426021917365,0.017475980575212036,-0.34495346765572416,0.5794789158842575,0.9718752382082688,1.1160266942116843,1.6466881862066944,1.73228597955398,0.4816736910592826,-0.16471758856262186,-0.31839401307106735,-0.3739494531554678,-0.189225137113053,0.04994596013746664,-0.15800515928773307,-0.16123354077109464,-0.2662579795900137,-0.30975005785241555,-0.2535626727702529,-0.11390707582064896,-0.04468781958101305,-0.06971712273737339,0.07264589049793543,0.04121902104108451,-0.1780184310337546,0.01768832268264902,-0.05252074970977448,-0.1913683837396798
outcome_case_rate_100k_ge_200__intervention_partial_cov_ge_10__lag_1w__contiguity,case_rate_100k_ge_200,case_rate_100k >= 200,partial_cov_ge_10,partial_cov >= 10,1w,contiguity,acs_2021,True,1.0,2021-01-11,2022-05-15,71,70,1,69,3213,3135,78,completed,not_run,False,0.364939621781727,0.1243279476689087,70,3135,case_rate_100k >= 200,0.841453634085213,0.0165175785313085,70,3135,partial_cov >= 10,-0.04932562389300263,0.5542271208298005,0.17650201497379187,-0.26616860514963686,-0.19071054404041785,-0.1257134451366024,0.0676833396272324,-0.02593523836556987,0.1572259008830421,2.6263123018666783,2.0623034202890524,-0.17169762233555305,-0.2172392528326622,-0.07033607770349225,0.0283996909144602,-0.033247466698223586,-0.18403495423467858,-0.18300425748646842,-0.28258509724936276,-0.3058784722242134,-0.46153246522243124,-0.4205811190074474,-0.6159994709067197,-0.24292893734704635,-0.4009448731316831,-0.5456680479813755,-0.48857954547531285,-0.46520068591683045,-0.22429620325684282,-0.12696026338246058,0.12082421471136512,0.27922938894151106,0.2711733853595887,0.3004066861027658,-0.2452875744719028,0.2665269627817963,0.25079442076841413,0.22576699230011668,0.06110177098013983,0.20283940462170483,-0.051374841521948725,-0.07367189218883853,-0.10002136720868453,-0.13349928182554574,-0.16625884762905896,-0.3539288463238378,0.028002860139849428,0.00983699300765341,0.09321577577466544,0.14204504599874376,-0.27519096155425093,0.4010220801978954,0.053158894177947655,0.014675777812026815,0.012909315043536327,0.5742707764750139,0.037455576216315914,0.9669932279025419,1.1336345876974816,1.6941115593562102,1.780452808187824,0.4795126515929849,-0.16716611593950145,-0.32191003297603343,-0.3777808378773056,-0.19336299260914735,-0.16268143633648646,-0.18356782740330338,-0.1669231791868829,-0.2694349034411415,-0.3119750702934517,-0.26032147503732367,-0.11877550127440917,-0.04959575083752585,-0.07582438428420862,0.068403332292234,0.037387991510664464,,0.011319503318731026,-0.058301201820924575,0.012097460250335099,-0.2757130837815102
outcome_case_rate_100k_ge_200__intervention_partial_cov_ge_10__lag_2w__contiguity,case_rate_100k_ge_200,case_rate_100k >= 200,partial_cov_ge_10,partial_cov >= 10,2w,contiguity,acs_2021,True,1.0,2021-01-18,2022-05-15,71,69,2,68,3213,3136,77,completed,not_run,False,0.3584599600709849,0.1240292992196878,69,3136,case_rate_100k >= 200,0.8390962363206153,0.0168254801920768,69,3136,partial_cov >= 10,-0.04949820550980993,0.5542438851303408,0.1772498214581334,-0.2640084533640056,-0.20519296360019995,-0.12790644871021914,0.061072229529220826,-0.02160924725046511,0.15666658855884044,2.627175517966389,2.084157418130335,-0.22014605424478467,-0.251426633431736,0.027222624689601807,-0.03508244724072846,-0.18436719567415685,-0.18377919945296298,-0.2836910537141299,-0.3072423685965583,-0.46230059147562336,-0.4225316290600908,-0.6141323557517271,-0.40259102150467574,-0.26252669630153025,-0.5452360970121913,-0.48819013590950644,-0.46562393443705674,-0.22374096529271076,-0.12829104646690406,0.12019087654908896,0.2788424089202672,0.27016555414454274,0.29833387201720857,0.2648331970649394,-0.3701591208432475,0.24896242786375491,0.22471431165024966,0.06118403834830006,0.20229714458906572,-0.050240698704871425,-0.0739544369623518,-0.09759017424688186,-0.1336583131944617,-0.16704404031658307,0.019939606677384356,0.02770826619396278,0.009070875485229847,0.09261159183608787,0.14002089129666093,-0.276243537279867,0.4021100459373718,0.0513096698021209,0.015736896174695966,0.01291614715534724,0.5737401724121804,0.9605231525215064,-0.19585034245766206,1.1212850196334039,1.6811463423762494,1.7736755655170446,0.4706886058585145,-0.16597126991684202,-0.32197100217272756,-0.3779685339431445,-0.1927821871200004,-0.1650851443421671,-0.16696523780547248,0.005028745519267073,-0.27219058198339136,-0.316190993264272,-0.25959996883295033,-0.12060110579234934,-0.0505224317579718,-0.07609806292662398,0.06776377998438723,0.0365324513026842,,,-0.06287025027537888,0.009145579266652024,-0.07324300108147887,-0.3395155712266337
outcome_case_rate_100k_ge_200__intervention_partial_cov_ge_10__lag_3w__contiguity,case_rate_100k_ge_200,case_rate_100k >= 200,partial_cov_ge_10,partial_cov >= 10,3w,contiguity,acs_2021,True,1.0,2021-01-25,2022-05-15,71,68,3,67,3213,3137,76,completed,not_run,False,0.353025558326614,0.1232140223333444,68,3137,case_rate_100k >= 200,0.8367445479945246,0.0170854366991944,68,3137,partial_cov >= 10,-0.05136734746792026,0.5545294171447047,0.17574295445702176,-0.2627333497080724,-0.22098433820228247,-0.1375674552422279,0.05231161247972142,-0.01502764260989336,0.155635573968359,2.6366605119036195,2.0996912191469144,-0.256653161407846,-0.2720856991671732,-0.034839575750039785,-0.184389190732067,-0.18297505617466572,-0.2840725924372547,-0.3069197719100855,-0.4663244463304883,-0.4235881491916904,-0.6253471671490921,-0.40607123543925583,-0.5528932516796538,-0.3849635417087081,-0.4933893158264617,-0.4685321632295292,-0.22439946657362544,-0.12695276635107222,0.12103344681269591,0.2792912781175088,0.26993653114792204,0.2976412224686866,0.26290348938077346,0.24755853822573456,0.0103814367446043,0.22287129796504127,0.060065830405363056,0.1998442310651614,-0.0513185616067746,-0.07516216484353289,-0.10102186226002172,-0.1345256710153519,-0.1672826733454644,0.020150553438471653,0.00025787589716939506,-0.20394202604103626,0.09249759786794091,0.13984265961703515,-0.2769925552566577,0.4023360758061683,0.051446127144754286,0.016007835965938112,0.012398569001902147,0.5742501985863901,0.9572100994257033,1.103549260560288,-0.005628353980277969,1.6458644590883396,1.7251818283029328,0.4682403655453359,-0.1682133194668394,-0.3219251665662205,-0.3761296794516303,-0.19023354665092612,-0.16322933778853174,-0.16614516206860902,-0.272584074487723,-0.06672033535928944,-0.3143016054361795,-0.25790387821070315,-0.11816279966720472,-0.04753467415783124,-0.07451454285155595,0.06937071549966527,0.03878652712712844,,,,0.006833736077418423,-0.07431821027792113,0.026434964562918193,-0.3719339942230998
outcome_case_rate_100k_ge_200__intervention_partial_cov_ge_10__lag_4w__contiguity,case_rate_100k_ge_200,case_rate_100k >= 200,partial_cov_ge_10,partial_cov >= 10,4w,contiguity,acs_2021,True,1.0,2021-02-01,2022-05-15,71,67,4,66,3213,3137,76,completed,not_run,False,0.348883570670714,0.1216323258082901,67,3137,case_rate_100k >= 200,0.8343078994571294,0.0173443069522125,67,3137,partial_cov >= 10,-0.05009069042012621,0.5565168678854248,0.18078163815278525,-0.27395874069880816,-0.2171324437963105,-0.14203313159807668,0.04709006134629428,-0.018479607168745315,0.1543052555889373,2.65428525179014,2.1123422359994968,-0.274641029772081,-0.39153531697956445,-0.18334774679872348,-0.18154824401873135,-0.2824743882247118,-0.3038446166896611,-0.4621721502916656,-0.42273233415180705,-0.6256968061042385,-0.40306719847689776,-0.5527395047108032,-0.49311327594190485,-0.0007925495319349575,-0.4671186168139003,-0.22143237198709886,-0.12414670912347489,0.12372799017434039,0.28083154536845667,0.2697178670693314,0.2972896415466046,0.2609599080155015,0.24421311329932952,0.21916632557589266,-0.21799477987275293,0.05530118647956848,0.19567465918930482,-0.05670516561356395,-0.07941661410037013,-0.10410874791576946,-0.13872762491242346,-0.16949480103574222,0.01878104162249988,-0.0009533895721480967,0.08208134365190807,-0.013318193893062661,0.13759551272306456,-0.2797777869524624,0.40124400545364536,0.048711230222152915,0.013148908726115578,0.009873406407856953,0.5714997514354803,0.9466254625359456,1.0807545219717882,1.586794277537837,-0.07467413654184504,1.6615833956560702,0.4549688027567117,-0.1754650996913696,-0.32538805546988764,-0.37756761271733746,-0.18994879581855387,-0.16137414388201027,-0.16370960476271806,-0.27079177506817115,-0.3136199952035012,0.004727103513669805,-0.25687537123645854,-0.11567556875173812,-0.04635722884443935,-0.07160724530340086,0.07153053442827192,0.040586240906880504,,,,,-0.07547142400080885,0.026430264970024594,-0.03439202046051878,-0.39602131216641656
outcome_death_rate_100k_ge_2__intervention_partial_cov_ge_10__lag_0w__contiguity,death_rate_100k_ge_2,death_rate_100k >= 2,partial_cov_ge_10,partial_cov >= 10,0w,contiguity,acs_2021,True,1.0,2021-01-04,2022-05-15,71,71,0,70,3213,3135,78,completed,not_run,False,0.3763146663072534,0.2823877876509455,71,3135,death_rate_100k >= 2,0.8436866814924635,0.0162816131237183,71,3135,partial_cov >= 10,-0.16904362014459962,0.2317217511033937,1.0132255124027654,-1.2113695647697968,-0.11180630794458948,-0.4651402510899859,-0.031924119851873045,-0.5950186739804059,0.2887260392412472,1.4171030977881116,2.0396188522383567,-0.0021960273117216287,-0.011440210028724224,-0.0791632299154285,-0.11018787459695804,-0.08820587445471469,-0.07417808578082305,-0.1374008306296744,-0.14541278173466607,-0.13804577038862256,-0.166672530577596,-0.1771209150969608,-0.09889933361854142,0.009082394935313577,-0.2621333543543324,-0.21750040522389427,-0.34415137054377126,-0.3504823785941802,-0.3733790666998709,-0.4471503544998161,-0.3377232652004051,-0.32766011242792153,-0.2771656480146957,-0.15115453822401842,0.06112163868784462,-0.06460050325795479,0.009103937689058778,0.06461271471485638,0.08314031594226934,0.11393949649946088,0.2245514587977231,0.22090103303902686,0.2277439923778946,0.18414521517393878,0.17697306086104395,0.05793844449854201,0.21603041429375758,0.19620276330565872,0.12818272707240502,0.1263472466433877,0.14666754209954194,-0.024274897040796398,0.2316312239915286,0.15389117966812227,0.1429053183250403,0.09784261825074345,-0.02079650824077038,0.12639789411579352,0.2103961091736885,0.20203657440253137,0.22713294426622477,0.2953604473114804,0.3395103653123502,0.33060390287994995,0.3014307349459836,0.23121195206645084,0.1854666716589253,0.08928659144112801,0.09942435368968507,0.09371732617902381,0.006453727919997131,-0.05418113876985932,-0.1417645747783596,-0.12295706778154278,-0.22456548859734302,-0.22039103364569818,-0.08885266767215445,-0.3161480136446303,0.05786301030429627,-0.0035790737528556484,-0.06971241743536533,-0.07233343736048706
outcome_death_rate_100k_ge_2__intervention_partial_cov_ge_10__lag_1w__contiguity,death_rate_100k_ge_2,death_rate_100k >= 2,partial_cov_ge_10,partial_cov >= 10,1w,contiguity,acs_2021,True,1.0,2021-01-11,2022-05-15,71,70,1,69,3213,3135,78,completed,not_run,False,0.3722488038277512,0.2827728081732658,70,3135,death_rate_100k >= 2,0.841453634085213,0.0165175785313085,70,3135,partial_cov >= 10,-0.1711658941146113,0.2311965392920055,1.0028617604443133,-1.2093556419407714,-0.11954580418514586,-0.4691335643887965,-0.030052622354144767,-0.5821955198478409,0.28930094234247433,1.4238616643842006,2.0311551198745543,-0.019459587000632786,-0.025107294955619665,-0.10762747289150933,-0.08560579959997473,-0.06933243410858801,-0.13162315596640906,-0.1384571241600764,-0.1315002005412649,-0.15981669559210848,-0.17189395377489608,-0.09348775867873049,-0.2558836717126659,0.0009319893390342593,-0.21017595361362373,-0.33359371635123364,-0.3405376219674175,-0.36498903019278633,-0.43831272729207654,-0.3305601770850669,-0.321474305412229,-0.27236345266809403,-0.15000565414982123,-0.06262917232018718,-0.009051834309392652,0.00994382725543224,0.06846298092488305,0.08647925948289888,0.11774363234493872,0.22582593129399797,0.21982614496831507,0.231545887738855,0.1865065264883961,0.18097305398672464,0.19066169875973957,-0.05144437028565185,0.19831927692621396,0.13267349012664495,0.1305085793220162,0.1503468729285555,-0.01929965889990163,0.23618906214424087,0.1587068880687267,0.1488928429320084,0.10287183953983572,0.13121616816723833,0.054817596689466994,0.21453291290134674,0.2062907282115797,0.23060491300273014,0.29919385282888356,0.34335899731610886,0.3348983285183951,0.30503847056919753,0.23542498412791707,0.18985193193940705,0.10422047293410935,0.04108315983894183,0.09666747844391246,0.01165002583979078,-0.04881616464909368,-0.13444590757131764,-0.11629322916387215,-0.21723548203113321,-0.2127869945475485,-0.08195296735695594,-0.3075278466436724,,-0.011833961422571959,-0.07268313539730023,-0.07845129358705952,-0.09117986227997381
outcome_death_rate_100k_ge_2__intervention_partial_cov_ge_10__lag_2w__contiguity,death_rate_100k_ge_2,death_rate_100k >= 2,partial_cov_ge_10,partial_cov >= 10,2w,contiguity,acs_2021,True,1.0,2021-01-18,2022-05-15,71,69,2,68,3213,3136,77,completed,not_run,False,0.3680678793256433,0.2829944477791116,69,3136,death_rate_100k >= 2,0.8390962363206153,0.0168254801920768,69,3136,partial_cov >= 10,-0.1735803005294962,0.2307778418155381,0.9963165642424054,-1.2120742280686931,-0.12530381297920656,-0.4737266426988271,-0.030615499647806476,-0.5808461352314412,0.2897232409942597,1.4334387079609978,2.0214899986912798,-0.034304525578452066,-0.03497523269495458,-0.08295843971051145,-0.0666118354948531,-0.12559139380553114,-0.1326301486797834,-0.1241300618495029,-0.15311429268935592,-0.1646373996125076,-0.08739118614025361,-0.2490974370546364,-0.2039458823903574,-0.07078704441693912,-0.3249634548423263,-0.33028254757723546,-0.35544693472365285,-0.43012723247749507,-0.32299648553745847,-0.31475788055617654,-0.2662686323856947,-0.14641317236364101,-0.06233239378317136,0.011451420224804486,-0.12131311172894554,0.06891391882352553,0.08991271282487012,0.12093077422243696,0.2288015659761405,0.2212014489635656,0.23020920480107562,0.19031305446271504,0.18334101972362155,0.1943576695775911,0.17241088214633932,0.022702942458871635,0.13524868161037398,0.13505814305605224,0.15448101681879725,-0.014812056989178476,0.23992066041603557,0.163438886095938,0.15377944283196324,0.10895706255087739,0.13616430439296143,0.21882642099008068,0.00566161919592252,0.2102364760374313,0.2344089470556686,0.30210713637403164,0.34745873006964184,0.3380758507707657,0.3092150169280039,0.2391240110725371,0.19417356926360851,0.10903389365759167,0.1016403842479317,-0.029805805912511675,0.01534265280046443,-0.042939048006875896,-0.1283674640850092,-0.10856786273052028,-0.20907628042694668,-0.2045128139797406,-0.07565552928756597,-0.2987627170547432,,,-0.08131866943309334,-0.0811200811000533,-0.10688446534256142,-0.12194552508656344
outcome_death_rate_100k_ge_2__intervention_partial_cov_ge_10__lag_3w__contiguity,death_rate_100k_ge_2,death_rate_100k >= 2,partial_cov_ge_10,partial_cov >= 10,3w,contiguity,acs_2021,True,1.0,2021-01-25,2022-05-15,71,68,3,67,3213,3137,76,completed,not_run,False,0.3641123966322264,0.2833299235413624,68,3137,death_rate_100k >= 2,0.8367445479945246,0.0170854366991944,68,3137,partial_cov >= 10,-0.17540910543198723,0.22985197786320596,0.9865585790365714,-1.2167804060065632,-0.13398130026577246,-0.4792871269920344,-0.024305639065539092,-0.5705482362938197,0.2901594374348107,1.4425387404212346,2.01638210955747,-0.04220003013915077,-0.10426607769271312,-0.0640513790787936,-0.12252307656431469,-0.12661243978937714,-0.11854841069595728,-0.14591242554325068,-0.15743496573645116,-0.08188749457406623,-0.2424550069776845,-0.197260950951541,-0.3170110767468329,-0.18028939002245614,-0.3217199681451139,-0.3441428605789145,-0.41732426107771337,-0.3152290947598206,-0.30761852251757305,-0.26036447395184187,-0.14097266887076976,-0.05995791612815517,0.010887659070524384,0.06963546019269584,-0.04915102905545805,0.09021826451008189,0.12392318533944133,0.2312785164063778,0.22360756027103074,0.2317017133947462,0.1887497250132761,0.1871640760149051,0.19665323253026598,0.17586659864472998,0.11016605328005115,-0.02678830496108085,0.13756074593885373,0.1588742407534914,-0.009610676514315426,0.24292552794799635,0.16706382289937652,0.15793132401626003,0.11381926956275074,0.14218268288816305,0.22255021127748537,0.2140891294136742,-0.06602026907271967,0.23729953106497317,0.3051806874953868,0.349228242240292,0.34064201568173347,0.31222674085375623,0.2428635665684001,0.19830797714756035,0.11293553379973273,0.10572438303853329,0.02103386667172149,-0.1003244599349015,-0.03925812982321043,-0.12176139154648273,-0.10290728385288744,-0.2015502301133101,-0.19710627348803023,-0.0686493512930222,-0.28955328819467785,,,,-0.08938768446121034,-0.1099988685661968,-0.08244181250827262,-0.15856486279396192
outcome_death_rate_100k_ge_2__intervention_partial_cov_ge_10__lag_4w__contiguity,death_rate_100k_ge_2,death_rate_100k >= 2,partial_cov_ge_10,partial_cov >= 10,4w,contiguity,acs_2021,True,1.0,2021-02-01,2022-05-15,71,67,4,66,3213,3137,76,completed,not_run,False,0.360150157722703,0.2835318437804889,67,3137,death_rate_100k >= 2,0.8343078994571294,0.0173443069522125,67,3137,partial_cov >= 10,-0.17936437623239548,0.2295200758804566,0.976228587638881,-1.21495349084351,-0.13917624540311013,-0.48633528407044324,-0.024541608839750727,-0.5626345268726324,0.29064500655728864,1.4447979266901552,2.010893179772911,-0.11446936885907251,-0.21313569396165358,-0.12042087152032119,-0.12444308694484846,-0.11335977456530859,-0.14018875911041026,-0.15110393485655801,-0.07550642167829477,-0.23597985736263882,-0.19245724766855937,-0.31068697173563636,-0.31558919469535157,-0.11154106955396001,-0.33666844586229794,-0.40768322316657546,-0.30749993925609453,-0.3018207854179289,-0.2548943018328048,-0.1368885207230381,-0.05625485435059982,0.013042496171774866,0.06940029498995937,0.09174930290276825,-0.10257654072871909,0.12471165652599091,0.23503391479621516,0.2274785537935005,0.23626085866499388,0.19087415102142266,0.18719669975640402,0.201421939684679,0.17956205400457528,0.11505216360768068,0.11243236967058896,-0.10090086630420007,0.1623462694087865,-0.0035645306745779154,0.24793443341021704,0.17188523368676462,0.1630788693673246,0.11936629819342967,0.14804772081283848,0.2295134421795155,0.2190713324529604,0.2424157834818124,-0.13991425934112076,0.30992190398157726,0.35390251744238355,0.344405038539361,0.31685605561977714,0.2480519468917744,0.2032989402479815,0.11893667450007098,0.11124495496268848,0.027021086756015528,-0.033097443280554625,-0.10925787280813762,-0.11706791788889989,-0.09605447178766166,-0.19443149258467587,-0.189777803350638,-0.06188737098793876,-0.2816641950203632,,,,,-0.1199611420824427,-0.08661315940092476,-0.06415356816302398,-0.17337368046211088
outcome_case_rate_100k_ge_100__intervention_partial_cov_ge_30__lag_0w__contiguity,case_rate_100k_ge_100,case_rate_100k >= 100,partial_cov_ge_30,partial_cov >= 30,0w,contiguity,acs_2021,True,1.0,2021-01-04,2022-05-15,71,71,0,70,3213,3135,78,completed,not_run,False,0.5581867601141137,0.1389109136477557,71,3135,case_rate_100k >= 100,0.6838241570635937,0.0151424014581909,71,3135,partial_cov >= 30,0.038810697550140875,0.5216757964650537,0.29257686942552913,-0.18604407334793718,-0.1198137480505883,-0.09236696398623409,0.08526649845103101,-0.029079277707775446,0.17576305426982433,2.4955095290503855,2.0776113021856966,0.16585316300092828,0.09234179458059541,0.04301528666396365,-0.05688270673382911,0.08262608317865322,-0.011962154616048883,-0.11711522041750132,-0.07603938017342207,-0.17813865111311164,-0.2487328233986472,-0.28314088125693687,-0.278824173084605,0.02566971503640973,-0.48436672322315777,-0.2609360270738706,-0.48100352557710846,-0.4375461757883382,-0.355968626722226,-0.12009526140511179,-4.556266348096385e-05,0.18028956998950876,0.22669877373754332,0.2554737238533198,-0.041933736920160565,0.29057793091023737,0.18729479825649117,0.25658220836257556,0.22938765262736094,0.12132531590576563,0.25572885726432737,0.1905528380214639,0.07542279960295464,-0.03603891777923249,-0.13408942296204185,-0.14209991992126336,-0.09842931840377266,-0.14193337404230635,-0.0888466629931348,-0.009115706117032685,0.03137435574910927,-0.29690162227303074,0.35943968939538723,0.03182621855332119,0.01054125573492995,0.050951013983866256,-0.2586230466339571,0.47810456914489147,0.7384991474136665,0.6535406224711411,0.7553925959092631,0.7393807238480583,0.582620819886088,0.19127936597574155,-0.154197012000208,-0.4110701991904818,-0.35711470600307027,0.0310332705991452,-0.32270869656602674,-0.2619660308553259,-0.23483689118891998,-0.30167035467259745,-0.18128550135323285,-0.22557624959545952,-0.004452327827885413,-0.06328678759819328,0.03482649519539064,0.04387821880661381,-0.17667516791296592,-0.038075086540590365,-0.03980424106042639,0.06791945749503435
outcome_case_rate_100k_ge_100__intervention_partial_cov_ge_30__lag_1w__contiguity,case_rate_100k_ge_100,case_rate_100k >= 100,partial_cov_ge_30,partial_cov >= 30,1w,contiguity,acs_2021,True,1.0,2021-01-11,2022-05-15,71,70,1,69,3213,3135,78,completed,not_run,False,0.5523946229209387,0.1402399278829484,70,3135,case_rate_100k >= 100,0.6794167236272499,0.0153618565517879,70,3135,partial_cov >= 30,0.04056519570477403,0.5200398948208189,0.28096684537270755,-0.18126409976692204,-0.12453436050760906,-0.09210350101453953,0.08627498019257511,-0.025926228912734058,0.17709818270165567,2.4876393221091746,2.0695085688628114,0.09674634325119724,0.030221115330491374,-0.04858009604910866,0.09050621022437304,-0.0062554940910867305,-0.1132347287811197,-0.0736906141735454,-0.1760362580453077,-0.24741850614913805,-0.2816919972895924,-0.27803421978555837,-0.4842094494205213,-0.0377807788257262,-0.26152292303642494,-0.4823137690796334,-0.43879633666003093,-0.35518217288940235,-0.11949389074466296,0.00034504537629776247,0.1798452743376717,0.22616119954677139,0.2566727918816675,0.29130059190264784,-0.13861204611197825,0.1894218426193803,0.2589482179914636,0.23270938733119112,0.12503517822726262,0.258058302503137,0.19712106493764298,0.07917163903018792,-0.03395075451067195,-0.1316368418646631,-0.08592505855062488,-0.25558375773469083,-0.13990027166996105,-0.08758211620676921,-0.008302279346005087,0.03211242195732197,-0.2957701486151511,0.35912158674137973,0.03269774945471376,0.010589649624879996,0.05081903200370903,0.47868686172151476,0.03355446096147192,0.7511153382771725,0.6642608484641149,0.7663747050904611,0.7472754987194269,0.5956250917994046,0.19368296829390086,-0.15267134593196655,-0.4097623929366271,-0.3578783650521184,-0.32333450439371997,-0.17379303854724495,-0.2630005980573824,-0.23699659636099918,-0.30354001293334004,-0.18267160784149492,-0.22712401185021447,-0.006977838412185936,-0.06526679141227905,0.03227551204729663,0.04164774405022786,,-0.03446273400880071,-0.03380549817933909,0.05068617185070755,0.06223945324143698
outcome_case_rate_100k_ge_100__intervention_partial_cov_ge_30__lag_2w__contiguity,case_rate_100k_ge_100,case_rate_100k >= 100,partial_cov_ge_30,partial_cov >= 30,2w,contiguity,acs_2021,True,1.0,2021-01-18,2022-05-15,71,69,2,68,3213,3136,77,completed,not_run,False,0.5467132505175983,0.1413002701080432,69,3136,case_rate_100k >= 100,0.6748095977521443,0.0156531362545018,69,3136,partial_cov >= 30,0.034335780053041526,0.5187485009480839,0.27662277531105794,-0.18214814526560935,-0.1347463723560485,-0.08933517404677185,0.08123577011532636,-0.02944518026427448,0.17831389670269696,2.4818156502391964,2.0589769599559538,0.023268626457387667,-0.04346118910800585,0.09083064460810601,-0.0025098492852790024,-0.10859733547759177,-0.07249884814425553,-0.17498384544424955,-0.24600385717387807,-0.2821142457661885,-0.27929976848165716,-0.4874066767696352,-0.26502056990114586,-0.14290093810470925,-0.4877556093989674,-0.44428984968542845,-0.3590019174077305,-0.12052538224099243,0.0004338195560818048,0.1796682501613681,0.22642828167077672,0.25759406842004384,0.2952879252184778,0.19208066408434527,-0.2611709097528399,0.260678944413123,0.23392773328963115,0.12782361357679317,0.2616748462514953,0.20049601126631617,0.08588300735808942,-0.029286589022573327,-0.12796340417061686,-0.08078620659901686,-0.12544045893376363,0.026012737125319856,-0.0813152408898194,-0.0030215815810337786,0.03734919639395662,-0.2884999128631448,0.36429087991259235,0.036556313488804816,0.01678386761280214,0.05475604554506327,0.48242376073108845,0.7555288686742156,-0.1805846202113432,0.6563818404174511,0.765945602425482,0.7488151773277115,0.6001926605601243,0.1972593968813045,-0.1449365509030476,-0.4035305358802145,-0.35196920144317484,-0.3193880692251488,-0.2604230935180669,-0.040460174065569156,-0.23394541641319422,-0.30110378272755633,-0.18072312883495684,-0.22438659651879814,-0.002602191012171515,-0.06288660147017955,0.03722267514992141,0.04409941288615323,,,-0.03863462545785228,0.04697800130255009,-0.04724409888277921,0.07979072538846088
outcome_case_rate_100k_ge_100__intervention_partial_cov_ge_30__lag_3w__contiguity,case_rate_100k_ge_100,case_rate_100k >= 100,partial_cov_ge_30,partial_cov >= 30,3w,contiguity,acs_2021,True,1.0,2021-01-25,2022-05-15,71,68,3,67,3213,3137,76,completed,not_run,False,0.5413471094526431,0.1420027690682704,68,3137,case_rate_100k >= 100,0.6701607005569202,0.0158959743837395,68,3137,partial_cov >= 30,0.03144960286335316,0.5178394272387662,0.2706824176291368,-0.1808747301618329,-0.1466157620446022,-0.09202108937175457,0.08586679640217117,-0.01962388734434062,0.17904406352251487,2.4792524522218033,2.0499638032137106,-0.048271620873651416,-0.14628138697676568,0.0011855766660538688,-0.1036416160910314,-0.06964124507136626,-0.17317786523171566,-0.24593340615825546,-0.28266457026045305,-0.2803008279886762,-0.48839276545290733,-0.2664536963551524,-0.488858995211656,-0.2635265142491362,-0.44619104204346716,-0.3608904920354876,-0.12114432454135379,-8.08026463565205e-05,0.18091457136966632,0.2270274818445597,0.2578839208895446,0.29506236235448563,0.1933375347312876,0.2618944154838883,0.022684273512768978,0.2343312771752319,0.12773252306236774,0.26116434012454104,0.20222091448861337,0.08708964347047118,-0.026197172915072085,-0.12591874248158705,-0.0788443570765377,-0.12370749358028378,-0.07265096521781395,-0.18325751715036795,-0.0009217846509583444,0.03959770419398445,-0.28740629303701787,0.36624197724605767,0.0389767582726901,0.01929908311108303,0.057145248710148526,0.4848500909223591,0.7469990500590977,0.6512771946250807,-0.044441110948055806,0.7644990226633924,0.7453199878328022,0.5966402137102574,0.19837643800927796,-0.14142268129092708,-0.3989613526924194,-0.3494460855047736,-0.31790045461345845,-0.25891052609304144,-0.23291559921981708,-0.04151032994123269,-0.30030158508171984,-0.1802174056106847,-0.224318735722718,-0.0020437067017610054,-0.06184746533143643,0.03859800731278917,0.04632088256564044,,,,0.04510583849050182,-0.04668228260733329,0.09349848575780755,0.07851542909705604
outcome_case_rate_100k_ge_100__intervention_partial_cov_ge_30__lag_4w__contiguity,case_rate_100k_ge_100,case_rate_100k >= 100,partial_cov_ge_30,partial_cov >= 30,4w,contiguity,acs_2021,True,1.0,2021-02-01,2022-05-15,71,67,4,66,3213,3137,76,completed,not_run,False,0.5364284728731225,0.1422320108963398,67,3137,case_rate_100k >= 100,0.6653519143206504,0.0161368224804629,67,3137,partial_cov >= 30,0.026633000046838117,0.5173217396926894,0.26506669691209517,-0.1837641830899327,-0.1539413186640332,-0.09277133108066436,0.0867059959638671,-0.021408355067836435,0.17928708546414537,2.48042969528317,2.0411853372083213,-0.15272071219903963,-0.2694254497611345,-0.1015978991784925,-0.06618100356333652,-0.17072355288726257,-0.24487289774301682,-0.2827398745108055,-0.28270720225908924,-0.49370547121844127,-0.2686250195339229,-0.49323487496475527,-0.4503551089521858,0.016587488920964743,-0.36416535619342993,-0.12172556558433463,-6.371760196562696e-05,0.18095435266390428,0.22705824669868338,0.2577209978646537,0.29496551384674835,0.19247220029049872,0.26156415938535504,0.23267000727157167,-0.18899375846112623,0.12693098376699863,0.2584935557180759,0.2002668964064268,0.08504129807540411,-0.02471874120734017,-0.12395670407511505,-0.07810001468926725,-0.12257715461126895,-0.07129209190948871,0.007155167347177396,-0.05030324179472155,0.04170867512044306,-0.2848563103969487,0.36874853894464493,0.04111878804825416,0.02182945051453661,0.05943812689067998,0.48438759231477785,0.7396724823634622,0.645191301076327,0.753525211035428,-0.04782156027513914,0.7346013199129103,0.5895582406885038,0.19973832666031463,-0.1392932938687544,-0.3952340474211892,-0.3463071653723657,-0.3151715191404958,-0.2563737378217634,-0.2306062551787369,-0.29756548472396877,0.04011021014540354,-0.1775954307201869,-0.2226164192162306,0.0011104202680837694,-0.058928450722372086,0.0415958640477931,0.04932103593535719,,,,,-0.05128296165434578,0.09130631106120699,0.001595286127448355,0.08417002040908222
outcome_case_rate_100k_ge_200__intervention_partial_cov_ge_30__lag_0w__contiguity,case_rate_100k_ge_200,case_rate_100k >= 200,partial_cov_ge_30,partial_cov >= 30,0w,contiguity,acs_2021,True,1.0,2021-01-04,2022-05-15,71,71,0,70,3213,3135,78,completed,not_run,False,0.3724464811195723,0.1243198906356801,71,3135,case_rate_100k >= 200,0.6838241570635937,0.0151424014581909,71,3135,partial_cov >= 30,-0.024345558638739627,0.5566863843196352,0.1819709111053702,-0.25535766444160257,-0.16858025888307426,-0.10346134696622858,0.06772601918005001,-0.03131316246501257,0.15628834533095942,2.64116937938757,2.1357811571803382,-0.15740765430363354,-0.14373010805492,-0.018624714260944905,-0.09781851825302497,0.0058095354489016374,-0.055080024269995274,-0.20158262935414692,-0.1982118532905419,-0.29485560108442715,-0.31146419659676094,-0.45409077500104267,-0.41374642697110053,-0.1916406671327451,-0.6047956378040101,-0.39565398332329,-0.5356698413365801,-0.47778367357578677,-0.4551985251606517,-0.22499092105378632,-0.13234438551185027,0.1105651790862283,0.26789436906779074,0.25779260263979475,-0.2252218894582448,0.2860864216593365,0.25112768861952484,0.23493370811962086,0.21027674847492506,0.04330646115669368,0.18721460752277777,-0.06879181749328264,-0.09330349173330874,-0.11772152714567222,-0.15008457322754115,-0.24386037122582555,-0.17972025023826257,0.008962030830640963,-0.008714790787010453,0.0743386035612286,0.12287612882227984,-0.29429455801213844,0.3814445572378122,0.032996006290669906,-0.005918652858584446,-0.008382066691154278,-0.3628989851545158,0.5531863428564999,0.9636311246572146,1.19480456601971,2.083512105429039,2.21936098788964,0.4747048847647073,-0.1914826851538304,-0.34539479632999953,-0.3974413061291288,-0.20837536596056896,0.018864503105587543,-0.1735941404814302,-0.17468810912926255,-0.27724932357603105,-0.31721809864272127,-0.2614244821778171,-0.12741812479370493,-0.05891190661544529,-0.08489481502222254,0.054983168316178985,0.02356579691058732,-0.20589596839557098,-0.021166689533764278,-0.09347920618111222,-0.2392500343408704
outcome_case_rate_100k_ge_200__intervention_partial_cov_ge_30__lag_1w__contiguity,case_rate_100k_ge_200,case_rate_100k >= 200,partial_cov_ge_30,partial_cov >= 30,1w,contiguity,acs_2021,True,1.0,2021-01-11,2022-05-15,71,70,1,69,3213,3135,78,completed,not_run,False,0.364939621781727,0.1243279476689087,70,3135,case_rate_100k >= 200,0.6794167236272499,0.0153618565517879,70,3135,partial_cov >= 30,-0.028233449868301747,0.5559477679963484,0.1735448763403823,-0.26250547118403517,-0.18230897147581637,-0.10088018167914829,0.07054475933092647,-0.04087337458194381,0.15649353533321014,2.638920037692132,2.1209511519573185,-0.14783284452997883,-0.19540274321889287,-0.10645299002995673,-0.0020360515986920847,-0.060163549469093164,-0.20410900609853472,-0.2004890153367647,-0.29794565985845856,-0.31535801975150746,-0.458109897453029,-0.41602485155590513,-0.6056300213511759,-0.22847814463468935,-0.3981797118858489,-0.5373015543714497,-0.4800481083140068,-0.4565806340121302,-0.22816498392250983,-0.13368150603723197,0.1094508418221396,0.26709289982415796,0.2571673646617007,0.28617691762817027,-0.24731142955216953,0.2512111354849677,0.23588741317286227,0.21144703454313077,0.04543637961961928,0.18889799303922686,-0.06767799186438016,-0.09024900236088788,-0.1151250583438706,-0.147760207297753,-0.1810447238249044,-0.3661708822050265,0.011166903130082808,-0.006753056053245007,0.07636460497660456,0.12514729103511196,-0.2923420659057023,0.3835862683515317,0.035788134717986385,-0.0026791677145213246,-0.0055033183683428815,0.5557268440387055,0.0149343257453983,0.9635454339458818,1.1890366236186203,2.023379106555602,2.150650802421092,0.4799113822273973,-0.18717067080356733,-0.3417451628199229,-0.39396513746834705,-0.20569767770313124,-0.17184345629855446,-0.2106317521482642,-0.1731714167902093,-0.274111617241354,-0.31162961644079135,-0.2617714663850712,-0.1241726744237993,-0.055774678554313555,-0.08249930281668859,0.05727973015872846,0.02583731070519647,,-0.027477404837020686,-0.10058070725612328,-0.028273802516097582,-0.2107377106329821
outcome_case_rate_100k_ge_200__intervention_partial_cov_ge_30__lag_2w__contiguity,case_rate_100k_ge_200,case_rate_100k >= 200,partial_cov_ge_30,partial_cov >= 30,2w,contiguity,acs_2021,True,1.0,2021-01-18,2022-05-15,71,69,2,68,3213,3136,77,completed,not_run,False,0.3584599600709849,0.1240292992196878,69,3136,case_rate_100k >= 200,0.6748095977521443,0.0156531362545018,69,3136,partial_cov >= 30,-0.02941438513204498,0.5562186122742526,0.1747248700779387,-0.26141490074936163,-0.19720194086105028,-0.10608959864738016,0.06341741463869875,-0.03733361168167986,0.15657348144118816,2.6377389091685566,2.1070645764316915,-0.1984119176031792,-0.2305352814571404,-0.010457583252018255,-0.06776235681378702,-0.2102012089224451,-0.2043860118829784,-0.2998171509032676,-0.317313367159443,-0.4634414745567509,-0.4218284021780089,-0.6091066509435239,-0.40042171141054933,-0.24969468353188232,-0.5408152729648943,-0.4833391962162658,-0.4606486032600101,-0.22923300518704742,-0.13613550986121356,0.10821569430495459,0.26646372160576215,0.2563409452818932,0.28437170859068983,0.2502560929221082,-0.36855322195222,0.23501422185916107,0.2111904402466308,0.04547881794456385,0.18851819252243812,-0.06626747289402869,-0.09089108167213387,-0.11405113393289627,-0.1481846015921013,-0.18123778279288427,0.007803154075703807,0.012983255948730765,-0.006413937531624308,0.0769004018118055,0.12426279604017536,-0.2930213340173941,0.3856584167721368,0.03500534046789651,-0.0009187768886796474,-0.0053862942033749235,0.5570597033899285,0.9563871709915557,-0.21371307056171082,1.1650456665458124,2.0099348257408285,2.1592226649469097,0.47377604957232955,-0.18585915466378466,-0.34114053239431885,-0.39361474661822166,-0.2039837468478629,-0.17304442303301568,-0.17318416226287892,-0.030511625646285283,-0.2760468256555253,-0.3142134166108261,-0.2603820862411823,-0.12520043634790354,-0.056793543299434646,-0.08288039292800507,0.058071077392441606,0.026492486313845834,,,-0.10486024595354936,-0.034307292314610736,-0.11624211832744373,-0.19164111835893918
outcome_case_rate_100k_ge_200__intervention_partial_cov_ge_30__lag_3w__contiguity,case_rate_100k_ge_200,case_rate_100k >= 200,partial_cov_ge_30,partial_cov >= 30,3w,contiguity,acs_2021,True,1.0,2021-01-25,2022-05-15,71,68,3,67,3213,3137,76,completed,not_run,False,0.353025558326614,0.1232140223333444,68,3137,case_rate_100k >= 200,0.6701607005569202,0.0158959743837395,68,3137,partial_cov >= 30,-0.035015895752837777,0.5565711323587815,0.17525239202826123,-0.2612873863955367,-0.21416840563798067,-0.11559371027800605,0.05565278660632377,-0.0292334374293561,0.1559464432096813,2.6490134967239722,2.09125926922481,-0.23764849103610625,-0.2550359314524076,-0.07665169966683336,-0.21842923274126447,-0.20989267779062454,-0.30304927943980814,-0.3194647816873086,-0.46469700427711186,-0.42261491979645627,-0.6116249914390898,-0.4008271074514426,-0.5419150700142567,-0.3727432574384209,-0.48384123510517235,-0.4607208042353843,-0.2298138461040071,-0.13586668097866617,0.1084580035346833,0.2669226984004846,0.2568797281810664,0.28498337334237567,0.24926017269312584,0.23573329642269095,0.00896223651305085,0.21175908405875882,0.04676140514307503,0.18848250011405476,-0.06523679536251359,-0.0898035924625585,-0.11494972461612676,-0.1463480944533796,-0.17845254392205095,0.0105160631297742,-0.00921313632509731,-0.21723765199871164,0.08039363314858017,0.12767288028275448,-0.2899179681900644,0.389110678015588,0.03862553580518897,0.002783531020576339,-0.0027990541838919386,0.5606134057384592,0.954597530455012,1.1506332763315017,-0.03538336352438817,1.9274589729392773,2.039911003853362,0.46774451542709616,-0.18398972340150035,-0.33668268133370427,-0.3877141866150638,-0.19763054231165372,-0.16747859244626948,-0.16766061284407419,-0.2705090319318306,-0.10962968206039894,-0.3077059893050247,-0.25324125716849727,-0.11928274309827819,-0.04940392792253499,-0.07657159348205603,0.06410640634526157,0.032559159447190775,,,,-0.039389978234206896,-0.12332610982036635,-0.020533502674385987,-0.16396468915493995
outcome_case_rate_100k_ge_200__intervention_partial_cov_ge_30__lag_4w__contiguity,case_rate_100k_ge_200,case_rate_100k >= 200,partial_cov_ge_30,partial_cov >= 30,4w,contiguity,acs_2021,True,1.0,2021-02-01,2022-05-15,71,67,4,66,3213,3137,76,completed,not_run,False,0.348883570670714,0.1216323258082901,67,3137,case_rate_100k >= 200,0.6653519143206504,0.0161368224804629,67,3137,partial_cov >= 30,-0.029515576455099696,0.5584002058472741,0.1777826274195933,-0.27402683178503306,-0.20898747482016922,-0.11830161408973847,0.05030821100935112,-0.03514210725212132,0.15473689894012113,2.6668040606325496,2.0929488416457036,-0.25003678569370963,-0.36574378429007814,-0.22142191226224497,-0.21281801761191593,-0.30406892650783934,-0.3161301904667359,-0.46090970262014525,-0.42073377948412544,-0.6078649035816317,-0.3968248374064968,-0.5398842682006441,-0.48082634670641267,0.018328424655156734,-0.45684383259653066,-0.22573606182555125,-0.13342314006650086,0.11017828939340944,0.2675274168024297,0.25588177174245996,0.2838015716770458,0.24683689739343864,0.230084860620132,0.20587209275372664,-0.20805568738025593,0.040042093980964144,0.1821247736694815,-0.07309198892659415,-0.09568661901655467,-0.12024270352754075,-0.15326905600720736,-0.18331002885621797,0.006781204846740356,-0.012907202423361373,0.07028048963409152,-0.025537111899899673,0.12218905447068622,-0.29668857981000646,0.3851888081254436,0.03237977371210543,-0.0033275099097715274,-0.009396292243381779,0.5545795199078721,0.9462251988947118,1.1309810320249853,1.867164313233699,-0.099123323096835,1.9713742770422544,0.4500786192838741,-0.197146778583068,-0.34474393825833566,-0.3932234797326804,-0.2005786859412813,-0.16941395329228623,-0.16852193973189092,-0.27193487212052814,-0.31158137993804774,-0.030020498954686958,-0.25560683890514213,-0.12042507106153863,-0.05123611687032229,-0.07628393495841682,0.06334222559127364,0.030903381327828376,,,,,-0.11554692702840284,-0.015386728528495814,-0.07659235446049731,-0.1818506602429959
outcome_death_rate_100k_ge_2__intervention_partial_cov_ge_30__lag_0w__contiguity,death_rate_100k_ge_2,death_rate_100k >= 2,partial_cov_ge_30,partial_cov >= 30,0w,contiguity,acs_2021,True,1.0,2021-01-04,2022-05-15,71,71,0,70,3213,3135,78,completed,not_run,False,0.3763146663072534,0.2823877876509455,71,3135,death_rate_100k >= 2,0.6838241570635937,0.0151424014581909,71,3135,partial_cov >= 30,-0.1419163716215777,0.24135131075802607,0.9657825166920686,-1.1440215988236602,-0.12045635655832164,-0.3451738823604458,0.011536990809549483,-0.5842651508712974,0.28886260455486995,1.5340271121867326,2.118746497640921,0.0594801096257239,0.042680524924212294,-0.21660898366933853,-0.21718814956241037,-0.16760976072091527,-0.1337335630794911,-0.1777057358229016,-0.17506449324963771,-0.15907729550440527,-0.17755938391188564,-0.18021662972186409,-0.10449180985968567,0.031094400529214132,-0.2457761854560963,-0.20047883048592738,-0.30620386823619755,-0.29887190513816625,-0.31267712797387565,-0.365895753678114,-0.27373719228120375,-0.2642108105159334,-0.22187318719318652,-0.10926713234506971,0.024673676667031203,-0.036008460338533214,0.026454811976334692,0.0746582482307297,0.08944199666743212,0.11988615970970792,0.22655023242722955,0.2254631845387141,0.2327689685845955,0.18859671086305968,0.18200474578370204,-0.043293187230644674,0.21861703231510132,0.19801972648355842,0.13128581840872516,0.1325680840376893,0.15336425683607097,-0.006273072164549189,0.24062414882586233,0.16195936433520378,0.15359530937521446,0.11211200659779808,-0.14625380063667037,0.1413990186488402,0.22016014946714801,0.20972753403370262,0.24285588029085053,0.30689204874565146,0.34831691978448776,0.33818560767446226,0.3081253591977946,0.23937416960883393,0.19760960284618526,-0.07104518727768132,0.11811081748271067,0.11689322380883126,0.03771562627543453,-0.012981748580352219,-0.08453276914576549,-0.06155610567540603,-0.1492579988186676,-0.1394465571575292,-0.02695612334704519,-0.2262987554454159,-0.12176077320513358,-0.1839465691204739,-0.23340656905767024,-0.26820240626001285
outcome_death_rate_100k_ge_2__intervention_partial_cov_ge_30__lag_1w__contiguity,death_rate_100k_ge_2,death_rate_100k >= 2,partial_cov_ge_30,partial_cov >= 30,1w,contiguity,acs_2021,True,1.0,2021-01-11,2022-05-15,71,70,1,69,3213,3135,78,completed,not_run,False,0.3722488038277512,0.2827728081732658,70,3135,death_rate_100k >= 2,0.6794167236272499,0.0153618565517879,70,3135,partial_cov >= 30,-0.14322762227824049,0.24143235154383585,0.9542457327478588,-1.1409484386359519,-0.1268690447917407,-0.34657489155839644,0.014797726719481348,-0.5725411266633312,0.28969435790916853,1.545854415134929,2.1049616916086555,0.04294831555671056,0.0310087662033338,-0.2396306426539235,-0.19191411537999156,-0.15024379458196896,-0.18375460021453024,-0.1761508585537252,-0.1598651906815085,-0.17728769694203034,-0.18183210713734574,-0.10389712254716722,-0.24168270250875837,0.024957107639662766,-0.1960759715932036,-0.29924975622969896,-0.29179398069254125,-0.3079069508974274,-0.36051919113251696,-0.26976774961851663,-0.2602704628760957,-0.21853992209291817,-0.1114512812478068,-0.03566412551353382,-0.0428721047298014,0.02823504084851496,0.07736982534638048,0.09186326262735559,0.12250523232725583,0.22579724707159027,0.2195394787823838,0.23553661439278523,0.1907788286948005,0.1851376127305309,0.19701177431478165,-0.1447325388692343,0.20008793619876372,0.135551469928474,0.13663705905095358,0.15627064251015926,-0.001251343108725324,0.24317997809816524,0.16551031575350833,0.15859099989720224,0.1167685742634059,0.1458004510854512,-0.07090498366142915,0.22403477101658928,0.21320128050666873,0.23693633213906348,0.31005202070624927,0.35124837368977924,0.34144694299816014,0.31102280113132647,0.24279882859612525,0.20144560582530402,0.12280175591291394,-0.12129548714759152,0.12036399608482722,0.04337686951559251,-0.006999098335469127,-0.07677842329554904,-0.053903099788268544,-0.1406328283626749,-0.13055908746164874,-0.019179596972077457,-0.2165425025350881,,-0.18685777594454928,-0.24268725382020448,-0.23712176431724877,-0.24153914702364326
outcome_death_rate_100k_ge_2__intervention_partial_cov_ge_30__lag_2w__contiguity,death_rate_100k_ge_2,death_rate_100k >= 2,partial_cov_ge_30,partial_cov >= 30,2w,contiguity,acs_2021,True,1.0,2021-01-18,2022-05-15,71,69,2,68,3213,3136,77,completed,not_run,False,0.3680678793256433,0.2829944477791116,69,3136,death_rate_100k >= 2,0.6748095977521443,0.0156531362545018,69,3136,partial_cov >= 30,-0.1430543192104404,0.24150350330028114,0.94493039294976,-1.1424566536267813,-0.13264281284596882,-0.348358224809799,0.016754430996029093,-0.5702303617473885,0.2903334865826103,1.5606627253762553,2.0965605369036284,0.03272874250005543,0.026410996551072572,-0.21368005419301114,-0.17460712837556977,-0.19816304232730592,-0.18152003269933895,-0.16047233779397277,-0.17704619914516123,-0.18063936731090124,-0.10490568147960892,-0.23986453103134278,-0.19189342789708633,-0.04072671754865884,-0.2930077800049329,-0.2844257372063023,-0.30032396859806,-0.3543596721028359,-0.26443407069824243,-0.2558823121213923,-0.21472008474404067,-0.10929372562526805,-0.038550633879150274,0.02790473333023191,-0.14194799076449266,0.07797294452651184,0.09326591631651897,0.1236273516692122,0.2273961544089338,0.2181993092950894,0.2288513131235685,0.19269955409977055,0.1865252004608484,0.1993500353440712,0.17695509932129957,-0.06806675307048242,0.136707150399247,0.13941437016357014,0.1588314120412417,0.0016374521303663097,0.245782121223404,0.16692744853714495,0.1610674520645047,0.12137480137063708,0.1493013325828371,0.22649613645808817,-0.1189554261860774,0.21563961221977065,0.23926266945296593,0.3031193773982741,0.3537686731886827,0.3427390960739323,0.31297384375549203,0.24468803280581689,0.2039059576948015,0.12617937090371603,0.12375358325863522,-0.18418402398959086,0.04617621520035587,-0.0018780409488938295,-0.07085115993363568,-0.046393323612089636,-0.13259664245922084,-0.12232910096058465,-0.012957229947484012,-0.20739612107749839,,,-0.24220193696705045,-0.24413583597225083,-0.2592233691991342,-0.23600169591503142
outcome_death_rate_100k_ge_2__intervention_partial_cov_ge_30__lag_3w__contiguity,death_rate_100k_ge_2,death_rate_100k >= 2,partial_cov_ge_30,partial_cov >= 30,3w,contiguity,acs_2021,True,1.0,2021-01-25,2022-05-15,71,68,3,67,3213,3137,76,completed,not_run,False,0.3641123966322264,0.2833299235413624,68,3137,death_rate_100k >= 2,0.6701607005569202,0.0158959743837395,68,3137,partial_cov >= 30,-0.14153373101275848,0.2412741595337088,0.9315999845290293,-1.1411115861884258,-0.13985040464764747,-0.34916764430075803,0.023953450473512643,-0.5579907989939351,0.2909928255957412,1.5743540464518142,2.0933067473511016,0.03010402889797549,-0.037649696934173985,-0.19390359038998425,-0.22096042712114128,-0.19496909512652497,-0.16535211310369324,-0.176790636865824,-0.17992601856150278,-0.10463780382682639,-0.23905862665078875,-0.18929043118797076,-0.28634070926333266,-0.13737902049342293,-0.2781571078621911,-0.2924863621826792,-0.34418193242250705,-0.25906477435819114,-0.25083944651607554,-0.2108557544330224,-0.10589945376527898,-0.03805600857238108,0.023619886852693676,0.07662322935161901,-0.06399439889249943,0.09300493705928084,0.12410251869251059,0.22722150063725097,0.2180619865274,0.22772344523589455,0.1852384739895953,0.18776424719314458,0.20005292774595357,0.1784062360026029,0.11434968685780397,-0.11365000255165175,0.13990046046361213,0.1607318170925399,0.004663696357684791,0.24640423870994335,0.16862679342952833,0.16142825434062857,0.12316203381965596,0.15299931575174036,0.22807269726789559,0.21688713768379958,-0.1790551027955326,0.23981617689909032,0.30368435665532023,0.3449368077733917,0.3426716189634526,0.3130529164591937,0.24552180617314745,0.20536034784508403,0.12767248335694567,0.12575709353023332,0.04970042419359795,-0.23701498046744932,0.00013542504326479824,-0.06556374377307551,-0.04192571619454214,-0.1253110047539869,-0.11489631384499163,-0.0068128472734145405,-0.19826452044642504,,,,-0.24099261825673124,-0.264344017040956,-0.22983473092470727,-0.23958643648908337
outcome_death_rate_100k_ge_2__intervention_partial_cov_ge_30__lag_4w__contiguity,death_rate_100k_ge_2,death_rate_100k >= 2,partial_cov_ge_30,partial_cov >= 30,4w,contiguity,acs_2021,True,1.0,2021-02-01,2022-05-15,71,67,4,66,3213,3137,76,completed,not_run,False,0.360150157722703,0.2835318437804889,67,3137,death_rate_100k >= 2,0.6653519143206504,0.0161368224804629,67,3137,partial_cov >= 30,-0.14402233175345652,0.2416870662181003,0.920394802168434,-1.1385852153472094,-0.1449303114422722,-0.3521609235243593,0.025895174914207342,-0.5501442956991328,0.2918375054302436,1.5806266439412784,2.077361714247257,-0.03830801364169023,-0.13776488793992048,-0.24504995279181896,-0.2207647360487159,-0.18188081323147512,-0.18419447701771666,-0.18260945211330784,-0.10681181148549362,-0.23925310959975704,-0.191506044799013,-0.2857363425654997,-0.27497721133429354,-0.06423750300190346,-0.2884892513010738,-0.339099849317934,-0.25447057713574317,-0.24854630744973527,-0.2085938019167849,-0.10506936560424901,-0.03695062557787643,0.023912683135078567,0.07285169513410276,0.09245122639458651,-0.11389036243360151,0.12503771594607163,0.22951188839902262,0.22062748295176984,0.23072478132750587,0.18637219932654497,0.18379940420150356,0.20365688243083815,0.18193106401155187,0.11862139440656343,0.11974696984370152,-0.17889769789284404,0.163907170889005,0.009765620126083402,0.25081824010562775,0.17226143713728756,0.16624065837364238,0.12690900345332412,0.15768503404296239,0.23422739526648756,0.22177341356835367,0.24432105735808024,-0.23723866462036308,0.30817145885708075,0.34878524841400366,0.3385557947575481,0.3176271947838306,0.2501964928321249,0.2102635259689225,0.13314948130509893,0.13126694781174553,0.05564486278927955,0.006678634678162947,-0.24064057486399523,-0.060328916314564475,-0.034707681756562615,-0.11786683677251956,-0.10615145236258956,0.0008255019328801393,-0.18971755041326346,,,,,-0.26749439833236155,-0.24126679029785245,-0.21580450202585325,-0.20779312392581098
