unit_index,sample_mean,sample_std,q025,q500,q975,num_finite_samples
0,-0.45434782608695656,0.11268756680603856,-0.628695652173913,-0.4347826086956522,-0.2991304347826087,8
1,-0.5826086956521739,0.10288834405390636,-0.7473913043478261,-0.5565217391304348,-0.4413043478260869,8
2,-0.44130434782608696,0.07034212907549321,-0.5304347826086957,-0.4434782608695652,-0.31956521739130433,8
3,-0.5130434782608696,0.06622411396403398,-0.5969565217391304,-0.5217391304347827,-0.38913043478260867,8
4,-0.48478260869565215,0.10962644941846059,-0.6513043478260869,-0.49565217391304345,-0.3391304347826087,8
5,-0.49565217391304345,0.10930265295631769,-0.6369565217391304,-0.5217391304347826,-0.2969565217391304,8
6,-0.5434782608695652,0.045807190229794494,-0.5826086956521739,-0.5652173913043478,-0.46391304347826084,8
7,-0.48913043478260865,0.08107850521291964,-0.6113043478260869,-0.48695652173913045,-0.35739130434782607,8
8,-0.45434782608695656,0.07676714601308512,-0.5304347826086957,-0.4608695652173913,-0.3165217391304348,8
9,-0.5543478260869565,0.0752751725790469,-0.6891304347826087,-0.5478260869565217,-0.4782608695652174,8
10,-0.41956521739130437,0.12448381132365571,-0.5621739130434782,-0.4434782608695652,-0.23478260869565218,8
11,-0.3326086956521739,0.05139821920668213,-0.3882608695652174,-0.34782608695652173,-0.2408695652173913,8
12,-0.5217391304347827,0.06270523957328675,-0.5969565217391304,-0.5304347826086957,-0.42913043478260865,8
13,-0.5717391304347826,0.09075924237020916,-0.7186956521739131,-0.5391304347826087,-0.46391304347826084,8
14,-0.6282608695652173,0.09075924237020914,-0.798695652173913,-0.6086956521739131,-0.5221739130434783,8
15,-0.48913043478260876,0.11031403875100239,-0.6460869565217391,-0.4608695652173913,-0.3595652173913043,8
16,-0.5347826086956522,0.06608123545030722,-0.6430434782608696,-0.5304347826086957,-0.44652173913043475,8
17,-0.4673913043478261,0.05631232107386355,-0.5560869565217391,-0.46956521739130436,-0.38,8
18,-0.4652173913043478,0.06997163886709167,-0.5734782608695652,-0.4608695652173913,-0.3626086956521739,8
19,-0.5978260869565217,0.10044795697519932,-0.7678260869565217,-0.5565217391304347,-0.47304347826086957,8
20,-0.532608695652174,0.07502362576842346,-0.628695652173913,-0.5478260869565217,-0.42913043478260865,8
21,-0.5456521739130435,0.11517636677347483,-0.6952173913043479,-0.5826086956521739,-0.35130434782608694,8
22,-0.5630434782608695,0.1224937790172244,-0.7443478260869565,-0.5913043478260869,-0.37173913043478257,8
23,-0.4869565217391304,0.08385783270428655,-0.5621739130434782,-0.5217391304347827,-0.3143478260869565,8
24,-0.5108695652173912,0.098163668738049,-0.6143478260869565,-0.5478260869565217,-0.3421739130434782,8
25,-0.5652173913043478,0.034782608695652154,-0.6,-0.5739130434782609,-0.5130434782608696,8
26,-0.5630434782608695,0.09542958290281726,-0.6747826086956522,-0.5913043478260869,-0.37260869565217386,8
27,-0.4782608695652174,0.0903678682209849,-0.6082608695652174,-0.48695652173913045,-0.34826086956521735,8
28,-0.5456521739130435,0.0611407004801097,-0.6317391304347826,-0.5478260869565217,-0.4608695652173913,8
29,-0.4934782608695652,0.05248998464195492,-0.5621739130434782,-0.5130434782608696,-0.4117391304347826,8
30,-0.5195652173913043,0.09158858449104738,-0.6808695652173913,-0.48695652173913045,-0.4260869565217391,8
31,-0.49782608695652175,0.06590220170097444,-0.6165217391304347,-0.4956521739130435,-0.4260869565217391,8
32,-0.3739130434782609,0.054996133220319654,-0.46608695652173915,-0.3652173913043478,-0.29304347826086957,8
33,-0.5195652173913043,0.08246555103648111,-0.628695652173913,-0.5304347826086957,-0.38608695652173913,8
34,-0.5847826086956521,0.08494966818513011,-0.7043478260869566,-0.5913043478260869,-0.4782608695652174,8
35,-0.5434782608695652,0.08374504471416616,-0.7117391304347825,-0.5304347826086957,-0.46391304347826084,8
36,-0.567391304347826,0.1291055458374021,-0.7156521739130435,-0.6260869565217391,-0.36565217391304344,8
37,-0.5152173913043478,0.061140700480109694,-0.5908695652173913,-0.5391304347826087,-0.4117391304347826,8
38,-0.5,0.08052286598892232,-0.6226086956521739,-0.4956521739130435,-0.38304347826086954,8
39,-0.558695652173913,0.07919132869603035,-0.6491304347826087,-0.5739130434782609,-0.4608695652173913,8
40,-0.5043478260869565,0.06791521457310133,-0.5969565217391304,-0.5043478260869565,-0.3973913043478261,8
41,-0.5695652173913044,0.13180440340194885,-0.7647826086956522,-0.5478260869565217,-0.3973913043478261,8
42,-0.5434782608695652,0.048997511606889754,-0.6256521739130435,-0.5478260869565217,-0.46695652173913044,8
43,-0.4456521739130435,0.06356605007484109,-0.5273913043478261,-0.4434782608695652,-0.34826086956521735,8
44,-0.567391304347826,0.06703975628308378,-0.6347826086956522,-0.6,-0.46695652173913044,8
45,-0.508695652173913,0.11495047014262857,-0.6839130434782609,-0.4782608695652174,-0.391304347826087,8
46,-0.5,0.09515682012277951,-0.6256521739130435,-0.5130434782608696,-0.3452173913043478,8
47,-0.5717391304347825,0.04072824781564171,-0.6173913043478261,-0.5826086956521739,-0.5017391304347826,8
48,-0.6,0.08994852550250958,-0.7473913043478261,-0.5739130434782609,-0.48434782608695653,8
49,-0.558695652173913,0.07676714601308511,-0.6491304347826087,-0.5739130434782609,-0.44652173913043475,8
50,-0.5673913043478261,0.0692588361829304,-0.6634782608695652,-0.5739130434782609,-0.4526086956521739,8
51,-0.5065217391304347,0.04596168372144776,-0.5795652173913043,-0.4956521739130435,-0.44652173913043475,8
52,-0.5152173913043478,0.05925657900190873,-0.5939130434782608,-0.5391304347826087,-0.42913043478260865,8
53,-0.48913043478260876,0.10753730613940553,-0.6778260869565218,-0.4521739130434783,-0.391304347826087,8
54,-0.5065217391304349,0.0864933315829468,-0.6256521739130435,-0.5043478260869565,-0.35739130434782607,8
55,-0.5934782608695652,0.12047087828258617,-0.7956521739130434,-0.5913043478260869,-0.4126086956521739,8
56,-0.541304347826087,0.04596168372144775,-0.6143478260869565,-0.5304347826086957,-0.48130434782608694,8
57,-0.5304347826086957,0.07223151185146151,-0.6256521739130435,-0.5565217391304347,-0.40347826086956523,8
58,-0.5434782608695652,0.08145649563128345,-0.6573913043478261,-0.5565217391304347,-0.39217391304347826,8
59,-0.44565217391304346,0.05731054924549595,-0.51,-0.4782608695652174,-0.3595652173913043,8
60,-0.5804347826086956,0.12031386175671052,-0.7534782608695652,-0.5739130434782609,-0.38913043478260867,8
61,-0.5282608695652175,0.049525155434323974,-0.6113043478260869,-0.5217391304347827,-0.46391304347826084,8
62,-0.44999999999999996,0.06503597957239825,-0.5273913043478261,-0.4434782608695652,-0.3369565217391304,8
63,-0.55,0.11418735640581651,-0.7034782608695652,-0.6,-0.3543478260869565,8
64,-0.5608695652173914,0.08374504471416619,-0.7095652173913044,-0.5391304347826087,-0.4526086956521739,8
65,-0.47391304347826085,0.045807190229794514,-0.5447826086956521,-0.46956521739130436,-0.40043478260869564,8
66,-0.576086956521739,0.03360788007334849,-0.6173913043478261,-0.5739130434782609,-0.5191304347826087,8
67,-0.5282608695652173,0.09096728675177251,-0.6778260869565218,-0.5043478260869565,-0.40347826086956523,8
68,-0.48695652173913045,0.09760845356801588,-0.6317391304347826,-0.46956521739130436,-0.33999999999999997,8
69,-0.49782608695652175,0.0799042432586483,-0.6430434782608696,-0.4782608695652174,-0.4260869565217391,8
70,-0.55,0.04554853660816729,-0.6143478260869565,-0.5478260869565217,-0.48434782608695653,8
71,-0.5304347826086957,0.03790346907426671,-0.5826086956521739,-0.5304347826086957,-0.46695652173913044,8
72,-0.4760869565217391,0.07400888926325738,-0.5969565217391304,-0.4434782608695652,-0.40869565217391307,8
73,-0.45,0.12689024476097815,-0.6573913043478261,-0.408695652173913,-0.2960869565217391,8
74,-0.5173913043478261,0.11329403670256855,-0.6347826086956522,-0.5478260869565217,-0.3,8
75,-0.4543478260869565,0.062061314885305204,-0.5704347826086956,-0.4260869565217391,-0.391304347826087,8
76,-0.5195652173913043,0.12417972827693673,-0.6982608695652174,-0.5217391304347826,-0.33391304347826084,8
77,-0.46304347826086956,0.051764699564307196,-0.538695652173913,-0.4782608695652174,-0.391304347826087,8
78,-0.5282608695652173,0.10910791383764874,-0.6634782608695652,-0.5652173913043478,-0.3626086956521739,8
79,-0.5239130434782608,0.05829168555561705,-0.6226086956521739,-0.5217391304347827,-0.4352173913043478,8
80,-0.5347826086956522,0.06997163886709165,-0.6143478260869565,-0.5304347826086957,-0.40652173913043477,8
81,-0.5065217391304349,0.12448381132365573,-0.6695652173913044,-0.5217391304347826,-0.3278260869565217,8
82,-0.49347826086956526,0.10841267512862332,-0.6513043478260869,-0.5043478260869565,-0.31956521739130433,8
83,-0.5934782608695652,0.06266754480608511,-0.6665217391304348,-0.6086956521739131,-0.49869565217391304,8
84,-0.5760869565217391,0.10101095787381689,-0.7186956521739131,-0.5652173913043478,-0.42086956521739133,8
85,-0.5152173913043478,0.07400888926325738,-0.6369565217391304,-0.5043478260869565,-0.4117391304347826,8
86,-0.4173913043478261,0.07679792057676389,-0.51,-0.4260869565217391,-0.27043478260869563,8
87,-0.5413043478260869,0.11631958453627605,-0.6604347826086957,-0.5913043478260869,-0.3421739130434782,8
88,-0.5108695652173914,0.06815832785474298,-0.6256521739130435,-0.5130434782608696,-0.42913043478260865,8
89,-0.5065217391304347,0.10997078147775424,-0.6143478260869565,-0.5739130434782609,-0.33391304347826084,8
90,-0.567391304347826,0.0803760067275485,-0.6952173913043479,-0.5565217391304347,-0.4413043478260869,8
91,-0.5217391304347826,0.07969696860792765,-0.6143478260869565,-0.5304347826086957,-0.37173913043478257,8
92,-0.3934782608695652,0.0692588361829304,-0.4721739130434783,-0.408695652173913,-0.2643478260869565,8
93,-0.5326086956521738,0.08928935990396891,-0.6317391304347826,-0.5391304347826087,-0.36652173913043473,8
94,-0.44347826086956527,0.07874247946206449,-0.5591304347826087,-0.4173913043478261,-0.3595652173913043,8
95,-0.4934782608695652,0.06925883618293037,-0.5795652173913043,-0.48695652173913045,-0.3943478260869565,8
96,-0.4173913043478261,0.08695652173913043,-0.5930434782608696,-0.3826086956521739,-0.3391304347826087,8
97,-0.5369565217391304,0.07527517257904688,-0.6573913043478261,-0.5391304347826087,-0.41782608695652174,8
98,-0.5282608695652173,0.0664734123974811,-0.6113043478260869,-0.5478260869565217,-0.40652173913043477,8
99,-0.5413043478260869,0.07219879089311136,-0.6347826086956522,-0.5304347826086957,-0.43217391304347824,8
100,-0.5695652173913044,0.08099102613129198,-0.6808695652173913,-0.5652173913043479,-0.4782608695652174,8
101,-0.4826086956521739,0.07365684498303224,-0.5826086956521739,-0.4782608695652174,-0.36565217391304344,8
102,-0.49782608695652175,0.11285519436884704,-0.6665217391304348,-0.4782608695652174,-0.3595652173913043,8
103,-0.38913043478260867,0.0692588361829304,-0.5039130434782609,-0.3826086956521739,-0.3073913043478261,8
104,-0.4826086956521739,0.051992438013484334,-0.5591304347826087,-0.48695652173913045,-0.4117391304347826,8
105,-0.4956521739130435,0.06846963368705922,-0.6278260869565218,-0.4956521739130435,-0.4117391304347826,8
106,-0.408695652173913,0.085199643227241,-0.5243478260869565,-0.3913043478260869,-0.29304347826086957,8
107,-0.5239130434782608,0.072720559494251,-0.6656521739130435,-0.5043478260869565,-0.44652173913043475,8
108,-0.5782608695652174,0.06942921488117962,-0.6521739130434783,-0.5913043478260869,-0.47,8
109,-0.5391304347826087,0.053603600025817176,-0.6143478260869565,-0.5391304347826087,-0.4608695652173913,8
110,-0.591304347826087,0.05360360002581719,-0.6778260869565218,-0.5826086956521739,-0.5304347826086957,8
111,-0.5260869565217391,0.11495047014262855,-0.7404347826086957,-0.5130434782608696,-0.391304347826087,8
112,-0.47391304347826085,0.07667474821107997,-0.5795652173913043,-0.4608695652173913,-0.3769565217391304,8
113,-0.5173913043478261,0.0694292148811796,-0.628695652173913,-0.5130434782608696,-0.4147826086956522,8
114,-0.4782608695652174,0.07429568474189156,-0.5478260869565217,-0.5043478260869565,-0.32869565217391306,8
115,-0.5956521739130435,0.07314175583156834,-0.7239130434782608,-0.5826086956521739,-0.5017391304347826,8
116,-0.41956521739130437,0.06843511408129214,-0.4926086956521739,-0.4434782608695652,-0.28782608695652173,8
117,-0.4782608695652174,0.09760845356801585,-0.6143478260869565,-0.46956521739130436,-0.33391304347826084,8
118,-0.47608695652173916,0.041189772438035684,-0.5530434782608695,-0.46956521739130436,-0.42913043478260865,8
119,-0.5369565217391303,0.049905392535865185,-0.5969565217391304,-0.5478260869565217,-0.44956521739130434,8
120,-0.558695652173913,0.0948334526573358,-0.7291304347826086,-0.5652173913043478,-0.44652173913043475,8
121,-0.4956521739130435,0.09445896079304535,-0.6226086956521739,-0.5043478260869565,-0.3226086956521739,8
122,-0.5478260869565217,0.07480282840906631,-0.6491304347826087,-0.5391304347826087,-0.42391304347826086,8
123,-0.5173913043478261,0.09151115295586602,-0.6143478260869565,-0.5652173913043478,-0.38,8
124,-0.5434782608695652,0.0694292148811796,-0.628695652173913,-0.5478260869565217,-0.40956521739130436,8
125,-0.5326086956521738,0.1052272722633126,-0.7004347826086957,-0.5391304347826087,-0.34913043478260863,8
126,-0.3043478260869565,0.06507230237867724,-0.41695652173913045,-0.28695652173913044,-0.23478260869565218,8
127,-0.4391304347826087,0.10279643841336425,-0.6021739130434782,-0.4173913043478261,-0.2991304347826087,8
128,-0.5347826086956522,0.06777590116573867,-0.64,-0.5391304347826087,-0.42086956521739133,8
129,-0.5978260869565217,0.061755968310181694,-0.6634782608695652,-0.6173913043478261,-0.48434782608695653,8
130,-0.5043478260869565,0.08430747578115354,-0.6460869565217391,-0.4782608695652174,-0.40869565217391307,8
131,-0.4760869565217391,0.09261481914843822,-0.6143478260869565,-0.4434782608695652,-0.3626086956521739,8
132,-0.43695652173913047,0.09758424211940626,-0.5960869565217392,-0.43478260869565216,-0.28478260869565214,8
133,-0.5152173913043478,0.0692588361829304,-0.6256521739130435,-0.5217391304347827,-0.42913043478260865,8
134,-0.5478260869565217,0.06679257172059658,-0.6143478260869565,-0.5565217391304347,-0.4156521739130435,8
135,-0.47608695652173916,0.08223600138859885,-0.6052173913043478,-0.48695652173913045,-0.3595652173913043,8
136,-0.5260869565217392,0.06492688923073076,-0.6,-0.5304347826086957,-0.41782608695652174,8
137,-0.45869565217391306,0.09777776584369138,-0.5795652173913043,-0.4608695652173913,-0.2795652173913043,8
138,-0.41086956521739126,0.07798865702022653,-0.51,-0.408695652173913,-0.3217391304347826,8
139,-0.5108695652173914,0.07502362576842347,-0.6430434782608696,-0.48695652173913045,-0.41782608695652174,8
140,-0.5521739130434782,0.06255432421712243,-0.6430434782608696,-0.5565217391304347,-0.4413043478260869,8
141,-0.576086956521739,0.06503597957239822,-0.6521739130434783,-0.5826086956521739,-0.46695652173913044,8
142,-0.4826086956521739,0.06888251964241243,-0.5765217391304347,-0.4956521739130435,-0.38,8
143,-0.5652173913043478,0.10542917959114904,-0.7352173913043478,-0.5826086956521739,-0.42913043478260865,8
144,-0.5217391304347827,0.07826086956521737,-0.6143478260869565,-0.5304347826086957,-0.4147826086956522,8
145,-0.49782608695652175,0.10082364022004547,-0.6717391304347826,-0.4608695652173913,-0.3943478260869565,8
146,-0.45434782608695656,0.07919132869603036,-0.5991304347826087,-0.4260869565217391,-0.3769565217391304,8
147,-0.39347826086956517,0.06871078534469177,-0.4865217391304348,-0.391304347826087,-0.27043478260869563,8
148,-0.5608695652173913,0.10425720702853739,-0.7465217391304347,-0.5565217391304347,-0.43217391304347824,8
149,-0.591304347826087,0.051444172026953186,-0.6634782608695652,-0.5826086956521739,-0.5078260869565218,8
150,-0.5326086956521738,0.05248998464195492,-0.6,-0.5130434782608696,-0.4526086956521739,8
151,-0.48260869565217396,0.06008815200471848,-0.5878260869565217,-0.46956521739130436,-0.40869565217391307,8
152,-0.4652173913043478,0.06194698629902177,-0.5591304347826087,-0.4608695652173913,-0.36565217391304344,8
153,-0.6152173913043478,0.0826944634852619,-0.6982608695652174,-0.6521739130434783,-0.4782608695652174,8
154,-0.4956521739130435,0.04518393411049244,-0.5478260869565217,-0.5130434782608696,-0.41782608695652174,8
155,-0.55,0.10450622036279925,-0.7495652173913043,-0.5217391304347827,-0.42086956521739133,8
156,-0.5565217391304348,0.08652064670492347,-0.7065217391304348,-0.5391304347826087,-0.44956521739130434,8
157,-0.5652173913043479,0.06956521739130435,-0.6747826086956522,-0.5652173913043478,-0.46695652173913044,8
158,-0.5413043478260869,0.08561464638050094,-0.6460869565217391,-0.5652173913043478,-0.38608695652173913,8
159,-0.5369565217391304,0.04513160759136236,-0.5969565217391304,-0.5391304347826087,-0.46391304347826084,8
160,-0.40652173913043477,0.06590220170097444,-0.5039130434782609,-0.4260869565217391,-0.2991304347826087,8
161,-0.567391304347826,0.07942967785410919,-0.6921739130434783,-0.5652173913043478,-0.43826086956521737,8
162,-0.5934782608695652,0.08382964993329933,-0.712608695652174,-0.5913043478260869,-0.44739130434782604,8
163,-0.5173913043478261,0.06434195037803798,-0.6113043478260869,-0.5130434782608696,-0.41782608695652174,8
164,-0.44130434782608696,0.06871078534469179,-0.5304347826086957,-0.4434782608695652,-0.33086956521739125,8
165,-0.4739130434782609,0.06721576014669699,-0.5878260869565217,-0.4608695652173913,-0.38,8
166,-0.5826086956521739,0.08203461853962264,-0.7095652173913044,-0.5913043478260869,-0.45565217391304347,8
167,-0.5478260869565217,0.09565217391304348,-0.6665217391304348,-0.5565217391304348,-0.4147826086956522,8
168,-0.49130434782608695,0.0832923654811653,-0.6082608695652174,-0.5043478260869565,-0.33999999999999997,8
169,-0.42608695652173917,0.0948583662142236,-0.5643478260869565,-0.4347826086956522,-0.25913043478260867,8
170,-0.48478260869565215,0.055636886487259674,-0.5621739130434782,-0.48695652173913045,-0.40043478260869564,8
171,-0.3869565217391304,0.06255432421712244,-0.48347826086956525,-0.4,-0.2817391304347826,8
172,-0.55,0.11218318128209276,-0.6891304347826087,-0.5739130434782609,-0.3317391304347826,8
173,-0.5282608695652173,0.08539356235392329,-0.6573913043478261,-0.5130434782608695,-0.42913043478260865,8
174,-0.45217391304347826,0.08739022279235556,-0.5734782608695652,-0.46956521739130436,-0.2991304347826087,8
175,-0.558695652173913,0.10788830603197876,-0.6747826086956522,-0.5913043478260869,-0.34391304347826085,8
176,-0.5043478260869565,0.07429568474189156,-0.6256521739130435,-0.5043478260869565,-0.40043478260869564,8
177,-0.4304347826086956,0.07957828355531794,-0.538695652173913,-0.4434782608695652,-0.28478260869565214,8
178,-0.5913043478260869,0.07728864710709206,-0.7208695652173913,-0.6,-0.49869565217391304,8
179,-0.4282608695652174,0.07942967785410919,-0.51,-0.45217391304347826,-0.27043478260869563,8
180,-0.5239130434782608,0.05212860351426867,-0.6082608695652174,-0.5130434782608696,-0.4608695652173913,8
181,-0.5869565217391304,0.1035293991286144,-0.7269565217391304,-0.6,-0.40652173913043477,8
182,-0.3913043478260869,0.09799502321377951,-0.5356521739130434,-0.4,-0.2408695652173913,8
183,-0.5152173913043478,0.04797407932763892,-0.6052173913043478,-0.48695652173913045,-0.4782608695652174,8
184,-0.6217391304347826,0.09192336744289555,-0.7956521739130434,-0.6260869565217391,-0.5047826086956522,8
185,-0.5108695652173912,0.06415806331901609,-0.5795652173913043,-0.5391304347826087,-0.3973913043478261,8
186,-0.5956521739130435,0.07765465695431198,-0.712608695652174,-0.5739130434782609,-0.48739130434782607,8
187,-0.6304347826086957,0.08329236548116528,-0.736086956521739,-0.6347826086956522,-0.49869565217391304,8
188,-0.4913043478260869,0.06997163886709164,-0.5939130434782608,-0.4782608695652174,-0.40869565217391307,8
189,-0.48478260869565215,0.07219879089311138,-0.5478260869565217,-0.5130434782608696,-0.33999999999999997,8
190,-0.45434782608695656,0.07627306431673406,-0.5704347826086956,-0.45217391304347826,-0.3452173913043478,8
191,-0.49130434782608695,0.08145649563128343,-0.5795652173913043,-0.5304347826086957,-0.3626086956521739,8
192,-0.5630434782608695,0.10194238337124654,-0.6491304347826087,-0.5913043478260869,-0.35,8
193,-0.5065217391304349,0.12387489878181196,-0.6521739130434783,-0.5391304347826087,-0.3421739130434782,8
194,-0.5347826086956522,0.06777590116573866,-0.6143478260869565,-0.5478260869565217,-0.42086956521739133,8
195,-0.5108695652173914,0.06114070048010971,-0.6339130434782608,-0.4956521739130435,-0.44652173913043475,8
196,-0.4652173913043478,0.07814000328526709,-0.5847826086956521,-0.4782608695652174,-0.33391304347826084,8
197,-0.4695652173913043,0.05070392952039392,-0.5447826086956521,-0.46956521739130436,-0.3973913043478261,8
198,-0.4891304347826087,0.054953150694628417,-0.5621739130434782,-0.5043478260869565,-0.40043478260869564,8
199,-0.5239130434782608,0.06618842325060142,-0.628695652173913,-0.5043478260869565,-0.43217391304347824,8
200,-0.5673913043478261,0.11550415503291504,-0.7504347826086957,-0.5565217391304348,-0.41782608695652174,8
201,-0.508695652173913,0.053426981423671756,-0.5939130434782608,-0.4956521739130435,-0.44652173913043475,8
202,-0.4934782608695652,0.07750236291293862,-0.5939130434782608,-0.5130434782608696,-0.3769565217391304,8
203,-0.5195652173913043,0.08692934357883567,-0.6604347826086957,-0.5304347826086957,-0.40043478260869564,8
204,-0.35,0.07323861099096964,-0.48043478260869565,-0.33043478260869563,-0.2726086956521739,8
205,-0.4717391304347826,0.05065730520752627,-0.567391304347826,-0.4608695652173913,-0.40043478260869564,8
206,-0.5521739130434783,0.07365684498303225,-0.6778260869565218,-0.5304347826086957,-0.4526086956521739,8
207,-0.5695652173913043,0.04412561550040094,-0.6317391304347826,-0.5652173913043478,-0.5017391304347826,8
208,-0.5869565217391304,0.07957828355531793,-0.7239130434782608,-0.5565217391304347,-0.49869565217391304,8
209,-0.5565217391304347,0.05833220810869017,-0.6317391304347826,-0.5565217391304347,-0.44739130434782604,8
210,-0.4478260869565217,0.09594815865527787,-0.5652173913043478,-0.4521739130434783,-0.3073913043478261,8
211,-0.48695652173913045,0.08295123490582136,-0.6256521739130435,-0.46956521739130436,-0.36869565217391304,8
212,-0.5217391304347826,0.06791521457310133,-0.6317391304347826,-0.4956521739130435,-0.4352173913043478,8
213,-0.6108695652173913,0.07919132869603036,-0.6839130434782609,-0.6521739130434783,-0.46695652173913044,8
214,-0.5108695652173914,0.08131132264897845,-0.6543478260869565,-0.48695652173913045,-0.39217391304347826,8
215,-0.49130434782608695,0.0355884903124889,-0.5591304347826087,-0.4782608695652174,-0.4608695652173913,8
216,-0.5391304347826087,0.07275304578557179,-0.668695652173913,-0.5304347826086957,-0.42695652173913046,8
217,-0.43043478260869567,0.05412999825212493,-0.51,-0.40869565217391307,-0.3595652173913043,8
218,-0.5021739130434782,0.09158858449104737,-0.6543478260869565,-0.48695652173913045,-0.391304347826087,8
219,-0.5130434782608695,0.06270523957328676,-0.6082608695652174,-0.5217391304347827,-0.4260869565217391,8
220,-0.5326086956521738,0.08177496901653925,-0.6143478260869565,-0.5652173913043478,-0.38608695652173913,8
221,-0.5413043478260869,0.06386274270247122,-0.628695652173913,-0.5565217391304347,-0.44652173913043475,8
222,-0.46521739130434786,0.04742918310711182,-0.5304347826086957,-0.4608695652173913,-0.40869565217391307,8
223,-0.5478260869565218,0.05961438782957429,-0.628695652173913,-0.5478260869565217,-0.4526086956521739,8
224,-0.44130434782608696,0.11999921234776158,-0.5447826086956521,-0.48695652173913045,-0.19043478260869562,8
225,-0.49782608695652175,0.059891205712851774,-0.5939130434782608,-0.48695652173913045,-0.4147826086956522,8
226,-0.47391304347826085,0.12103835571369613,-0.6769565217391305,-0.46956521739130436,-0.27652173913043476,8
227,-0.5195652173913043,0.09602201228416424,-0.6460869565217391,-0.5304347826086957,-0.35739130434782607,8
228,-0.5195652173913043,0.08427944336947882,-0.6430434782608696,-0.5130434782608695,-0.4260869565217391,8
229,-0.5326086956521738,0.0808450173121176,-0.6491304347826087,-0.5391304347826087,-0.4147826086956522,8
230,-0.5260869565217391,0.0906811026722357,-0.6604347826086957,-0.5304347826086957,-0.37478260869565216,8
231,-0.591304347826087,0.03367811605397756,-0.6460869565217391,-0.6,-0.5478260869565217,8
232,-0.55,0.06815832785474295,-0.6173913043478261,-0.5739130434782609,-0.42391304347826086,8
233,-0.46956521739130436,0.05567934119506824,-0.5560869565217391,-0.4782608695652174,-0.391304347826087,8
234,-0.44999999999999996,0.08107850521291962,-0.5939130434782608,-0.4260869565217391,-0.3626086956521739,8
235,-0.4565217391304348,0.03104968881975154,-0.4956521739130435,-0.45217391304347826,-0.4260869565217391,8
236,-0.5043478260869565,0.06507230237867723,-0.5969565217391304,-0.5130434782608696,-0.4117391304347826,8
237,-0.5630434782608696,0.13595214881525713,-0.7186956521739131,-0.5826086956521739,-0.35130434782608694,8
238,-0.4478260869565217,0.10279643841336426,-0.6308695652173913,-0.43478260869565216,-0.3247826086956521,8
239,-0.5130434782608695,0.07874247946206449,-0.64,-0.5130434782608696,-0.3973913043478261,8
240,-0.4891304347826087,0.07823067050194166,-0.6226086956521739,-0.4782608695652174,-0.3943478260869565,8
241,-0.5478260869565217,0.058976782461958845,-0.6491304347826087,-0.5304347826086957,-0.4956521739130435,8
242,-0.3934782608695652,0.11583101569354104,-0.5591304347826087,-0.3826086956521739,-0.21217391304347827,8
243,-0.5652173913043478,0.06209937763950304,-0.6491304347826087,-0.5565217391304347,-0.4782608695652174,8
244,-0.4521739130434783,0.07117698062497783,-0.5304347826086957,-0.4782608695652174,-0.33391304347826084,8
245,-0.5086956521739131,0.09233374165911,-0.6143478260869565,-0.5217391304347827,-0.3626086956521739,8
246,-0.43043478260869567,0.09712307784212469,-0.5878260869565217,-0.4260869565217391,-0.2817391304347826,8
247,-0.46956521739130436,0.07969696860792765,-0.6052173913043478,-0.45217391304347826,-0.3739130434782609,8
248,-0.5195652173913043,0.07007287591863562,-0.6143478260869565,-0.5130434782608696,-0.41782608695652174,8
249,-0.4739130434782609,0.07910176260287066,-0.5939130434782608,-0.4608695652173913,-0.3739130434782609,8
250,-0.43478260869565216,0.05567934119506823,-0.5469565217391303,-0.4173913043478261,-0.3769565217391304,8
251,-0.5826086956521739,0.0983800739042153,-0.7443478260869565,-0.5565217391304347,-0.46695652173913044,8
252,-0.5434782608695652,0.10056550874974242,-0.712608695652174,-0.5217391304347827,-0.42913043478260865,8
253,-0.55,0.0664734123974811,-0.6173913043478261,-0.5565217391304348,-0.44956521739130434,8
254,-0.5608695652173913,0.06721576014669697,-0.6491304347826087,-0.5739130434782609,-0.46391304347826084,8
255,-0.5956521739130434,0.07618006725189233,-0.6982608695652174,-0.5826086956521739,-0.4617391304347826,8
256,-0.49782608695652175,0.07602481934802481,-0.5795652173913043,-0.5391304347826087,-0.38,8
257,-0.5260869565217392,0.07667474821107999,-0.68,-0.4956521739130435,-0.4608695652173913,8
258,-0.4565217391304348,0.06008815200471849,-0.5417391304347826,-0.4608695652173913,-0.3769565217391304,8
259,-0.39565217391304347,0.05751633284923023,-0.4865217391304348,-0.4,-0.2991304347826087,8
260,-0.4695652173913043,0.1075592771900259,-0.6113043478260869,-0.46956521739130436,-0.30217391304347824,8
261,-0.5630434782608695,0.0670397562830838,-0.6460869565217391,-0.5826086956521739,-0.4413043478260869,8
262,-0.44130434782608696,0.12218474344692519,-0.5765217391304347,-0.4956521739130435,-0.22130434782608693,8
263,-0.5152173913043478,0.07990424325864828,-0.6347826086956522,-0.4956521739130435,-0.42913043478260865,8
264,-0.5195652173913043,0.08061085312060504,-0.6460869565217391,-0.5043478260869565,-0.4260869565217391,8
265,-0.5,0.08191932035398597,-0.662608695652174,-0.4782608695652174,-0.4147826086956522,8
266,-0.4978260869565217,0.10082364022004549,-0.6256521739130435,-0.5304347826086957,-0.3391304347826087,8
267,-0.5652173913043478,0.10895620944471014,-0.7352173913043478,-0.5739130434782609,-0.40869565217391307,8
268,-0.5152173913043478,0.09261481914843822,-0.6543478260869565,-0.5304347826086957,-0.3769565217391304,8
269,-0.5413043478260869,0.07219879089311136,-0.6430434782608696,-0.5565217391304347,-0.42913043478260865,8
270,-0.5152173913043478,0.04875578585218652,-0.6082608695652174,-0.5043478260869565,-0.46391304347826084,8
271,-0.5304347826086957,0.06846963368705922,-0.6113043478260869,-0.5391304347826087,-0.3952173913043478,8
272,-0.5065217391304347,0.045131607591362366,-0.5621739130434782,-0.5130434782608696,-0.43217391304347824,8
273,-0.5391304347826087,0.08952721861727828,-0.7034782608695652,-0.5043478260869565,-0.4352173913043478,8
274,-0.5,0.10389394039433496,-0.6521739130434783,-0.4608695652173913,-0.36565217391304344,8
275,-0.5478260869565218,0.07580693814853345,-0.6665217391304348,-0.5304347826086957,-0.44956521739130434,8
276,-0.5369565217391304,0.06788041302606954,-0.64,-0.5478260869565217,-0.42086956521739133,8
277,-0.5956521739130435,0.09355406431021746,-0.701304347826087,-0.6260869565217391,-0.4413043478260869,8
278,-0.55,0.06474466352971926,-0.6317391304347826,-0.5478260869565217,-0.4526086956521739,8
279,-0.5869565217391304,0.07765465695431197,-0.6695652173913044,-0.6173913043478261,-0.4526086956521739,8
280,-0.567391304347826,0.08843845916003473,-0.7208695652173913,-0.5739130434782609,-0.43826086956521737,8
281,-0.5782608695652174,0.05881630112377688,-0.6665217391304348,-0.5478260869565217,-0.5160869565217392,8
282,-0.4782608695652174,0.07922116155777652,-0.5621739130434782,-0.5130434782608696,-0.3369565217391304,8
283,-0.5847826086956522,0.10007086336072962,-0.7156521739130435,-0.5826086956521739,-0.43826086956521737,8
284,-0.5108695652173914,0.12031386175671054,-0.6808695652173913,-0.5130434782608695,-0.31956521739130433,8
285,-0.5478260869565217,0.05897678246195884,-0.6430434782608696,-0.5391304347826087,-0.46695652173913044,8
286,-0.5826086956521739,0.08016995180254685,-0.712608695652174,-0.5652173913043478,-0.48434782608695653,8
287,-0.47608695652173916,0.07451798478696785,-0.5795652173913043,-0.45217391304347826,-0.3769565217391304,8
288,-0.4152173913043478,0.08107850521291964,-0.5726086956521739,-0.4,-0.3247826086956521,8
289,-0.5239130434782608,0.09034171632687021,-0.6604347826086957,-0.5130434782608696,-0.4117391304347826,8
290,-0.5434782608695652,0.1020582138635261,-0.6952173913043479,-0.5391304347826087,-0.4117391304347826,8
291,-0.5391304347826087,0.05430433042085562,-0.6,-0.5478260869565217,-0.44956521739130434,8
292,-0.5173913043478261,0.09355406431021744,-0.6143478260869565,-0.5478260869565217,-0.3595652173913043,8
293,-0.5652173913043478,0.08825123100080191,-0.7065217391304348,-0.5565217391304348,-0.4608695652173913,8
294,-0.4695652173913043,0.09365504012407833,-0.6082608695652174,-0.4782608695652174,-0.3452173913043478,8
295,-0.38913043478260867,0.11484764297280252,-0.6052173913043478,-0.3391304347826087,-0.29,8
296,-0.5260869565217392,0.025722086013476565,-0.5652173913043478,-0.5217391304347827,-0.4956521739130435,8
297,-0.5847826086956522,0.06760135567594006,-0.6778260869565218,-0.5913043478260869,-0.48130434782608694,8
298,-0.5543478260869565,0.07774589018368551,-0.6634782608695652,-0.5565217391304347,-0.44652173913043475,8
299,-0.47391304347826085,0.14334644801595248,-0.6113043478260869,-0.5478260869565217,-0.20173913043478256,8
300,-0.45217391304347826,0.04682752006203917,-0.521304347826087,-0.4608695652173913,-0.3769565217391304,8
301,-0.4782608695652174,0.05070392952039392,-0.5817391304347825,-0.46956521739130436,-0.42913043478260865,8
302,-0.5478260869565217,0.08249419983047945,-0.6891304347826087,-0.5391304347826087,-0.42086956521739133,8
303,-0.5065217391304349,0.11099736879321516,-0.6491304347826087,-0.4956521739130435,-0.3143478260869565,8
304,-0.6391304347826087,0.08814406492484039,-0.7534782608695652,-0.6347826086956522,-0.5160869565217392,8
305,-0.48043478260869565,0.05391129029407497,-0.5560869565217391,-0.4956521739130435,-0.38304347826086954,8
306,-0.5021739130434782,0.07007287591863563,-0.6195652173913043,-0.5130434782608696,-0.4117391304347826,8
307,-0.5739130434782609,0.07117698062497783,-0.6778260869565218,-0.5739130434782609,-0.46391304347826084,8
308,-0.5217391304347826,0.07170618479335061,-0.64,-0.5043478260869565,-0.4434782608695652,8
309,-0.391304347826087,0.06622411396403399,-0.4895652173913044,-0.3826086956521739,-0.3073913043478261,8
310,-0.5847826086956522,0.11082693127418163,-0.7156521739130435,-0.5913043478260869,-0.39217391304347826,8
311,-0.491304347826087,0.09395731645641002,-0.6256521739130435,-0.48695652173913045,-0.3626086956521739,8
312,-0.558695652173913,0.10823816769134437,-0.7443478260869565,-0.5478260869565217,-0.43217391304347824,8
313,-0.6239130434782609,0.0864933315829468,-0.7647826086956522,-0.5913043478260869,-0.5191304347826087,8
314,-0.6304347826086957,0.09712307784212469,-0.7473913043478261,-0.6695652173913044,-0.458695652173913,8
315,-0.5152173913043478,0.0779886570202265,-0.6256521739130435,-0.5304347826086957,-0.3973913043478261,8
316,-0.4565217391304348,0.07416835699666079,-0.5273913043478261,-0.4782608695652174,-0.30826086956521737,8
317,-0.5,0.05881630112377687,-0.5908695652173913,-0.5043478260869565,-0.4117391304347826,8
318,-0.5369565217391304,0.08014047213550765,-0.68,-0.5391304347826087,-0.41782608695652174,8
319,-0.4782608695652174,0.06389973242043072,-0.5765217391304347,-0.4608695652173913,-0.3973913043478261,8
320,-0.5043478260869565,0.10434782608695653,-0.68,-0.5130434782608696,-0.3769565217391304,8
321,-0.47608695652173916,0.05597562256340753,-0.5447826086956521,-0.48695652173913045,-0.38,8
322,-0.4847826086956522,0.09950254340300703,-0.6339130434782608,-0.4956521739130435,-0.31130434782608696,8
323,-0.4913043478260869,0.07262301342821766,-0.5939130434782608,-0.48695652173913045,-0.38,8
324,-0.5413043478260869,0.10063597390524093,-0.6952173913043479,-0.5478260869565217,-0.3973913043478261,8
325,-0.5652173913043479,0.06679257172059659,-0.6634782608695652,-0.5565217391304347,-0.46695652173913044,8
326,-0.5021739130434782,0.09873969521022403,-0.6347826086956522,-0.5043478260869565,-0.36565217391304344,8
327,-0.4913043478260869,0.06550660510138852,-0.5795652173913043,-0.48695652173913045,-0.40869565217391307,8
328,-0.5434782608695652,0.06008815200471848,-0.64,-0.5565217391304347,-0.4608695652173913,8
329,-0.4739130434782609,0.10242799121208475,-0.6452173913043479,-0.48695652173913045,-0.30826086956521737,8
330,-0.5,0.13464228319306107,-0.6430434782608696,-0.5478260869565217,-0.23652173913043475,8
331,-0.45869565217391306,0.09342769107367087,-0.6165217391304347,-0.4434782608695652,-0.3278260869565217,8
332,-0.4652173913043478,0.08641133441022518,-0.6360869565217392,-0.45217391304347826,-0.3739130434782609,8
333,-0.4608695652173913,0.07223151185146151,-0.5734782608695652,-0.4608695652173913,-0.34826086956521735,8
334,-0.4869565217391304,0.09120076940610013,-0.6082608695652174,-0.48695652173913045,-0.33391304347826084,8
335,-0.5413043478260869,0.08427944336947882,-0.6634782608695652,-0.5130434782608696,-0.42086956521739133,8
336,-0.5891304347826087,0.053559499977195286,-0.6460869565217391,-0.6173913043478261,-0.48739130434782607,8
337,-0.5434782608695652,0.08641133441022517,-0.6634782608695652,-0.5565217391304347,-0.41782608695652174,8
338,-0.4695652173913043,0.05499613322031963,-0.5817391304347825,-0.4434782608695652,-0.4147826086956522,8
339,-0.5869565217391304,0.07518094115561122,-0.6778260869565218,-0.6260869565217391,-0.46695652173913044,8
340,-0.5304347826086956,0.08203461853962263,-0.6143478260869565,-0.5652173913043478,-0.37478260869565216,8
341,-0.45,0.09200045204129925,-0.5591304347826087,-0.46956521739130436,-0.27347826086956517,8
342,-0.4521739130434783,0.057021204559147824,-0.5530434782608695,-0.4434782608695652,-0.38,8
343,-0.46956521739130436,0.14420107784153913,-0.7434782608695651,-0.4,-0.3391304347826087,8
344,-0.5130434782608696,0.08203461853962263,-0.64,-0.5043478260869565,-0.40869565217391307,8
345,-0.4608695652173913,0.08385783270428657,-0.6021739130434782,-0.4260869565217391,-0.3769565217391304,8
346,-0.3326086956521739,0.07426387327190749,-0.4426086956521739,-0.3565217391304348,-0.2008695652173913,8
347,-0.43695652173913047,0.10893452014232652,-0.5991304347826087,-0.45217391304347826,-0.25608695652173913,8
348,-0.48478260869565215,0.06618842325060142,-0.5652173913043478,-0.4956521739130435,-0.36869565217391304,8
349,-0.5,0.09109707321633462,-0.6143478260869565,-0.4956521739130435,-0.35130434782608694,8
350,-0.5260869565217391,0.053426981423671756,-0.6113043478260869,-0.5130434782608696,-0.46391304347826084,8
351,-0.508695652173913,0.09634139046156669,-0.6604347826086957,-0.5130434782608696,-0.36565217391304344,8
352,-0.5543478260869565,0.06326796613415324,-0.6491304347826087,-0.5391304347826087,-0.45565217391304347,8
353,-0.55,0.059256579001908734,-0.6143478260869565,-0.5739130434782609,-0.43826086956521737,8
354,-0.5456521739130435,0.09013222800707774,-0.6747826086956522,-0.5652173913043478,-0.40347826086956523,8
355,-0.4956521739130434,0.1032551485829384,-0.6226086956521739,-0.5391304347826087,-0.31956521739130433,8
356,-0.5391304347826087,0.11404240911829568,-0.6982608695652174,-0.5478260869565217,-0.35130434782608694,8
357,-0.5173913043478261,0.08191932035398596,-0.6317391304347826,-0.5130434782608696,-0.38608695652173913,8
358,-0.591304347826087,0.08385783270428657,-0.701304347826087,-0.5913043478260869,-0.48130434782608694,8
359,-0.5869565217391304,0.01442010778415392,-0.6,-0.5913043478260869,-0.5652173913043478,8
360,-0.6326086956521739,0.072460144836952,-0.7330434782608696,-0.6347826086956522,-0.5334782608695653,8
361,-0.46304347826086956,0.06871078534469177,-0.5447826086956521,-0.46956521739130436,-0.3369565217391304,8
362,-0.5021739130434782,0.12837135992560544,-0.6430434782608696,-0.5304347826086957,-0.2539130434782608,8
363,-0.6195652173913044,0.0670397562830838,-0.701304347826087,-0.6347826086956522,-0.5160869565217392,8
364,-0.5804347826086956,0.09342769107367087,-0.6808695652173913,-0.5826086956521739,-0.3930434782608695,8
365,-0.5826086956521739,0.061487546190134565,-0.6521739130434783,-0.6,-0.47304347826086957,8
366,-0.6000000000000001,0.10791020561731178,-0.73,-0.6434782608695653,-0.4608695652173913,8
367,-0.5760869565217392,0.07577576112144944,-0.7239130434782608,-0.5565217391304347,-0.49869565217391304,8
368,-0.5434782608695652,0.07262301342821767,-0.6604347826086957,-0.4956521739130435,-0.4782608695652174,8
369,-0.5956521739130435,0.08857195124984071,-0.73,-0.5913043478260869,-0.45565217391304347,8
370,-0.5347826086956522,0.03961058077888824,-0.5939130434782608,-0.5391304347826087,-0.46695652173913044,8
371,-0.5630434782608695,0.08177496901653925,-0.7095652173913044,-0.5217391304347827,-0.47,8
372,-0.5,0.1001888575808949,-0.6491304347826087,-0.4956521739130435,-0.35130434782608694,8
373,-0.6260869565217391,0.05430433042085564,-0.6869565217391305,-0.6260869565217391,-0.5282608695652175,8
374,-0.46304347826086956,0.08714653153403237,-0.6134782608695653,-0.4608695652173913,-0.34826086956521735,8
375,-0.5043478260869565,0.07327086759283788,-0.6195652173913043,-0.5043478260869565,-0.3943478260869565,8
376,-0.5521739130434782,0.07957828355531794,-0.6808695652173913,-0.5391304347826087,-0.4352173913043478,8
377,-0.5847826086956521,0.09423355131170973,-0.7391304347826086,-0.5565217391304347,-0.48434782608695653,8
378,-0.4869565217391304,0.06622411396403399,-0.5591304347826087,-0.5043478260869565,-0.3604347826086956,8
379,-0.5,0.06997163886709165,-0.5795652173913043,-0.5304347826086957,-0.37173913043478257,8
380,-0.6413043478260869,0.09562746716488162,-0.7904347826086957,-0.6434782608695653,-0.4791304347826087,8
381,-0.6456521739130435,0.10432517870175502,-0.736086956521739,-0.6956521739130435,-0.4443478260869565,8
382,-0.5608695652173913,0.05342698142367175,-0.6173913043478261,-0.5826086956521739,-0.48130434782608694,8
383,-0.5804347826086957,0.06980258416522749,-0.6665217391304348,-0.5739130434782609,-0.47304347826086957,8
384,-0.6239130434782609,0.060206010539679264,-0.712608695652174,-0.6347826086956522,-0.5252173913043479,8
385,-0.5760869565217391,0.08107850521291964,-0.7269565217391304,-0.5478260869565217,-0.48434782608695653,8
386,-0.5978260869565217,0.08757929164558123,-0.7269565217391304,-0.6173913043478261,-0.48130434782608694,8
387,-0.5543478260869565,0.09835605239881408,-0.6982608695652174,-0.5304347826086957,-0.41782608695652174,8
388,-0.5239130434782608,0.05631232107386353,-0.5795652173913043,-0.5478260869565217,-0.40956521739130436,8
389,-0.4739130434782609,0.09435884527917698,-0.6308695652173913,-0.4782608695652174,-0.3595652173913043,8
390,-0.6239130434782609,0.06843511408129214,-0.6982608695652174,-0.6434782608695653,-0.4852173913043478,8
391,-0.5347826086956522,0.06777590116573867,-0.628695652173913,-0.5478260869565217,-0.44652173913043475,8
392,-0.5065217391304347,0.09950254340300703,-0.6830434782608696,-0.4956521739130435,-0.36565217391304344,8
393,-0.5869565217391304,0.1005655087497424,-0.7495652173913043,-0.6,-0.43217391304347824,8
394,-0.47173913043478255,0.07527517257904688,-0.5908695652173913,-0.4782608695652174,-0.3626086956521739,8
395,-0.6347826086956522,0.09120076940610014,-0.8047826086956522,-0.6086956521739131,-0.5108695652173914,8
396,-0.5847826086956521,0.028093147789826262,-0.6173913043478261,-0.5913043478260869,-0.5365217391304348,8
397,-0.5891304347826087,0.10396214957581167,-0.73,-0.5913043478260869,-0.42086956521739133,8
398,-0.4913043478260869,0.08145649563128346,-0.6195652173913043,-0.4956521739130435,-0.35739130434782607,8
399,-0.65,0.0765205039426002,-0.7617391304347826,-0.6695652173913044,-0.5508695652173913,8
400,-0.44565217391304346,0.07451798478696786,-0.5530434782608695,-0.4608695652173913,-0.3165217391304348,8
401,-0.4608695652173913,0.04995271866554806,-0.538695652173913,-0.4608695652173913,-0.391304347826087,8
402,-0.5434782608695652,0.09435884527917698,-0.7004347826086957,-0.5565217391304347,-0.40347826086956523,8
403,-0.47826086956521735,0.07580693814853345,-0.5939130434782608,-0.46956521739130436,-0.36565217391304344,8
404,-0.5695652173913044,0.11195124512681504,-0.7534782608695652,-0.5217391304347827,-0.44652173913043475,8
405,-0.5152173913043478,0.09503257823649737,-0.6778260869565218,-0.5043478260869565,-0.3943478260869565,8
406,-0.5130434782608696,0.15724470713065322,-0.7495652173913043,-0.5391304347826087,-0.29,8
407,-0.6065217391304348,0.0838296499332993,-0.7330434782608696,-0.6,-0.4956521739130435,8
408,-0.5499999999999999,0.037338182689820996,-0.6,-0.5478260869565217,-0.4956521739130435,8
409,-0.43695652173913047,0.06675718492514819,-0.5417391304347826,-0.4347826086956522,-0.3452173913043478,8
410,-0.5326086956521738,0.05597562256340752,-0.6,-0.5217391304347827,-0.43826086956521737,8
411,-0.5173913043478261,0.06721576014669696,-0.6143478260869565,-0.5043478260869565,-0.41782608695652174,8
412,-0.46304347826086956,0.05248998464195492,-0.5560869565217391,-0.45217391304347826,-0.3943478260869565,8
413,-0.4869565217391304,0.08782178207271371,-0.6,-0.4782608695652174,-0.34826086956521735,8
414,-0.608695652173913,0.10215078369104984,-0.7330434782608696,-0.6347826086956522,-0.44652173913043475,8
415,-0.6,0.051444172026953186,-0.6521739130434783,-0.6173913043478261,-0.5078260869565218,8
416,-0.5108695652173914,0.05248998464195492,-0.6082608695652174,-0.48695652173913045,-0.4608695652173913,8
417,-0.5652173913043479,0.06389973242043073,-0.6717391304347826,-0.5652173913043478,-0.47,8
418,-0.567391304347826,0.072460144836952,-0.6860869565217391,-0.5739130434782609,-0.4526086956521739,8
419,-0.49130434782608695,0.09828395265615057,-0.6430434782608696,-0.46956521739130436,-0.33999999999999997,8
420,-0.5304347826086957,0.10930265295631769,-0.6778260869565218,-0.5478260869565217,-0.391304347826087,8
421,-0.6282608695652174,0.11435278547684703,-0.7678260869565217,-0.6608695652173913,-0.46391304347826084,8
422,-0.6391304347826087,0.04821972394091051,-0.7269565217391304,-0.6260869565217391,-0.5856521739130435,8
423,-0.5108695652173914,0.11999921234776159,-0.6634782608695652,-0.5130434782608695,-0.3421739130434782,8
424,-0.5521739130434783,0.07957828355531794,-0.6717391304347826,-0.5739130434782609,-0.44652173913043475,8
425,-0.5608695652173913,0.11059215079979919,-0.701304347826087,-0.5565217391304347,-0.36652173913043473,8
426,-0.5326086956521738,0.07750236291293863,-0.6143478260869565,-0.5478260869565217,-0.3808695652173913,8
427,-0.5630434782608695,0.07701299819094935,-0.6808695652173913,-0.5565217391304348,-0.4782608695652174,8
428,-0.5847826086956522,0.05731054924549595,-0.6778260869565218,-0.5826086956521739,-0.49043478260869566,8
429,-0.6565217391304348,0.06777590116573867,-0.736086956521739,-0.6782608695652175,-0.5313043478260869,8
430,-0.5782608695652174,0.04412561550040095,-0.6317391304347826,-0.5826086956521739,-0.4934782608695652,8
431,-0.5173913043478261,0.05342698142367176,-0.6082608695652174,-0.5130434782608696,-0.4608695652173913,8
432,-0.5673913043478261,0.09854806049254902,-0.6839130434782609,-0.5826086956521739,-0.3808695652173913,8
433,-0.5239130434782608,0.0838296499332993,-0.6460869565217391,-0.5304347826086957,-0.38608695652173913,8
434,-0.6347826086956522,0.10215078369104982,-0.7913043478260869,-0.6086956521739131,-0.5160869565217392,8
435,-0.5891304347826087,0.08246555103648112,-0.6695652173913044,-0.6173913043478261,-0.43826086956521737,8
436,-0.5173913043478261,0.0694292148811796,-0.5969565217391304,-0.5304347826086957,-0.4147826086956522,8
437,-0.6304347826086957,0.056186295579652545,-0.6982608695652174,-0.6434782608695653,-0.5252173913043479,8
438,-0.5152173913043478,0.06703975628308381,-0.6565217391304348,-0.4956521739130435,-0.46391304347826084,8
439,-0.47173913043478255,0.09988178267530558,-0.6113043478260869,-0.4608695652173913,-0.3452173913043478,8
440,-0.5760869565217391,0.10718515683148738,-0.77,-0.5565217391304348,-0.4608695652173913,8
441,-0.5369565217391304,0.10432517870175502,-0.6521739130434783,-0.5565217391304347,-0.3543478260869565,8
442,-0.5847826086956522,0.05796648533031906,-0.6778260869565218,-0.5826086956521739,-0.5017391304347826,8
443,-0.49782608695652175,0.07552588159147917,-0.6339130434782608,-0.48695652173913045,-0.3973913043478261,8
444,-0.5478260869565217,0.0891039197039965,-0.7004347826086957,-0.5478260869565217,-0.42086956521739133,8
445,-0.4565217391304348,0.08145649563128345,-0.5939130434782608,-0.43478260869565216,-0.3595652173913043,8
446,-0.4282608695652174,0.07298004491997619,-0.51,-0.4608695652173913,-0.3134782608695652,8
447,-0.47608695652173916,0.09138195459558131,-0.5652173913043478,-0.5130434782608696,-0.3165217391304348,8
448,-0.55,0.06051917785684805,-0.628695652173913,-0.5739130434782609,-0.4608695652173913,8
449,-0.5065217391304347,0.11825367625181867,-0.7404347826086957,-0.46956521739130436,-0.38,8
450,-0.6391304347826087,0.10279643841336425,-0.7821739130434783,-0.6608695652173913,-0.49869565217391304,8
451,-0.6000000000000001,0.06679257172059659,-0.6982608695652174,-0.6086956521739131,-0.5017391304347826,8
452,-0.4847826086956522,0.054953150694628444,-0.5304347826086957,-0.4956521739130435,-0.37478260869565216,8
453,-0.5739130434782609,0.08994852550250956,-0.7239130434782608,-0.5739130434782609,-0.4352173913043478,8
454,-0.4543478260869565,0.09602201228416424,-0.5478260869565217,-0.48695652173913045,-0.278695652173913,8
455,-0.6152173913043477,0.08494966818513011,-0.7647826086956522,-0.5913043478260869,-0.5191304347826087,8
456,-0.45,0.06020601053967925,-0.538695652173913,-0.45217391304347826,-0.3595652173913043,8
457,-0.5043478260869565,0.12571158517218228,-0.6808695652173913,-0.5304347826086957,-0.31043478260869567,8
458,-0.5217391304347826,0.08994852550250956,-0.6317391304347826,-0.5391304347826087,-0.3943478260869565,8
459,-0.5304347826086956,0.1153608622732313,-0.6860869565217391,-0.5565217391304347,-0.3143478260869565,8
460,-0.5456521739130434,0.10378015880243488,-0.6778260869565218,-0.5391304347826087,-0.3521739130434782,8
461,-0.5,0.11723016315402401,-0.6317391304347826,-0.5043478260869565,-0.33391304347826084,8
462,-0.5478260869565217,0.024595018476053804,-0.5939130434782608,-0.5478260869565217,-0.5160869565217392,8
463,-0.5869565217391304,0.12503307690911655,-0.7413043478260869,-0.6173913043478261,-0.3408695652173913,8
464,-0.6326086956521739,0.0703421290754932,-0.7330434782608696,-0.6434782608695653,-0.5221739130434783,8
465,-0.5978260869565217,0.1469121363380257,-0.7821739130434783,-0.6260869565217391,-0.3595652173913043,8
466,-0.6586956521739131,0.03682842249151615,-0.6869565217391305,-0.6782608695652175,-0.588695652173913,8
467,-0.5260869565217391,0.09555330859059089,-0.708695652173913,-0.5130434782608696,-0.40347826086956523,8
468,-0.6000000000000001,0.054996133220319654,-0.6839130434782609,-0.5913043478260869,-0.5334782608695653,8
469,-0.5108695652173914,0.09542958290281725,-0.628695652173913,-0.5217391304347827,-0.33999999999999997,8
470,-0.6021739130434782,0.10082364022004547,-0.73,-0.6260869565217391,-0.46391304347826084,8
471,-0.6478260869565218,0.06375164477658773,-0.7534782608695652,-0.6347826086956522,-0.5682608695652174,8
472,-0.6021739130434782,0.057310549245495945,-0.6982608695652174,-0.5913043478260869,-0.5304347826086957,8
473,-0.6152173913043477,0.06760135567594006,-0.7269565217391304,-0.6173913043478261,-0.5334782608695653,8
474,-0.5239130434782608,0.08014047213550765,-0.6317391304347826,-0.5391304347826087,-0.40043478260869564,8
475,-0.5739130434782609,0.039848484303963816,-0.6460869565217391,-0.5652173913043478,-0.5304347826086957,8
476,-0.5173913043478261,0.03961058077888824,-0.5908695652173913,-0.5043478260869565,-0.46695652173913044,8
477,-0.4565217391304348,0.09673302374472603,-0.5447826086956521,-0.48695652173913045,-0.2652173913043478,8
478,-0.5739130434782609,0.05768043113661566,-0.6891304347826087,-0.5478260869565217,-0.5160869565217392,8
479,-0.5391304347826087,0.08110764393990273,-0.6604347826086957,-0.5130434782608696,-0.40956521739130436,8
480,-0.5847826086956521,0.07552588159147916,-0.6317391304347826,-0.6173913043478261,-0.42173913043478256,8
481,-0.5956521739130436,0.06721576014669699,-0.6952173913043479,-0.6086956521739131,-0.49869565217391304,8
482,-0.5347826086956522,0.05751633284923022,-0.6113043478260869,-0.5391304347826087,-0.43826086956521737,8
483,-0.55,0.0611407004801097,-0.6143478260869565,-0.5826086956521739,-0.43826086956521737,8
484,-0.5826086956521739,0.09202613255876838,-0.6808695652173913,-0.6347826086956522,-0.44652173913043475,8
485,-0.4956521739130435,0.11371040722280018,-0.6808695652173913,-0.46956521739130436,-0.3369565217391304,8
486,-0.45,0.056979749661222406,-0.5530434782608695,-0.45217391304347826,-0.391304347826087,8
487,-0.5434782608695652,0.05881630112377687,-0.6173913043478261,-0.5478260869565217,-0.4413043478260869,8
488,-0.5391304347826087,0.09078527399052652,-0.6830434782608696,-0.5565217391304348,-0.40043478260869564,8
489,-0.5826086956521739,0.10895620944471014,-0.73,-0.6,-0.3952173913043478,8
490,-0.5478260869565218,0.08110764393990273,-0.6747826086956522,-0.5478260869565217,-0.44652173913043475,8
491,-0.49347826086956514,0.06474466352971925,-0.5908695652173913,-0.48695652173913045,-0.3973913043478261,8
492,-0.4739130434782609,0.03450979970953816,-0.5273913043478261,-0.46956521739130436,-0.42913043478260865,8
493,-0.5195652173913043,0.06020601053967924,-0.5939130434782608,-0.5304347826086957,-0.4147826086956522,8
494,-0.41956521739130437,0.09075924237020913,-0.5960869565217392,-0.391304347826087,-0.3134782608695652,8
495,-0.591304347826087,0.07223151185146152,-0.6952173913043479,-0.5826086956521739,-0.47304347826086957,8
496,-0.5891304347826087,0.06843511408129214,-0.6665217391304348,-0.6086956521739131,-0.47,8
497,-0.5326086956521738,0.08269446348526188,-0.6317391304347826,-0.5391304347826087,-0.4117391304347826,8
498,-0.5195652173913043,0.06788041302606954,-0.628695652173913,-0.5130434782608696,-0.43217391304347824,8
499,-0.5478260869565217,0.061487546190134565,-0.6430434782608696,-0.5478260869565217,-0.4413043478260869,8
500,-0.5369565217391304,0.08154347536309153,-0.6747826086956522,-0.5217391304347826,-0.44652173913043475,8
501,-0.6565217391304348,0.0568552036114001,-0.7186956521739131,-0.6608695652173913,-0.548695652173913,8
502,-0.6195652173913043,0.11615695658602214,-0.736086956521739,-0.6608695652173913,-0.4013043478260869,8
503,-0.49782608695652175,0.12763295080944081,-0.6256521739130435,-0.5739130434782609,-0.27043478260869563,8
504,-0.5499999999999999,0.055296075399899565,-0.6,-0.5739130434782609,-0.4526086956521739,8
505,-0.4934782608695652,0.06474466352971926,-0.5969565217391304,-0.46956521739130436,-0.4260869565217391,8
506,-0.5739130434782609,0.09202613255876836,-0.6952173913043479,-0.6,-0.41782608695652174,8
507,-0.5565217391304348,0.08295123490582135,-0.6317391304347826,-0.5913043478260869,-0.4117391304347826,8
508,-0.591304347826087,0.08064016083039742,-0.6869565217391305,-0.6173913043478261,-0.46695652173913044,8
509,-0.5282608695652175,0.02371459155355587,-0.5621739130434782,-0.5304347826086957,-0.4956521739130435,8
510,-0.5478260869565217,0.11270853388535408,-0.7465217391304347,-0.5304347826086957,-0.39217391304347826,8
511,-0.4782608695652174,0.06024524548065659,-0.5621739130434782,-0.46956521739130436,-0.40869565217391307,8
512,-0.4565217391304348,0.07467636537964202,-0.5621739130434782,-0.4434782608695652,-0.34826086956521735,8
513,-0.4152173913043478,0.07375302371168424,-0.5243478260869565,-0.4173913043478261,-0.31043478260869567,8
514,-0.45217391304347826,0.08952721861727828,-0.5991304347826087,-0.45217391304347826,-0.3421739130434782,8
515,-0.49130434782608695,0.07210053892076956,-0.6278260869565218,-0.4956521739130435,-0.3973913043478261,8
516,-0.4304347826086956,0.0906811026722357,-0.5704347826086956,-0.4260869565217391,-0.27652173913043476,8
517,-0.48478260869565215,0.08605511049082386,-0.6256521739130435,-0.4434782608695652,-0.38304347826086954,8
518,-0.5021739130434782,0.06898535501140186,-0.5908695652173913,-0.5217391304347827,-0.37173913043478257,8
519,-0.43695652173913047,0.07061035551700745,-0.578695652173913,-0.4173913043478261,-0.3626086956521739,8
520,-0.5065217391304347,0.043423879033561236,-0.5652173913043478,-0.48695652173913045,-0.44956521739130434,8
521,-0.48695652173913045,0.10288834405390637,-0.628695652173913,-0.5130434782608696,-0.33086956521739125,8
522,-0.5282608695652173,0.07451798478696786,-0.6317391304347826,-0.48695652173913045,-0.4608695652173913,8
523,-0.5260869565217392,0.11851315800381748,-0.7065217391304348,-0.5217391304347826,-0.35130434782608694,8
524,-0.5347826086956522,0.07365684498303225,-0.668695652173913,-0.5217391304347827,-0.4352173913043478,8
525,-0.4,0.08952721861727828,-0.5591304347826087,-0.3739130434782609,-0.3217391304347826,8
526,-0.49782608695652175,0.061755968310181694,-0.6052173913043478,-0.48695652173913045,-0.4147826086956522,8
527,-0.567391304347826,0.07246014483695198,-0.6665217391304348,-0.5565217391304347,-0.46695652173913044,8
528,-0.45217391304347826,0.1169880351919453,-0.6256521739130435,-0.46956521739130436,-0.29,8
529,-0.5,0.09515682012277951,-0.64,-0.4956521739130435,-0.3769565217391304,8
530,-0.5217391304347826,0.09284415871331575,-0.6634782608695652,-0.5217391304347827,-0.37173913043478257,8
531,-0.5478260869565217,0.0983800739042153,-0.7352173913043478,-0.5217391304347826,-0.44652173913043475,8
532,-0.5369565217391304,0.05212860351426868,-0.6369565217391304,-0.5304347826086957,-0.48130434782608694,8
533,-0.5347826086956522,0.08419529013494384,-0.6317391304347826,-0.5391304347826087,-0.3778260869565217,8
534,-0.5739130434782609,0.06735623210795508,-0.6634782608695652,-0.5913043478260869,-0.46391304347826084,8
535,-0.5891304347826087,0.09758424211940628,-0.6952173913043479,-0.6,-0.3930434782608695,8
536,-0.42391304347826086,0.065325996527464,-0.4956521739130435,-0.4260869565217391,-0.30521739130434783,8
537,-0.5347826086956522,0.07157425057893184,-0.64,-0.5478260869565217,-0.42086956521739133,8
538,-0.5152173913043478,0.05597562256340754,-0.6278260869565218,-0.5043478260869565,-0.4526086956521739,8
539,-0.3978260869565218,0.08382964993329932,-0.5069565217391304,-0.40869565217391307,-0.238695652173913,8
540,-0.49347826086956526,0.10910791383764874,-0.6460869565217391,-0.5130434782608696,-0.3165217391304348,8
541,-0.5304347826086957,0.09485836621422361,-0.6830434782608696,-0.5304347826086957,-0.37478260869565216,8
542,-0.5782608695652174,0.06888251964241245,-0.6869565217391305,-0.5478260869565217,-0.49869565217391304,8
543,-0.39565217391304347,0.054129998252124924,-0.4752173913043478,-0.4,-0.31043478260869567,8
544,-0.508695652173913,0.06492688923073077,-0.5969565217391304,-0.5043478260869565,-0.40043478260869564,8
545,-0.5173913043478261,0.034509799709538116,-0.5621739130434782,-0.5217391304347827,-0.46391304347826084,8
546,-0.5413043478260869,0.04254431693648026,-0.6226086956521739,-0.5391304347826087,-0.4956521739130435,8
547,-0.46739130434782605,0.06898535501140188,-0.5847826086956521,-0.46956521739130436,-0.36565217391304344,8
548,-0.4326086956521739,0.09034171632687021,-0.5734782608695652,-0.4434782608695652,-0.3073913043478261,8
549,-0.532608695652174,0.08583516096695491,-0.6347826086956522,-0.5391304347826087,-0.40869565217391307,8
550,-0.4956521739130435,0.06791521457310133,-0.6113043478260869,-0.4782608695652174,-0.4117391304347826,8
551,-0.4847826086956522,0.10396214957581168,-0.6082608695652174,-0.5043478260869565,-0.28565217391304343,8
552,-0.44130434782608696,0.07652050394260018,-0.5417391304347826,-0.46956521739130436,-0.3247826086956521,8
553,-0.4543478260869565,0.04342387903356126,-0.51,-0.46956521739130436,-0.391304347826087,8
554,-0.5217391304347826,0.0882512310008019,-0.6430434782608696,-0.5304347826086957,-0.36869565217391304,8
555,-0.45434782608695656,0.05212860351426868,-0.5530434782608695,-0.4434782608695652,-0.3943478260869565,8
556,-0.5108695652173914,0.0670397562830838,-0.6173913043478261,-0.4956521739130435,-0.43217391304347824,8
557,-0.558695652173913,0.072720559494251,-0.6604347826086957,-0.5652173913043478,-0.4352173913043478,8
558,-0.5173913043478261,0.07568215298056177,-0.628695652173913,-0.5043478260869565,-0.4147826086956522,8
559,-0.46956521739130436,0.10065945132861065,-0.6113043478260869,-0.48695652173913045,-0.31043478260869567,8
560,-0.5521739130434783,0.11195124512681508,-0.701304347826087,-0.5391304347826087,-0.3973913043478261,8
561,-0.4565217391304348,0.03224434124824202,-0.51,-0.45217391304347826,-0.4117391304347826,8
562,-0.46956521739130436,0.08016995180254684,-0.5939130434782608,-0.4608695652173913,-0.34826086956521735,8
563,-0.508695652173913,0.07814000328526709,-0.6573913043478261,-0.4782608695652174,-0.4434782608695652,8
564,-0.5478260869565217,0.05768043113661563,-0.6317391304347826,-0.5391304347826087,-0.46695652173913044,8
565,-0.5608695652173913,0.09515682012277951,-0.6921739130434783,-0.5913043478260869,-0.4147826086956522,8
566,-0.5260869565217392,0.06255432421712243,-0.6482608695652174,-0.5217391304347827,-0.44956521739130434,8
567,-0.5347826086956522,0.13122946324162232,-0.7147826086956521,-0.5565217391304347,-0.28565217391304343,8
568,-0.5543478260869565,0.07219879089311136,-0.6521739130434783,-0.5565217391304347,-0.46391304347826084,8
569,-0.45869565217391306,0.046371150016742496,-0.5273913043478261,-0.4434782608695652,-0.3943478260869565,8
570,-0.49347826086956526,0.08269446348526188,-0.6143478260869565,-0.4782608695652174,-0.3943478260869565,8
571,-0.5304347826086956,0.12111641980160104,-0.7804347826086957,-0.4956521739130435,-0.42913043478260865,8
572,-0.541304347826087,0.03978914177765895,-0.5969565217391304,-0.5478260869565217,-0.48130434782608694,8
573,-0.48913043478260865,0.09523128745134568,-0.6317391304347826,-0.4434782608695652,-0.3769565217391304,8
574,-0.5413043478260869,0.09988178267530558,-0.7434782608695651,-0.5043478260869565,-0.4352173913043478,8
575,-0.5413043478260869,0.05829168555561705,-0.64,-0.5391304347826087,-0.46391304347826084,8
576,-0.5782608695652174,0.09673302374472605,-0.6982608695652174,-0.5913043478260869,-0.3982608695652174,8
577,-0.4739130434782609,0.11946636229594859,-0.6860869565217391,-0.4434782608695652,-0.3278260869565217,8
578,-0.49782608695652175,0.1141873564058165,-0.6460869565217391,-0.5217391304347827,-0.2969565217391304,8
579,-0.5478260869565217,0.06791521457310133,-0.668695652173913,-0.5478260869565217,-0.4782608695652174,8
580,-0.5260869565217392,0.07568215298056179,-0.6769565217391305,-0.5217391304347827,-0.44652173913043475,8
581,-0.6086956521739131,0.09284415871331574,-0.7330434782608696,-0.6173913043478261,-0.48130434782608694,8
582,-0.5782608695652174,0.07050989017489934,-0.7147826086956521,-0.5826086956521739,-0.49869565217391304,8
583,-0.46304347826086956,0.11184566060353529,-0.6052173913043478,-0.4956521739130435,-0.28695652173913044,8
584,-0.5891304347826087,0.061449104456967704,-0.6665217391304348,-0.6,-0.4760869565217391,8
585,-0.5065217391304347,0.07725806801702982,-0.5795652173913043,-0.5391304347826087,-0.35739130434782607,8
586,-0.491304347826087,0.05412999825212492,-0.5734782608695652,-0.4956521739130435,-0.4117391304347826,8
587,-0.4152173913043478,0.09075924237020913,-0.5530434782608695,-0.4434782608695652,-0.29,8
588,-0.558695652173913,0.07627306431673406,-0.6634782608695652,-0.5652173913043478,-0.44652173913043475,8
589,-0.49130434782608695,0.08052286598892232,-0.6452173913043479,-0.4782608695652174,-0.3943478260869565,8
590,-0.5086956521739131,0.12351193662036342,-0.6491304347826087,-0.5043478260869565,-0.2969565217391304,8
591,-0.4826086956521739,0.04976314409678085,-0.5591304347826087,-0.46956521739130436,-0.40347826086956523,8
592,-0.5652173913043478,0.06507230237867723,-0.6317391304347826,-0.5826086956521739,-0.43826086956521737,8
593,-0.5065217391304349,0.12047087828258617,-0.6921739130434783,-0.5043478260869565,-0.3226086956521739,8
594,-0.5782608695652174,0.06833145063261614,-0.6521739130434783,-0.5913043478260869,-0.46695652173913044,8
595,-0.5913043478260869,0.13443152029339395,-0.7678260869565217,-0.5826086956521739,-0.391304347826087,8
596,-0.5347826086956522,0.07862235356532662,-0.6460869565217391,-0.5130434782608696,-0.43217391304347824,8
597,-0.5108695652173914,0.03733818268982101,-0.5478260869565217,-0.5217391304347827,-0.43826086956521737,8
598,-0.5695652173913044,0.06942921488117962,-0.6491304347826087,-0.5913043478260869,-0.4608695652173913,8
599,-0.5434782608695652,0.07568215298056177,-0.64,-0.5652173913043478,-0.40347826086956523,8
600,-0.47173913043478266,0.13012644715632335,-0.6882608695652175,-0.4956521739130435,-0.25913043478260867,8
601,-0.5652173913043479,0.0434782608695652,-0.628695652173913,-0.5652173913043478,-0.49869565217391304,8
602,-0.45434782608695656,0.104325178701755,-0.5908695652173913,-0.48695652173913045,-0.2817391304347826,8
603,-0.5608695652173913,0.06777590116573867,-0.6460869565217391,-0.5652173913043478,-0.4413043478260869,8
604,-0.48913043478260876,0.07966731392090738,-0.6021739130434782,-0.5130434782608696,-0.3430434782608695,8
605,-0.4695652173913043,0.06148754619013457,-0.5591304347826087,-0.4608695652173913,-0.36869565217391304,8
606,-0.5369565217391304,0.06561473162081116,-0.64,-0.5478260869565217,-0.4434782608695652,8
607,-0.5239130434782608,0.11167651773079411,-0.6717391304347826,-0.5565217391304348,-0.3369565217391304,8
608,-0.47173913043478255,0.08517190445286837,-0.5765217391304347,-0.4782608695652174,-0.3226086956521739,8
609,-0.5260869565217391,0.07416835699666079,-0.6317391304347826,-0.5304347826086957,-0.41782608695652174,8
610,-0.5043478260869565,0.06679257172059658,-0.6082608695652174,-0.4956521739130435,-0.40347826086956523,8
611,-0.6391304347826087,0.07568215298056179,-0.7617391304347826,-0.6260869565217391,-0.5334782608695653,8
612,-0.5434782608695652,0.09789852390606696,-0.6347826086956522,-0.5826086956521739,-0.36565217391304344,8
613,-0.5108695652173914,0.07451798478696786,-0.6369565217391304,-0.5043478260869565,-0.42913043478260865,8
614,-0.48043478260869565,0.07451798478696786,-0.5765217391304347,-0.4956521739130435,-0.3543478260869565,8
615,-0.46739130434782605,0.0667571849251482,-0.5560869565217391,-0.48695652173913045,-0.34826086956521735,8
616,-0.45434782608695656,0.07167322400797625,-0.5704347826086956,-0.45217391304347826,-0.3369565217391304,8
617,-0.5717391304347825,0.09075924237020914,-0.6665217391304348,-0.6173913043478261,-0.42913043478260865,8
618,-0.5630434782608695,0.08450344228511658,-0.712608695652174,-0.5478260869565217,-0.4526086956521739,8
619,-0.47608695652173916,0.058615081577012014,-0.5560869565217391,-0.48695652173913045,-0.37173913043478257,8
620,-0.4673913043478261,0.06732114159653053,-0.5734782608695652,-0.4608695652173913,-0.3769565217391304,8
621,-0.45869565217391306,0.10007086336072961,-0.6165217391304347,-0.4608695652173913,-0.2991304347826087,8
622,-0.48913043478260876,0.04990539253586522,-0.5304347826086957,-0.5130434782608696,-0.3973913043478261,8
623,-0.5434782608695652,0.09673302374472603,-0.6952173913043479,-0.5391304347826087,-0.4117391304347826,8
624,-0.5695652173913044,0.07467636537964202,-0.6491304347826087,-0.5913043478260869,-0.43,8
625,-0.5608695652173913,0.1175522246486589,-0.7382608695652173,-0.5652173913043479,-0.38608695652173913,8
626,-0.4608695652173913,0.08203461853962264,-0.5560869565217391,-0.4782608695652174,-0.2969565217391304,8
627,-0.5413043478260869,0.03978914177765895,-0.6113043478260869,-0.5391304347826087,-0.4956521739130435,8
628,-0.48913043478260865,0.0549531506946284,-0.5478260869565217,-0.5043478260869565,-0.3943478260869565,8
629,-0.5543478260869565,0.07527517257904688,-0.6778260869565218,-0.5478260869565217,-0.44956521739130434,8
630,-0.5565217391304348,0.06270523957328676,-0.628695652173913,-0.5739130434782609,-0.43826086956521737,8
631,-0.48695652173913045,0.07630403815123585,-0.6082608695652174,-0.48695652173913045,-0.36869565217391304,8
632,-0.5543478260869565,0.08246555103648112,-0.7095652173913044,-0.5304347826086957,-0.4782608695652174,8
633,-0.5391304347826087,0.06209937763950304,-0.64,-0.5391304347826087,-0.44652173913043475,8
634,-0.43695652173913047,0.1010109578738169,-0.6278260869565218,-0.4173913043478261,-0.3247826086956521,8
635,-0.5521739130434783,0.08641133441022517,-0.6839130434782609,-0.5304347826086957,-0.42391304347826086,8
636,-0.49782608695652175,0.09931238070000364,-0.6113043478260869,-0.5391304347826087,-0.3278260869565217,8
637,-0.5282608695652173,0.06871078534469176,-0.6143478260869565,-0.5478260869565217,-0.4147826086956522,8
638,-0.5521739130434782,0.06255432421712243,-0.6656521739130435,-0.5478260869565217,-0.458695652173913,8
639,-0.44782608695652176,0.07568215298056179,-0.5447826086956521,-0.4521739130434783,-0.33086956521739125,8
640,-0.5347826086956522,0.07416835699666079,-0.6717391304347826,-0.5304347826086957,-0.4608695652173913,8
641,-0.5695652173913044,0.10279643841336426,-0.701304347826087,-0.5913043478260869,-0.4117391304347826,8
642,-0.44565217391304346,0.09503257823649737,-0.5734782608695652,-0.4521739130434783,-0.31043478260869567,8
643,-0.4717391304347826,0.072720559494251,-0.5591304347826087,-0.4956521739130435,-0.3452173913043478,8
644,-0.46304347826086956,0.09220569591499347,-0.6278260869565218,-0.46956521739130436,-0.3452173913043478,8
645,-0.5630434782608695,0.1345545054386416,-0.7639130434782608,-0.5652173913043478,-0.3152173913043478,8
646,-0.5521739130434782,0.09981078507173041,-0.6982608695652174,-0.5739130434782609,-0.4147826086956522,8
647,-0.4782608695652174,0.09078527399052651,-0.6113043478260869,-0.4608695652173913,-0.34826086956521735,8
648,-0.47608695652173916,0.09777776584369138,-0.6482608695652174,-0.4782608695652174,-0.3595652173913043,8
649,-0.5391304347826087,0.06507230237867724,-0.628695652173913,-0.5565217391304347,-0.43217391304347824,8
650,-0.4956521739130435,0.1093026529563177,-0.7004347826086957,-0.46956521739130436,-0.3769565217391304,8
651,-0.41956521739130437,0.07167322400797625,-0.4956521739130435,-0.4260869565217391,-0.28782608695652173,8
652,-0.5326086956521741,0.07750236291293863,-0.6604347826086957,-0.5130434782608696,-0.42086956521739133,8
653,-0.5130434782608696,0.08564224175474873,-0.6460869565217391,-0.5043478260869565,-0.38608695652173913,8
654,-0.48043478260869565,0.10082364022004547,-0.6,-0.48695652173913045,-0.2969565217391304,8
655,-0.508695652173913,0.09515682012277951,-0.6317391304347826,-0.5304347826086957,-0.3595652173913043,8
656,-0.5043478260869565,0.06209937763950303,-0.5908695652173913,-0.5130434782608696,-0.38913043478260867,8
657,-0.567391304347826,0.0617559683101817,-0.6717391304347826,-0.5739130434782609,-0.47,8
658,-0.5521739130434783,0.06550660510138853,-0.668695652173913,-0.5391304347826087,-0.45565217391304347,8
659,-0.4956521739130435,0.06791521457310132,-0.5939130434782608,-0.46956521739130436,-0.40043478260869564,8
660,-0.5260869565217392,0.0846431405823121,-0.6665217391304348,-0.4956521739130435,-0.42086956521739133,8
661,-0.47173913043478266,0.08779487176655944,-0.6052173913043478,-0.4956521739130435,-0.33391304347826084,8
662,-0.4,0.07275304578557178,-0.5491304347826087,-0.391304347826087,-0.3278260869565217,8
663,-0.5434782608695652,0.11059215079979917,-0.7095652173913044,-0.5217391304347826,-0.3973913043478261,8
664,-0.48260869565217396,0.09594815865527787,-0.628695652173913,-0.4782608695652174,-0.3739130434782609,8
665,-0.5021739130434782,0.04428597562492036,-0.5734782608695652,-0.5043478260869565,-0.4434782608695652,8
666,-0.43695652173913047,0.10576483526234906,-0.6021739130434782,-0.45217391304347826,-0.3073913043478261,8
667,-0.5804347826086956,0.07552588159147919,-0.7043478260869566,-0.5478260869565217,-0.49869565217391304,8
668,-0.4782608695652174,0.07969696860792766,-0.5908695652173913,-0.48695652173913045,-0.33999999999999997,8
669,-0.5739130434782609,0.08739022279235557,-0.7034782608695652,-0.5913043478260869,-0.43217391304347824,8
670,-0.5282608695652173,0.08757929164558124,-0.668695652173913,-0.5217391304347826,-0.39217391304347826,8
671,-0.4043478260869565,0.07716625804042979,-0.4895652173913044,-0.4173913043478261,-0.25608695652173913,8
672,-0.6152173913043478,0.07400888926325742,-0.7186956521739131,-0.6086956521739131,-0.5047826086956522,8
673,-0.4347826086956522,0.09565217391304348,-0.6134782608695653,-0.4,-0.3278260869565217,8
674,-0.5152173913043478,0.05597562256340752,-0.5795652173913043,-0.5304347826086957,-0.4147826086956522,8
675,-0.5326086956521738,0.12792882591134344,-0.6952173913043479,-0.5652173913043478,-0.2969565217391304,8
676,-0.5021739130434782,0.08561464638050094,-0.6317391304347826,-0.48695652173913045,-0.37173913043478257,8
677,-0.5695652173913044,0.06375164477658775,-0.6717391304347826,-0.5739130434782609,-0.458695652173913,8
678,-0.4108695652173913,0.09138195459558132,-0.5304347826086957,-0.4260869565217391,-0.29,8
679,-0.46304347826086956,0.11968373572609393,-0.6173913043478261,-0.4434782608695652,-0.2991304347826087,8
680,-0.5021739130434782,0.06788041302606952,-0.5795652173913043,-0.5304347826086957,-0.3943478260869565,8
681,-0.43478260869565216,0.05833220810869018,-0.51,-0.4434782608695652,-0.3452173913043478,8
682,-0.5239130434782608,0.06083073295492704,-0.6113043478260869,-0.5304347826086957,-0.4434782608695652,8
683,-0.4347826086956522,0.08110764393990275,-0.5304347826086957,-0.45217391304347826,-0.2960869565217391,8
684,-0.508695652173913,0.05342698142367175,-0.5652173913043478,-0.5130434782608696,-0.40652173913043477,8
685,-0.5065217391304349,0.10138455492487843,-0.6634782608695652,-0.46956521739130436,-0.38304347826086954,8
686,-0.5086956521739131,0.07518094115561122,-0.6143478260869565,-0.5130434782608696,-0.3973913043478261,8
687,-0.5152173913043478,0.09739033384609617,-0.6717391304347826,-0.5130434782608696,-0.3543478260869565,8
688,-0.5434782608695652,0.10168709185675218,-0.7065217391304348,-0.5304347826086957,-0.4117391304347826,8
689,-0.5195652173913043,0.08950082108799522,-0.668695652173913,-0.5304347826086957,-0.4117391304347826,8
690,-0.48043478260869565,0.07140899002459496,-0.5621739130434782,-0.4956521739130435,-0.3430434782608695,8
691,-0.5934782608695652,0.04836651187236303,-0.6665217391304348,-0.5739130434782609,-0.5334782608695653,8
692,-0.4826086956521739,0.1005655087497424,-0.6317391304347826,-0.4608695652173913,-0.34826086956521735,8
693,-0.5434782608695652,0.07157425057893187,-0.6747826086956522,-0.5217391304347827,-0.46391304347826084,8
694,-0.43695652173913047,0.09158858449104737,-0.5499999999999999,-0.46956521739130436,-0.25913043478260867,8
695,-0.5173913043478261,0.09435884527917698,-0.6717391304347826,-0.5217391304347826,-0.40869565217391307,8
696,-0.4673913043478261,0.028758166424615133,-0.5130434782608696,-0.45217391304347826,-0.4434782608695652,8
697,-0.5326086956521738,0.0867116116312136,-0.6604347826086957,-0.5565217391304347,-0.4117391304347826,8
698,-0.46304347826086956,0.10806337844901365,-0.6513043478260869,-0.4434782608695652,-0.3421739130434782,8
699,-0.5543478260869565,0.05763945036331674,-0.6,-0.5826086956521739,-0.44956521739130434,8
700,-0.5369565217391304,0.11696783523751832,-0.7043478260869566,-0.5217391304347827,-0.36565217391304344,8
701,-0.5652173913043478,0.06901959941907627,-0.6921739130434783,-0.5478260869565217,-0.4956521739130435,8
702,-0.5804347826086957,0.098548060492549,-0.7465217391304347,-0.5826086956521739,-0.4156521739130435,8
703,-0.5347826086956522,0.09905031086864798,-0.6665217391304348,-0.5304347826086957,-0.391304347826087,8
704,-0.4217391304347826,0.05816994852286806,-0.4956521739130435,-0.408695652173913,-0.3421739130434782,8
705,-0.5217391304347826,0.07064381221422573,-0.6430434782608696,-0.5130434782608696,-0.42086956521739133,8
706,-0.5413043478260869,0.07725806801702984,-0.6717391304347826,-0.5391304347826087,-0.4434782608695652,8
707,-0.4978260869565217,0.08627449927384534,-0.6256521739130435,-0.5043478260869565,-0.3769565217391304,8
708,-0.5543478260869565,0.09200045204129924,-0.6839130434782609,-0.5565217391304347,-0.40347826086956523,8
709,-0.5717391304347826,0.11402168732124658,-0.701304347826087,-0.5826086956521739,-0.3469565217391304,8
710,-0.5652173913043478,0.07064381221422575,-0.7004347826086957,-0.5565217391304347,-0.48130434782608694,8
711,-0.47608695652173916,0.07847193759904367,-0.5795652173913043,-0.48695652173913045,-0.3452173913043478,8
712,-0.5043478260869565,0.09990543733109615,-0.6665217391304348,-0.4782608695652174,-0.3943478260869565,8
713,-0.5217391304347826,0.06735623210795506,-0.6113043478260869,-0.5304347826086957,-0.40652173913043477,8
714,-0.4347826086956522,0.06901959941907626,-0.5530434782608695,-0.4260869565217391,-0.3421739130434782,8
715,-0.47173913043478266,0.102127649100403,-0.5795652173913043,-0.5043478260869565,-0.27652173913043476,8
716,-0.5652173913043479,0.060245245480656594,-0.6747826086956522,-0.5391304347826087,-0.49869565217391304,8
717,-0.48478260869565215,0.10063597390524093,-0.6543478260869565,-0.48695652173913045,-0.33391304347826084,8
718,-0.6173913043478261,0.08952721861727829,-0.7186956521739131,-0.6260869565217391,-0.4504347826086956,8
719,-0.5239130434782608,0.04596168372144775,-0.5939130434782608,-0.5217391304347827,-0.44956521739130434,8
720,-0.4217391304347826,0.09026321518272476,-0.538695652173913,-0.4434782608695652,-0.2643478260869565,8
721,-0.48043478260869565,0.09542958290281725,-0.6052173913043478,-0.4956521739130435,-0.2969565217391304,8
722,-0.5826086956521739,0.07969696860792766,-0.6665217391304348,-0.6,-0.4413043478260869,8
723,-0.5630434782608695,0.06980258416522749,-0.6491304347826087,-0.5652173913043478,-0.4413043478260869,8
724,-0.49565217391304345,0.11067758314224221,-0.6513043478260869,-0.5130434782608695,-0.2969565217391304,8
725,-0.5608695652173913,0.057516332849230224,-0.6491304347826087,-0.5478260869565217,-0.4956521739130435,8
726,-0.43478260869565216,0.06448868249648401,-0.5530434782608695,-0.4173913043478261,-0.34826086956521735,8
727,-0.6043478260869565,0.0881440649248404,-0.736086956521739,-0.5826086956521739,-0.48739130434782607,8
728,-0.5391304347826087,0.0834057656228299,-0.6747826086956522,-0.5391304347826087,-0.42913043478260865,8
729,-0.5543478260869565,0.11631958453627605,-0.6695652173913044,-0.5826086956521739,-0.3369565217391304,8
730,-0.5673913043478261,0.04385704565615653,-0.6317391304347826,-0.5565217391304348,-0.5160869565217392,8
731,-0.49347826086956526,0.0909672867517725,-0.628695652173913,-0.48695652173913045,-0.391304347826087,8
732,-0.4434782608695652,0.07480282840906631,-0.5417391304347826,-0.4608695652173913,-0.3134782608695652,8
733,-0.4608695652173913,0.08564224175474873,-0.6052173913043478,-0.4434782608695652,-0.3369565217391304,8
734,-0.39565217391304347,0.07957828355531793,-0.5295652173913044,-0.391304347826087,-0.278695652173913,8
735,-0.5130434782608695,0.07728864710709206,-0.6082608695652174,-0.5478260869565217,-0.37173913043478257,8
736,-0.41086956521739126,0.08131132264897846,-0.5069565217391304,-0.4434782608695652,-0.2756521739130435,8
737,-0.45217391304347826,0.08519964322724097,-0.5621739130434782,-0.4782608695652174,-0.3278260869565217,8
738,-0.3652173913043478,0.07010658911563956,-0.46608695652173915,-0.391304347826087,-0.2726086956521739,8
739,-0.4521739130434782,0.09760845356801585,-0.5652173913043478,-0.4608695652173913,-0.3247826086956521,8
740,-0.4260869565217391,0.023006533139692083,-0.4578260869565217,-0.4260869565217391,-0.391304347826087,8
741,-0.5413043478260869,0.05893670309446068,-0.628695652173913,-0.5391304347826087,-0.4413043478260869,8
742,-0.5260869565217392,0.06888251964241243,-0.6513043478260869,-0.5304347826086957,-0.44652173913043475,8
743,-0.49782608695652175,0.07298004491997617,-0.6452173913043479,-0.4782608695652174,-0.4147826086956522,8
744,-0.45,0.08154347536309153,-0.5447826086956521,-0.4521739130434783,-0.3565217391304348,8
745,-0.5152173913043478,0.1026814406836482,-0.6604347826086957,-0.5217391304347827,-0.3317391304347826,8
746,-0.5608695652173914,0.10852159977694509,-0.701304347826087,-0.5913043478260869,-0.3943478260869565,8
747,-0.5565217391304347,0.07580693814853345,-0.6347826086956522,-0.5826086956521739,-0.43217391304347824,8
748,-0.5608695652173913,0.07518094115561123,-0.7065217391304348,-0.5478260869565217,-0.48130434782608694,8
749,-0.5630434782608695,0.08714653153403237,-0.6778260869565218,-0.5913043478260869,-0.42913043478260865,8
750,-0.5652173913043479,0.09565217391304347,-0.7269565217391304,-0.5217391304347827,-0.46391304347826084,8
751,-0.5369565217391304,0.0777458901836855,-0.6604347826086957,-0.5304347826086957,-0.41782608695652174,8
752,-0.5217391304347826,0.07630403815123583,-0.6317391304347826,-0.5217391304347827,-0.40043478260869564,8
753,-0.6021739130434782,0.10194238337124657,-0.7217391304347827,-0.6,-0.4526086956521739,8
754,-0.5391304347826087,0.049190036952107635,-0.6113043478260869,-0.5391304347826087,-0.45565217391304347,8
755,-0.5108695652173912,0.1097987504276034,-0.6143478260869565,-0.5652173913043478,-0.3247826086956521,8
756,-0.5130434782608696,0.0358530923966753,-0.5734782608695652,-0.5130434782608696,-0.46391304347826084,8
757,-0.5739130434782609,0.07630403815123583,-0.701304347826087,-0.5391304347826087,-0.49869565217391304,8
758,-0.5978260869565217,0.08084501731211761,-0.7608695652173912,-0.5739130434782609,-0.5160869565217392,8
759,-0.5804347826086956,0.07451798478696786,-0.6695652173913044,-0.5913043478260869,-0.46695652173913044,8
760,-0.5804347826086956,0.07193648742510565,-0.6982608695652174,-0.5565217391304347,-0.4956521739130435,8
761,-0.4608695652173913,0.07275304578557179,-0.5847826086956521,-0.45217391304347826,-0.3595652173913043,8
762,-0.45,0.053559499977195314,-0.5273913043478261,-0.4434782608695652,-0.3739130434782609,8
763,-0.49782608695652175,0.06925883618293038,-0.5939130434782608,-0.5043478260869565,-0.3973913043478261,8
764,-0.5043478260869565,0.05217391304347825,-0.5652173913043478,-0.5217391304347827,-0.41782608695652174,8
765,-0.5478260869565217,0.07530655685082074,-0.6317391304347826,-0.5652173913043479,-0.43217391304347824,8
766,-0.55,0.07895225998841252,-0.6778260869565218,-0.5478260869565217,-0.44652173913043475,8
767,-0.5217391304347827,0.12927016302016092,-0.6921739130434783,-0.5304347826086957,-0.28565217391304343,8
768,-0.5130434782608695,0.05833220810869016,-0.5939130434782608,-0.5130434782608696,-0.42913043478260865,8
769,-0.46956521739130436,0.06270523957328676,-0.5734782608695652,-0.4608695652173913,-0.3943478260869565,8
770,-0.4891304347826087,0.10823816769134437,-0.6717391304347826,-0.46956521739130436,-0.3626086956521739,8
771,-0.5239130434782608,0.052848894700622664,-0.5939130434782608,-0.5304347826086957,-0.44956521739130434,8
772,-0.39565217391304347,0.06375164477658776,-0.4956521739130435,-0.3826086956521739,-0.3247826086956521,8
773,-0.4260869565217391,0.09525609695742018,-0.5847826086956521,-0.4,-0.31043478260869567,8
774,-0.5304347826086956,0.07378505542816147,-0.6143478260869565,-0.5478260869565217,-0.4147826086956522,8
775,-0.49782608695652175,0.04717942263958849,-0.5734782608695652,-0.5130434782608696,-0.4434782608695652,8
776,-0.4152173913043478,0.04836651187236303,-0.4865217391304348,-0.4173913043478261,-0.33086956521739125,8
777,-0.3934782608695652,0.11583101569354105,-0.538695652173913,-0.408695652173913,-0.19478260869565217,8
778,-0.5152173913043478,0.08360384575230177,-0.6,-0.5391304347826087,-0.36565217391304344,8
779,-0.49565217391304345,0.061487546190134544,-0.5795652173913043,-0.4956521739130435,-0.4117391304347826,8
780,-0.5434782608695652,0.07314175583156836,-0.6860869565217391,-0.5130434782608696,-0.4782608695652174,8
781,-0.5195652173913043,0.09075924237020916,-0.691304347826087,-0.5130434782608696,-0.4117391304347826,8
782,-0.5195652173913043,0.04757841006138974,-0.5939130434782608,-0.5217391304347827,-0.4608695652173913,8
783,-0.5347826086956522,0.07210053892076955,-0.6317391304347826,-0.5130434782608696,-0.42391304347826086,8
784,-0.3695652173913044,0.08237954487607138,-0.4947826086956522,-0.3826086956521739,-0.22956521739130434,8
785,-0.5304347826086957,0.10434782608695652,-0.6860869565217391,-0.5652173913043478,-0.38,8
786,-0.5021739130434782,0.07966731392090735,-0.6113043478260869,-0.48695652173913045,-0.38304347826086954,8
787,-0.4869565217391304,0.06901959941907627,-0.6165217391304347,-0.46956521739130436,-0.40043478260869564,8
788,-0.508695652173913,0.14439758178622275,-0.7239130434782608,-0.48695652173913045,-0.2795652173913043,8
789,-0.5304347826086957,0.06209937763950303,-0.6113043478260869,-0.5478260869565217,-0.42913043478260865,8
790,-0.37826086956521743,0.06665091181198214,-0.4895652173913044,-0.3652173913043478,-0.29,8
791,-0.49347826086956526,0.08886492798247694,-0.6513043478260869,-0.4608695652173913,-0.38304347826086954,8
792,-0.5326086956521738,0.08714653153403236,-0.6573913043478261,-0.5391304347826087,-0.3973913043478261,8
793,-0.5108695652173912,0.07750236291293863,-0.6317391304347826,-0.48695652173913045,-0.4117391304347826,8
794,-0.3978260869565217,0.08154347536309153,-0.51,-0.40869565217391307,-0.2726086956521739,8
795,-0.5282608695652173,0.09700135442314393,-0.6634782608695652,-0.5391304347826087,-0.38,8
796,-0.5739130434782609,0.057021204559147824,-0.6747826086956522,-0.5652173913043478,-0.5017391304347826,8
797,-0.5478260869565218,0.060245245480656594,-0.6460869565217391,-0.5304347826086957,-0.45565217391304347,8
798,-0.4956521739130435,0.09036786822098491,-0.6595652173913044,-0.48695652173913045,-0.38304347826086954,8
799,-0.5217391304347827,0.09990543733109615,-0.6521739130434783,-0.4782608695652174,-0.40043478260869564,8
800,-0.4869565217391304,0.0882512310008019,-0.6082608695652174,-0.48695652173913045,-0.3595652173913043,8
801,-0.5043478260869565,0.06330530338504796,-0.5652173913043478,-0.5304347826086957,-0.38913043478260867,8
802,-0.40652173913043477,0.08315039782132728,-0.538695652173913,-0.4,-0.3073913043478261,8
803,-0.5760869565217391,0.09912185317546084,-0.7639130434782608,-0.5565217391304347,-0.46695652173913044,8
804,-0.5391304347826087,0.09722034684781695,-0.7095652173913044,-0.5130434782608696,-0.40652173913043477,8
805,-0.5065217391304349,0.07774589018368551,-0.6226086956521739,-0.5217391304347827,-0.38304347826086954,8
806,-0.48913043478260876,0.08472684899958728,-0.6195652173913043,-0.4956521739130435,-0.3595652173913043,8
807,-0.4652173913043478,0.1005655087497424,-0.6226086956521739,-0.4434782608695652,-0.31956521739130433,8
808,-0.5391304347826087,0.07630403815123583,-0.6317391304347826,-0.5391304347826087,-0.44652173913043475,8
809,-0.5543478260869565,0.10788830603197876,-0.712608695652174,-0.5565217391304348,-0.3778260869565217,8
810,-0.5086956521739131,0.07104406364507908,-0.6195652173913043,-0.5217391304347827,-0.40869565217391307,8
811,-0.49130434782608695,0.07262301342821766,-0.5795652173913043,-0.5130434782608696,-0.3943478260869565,8
812,-0.4521739130434783,0.060245245480656615,-0.5273913043478261,-0.4434782608695652,-0.36565217391304344,8
813,-0.5260869565217392,0.07467636537964202,-0.6143478260869565,-0.5391304347826087,-0.40043478260869564,8
814,-0.45869565217391306,0.09138195459558131,-0.6113043478260869,-0.45217391304347826,-0.3452173913043478,8
815,-0.5,0.10747136603746325,-0.628695652173913,-0.5217391304347826,-0.33391304347826084,8
816,-0.4391304347826087,0.0710440636450791,-0.5130434782608696,-0.4434782608695652,-0.2969565217391304,8
817,-0.5369565217391304,0.09241048394274903,-0.7117391304347825,-0.5304347826086957,-0.42913043478260865,8
818,-0.4652173913043478,0.04237736671656073,-0.5273913043478261,-0.4608695652173913,-0.4117391304347826,8
819,-0.43478260869565216,0.08016995180254685,-0.5447826086956521,-0.4173913043478261,-0.3278260869565217,8
820,-0.4326086956521739,0.056312321073863573,-0.4956521739130435,-0.45217391304347826,-0.33391304347826084,8
821,-0.48043478260869565,0.10194238337124654,-0.6082608695652174,-0.5043478260869565,-0.3391304347826087,8
822,-0.48043478260869565,0.07246014483695198,-0.5652173913043478,-0.48695652173913045,-0.36869565217391304,8
823,-0.49782608695652175,0.12031386175671055,-0.6491304347826087,-0.5043478260869565,-0.2743478260869565,8
824,-0.5608695652173913,0.06833145063261613,-0.6808695652173913,-0.5304347826086957,-0.4956521739130435,8
825,-0.4869565217391304,0.08016995180254684,-0.6256521739130435,-0.45217391304347826,-0.40869565217391307,8
826,-0.5065217391304349,0.05212860351426867,-0.5795652173913043,-0.5043478260869565,-0.41782608695652174,8
827,-0.5413043478260869,0.08779487176655944,-0.6460869565217391,-0.5565217391304348,-0.3808695652173913,8
828,-0.491304347826087,0.07416835699666079,-0.6421739130434783,-0.4782608695652174,-0.4260869565217391,8
829,-0.5,0.08597269536210951,-0.6256521739130435,-0.5043478260869565,-0.38,8
830,-0.5543478260869565,0.053559499977195286,-0.628695652173913,-0.5565217391304348,-0.48130434782608694,8
831,-0.4717391304347826,0.08014047213550764,-0.5765217391304347,-0.4782608695652174,-0.3595652173913043,8
832,-0.5956521739130435,0.08942158174436143,-0.7413043478260869,-0.6,-0.46695652173913044,8
833,-0.47173913043478266,0.0886519500178421,-0.6226086956521739,-0.45217391304347826,-0.3626086956521739,8
834,-0.5152173913043478,0.10341521645448953,-0.6973913043478261,-0.5217391304347827,-0.36565217391304344,8
835,-0.5239130434782608,0.06675718492514819,-0.6226086956521739,-0.5391304347826087,-0.40652173913043477,8
836,-0.5326086956521738,0.08223600138859886,-0.6830434782608696,-0.5304347826086957,-0.41782608695652174,8
837,-0.5195652173913043,0.04757841006138974,-0.5826086956521739,-0.5217391304347827,-0.44956521739130434,8
838,-0.4478260869565217,0.1005655087497424,-0.5478260869565217,-0.46956521739130436,-0.28695652173913044,8
839,-0.46956521739130436,0.07117698062497782,-0.5560869565217391,-0.48695652173913045,-0.32869565217391306,8
840,-0.591304347826087,0.08994852550250958,-0.701304347826087,-0.6086956521739131,-0.4352173913043478,8
841,-0.5043478260869565,0.06791521457310133,-0.6113043478260869,-0.48695652173913045,-0.4260869565217391,8
842,-0.5478260869565218,0.08249419983047945,-0.6717391304347826,-0.5478260869565217,-0.40652173913043477,8
843,-0.48043478260869565,0.060519177856848065,-0.5591304347826087,-0.48695652173913045,-0.40869565217391307,8
844,-0.5021739130434782,0.06843511408129213,-0.6082608695652174,-0.5043478260869565,-0.4117391304347826,8
845,-0.5282608695652173,0.08627449927384535,-0.68,-0.5391304347826087,-0.4260869565217391,8
846,-0.5826086956521739,0.05567934119506823,-0.6634782608695652,-0.5913043478260869,-0.5017391304347826,8
847,-0.5347826086956522,0.09905031086864799,-0.6604347826086957,-0.5391304347826087,-0.34913043478260863,8
848,-0.5478260869565217,0.08157244799692921,-0.6778260869565218,-0.5391304347826087,-0.44652173913043475,8
849,-0.4608695652173913,0.07969696860792765,-0.5795652173913043,-0.45217391304347826,-0.34826086956521735,8
850,-0.5391304347826087,0.0983800739042153,-0.6921739130434783,-0.5304347826086957,-0.40043478260869564,8
851,-0.5413043478260869,0.08014047213550765,-0.6317391304347826,-0.5565217391304347,-0.39217391304347826,8
852,-0.47391304347826085,0.07667474821107999,-0.6082608695652174,-0.45217391304347826,-0.36869565217391304,8
853,-0.4434782608695652,0.05768043113661566,-0.5243478260869565,-0.4434782608695652,-0.3626086956521739,8
854,-0.4717391304347826,0.06503597957239822,-0.5560869565217391,-0.4782608695652174,-0.3460869565217391,8
855,-0.4304347826086956,0.03224434124824201,-0.4752173913043478,-0.43478260869565216,-0.3769565217391304,8
856,-0.4217391304347826,0.07618006725189232,-0.51,-0.4260869565217391,-0.2991304347826087,8
857,-0.5347826086956522,0.0885719512498407,-0.6317391304347826,-0.5739130434782609,-0.40043478260869564,8
858,-0.5326086956521738,0.04118977243803567,-0.5795652173913043,-0.5478260869565217,-0.46391304347826084,8
859,-0.45869565217391306,0.06236516646861326,-0.578695652173913,-0.4434782608695652,-0.38,8
860,-0.34347826086956523,0.08942158174436146,-0.4865217391304348,-0.3391304347826087,-0.21217391304347827,8
861,-0.4608695652173913,0.07728864710709206,-0.5765217391304347,-0.4608695652173913,-0.3739130434782609,8
862,-0.5695652173913044,0.10676547093746673,-0.7269565217391304,-0.5739130434782609,-0.38391304347826083,8
863,-0.5239130434782608,0.07527517257904687,-0.5969565217391304,-0.5478260869565217,-0.3943478260869565,8
864,-0.558695652173913,0.09322513757561551,-0.6747826086956522,-0.6,-0.38913043478260867,8
865,-0.39565217391304347,0.07518094115561123,-0.4782608695652174,-0.4173913043478261,-0.26739130434782604,8
866,-0.5,0.10641076739582972,-0.6634782608695652,-0.5043478260869565,-0.35130434782608694,8
867,-0.5543478260869565,0.04677703215510871,-0.6143478260869565,-0.5652173913043478,-0.48130434782608694,8
868,-0.5043478260869565,0.13358514344119318,-0.6695652173913044,-0.4782608695652174,-0.3278260869565217,8
869,-0.3760869565217392,0.09261481914843823,-0.4721739130434783,-0.40869565217391307,-0.19782608695652174,8
870,-0.2543478260869565,0.10665475280031374,-0.40260869565217394,-0.2434782608695652,-0.09043478260869564,8
871,-0.5413043478260869,0.08472684899958728,-0.64,-0.5565217391304347,-0.37260869565217386,8
872,-0.532608695652174,0.06114070048010968,-0.5826086956521739,-0.5652173913043478,-0.42086956521739133,8
873,-0.508695652173913,0.138244461700736,-0.7578260869565218,-0.4956521739130435,-0.3165217391304348,8
874,-0.5391304347826087,0.06330530338504797,-0.6173913043478261,-0.5391304347826087,-0.43826086956521737,8
875,-0.5826086956521739,0.02884021556830784,-0.6317391304347826,-0.5826086956521739,-0.5478260869565217,8
876,-0.4956521739130435,0.10028315299713735,-0.662608695652174,-0.5130434782608696,-0.3739130434782609,8
877,-0.4782608695652174,0.10103434816193262,-0.6739130434782609,-0.46956521739130436,-0.3769565217391304,8
878,-0.5413043478260869,0.06561473162081116,-0.6317391304347826,-0.5304347826086957,-0.44956521739130434,8
879,-0.4565217391304348,0.07416835699666079,-0.5847826086956521,-0.45217391304347826,-0.3626086956521739,8
880,-0.5434782608695652,0.0458071902297945,-0.6,-0.5391304347826087,-0.47,8
881,-0.6,0.09799502321377951,-0.73,-0.6260869565217391,-0.4608695652173913,8
882,-0.5608695652173913,0.06665091181198213,-0.6491304347826087,-0.5652173913043478,-0.46695652173913044,8
883,-0.508695652173913,0.09673302374472603,-0.6460869565217391,-0.4956521739130435,-0.36869565217391304,8
884,-0.6152173913043478,0.09700135442314393,-0.7617391304347826,-0.6173913043478261,-0.47,8
885,-0.5239130434782608,0.07375302371168423,-0.6256521739130435,-0.5304347826086957,-0.4117391304347826,8
886,-0.45869565217391306,0.050282754374871216,-0.5243478260869565,-0.4608695652173913,-0.36869565217391304,8
887,-0.5434782608695652,0.05482400092573256,-0.6,-0.5565217391304347,-0.4413043478260869,8
888,-0.3913043478260869,0.07874247946206447,-0.5439130434782609,-0.3739130434782609,-0.29304347826086957,8
889,-0.49782608695652175,0.09739033384609615,-0.5969565217391304,-0.5217391304347827,-0.30826086956521737,8
890,-0.5326086956521738,0.06474466352971925,-0.64,-0.5217391304347827,-0.42695652173913046,8
891,-0.5739130434782609,0.11033545687347407,-0.7526086956521739,-0.5739130434782609,-0.4117391304347826,8
892,-0.48478260869565215,0.08561464638050094,-0.6173913043478261,-0.4608695652173913,-0.38,8
893,-0.45869565217391306,0.047179422639588506,-0.51,-0.46956521739130436,-0.36869565217391304,8
894,-0.5065217391304349,0.10396214957581168,-0.6430434782608696,-0.5304347826086957,-0.3452173913043478,8
895,-0.5195652173913043,0.07527517257904688,-0.6173913043478261,-0.5043478260869565,-0.4117391304347826,8
896,-0.4739130434782609,0.060088152004718495,-0.5591304347826087,-0.46956521739130436,-0.37173913043478257,8
897,-0.41739130434782606,0.08016995180254685,-0.5356521739130434,-0.4434782608695652,-0.3217391304347826,8
898,-0.5152173913043478,0.07400888926325738,-0.64,-0.4956521739130435,-0.41782608695652174,8
899,-0.5347826086956522,0.06721576014669697,-0.628695652173913,-0.5391304347826087,-0.4126086956521739,8
900,-0.4608695652173913,0.07679792057676388,-0.5621739130434782,-0.45217391304347826,-0.34826086956521735,8
901,-0.48913043478260876,0.08736317955395705,-0.6339130434782608,-0.4956521739130435,-0.3739130434782609,8
902,-0.46304347826086956,0.12822401828746635,-0.6573913043478261,-0.48695652173913045,-0.3073913043478261,8
903,-0.5021739130434782,0.08292274401200284,-0.6082608695652174,-0.5217391304347827,-0.3430434782608695,8
904,-0.5,0.13180440340194885,-0.6543478260869565,-0.5739130434782609,-0.29304347826086957,8
905,-0.5065217391304347,0.09835605239881409,-0.6943478260869566,-0.48695652173913045,-0.37478260869565216,8
906,-0.49782608695652175,0.08223600138859886,-0.5621739130434782,-0.5217391304347827,-0.3234782608695652,8
907,-0.4891304347826087,0.11133746110697286,-0.6482608695652174,-0.4956521739130435,-0.28565217391304343,8
908,-0.48043478260869565,0.10771294905945648,-0.6143478260869565,-0.5043478260869565,-0.2960869565217391,8
909,-0.6065217391304347,0.06732114159653052,-0.7239130434782608,-0.6,-0.5078260869565218,8
910,-0.5065217391304347,0.07577576112144944,-0.5969565217391304,-0.5130434782608696,-0.3943478260869565,8
911,-0.45652173913043476,0.06071408714682148,-0.5591304347826087,-0.45217391304347826,-0.3769565217391304,8
912,-0.45434782608695656,0.05763945036331676,-0.5273913043478261,-0.45217391304347826,-0.35130434782608694,8
913,-0.41956521739130437,0.04596168372144777,-0.5039130434782609,-0.4173913043478261,-0.3739130434782609,8
914,-0.5282608695652173,0.08315039782132728,-0.6604347826086957,-0.5130434782608696,-0.41782608695652174,8
915,-0.43260869565217397,0.049141976328075286,-0.4956521739130435,-0.4347826086956522,-0.3626086956521739,8
916,-0.567391304347826,0.065325996527464,-0.6891304347826087,-0.5565217391304347,-0.48434782608695653,8
917,-0.4695652173913043,0.08952721861727828,-0.5447826086956521,-0.5130434782608696,-0.2991304347826087,8
918,-0.5195652173913043,0.11984157784641497,-0.6952173913043479,-0.5130434782608696,-0.32565217391304346,8
919,-0.4478260869565217,0.09192336744289552,-0.5652173913043478,-0.4260869565217391,-0.3421739130434782,8
920,-0.48043478260869565,0.09893095872158916,-0.6143478260869565,-0.4956521739130435,-0.33086956521739125,8
921,-0.5173913043478261,0.08329236548116528,-0.6,-0.5304347826086957,-0.3634782608695652,8
922,-0.5195652173913043,0.04757841006138975,-0.5795652173913043,-0.5304347826086957,-0.4352173913043478,8
923,-0.5565217391304347,0.06622411396403398,-0.6460869565217391,-0.5565217391304348,-0.46391304347826084,8
924,-0.3695652173913043,0.12890406156846604,-0.5069565217391304,-0.3913043478260869,-0.13217391304347823,8
925,-0.47391304347826085,0.10425720702853739,-0.6113043478260869,-0.4956521739130435,-0.3421739130434782,8
926,-0.4978260869565217,0.05597562256340753,-0.5765217391304347,-0.5130434782608696,-0.4260869565217391,8
927,-0.49130434782608695,0.07467636537964203,-0.6339130434782608,-0.4782608695652174,-0.3973913043478261,8
928,-0.5478260869565217,0.07064381221422573,-0.668695652173913,-0.5565217391304347,-0.43826086956521737,8
929,-0.4847826086956522,0.06732114159653053,-0.5878260869565217,-0.4956521739130435,-0.3943478260869565,8
930,-0.5282608695652173,0.062365166468613266,-0.6369565217391304,-0.5130434782608696,-0.43826086956521737,8
931,-0.5478260869565217,0.1358304291462027,-0.6839130434782609,-0.6,-0.3278260869565217,8
932,-0.5413043478260869,0.11501212231661999,-0.6808695652173913,-0.5739130434782609,-0.3769565217391304,8
933,-0.48043478260869565,0.09582494278493126,-0.6,-0.43478260869565216,-0.3626086956521739,8
934,-0.5195652173913043,0.05284889470062267,-0.5765217391304347,-0.5304347826086957,-0.4126086956521739,8
935,-0.46304347826086956,0.09931238070000366,-0.5878260869565217,-0.4956521739130435,-0.2795652173913043,8
936,-0.5065217391304349,0.08605511049082386,-0.6226086956521739,-0.5217391304347826,-0.35739130434782607,8
937,-0.55,0.09463390808556049,-0.7147826086956521,-0.5391304347826087,-0.3982608695652174,8
938,-0.5130434782608695,0.12779946484086144,-0.7178260869565217,-0.4956521739130435,-0.30826086956521737,8
939,-0.5304347826086957,0.06330530338504797,-0.6256521739130435,-0.5304347826086957,-0.42391304347826086,8
940,-0.5304347826086957,0.07378505542816147,-0.6143478260869565,-0.5478260869565217,-0.40043478260869564,8
941,-0.5434782608695652,0.10094075448907738,-0.6347826086956522,-0.5913043478260869,-0.3460869565217391,8
942,-0.47608695652173916,0.07602481934802484,-0.6021739130434782,-0.4608695652173913,-0.38,8
943,-0.45434782608695645,0.0936298063798175,-0.5908695652173913,-0.4608695652173913,-0.29086956521739127,8
944,-0.48478260869565215,0.06083073295492703,-0.5621739130434782,-0.48695652173913045,-0.40869565217391307,8
945,-0.4891304347826087,0.10504747328999625,-0.6513043478260869,-0.5130434782608696,-0.3452173913043478,8
946,-0.5,0.09789852390606697,-0.6113043478260869,-0.5217391304347827,-0.33086956521739125,8
947,-0.4369565217391304,0.021188683358280353,-0.4608695652173913,-0.4434782608695652,-0.3973913043478261,8
948,-0.517391304347826,0.08005196799792158,-0.6113043478260869,-0.5478260869565217,-0.3943478260869565,8
949,-0.5239130434782608,0.10504747328999627,-0.6830434782608696,-0.5304347826086957,-0.3430434782608695,8
950,-0.5347826086956522,0.06997163886709165,-0.6460869565217391,-0.5304347826086957,-0.44652173913043475,8
951,-0.4217391304347826,0.07467636537964205,-0.51,-0.4347826086956522,-0.28478260869565214,8
952,-0.5152173913043478,0.08269446348526188,-0.6143478260869565,-0.5217391304347826,-0.3973913043478261,8
953,-0.5043478260869565,0.06846963368705922,-0.6,-0.4782608695652174,-0.42913043478260865,8
954,-0.5456521739130434,0.08131132264897845,-0.6347826086956522,-0.5739130434782609,-0.4260869565217391,8
955,-0.5434782608695652,0.0906811026722357,-0.6891304347826087,-0.5391304347826087,-0.4260869565217391,8
956,-0.49782608695652175,0.09582494278493126,-0.5969565217391304,-0.5217391304347827,-0.3030434782608695,8
957,-0.48478260869565215,0.0971960387222094,-0.6165217391304347,-0.5130434782608696,-0.3247826086956521,8
958,-0.43043478260869567,0.06071408714682149,-0.5130434782608696,-0.4173913043478261,-0.3595652173913043,8
959,-0.5239130434782608,0.07725806801702981,-0.6,-0.5478260869565217,-0.3943478260869565,8
960,-0.5282608695652173,0.0740088892632574,-0.6430434782608696,-0.5217391304347827,-0.42913043478260865,8
961,-0.46521739130434786,0.05618629557965254,-0.5734782608695652,-0.4434782608695652,-0.4117391304347826,8
962,-0.558695652173913,0.06618842325060142,-0.6973913043478261,-0.5304347826086957,-0.5130434782608696,8
963,-0.5260869565217392,0.06375164477658775,-0.64,-0.5217391304347827,-0.4352173913043478,8
964,-0.508695652173913,0.0805228659889223,-0.6113043478260869,-0.5130434782608695,-0.4117391304347826,8
965,-0.5717391304347825,0.08061085312060504,-0.6665217391304348,-0.5913043478260869,-0.4434782608695652,8
966,-0.48260869565217396,0.08329236548116528,-0.6021739130434782,-0.4956521739130435,-0.32869565217391306,8
967,-0.5434782608695652,0.06888251964241245,-0.68,-0.5391304347826087,-0.46695652173913044,8
968,-0.5739130434782609,0.09325048082403135,-0.7239130434782608,-0.5565217391304348,-0.46391304347826084,8
969,-0.45434782608695656,0.07577576112144946,-0.6104347826086957,-0.4260869565217391,-0.391304347826087,8
970,-0.4826086956521739,0.1035293991286144,-0.6317391304347826,-0.4347826086956522,-0.3769565217391304,8
971,-0.5782608695652174,0.08684775806712253,-0.7156521739130435,-0.5739130434782609,-0.4526086956521739,8
972,-0.508695652173913,0.09435884527917697,-0.6113043478260869,-0.5391304347826087,-0.33391304347826084,8
973,-0.47608695652173916,0.09423355131170977,-0.6308695652173913,-0.4608695652173913,-0.32565217391304346,8
974,-0.55,0.042986347681054735,-0.6256521739130435,-0.5478260869565217,-0.49869565217391304,8
975,-0.5499999999999999,0.0455485366081673,-0.6226086956521739,-0.5565217391304347,-0.47304347826086957,8
976,-0.4804347826086956,0.09423355131170974,-0.6082608695652174,-0.48695652173913045,-0.3452173913043478,8
977,-0.4217391304347826,0.08145649563128347,-0.5130434782608696,-0.4347826086956522,-0.3217391304347826,8
978,-0.4434782608695652,0.07480282840906631,-0.538695652173913,-0.45217391304347826,-0.2969565217391304,8
979,-0.5956521739130434,0.08984338399900793,-0.7413043478260869,-0.5826086956521739,-0.458695652173913,8
980,-0.5478260869565217,0.08782178207271372,-0.6695652173913044,-0.5478260869565217,-0.4260869565217391,8
981,-0.48043478260869565,0.08627449927384534,-0.5734782608695652,-0.5043478260869565,-0.30826086956521737,8
982,-0.5195652173913043,0.11889138185978537,-0.7095652173913044,-0.4956521739130435,-0.32869565217391306,8
983,-0.4,0.07728864710709209,-0.4926086956521739,-0.4,-0.29304347826086957,8
984,-0.4434782608695652,0.06791521457310133,-0.5417391304347826,-0.4434782608695652,-0.3226086956521739,8
985,-0.5630434782608695,0.06590220170097442,-0.6347826086956522,-0.5652173913043478,-0.4443478260869565,8
986,-0.5413043478260869,0.09200045204129924,-0.6808695652173913,-0.5391304347826087,-0.4147826086956522,8
987,-0.4695652173913043,0.09078527399052652,-0.5969565217391304,-0.46956521739130436,-0.33086956521739125,8
988,-0.45,0.10063597390524094,-0.5447826086956521,-0.48695652173913045,-0.2643478260869565,8
989,-0.45869565217391306,0.0826944634852619,-0.5478260869565217,-0.46956521739130436,-0.3247826086956521,8
990,-0.5391304347826087,0.10288834405390636,-0.6921739130434783,-0.5391304347826087,-0.37478260869565216,8
991,-0.5652173913043479,0.11763260224755377,-0.7095652173913044,-0.5913043478260869,-0.3430434782608695,8
992,-0.5978260869565217,0.07602481934802484,-0.6952173913043479,-0.6086956521739131,-0.458695652173913,8
993,-0.44565217391304346,0.07942967785410916,-0.5621739130434782,-0.4434782608695652,-0.3421739130434782,8
994,-0.4956521739130435,0.08295123490582135,-0.5969565217391304,-0.5130434782608696,-0.3769565217391304,8
995,-0.5565217391304348,0.09722034684781694,-0.712608695652174,-0.5391304347826087,-0.42086956521739133,8
996,-0.5108695652173914,0.04471079087218072,-0.5652173913043478,-0.5217391304347827,-0.4352173913043478,8
997,-0.5478260869565217,0.07530655685082076,-0.6317391304347826,-0.5652173913043478,-0.4260869565217391,8
998,-0.48478260869565215,0.05957473741758573,-0.5765217391304347,-0.46956521739130436,-0.38913043478260867,8
999,-0.5195652173913043,0.07725806801702984,-0.6769565217391305,-0.5130434782608696,-0.44652173913043475,8
1000,-0.5978260869565217,0.065325996527464,-0.6808695652173913,-0.6086956521739131,-0.49869565217391304,8
1001,-0.5956521739130435,0.08641133441022518,-0.6982608695652174,-0.6347826086956522,-0.46391304347826084,8
1002,-0.5521739130434782,0.05550932754262479,-0.628695652173913,-0.5652173913043478,-0.46391304347826084,8
1003,-0.6,0.05567934119506829,-0.6869565217391305,-0.5826086956521739,-0.5478260869565217,8
1004,-0.4717391304347826,0.0838296499332993,-0.6052173913043478,-0.46956521739130436,-0.3565217391304348,8
1005,-0.6086956521739131,0.0499527186655481,-0.6839130434782609,-0.5913043478260869,-0.5508695652173913,8
1006,-0.6108695652173913,0.07477123270399928,-0.7239130434782608,-0.6173913043478261,-0.48739130434782607,8
1007,-0.5608695652173913,0.0694292148811796,-0.6604347826086957,-0.5826086956521739,-0.46391304347826084,8
1008,-0.5760869565217391,0.08154347536309153,-0.7065217391304348,-0.5739130434782609,-0.4443478260869565,8
1009,-0.3978260869565218,0.056312321073863573,-0.4926086956521739,-0.3739130434782609,-0.3278260869565217,8
1010,-0.4673913043478261,0.1002595874573931,-0.6,-0.46956521739130436,-0.3247826086956521,8
1011,-0.5065217391304347,0.08950082108799522,-0.6656521739130435,-0.5130434782608696,-0.3943478260869565,8
1012,-0.5130434782608696,0.07480282840906631,-0.6173913043478261,-0.5130434782608696,-0.4117391304347826,8
1013,-0.5347826086956522,0.09555330859059091,-0.6747826086956522,-0.5217391304347826,-0.42913043478260865,8
1014,-0.47608695652173916,0.10304898169122896,-0.6,-0.48695652173913045,-0.30217391304347824,8
1015,-0.48260869565217396,0.061946986299021775,-0.6021739130434782,-0.4434782608695652,-0.42913043478260865,8
1016,-0.5630434782608695,0.0611407004801097,-0.6460869565217391,-0.5652173913043478,-0.47,8
1017,-0.5282608695652173,0.09816366873804902,-0.6921739130434783,-0.5043478260869565,-0.40043478260869564,8
1018,-0.5608695652173914,0.08597269536210952,-0.6665217391304348,-0.5739130434782609,-0.4434782608695652,8
1019,-0.5065217391304349,0.09362980637981752,-0.6460869565217391,-0.4956521739130435,-0.38304347826086954,8
1020,-0.5260869565217392,0.060088152004718474,-0.6143478260869565,-0.5043478260869565,-0.4608695652173913,8
1021,-0.5543478260869565,0.06618842325060142,-0.6573913043478261,-0.5652173913043478,-0.4608695652173913,8
1022,-0.5195652173913043,0.08822445168566533,-0.6604347826086957,-0.5130434782608696,-0.3943478260869565,8
1023,-0.41304347826086957,0.060714087146821485,-0.4752173913043478,-0.43478260869565216,-0.2991304347826087,8
1024,-0.49782608695652175,0.12402740717909488,-0.6491304347826087,-0.5130434782608695,-0.28782608695652173,8
1025,-0.5456521739130435,0.06474466352971926,-0.6317391304347826,-0.5565217391304347,-0.44652173913043475,8
1026,-0.48478260869565215,0.08292274401200282,-0.5939130434782608,-0.4956521739130435,-0.35130434782608694,8
1027,-0.5717391304347826,0.0820058091906957,-0.7269565217391304,-0.5304347826086957,-0.49869565217391304,8
1028,-0.4260869565217391,0.05289358721998452,-0.4926086956521739,-0.4434782608695652,-0.3452173913043478,8
1029,-0.5239130434782608,0.06326796613415324,-0.64,-0.5043478260869565,-0.44956521739130434,8
1030,-0.5326086956521738,0.06815832785474295,-0.628695652173913,-0.5304347826086957,-0.42086956521739133,8
1031,-0.43260869565217397,0.09873969521022403,-0.5591304347826087,-0.4260869565217391,-0.2817391304347826,8
1032,-0.5413043478260869,0.05065730520752626,-0.5969565217391304,-0.5652173913043478,-0.4782608695652174,8
1033,-0.4652173913043478,0.04580719022979453,-0.5304347826086957,-0.4608695652173913,-0.3973913043478261,8
1034,-0.42826086956521736,0.07652050394260018,-0.561304347826087,-0.43478260869565216,-0.3247826086956521,8
1035,-0.5195652173913043,0.10432517870175502,-0.6891304347826087,-0.5304347826086957,-0.3943478260869565,8
1036,-0.41956521739130437,0.08382964993329932,-0.5243478260869565,-0.43478260869565216,-0.27043478260869563,8
1037,-0.5652173913043478,0.08475473343312141,-0.6921739130434783,-0.5739130434782609,-0.42391304347826086,8
1038,-0.5239130434782608,0.06618842325060141,-0.6,-0.5130434782608696,-0.42086956521739133,8
1039,-0.5326086956521738,0.07502362576842346,-0.6430434782608696,-0.5391304347826087,-0.42913043478260865,8
1040,-0.5239130434782608,0.10286537534192156,-0.6665217391304348,-0.5217391304347827,-0.36565217391304344,8
1041,-0.5760869565217391,0.0711437746606677,-0.6665217391304348,-0.5913043478260869,-0.45565217391304347,8
1042,-0.5456521739130435,0.047179422639588464,-0.5969565217391304,-0.5652173913043478,-0.46695652173913044,8
1043,-0.4652173913043478,0.05751633284923023,-0.538695652173913,-0.4782608695652174,-0.3543478260869565,8
1044,-0.558695652173913,0.08649333158294678,-0.7239130434782608,-0.5391304347826087,-0.46695652173913044,8
1045,-0.5065217391304349,0.10962644941846059,-0.628695652173913,-0.5304347826086957,-0.2969565217391304,8
1046,-0.49347826086956526,0.09739033384609617,-0.6543478260869565,-0.4782608695652174,-0.33999999999999997,8
1047,-0.36086956521739133,0.08005196799792161,-0.4691304347826087,-0.3739130434782609,-0.23782608695652174,8
1048,-0.48913043478260865,0.06675718492514819,-0.5795652173913043,-0.4782608695652174,-0.37478260869565216,8
1049,-0.5021739130434782,0.04677703215510871,-0.5621739130434782,-0.5043478260869565,-0.41782608695652174,8
1050,-0.5021739130434782,0.10540676454261441,-0.6573913043478261,-0.5043478260869565,-0.3595652173913043,8
1051,-0.3673913043478261,0.1232629782811725,-0.5869565217391304,-0.3739130434782609,-0.2091304347826087,8
1052,-0.46956521739130436,0.10720720005163437,-0.6339130434782608,-0.4782608695652174,-0.2991304347826087,8
1053,-0.4217391304347826,0.02715216521042781,-0.4578260869565217,-0.4260869565217391,-0.3769565217391304,8
1054,-0.40652173913043477,0.09302214302319423,-0.5243478260869565,-0.4,-0.24999999999999997,8
1055,-0.4869565217391304,0.03790346907426671,-0.5417391304347826,-0.4956521739130435,-0.41782608695652174,8
1056,-0.48478260869565215,0.06386274270247122,-0.5591304347826087,-0.5043478260869565,-0.3769565217391304,8
1057,-0.40652173913043477,0.08131132264897845,-0.5582608695652174,-0.4,-0.2960869565217391,8
1058,-0.47608695652173916,0.06114070048010971,-0.5704347826086956,-0.4782608695652174,-0.38,8
1059,-0.4173913043478261,0.08340576562282992,-0.521304347826087,-0.43478260869565216,-0.2643478260869565,8
1060,-0.4608695652173913,0.1116976745970881,-0.6452173913043479,-0.4608695652173913,-0.3278260869565217,8
1061,-0.5434782608695652,0.07416835699666079,-0.6747826086956522,-0.5304347826086957,-0.43826086956521737,8
1062,-0.5782608695652174,0.06071408714682148,-0.6808695652173913,-0.5652173913043478,-0.5130434782608696,8
1063,-0.5608695652173914,0.08553180683872175,-0.6839130434782609,-0.5304347826086957,-0.44956521739130434,8
1064,-0.5282608695652173,0.08843845916003475,-0.6656521739130435,-0.5391304347826087,-0.37478260869565216,8
1065,-0.4956521739130435,0.14182179504608775,-0.6491304347826087,-0.5304347826086957,-0.24695652173913044,8
1066,-0.5065217391304347,0.10138455492487843,-0.6656521739130435,-0.5217391304347827,-0.3595652173913043,8
1067,-0.5413043478260869,0.033607880073348466,-0.5969565217391304,-0.5391304347826087,-0.49869565217391304,8
1068,-0.5739130434782609,0.08249419983047947,-0.6808695652173913,-0.5739130434782609,-0.4413043478260869,8
1069,-0.4434782608695652,0.063305303385048,-0.5273913043478261,-0.4434782608695652,-0.34826086956521735,8
1070,-0.4608695652173913,0.10964800185146513,-0.6143478260869565,-0.4608695652173913,-0.31043478260869567,8
1071,-0.4869565217391305,0.064488682496484,-0.5908695652173913,-0.48695652173913045,-0.3943478260869565,8
1072,-0.47173913043478266,0.07823067050194166,-0.5621739130434782,-0.4956521739130435,-0.3452173913043478,8
1073,-0.5108695652173914,0.07847193759904367,-0.6482608695652174,-0.5130434782608696,-0.38913043478260867,8
1074,-0.532608695652174,0.09220569591499346,-0.6860869565217391,-0.5130434782608696,-0.40347826086956523,8
1075,-0.4326086956521739,0.09034171632687021,-0.5991304347826087,-0.4173913043478261,-0.3134782608695652,8
1076,-0.40652173913043477,0.06236516646861327,-0.5039130434782609,-0.4,-0.3134782608695652,8
1077,-0.40652173913043477,0.061755968310181715,-0.5069565217391304,-0.391304347826087,-0.3391304347826087,8
1078,-0.5695652173913044,0.04899751160688974,-0.6317391304347826,-0.5739130434782609,-0.49869565217391304,8
1079,-0.5065217391304349,0.09362980637981752,-0.6369565217391304,-0.5217391304347827,-0.33999999999999997,8
1080,-0.5217391304347826,0.0711769806249778,-0.6143478260869565,-0.5304347826086957,-0.40347826086956523,8
1081,-0.47173913043478255,0.07219879089311136,-0.5795652173913043,-0.4608695652173913,-0.3769565217391304,8
1082,-0.48695652173913045,0.09722034684781694,-0.6491304347826087,-0.4434782608695652,-0.3943478260869565,8
1083,-0.5021739130434782,0.06561473162081118,-0.6021739130434782,-0.5217391304347827,-0.3973913043478261,8
1084,-0.5130434782608695,0.049952718665548054,-0.5765217391304347,-0.5304347826086957,-0.43217391304347824,8
1085,-0.45869565217391306,0.11451797557448627,-0.6226086956521739,-0.48695652173913045,-0.29,8
1086,-0.4891304347826087,0.04072824781564173,-0.5447826086956521,-0.4956521739130435,-0.42913043478260865,8
1087,-0.5847826086956522,0.06760135567594007,-0.6952173913043479,-0.5739130434782609,-0.4760869565217391,8
1088,-0.49782608695652175,0.09777776584369138,-0.6482608695652174,-0.5130434782608696,-0.32565217391304346,8
1089,-0.45869565217391306,0.08360384575230179,-0.5991304347826087,-0.4608695652173913,-0.3421739130434782,8
1090,-0.5521739130434782,0.07568215298056179,-0.6891304347826087,-0.5304347826086957,-0.4526086956521739,8
1091,-0.5347826086956522,0.09274230003348498,-0.6665217391304348,-0.5043478260869565,-0.41782608695652174,8
1092,-0.5391304347826087,0.09722034684781694,-0.6317391304347826,-0.5826086956521739,-0.34913043478260863,8
1093,-0.508695652173913,0.07716625804042977,-0.628695652173913,-0.48695652173913045,-0.4260869565217391,8
1094,-0.6065217391304347,0.09680627860092311,-0.7821739130434783,-0.5739130434782609,-0.5130434782608696,8
1095,-0.4826086956521739,0.05412999825212491,-0.5765217391304347,-0.45217391304347826,-0.42913043478260865,8
1096,-0.48478260869565215,0.10175678033450827,-0.662608695652174,-0.48695652173913045,-0.3595652173913043,8
1097,-0.5,0.06255432421712241,-0.6052173913043478,-0.4956521739130435,-0.4117391304347826,8
1098,-0.46956521739130436,0.04682752006203916,-0.5417391304347826,-0.46956521739130436,-0.4117391304347826,8
1099,-0.5434782608695652,0.044125615500400936,-0.5969565217391304,-0.5478260869565217,-0.46695652173913044,8
1100,-0.5021739130434782,0.08472684899958728,-0.628695652173913,-0.5130434782608696,-0.38,8
1101,-0.5543478260869565,0.14207149615212614,-0.7526086956521739,-0.5565217391304347,-0.28652173913043477,8
1102,-0.55,0.07193648742510562,-0.6573913043478261,-0.5565217391304348,-0.46391304347826084,8
1103,-0.5130434782608696,0.054996133220319626,-0.6082608695652174,-0.4956521739130435,-0.44652173913043475,8
1104,-0.5695652173913044,0.07262301342821767,-0.6634782608695652,-0.5913043478260869,-0.4526086956521739,8
1105,-0.508695652173913,0.07957828355531794,-0.5795652173913043,-0.5391304347826087,-0.34913043478260863,8
1106,-0.5217391304347826,0.07117698062497782,-0.6256521739130435,-0.5391304347826087,-0.40347826086956523,8
1107,-0.55,0.05102910693176303,-0.6256521739130435,-0.5652173913043478,-0.48130434782608694,8
1108,-0.5282608695652173,0.0831503978213273,-0.6317391304347826,-0.5304347826086957,-0.4260869565217391,8
1109,-0.5934782608695652,0.0451316075913624,-0.6778260869565218,-0.5826086956521739,-0.5478260869565217,8
1110,-0.5239130434782608,0.05829168555561705,-0.6113043478260869,-0.5304347826086957,-0.43217391304347824,8
1111,-0.5521739130434783,0.07568215298056177,-0.6317391304347826,-0.5739130434782609,-0.41782608695652174,8
1112,-0.48260869565217396,0.06665091181198213,-0.6021739130434782,-0.4782608695652174,-0.3943478260869565,8
1113,-0.4282608695652174,0.06474466352971926,-0.4926086956521739,-0.4608695652173913,-0.31043478260869567,8
1114,-0.45,0.06675718492514819,-0.5591304347826087,-0.45217391304347826,-0.3626086956521739,8
1115,-0.5456521739130435,0.08360384575230179,-0.6891304347826087,-0.5391304347826087,-0.43217391304347824,8
1116,-0.48043478260869565,0.06871078534469177,-0.5878260869565217,-0.4956521739130435,-0.38,8
1117,-0.4956521739130435,0.11601447012283769,-0.6778260869565218,-0.46956521739130436,-0.3452173913043478,8
1118,-0.5282608695652173,0.07451798478696786,-0.6256521739130435,-0.5478260869565217,-0.4117391304347826,8
1119,-0.48913043478260865,0.08154347536309153,-0.5795652173913043,-0.5130434782608696,-0.33999999999999997,8
1120,-0.3934782608695652,0.0930221430231942,-0.5356521739130434,-0.391304347826087,-0.2613043478260869,8
1121,-0.5369565217391306,0.132144590568949,-0.7043478260869566,-0.5565217391304347,-0.30826086956521737,8
1122,-0.4782608695652174,0.05768043113661565,-0.5847826086956521,-0.4782608695652174,-0.4117391304347826,8
1123,-0.5652173913043478,0.043478260869565195,-0.64,-0.5739130434782609,-0.5130434782608696,8
1124,-0.4891304347826087,0.08014047213550766,-0.6226086956521739,-0.4782608695652174,-0.3604347826086956,8
1125,-0.5152173913043478,0.08928935990396891,-0.6604347826086957,-0.5130434782608696,-0.40869565217391307,8
1126,-0.6,0.06679257172059658,-0.7208695652173913,-0.5913043478260869,-0.5078260869565218,8
1127,-0.5695652173913044,0.06665091181198213,-0.6634782608695652,-0.5565217391304347,-0.47,8
1128,-0.5826086956521739,0.08825123100080191,-0.712608695652174,-0.5826086956521739,-0.46391304347826084,8
1129,-0.532608695652174,0.06532599652746399,-0.6143478260869565,-0.5391304347826087,-0.42913043478260865,8
1130,-0.5456521739130434,0.04554853660816729,-0.6113043478260869,-0.5478260869565217,-0.48130434782608694,8
1131,-0.45217391304347826,0.06565073421974567,-0.5243478260869565,-0.4782608695652174,-0.33086956521739125,8
1132,-0.48695652173913045,0.060869565217391286,-0.5908695652173913,-0.48695652173913045,-0.40869565217391307,8
1133,-0.517391304347826,0.0761800672518923,-0.6256521739130435,-0.5391304347826087,-0.4260869565217391,8
1134,-0.49782608695652175,0.051029106931763046,-0.5765217391304347,-0.4956521739130435,-0.42913043478260865,8
1135,-0.6173913043478261,0.07223151185146154,-0.7156521739130435,-0.6260869565217391,-0.49043478260869566,8
1136,-0.4869565217391304,0.10895620944471016,-0.6143478260869565,-0.4956521739130435,-0.2795652173913043,8
1137,-0.45434782608695656,0.03978914177765898,-0.4956521739130435,-0.4608695652173913,-0.3943478260869565,8
1138,-0.6108695652173912,0.06020601053967927,-0.712608695652174,-0.5913043478260869,-0.5365217391304348,8
1139,-0.48478260869565215,0.055636886487259694,-0.5878260869565217,-0.4608695652173913,-0.42913043478260865,8
1140,-0.5739130434782609,0.08519964322724097,-0.6952173913043479,-0.5739130434782609,-0.42695652173913046,8
1141,-0.47173913043478266,0.05065730520752629,-0.5273913043478261,-0.48695652173913045,-0.391304347826087,8
1142,-0.5,0.07467636537964202,-0.6082608695652174,-0.5043478260869565,-0.38304347826086954,8
1143,-0.5413043478260869,0.056312321073863546,-0.6113043478260869,-0.5652173913043478,-0.4608695652173913,8
1144,-0.6195652173913043,0.05861508157701202,-0.7239130434782608,-0.6086956521739131,-0.5478260869565217,8
1145,-0.46304347826086956,0.051764699564307196,-0.5530434782608695,-0.46956521739130436,-0.3943478260869565,8
1146,-0.5369565217391304,0.049141976328075265,-0.6,-0.5304347826086957,-0.4782608695652174,8
1147,-0.5173913043478261,0.059455627526858,-0.5939130434782608,-0.5304347826086957,-0.40652173913043477,8
1148,-0.5260869565217392,0.06008815200471849,-0.6256521739130435,-0.5217391304347827,-0.4352173913043478,8
1149,-0.5304347826086957,0.05702120455914782,-0.6,-0.5391304347826087,-0.44652173913043475,8
1150,-0.5043478260869565,0.10649955403405122,-0.6491304347826087,-0.5043478260869565,-0.3626086956521739,8
1151,-0.5108695652173914,0.09542958290281726,-0.6717391304347826,-0.4956521739130435,-0.3604347826086956,8
1152,-0.5347826086956522,0.09314906645925455,-0.6347826086956522,-0.5304347826086957,-0.3634782608695652,8
1153,-0.5434782608695652,0.08814406492484039,-0.6317391304347826,-0.5826086956521739,-0.3943478260869565,8
1154,-0.45,0.06503597957239822,-0.5560869565217391,-0.45217391304347826,-0.34826086956521735,8
1155,-0.5456521739130435,0.04875578585218651,-0.6317391304347826,-0.5217391304347827,-0.49869565217391304,8
1156,-0.5217391304347826,0.09914568913905548,-0.6491304347826087,-0.5304347826086957,-0.3430434782608695,8
1157,-0.5869565217391304,0.09515682012277951,-0.7269565217391304,-0.5913043478260869,-0.44652173913043475,8
1158,-0.6630434782608696,0.06266754480608512,-0.7791304347826087,-0.6434782608695653,-0.6,8
1159,-0.5260869565217391,0.06777590116573866,-0.6082608695652174,-0.5565217391304347,-0.40347826086956523,8
1160,-0.5043478260869565,0.08249419983047945,-0.6,-0.5391304347826087,-0.391304347826087,8
1161,-0.55,0.10378015880243488,-0.6665217391304348,-0.5652173913043479,-0.37478260869565216,8
1162,-0.5717391304347825,0.028758166424615095,-0.6143478260869565,-0.5739130434782609,-0.5304347826086957,8
1163,-0.5239130434782608,0.08246555103648111,-0.6143478260869565,-0.5391304347826087,-0.37173913043478257,8
1164,-0.5065217391304349,0.06732114159653053,-0.6165217391304347,-0.5043478260869565,-0.39217391304347826,8
1165,-0.5456521739130435,0.06980258416522749,-0.6860869565217391,-0.5217391304347827,-0.48130434782608694,8
1166,-0.567391304347826,0.06474466352971928,-0.6921739130434783,-0.5478260869565217,-0.49869565217391304,8
1167,-0.48913043478260876,0.06898535501140185,-0.5652173913043478,-0.48695652173913045,-0.40869565217391307,8
1168,-0.5521739130434783,0.11228844843604312,-0.6982608695652174,-0.5478260869565217,-0.37173913043478257,8
1169,-0.5217391304347826,0.1110186550852496,-0.6860869565217391,-0.5391304347826087,-0.3369565217391304,8
1170,-0.4434782608695652,0.07679792057676388,-0.5704347826086956,-0.4260869565217391,-0.3421739130434782,8
1171,-0.5956521739130436,0.08684775806712253,-0.7156521739130435,-0.6086956521739131,-0.46391304347826084,8
1172,-0.391304347826087,0.10177999922364891,-0.5417391304347826,-0.391304347826087,-0.24391304347826087,8
1173,-0.41521739130434787,0.06445203078423303,-0.5069565217391304,-0.4,-0.3247826086956521,8
1174,-0.4391304347826087,0.0631558219405824,-0.51,-0.45217391304347826,-0.33391304347826084,8
1175,-0.5391304347826087,0.062099377639503024,-0.6256521739130435,-0.5478260869565217,-0.42391304347826086,8
1176,-0.47608695652173916,0.11583101569354107,-0.6778260869565218,-0.4434782608695652,-0.3421739130434782,8
1177,-0.5804347826086957,0.07942967785410918,-0.701304347826087,-0.5652173913043478,-0.47,8
1178,-0.558695652173913,0.07823067050194166,-0.6747826086956522,-0.5652173913043478,-0.42695652173913046,8
1179,-0.3586956521739131,0.06356605007484108,-0.45173913043478264,-0.3652173913043478,-0.2582608695652174,8
1180,-0.5717391304347825,0.142602730522115,-0.712608695652174,-0.6260869565217391,-0.30521739130434783,8
1181,-0.567391304347826,0.10082364022004547,-0.6839130434782609,-0.5826086956521739,-0.3808695652173913,8
1182,-0.4847826086956522,0.13300013502558633,-0.6634782608695652,-0.48695652173913045,-0.2643478260869565,8
1183,-0.4652173913043478,0.09026321518272476,-0.6195652173913043,-0.46956521739130436,-0.33391304347826084,8
1184,-0.5760869565217391,0.11065623124021229,-0.7269565217391304,-0.5739130434782609,-0.40043478260869564,8
1185,-0.6130434782608696,0.10094075448907738,-0.7904347826086957,-0.5826086956521739,-0.4956521739130435,8
1186,-0.4891304347826087,0.06020601053967926,-0.6052173913043478,-0.46956521739130436,-0.42913043478260865,8
1187,-0.6130434782608696,0.08508863387296055,-0.73,-0.6173913043478261,-0.45347826086956516,8
1188,-0.4847826086956522,0.07477123270399931,-0.6308695652173913,-0.46956521739130436,-0.3973913043478261,8
1189,-0.5956521739130435,0.08145649563128345,-0.7608695652173912,-0.5826086956521739,-0.5160869565217392,8
1190,-0.43043478260869567,0.07765465695431197,-0.567391304347826,-0.408695652173913,-0.3421739130434782,8
1191,-0.5652173913043478,0.06148754619013456,-0.6347826086956522,-0.5739130434782609,-0.4782608695652174,8
1192,-0.5456521739130435,0.047974079327638926,-0.628695652173913,-0.5391304347826087,-0.48130434782608694,8
1193,-0.5239130434782608,0.06206131488530518,-0.5969565217391304,-0.5304347826086957,-0.42086956521739133,8
1194,-0.5804347826086956,0.09621867815795966,-0.7239130434782608,-0.6,-0.42086956521739133,8
1195,-0.5173913043478261,0.09555330859059091,-0.6665217391304348,-0.5130434782608696,-0.3943478260869565,8
1196,-0.48043478260869565,0.07990424325864828,-0.6278260869565218,-0.4782608695652174,-0.391304347826087,8
1197,-0.46304347826086956,0.07400888926325738,-0.5621739130434782,-0.45217391304347826,-0.35130434782608694,8
1198,-0.43043478260869567,0.04899751160688977,-0.5039130434782609,-0.43478260869565216,-0.34826086956521735,8
1199,-0.5456521739130434,0.09302214302319421,-0.6665217391304348,-0.5478260869565217,-0.42913043478260865,8
1200,-0.5152173913043478,0.07034212907549318,-0.6256521739130435,-0.5043478260869565,-0.4147826086956522,8
1201,-0.5304347826086956,0.06565073421974563,-0.6226086956521739,-0.5478260869565217,-0.41782608695652174,8
1202,-0.40652173913043477,0.06296847112156627,-0.5069565217391304,-0.408695652173913,-0.3247826086956521,8
1203,-0.5239130434782608,0.064452030784233,-0.6173913043478261,-0.5130434782608695,-0.44652173913043475,8
1204,-0.5108695652173914,0.10486736604515076,-0.6521739130434783,-0.5043478260869565,-0.34826086956521735,8
1205,-0.5065217391304347,0.11402168732124657,-0.6860869565217391,-0.4956521739130435,-0.33391304347826084,8
1206,-0.5608695652173914,0.09866787580791493,-0.6695652173913044,-0.5739130434782609,-0.3808695652173913,8
1207,-0.5760869565217391,0.046777032155108714,-0.6460869565217391,-0.5826086956521739,-0.5130434782608696,8
1208,-0.5239130434782608,0.04072824781564171,-0.5826086956521739,-0.5130434782608696,-0.4782608695652174,8
1209,-0.5130434782608695,0.08203461853962264,-0.6513043478260869,-0.5130434782608696,-0.38913043478260867,8
1210,-0.558695652173913,0.08246555103648112,-0.6839130434782609,-0.5304347826086957,-0.46391304347826084,8
1211,-0.5304347826086956,0.1153608622732313,-0.6460869565217391,-0.5478260869565217,-0.29478260869565215,8
1212,-0.4695652173913044,0.06209937763950304,-0.5560869565217391,-0.48695652173913045,-0.3769565217391304,8
1213,-0.5717391304347825,0.08061085312060502,-0.7178260869565217,-0.5739130434782609,-0.46391304347826084,8
1214,-0.5869565217391305,0.06997163886709165,-0.6665217391304348,-0.6173913043478261,-0.48130434782608694,8
1215,-0.5782608695652174,0.10921614510504758,-0.7186956521739131,-0.6,-0.38913043478260867,8
1216,-0.5065217391304349,0.05957473741758574,-0.5765217391304347,-0.5304347826086957,-0.39217391304347826,8
1217,-0.5239130434782608,0.05139821920668211,-0.6082608695652174,-0.5304347826086957,-0.4608695652173913,8
1218,-0.5456521739130434,0.1141873564058165,-0.6921739130434783,-0.5478260869565217,-0.32652173913043475,8
1219,-0.5826086956521739,0.07969696860792766,-0.6952173913043479,-0.5913043478260869,-0.4526086956521739,8
1220,-0.4565217391304348,0.09109707321633462,-0.5765217391304347,-0.45217391304347826,-0.30217391304347824,8
1221,-0.5391304347826087,0.05499613322031962,-0.628695652173913,-0.5130434782608696,-0.4782608695652174,8
1222,-0.5565217391304348,0.09485836621422361,-0.7095652173913044,-0.5217391304347827,-0.4352173913043478,8
1223,-0.576086956521739,0.0667571849251482,-0.6921739130434783,-0.5652173913043478,-0.48434782608695653,8
1224,-0.5282608695652173,0.04717942263958848,-0.5969565217391304,-0.5217391304347827,-0.46391304347826084,8
1225,-0.5152173913043478,0.07140899002459494,-0.6143478260869565,-0.5217391304347826,-0.4117391304347826,8
1226,-0.5152173913043478,0.12062769042613115,-0.6604347826086957,-0.5478260869565217,-0.3421739130434782,8
1227,-0.5021739130434782,0.08865195001784208,-0.6082608695652174,-0.5304347826086957,-0.3369565217391304,8
1228,-0.45434782608695656,0.07527517257904688,-0.5530434782608695,-0.4608695652173913,-0.31130434782608696,8
1229,-0.5695652173913044,0.04412561550040095,-0.628695652173913,-0.5739130434782609,-0.49043478260869566,8
1230,-0.5043478260869565,0.08016995180254682,-0.628695652173913,-0.4782608695652174,-0.40869565217391307,8
1231,-0.4739130434782609,0.06721576014669697,-0.5991304347826087,-0.46956521739130436,-0.391304347826087,8
1232,-0.6173913043478261,0.05635426694267705,-0.7208695652173913,-0.6173913043478261,-0.5478260869565217,8
1233,-0.5108695652173914,0.05925657900190873,-0.5795652173913043,-0.5217391304347826,-0.4260869565217391,8
1234,-0.4891304347826087,0.06898535501140186,-0.5908695652173913,-0.48695652173913045,-0.37173913043478257,8
1235,-0.5347826086956522,0.07050989017489936,-0.6513043478260869,-0.5478260869565217,-0.43217391304347824,8
1236,-0.6260869565217391,0.07327086759283791,-0.7443478260869565,-0.6260869565217391,-0.5334782608695653,8
1237,-0.5826086956521739,0.11304347826086956,-0.7330434782608696,-0.5739130434782609,-0.4260869565217391,8
1238,-0.517391304347826,0.0885719512498407,-0.5969565217391304,-0.5478260869565217,-0.33999999999999997,8
1239,-0.5239130434782608,0.09034171632687021,-0.6808695652173913,-0.48695652173913045,-0.41782608695652174,8
1240,-0.4434782608695652,0.09078527399052652,-0.5826086956521739,-0.43478260869565216,-0.3247826086956521,8
1241,-0.5152173913043478,0.06532599652746397,-0.6,-0.5130434782608696,-0.40652173913043477,8
1242,-0.4869565217391304,0.1017799992236489,-0.6347826086956522,-0.4608695652173913,-0.35130434782608694,8
1243,-0.46956521739130436,0.05360360002581718,-0.5447826086956521,-0.4782608695652174,-0.3943478260869565,8
1244,-0.5695652173913044,0.06608123545030724,-0.6717391304347826,-0.5739130434782609,-0.458695652173913,8
1245,-0.5304347826086957,0.08519964322724098,-0.6695652173913044,-0.5043478260869565,-0.4434782608695652,8
1246,-0.5,0.07157425057893185,-0.6143478260869565,-0.4782608695652174,-0.4117391304347826,8
1247,-0.4956521739130435,0.09365504012407834,-0.6656521739130435,-0.48695652173913045,-0.36565217391304344,8
1248,-0.5456521739130434,0.0740088892632574,-0.6860869565217391,-0.5304347826086957,-0.46391304347826084,8
1249,-0.6,0.07630403815123586,-0.7217391304347827,-0.5826086956521739,-0.5130434782608696,8
1250,-0.5369565217391304,0.1169678352375183,-0.6695652173913044,-0.5652173913043478,-0.32565217391304346,8
1251,-0.5217391304347825,0.058976782461958845,-0.6226086956521739,-0.5130434782608695,-0.44956521739130434,8
1252,-0.5217391304347826,0.08016995180254684,-0.6113043478260869,-0.5565217391304347,-0.37173913043478257,8
1253,-0.4978260869565217,0.061755968310181694,-0.5969565217391304,-0.48695652173913045,-0.42913043478260865,8
1254,-0.5260869565217392,0.06888251964241243,-0.6460869565217391,-0.5130434782608696,-0.4352173913043478,8
1255,-0.48043478260869565,0.05176469956430723,-0.5304347826086957,-0.4956521739130435,-0.4117391304347826,8
1256,-0.3934782608695652,0.09700135442314395,-0.5304347826086957,-0.3652173913043478,-0.2643478260869565,8
1257,-0.5521739130434782,0.04976314409678084,-0.6173913043478261,-0.5478260869565217,-0.47,8
1258,-0.48043478260869565,0.07502362576842346,-0.5795652173913043,-0.48695652173913045,-0.3626086956521739,8
1259,-0.5260869565217392,0.06008815200471848,-0.6082608695652174,-0.5391304347826087,-0.42913043478260865,8
1260,-0.5434782608695652,0.08329236548116528,-0.6634782608695652,-0.5478260869565217,-0.41782608695652174,8
1261,-0.4956521739130435,0.08782178207271371,-0.6143478260869565,-0.5043478260869565,-0.3595652173913043,8
1262,-0.5521739130434782,0.07416835699666079,-0.6634782608695652,-0.5391304347826087,-0.44652173913043475,8
1263,-0.49347826086956526,0.10486736604515076,-0.6573913043478261,-0.5043478260869565,-0.3369565217391304,8
1264,-0.47173913043478266,0.06326796613415324,-0.5560869565217391,-0.48695652173913045,-0.3739130434782609,8
1265,-0.5043478260869565,0.09604661754075877,-0.5826086956521739,-0.5304347826086957,-0.31130434782608696,8
1266,-0.5391304347826087,0.07679792057676388,-0.6604347826086957,-0.4956521739130435,-0.46391304347826084,8
1267,-0.5,0.06997163886709165,-0.6195652173913043,-0.4956521739130435,-0.4117391304347826,8
1268,-0.4869565217391304,0.08249419983047945,-0.5795652173913043,-0.5043478260869565,-0.3452173913043478,8
1269,-0.5608695652173914,0.08145649563128345,-0.6521739130434783,-0.5826086956521739,-0.40956521739130436,8
1270,-0.5673913043478261,0.07087756689957003,-0.6860869565217391,-0.5652173913043478,-0.45565217391304347,8
1271,-0.5543478260869565,0.037841076490280866,-0.6143478260869565,-0.5391304347826087,-0.5130434782608696,8
1272,-0.6043478260869565,0.05051717408096632,-0.6808695652173913,-0.5913043478260869,-0.5365217391304348,8
1273,-0.5608695652173913,0.10425720702853737,-0.7269565217391304,-0.5217391304347826,-0.44652173913043475,8
1274,-0.591304347826087,0.04919003695210766,-0.6665217391304348,-0.5826086956521739,-0.5191304347826087,8
1275,-0.4043478260869565,0.09943127500895019,-0.5704347826086956,-0.4,-0.25304347826086954,8
1276,-0.5217391304347827,0.10685396284734355,-0.6952173913043479,-0.4956521739130435,-0.3973913043478261,8
1277,-0.5043478260869565,0.07580693814853344,-0.5969565217391304,-0.4956521739130435,-0.38304347826086954,8
1278,-0.5434782608695652,0.05051717408096629,-0.6256521739130435,-0.5304347826086957,-0.4782608695652174,8
1279,-0.4760869565217391,0.11517636677347483,-0.6339130434782608,-0.5043478260869565,-0.27652173913043476,8
1280,-0.5239130434782608,0.07167322400797624,-0.668695652173913,-0.5043478260869565,-0.4608695652173913,8
1281,-0.5804347826086956,0.06296847112156624,-0.6491304347826087,-0.6,-0.47304347826086957,8
1282,-0.49347826086956526,0.06236516646861326,-0.5939130434782608,-0.48695652173913045,-0.40043478260869564,8
1283,-0.3521739130434782,0.07314175583156836,-0.4608695652173913,-0.33043478260869563,-0.2582608695652174,8
1284,-0.45,0.049905392535865185,-0.5356521739130434,-0.4434782608695652,-0.38,8
1285,-0.4695652173913044,0.059614387829574275,-0.5621739130434782,-0.4608695652173913,-0.3943478260869565,8
1286,-0.5304347826086957,0.054304330420855626,-0.6226086956521739,-0.5304347826086957,-0.44956521739130434,8
1287,-0.41956521739130437,0.09873969521022403,-0.567391304347826,-0.4173913043478261,-0.2643478260869565,8
1288,-0.49347826086956526,0.10450622036279927,-0.668695652173913,-0.5043478260869565,-0.3369565217391304,8
1289,-0.43478260869565216,0.06086956521739129,-0.538695652173913,-0.40869565217391307,-0.3626086956521739,8
1290,-0.4978260869565218,0.06236516646861326,-0.6052173913043478,-0.5043478260869565,-0.4147826086956522,8
1291,-0.5173913043478261,0.07157425057893185,-0.5969565217391304,-0.5391304347826087,-0.40043478260869564,8
1292,-0.4130434782608695,0.08145649563128345,-0.5417391304347826,-0.4,-0.2991304347826087,8
1293,-0.5630434782608695,0.057966485330319055,-0.6604347826086957,-0.5565217391304347,-0.48130434782608694,8
1294,-0.5282608695652173,0.1026814406836482,-0.6604347826086957,-0.5565217391304347,-0.3595652173913043,8
1295,-0.5521739130434783,0.06255432421712241,-0.628695652173913,-0.5739130434782609,-0.44956521739130434,8
1296,-0.5391304347826087,0.056354266942677034,-0.6,-0.5478260869565217,-0.46391304347826084,8
1297,-0.48043478260869565,0.08131132264897845,-0.6113043478260869,-0.4608695652173913,-0.36565217391304344,8
1298,-0.55,0.05391129029407496,-0.6143478260869565,-0.5565217391304348,-0.46695652173913044,8
1299,-0.5260869565217392,0.10676547093746673,-0.7178260869565217,-0.5304347826086957,-0.38304347826086954,8
1300,-0.541304347826087,0.0667571849251482,-0.6460869565217391,-0.5391304347826087,-0.44652173913043475,8
1301,-0.46956521739130436,0.13499282344573935,-0.6430434782608696,-0.4782608695652174,-0.2726086956521739,8
1302,-0.5,0.05342698142367177,-0.5734782608695652,-0.5130434782608696,-0.40347826086956523,8
1303,-0.5195652173913043,0.09680627860092313,-0.6491304347826087,-0.5304347826086957,-0.3626086956521739,8
1304,-0.5608695652173914,0.12259019286844944,-0.6869565217391305,-0.5739130434782609,-0.3347826086956522,8
1305,-0.5543478260869565,0.09200045204129925,-0.6695652173913044,-0.5304347826086957,-0.4352173913043478,8
1306,-0.5456521739130434,0.07451798478696788,-0.6943478260869566,-0.5391304347826087,-0.46391304347826084,8
1307,-0.391304347826087,0.06622411396403399,-0.5039130434782609,-0.3739130434782609,-0.31043478260869567,8
1308,-0.5,0.05051717408096629,-0.5652173913043478,-0.48695652173913045,-0.4434782608695652,8
1309,-0.49347826086956526,0.05796648533031905,-0.5652173913043478,-0.4956521739130435,-0.38913043478260867,8
1310,-0.5521739130434783,0.12533508961217021,-0.6982608695652174,-0.5565217391304348,-0.3204347826086956,8
1311,-0.5717391304347826,0.08337743004680481,-0.701304347826087,-0.5739130434782609,-0.46391304347826084,8
1312,-0.5934782608695652,0.04757841006138977,-0.6665217391304348,-0.5826086956521739,-0.5221739130434783,8
1313,-0.3847826086956522,0.11501212231661999,-0.5447826086956521,-0.4,-0.2091304347826087,8
1314,-0.5434782608695652,0.08283721253590283,-0.6521739130434783,-0.5565217391304348,-0.42913043478260865,8
1315,-0.5478260869565217,0.07170618479335061,-0.6778260869565218,-0.5130434782608696,-0.46695652173913044,8
1316,-0.5434782608695652,0.0458071902297945,-0.6256521739130435,-0.5304347826086957,-0.4956521739130435,8
1317,-0.5391304347826087,0.07010658911563955,-0.6543478260869565,-0.5391304347826087,-0.42391304347826086,8
1318,-0.5521739130434782,0.08684775806712251,-0.6491304347826087,-0.5478260869565217,-0.3869565217391304,8
1319,-0.5304347826086957,0.0995262881935617,-0.6430434782608696,-0.5565217391304348,-0.3347826086956522,8
1320,-0.5217391304347826,0.06148754619013456,-0.6113043478260869,-0.5130434782608696,-0.44652173913043475,8
1321,-0.6239130434782609,0.06953124170312815,-0.7413043478260869,-0.6260869565217391,-0.5108695652173914,8
1322,-0.5304347826086956,0.05702120455914782,-0.5969565217391304,-0.5478260869565217,-0.43217391304347824,8
1323,-0.48913043478260865,0.11664416021996793,-0.6113043478260869,-0.5304347826086957,-0.27043478260869563,8
1324,-0.5608695652173914,0.07667474821108,-0.7004347826086957,-0.5391304347826087,-0.45565217391304347,8
1325,-0.46739130434782605,0.07323861099096962,-0.5621739130434782,-0.45217391304347826,-0.3626086956521739,8
1326,-0.48043478260869565,0.10231257935434862,-0.6226086956521739,-0.48695652173913045,-0.3165217391304348,8
1327,-0.5282608695652173,0.09055071999851534,-0.6830434782608696,-0.5217391304347826,-0.39217391304347826,8
1328,-0.44565217391304346,0.028093147789826266,-0.4752173913043478,-0.4608695652173913,-0.3943478260869565,8
1329,-0.4652173913043478,0.08984338399900793,-0.6052173913043478,-0.45217391304347826,-0.3226086956521739,8
1330,-0.5130434782608696,0.0834057656228299,-0.6573913043478261,-0.4956521739130435,-0.40347826086956523,8
1331,-0.45652173913043476,0.12041202107935851,-0.6052173913043478,-0.4956521739130435,-0.23565217391304344,8
1332,-0.5304347826086957,0.08110764393990273,-0.6347826086956522,-0.5391304347826087,-0.40043478260869564,8
1333,-0.4869565217391304,0.08295123490582136,-0.6134782608695653,-0.5043478260869565,-0.34826086956521735,8
1334,-0.4869565217391304,0.0782608695652174,-0.6134782608695653,-0.4956521739130435,-0.3543478260869565,8
1335,-0.5130434782608695,0.07728864710709207,-0.5969565217391304,-0.5391304347826087,-0.38608695652173913,8
1336,-0.5195652173913043,0.05426079988847253,-0.6082608695652174,-0.5217391304347827,-0.44652173913043475,8
1337,-0.4934782608695652,0.11905027452254843,-0.6891304347826087,-0.43478260869565216,-0.33999999999999997,8
1338,-0.5,0.07050989017489936,-0.5969565217391304,-0.5043478260869565,-0.4117391304347826,8
1339,-0.39999999999999997,0.12142817429364296,-0.5621739130434782,-0.4,-0.21521739130434783,8
1340,-0.4956521739130435,0.09284415871331575,-0.6317391304347826,-0.4956521739130435,-0.3626086956521739,8
1341,-0.5021739130434782,0.08154347536309153,-0.64,-0.5130434782608696,-0.3973913043478261,8
1342,-0.5347826086956522,0.07814000328526706,-0.628695652173913,-0.5478260869565217,-0.38391304347826083,8
1343,-0.5826086956521739,0.09365504012407834,-0.712608695652174,-0.5913043478260869,-0.4126086956521739,8
1344,-0.5369565217391304,0.05426079988847253,-0.6256521739130435,-0.5304347826086957,-0.4782608695652174,8
1345,-0.4739130434782609,0.10990630138925685,-0.6482608695652174,-0.48695652173913045,-0.30217391304347824,8
1346,-0.5,0.05618629557965253,-0.5908695652173913,-0.4956521739130435,-0.41782608695652174,8
1347,-0.5456521739130435,0.09463390808556049,-0.6747826086956522,-0.5826086956521739,-0.4117391304347826,8
1348,-0.4760869565217391,0.04637115001674247,-0.5560869565217391,-0.46956521739130436,-0.40347826086956523,8
1349,-0.3847826086956522,0.08649333158294678,-0.4721739130434783,-0.4173913043478261,-0.2182608695652174,8
1350,-0.5217391304347826,0.07010658911563958,-0.662608695652174,-0.5043478260869565,-0.4608695652173913,8
1351,-0.48043478260869565,0.09969234337215739,-0.6113043478260869,-0.4782608695652174,-0.3,8
1352,-0.4369565217391304,0.07061035551700745,-0.5447826086956521,-0.4260869565217391,-0.33391304347826084,8
1353,-0.5217391304347826,0.056354266942677034,-0.6226086956521739,-0.4956521739130435,-0.46391304347826084,8
1354,-0.4652173913043478,0.05126011357631127,-0.5643478260869565,-0.4608695652173913,-0.40869565217391307,8
1355,-0.5108695652173912,0.0930221430231942,-0.5969565217391304,-0.5391304347826087,-0.3204347826086956,8
1356,-0.558695652173913,0.05212860351426868,-0.6460869565217391,-0.5391304347826087,-0.48739130434782607,8
1357,-0.5804347826086956,0.06356605007484108,-0.6695652173913044,-0.5652173913043478,-0.48739130434782607,8
1358,-0.5108695652173914,0.05597562256340752,-0.5765217391304347,-0.5217391304347827,-0.40347826086956523,8
1359,-0.5456521739130435,0.06590220170097441,-0.628695652173913,-0.5565217391304348,-0.43826086956521737,8
1360,-0.43478260869565216,0.06846963368705922,-0.567391304347826,-0.408695652173913,-0.3626086956521739,8
1361,-0.40652173913043477,0.10700864760207798,-0.5930434782608696,-0.4,-0.2726086956521739,8
1362,-0.408695652173913,0.06901959941907627,-0.5008695652173913,-0.4434782608695652,-0.2960869565217391,8
1363,-0.4673913043478261,0.11631958453627604,-0.6143478260869565,-0.4782608695652174,-0.2960869565217391,8
1364,-0.6043478260869565,0.047429183107111805,-0.6891304347826087,-0.6086956521739131,-0.5365217391304348,8
1365,-0.5021739130434782,0.10323226148333708,-0.628695652173913,-0.5043478260869565,-0.3030434782608695,8
1366,-0.5456521739130434,0.0664734123974811,-0.6143478260869565,-0.5739130434782609,-0.43217391304347824,8
1367,-0.4782608695652174,0.08295123490582135,-0.5826086956521739,-0.43478260869565216,-0.38,8
1368,-0.42608695652173917,0.06389973242043075,-0.5130434782608696,-0.4173913043478261,-0.3278260869565217,8
1369,-0.4934782608695652,0.0831503978213273,-0.6452173913043479,-0.5043478260869565,-0.3943478260869565,8
1370,-0.5608695652173913,0.11093348541020064,-0.6665217391304348,-0.5826086956521739,-0.3408695652173913,8
1371,-0.5456521739130434,0.0892893599039689,-0.7117391304347825,-0.5391304347826087,-0.4352173913043478,8
1372,-0.5804347826086956,0.0831503978213273,-0.7156521739130435,-0.5739130434782609,-0.48130434782608694,8
1373,-0.5413043478260869,0.08822445168566531,-0.6491304347826087,-0.5565217391304348,-0.4147826086956522,8
1374,-0.5195652173913043,0.0777458901836855,-0.64,-0.5304347826086957,-0.40869565217391307,8
1375,-0.3956521739130435,0.0906811026722357,-0.4956521739130435,-0.4,-0.22739130434782606,8
1376,-0.5021739130434782,0.05957473741758574,-0.5969565217391304,-0.48695652173913045,-0.42913043478260865,8
1377,-0.48043478260869565,0.046371150016742475,-0.5447826086956521,-0.4782608695652174,-0.4117391304347826,8
1378,-0.582608695652174,0.10065945132861066,-0.6982608695652174,-0.6173913043478261,-0.42086956521739133,8
1379,-0.5847826086956521,0.04385704565615656,-0.6491304347826087,-0.5739130434782609,-0.5191304347826087,8
1380,-0.5434782608695652,0.06550660510138853,-0.6460869565217391,-0.5478260869565217,-0.44956521739130434,8
1381,-0.48260869565217396,0.07862235356532661,-0.5826086956521739,-0.4782608695652174,-0.38,8
1382,-0.5239130434782608,0.10504747328999625,-0.668695652173913,-0.5739130434782609,-0.3769565217391304,8
1383,-0.49565217391304345,0.09243605054551868,-0.6369565217391304,-0.4956521739130435,-0.36565217391304344,8
1384,-0.5152173913043478,0.10629967981215349,-0.6808695652173913,-0.5217391304347827,-0.36565217391304344,8
1385,-0.47391304347826085,0.1219718272965699,-0.6573913043478261,-0.4434782608695652,-0.3421739130434782,8
1386,-0.5217391304347826,0.054996133220319626,-0.5908695652173913,-0.5478260869565217,-0.42913043478260865,8
1387,-0.4782608695652174,0.09161438045958903,-0.5969565217391304,-0.48695652173913045,-0.3452173913043478,8
1388,-0.4826086956521739,0.09026321518272475,-0.6082608695652174,-0.4956521739130435,-0.3595652173913043,8
1389,-0.47826086956521735,0.10103434816193262,-0.5878260869565217,-0.5130434782608696,-0.2713043478260869,8
1390,-0.5130434782608695,0.08203461853962263,-0.6482608695652174,-0.5217391304347826,-0.38608695652173913,8
1391,-0.5043478260869565,0.11067758314224223,-0.6573913043478261,-0.5130434782608696,-0.3369565217391304,8
1392,-0.5739130434782609,0.09120076940610013,-0.7208695652173913,-0.5826086956521739,-0.43217391304347824,8
1393,-0.5021739130434782,0.11952568516427194,-0.7373913043478261,-0.48695652173913045,-0.3769565217391304,8
1394,-0.47608695652173916,0.06980258416522747,-0.5795652173913043,-0.4782608695652174,-0.36869565217391304,8
1395,-0.4826086956521739,0.06550660510138853,-0.5908695652173913,-0.46956521739130436,-0.38608695652173913,8
1396,-0.5347826086956522,0.05945562752685799,-0.6113043478260869,-0.5478260869565217,-0.42391304347826086,8
1397,-0.47173913043478266,0.07375302371168424,-0.5734782608695652,-0.4782608695652174,-0.35130434782608694,8
1398,-0.55,0.0703421290754932,-0.6521739130434783,-0.5391304347826087,-0.4526086956521739,8
1399,-0.46086956521739125,0.10930265295631768,-0.5652173913043478,-0.5043478260869565,-0.2756521739130435,8
1400,-0.5521739130434782,0.08237954487607137,-0.6665217391304348,-0.5565217391304347,-0.41782608695652174,8
1401,-0.558695652173913,0.05284889470062267,-0.6173913043478261,-0.5826086956521739,-0.47,8
1402,-0.5630434782608695,0.0946339080855605,-0.6921739130434783,-0.5913043478260869,-0.4147826086956522,8
1403,-0.4695652173913043,0.041702882811414946,-0.5530434782608695,-0.45217391304347826,-0.42913043478260865,8
1404,-0.541304347826087,0.08107850521291964,-0.6430434782608696,-0.5565217391304347,-0.39217391304347826,8
1405,-0.5565217391304348,0.06846963368705922,-0.6778260869565218,-0.5304347826086957,-0.48130434782608694,8
1406,-0.5869565217391304,0.07467636537964205,-0.7043478260869566,-0.5652173913043478,-0.49869565217391304,8
1407,-0.47173913043478255,0.07627306431673404,-0.6052173913043478,-0.4434782608695652,-0.38,8
1408,-0.6043478260869566,0.11195124512681506,-0.7852173913043478,-0.5826086956521739,-0.46391304347826084,8
1409,-0.5065217391304349,0.1002595874573931,-0.6747826086956522,-0.5043478260869565,-0.38,8
1410,-0.5195652173913043,0.06144910445696768,-0.6143478260869565,-0.5130434782608696,-0.44652173913043475,8
1411,-0.5152173913043478,0.07349626741033465,-0.6226086956521739,-0.5217391304347827,-0.3808695652173913,8
1412,-0.4304347826086956,0.08464314058231212,-0.51,-0.46956521739130436,-0.27043478260869563,8
1413,-0.5108695652173914,0.07246014483695198,-0.6113043478260869,-0.5304347826086957,-0.40043478260869564,8
1414,-0.4260869565217391,0.08110764393990275,-0.5447826086956521,-0.3913043478260869,-0.3421739130434782,8
1415,-0.55,0.08360384575230177,-0.6634782608695652,-0.5652173913043478,-0.41782608695652174,8
1416,-0.45,0.07919132869603035,-0.5478260869565217,-0.46956521739130436,-0.33086956521739125,8
1417,-0.3652173913043478,0.08475473343312144,-0.4926086956521739,-0.3652173913043478,-0.2552173913043478,8
1418,-0.48478260869565215,0.07725806801702981,-0.5826086956521739,-0.48695652173913045,-0.3769565217391304,8
1419,-0.5217391304347826,0.09876362340522216,-0.6604347826086957,-0.5130434782608695,-0.4117391304347826,8
1420,-0.48913043478260865,0.07323861099096962,-0.5826086956521739,-0.46956521739130436,-0.3973913043478261,8
1421,-0.4782608695652174,0.07874247946206449,-0.6195652173913043,-0.4608695652173913,-0.38,8
1422,-0.4608695652173913,0.10140785904078786,-0.6308695652173913,-0.4434782608695652,-0.3247826086956521,8
1423,-0.48478260869565215,0.06953124170312816,-0.5765217391304347,-0.4782608695652174,-0.35739130434782607,8
1424,-0.5608695652173913,0.120725594581868,-0.7443478260869565,-0.5391304347826087,-0.38608695652173913,8
1425,-0.49782608695652175,0.07193648742510562,-0.5939130434782608,-0.5130434782608696,-0.38304347826086954,8
1426,-0.48478260869565215,0.10175678033450826,-0.6256521739130435,-0.4956521739130435,-0.3421739130434782,8
1427,-0.5152173913043478,0.05989120571285177,-0.5908695652173913,-0.5304347826086957,-0.40347826086956523,8
1428,-0.43478260869565216,0.09161438045958903,-0.5447826086956521,-0.4434782608695652,-0.26217391304347826,8
1429,-0.591304347826087,0.08430747578115355,-0.6808695652173913,-0.6086956521739131,-0.43304347826086953,8
1430,-0.43695652173913047,0.07627306431673404,-0.5478260869565217,-0.43478260869565216,-0.33086956521739125,8
1431,-0.46956521739130436,0.09161438045958903,-0.6195652173913043,-0.4782608695652174,-0.3565217391304348,8
1432,-0.5652173913043478,0.10720720005163437,-0.7443478260869565,-0.5565217391304348,-0.43217391304347824,8
1433,-0.6108695652173912,0.07919132869603038,-0.7217391304347827,-0.5913043478260869,-0.5130434782608696,8
1434,-0.48478260869565215,0.09443394186510205,-0.5969565217391304,-0.5217391304347827,-0.3565217391304348,8
1435,-0.5195652173913043,0.08061085312060504,-0.662608695652174,-0.5130434782608696,-0.39217391304347826,8
1436,-0.5869565217391304,0.09673302374472603,-0.73,-0.5652173913043478,-0.43,8
1437,-0.5804347826086956,0.07298004491997617,-0.712608695652174,-0.5478260869565217,-0.5017391304347826,8
1438,-0.45434782608695656,0.059574737417585746,-0.5704347826086956,-0.4260869565217391,-0.3943478260869565,8
1439,-0.55,0.11809371178731366,-0.7156521739130435,-0.5391304347826087,-0.40869565217391307,8
1440,-0.48913043478260865,0.06618842325060142,-0.6052173913043478,-0.46956521739130436,-0.4117391304347826,8
1441,-0.5608695652173913,0.0505171740809663,-0.6543478260869565,-0.5565217391304347,-0.49869565217391304,8
1442,-0.5369565217391304,0.0368284224915161,-0.5795652173913043,-0.5478260869565217,-0.46695652173913044,8
1443,-0.5282608695652173,0.09302214302319421,-0.6604347826086957,-0.5391304347826087,-0.3604347826086956,8
1444,-0.34130434782608693,0.06647341239748111,-0.4743478260869565,-0.3217391304347826,-0.2613043478260869,8
1445,-0.49782608695652175,0.09582494278493127,-0.668695652173913,-0.4782608695652174,-0.3769565217391304,8
1446,-0.5043478260869566,0.06791521457310133,-0.6165217391304347,-0.5130434782608696,-0.40869565217391307,8
1447,-0.5304347826086957,0.05702120455914782,-0.6143478260869565,-0.5304347826086957,-0.4608695652173913,8
1448,-0.5456521739130434,0.11484764297280252,-0.6665217391304348,-0.5739130434782609,-0.3234782608695652,8
1449,-0.5913043478260869,0.04841534228547843,-0.6460869565217391,-0.6086956521739131,-0.5017391304347826,8
1450,-0.4826086956521739,0.08052286598892232,-0.6113043478260869,-0.4782608695652174,-0.391304347826087,8
1451,-0.4826086956521739,0.06550660510138853,-0.5765217391304347,-0.48695652173913045,-0.37173913043478257,8
1452,-0.42391304347826086,0.09700135442314393,-0.5417391304347826,-0.4434782608695652,-0.2582608695652174,8
1453,-0.5630434782608695,0.06236516646861327,-0.6430434782608696,-0.5739130434782609,-0.4443478260869565,8
1454,-0.491304347826087,0.07416835699666079,-0.5591304347826087,-0.5304347826086957,-0.3595652173913043,8
1455,-0.5239130434782608,0.09281870452264866,-0.6808695652173913,-0.5043478260869565,-0.4117391304347826,8
1456,-0.5456521739130434,0.11968373572609395,-0.7321739130434782,-0.5391304347826087,-0.3460869565217391,8
1457,-0.4347826086956522,0.07064381221422576,-0.5130434782608696,-0.4608695652173913,-0.3247826086956521,8
1458,-0.5652173913043479,0.05360360002581718,-0.6634782608695652,-0.5478260869565217,-0.5130434782608696,8
1459,-0.42826086956521736,0.0808450173121176,-0.561304347826087,-0.43478260869565216,-0.29086956521739127,8
1460,-0.4217391304347826,0.07365684498303224,-0.5560869565217391,-0.4,-0.3421739130434782,8
1461,-0.558695652173913,0.06843511408129213,-0.6347826086956522,-0.5739130434782609,-0.42695652173913046,8
1462,-0.5565217391304347,0.09284415871331575,-0.6695652173913044,-0.5652173913043478,-0.4117391304347826,8
1463,-0.5543478260869565,0.09950254340300703,-0.6839130434782609,-0.5739130434782609,-0.4117391304347826,8
1464,-0.44130434782608696,0.0909672867517725,-0.5847826086956521,-0.4347826086956522,-0.29086956521739127,8
1465,-0.4521739130434783,0.061487546190134586,-0.5243478260869565,-0.4782608695652174,-0.34826086956521735,8
1466,-0.49130434782608695,0.056855203611400076,-0.5621739130434782,-0.5043478260869565,-0.38608695652173913,8
1467,-0.5304347826086957,0.09202613255876838,-0.6491304347826087,-0.5391304347826087,-0.3604347826086956,8
1468,-0.4217391304347826,0.08684775806712251,-0.567391304347826,-0.3826086956521739,-0.3134782608695652,8
1469,-0.5717391304347825,0.048366511872363016,-0.6173913043478261,-0.5826086956521739,-0.4760869565217391,8
1470,-0.48913043478260865,0.09680627860092311,-0.6256521739130435,-0.5043478260869565,-0.3595652173913043,8
1471,-0.5565217391304348,0.07170618479335061,-0.6778260869565218,-0.5391304347826087,-0.45565217391304347,8
1472,-0.6065217391304347,0.08561464638050095,-0.7186956521739131,-0.6086956521739131,-0.46695652173913044,8
1473,-0.49782608695652175,0.10450622036279926,-0.6860869565217391,-0.4782608695652174,-0.3626086956521739,8
1474,-0.5608695652173914,0.06997163886709165,-0.6808695652173913,-0.5391304347826087,-0.48130434782608694,8
1475,-0.43478260869565216,0.07530655685082074,-0.5447826086956521,-0.43478260869565216,-0.3247826086956521,8
1476,-0.5152173913043478,0.061755968310181694,-0.6082608695652174,-0.5217391304347827,-0.4260869565217391,8
1477,-0.558695652173913,0.07167322400797624,-0.6634782608695652,-0.5739130434782609,-0.44956521739130434,8
1478,-0.5217391304347826,0.08475473343312141,-0.6317391304347826,-0.5304347826086957,-0.3943478260869565,8
1479,-0.508695652173913,0.09555330859059091,-0.6573913043478261,-0.48695652173913045,-0.36869565217391304,8
1480,-0.4782608695652174,0.06679257172059659,-0.5991304347826087,-0.4782608695652174,-0.38304347826086954,8
1481,-0.49782608695652175,0.06175596831018168,-0.5795652173913043,-0.4956521739130435,-0.40043478260869564,8
1482,-0.5978260869565217,0.0799042432586483,-0.7156521739130435,-0.6,-0.47304347826086957,8
1483,-0.5608695652173914,0.07365684498303225,-0.6778260869565218,-0.5565217391304347,-0.4413043478260869,8
1484,-0.48913043478260865,0.046777032155108714,-0.5621739130434782,-0.4782608695652174,-0.42913043478260865,8
1485,-0.5347826086956522,0.06721576014669697,-0.628695652173913,-0.5391304347826087,-0.4352173913043478,8
1486,-0.391304347826087,0.038888138739126776,-0.4547826086956522,-0.3739130434782609,-0.3421739130434782,8
1487,-0.4956521739130435,0.06846963368705922,-0.6165217391304347,-0.48695652173913045,-0.38913043478260867,8
1488,-0.49782608695652175,0.05028275437487121,-0.5591304347826087,-0.5130434782608696,-0.4117391304347826,8
1489,-0.576086956521739,0.055636886487259674,-0.6460869565217391,-0.5826086956521739,-0.47304347826086957,8
1490,-0.5391304347826087,0.07275304578557179,-0.6717391304347826,-0.5304347826086957,-0.4608695652173913,8
1491,-0.558695652173913,0.0407282478156417,-0.6173913043478261,-0.5478260869565217,-0.5130434782608696,8
1492,-0.5391304347826087,0.06956521739130435,-0.6521739130434783,-0.5130434782608696,-0.46391304347826084,8
1493,-0.5434782608695652,0.13094104649022256,-0.77,-0.5130434782608695,-0.38304347826086954,8
1494,-0.44565217391304346,0.058615081577012,-0.5417391304347826,-0.4434782608695652,-0.3626086956521739,8
1495,-0.49130434782608695,0.06833145063261613,-0.5969565217391304,-0.4782608695652174,-0.4117391304347826,8
1496,-0.5826086956521739,0.09485836621422361,-0.7095652173913044,-0.5913043478260869,-0.4126086956521739,8
1497,-0.5304347826086957,0.11371040722280017,-0.7269565217391304,-0.5043478260869565,-0.37173913043478257,8
1498,-0.44130434782608696,0.09055071999851534,-0.5591304347826087,-0.4347826086956522,-0.3134782608695652,8
1499,-0.5369565217391304,0.06144910445696768,-0.6173913043478261,-0.5391304347826087,-0.44652173913043475,8
1500,-0.5413043478260869,0.07725806801702982,-0.6717391304347826,-0.5391304347826087,-0.44652173913043475,8
1501,-0.5173913043478261,0.06721576014669697,-0.6,-0.5130434782608696,-0.4117391304347826,8
1502,-0.4956521739130435,0.06507230237867723,-0.5939130434782608,-0.4956521739130435,-0.40869565217391307,8
1503,-0.5282608695652175,0.10558595169200774,-0.6460869565217391,-0.5826086956521739,-0.3739130434782609,8
1504,-0.5391304347826087,0.10252022715262256,-0.7230434782608696,-0.5391304347826087,-0.3808695652173913,8
1505,-0.5608695652173913,0.09274230003348495,-0.7321739130434782,-0.5478260869565217,-0.4352173913043478,8
1506,-0.5717391304347826,0.05065730520752626,-0.6491304347826087,-0.5652173913043478,-0.5017391304347826,8
1507,-0.49782608695652175,0.0808450173121176,-0.6143478260869565,-0.5043478260869565,-0.3769565217391304,8
1508,-0.49999999999999994,0.08052286598892232,-0.6339130434782608,-0.5043478260869565,-0.37173913043478257,8
1509,-0.55,0.059891205712851774,-0.6173913043478261,-0.5652173913043478,-0.46391304347826084,8
1510,-0.558695652173913,0.07061035551700745,-0.6460869565217391,-0.5913043478260869,-0.44956521739130434,8
1511,-0.46956521739130436,0.05499613322031963,-0.5591304347826087,-0.4608695652173913,-0.3943478260869565,8
1512,-0.3065217391304348,0.05664701835128427,-0.3565217391304348,-0.33043478260869563,-0.2091304347826087,8
1513,-0.5108695652173914,0.0611407004801097,-0.6082608695652174,-0.5130434782608696,-0.40652173913043477,8
1514,-0.5521739130434783,0.1001888575808949,-0.6460869565217391,-0.6086956521739131,-0.3604347826086956,8
1515,-0.49782608695652175,0.08539356235392329,-0.6256521739130435,-0.4782608695652174,-0.3973913043478261,8
1516,-0.5065217391304349,0.11664416021996793,-0.6491304347826087,-0.4782608695652174,-0.3226086956521739,8
1517,-0.55,0.072460144836952,-0.6860869565217391,-0.5304347826086957,-0.46695652173913044,8
1518,-0.41086956521739126,0.055975622563407545,-0.5182608695652174,-0.391304347826087,-0.3565217391304348,8
1519,-0.5630434782608695,0.08886492798247692,-0.7291304347826086,-0.5565217391304348,-0.44956521739130434,8
1520,-0.6086956521739131,0.09952628819356174,-0.7217391304347827,-0.6173913043478261,-0.43826086956521737,8
1521,-0.4847826086956522,0.1309951730015898,-0.668695652173913,-0.5043478260869565,-0.25304347826086954,8
1522,-0.5043478260869566,0.08203461853962263,-0.628695652173913,-0.5043478260869565,-0.38,8
1523,-0.4717391304347826,0.11133746110697286,-0.6482608695652174,-0.48695652173913045,-0.3247826086956521,8
1524,-0.532608695652174,0.11285519436884706,-0.701304347826087,-0.5130434782608696,-0.35739130434782607,8
1525,-0.42608695652173917,0.0932504808240314,-0.5304347826086957,-0.4260869565217391,-0.27043478260869563,8
1526,-0.5804347826086957,0.07298004491997617,-0.6695652173913044,-0.5739130434782609,-0.48130434782608694,8
1527,-0.3760869565217391,0.06871078534469177,-0.48347826086956525,-0.3826086956521739,-0.2726086956521739,8
1528,-0.5521739130434782,0.08984338399900793,-0.6808695652173913,-0.5391304347826087,-0.4434782608695652,8
1529,-0.5369565217391304,0.09912185317546085,-0.6665217391304348,-0.5391304347826087,-0.4117391304347826,8
1530,-0.4956521739130435,0.10506996498777889,-0.6717391304347826,-0.4956521739130435,-0.3595652173913043,8
1531,-0.5760869565217391,0.056979749661222406,-0.6347826086956522,-0.6,-0.48434782608695653,8
1532,-0.408695652173913,0.1198612934964367,-0.578695652173913,-0.4347826086956522,-0.19260869565217387,8
1533,-0.4478260869565217,0.06942921488117962,-0.5447826086956521,-0.45217391304347826,-0.3595652173913043,8
1534,-0.3934782608695652,0.026713490711835885,-0.4260869565217391,-0.4,-0.3565217391304348,8
1535,-0.47608695652173916,0.06175596831018169,-0.5478260869565217,-0.48695652173913045,-0.391304347826087,8
1536,-0.5695652173913043,0.0482197239409105,-0.6347826086956522,-0.5652173913043478,-0.49869565217391304,8
1537,-0.44565217391304346,0.12280203689129218,-0.6595652173913044,-0.4173913043478261,-0.27347826086956517,8
1538,-0.5804347826086956,0.07552588159147917,-0.6921739130434783,-0.5913043478260869,-0.45565217391304347,8
1539,-0.46304347826086956,0.06474466352971926,-0.567391304347826,-0.46956521739130436,-0.3626086956521739,8
1540,-0.5173913043478261,0.08329236548116528,-0.6113043478260869,-0.5391304347826087,-0.37478260869565216,8
1541,-0.4739130434782609,0.0877140913123131,-0.6256521739130435,-0.46956521739130436,-0.3769565217391304,8
1542,-0.5478260869565217,0.08782178207271372,-0.7034782608695652,-0.5304347826086957,-0.4352173913043478,8
1543,-0.48478260869565215,0.07272055949425102,-0.6165217391304347,-0.46956521739130436,-0.38304347826086954,8
1544,-0.5456521739130434,0.10450622036279926,-0.6891304347826087,-0.5565217391304347,-0.3521739130434782,8
1545,-0.4717391304347826,0.07426387327190748,-0.6052173913043478,-0.45217391304347826,-0.3943478260869565,8
1546,-0.5217391304347826,0.09120076940610013,-0.6143478260869565,-0.5478260869565217,-0.35739130434782607,8
1547,-0.4217391304347826,0.07862235356532662,-0.561304347826087,-0.4260869565217391,-0.31043478260869567,8
1548,-0.47391304347826085,0.06608123545030722,-0.5765217391304347,-0.45217391304347826,-0.3943478260869565,8
1549,-0.5456521739130434,0.03187582238829385,-0.5795652173913043,-0.5565217391304347,-0.48434782608695653,8
1550,-0.5369565217391304,0.08779487176655944,-0.6665217391304348,-0.5130434782608696,-0.3952173913043478,8
1551,-0.5043478260869565,0.10755927719002593,-0.6860869565217391,-0.4956521739130435,-0.3595652173913043,8
1552,-0.5826086956521739,0.07010658911563956,-0.6921739130434783,-0.5739130434782609,-0.47304347826086957,8
1553,-0.558695652173913,0.09797090729777172,-0.6521739130434783,-0.5826086956521739,-0.3808695652173913,8
1554,-0.48043478260869565,0.062365166468613266,-0.5847826086956521,-0.4782608695652174,-0.38608695652173913,8
1555,-0.34782608695652173,0.07777627747825357,-0.4947826086956522,-0.33043478260869563,-0.26956521739130435,8
1556,-0.49565217391304356,0.11503266569846045,-0.6482608695652174,-0.5130434782608696,-0.2713043478260869,8
1557,-0.3717391304347826,0.057966485330319055,-0.4404347826086956,-0.391304347826087,-0.2756521739130435,8
1558,-0.4760869565217391,0.10082364022004547,-0.6226086956521739,-0.46956521739130436,-0.3247826086956521,8
1559,-0.4652173913043478,0.06665091181198213,-0.5878260869565217,-0.45217391304347826,-0.391304347826087,8
1560,-0.5065217391304347,0.07527517257904687,-0.6113043478260869,-0.5130434782608696,-0.40869565217391307,8
1561,-0.47608695652173916,0.09055071999851534,-0.6226086956521739,-0.46956521739130436,-0.3595652173913043,8
1562,-0.5434782608695652,0.08553180683872173,-0.6460869565217391,-0.5565217391304347,-0.39217391304347826,8
1563,-0.4782608695652174,0.09284415871331574,-0.5969565217391304,-0.48695652173913045,-0.3421739130434782,8
1564,-0.5282608695652173,0.03733818268982099,-0.5652173913043478,-0.5391304347826087,-0.46695652173913044,8
1565,-0.5195652173913043,0.0952312874513457,-0.64,-0.5391304347826087,-0.35130434782608694,8
1566,-0.5456521739130434,0.10044795697519932,-0.6808695652173913,-0.5391304347826087,-0.38304347826086954,8
1567,-0.5391304347826087,0.13885842976235924,-0.7043478260869566,-0.5391304347826087,-0.3739130434782609,8
1568,-0.4869565217391304,0.07480282840906631,-0.5621739130434782,-0.5130434782608695,-0.3543478260869565,8
1569,-0.48478260869565215,0.07676714601308508,-0.6082608695652174,-0.4608695652173913,-0.3943478260869565,8
1570,-0.532608695652174,0.0789522599884125,-0.6634782608695652,-0.5130434782608696,-0.42086956521739133,8
1571,-0.5434782608695652,0.06008815200471848,-0.6347826086956522,-0.5304347826086957,-0.4782608695652174,8
1572,-0.5217391304347826,0.06565073421974565,-0.6482608695652174,-0.5130434782608696,-0.4352173913043478,8
1573,-0.532608695652174,0.03833737410553998,-0.5939130434782608,-0.5304347826086957,-0.47,8
1574,-0.5456521739130435,0.07847193759904367,-0.6665217391304348,-0.5391304347826087,-0.42391304347826086,8
1575,-0.44999999999999996,0.044285975624920364,-0.5130434782608696,-0.4434782608695652,-0.38,8
1576,-0.5152173913043478,0.10629967981215348,-0.6778260869565218,-0.5304347826086957,-0.36565217391304344,8
1577,-0.5565217391304348,0.09445896079304536,-0.7034782608695652,-0.5739130434782609,-0.4147826086956522,8
1578,-0.4891304347826087,0.10432517870175502,-0.668695652173913,-0.4782608695652174,-0.32869565217391306,8
1579,-0.5239130434782608,0.08779487176655944,-0.6543478260869565,-0.5304347826086957,-0.40043478260869564,8
1580,-0.4391304347826087,0.06833145063261613,-0.567391304347826,-0.4173913043478261,-0.3595652173913043,8
1581,-0.43913043478260866,0.0885719512498407,-0.5826086956521739,-0.4173913043478261,-0.3565217391304348,8
1582,-0.3717391304347826,0.06590220170097444,-0.48043478260869565,-0.3739130434782609,-0.2756521739130435,8
1583,-0.5021739130434782,0.06326796613415324,-0.5795652173913043,-0.5130434782608696,-0.3973913043478261,8
1584,-0.5173913043478262,0.044125615500400936,-0.5939130434782608,-0.5130434782608696,-0.46391304347826084,8
1585,-0.4956521739130435,0.056354266942677034,-0.5652173913043478,-0.5130434782608696,-0.40043478260869564,8
1586,-0.47608695652173916,0.10945387717542701,-0.668695652173913,-0.4608695652173913,-0.33086956521739125,8
1587,-0.5239130434782608,0.09873969521022403,-0.6778260869565218,-0.48695652173913045,-0.38913043478260867,8
1588,-0.5369565217391304,0.09200045204129925,-0.6747826086956522,-0.5478260869565217,-0.4117391304347826,8
1589,-0.3956521739130435,0.07910176260287063,-0.5356521739130434,-0.391304347826087,-0.30434782608695654,8
1590,-0.4869565217391305,0.0834057656228299,-0.5878260869565217,-0.4956521739130435,-0.3204347826086956,8
1591,-0.5,0.04326032335246172,-0.5652173913043478,-0.4782608695652174,-0.4608695652173913,8
1592,-0.5108695652173914,0.06980258416522749,-0.6195652173913043,-0.5217391304347827,-0.38913043478260867,8
1593,-0.5282608695652173,0.07193648742510565,-0.68,-0.5043478260869565,-0.4782608695652174,8
1594,-0.5043478260869565,0.07728864710709207,-0.5969565217391304,-0.5217391304347827,-0.35739130434782607,8
1595,-0.5195652173913043,0.08246555103648112,-0.6634782608695652,-0.46956521739130436,-0.44652173913043475,8
1596,-0.3869565217391304,0.10497996928390987,-0.5530434782608695,-0.3652173913043478,-0.26956521739130435,8
1597,-0.4869565217391304,0.0948583662142236,-0.5969565217391304,-0.5043478260869565,-0.3278260869565217,8
1598,-0.4173913043478261,0.07922116155777652,-0.5417391304347826,-0.391304347826087,-0.3247826086956521,8
1599,-0.5456521739130435,0.05989120571285178,-0.6491304347826087,-0.5217391304347827,-0.48130434782608694,8
1600,-0.5130434782608696,0.08016995180254684,-0.6430434782608696,-0.48695652173913045,-0.40347826086956523,8
1601,-0.5217391304347826,0.07223151185146152,-0.64,-0.5304347826086957,-0.4260869565217391,8
1602,-0.5521739130434783,0.08237954487607138,-0.6952173913043479,-0.5391304347826087,-0.46391304347826084,8
1603,-0.3695652173913043,0.08145649563128345,-0.4547826086956522,-0.40869565217391307,-0.2182608695652174,8
1604,-0.48043478260869565,0.059891205712851794,-0.5991304347826087,-0.4608695652173913,-0.4260869565217391,8
1605,-0.5608695652173913,0.08283721253590283,-0.6634782608695652,-0.5913043478260869,-0.43217391304347824,8
1606,-0.47608695652173916,0.09661080888386508,-0.6339130434782608,-0.4782608695652174,-0.3226086956521739,8
1607,-0.5086956521739131,0.0889977803932988,-0.64,-0.5130434782608696,-0.34913043478260863,8
1608,-0.3586956521739131,0.0670397562830838,-0.4578260869565217,-0.3217391304347826,-0.29,8
1609,-0.5739130434782609,0.06679257172059659,-0.6665217391304348,-0.5826086956521739,-0.46695652173913044,8
1610,-0.37173913043478257,0.1258430925078809,-0.5621739130434782,-0.3652173913043478,-0.18043478260869564,8
1611,-0.4434782608695652,0.08564224175474873,-0.5621739130434782,-0.45217391304347826,-0.3278260869565217,8
1612,-0.5065217391304347,0.08382964993329929,-0.6369565217391304,-0.5130434782608695,-0.40869565217391307,8
1613,-0.4717391304347826,0.06326796613415324,-0.5734782608695652,-0.46956521739130436,-0.3943478260869565,8
1614,-0.4282608695652174,0.07140899002459497,-0.4956521739130435,-0.4608695652173913,-0.2991304347826087,8
1615,-0.5260869565217391,0.09109707321633463,-0.6665217391304348,-0.5217391304347827,-0.38913043478260867,8
1616,-0.5478260869565217,0.06330530338504797,-0.6460869565217391,-0.5391304347826087,-0.4526086956521739,8
1617,-0.5217391304347827,0.05961438782957429,-0.628695652173913,-0.5043478260869565,-0.44956521739130434,8
1618,-0.48043478260869565,0.07034212907549318,-0.6021739130434782,-0.46956521739130436,-0.40869565217391307,8
1619,-0.5043478260869565,0.09161438045958904,-0.68,-0.48695652173913045,-0.38608695652173913,8
1620,-0.46956521739130436,0.09990543733109612,-0.6052173913043478,-0.48695652173913045,-0.3134782608695652,8
1621,-0.5847826086956522,0.08037600672754847,-0.7239130434782608,-0.5739130434782609,-0.47,8
1622,-0.46956521739130436,0.0956521739130435,-0.6165217391304347,-0.48695652173913045,-0.3247826086956521,8
1623,-0.5391304347826087,0.10065945132861066,-0.6808695652173913,-0.5478260869565217,-0.40043478260869564,8
1624,-0.4652173913043478,0.07957828355531794,-0.5878260869565217,-0.46956521739130436,-0.3739130434782609,8
1625,-0.4652173913043478,0.08374504471416618,-0.5734782608695652,-0.4782608695652174,-0.30826086956521737,8
1626,-0.5413043478260869,0.08736317955395703,-0.6347826086956522,-0.5652173913043478,-0.38608695652173913,8
1627,-0.48043478260869565,0.09739033384609615,-0.6082608695652174,-0.4782608695652174,-0.3165217391304348,8
1628,-0.49782608695652175,0.08971178383462328,-0.6595652173913044,-0.4956521739130435,-0.36869565217391304,8
1629,-0.5130434782608696,0.07728864710709206,-0.5969565217391304,-0.5217391304347827,-0.38,8
1630,-0.45434782608695645,0.12689024476097813,-0.6317391304347826,-0.43478260869565216,-0.28695652173913044,8
1631,-0.5043478260869565,0.07223151185146152,-0.6513043478260869,-0.4782608695652174,-0.4434782608695652,8
1632,-0.5130434782608695,0.10930265295631769,-0.6695652173913044,-0.4956521739130435,-0.391304347826087,8
1633,-0.5152173913043478,0.03187582238829386,-0.5478260869565217,-0.5217391304347827,-0.4526086956521739,8
1634,-0.38913043478260867,0.059891205712851794,-0.4865217391304348,-0.391304347826087,-0.2960869565217391,8
1635,-0.4891304347826087,0.06386274270247123,-0.5447826086956521,-0.5304347826086957,-0.36869565217391304,8
1636,-0.55,0.08177496901653925,-0.6491304347826087,-0.5391304347826087,-0.41782608695652174,8
1637,-0.4565217391304348,0.07467636537964203,-0.5273913043478261,-0.4956521739130435,-0.31956521739130433,8
1638,-0.42391304347826086,0.09777776584369138,-0.5960869565217392,-0.4260869565217391,-0.3073913043478261,8
1639,-0.43695652173913047,0.08822445168566533,-0.6134782608695653,-0.4,-0.3595652173913043,8
1640,-0.591304347826087,0.05635426694267705,-0.6839130434782609,-0.5826086956521739,-0.5304347826086957,8
1641,-0.4978260869565217,0.06703975628308378,-0.5652173913043478,-0.5130434782608696,-0.38608695652173913,8
1642,-0.4717391304347826,0.10718515683148738,-0.6143478260869565,-0.4608695652173913,-0.30217391304347824,8
1643,-0.48913043478260865,0.04757841006138974,-0.5765217391304347,-0.4782608695652174,-0.43217391304347824,8
1644,-0.5717391304347826,0.06843511408129213,-0.6665217391304348,-0.5565217391304348,-0.48434782608695653,8
1645,-0.517391304347826,0.09233374165910999,-0.628695652173913,-0.5565217391304347,-0.391304347826087,8
1646,-0.5239130434782608,0.06618842325060142,-0.6369565217391304,-0.5217391304347827,-0.42913043478260865,8
1647,-0.3978260869565218,0.05957473741758573,-0.5234782608695652,-0.3739130434782609,-0.3452173913043478,8
1648,-0.4847826086956522,0.08014047213550768,-0.6534782608695653,-0.4608695652173913,-0.4260869565217391,8
1649,-0.5478260869565217,0.06448868249648401,-0.6460869565217391,-0.5478260869565217,-0.4608695652173913,8
1650,-0.5239130434782608,0.11201454806946304,-0.7147826086956521,-0.5043478260869565,-0.36869565217391304,8
1651,-0.4478260869565217,0.08553180683872173,-0.5908695652173913,-0.4260869565217391,-0.33086956521739125,8
1652,-0.5152173913043478,0.045548536608167295,-0.5826086956521739,-0.5043478260869565,-0.44956521739130434,8
1653,-0.44130434782608696,0.06647341239748111,-0.5417391304347826,-0.4260869565217391,-0.3565217391304348,8
1654,-0.5695652173913044,0.055509327542624796,-0.6173913043478261,-0.5913043478260869,-0.4782608695652174,8
1655,-0.5065217391304349,0.10138455492487843,-0.6317391304347826,-0.5130434782608696,-0.35130434782608694,8
1656,-0.5347826086956522,0.07467636537964203,-0.6604347826086957,-0.5391304347826087,-0.44652173913043475,8
1657,-0.55,0.0909672867517725,-0.6695652173913044,-0.5304347826086957,-0.40652173913043477,8
1658,-0.48478260869565215,0.08779487176655944,-0.6256521739130435,-0.46956521739130436,-0.36565217391304344,8
1659,-0.4717391304347826,0.08472684899958727,-0.5795652173913043,-0.4782608695652174,-0.3565217391304348,8
1660,-0.3847826086956522,0.0535594999771953,-0.4434782608695652,-0.391304347826087,-0.29304347826086957,8
1661,-0.4152173913043478,0.0711437746606677,-0.538695652173913,-0.391304347826087,-0.3278260869565217,8
1662,-0.5195652173913043,0.08337743004680481,-0.6573913043478261,-0.5043478260869565,-0.42913043478260865,8
1663,-0.4478260869565217,0.041475617452910694,-0.4956521739130435,-0.45217391304347826,-0.36869565217391304,8
1664,-0.5239130434782608,0.09281870452264866,-0.6747826086956522,-0.5130434782608695,-0.3973913043478261,8
1665,-0.3760869565217391,0.035254945087449696,-0.4230434782608696,-0.3826086956521739,-0.3217391304347826,8
1666,-0.5260869565217392,0.04976314409678084,-0.5826086956521739,-0.5391304347826087,-0.4352173913043478,8
1667,-0.5369565217391304,0.05212860351426868,-0.6143478260869565,-0.5391304347826087,-0.4526086956521739,8
1668,-0.4108695652173913,0.11116754500474431,-0.5447826086956521,-0.4347826086956522,-0.2182608695652174,8
1669,-0.40652173913043477,0.1111675450047443,-0.5478260869565217,-0.4,-0.22130434782608693,8
1670,-0.4043478260869565,0.06777590116573869,-0.4926086956521739,-0.40869565217391307,-0.28478260869565214,8
1671,-0.4978260869565217,0.06532599652746397,-0.5795652173913043,-0.5043478260869565,-0.38608695652173913,8
1672,-0.5413043478260869,0.0747712327039993,-0.6317391304347826,-0.5565217391304348,-0.42913043478260865,8
1673,-0.4673913043478261,0.06732114159653053,-0.5847826086956521,-0.45217391304347826,-0.38,8
1674,-0.5152173913043478,0.08450344228511655,-0.6113043478260869,-0.5478260869565217,-0.38304347826086954,8
1675,-0.45652173913043476,0.0877140913123131,-0.5621739130434782,-0.45217391304347826,-0.3247826086956521,8
1676,-0.4826086956521739,0.07814000328526707,-0.5765217391304347,-0.48695652173913045,-0.3430434782608695,8
1677,-0.4608695652173913,0.037903469074266734,-0.51,-0.4608695652173913,-0.3973913043478261,8
1678,-0.55,0.061755968310181694,-0.6717391304347826,-0.5304347826086957,-0.48130434782608694,8
1679,-0.5521739130434782,0.05618629557965253,-0.6317391304347826,-0.5391304347826087,-0.47,8
1680,-0.4391304347826087,0.08099102613129201,-0.5304347826086957,-0.4434782608695652,-0.30217391304347824,8
1681,-0.5173913043478262,0.07157425057893185,-0.64,-0.5043478260869565,-0.40652173913043477,8
1682,-0.5891304347826087,0.09758424211940625,-0.7639130434782608,-0.5826086956521739,-0.45565217391304347,8
1683,-0.3673913043478261,0.11435278547684705,-0.51,-0.3739130434782609,-0.17217391304347823,8
1684,-0.5565217391304347,0.09722034684781694,-0.7034782608695652,-0.5739130434782609,-0.40347826086956523,8
1685,-0.5130434782608696,0.06209937763950304,-0.6339130434782608,-0.4956521739130435,-0.44652173913043475,8
1686,-0.4673913043478261,0.07919132869603039,-0.5304347826086957,-0.5130434782608696,-0.3278260869565217,8
1687,-0.5021739130434782,0.11631958453627607,-0.6973913043478261,-0.4956521739130435,-0.3369565217391304,8
1688,-0.5065217391304349,0.09281870452264865,-0.6460869565217391,-0.48695652173913045,-0.40869565217391307,8
1689,-0.4717391304347826,0.04342387903356125,-0.5417391304347826,-0.46956521739130436,-0.4117391304347826,8
1690,-0.3869565217391304,0.05342698142367177,-0.4691304347826087,-0.391304347826087,-0.2991304347826087,8
1691,-0.45217391304347826,0.08519964322724097,-0.6052173913043478,-0.43478260869565216,-0.3452173913043478,8
1692,-0.45869565217391306,0.065325996527464,-0.538695652173913,-0.48695652173913045,-0.3452173913043478,8
1693,-0.5347826086956522,0.09594815865527788,-0.6808695652173913,-0.5130434782608696,-0.4117391304347826,8
1694,-0.5217391304347826,0.06791521457310133,-0.6,-0.5304347826086957,-0.4117391304347826,8
1695,-0.49999999999999994,0.10921614510504755,-0.6430434782608696,-0.5043478260869565,-0.3,8
1696,-0.5260869565217391,0.09475867268566682,-0.6521739130434783,-0.5478260869565217,-0.40869565217391307,8
1697,-0.46304347826086956,0.0996923433721574,-0.6021739130434782,-0.48695652173913045,-0.2991304347826087,8
1698,-0.5608695652173914,0.09109707321633463,-0.701304347826087,-0.5391304347826087,-0.4352173913043478,8
1699,-0.5152173913043478,0.07750236291293863,-0.6143478260869565,-0.5217391304347827,-0.40043478260869564,8
1700,-0.4608695652173913,0.07969696860792765,-0.5591304347826087,-0.46956521739130436,-0.3165217391304348,8
1701,-0.5173913043478261,0.05271458979557451,-0.5908695652173913,-0.5217391304347827,-0.42086956521739133,8
1702,-0.43260869565217397,0.09443394186510207,-0.5417391304347826,-0.46956521739130436,-0.29304347826086957,8
1703,-0.4869565217391304,0.07826086956521741,-0.6278260869565218,-0.4782608695652174,-0.37173913043478257,8
1704,-0.43260869565217397,0.06144910445696771,-0.51,-0.4434782608695652,-0.3565217391304348,8
1705,-0.3978260869565217,0.10138455492487845,-0.5130434782608696,-0.408695652173913,-0.2552173913043478,8
1706,-0.5217391304347827,0.07378505542816147,-0.6113043478260869,-0.5391304347826087,-0.40043478260869564,8
1707,-0.5369565217391303,0.0948334526573358,-0.6317391304347826,-0.5565217391304347,-0.34391304347826085,8
1708,-0.5195652173913043,0.08061085312060504,-0.6634782608695652,-0.48695652173913045,-0.43217391304347824,8
1709,-0.408695652173913,0.05567934119506825,-0.4782608695652174,-0.3826086956521739,-0.3421739130434782,8
1710,-0.5869565217391305,0.04662524041201568,-0.6460869565217391,-0.6,-0.5130434782608696,8
1711,-0.5108695652173912,0.09179474926398874,-0.5795652173913043,-0.5652173913043478,-0.33391304347826084,8
1712,-0.4869565217391304,0.053603600025817176,-0.5795652173913043,-0.4608695652173913,-0.42913043478260865,8
1713,-0.5,0.07050989017489935,-0.5795652173913043,-0.5130434782608696,-0.391304347826087,8
1714,-0.5173913043478261,0.0694292148811796,-0.6143478260869565,-0.5130434782608696,-0.4147826086956522,8
1715,-0.45217391304347826,0.07922116155777652,-0.5734782608695652,-0.4608695652173913,-0.3565217391304348,8
1716,-0.48043478260869565,0.0740088892632574,-0.5878260869565217,-0.4956521739130435,-0.35130434782608694,8
1717,-0.541304347826087,0.09362980637981752,-0.6839130434782609,-0.5304347826086957,-0.40347826086956523,8
1718,-0.5195652173913043,0.0767671460130851,-0.64,-0.5304347826086957,-0.40043478260869564,8
1719,-0.5652173913043479,0.1192287756591486,-0.7186956521739131,-0.5652173913043478,-0.38913043478260867,8
1720,-0.49782608695652175,0.06703975628308378,-0.5969565217391304,-0.4782608695652174,-0.4117391304347826,8
1721,-0.3326086956521739,0.07007287591863563,-0.4260869565217391,-0.31304347826086953,-0.22956521739130434,8
1722,-0.4652173913043478,0.06434195037803798,-0.5621739130434782,-0.4608695652173913,-0.38,8
1723,-0.4956521739130435,0.10252022715262256,-0.6369565217391304,-0.5217391304347826,-0.3391304347826087,8
1724,-0.48043478260869565,0.07798865702022649,-0.6082608695652174,-0.4434782608695652,-0.40869565217391307,8
1725,-0.5717391304347826,0.09403273371253117,-0.6952173913043479,-0.6,-0.42086956521739133,8
1726,-0.48478260869565226,0.06386274270247122,-0.5991304347826087,-0.4782608695652174,-0.38608695652173913,8
1727,-0.5260869565217392,0.09274230003348495,-0.6317391304347826,-0.5565217391304348,-0.38304347826086954,8
1728,-0.5108695652173914,0.09220569591499345,-0.6317391304347826,-0.5130434782608696,-0.3769565217391304,8
1729,-0.5282608695652175,0.05989120571285177,-0.5826086956521739,-0.5478260869565217,-0.40956521739130436,8
1730,-0.34782608695652173,0.06209937763950305,-0.4373913043478261,-0.34782608695652173,-0.23565217391304344,8
1731,-0.5086956521739131,0.09905031086864799,-0.6634782608695652,-0.4956521739130435,-0.35739130434782607,8
1732,-0.5152173913043478,0.0740088892632574,-0.6113043478260869,-0.5391304347826087,-0.4260869565217391,8
1733,-0.4760869565217391,0.10414382232176941,-0.6226086956521739,-0.48695652173913045,-0.3165217391304348,8
1734,-0.4260869565217391,0.07530655685082076,-0.538695652173913,-0.4173913043478261,-0.3278260869565217,8
1735,-0.391304347826087,0.07969696860792765,-0.4895652173913044,-0.4173913043478261,-0.24695652173913044,8
1736,-0.40217391304347827,0.08561464638050094,-0.4956521739130435,-0.4260869565217391,-0.25304347826086954,8
1737,-0.5195652173913043,0.05495315069462841,-0.5969565217391304,-0.4956521739130435,-0.4608695652173913,8
1738,-0.4869565217391304,0.10542917959114903,-0.6082608695652174,-0.5304347826086957,-0.2991304347826087,8
1739,-0.5152173913043478,0.07502362576842346,-0.6369565217391304,-0.5130434782608696,-0.4117391304347826,8
1740,-0.45869565217391306,0.0794296778541092,-0.5304347826086957,-0.4956521739130435,-0.3278260869565217,8
1741,-0.5043478260869566,0.08157244799692921,-0.6543478260869565,-0.4782608695652174,-0.4117391304347826,8
1742,-0.4717391304347826,0.07272055949425098,-0.5765217391304347,-0.45217391304347826,-0.38,8
1743,-0.4434782608695652,0.10288834405390634,-0.5795652173913043,-0.4,-0.29086956521739127,8
1744,-0.46304347826086956,0.05460807255252378,-0.5447826086956521,-0.45217391304347826,-0.3943478260869565,8
1745,-0.5391304347826087,0.07275304578557179,-0.68,-0.5304347826086957,-0.44956521739130434,8
1746,-0.558695652173913,0.07676714601308511,-0.6921739130434783,-0.5391304347826087,-0.46695652173913044,8
1747,-0.49130434782608695,0.08419529013494385,-0.6339130434782608,-0.5043478260869565,-0.36869565217391304,8
1748,-0.508695652173913,0.10316356971917105,-0.708695652173913,-0.4782608695652174,-0.3973913043478261,8
1749,-0.567391304347826,0.045548536608167295,-0.6317391304347826,-0.5652173913043478,-0.5017391304347826,8
1750,-0.49782608695652175,0.12156431547839838,-0.6521739130434783,-0.49565217391304345,-0.3165217391304348,8
1751,-0.5760869565217391,0.06266754480608512,-0.7004347826086957,-0.5652173913043478,-0.5130434782608696,8
1752,-0.5434782608695652,0.06255432421712243,-0.6543478260869565,-0.5391304347826087,-0.4526086956521739,8
1753,-0.5521739130434783,0.06721576014669697,-0.6491304347826087,-0.5391304347826087,-0.4526086956521739,8
1754,-0.3934782608695652,0.11999921234776159,-0.6021739130434782,-0.3826086956521739,-0.2408695652173913,8
1755,-0.5304347826086957,0.09120076940610013,-0.6173913043478261,-0.5565217391304347,-0.36565217391304344,8
1756,-0.4934782608695652,0.10194238337124657,-0.6347826086956522,-0.4782608695652174,-0.3369565217391304,8
1757,-0.5869565217391304,0.09634139046156666,-0.758695652173913,-0.5478260869565217,-0.48130434782608694,8
1758,-0.5608695652173913,0.1368702281625843,-0.7813043478260869,-0.5565217391304347,-0.3317391304347826,8
1759,-0.6173913043478261,0.10434782608695652,-0.7504347826086957,-0.6,-0.43304347826086953,8
1760,-0.4695652173913043,0.0983800739042153,-0.6113043478260869,-0.46956521739130436,-0.2969565217391304,8
1761,-0.5847826086956521,0.04471079087218073,-0.6491304347826087,-0.5826086956521739,-0.5191304347826087,8
1762,-0.532608695652174,0.09302214302319421,-0.6491304347826087,-0.5478260869565217,-0.38304347826086954,8
1763,-0.5717391304347826,0.07219879089311136,-0.6778260869565218,-0.5913043478260869,-0.46391304347826084,8
1764,-0.5173913043478261,0.08283721253590282,-0.628695652173913,-0.5043478260869565,-0.4117391304347826,8
1765,-0.46739130434782605,0.07167322400797625,-0.5734782608695652,-0.4782608695652174,-0.33999999999999997,8
1766,-0.567391304347826,0.06356605007484106,-0.6521739130434783,-0.5478260869565217,-0.47304347826086957,8
1767,-0.5760869565217391,0.04914197632807527,-0.6347826086956522,-0.5739130434782609,-0.49869565217391304,8
1768,-0.45869565217391306,0.04554853660816732,-0.5273913043478261,-0.4608695652173913,-0.38304347826086954,8
1769,-0.5565217391304347,0.07480282840906631,-0.6543478260869565,-0.5826086956521739,-0.4126086956521739,8
1770,-0.4826086956521739,0.08237954487607138,-0.6052173913043478,-0.4956521739130435,-0.3369565217391304,8
1771,-0.4391304347826087,0.10056550874974242,-0.5304347826086957,-0.45217391304347826,-0.23652173913043475,8
1772,-0.5956521739130435,0.06008815200471848,-0.6665217391304348,-0.6173913043478261,-0.49869565217391304,8
1773,-0.5630434782608695,0.09503257823649736,-0.6982608695652174,-0.5739130434782609,-0.4147826086956522,8
1774,-0.5152173913043478,0.07502362576842346,-0.6,-0.5391304347826087,-0.38304347826086954,8
1775,-0.4891304347826087,0.11664416021996793,-0.6513043478260869,-0.48695652173913045,-0.2713043478260869,8
1776,-0.5413043478260869,0.05893670309446068,-0.6143478260869565,-0.5478260869565217,-0.44652173913043475,8
1777,-0.5347826086956522,0.0998107850717304,-0.6604347826086957,-0.5391304347826087,-0.3408695652173913,8
1778,-0.6108695652173913,0.09483345265733581,-0.7504347826086957,-0.6,-0.47,8
1779,-0.5065217391304349,0.07577576112144944,-0.6,-0.5130434782608696,-0.3943478260869565,8
1780,-0.5565217391304348,0.10825999650424983,-0.7413043478260869,-0.5478260869565217,-0.42913043478260865,8
1781,-0.45869565217391306,0.07602481934802481,-0.5795652173913043,-0.45217391304347826,-0.3739130434782609,8
1782,-0.5173913043478261,0.09555330859059091,-0.7034782608695652,-0.4782608695652174,-0.41782608695652174,8
1783,-0.5956521739130435,0.10352939912861442,-0.758695652173913,-0.5826086956521739,-0.4526086956521739,8
1784,-0.5239130434782608,0.10175678033450826,-0.7117391304347825,-0.5130434782608696,-0.37478260869565216,8
1785,-0.5217391304347825,0.05768043113661563,-0.6,-0.4956521739130435,-0.4608695652173913,8
1786,-0.5695652173913044,0.145441118988502,-0.712608695652174,-0.6260869565217391,-0.29086956521739127,8
1787,-0.5521739130434782,0.0832923654811653,-0.6891304347826087,-0.5478260869565217,-0.4434782608695652,8
1788,-0.5130434782608696,0.07874247946206449,-0.662608695652174,-0.5043478260869565,-0.41782608695652174,8
1789,-0.5847826086956522,0.049525155434324,-0.6747826086956522,-0.5652173913043478,-0.5334782608695653,8
1790,-0.4782608695652174,0.05360360002581717,-0.5704347826086956,-0.4782608695652174,-0.40869565217391307,8
1791,-0.5369565217391304,0.08014047213550766,-0.6521739130434783,-0.5391304347826087,-0.43217391304347824,8
1792,-0.5217391304347826,0.07826086956521738,-0.6317391304347826,-0.5217391304347827,-0.3973913043478261,8
1793,-0.5652173913043478,0.120176304009437,-0.6982608695652174,-0.5826086956521739,-0.3460869565217391,8
1794,-0.5391304347826087,0.10755927719002592,-0.6604347826086957,-0.5913043478260869,-0.3430434782608695,8
1795,-0.48043478260869565,0.10910791383764874,-0.6369565217391304,-0.5043478260869565,-0.3073913043478261,8
1796,-0.5217391304347825,0.08475473343312141,-0.5969565217391304,-0.5652173913043478,-0.36565217391304344,8
1797,-0.47391304347826085,0.06008815200471848,-0.5765217391304347,-0.45217391304347826,-0.3973913043478261,8
1798,-0.5152173913043478,0.059891205712851774,-0.6082608695652174,-0.5217391304347826,-0.4434782608695652,8
1799,-0.558695652173913,0.03578712528946592,-0.6,-0.5652173913043478,-0.49043478260869566,8
1800,-0.5,0.09355406431021746,-0.6491304347826087,-0.46956521739130436,-0.38,8
1801,-0.4739130434782609,0.0741683569966608,-0.5878260869565217,-0.4782608695652174,-0.3543478260869565,8
1802,-0.49782608695652175,0.13733556932249638,-0.7178260869565217,-0.5130434782608696,-0.2795652173913043,8
1803,-0.47173913043478266,0.11631958453627605,-0.6656521739130435,-0.4521739130434783,-0.3452173913043478,8
1804,-0.4717391304347826,0.07375302371168424,-0.5591304347826087,-0.48695652173913045,-0.3452173913043478,8
1805,-0.5608695652173912,0.09109707321633463,-0.6891304347826087,-0.5652173913043478,-0.38999999999999996,8
1806,-0.5130434782608695,0.10215078369104984,-0.668695652173913,-0.5217391304347826,-0.3430434782608695,8
1807,-0.5043478260869565,0.07826086956521738,-0.6369565217391304,-0.5043478260869565,-0.38608695652173913,8
1808,-0.5043478260869565,0.1338678636377448,-0.6891304347826087,-0.5130434782608695,-0.3165217391304348,8
1809,-0.5391304347826087,0.09760845356801587,-0.6634782608695652,-0.5478260869565217,-0.35521739130434776,8
1810,-0.46304347826086956,0.11873227656018587,-0.6369565217391304,-0.48695652173913045,-0.26739130434782604,8
1811,-0.47608695652173916,0.10486736604515076,-0.6565217391304348,-0.46956521739130436,-0.30826086956521737,8
1812,-0.5478260869565217,0.058976782461958845,-0.6430434782608696,-0.5478260869565217,-0.45565217391304347,8
1813,-0.5391304347826087,0.0891039197039965,-0.6808695652173913,-0.5391304347826087,-0.42913043478260865,8
1814,-0.567391304347826,0.04471079087218071,-0.6460869565217391,-0.5565217391304347,-0.5160869565217392,8
1815,-0.5130434782608695,0.04919003695210764,-0.5765217391304347,-0.5304347826086957,-0.43217391304347824,8
1816,-0.4934782608695652,0.08450344228511654,-0.6113043478260869,-0.4782608695652174,-0.391304347826087,8
1817,-0.3804347826086957,0.05212860351426871,-0.48043478260869565,-0.3739130434782609,-0.3247826086956521,8
1818,-0.558695652173913,0.09873969521022405,-0.6982608695652174,-0.5565217391304347,-0.38391304347826083,8
1819,-0.5,0.09192336744289552,-0.5969565217391304,-0.5130434782608696,-0.32869565217391306,8
1820,-0.5195652173913043,0.08200580919069571,-0.6430434782608696,-0.5217391304347826,-0.38608695652173913,8
1821,-0.517391304347826,0.08237954487607137,-0.5969565217391304,-0.5565217391304347,-0.35739130434782607,8
1822,-0.46304347826086956,0.07087756689957002,-0.6021739130434782,-0.4434782608695652,-0.3943478260869565,8
1823,-0.5565217391304348,0.05833220810869016,-0.6573913043478261,-0.5478260869565217,-0.47,8
1824,-0.523913043478261,0.07219879089311136,-0.6513043478260869,-0.5217391304347827,-0.41782608695652174,8
1825,-0.49782608695652175,0.050282754374871196,-0.5478260869565217,-0.5130434782608696,-0.4117391304347826,8
1826,-0.532608695652174,0.053911290294074966,-0.6113043478260869,-0.5391304347826087,-0.43826086956521737,8
1827,-0.4739130434782608,0.07050989017489936,-0.5652173913043478,-0.4782608695652174,-0.3739130434782609,8
1828,-0.5521739130434782,0.0694292148811796,-0.6491304347826087,-0.5478260869565217,-0.46391304347826084,8
1829,-0.40217391304347827,0.08822445168566534,-0.51,-0.3913043478260869,-0.29,8
1830,-0.4282608695652174,0.08177496901653925,-0.567391304347826,-0.4173913043478261,-0.3247826086956521,8
1831,-0.44999999999999996,0.08061085312060502,-0.5765217391304347,-0.4347826086956522,-0.3565217391304348,8
1832,-0.5456521739130434,0.0913819545955813,-0.7178260869565217,-0.4956521739130435,-0.46391304347826084,8
1833,-0.5,0.09475867268566682,-0.6491304347826087,-0.4782608695652174,-0.37173913043478257,8
1834,-0.4782608695652174,0.07480282840906631,-0.6021739130434782,-0.48695652173913045,-0.3769565217391304,8
1835,-0.5239130434782608,0.09403273371253117,-0.6604347826086957,-0.5217391304347826,-0.37478260869565216,8
1836,-0.5108695652173914,0.10450622036279926,-0.6634782608695652,-0.5217391304347827,-0.3769565217391304,8
1837,-0.567391304347826,0.08084501731211763,-0.6778260869565218,-0.5826086956521739,-0.43217391304347824,8
1838,-0.5608695652173914,0.12351193662036339,-0.792608695652174,-0.5217391304347827,-0.40652173913043477,8
1839,-0.5152173913043478,0.08886492798247694,-0.68,-0.48695652173913045,-0.4117391304347826,8
1840,-0.5326086956521738,0.08627449927384534,-0.6460869565217391,-0.5391304347826087,-0.3778260869565217,8
1841,-0.42391304347826086,0.05529607539989959,-0.4926086956521739,-0.4260869565217391,-0.3421739130434782,8
1842,-0.49565217391304345,0.07010658911563955,-0.5652173913043478,-0.5217391304347827,-0.36869565217391304,8
1843,-0.5260869565217391,0.09515682012277953,-0.6604347826086957,-0.5217391304347827,-0.3521739130434782,8
1844,-0.43260869565217386,0.08649333158294678,-0.5478260869565217,-0.4260869565217391,-0.3247826086956521,8
1845,-0.5195652173913043,0.0620613148853052,-0.6,-0.4956521739130435,-0.4352173913043478,8
1846,-0.5717391304347826,0.04990539253586519,-0.6604347826086957,-0.5565217391304347,-0.5160869565217392,8
1847,-0.5,0.04412561550040094,-0.5652173913043478,-0.4782608695652174,-0.44652173913043475,8
1848,-0.4217391304347826,0.07157425057893188,-0.5130434782608696,-0.40869565217391307,-0.31043478260869567,8
1849,-0.5347826086956522,0.07262301342821766,-0.6143478260869565,-0.5565217391304348,-0.40347826086956523,8
1850,-0.4826086956521739,0.08419529013494384,-0.6113043478260869,-0.4782608695652174,-0.3769565217391304,8
1851,-0.44130434782608696,0.06980258416522749,-0.5499999999999999,-0.4608695652173913,-0.3391304347826087,8
1852,-0.48043478260869565,0.0502827543748712,-0.5704347826086956,-0.4782608695652174,-0.4117391304347826,8
1853,-0.5652173913043479,0.07064381221422575,-0.7004347826086957,-0.5478260869565217,-0.4956521739130435,8
1854,-0.558695652173913,0.08246555103648114,-0.6869565217391305,-0.5391304347826087,-0.46391304347826084,8
1855,-0.38913043478260867,0.07400888926325741,-0.5152173913043478,-0.391304347826087,-0.278695652173913,8
1856,-0.5717391304347825,0.03882732847715598,-0.628695652173913,-0.5826086956521739,-0.5047826086956522,8
1857,-0.45217391304347826,0.08475473343312143,-0.5591304347826087,-0.4608695652173913,-0.30217391304347824,8
1858,-0.6043478260869566,0.05342698142367178,-0.6695652173913044,-0.6,-0.5108695652173914,8
1859,-0.5282608695652173,0.06296847112156626,-0.6482608695652174,-0.5217391304347827,-0.44956521739130434,8
1860,-0.37173913043478257,0.05597562256340754,-0.4547826086956522,-0.3652173913043478,-0.2817391304347826,8
1861,-0.5043478260869565,0.05499613322031964,-0.6052173913043478,-0.48695652173913045,-0.4434782608695652,8
1862,-0.532608695652174,0.03187582238829385,-0.5908695652173913,-0.5304347826086957,-0.4956521739130435,8
1863,-0.5543478260869565,0.04836651187236301,-0.6430434782608696,-0.5478260869565217,-0.49869565217391304,8
1864,-0.4565217391304348,0.07262301342821768,-0.5960869565217392,-0.4434782608695652,-0.3769565217391304,8
1865,-0.5695652173913044,0.09109707321633463,-0.6839130434782609,-0.5652173913043478,-0.44956521739130434,8
1866,-0.5282608695652173,0.10082364022004547,-0.6491304347826087,-0.5304347826086957,-0.38,8
1867,-0.5369565217391303,0.09443394186510205,-0.6717391304347826,-0.5565217391304347,-0.37173913043478257,8
1868,-0.5760869565217391,0.0864933315829468,-0.7156521739130435,-0.5565217391304347,-0.4526086956521739,8
1869,-0.5152173913043478,0.1592604600642814,-0.6665217391304348,-0.5652173913043478,-0.2182608695652174,8
1870,-0.532608695652174,0.09582494278493127,-0.6891304347826087,-0.5130434782608696,-0.40043478260869564,8
1871,-0.47608695652173916,0.1004479569751993,-0.64,-0.4434782608695652,-0.3626086956521739,8
1872,-0.5304347826086956,0.08475473343312141,-0.6573913043478261,-0.5217391304347826,-0.4117391304347826,8
1873,-0.5717391304347826,0.08061085312060504,-0.6347826086956522,-0.6173913043478261,-0.42913043478260865,8
1874,-0.3652173913043478,0.11337743313395911,-0.4782608695652174,-0.4,-0.17130434782608694,8
1875,-0.5521739130434783,0.055509327542624796,-0.6173913043478261,-0.5478260869565217,-0.45565217391304347,8
1876,-0.5021739130434782,0.07061035551700744,-0.6226086956521739,-0.48695652173913045,-0.4147826086956522,8
1877,-0.5260869565217392,0.06833145063261613,-0.6113043478260869,-0.5304347826086957,-0.3952173913043478,8
1878,-0.5782608695652174,0.0800519679979216,-0.6839130434782609,-0.5652173913043479,-0.46695652173913044,8
1879,-0.5043478260869565,0.08385783270428655,-0.628695652173913,-0.4956521739130435,-0.37173913043478257,8
1880,-0.37173913043478257,0.10450622036279926,-0.5447826086956521,-0.3217391304347826,-0.24695652173913044,8
1881,-0.4869565217391304,0.07580693814853344,-0.6339130434782608,-0.46956521739130436,-0.40869565217391307,8
1882,-0.43043478260869567,0.06608123545030725,-0.5273913043478261,-0.4,-0.3595652173913043,8
1883,-0.5304347826086957,0.06024524548065659,-0.6143478260869565,-0.5391304347826087,-0.44652173913043475,8
1884,-0.43043478260869567,0.06375164477658773,-0.538695652173913,-0.4173913043478261,-0.3452173913043478,8
1885,-0.3978260869565218,0.052848894700622685,-0.4608695652173913,-0.4,-0.30217391304347824,8
1886,-0.5456521739130435,0.06532599652746399,-0.628695652173913,-0.5565217391304347,-0.4352173913043478,8
1887,-0.532608695652174,0.07298004491997616,-0.6256521739130435,-0.5478260869565217,-0.4117391304347826,8
1888,-0.5217391304347826,0.04841534228547843,-0.5826086956521739,-0.5217391304347827,-0.43826086956521737,8
1889,-0.44565217391304346,0.05925657900190873,-0.5560869565217391,-0.4173913043478261,-0.391304347826087,8
1890,-0.48913043478260865,0.08779487176655944,-0.6052173913043478,-0.5130434782608696,-0.3369565217391304,8
1891,-0.5717391304347825,0.08692934357883568,-0.7034782608695652,-0.5913043478260869,-0.4352173913043478,8
1892,-0.5152173913043478,0.07701299819094934,-0.6339130434782608,-0.5478260869565217,-0.4117391304347826,8
1893,-0.46739130434782605,0.06953124170312813,-0.5652173913043478,-0.45217391304347826,-0.38,8
1894,-0.46521739130434786,0.0846431405823121,-0.5591304347826087,-0.48695652173913045,-0.30521739130434783,8
1895,-0.5217391304347827,0.049952718665548075,-0.6052173913043478,-0.5217391304347827,-0.43826086956521737,8
1896,-0.523913043478261,0.03360788007334847,-0.5795652173913043,-0.5217391304347827,-0.48130434782608694,8
1897,-0.5108695652173914,0.06474466352971925,-0.6082608695652174,-0.5130434782608695,-0.41782608695652174,8
1898,-0.47391304347826085,0.07910176260287066,-0.6021739130434782,-0.46956521739130436,-0.3626086956521739,8
1899,-0.5260869565217392,0.07262301342821768,-0.662608695652174,-0.5217391304347827,-0.42391304347826086,8
1900,-0.34782608695652173,0.10103434816193262,-0.5121739130434783,-0.3652173913043478,-0.20304347826086958,8
1901,-0.27391304347826084,0.08283721253590283,-0.3708695652173913,-0.28695652173913044,-0.12826086956521737,8
1902,-0.6021739130434782,0.08971178383462325,-0.7443478260869565,-0.6,-0.48434782608695653,8
1903,-0.4434782608695652,0.08564224175474873,-0.5704347826086956,-0.4434782608695652,-0.3165217391304348,8
1904,-0.3586956521739131,0.09931238070000364,-0.4547826086956522,-0.3739130434782609,-0.15260869565217386,8
1905,-0.5130434782608696,0.0860825646661884,-0.6460869565217391,-0.4782608695652174,-0.4117391304347826,8
1906,-0.5347826086956522,0.11527890072663351,-0.6891304347826087,-0.5565217391304348,-0.3452173913043478,8
1907,-0.4739130434782609,0.0868477580671225,-0.5795652173913043,-0.4782608695652174,-0.3565217391304348,8
1908,-0.5065217391304349,0.06675718492514819,-0.6113043478260869,-0.5043478260869565,-0.4117391304347826,8
1909,-0.5152173913043478,0.10486736604515073,-0.6317391304347826,-0.5391304347826087,-0.3226086956521739,8
1910,-0.508695652173913,0.06997163886709165,-0.5969565217391304,-0.5217391304347827,-0.38608695652173913,8
1911,-0.48478260869565215,0.11268756680603857,-0.6634782608695652,-0.4782608695652174,-0.3421739130434782,8
1912,-0.6173913043478261,0.09284415871331575,-0.7843478260869565,-0.6260869565217391,-0.49043478260869566,8
1913,-0.5456521739130434,0.03187582238829384,-0.5826086956521739,-0.5391304347826087,-0.49869565217391304,8
1914,-0.4608695652173913,0.08952721861727825,-0.5478260869565217,-0.5043478260869565,-0.3134782608695652,8
1915,-0.4608695652173913,0.10028315299713736,-0.6421739130434783,-0.43478260869565216,-0.3226086956521739,8
1916,-0.3978260869565217,0.10432517870175502,-0.5417391304347826,-0.3826086956521739,-0.2726086956521739,8
1917,-0.55,0.0909672867517725,-0.6491304347826087,-0.5826086956521739,-0.3778260869565217,8
1918,-0.48043478260869565,0.056647018351284266,-0.5591304347826087,-0.4956521739130435,-0.3943478260869565,8
1919,-0.5326086956521738,0.098163668738049,-0.6460869565217391,-0.5652173913043478,-0.35739130434782607,8
1920,-0.45217391304347826,0.07327086759283791,-0.5560869565217391,-0.46956521739130436,-0.3421739130434782,8
1921,-0.41304347826086957,0.06492688923073078,-0.521304347826087,-0.408695652173913,-0.3165217391304348,8
1922,-0.4217391304347826,0.06833145063261614,-0.4782608695652174,-0.4608695652173913,-0.3073913043478261,8
1923,-0.5630434782608695,0.08177496901653925,-0.6921739130434783,-0.5478260869565217,-0.46391304347826084,8
1924,-0.5173913043478261,0.06942921488117959,-0.6113043478260869,-0.5217391304347826,-0.41782608695652174,8
1925,-0.5282608695652173,0.10806337844901365,-0.6921739130434783,-0.5130434782608696,-0.36565217391304344,8
1926,-0.49782608695652175,0.05460807255252377,-0.5765217391304347,-0.4956521739130435,-0.4117391304347826,8
1927,-0.508695652173913,0.10569778940124537,-0.6573913043478261,-0.5130434782608695,-0.3369565217391304,8
1928,-0.5021739130434782,0.08472684899958727,-0.6226086956521739,-0.5217391304347826,-0.36565217391304344,8
1929,-0.5326086956521738,0.0611407004801097,-0.6317391304347826,-0.5217391304347827,-0.4608695652173913,8
1930,-0.45652173913043476,0.08684775806712251,-0.5847826086956521,-0.4608695652173913,-0.3165217391304348,8
1931,-0.5260869565217392,0.11127377297451936,-0.6665217391304348,-0.5043478260869565,-0.3943478260869565,8
1932,-0.5391304347826087,0.09760845356801585,-0.6347826086956522,-0.5478260869565217,-0.34913043478260863,8
1933,-0.44130434782608696,0.09423355131170975,-0.5878260869565217,-0.4434782608695652,-0.3073913043478261,8
1934,-0.5760869565217391,0.08692934357883567,-0.7382608695652173,-0.5391304347826087,-0.48434782608695653,8
1935,-0.4565217391304348,0.04237736671656072,-0.51,-0.4608695652173913,-0.38,8
1936,-0.4108695652173913,0.10341521645448953,-0.5869565217391304,-0.40869565217391307,-0.24173913043478257,8
1937,-0.508695652173913,0.048997511606889754,-0.5765217391304347,-0.5217391304347827,-0.42913043478260865,8
1938,-0.44565217391304346,0.06871078534469177,-0.5447826086956521,-0.4347826086956522,-0.3595652173913043,8
1939,-0.45,0.09562746716488162,-0.5591304347826087,-0.4782608695652174,-0.29,8
1940,-0.5543478260869564,0.08561464638050095,-0.6665217391304348,-0.5652173913043478,-0.43217391304347824,8
1941,-0.517391304347826,0.09109707321633463,-0.6747826086956522,-0.4608695652173913,-0.42913043478260865,8
1942,-0.5608695652173913,0.06721576014669697,-0.6460869565217391,-0.5739130434782609,-0.4413043478260869,8
1943,-0.4260869565217391,0.05768043113661566,-0.51,-0.408695652173913,-0.3595652173913043,8
1944,-0.44565217391304346,0.07246014483695198,-0.5817391304347825,-0.4434782608695652,-0.3739130434782609,8
1945,-0.46739130434782605,0.048366511872363016,-0.5591304347826087,-0.4434782608695652,-0.4260869565217391,8
1946,-0.5021739130434782,0.10540676454261441,-0.6460869565217391,-0.46956521739130436,-0.38,8
1947,-0.4326086956521739,0.09117485641526421,-0.5447826086956521,-0.43478260869565216,-0.26217391304347826,8
1948,-0.5413043478260869,0.06618842325060142,-0.6143478260869565,-0.5652173913043478,-0.4434782608695652,8
1949,-0.5282608695652173,0.10665475280031372,-0.6665217391304348,-0.5478260869565217,-0.3943478260869565,8
1950,-0.4869565217391304,0.06679257172059658,-0.6052173913043478,-0.48695652173913045,-0.3973913043478261,8
1951,-0.45,0.13157113696846964,-0.6317391304347826,-0.40869565217391307,-0.24478260869565213,8
1952,-0.48043478260869565,0.08539356235392327,-0.6195652173913043,-0.4608695652173913,-0.3626086956521739,8
1953,-0.5608695652173914,0.07765465695431195,-0.6747826086956522,-0.5826086956521739,-0.42695652173913046,8
1954,-0.3913043478260869,0.09760845356801585,-0.5643478260869565,-0.3826086956521739,-0.2726086956521739,8
1955,-0.6260869565217391,0.06448868249648404,-0.736086956521739,-0.6,-0.5539130434782608,8
1956,-0.5260869565217392,0.07568215298056179,-0.6430434782608696,-0.5130434782608695,-0.43217391304347824,8
1957,-0.5608695652173913,0.06777590116573867,-0.6634782608695652,-0.5478260869565217,-0.45565217391304347,8
1958,-0.5152173913043478,0.08843845916003475,-0.6317391304347826,-0.5304347826086957,-0.3769565217391304,8
1959,-0.49782608695652175,0.0779886570202265,-0.5939130434782608,-0.5130434782608696,-0.36869565217391304,8
1960,-0.5804347826086956,0.07193648742510564,-0.6665217391304348,-0.6,-0.46695652173913044,8
1961,-0.4891304347826087,0.09719603872220937,-0.6369565217391304,-0.48695652173913045,-0.3626086956521739,8
1962,-0.5652173913043479,0.10103434816193259,-0.7239130434782608,-0.5652173913043478,-0.40652173913043477,8
1963,-0.5478260869565217,0.10215078369104982,-0.7208695652173913,-0.5304347826086957,-0.42913043478260865,8
1964,-0.5804347826086956,0.06980258416522747,-0.7147826086956521,-0.5739130434782609,-0.49869565217391304,8
1965,-0.5217391304347826,0.04518393411049243,-0.5652173913043478,-0.5304347826086957,-0.44652173913043475,8
1966,-0.49347826086956514,0.10082364022004547,-0.6082608695652174,-0.5391304347826087,-0.3247826086956521,8
1967,-0.5,0.10886942630912098,-0.6143478260869565,-0.5304347826086957,-0.31043478260869567,8
1968,-0.5282608695652173,0.07298004491997616,-0.628695652173913,-0.5391304347826087,-0.40347826086956523,8
1969,-0.5630434782608695,0.072460144836952,-0.7034782608695652,-0.5478260869565217,-0.48130434782608694,8
1970,-0.567391304347826,0.08583516096695493,-0.6891304347826087,-0.6,-0.42086956521739133,8
1971,-0.5021739130434782,0.07725806801702984,-0.6308695652173913,-0.5130434782608696,-0.38304347826086954,8
1972,-0.48478260869565215,0.07426387327190748,-0.5908695652173913,-0.5130434782608696,-0.3769565217391304,8
1973,-0.49782608695652175,0.12493854822174794,-0.6808695652173913,-0.4434782608695652,-0.3626086956521739,8
1974,-0.49130434782608695,0.05271458979557453,-0.5591304347826087,-0.4956521739130435,-0.38913043478260867,8
1975,-0.47608695652173916,0.04637115001674247,-0.5417391304347826,-0.4782608695652174,-0.40869565217391307,8
1976,-0.3565217391304348,0.04919003695210765,-0.4404347826086956,-0.34782608695652173,-0.30434782608695654,8
1977,-0.49347826086956526,0.07193648742510565,-0.5878260869565217,-0.5130434782608696,-0.35739130434782607,8
1978,-0.44565217391304346,0.09013222800707774,-0.5560869565217391,-0.45217391304347826,-0.26826086956521733,8
1979,-0.5521739130434782,0.058816301123776865,-0.6347826086956522,-0.5478260869565217,-0.4782608695652174,8
1980,-0.576086956521739,0.07375302371168424,-0.6634782608695652,-0.5913043478260869,-0.4413043478260869,8
1981,-0.5065217391304349,0.0569797496612224,-0.5908695652173913,-0.5043478260869565,-0.41782608695652174,8
1982,-0.5717391304347826,0.09523128745134567,-0.7413043478260869,-0.5391304347826087,-0.46391304347826084,8
1983,-0.4608695652173913,0.07679792057676388,-0.6165217391304347,-0.43478260869565216,-0.3943478260869565,8
1984,-0.5869565217391305,0.06550660510138853,-0.6778260869565218,-0.6,-0.48130434782608694,8
1985,-0.5239130434782608,0.07871246517492031,-0.6317391304347826,-0.5217391304347827,-0.4117391304347826,8
1986,-0.5565217391304347,0.06507230237867724,-0.628695652173913,-0.5739130434782609,-0.4352173913043478,8
1987,-0.4869565217391304,0.09683068457095688,-0.6143478260869565,-0.48695652173913045,-0.3226086956521739,8
1988,-0.5760869565217391,0.09075924237020916,-0.7156521739130435,-0.5739130434782609,-0.44652173913043475,8
1989,-0.5239130434782608,0.06445203078423299,-0.6226086956521739,-0.5217391304347826,-0.42086956521739133,8
1990,-0.408695652173913,0.08652064670492349,-0.5243478260869565,-0.4,-0.2643478260869565,8
1991,-0.5152173913043478,0.07087756689957002,-0.6256521739130435,-0.5304347826086957,-0.4117391304347826,8
1992,-0.5065217391304349,0.06788041302606952,-0.6,-0.5043478260869565,-0.4147826086956522,8
1993,-0.5173913043478261,0.07467636537964202,-0.6317391304347826,-0.48695652173913045,-0.41782608695652174,8
1994,-0.5065217391304347,0.09241048394274905,-0.6460869565217391,-0.5043478260869565,-0.3943478260869565,8
1995,-0.5652173913043479,0.12985377846146157,-0.7330434782608696,-0.5304347826086957,-0.34913043478260863,8
1996,-0.5086956521739131,0.08508863387296053,-0.6113043478260869,-0.5391304347826087,-0.36565217391304344,8
1997,-0.5891304347826087,0.06326796613415325,-0.6891304347826087,-0.6086956521739131,-0.49869565217391304,8
1998,-0.5065217391304347,0.0936298063798175,-0.6317391304347826,-0.5217391304347826,-0.391304347826087,8
1999,-0.5456521739130435,0.05248998464195492,-0.5969565217391304,-0.5652173913043478,-0.4413043478260869,8
2000,-0.4608695652173913,0.06622411396403395,-0.5652173913043478,-0.45217391304347826,-0.38,8
2001,-0.6086956521739131,0.07327086759283791,-0.7186956521739131,-0.5913043478260869,-0.5160869565217392,8
2002,-0.5478260869565217,0.09838007390421528,-0.7239130434782608,-0.5391304347826087,-0.41782608695652174,8
2003,-0.5499999999999999,0.09931238070000366,-0.7065217391304348,-0.5652173913043478,-0.4147826086956522,8
2004,-0.5369565217391304,0.06843511408129214,-0.628695652173913,-0.5565217391304347,-0.4434782608695652,8
2005,-0.43043478260869567,0.05816994852286807,-0.5243478260869565,-0.4260869565217391,-0.3452173913043478,8
2006,-0.4478260869565217,0.056855203611400104,-0.5130434782608696,-0.4608695652173913,-0.34826086956521735,8
2007,-0.5239130434782608,0.053559499977195286,-0.5969565217391304,-0.5217391304347826,-0.44956521739130434,8
2008,-0.44565217391304346,0.0740088892632574,-0.5817391304347825,-0.43478260869565216,-0.3452173913043478,8
2009,-0.5195652173913043,0.09950254340300703,-0.6778260869565218,-0.5043478260869565,-0.38,8
2010,-0.5478260869565217,0.09365504012407833,-0.6665217391304348,-0.5391304347826087,-0.4434782608695652,8
2011,-0.5347826086956522,0.06608123545030722,-0.6173913043478261,-0.5304347826086957,-0.4126086956521739,8
2012,-0.5304347826086957,0.08519964322724097,-0.6860869565217391,-0.5217391304347827,-0.41782608695652174,8
2013,-0.47608695652173916,0.06532599652746397,-0.5765217391304347,-0.46956521739130436,-0.38,8
2014,-0.5695652173913044,0.09192336744289556,-0.7095652173913044,-0.5739130434782609,-0.43217391304347824,8
2015,-0.5478260869565217,0.12358843829175561,-0.6952173913043479,-0.5913043478260869,-0.3421739130434782,8
2016,-0.5065217391304349,0.06843511408129214,-0.6226086956521739,-0.5043478260869565,-0.4147826086956522,8
2017,-0.5847826086956522,0.05102910693176304,-0.6460869565217391,-0.6,-0.48739130434782607,8
2018,-0.45652173913043476,0.07467636537964202,-0.5621739130434782,-0.4608695652173913,-0.34826086956521735,8
2019,-0.5108695652173912,0.06532599652746399,-0.5969565217391304,-0.5043478260869565,-0.42913043478260865,8
2020,-0.4782608695652174,0.08385783270428655,-0.5795652173913043,-0.48695652173913045,-0.3452173913043478,8
2021,-0.5543478260869565,0.0747712327039993,-0.6604347826086957,-0.5565217391304347,-0.42391304347826086,8
2022,-0.567391304347826,0.07942967785410916,-0.6521739130434783,-0.5913043478260869,-0.4156521739130435,8
2023,-0.6304347826086956,0.067215760146697,-0.7556521739130435,-0.6260869565217391,-0.5508695652173913,8
2024,-0.5478260869565218,0.07327086759283791,-0.6347826086956522,-0.5391304347826087,-0.43217391304347824,8
2025,-0.4391304347826087,0.0600881520047185,-0.51,-0.45217391304347826,-0.3226086956521739,8
2026,-0.4826086956521739,0.11395949932244483,-0.6256521739130435,-0.5217391304347826,-0.3134782608695652,8
2027,-0.5717391304347826,0.07061035551700746,-0.6808695652173913,-0.5652173913043478,-0.46695652173913044,8
2028,-0.5434782608695652,0.09151115295586605,-0.6921739130434783,-0.5130434782608696,-0.43217391304347824,8
2029,-0.5478260869565217,0.07777627747825355,-0.6573913043478261,-0.5652173913043478,-0.42913043478260865,8
2030,-0.5434782608695652,0.11755222464865889,-0.7413043478260869,-0.5130434782608696,-0.3943478260869565,8
2031,-0.5760869565217391,0.09873969521022401,-0.7208695652173913,-0.5826086956521739,-0.40652173913043477,8
2032,-0.46086956521739136,0.10860866084171127,-0.6482608695652174,-0.4347826086956522,-0.30521739130434783,8
2033,-0.5543478260869565,0.03784107649028087,-0.6143478260869565,-0.5391304347826087,-0.5130434782608696,8
2034,-0.49347826086956526,0.08315039782132727,-0.5795652173913043,-0.5130434782608696,-0.3317391304347826,8
2035,-0.5282608695652173,0.0703421290754932,-0.6256521739130435,-0.5565217391304347,-0.42913043478260865,8
2036,-0.5565217391304348,0.1079102056173118,-0.6634782608695652,-0.5913043478260869,-0.34913043478260863,8
2037,-0.5369565217391304,0.09641494287624645,-0.6921739130434783,-0.5391304347826087,-0.38913043478260867,8
2038,-0.4782608695652174,0.04170288281141494,-0.5417391304347826,-0.4782608695652174,-0.40347826086956523,8
2039,-0.5739130434782609,0.07480282840906631,-0.6634782608695652,-0.5913043478260869,-0.4413043478260869,8
2040,-0.5826086956521739,0.06209937763950304,-0.6778260869565218,-0.5826086956521739,-0.4956521739130435,8
2041,-0.4934782608695652,0.08843845916003475,-0.6082608695652174,-0.5043478260869565,-0.32565217391304346,8
2042,-0.4369565217391304,0.04757841006138974,-0.5295652173913044,-0.43478260869565216,-0.38,8
2043,-0.4673913043478261,0.06898535501140186,-0.5734782608695652,-0.4782608695652174,-0.36565217391304344,8
2044,-0.5173913043478261,0.07314175583156836,-0.628695652173913,-0.5130434782608696,-0.40347826086956523,8
2045,-0.4826086956521739,0.08374504471416618,-0.6082608695652174,-0.48695652173913045,-0.3626086956521739,8
2046,-0.5260869565217392,0.09634139046156669,-0.668695652173913,-0.5304347826086957,-0.3521739130434782,8
2047,-0.5065217391304347,0.04254431693648025,-0.5652173913043478,-0.48695652173913045,-0.4608695652173913,8
2048,-0.55,0.1052272722633126,-0.6860869565217391,-0.5739130434782609,-0.34913043478260863,8
2049,-0.45869565217391306,0.08450344228511654,-0.5795652173913043,-0.4434782608695652,-0.31956521739130433,8
2050,-0.5956521739130435,0.09314906645925455,-0.701304347826087,-0.6173913043478261,-0.42695652173913046,8
2051,-0.4434782608695652,0.1127085338853541,-0.6165217391304347,-0.45217391304347826,-0.26739130434782604,8
2052,-0.5565217391304348,0.07223151185146151,-0.6347826086956522,-0.5739130434782609,-0.42695652173913046,8
2053,-0.5956521739130435,0.08942158174436143,-0.7269565217391304,-0.6,-0.4526086956521739,8
2054,-0.5195652173913043,0.0711437746606677,-0.64,-0.5130434782608696,-0.40652173913043477,8
2055,-0.5195652173913043,0.0838296499332993,-0.668695652173913,-0.5043478260869565,-0.40347826086956523,8
2056,-0.5434782608695652,0.059455627526858006,-0.6256521739130435,-0.5478260869565217,-0.43826086956521737,8
2057,-0.5239130434782608,0.07219879089311136,-0.6256521739130435,-0.5304347826086957,-0.39217391304347826,8
2058,-0.5695652173913044,0.07262301342821767,-0.6665217391304348,-0.5826086956521739,-0.4782608695652174,8
2059,-0.43043478260869567,0.08419529013494384,-0.5499999999999999,-0.45217391304347826,-0.29304347826086957,8
2060,-0.5282608695652173,0.08450344228511655,-0.6665217391304348,-0.4956521739130435,-0.42086956521739133,8
2061,-0.5717391304347825,0.07167322400797627,-0.7004347826086957,-0.5652173913043478,-0.47,8
2062,-0.558695652173913,0.09912185317546084,-0.7208695652173913,-0.5478260869565217,-0.43217391304347824,8
2063,-0.5021739130434782,0.06732114159653052,-0.6082608695652174,-0.48695652173913045,-0.39217391304347826,8
2064,-0.46739130434782605,0.08472684899958728,-0.5878260869565217,-0.4608695652173913,-0.3143478260869565,8
2065,-0.5043478260869565,0.08157244799692921,-0.64,-0.48695652173913045,-0.38608695652173913,8
2066,-0.5347826086956522,0.06942921488117962,-0.6317391304347826,-0.5391304347826087,-0.42913043478260865,8
2067,-0.45869565217391306,0.09261481914843822,-0.6134782608695653,-0.4608695652173913,-0.30521739130434783,8
2068,-0.5978260869565217,0.04637115001674246,-0.6491304347826087,-0.6173913043478261,-0.5160869565217392,8
2069,-0.4608695652173913,0.08564224175474874,-0.5734782608695652,-0.4956521739130435,-0.3247826086956521,8
2070,-0.5260869565217392,0.08145649563128345,-0.6317391304347826,-0.5217391304347826,-0.42913043478260865,8
2071,-0.5195652173913043,0.09075924237020913,-0.6317391304347826,-0.5304347826086957,-0.3769565217391304,8
2072,-0.40869565217391307,0.06270523957328678,-0.5182608695652174,-0.391304347826087,-0.3278260869565217,8
2073,-0.3847826086956522,0.08736317955395703,-0.4608695652173913,-0.40869565217391307,-0.2069565217391304,8
2074,-0.5826086956521739,0.07969696860792766,-0.7095652173913044,-0.5913043478260869,-0.46695652173913044,8
2075,-0.48478260869565215,0.102127649100403,-0.64,-0.48695652173913045,-0.3278260869565217,8
2076,-0.4434782608695652,0.06735623210795508,-0.5417391304347826,-0.4347826086956522,-0.34826086956521735,8
2077,-0.6000000000000001,0.08064016083039745,-0.7156521739130435,-0.5913043478260869,-0.47304347826086957,8
2078,-0.5326086956521738,0.09423355131170975,-0.68,-0.5391304347826087,-0.36652173913043473,8
2079,-0.5173913043478261,0.10782258058814995,-0.6543478260869565,-0.5304347826086957,-0.30913043478260865,8
2080,-0.5673913043478261,0.07652050394260018,-0.6665217391304348,-0.5478260869565217,-0.46391304347826084,8
2081,-0.5369565217391304,0.07871246517492032,-0.6973913043478261,-0.5043478260869565,-0.46391304347826084,8
2082,-0.4608695652173913,0.08519964322724097,-0.5591304347826087,-0.48695652173913045,-0.30217391304347824,8
2083,-0.508695652173913,0.04662524041201566,-0.5621739130434782,-0.5130434782608696,-0.42086956521739133,8
2084,-0.5434782608695652,0.06133363469419949,-0.6430434782608696,-0.5391304347826087,-0.4526086956521739,8
2085,-0.5086956521739131,0.10094075448907738,-0.6891304347826087,-0.4956521739130435,-0.40869565217391307,8
2086,-0.5021739130434782,0.10718515683148737,-0.7056521739130435,-0.5043478260869565,-0.36565217391304344,8
2087,-0.5304347826086957,0.07480282840906631,-0.6369565217391304,-0.5391304347826087,-0.39217391304347826,8
2088,-0.49347826086956526,0.07140899002459496,-0.6226086956521739,-0.46956521739130436,-0.40043478260869564,8
2089,-0.5260869565217392,0.07365684498303222,-0.6143478260869565,-0.5391304347826087,-0.40347826086956523,8
2090,-0.517391304347826,0.06550660510138853,-0.6,-0.5217391304347826,-0.42913043478260865,8
2091,-0.5217391304347826,0.09365504012407833,-0.6347826086956522,-0.5304347826086957,-0.36869565217391304,8
2092,-0.517391304347826,0.06608123545030721,-0.5795652173913043,-0.5478260869565217,-0.3973913043478261,8
2093,-0.5021739130434782,0.09719603872220937,-0.6430434782608696,-0.4782608695652174,-0.391304347826087,8
2094,-0.3804347826086957,0.07114377466066771,-0.4865217391304348,-0.391304347826087,-0.2726086956521739,8
2095,-0.40869565217391307,0.07580693814853347,-0.5243478260869565,-0.40869565217391307,-0.28478260869565214,8
2096,-0.5217391304347826,0.07728864710709207,-0.628695652173913,-0.5217391304347827,-0.40043478260869564,8
2097,-0.5304347826086956,0.10930265295631769,-0.6808695652173913,-0.5652173913043478,-0.36565217391304344,8
2098,-0.5391304347826087,0.09078527399052651,-0.7178260869565217,-0.5217391304347827,-0.44652173913043475,8
2099,-0.5521739130434783,0.08684775806712251,-0.6778260869565218,-0.5391304347826087,-0.40956521739130436,8
2100,-0.5695652173913044,0.03663543379641895,-0.6317391304347826,-0.5565217391304347,-0.5304347826086957,8
2101,-0.48478260869565215,0.06386274270247122,-0.5621739130434782,-0.48695652173913045,-0.37173913043478257,8
2102,-0.5978260869565217,0.10194238337124654,-0.7330434782608696,-0.6086956521739131,-0.42086956521739133,8
2103,-0.45869565217391306,0.07552588159147919,-0.5304347826086957,-0.48695652173913045,-0.3421739130434782,8
2104,-0.45869565217391306,0.1026814406836482,-0.5591304347826087,-0.5043478260869565,-0.25913043478260867,8
2105,-0.5173913043478261,0.04326032335246172,-0.5908695652173913,-0.5130434782608696,-0.44956521739130434,8
2106,-0.532608695652174,0.09661080888386508,-0.6665217391304348,-0.5130434782608696,-0.40043478260869564,8
2107,-0.45869565217391306,0.10082364022004547,-0.5417391304347826,-0.5043478260869565,-0.2478260869565217,8
2108,-0.5043478260869565,0.08295123490582136,-0.6460869565217391,-0.46956521739130436,-0.4260869565217391,8
2109,-0.46304347826086956,0.07502362576842347,-0.5734782608695652,-0.45217391304347826,-0.3369565217391304,8
2110,-0.4347826086956522,0.0596143878295743,-0.51,-0.43478260869565216,-0.3226086956521739,8
2111,-0.5347826086956522,0.05342698142367176,-0.6,-0.5478260869565217,-0.44956521739130434,8
2112,-0.508695652173913,0.04326032335246173,-0.5765217391304347,-0.5130434782608696,-0.4352173913043478,8
2113,-0.5108695652173912,0.07942967785410915,-0.5826086956521739,-0.5478260869565217,-0.36565217391304344,8
2114,-0.5369565217391303,0.10359784832559873,-0.7178260869565217,-0.4956521739130435,-0.4434782608695652,8
2115,-0.5152173913043478,0.05176469956430719,-0.5826086956521739,-0.5043478260869565,-0.44652173913043475,8
2116,-0.44130434782608696,0.07552588159147916,-0.5417391304347826,-0.4434782608695652,-0.31956521739130433,8
2117,-0.3760869565217392,0.037338182689821024,-0.44869565217391305,-0.3652173913043478,-0.3391304347826087,8
2118,-0.5826086956521739,0.06086956521739132,-0.6808695652173913,-0.5739130434782609,-0.49043478260869566,8
2119,-0.5456521739130434,0.06532599652746399,-0.6430434782608696,-0.5565217391304348,-0.4608695652173913,8
2120,-0.4739130434782609,0.08191932035398596,-0.6052173913043478,-0.48695652173913045,-0.35130434782608694,8
2121,-0.458695652173913,0.06980258416522749,-0.5878260869565217,-0.43478260869565216,-0.38,8
2122,-0.48478260869565215,0.03978914177765895,-0.5478260869565217,-0.4782608695652174,-0.43217391304347824,8
2123,-0.5217391304347826,0.08385783270428655,-0.6430434782608696,-0.5217391304347826,-0.3973913043478261,8
2124,-0.44782608695652176,0.03224434124824202,-0.4926086956521739,-0.4434782608695652,-0.3973913043478261,8
2125,-0.47173913043478255,0.06144910445696768,-0.5795652173913043,-0.43478260869565216,-0.4260869565217391,8
2126,-0.5260869565217392,0.05881630112377687,-0.6,-0.5217391304347827,-0.44652173913043475,8
2127,-0.508695652173913,0.13180440340194885,-0.6695652173913044,-0.5130434782608695,-0.2713043478260869,8
2128,-0.47608695652173916,0.07552588159147916,-0.5765217391304347,-0.48695652173913045,-0.3769565217391304,8
2129,-0.5695652173913044,0.045807190229794514,-0.6460869565217391,-0.5652173913043478,-0.5017391304347826,8
2130,-0.5391304347826087,0.07728864710709207,-0.6665217391304348,-0.5130434782608696,-0.4608695652173913,8
2131,-0.5521739130434782,0.07910176260287066,-0.6778260869565218,-0.5652173913043478,-0.4352173913043478,8
2132,-0.4347826086956522,0.08385783270428658,-0.5130434782608696,-0.46956521739130436,-0.2991304347826087,8
2133,-0.5608695652173913,0.0458071902297945,-0.628695652173913,-0.5652173913043478,-0.48434782608695653,8
2134,-0.46956521739130436,0.09161438045958903,-0.5908695652173913,-0.4782608695652174,-0.3452173913043478,8
2135,-0.5565217391304347,0.0608695652173913,-0.6347826086956522,-0.5565217391304347,-0.4526086956521739,8
2136,-0.5413043478260869,0.06618842325060142,-0.6317391304347826,-0.5130434782608696,-0.46391304347826084,8
2137,-0.3717391304347826,0.06474466352971926,-0.4578260869565217,-0.3739130434782609,-0.2613043478260869,8
2138,-0.5239130434782608,0.08200580919069572,-0.6717391304347826,-0.4956521739130435,-0.42913043478260865,8
2139,-0.517391304347826,0.05126011357631128,-0.5908695652173913,-0.5304347826086957,-0.43217391304347824,8
2140,-0.5456521739130435,0.051029106931763046,-0.6256521739130435,-0.5391304347826087,-0.458695652173913,8
2141,-0.48043478260869565,0.065325996527464,-0.5591304347826087,-0.4956521739130435,-0.36565217391304344,8
2142,-0.5173913043478261,0.07667474821107999,-0.6430434782608696,-0.5043478260869565,-0.4117391304347826,8
2143,-0.5630434782608695,0.045548536608167295,-0.6173913043478261,-0.5739130434782609,-0.48434782608695653,8
2144,-0.4956521739130435,0.050703929520393896,-0.5621739130434782,-0.5043478260869565,-0.4117391304347826,8
2145,-0.5391304347826087,0.11169767459708808,-0.6521739130434783,-0.5652173913043479,-0.3595652173913043,8
2146,-0.5739130434782609,0.08695652173913043,-0.6952173913043479,-0.5826086956521739,-0.42695652173913046,8
2147,-0.6521739130434783,0.05360360002581719,-0.73,-0.6695652173913044,-0.5826086956521739,8
2148,-0.5217391304347827,0.06679257172059659,-0.6369565217391304,-0.5217391304347827,-0.42913043478260865,8
2149,-0.4869565217391304,0.08385783270428655,-0.5939130434782608,-0.5130434782608696,-0.3739130434782609,8
2150,-0.4673913043478261,0.08561464638050093,-0.6226086956521739,-0.43478260869565216,-0.3769565217391304,8
2151,-0.46304347826086956,0.06532599652746401,-0.5304347826086957,-0.48695652173913045,-0.35130434782608694,8
2152,-0.5347826086956522,0.07862235356532662,-0.64,-0.5391304347826087,-0.38391304347826083,8
2153,-0.5326086956521738,0.09931238070000366,-0.6839130434782609,-0.5130434782608695,-0.4260869565217391,8
2154,-0.5391304347826087,0.0891039197039965,-0.6460869565217391,-0.5739130434782609,-0.3973913043478261,8
2155,-0.48913043478260865,0.07272055949425099,-0.5795652173913043,-0.4956521739130435,-0.38,8
2156,-0.5282608695652173,0.04717942263958848,-0.5969565217391304,-0.5217391304347827,-0.46391304347826084,8
2157,-0.44130434782608696,0.06980258416522747,-0.5499999999999999,-0.4608695652173913,-0.3421739130434782,8
2158,-0.5347826086956522,0.06721576014669696,-0.6256521739130435,-0.5565217391304347,-0.41782608695652174,8
2159,-0.5934782608695652,0.05697974966122241,-0.6778260869565218,-0.5913043478260869,-0.5017391304347826,8
2160,-0.4869565217391304,0.06507230237867723,-0.5939130434782608,-0.46956521739130436,-0.3973913043478261,8
2161,-0.5565217391304347,0.054304330420855626,-0.6317391304347826,-0.5565217391304347,-0.46695652173913044,8
2162,-0.5434782608695652,0.09789852390606696,-0.628695652173913,-0.5826086956521739,-0.3408695652173913,8
2163,-0.5108695652173912,0.07140899002459494,-0.5826086956521739,-0.5391304347826087,-0.37478260869565216,8
2164,-0.5043478260869565,0.06846963368705922,-0.5969565217391304,-0.4956521739130435,-0.40043478260869564,8
2165,-0.5326086956521738,0.05391129029407496,-0.6113043478260869,-0.5391304347826087,-0.44956521739130434,8
2166,-0.5326086956521738,0.06871078534469176,-0.6317391304347826,-0.5391304347826087,-0.42086956521739133,8
2167,-0.45869565217391306,0.072460144836952,-0.5447826086956521,-0.46956521739130436,-0.33391304347826084,8
2168,-0.5282608695652173,0.10665475280031371,-0.7147826086956521,-0.5130434782608696,-0.40869565217391307,8
2169,-0.6195652173913042,0.09138195459558131,-0.7391304347826086,-0.6173913043478261,-0.4760869565217391,8
2170,-0.45869565217391306,0.07895225998841252,-0.5991304347826087,-0.45217391304347826,-0.3595652173913043,8
2171,-0.5543478260869565,0.08692934357883567,-0.6491304347826087,-0.5826086956521739,-0.41782608695652174,8
2172,-0.5717391304347826,0.07061035551700745,-0.6747826086956522,-0.5913043478260869,-0.46695652173913044,8
2173,-0.582608695652174,0.09202613255876836,-0.6982608695652174,-0.6086956521739131,-0.4126086956521739,8
2174,-0.5782608695652174,0.10569778940124537,-0.7473913043478261,-0.5391304347826087,-0.4526086956521739,8
2175,-0.5217391304347826,0.08110764393990273,-0.6143478260869565,-0.5217391304347827,-0.3778260869565217,8
2176,-0.5978260869565217,0.08886492798247694,-0.736086956521739,-0.5652173913043478,-0.47304347826086957,8
2177,-0.45217391304347826,0.07223151185146152,-0.5417391304347826,-0.48695652173913045,-0.3565217391304348,8
2178,-0.5217391304347826,0.07580693814853345,-0.64,-0.5217391304347827,-0.42913043478260865,8
2179,-0.5695652173913044,0.04412561550040094,-0.628695652173913,-0.5826086956521739,-0.48739130434782607,8
2180,-0.5434782608695652,0.09828395265615057,-0.7065217391304348,-0.5478260869565217,-0.4147826086956522,8
2181,-0.5521739130434782,0.08728199956471622,-0.6491304347826087,-0.5739130434782609,-0.39217391304347826,8
2182,-0.4652173913043478,0.07210053892076955,-0.5765217391304347,-0.46956521739130436,-0.3595652173913043,8
2183,-0.5173913043478261,0.11262464214772713,-0.6952173913043479,-0.5043478260869565,-0.3430434782608695,8
2184,-0.55,0.0641580633190161,-0.6430434782608696,-0.5391304347826087,-0.4413043478260869,8
2185,-0.517391304347826,0.09109707321633462,-0.708695652173913,-0.48695652173913045,-0.4434782608695652,8
2186,-0.5565217391304347,0.07874247946206449,-0.6634782608695652,-0.5652173913043478,-0.42086956521739133,8
2187,-0.5630434782608695,0.06356605007484106,-0.6747826086956522,-0.5478260869565217,-0.48434782608695653,8
2188,-0.5108695652173914,0.058615081577012,-0.5908695652173913,-0.5130434782608696,-0.40347826086956523,8
2189,-0.4695652173913043,0.08519964322724098,-0.6165217391304347,-0.4608695652173913,-0.3369565217391304,8
2190,-0.5260869565217392,0.09192336744289555,-0.6491304347826087,-0.5043478260869565,-0.40043478260869564,8
2191,-0.4260869565217391,0.06565073421974567,-0.5243478260869565,-0.408695652173913,-0.3452173913043478,8
2192,-0.5543478260869565,0.060830732954927046,-0.6460869565217391,-0.5478260869565217,-0.45565217391304347,8
2193,-0.5652173913043479,0.06507230237867723,-0.6347826086956522,-0.5913043478260869,-0.4782608695652174,8
2194,-0.5739130434782609,0.07922116155777652,-0.6665217391304348,-0.5913043478260869,-0.44652173913043475,8
2195,-0.5478260869565217,0.10506996498777889,-0.7065217391304348,-0.5652173913043478,-0.38,8
2196,-0.5434782608695652,0.0482197239409105,-0.6369565217391304,-0.5391304347826087,-0.48434782608695653,8
2197,-0.532608695652174,0.07847193759904368,-0.6747826086956522,-0.5217391304347827,-0.43217391304347824,8
2198,-0.5195652173913043,0.05697974966122241,-0.6195652173913043,-0.5130434782608696,-0.4352173913043478,8
2199,-0.4217391304347826,0.08464314058231212,-0.5273913043478261,-0.4,-0.27652173913043476,8
2200,-0.3695652173913043,0.07262301342821768,-0.49782608695652175,-0.3391304347826087,-0.30434782608695654,8
2201,-0.5086956521739131,0.08419529013494384,-0.6173913043478261,-0.5130434782608696,-0.36869565217391304,8
2202,-0.5065217391304347,0.09200045204129924,-0.668695652173913,-0.4956521739130435,-0.3943478260869565,8
2203,-0.6130434782608696,0.047429183107111826,-0.6839130434782609,-0.6,-0.5508695652173913,8
2204,-0.5130434782608695,0.09990543733109615,-0.6604347826086957,-0.5217391304347826,-0.38,8
2205,-0.558695652173913,0.0620613148853052,-0.6634782608695652,-0.5391304347826087,-0.4956521739130435,8
2206,-0.5521739130434782,0.10461921230883447,-0.6634782608695652,-0.5913043478260869,-0.3521739130434782,8
2207,-0.5826086956521739,0.09202613255876836,-0.7639130434782608,-0.5478260869565217,-0.49869565217391304,8
2208,-0.5282608695652175,0.08583516096695493,-0.6717391304347826,-0.5217391304347826,-0.40347826086956523,8
2209,-0.45869565217391306,0.08583516096695491,-0.6082608695652174,-0.45217391304347826,-0.3595652173913043,8
2210,-0.4543478260869565,0.0777458901836855,-0.5652173913043478,-0.4608695652173913,-0.3595652173913043,8
2211,-0.5804347826086956,0.07193648742510565,-0.6982608695652174,-0.5565217391304347,-0.4760869565217391,8
2212,-0.6239130434782608,0.07966731392090735,-0.736086956521739,-0.6173913043478261,-0.5017391304347826,8
2213,-0.5130434782608696,0.0608695652173913,-0.6339130434782608,-0.5043478260869565,-0.44652173913043475,8
2214,-0.6282608695652174,0.06953124170312816,-0.7556521739130435,-0.6347826086956522,-0.5365217391304348,8
2215,-0.4652173913043478,0.06255432421712243,-0.5560869565217391,-0.46956521739130436,-0.3543478260869565,8
2216,-0.532608695652174,0.06815832785474296,-0.6347826086956522,-0.5130434782608696,-0.44956521739130434,8
2217,-0.558695652173913,0.058291685555617034,-0.6317391304347826,-0.5652173913043479,-0.4782608695652174,8
2218,-0.43043478260869567,0.02851060227957391,-0.4752173913043478,-0.4260869565217391,-0.3943478260869565,8
2219,-0.5195652173913043,0.07966731392090737,-0.6543478260869565,-0.5043478260869565,-0.40347826086956523,8
2220,-0.5347826086956522,0.07862235356532662,-0.668695652173913,-0.5217391304347827,-0.40956521739130436,8
2221,-0.5717391304347825,0.08907739673281688,-0.6665217391304348,-0.5826086956521739,-0.3930434782608695,8
2222,-0.5,0.09355406431021744,-0.5969565217391304,-0.5391304347826087,-0.33086956521739125,8
2223,-0.4826086956521739,0.09475867268566682,-0.6339130434782608,-0.4782608695652174,-0.3739130434782609,8
2224,-0.5043478260869565,0.08519964322724098,-0.6482608695652174,-0.5130434782608696,-0.37173913043478257,8
2225,-0.47391304347826085,0.10168709185675216,-0.5939130434782608,-0.5043478260869565,-0.2991304347826087,8
2226,-0.5108695652173914,0.08757929164558123,-0.6113043478260869,-0.5565217391304347,-0.3769565217391304,8
2227,-0.508695652173913,0.10747136603746325,-0.6113043478260869,-0.5565217391304347,-0.2969565217391304,8
2228,-0.458695652173913,0.0831503978213273,-0.6021739130434782,-0.4608695652173913,-0.3452173913043478,8
2229,-0.46956521739130436,0.07969696860792765,-0.5765217391304347,-0.4782608695652174,-0.33086956521739125,8
2230,-0.358695652173913,0.09342769107367085,-0.4578260869565217,-0.3739130434782608,-0.2008695652173913,8
2231,-0.5782608695652174,0.04899751160688975,-0.6430434782608696,-0.5913043478260869,-0.48739130434782607,8
2232,-0.36086956521739133,0.09673302374472605,-0.5039130434782609,-0.34782608695652173,-0.21217391304347827,8
2233,-0.5608695652173914,0.05482400092573256,-0.6430434782608696,-0.5739130434782609,-0.47,8
2234,-0.5891304347826087,0.06732114159653056,-0.6982608695652174,-0.5565217391304347,-0.5047826086956522,8
2235,-0.5065217391304347,0.08605511049082384,-0.6,-0.5130434782608696,-0.3543478260869565,8
2236,-0.5608695652173914,0.0998107850717304,-0.6982608695652174,-0.5652173913043478,-0.4147826086956522,8
2237,-0.3521739130434782,0.03765327842541038,-0.42,-0.34782608695652173,-0.3073913043478261,8
2238,-0.3978260869565218,0.053559499977195314,-0.4721739130434783,-0.4,-0.3217391304347826,8
2239,-0.5195652173913043,0.0886519500178421,-0.6543478260869565,-0.5304347826086957,-0.37478260869565216,8
2240,-0.5173913043478261,0.05342698142367176,-0.5969565217391304,-0.5217391304347827,-0.4434782608695652,8
2241,-0.491304347826087,0.11195124512681508,-0.668695652173913,-0.5130434782608696,-0.3391304347826087,8
2242,-0.4782608695652174,0.10964800185146513,-0.64,-0.46956521739130436,-0.30826086956521737,8
2243,-0.5,0.09905031086864796,-0.6143478260869565,-0.5217391304347826,-0.3369565217391304,8
2244,-0.44565217391304346,0.057966485330319076,-0.5304347826086957,-0.4260869565217391,-0.3739130434782609,8
2245,-0.4108695652173913,0.06296847112156626,-0.4752173913043478,-0.43478260869565216,-0.2960869565217391,8
2246,-0.5086956521739131,0.13266214175993354,-0.6860869565217391,-0.5478260869565217,-0.31043478260869567,8
2247,-0.5217391304347826,0.06565073421974563,-0.6226086956521739,-0.5217391304347826,-0.42086956521739133,8
2248,-0.567391304347826,0.056647018351284266,-0.6317391304347826,-0.5826086956521739,-0.458695652173913,8
2249,-0.5369565217391303,0.0368284224915161,-0.5939130434782608,-0.5478260869565217,-0.48130434782608694,8
2250,-0.44782608695652176,0.08237954487607138,-0.5447826086956521,-0.45217391304347826,-0.29086956521739127,8
2251,-0.44999999999999996,0.0667571849251482,-0.561304347826087,-0.4608695652173913,-0.33999999999999997,8
2252,-0.5108695652173914,0.05925657900190873,-0.5826086956521739,-0.4956521739130435,-0.4434782608695652,8
2253,-0.6021739130434782,0.07652050394260018,-0.6982608695652174,-0.6173913043478261,-0.47,8
2254,-0.5521739130434782,0.07765465695431197,-0.6634782608695652,-0.5739130434782609,-0.44652173913043475,8
2255,-0.5108695652173914,0.07298004491997616,-0.6195652173913043,-0.5304347826086957,-0.3943478260869565,8
2256,-0.5065217391304347,0.04757841006138975,-0.5795652173913043,-0.5043478260869565,-0.44652173913043475,8
2257,-0.48043478260869565,0.1190502745225484,-0.6543478260869565,-0.4782608695652174,-0.3134782608695652,8
2258,-0.5739130434782609,0.052893587219984516,-0.6604347826086957,-0.5739130434782609,-0.49869565217391304,8
2259,-0.41521739130434787,0.06503597957239823,-0.4926086956521739,-0.4173913043478261,-0.3278260869565217,8
2260,-0.46739130434782605,0.11696783523751832,-0.6165217391304347,-0.4782608695652174,-0.23956521739130432,8
2261,-0.5,0.06315582194058238,-0.5826086956521739,-0.5043478260869565,-0.38913043478260867,8
2262,-0.5478260869565217,0.06507230237867723,-0.6317391304347826,-0.5565217391304348,-0.43826086956521737,8
2263,-0.4108695652173913,0.06647341239748111,-0.5152173913043478,-0.4173913043478261,-0.2991304347826087,8
2264,-0.43695652173913047,0.06843511408129216,-0.51,-0.45217391304347826,-0.3134782608695652,8
2265,-0.41739130434782606,0.07378505542816148,-0.4926086956521739,-0.4434782608695652,-0.29,8
2266,-0.5239130434782608,0.11952568516427195,-0.6808695652173913,-0.5217391304347826,-0.32869565217391306,8
2267,-0.5195652173913043,0.05495315069462841,-0.5795652173913043,-0.5391304347826087,-0.42913043478260865,8
2268,-0.5456521739130434,0.09138195459558131,-0.6839130434782609,-0.5217391304347827,-0.40956521739130436,8
2269,-0.47608695652173916,0.12310952291102406,-0.6143478260869565,-0.5043478260869565,-0.28695652173913044,8
2270,-0.5260869565217392,0.06375164477658772,-0.5969565217391304,-0.5391304347826087,-0.41782608695652174,8
2271,-0.4695652173913044,0.06507230237867724,-0.5817391304347825,-0.4782608695652174,-0.38,8
2272,-0.5804347826086956,0.10450622036279925,-0.7382608695652173,-0.5826086956521739,-0.43217391304347824,8
2273,-0.4956521739130435,0.17325964213192416,-0.6952173913043479,-0.5304347826086957,-0.22956521739130434,8
2274,-0.5282608695652175,0.044710790872180696,-0.5826086956521739,-0.5130434782608696,-0.4782608695652174,8
2275,-0.4043478260869565,0.06833145063261613,-0.5326086956521738,-0.3826086956521739,-0.3247826086956521,8
2276,-0.5369565217391304,0.08950082108799522,-0.6665217391304348,-0.5217391304347827,-0.4147826086956522,8
2277,-0.5695652173913044,0.06071408714682148,-0.6317391304347826,-0.5913043478260869,-0.45565217391304347,8
2278,-0.6043478260869566,0.06071408714682148,-0.6921739130434783,-0.6173913043478261,-0.5017391304347826,8
2279,-0.42391304347826086,0.06703975628308381,-0.5069565217391304,-0.43478260869565216,-0.2991304347826087,8
2280,-0.5108695652173912,0.0803760067275485,-0.6226086956521739,-0.5304347826086957,-0.3604347826086956,8
2281,-0.5195652173913043,0.02599621900674214,-0.5478260869565217,-0.5217391304347827,-0.48130434782608694,8
2282,-0.4978260869565217,0.06760135567594004,-0.5908695652173913,-0.5043478260869565,-0.38608695652173913,8
2283,-0.49999999999999994,0.1259369422431325,-0.7004347826086957,-0.5043478260869565,-0.3165217391304348,8
2284,-0.5021739130434782,0.0499053925358652,-0.5734782608695652,-0.5043478260869565,-0.40956521739130436,8
2285,-0.4847826086956522,0.08107850521291965,-0.5478260869565217,-0.5217391304347827,-0.33086956521739125,8
2286,-0.5,0.07957828355531794,-0.5969565217391304,-0.5130434782608696,-0.3626086956521739,8
2287,-0.40652173913043477,0.09893095872158916,-0.5243478260869565,-0.408695652173913,-0.2160869565217391,8
2288,-0.55,0.07349626741033463,-0.6491304347826087,-0.5652173913043478,-0.4352173913043478,8
2289,-0.4043478260869565,0.09026321518272476,-0.5704347826086956,-0.3739130434782609,-0.3073913043478261,8
2290,-0.42826086956521736,0.10157083814107534,-0.5765217391304347,-0.4173913043478261,-0.25913043478260867,8
2291,-0.43260869565217386,0.05957473741758573,-0.538695652173913,-0.4260869565217391,-0.3595652173913043,8
2292,-0.4739130434782609,0.04976314409678088,-0.5304347826086957,-0.48695652173913045,-0.3973913043478261,8
2293,-0.5086956521739131,0.07262301342821767,-0.628695652173913,-0.4956521739130435,-0.4147826086956522,8
2294,-0.4217391304347826,0.04899751160688977,-0.4752173913043478,-0.4434782608695652,-0.3421739130434782,8
2295,-0.4217391304347826,0.11093348541020065,-0.5591304347826087,-0.4434782608695652,-0.2408695652173913,8
2296,-0.517391304347826,0.06942921488117962,-0.64,-0.4956521739130435,-0.44652173913043475,8
2297,-0.38913043478260867,0.11517636677347483,-0.567391304347826,-0.3826086956521739,-0.2234782608695652,8
2298,-0.5021739130434782,0.05697974966122242,-0.5734782608695652,-0.5130434782608696,-0.39217391304347826,8
2299,-0.5152173913043478,0.10044795697519932,-0.6778260869565218,-0.4956521739130435,-0.3973913043478261,8
2300,-0.5891304347826087,0.11501212231661999,-0.7443478260869565,-0.6086956521739131,-0.4117391304347826,8
2301,-0.49565217391304345,0.08695652173913043,-0.6430434782608696,-0.46956521739130436,-0.37173913043478257,8
2302,-0.48913043478260865,0.09602201228416424,-0.628695652173913,-0.4782608695652174,-0.3452173913043478,8
2303,-0.5326086956521738,0.05460807255252377,-0.6,-0.5304347826086957,-0.44956521739130434,8
2304,-0.508695652173913,0.09515682012277951,-0.6317391304347826,-0.49565217391304345,-0.3943478260869565,8
2305,-0.47608695652173916,0.07847193759904365,-0.5826086956521739,-0.46956521739130436,-0.3769565217391304,8
2306,-0.4217391304347826,0.08374504471416619,-0.5704347826086956,-0.408695652173913,-0.3217391304347826,8
2307,-0.4173913043478261,0.04682752006203917,-0.4895652173913044,-0.4173913043478261,-0.3452173913043478,8
2308,-0.5456521739130435,0.07246014483695198,-0.6604347826086957,-0.5391304347826087,-0.4352173913043478,8
2309,-0.5304347826086957,0.09120076940610013,-0.6634782608695652,-0.48695652173913045,-0.40652173913043477,8
2310,-0.558695652173913,0.08692934357883567,-0.6665217391304348,-0.5913043478260869,-0.42086956521739133,8
2311,-0.4673913043478261,0.08061085312060504,-0.5765217391304347,-0.4782608695652174,-0.34826086956521735,8
2312,-0.5239130434782608,0.05697974966122241,-0.6369565217391304,-0.5043478260869565,-0.46391304347826084,8
2313,-0.5630434782608695,0.13285792687476106,-0.6695652173913044,-0.6434782608695653,-0.31956521739130433,8
2314,-0.5130434782608695,0.08782178207271371,-0.6460869565217391,-0.46956521739130436,-0.4260869565217391,8
2315,-0.5217391304347826,0.06901959941907627,-0.6482608695652174,-0.5217391304347827,-0.43217391304347824,8
2316,-0.5673913043478261,0.05731054924549594,-0.6460869565217391,-0.5739130434782609,-0.47304347826086957,8
2317,-0.5347826086956522,0.07050989017489936,-0.64,-0.5478260869565217,-0.43217391304347824,8
2318,-0.5478260869565217,0.051444172026953165,-0.628695652173913,-0.5565217391304347,-0.48130434782608694,8
2319,-0.4434782608695652,0.09365504012407833,-0.5704347826086956,-0.4608695652173913,-0.2652173913043478,8
2320,-0.4826086956521739,0.12351193662036342,-0.6747826086956522,-0.4695652173913044,-0.3278260869565217,8
2321,-0.567391304347826,0.059891205712851774,-0.6347826086956522,-0.5739130434782609,-0.47,8
2322,-0.5978260869565217,0.04298634768105476,-0.6604347826086957,-0.6173913043478261,-0.5334782608695653,8
2323,-0.55,0.042097645067471906,-0.6113043478260869,-0.5565217391304347,-0.48130434782608694,8
2324,-0.5391304347826087,0.06507230237867723,-0.628695652173913,-0.5478260869565217,-0.4352173913043478,8
2325,-0.6000000000000001,0.08782178207271374,-0.7217391304347827,-0.5913043478260869,-0.46695652173913044,8
2326,-0.5282608695652173,0.03416572531630804,-0.5652173913043478,-0.5391304347826087,-0.46695652173913044,8
2327,-0.44347826086956527,0.08608256466618841,-0.5304347826086957,-0.4608695652173913,-0.28782608695652173,8
2328,-0.6043478260869565,0.08237954487607137,-0.7495652173913043,-0.6173913043478261,-0.49869565217391304,8
2329,-0.46956521739130436,0.05897678246195885,-0.5930434782608696,-0.45217391304347826,-0.4147826086956522,8
2330,-0.45217391304347826,0.06330530338504797,-0.5356521739130434,-0.4608695652173913,-0.32869565217391306,8
2331,-0.5108695652173914,0.126143165881774,-0.6921739130434783,-0.5130434782608696,-0.3452173913043478,8
2332,-0.5130434782608696,0.07969696860792765,-0.6482608695652174,-0.5130434782608696,-0.38913043478260867,8
2333,-0.5717391304347825,0.07627306431673406,-0.6778260869565218,-0.5739130434782609,-0.4526086956521739,8
2334,-0.49782608695652175,0.061755968310181694,-0.5908695652173913,-0.4956521739130435,-0.3973913043478261,8
2335,-0.48478260869565215,0.09988178267530558,-0.6082608695652174,-0.5130434782608696,-0.3134782608695652,8
2336,-0.6173913043478261,0.0995262881935617,-0.7565217391304347,-0.6260869565217391,-0.48130434782608694,8
2337,-0.5413043478260869,0.0777458901836855,-0.6460869565217391,-0.5478260869565217,-0.41782608695652174,8
2338,-0.5782608695652174,0.0726230134282177,-0.6952173913043479,-0.5652173913043478,-0.4617391304347826,8
2339,-0.4826086956521739,0.12009762884289682,-0.6656521739130435,-0.4782608695652174,-0.2795652173913043,8
2340,-0.5891304347826087,0.07725806801702984,-0.7095652173913044,-0.5913043478260869,-0.46695652173913044,8
2341,-0.5630434782608695,0.09013222800707774,-0.6921739130434783,-0.5826086956521739,-0.42086956521739133,8
2342,-0.5804347826086956,0.10414382232176943,-0.6665217391304348,-0.6173913043478261,-0.3613043478260869,8
2343,-0.5108695652173912,0.08539356235392327,-0.6,-0.5391304347826087,-0.3543478260869565,8
2344,-0.55,0.03631150671410881,-0.6113043478260869,-0.5304347826086957,-0.5130434782608696,8
2345,-0.5956521739130434,0.07814000328526709,-0.7330434782608696,-0.5652173913043478,-0.5047826086956522,8
2346,-0.5804347826086957,0.05320538369791485,-0.6747826086956522,-0.5652173913043478,-0.5304347826086957,8
2347,-0.4782608695652174,0.07630403815123582,-0.5908695652173913,-0.46956521739130436,-0.38,8
2348,-0.5108695652173914,0.12703913333640854,-0.7186956521739131,-0.45217391304347826,-0.36565217391304344,8
2349,-0.5043478260869565,0.11922877565914858,-0.6173913043478261,-0.5565217391304347,-0.3165217391304348,8
2350,-0.44565217391304346,0.026713490711835892,-0.4895652173913044,-0.4434782608695652,-0.4117391304347826,8
2351,-0.5456521739130435,0.09138195459558131,-0.6665217391304348,-0.5391304347826087,-0.40347826086956523,8
2352,-0.49347826086956514,0.0977777658436914,-0.6173913043478261,-0.5043478260869565,-0.3421739130434782,8
2353,-0.558695652173913,0.05139821920668211,-0.6347826086956522,-0.5391304347826087,-0.48739130434782607,8
2354,-0.46739130434782605,0.1010109578738169,-0.6421739130434783,-0.46956521739130436,-0.3247826086956521,8
2355,-0.4565217391304348,0.08553180683872176,-0.6247826086956522,-0.4434782608695652,-0.3595652173913043,8
2356,-0.5065217391304347,0.06732114159653053,-0.6226086956521739,-0.48695652173913045,-0.4260869565217391,8
2357,-0.5304347826086956,0.060245245480656594,-0.6226086956521739,-0.5478260869565217,-0.44652173913043475,8
2358,-0.4847826086956522,0.08907739673281685,-0.6195652173913043,-0.5043478260869565,-0.35130434782608694,8
2359,-0.4978260869565217,0.10629967981215348,-0.6656521739130435,-0.48695652173913045,-0.3173913043478261,8
2360,-0.44565217391304346,0.0664734123974811,-0.5478260869565217,-0.43478260869565216,-0.35130434782608694,8
2361,-0.541304347826087,0.10138455492487843,-0.6982608695652174,-0.5304347826086957,-0.4117391304347826,8
2362,-0.4826086956521739,0.06133363469419949,-0.5652173913043478,-0.4782608695652174,-0.3973913043478261,8
2363,-0.55,0.061755968310181694,-0.628695652173913,-0.5652173913043478,-0.43826086956521737,8
2364,-0.45869565217391306,0.08450344228511657,-0.5560869565217391,-0.4782608695652174,-0.29391304347826086,8
2365,-0.4934782608695652,0.06590220170097442,-0.6165217391304347,-0.46956521739130436,-0.4147826086956522,8
2366,-0.558695652173913,0.04836651187236301,-0.628695652173913,-0.5565217391304347,-0.47304347826086957,8
2367,-0.4543478260869565,0.09873969521022403,-0.6195652173913043,-0.4434782608695652,-0.30217391304347824,8
2368,-0.43043478260869567,0.05199243801348434,-0.5069565217391304,-0.4347826086956522,-0.3595652173913043,8
2369,-0.5108695652173914,0.07502362576842346,-0.6,-0.5217391304347826,-0.4117391304347826,8
2370,-0.4782608695652174,0.09914568913905548,-0.6113043478260869,-0.48695652173913045,-0.3247826086956521,8
2371,-0.49782608695652175,0.08360384575230179,-0.6256521739130435,-0.5130434782608696,-0.38,8
2372,-0.6021739130434782,0.07193648742510564,-0.7269565217391304,-0.5826086956521739,-0.5047826086956522,8
2373,-0.5478260869565217,0.06901959941907627,-0.6573913043478261,-0.5478260869565217,-0.43826086956521737,8
2374,-0.4673913043478261,0.08992225165194101,-0.6,-0.4608695652173913,-0.3421739130434782,8
2375,-0.5,0.06888251964241245,-0.6308695652173913,-0.4956521739130435,-0.4147826086956522,8
2376,-0.5521739130434783,0.06777590116573867,-0.6491304347826087,-0.5478260869565217,-0.4526086956521739,8
2377,-0.55,0.08843845916003475,-0.6665217391304348,-0.5478260869565217,-0.4147826086956522,8
2378,-0.5,0.0877140913123131,-0.6317391304347826,-0.48695652173913045,-0.3943478260869565,8
2379,-0.4782608695652174,0.05897678246195887,-0.5304347826086957,-0.4956521739130435,-0.35739130434782607,8
2380,-0.4282608695652174,0.06871078534469177,-0.4926086956521739,-0.45217391304347826,-0.29086956521739127,8
2381,-0.5413043478260869,0.10997078147775424,-0.6665217391304348,-0.5565217391304348,-0.3317391304347826,8
2382,-0.5065217391304349,0.06386274270247122,-0.6195652173913043,-0.4956521739130435,-0.4147826086956522,8
2383,-0.5065217391304347,0.08014047213550766,-0.6482608695652174,-0.5130434782608696,-0.3973913043478261,8
2384,-0.6086956521739131,0.057680431136615654,-0.7239130434782608,-0.5826086956521739,-0.5652173913043478,8
2385,-0.5543478260869565,0.10997078147775424,-0.7269565217391304,-0.5478260869565217,-0.38608695652173913,8
2386,-0.5152173913043478,0.0946339080855605,-0.6665217391304348,-0.4956521739130435,-0.38304347826086954,8
2387,-0.5347826086956522,0.06434195037803798,-0.6143478260869565,-0.5304347826086957,-0.44652173913043475,8
2388,-0.5543478260869565,0.09403273371253117,-0.7208695652173913,-0.5478260869565217,-0.43217391304347824,8
2389,-0.5108695652173914,0.14665456500454724,-0.7156521739130435,-0.5217391304347826,-0.28782608695652173,8
2390,-0.48043478260869565,0.06532599652746397,-0.5795652173913043,-0.48695652173913045,-0.3943478260869565,8
2391,-0.3847826086956522,0.08561464638050095,-0.51,-0.3826086956521739,-0.2726086956521739,8
2392,-0.4434782608695652,0.0995262881935617,-0.6052173913043478,-0.4173913043478261,-0.3134782608695652,8
2393,-0.5717391304347825,0.10997078147775424,-0.7330434782608696,-0.5565217391304347,-0.40347826086956523,8
2394,-0.49130434782608695,0.08728199956471623,-0.6513043478260869,-0.4782608695652174,-0.36869565217391304,8
2395,-0.46739130434782605,0.10788830603197877,-0.6565217391304348,-0.46956521739130436,-0.3134782608695652,8
2396,-0.49782608695652175,0.08843845916003473,-0.6082608695652174,-0.5130434782608695,-0.3543478260869565,8
2397,-0.5065217391304347,0.11825367625181868,-0.7034782608695652,-0.4956521739130435,-0.3565217391304348,8
2398,-0.4782608695652174,0.0834057656228299,-0.5765217391304347,-0.5043478260869565,-0.33086956521739125,8
2399,-0.5434782608695652,0.06888251964241243,-0.668695652173913,-0.5304347826086957,-0.46391304347826084,8
2400,-0.5891304347826087,0.09362980637981752,-0.7217391304347827,-0.5826086956521739,-0.46391304347826084,8
2401,-0.5630434782608695,0.10044795697519932,-0.712608695652174,-0.5739130434782609,-0.40652173913043477,8
2402,-0.5956521739130435,0.0474291831071118,-0.6665217391304348,-0.5913043478260869,-0.5304347826086957,8
2403,-0.576086956521739,0.05631232107386357,-0.6860869565217391,-0.5565217391304347,-0.5160869565217392,8
2404,-0.5217391304347827,0.09325048082403137,-0.6573913043478261,-0.5478260869565217,-0.391304347826087,8
2405,-0.5239130434782608,0.11664416021996793,-0.6491304347826087,-0.5739130434782609,-0.30826086956521737,8
2406,-0.5608695652173913,0.05751633284923023,-0.6491304347826087,-0.5565217391304347,-0.47,8
2407,-0.4739130434782609,0.08283721253590283,-0.5591304347826087,-0.5130434782608696,-0.31956521739130433,8
2408,-0.49347826086956526,0.12218474344692519,-0.7034782608695652,-0.4782608695652174,-0.30826086956521737,8
2409,-0.5065217391304347,0.07919132869603036,-0.6317391304347826,-0.5043478260869565,-0.40043478260869564,8
2410,-0.6021739130434782,0.12968990207195352,-0.7647826086956522,-0.6347826086956522,-0.38304347826086954,8
2411,-0.55,0.13843235195593886,-0.7791304347826087,-0.5304347826086957,-0.35739130434782607,8
2412,-0.49130434782608695,0.1409527398038898,-0.628695652173913,-0.5391304347826087,-0.2552173913043478,8
2413,-0.5108695652173914,0.05861508157701201,-0.6082608695652174,-0.5130434782608696,-0.43217391304347824,8
2414,-0.5891304347826087,0.09200045204129924,-0.73,-0.5826086956521739,-0.46695652173913044,8
2415,-0.5782608695652174,0.057516332849230224,-0.6491304347826087,-0.5826086956521739,-0.47304347826086957,8
2416,-0.45434782608695656,0.05139821920668213,-0.5130434782608696,-0.4608695652173913,-0.391304347826087,8
2417,-0.5760869565217391,0.05957473741758574,-0.6634782608695652,-0.5739130434782609,-0.48434782608695653,8
2418,-0.5478260869565218,0.0860825646661884,-0.6808695652173913,-0.5391304347826087,-0.40956521739130436,8
2419,-0.5391304347826087,0.07064381221422573,-0.6430434782608696,-0.5391304347826087,-0.4608695652173913,8
2420,-0.5108695652173914,0.09739033384609616,-0.6317391304347826,-0.5130434782608696,-0.3626086956521739,8
2421,-0.5978260869565217,0.07652050394260015,-0.7382608695652173,-0.5826086956521739,-0.5160869565217392,8
2422,-0.591304347826087,0.07223151185146154,-0.712608695652174,-0.5913043478260869,-0.48739130434782607,8
2423,-0.48043478260869565,0.09700135442314392,-0.6,-0.4956521739130435,-0.33391304347826084,8
2424,-0.5891304347826087,0.05829168555561706,-0.6604347826086957,-0.6086956521739131,-0.4760869565217391,8
2425,-0.5304347826086956,0.08016995180254685,-0.68,-0.5217391304347826,-0.44652173913043475,8
2426,-0.4304347826086956,0.09866787580791492,-0.5652173913043478,-0.4260869565217391,-0.30434782608695654,8
2427,-0.5021739130434782,0.064452030784233,-0.5939130434782608,-0.4956521739130435,-0.4260869565217391,8
2428,-0.5347826086956522,0.13351436985029638,-0.7269565217391304,-0.5217391304347826,-0.34826086956521735,8
2429,-0.49782608695652175,0.06871078534469176,-0.6082608695652174,-0.48695652173913045,-0.4117391304347826,8
2430,-0.46739130434782605,0.1039621495758117,-0.6369565217391304,-0.46956521739130436,-0.3217391304347826,8
2431,-0.46521739130434786,0.09109707321633462,-0.6195652173913043,-0.4434782608695652,-0.3369565217391304,8
2432,-0.5108695652173914,0.055296075399899565,-0.5939130434782608,-0.5130434782608696,-0.42086956521739133,8
2433,-0.4,0.07630403815123586,-0.4926086956521739,-0.4,-0.278695652173913,8
2434,-0.5652173913043479,0.07874247946206449,-0.6839130434782609,-0.5565217391304347,-0.4526086956521739,8
2435,-0.5391304347826087,0.10215078369104984,-0.6921739130434783,-0.5652173913043478,-0.40869565217391307,8
2436,-0.5347826086956522,0.047429183107111784,-0.6143478260869565,-0.5217391304347827,-0.48130434782608694,8
2437,-0.47608695652173905,0.07349626741033462,-0.5652173913043478,-0.45217391304347826,-0.35739130434782607,8
2438,-0.6239130434782609,0.06503597957239819,-0.7269565217391304,-0.6260869565217391,-0.5304347826086957,8
2439,-0.4934782608695652,0.06871078534469176,-0.5795652173913043,-0.4956521739130435,-0.3634782608695652,8
2440,-0.4565217391304348,0.044125615500400964,-0.5243478260869565,-0.4434782608695652,-0.3943478260869565,8
2441,-0.4652173913043478,0.06375164477658773,-0.5878260869565217,-0.4434782608695652,-0.3943478260869565,8
2442,-0.5565217391304348,0.08782178207271372,-0.6521739130434783,-0.5652173913043479,-0.42913043478260865,8
2443,-0.5239130434782608,0.08427944336947882,-0.6717391304347826,-0.5043478260869565,-0.4147826086956522,8
2444,-0.6673913043478261,0.09302214302319421,-0.7995652173913044,-0.6869565217391305,-0.5191304347826087,8
2445,-0.4043478260869565,0.05751633284923024,-0.4926086956521739,-0.4,-0.3391304347826087,8
2446,-0.5891304347826087,0.07114377466066771,-0.7095652173913044,-0.5739130434782609,-0.49869565217391304,8
2447,-0.558695652173913,0.07919132869603035,-0.6491304347826087,-0.5739130434782609,-0.4608695652173913,8
2448,-0.30869565217391304,0.10782258058814996,-0.4547826086956522,-0.32173913043478264,-0.16826086956521738,8
2449,-0.47173913043478266,0.05495315069462844,-0.5273913043478261,-0.48695652173913045,-0.3604347826086956,8
2450,-0.5608695652173913,0.11978241142570356,-0.77,-0.5391304347826087,-0.39217391304347826,8
2451,-0.5608695652173914,0.09151115295586604,-0.7269565217391304,-0.5391304347826087,-0.4608695652173913,8
2452,-0.5804347826086956,0.057310549245495945,-0.6778260869565218,-0.5739130434782609,-0.5130434782608696,8
2453,-0.46956521739130436,0.10895620944471016,-0.6573913043478261,-0.45217391304347826,-0.31956521739130433,8
2454,-0.45434782608695656,0.09034171632687021,-0.5991304347826087,-0.4608695652173913,-0.3278260869565217,8
2455,-0.5434782608695652,0.07814000328526709,-0.6665217391304348,-0.5130434782608695,-0.46391304347826084,8
2456,-0.5217391304347826,0.07969696860792765,-0.6460869565217391,-0.4956521739130435,-0.40347826086956523,8
2457,-0.6065217391304347,0.07627306431673404,-0.7413043478260869,-0.5826086956521739,-0.5160869565217392,8
2458,-0.44565217391304346,0.09055071999851537,-0.5273913043478261,-0.48695652173913045,-0.27043478260869563,8
2459,-0.6065217391304347,0.10138455492487841,-0.7647826086956522,-0.6086956521739131,-0.48130434782608694,8
2460,-0.55,0.049525155434323974,-0.6143478260869565,-0.5565217391304347,-0.458695652173913,8
2461,-0.5108695652173914,0.06871078534469176,-0.5969565217391304,-0.5043478260869565,-0.38913043478260867,8
2462,-0.4978260869565217,0.09463390808556049,-0.5652173913043478,-0.5304347826086957,-0.3,8
2463,-0.5608695652173913,0.06942921488117962,-0.6573913043478261,-0.5739130434782609,-0.43,8
2464,-0.4652173913043478,0.11024975941831275,-0.6339130434782608,-0.46956521739130436,-0.28782608695652173,8
2465,-0.5565217391304348,0.06448868249648401,-0.6460869565217391,-0.5478260869565217,-0.4782608695652174,8
2466,-0.5826086956521739,0.10434782608695653,-0.6921739130434783,-0.6173913043478261,-0.3695652173913043,8
2467,-0.4934782608695652,0.07990424325864827,-0.5939130434782608,-0.5043478260869565,-0.35130434782608694,8
2468,-0.4173913043478261,0.07530655685082076,-0.5130434782608696,-0.4260869565217391,-0.2991304347826087,8
2469,-0.45869565217391306,0.07193648742510564,-0.5734782608695652,-0.4434782608695652,-0.34826086956521735,8
2470,-0.5369565217391306,0.08992225165194102,-0.6665217391304348,-0.5043478260869565,-0.43217391304347824,8
2471,-0.5282608695652175,0.14819327797525447,-0.6869565217391305,-0.5565217391304347,-0.23956521739130432,8
2472,-0.5391304347826087,0.06679257172059658,-0.628695652173913,-0.5478260869565217,-0.4608695652173913,8
2473,-0.5065217391304347,0.06618842325060142,-0.6226086956521739,-0.4956521739130435,-0.4147826086956522,8
2474,-0.34347826086956523,0.08899778039329878,-0.4404347826086956,-0.3652173913043478,-0.2,8
2475,-0.5456521739130435,0.05176469956430719,-0.6173913043478261,-0.5478260869565217,-0.4782608695652174,8
2476,-0.508695652173913,0.08771409131231311,-0.662608695652174,-0.5043478260869565,-0.37173913043478257,8
2477,-0.6043478260869565,0.04976314409678086,-0.6808695652173913,-0.6086956521739131,-0.5221739130434783,8
2478,-0.5108695652173912,0.0909672867517725,-0.6173913043478261,-0.4956521739130435,-0.35739130434782607,8
2479,-0.5695652173913044,0.11024975941831275,-0.7617391304347826,-0.5478260869565217,-0.43217391304347824,8
2480,-0.5456521739130434,0.053205383697914846,-0.6113043478260869,-0.5565217391304347,-0.4608695652173913,8
2481,-0.567391304347826,0.08405484751817915,-0.6982608695652174,-0.5565217391304348,-0.44956521739130434,8
2482,-0.37826086956521743,0.07050989017489938,-0.4865217391304348,-0.391304347826087,-0.2756521739130435,8
2483,-0.47173913043478266,0.0851719044528684,-0.5878260869565217,-0.4956521739130435,-0.31956521739130433,8
2484,-0.5891304347826087,0.0787124651749203,-0.7269565217391304,-0.5826086956521739,-0.47304347826086957,8
2485,-0.5260869565217392,0.12742913817176388,-0.6869565217391305,-0.5130434782608696,-0.32565217391304346,8
2486,-0.47608695652173916,0.06760135567594006,-0.5991304347826087,-0.4782608695652174,-0.3943478260869565,8
2487,-0.43043478260869567,0.055509327542624824,-0.5243478260869565,-0.4260869565217391,-0.34826086956521735,8
2488,-0.5847826086956521,0.05925657900190875,-0.6891304347826087,-0.5739130434782609,-0.4934782608695652,8
2489,-0.5760869565217391,0.0864933315829468,-0.6869565217391305,-0.5913043478260869,-0.44652173913043475,8
2490,-0.6108695652173913,0.043423879033561257,-0.6665217391304348,-0.6173913043478261,-0.5365217391304348,8
2491,-0.4391304347826087,0.09943127500895017,-0.5765217391304347,-0.4173913043478261,-0.3247826086956521,8
2492,-0.5826086956521739,0.07429568474189159,-0.6921739130434783,-0.5826086956521739,-0.458695652173913,8
2493,-0.4391304347826087,0.048219723940910515,-0.4926086956521739,-0.4608695652173913,-0.3626086956521739,8
2494,-0.6391304347826087,0.0963413904615667,-0.7647826086956522,-0.6608695652173913,-0.4678260869565217,8
2495,-0.5173913043478261,0.07765465695431195,-0.6347826086956522,-0.4956521739130435,-0.41782608695652174,8
2496,-0.5956521739130434,0.04662524041201572,-0.6778260869565218,-0.5913043478260869,-0.5478260869565217,8
2497,-0.4260869565217391,0.08952721861727825,-0.5478260869565217,-0.4347826086956522,-0.2960869565217391,8
2498,-0.40217391304347827,0.060830732954927066,-0.4956521739130435,-0.3826086956521739,-0.3278260869565217,8
2499,-0.5630434782608695,0.08084501731211763,-0.7095652173913044,-0.5391304347826087,-0.46695652173913044,8
2500,-0.5391304347826087,0.10103434816193262,-0.6891304347826087,-0.5391304347826087,-0.35521739130434776,8
2501,-0.5043478260869565,0.07874247946206449,-0.5969565217391304,-0.5043478260869565,-0.3521739130434782,8
2502,-0.40217391304347827,0.08014047213550768,-0.5182608695652174,-0.408695652173913,-0.2643478260869565,8
2503,-0.5478260869565217,0.05360360002581717,-0.628695652173913,-0.5391304347826087,-0.47,8
2504,-0.5021739130434782,0.07061035551700744,-0.5795652173913043,-0.5304347826086957,-0.38,8
2505,-0.5478260869565218,0.08519964322724097,-0.6491304347826087,-0.5565217391304348,-0.40347826086956523,8
2506,-0.5391304347826087,0.08157244799692921,-0.6860869565217391,-0.5304347826086957,-0.42086956521739133,8
2507,-0.4608695652173913,0.09914568913905547,-0.6339130434782608,-0.4173913043478261,-0.34826086956521735,8
2508,-0.5304347826086957,0.05833220810869015,-0.6143478260869565,-0.5304347826086957,-0.44956521739130434,8
2509,-0.5282608695652175,0.08037600672754848,-0.6460869565217391,-0.5130434782608696,-0.40347826086956523,8
2510,-0.6326086956521739,0.07652050394260017,-0.736086956521739,-0.6434782608695653,-0.5160869565217392,8
2511,-0.4782608695652174,0.06389973242043073,-0.5878260869565217,-0.4782608695652174,-0.38304347826086954,8
2512,-0.45434782608695656,0.0752751725790469,-0.5447826086956521,-0.4608695652173913,-0.3452173913043478,8
2513,-0.4869565217391304,0.11169767459708807,-0.628695652173913,-0.5043478260869565,-0.3421739130434782,8
2514,-0.46304347826086956,0.06815832785474296,-0.5591304347826087,-0.45217391304347826,-0.3769565217391304,8
2515,-0.5173913043478261,0.13960516833045497,-0.7443478260869565,-0.5043478260869565,-0.33391304347826084,8
2516,-0.5304347826086957,0.09565217391304347,-0.6665217391304348,-0.5478260869565217,-0.40869565217391307,8
2517,-0.47608695652173916,0.12733638822267365,-0.6808695652173913,-0.4260869565217391,-0.3421739130434782,8
2518,-0.5521739130434782,0.06997163886709165,-0.6573913043478261,-0.5652173913043478,-0.44956521739130434,8
2519,-0.45434782608695656,0.12233935881210006,-0.6173913043478261,-0.4521739130434783,-0.29,8
2520,-0.5108695652173912,0.06590220170097442,-0.6226086956521739,-0.4956521739130435,-0.43217391304347824,8
2521,-0.5652173913043479,0.07117698062497783,-0.6747826086956522,-0.5565217391304347,-0.4526086956521739,8
2522,-0.4760869565217391,0.058615081577012014,-0.5847826086956521,-0.45217391304347826,-0.4117391304347826,8
2523,-0.46956521739130436,0.05897678246195885,-0.5817391304347825,-0.45217391304347826,-0.3973913043478261,8
2524,-0.4913043478260869,0.07765465695431197,-0.6369565217391304,-0.46956521739130436,-0.4117391304347826,8
2525,-0.5369565217391306,0.1039621495758117,-0.6952173913043479,-0.5304347826086957,-0.37173913043478257,8
2526,-0.5413043478260869,0.11761251299759981,-0.7495652173913043,-0.5304347826086957,-0.38304347826086954,8
2527,-0.5478260869565217,0.03253615118933859,-0.5969565217391304,-0.5478260869565217,-0.49869565217391304,8
2528,-0.5760869565217391,0.09680627860092311,-0.7269565217391304,-0.5826086956521739,-0.43826086956521737,8
2529,-0.5413043478260869,0.07061035551700745,-0.6143478260869565,-0.5739130434782609,-0.4260869565217391,8
2530,-0.5239130434782608,0.1024971759489242,-0.6347826086956522,-0.5217391304347826,-0.3460869565217391,8
2531,-0.6217391304347826,0.06608123545030724,-0.6839130434782609,-0.6434782608695653,-0.4934782608695652,8
2532,-0.5282608695652173,0.09854806049254901,-0.6317391304347826,-0.5391304347826087,-0.3430434782608695,8
2533,-0.5413043478260869,0.08950082108799522,-0.6778260869565218,-0.5391304347826087,-0.42913043478260865,8
2534,-0.4782608695652174,0.1153608622732313,-0.6256521739130435,-0.46956521739130436,-0.26826086956521733,8
2535,-0.5413043478260869,0.09200045204129924,-0.6747826086956522,-0.5304347826086957,-0.3808695652173913,8
2536,-0.6108695652173913,0.0589367030944607,-0.712608695652174,-0.6,-0.5221739130434783,8
2537,-0.5891304347826087,0.05957473741758577,-0.7034782608695652,-0.5826086956521739,-0.5191304347826087,8
2538,-0.5521739130434782,0.05199243801348433,-0.6256521739130435,-0.5565217391304347,-0.458695652173913,8
2539,-0.4608695652173913,0.07223151185146152,-0.5591304347826087,-0.45217391304347826,-0.3595652173913043,8
2540,-0.4869565217391304,0.08782178207271371,-0.6226086956521739,-0.5043478260869565,-0.3769565217391304,8
2541,-0.5847826086956522,0.08084501731211761,-0.6839130434782609,-0.6086956521739131,-0.4526086956521739,8
2542,-0.40217391304347827,0.07627306431673404,-0.5439130434782609,-0.4,-0.2960869565217391,8
2543,-0.5152173913043478,0.09302214302319421,-0.6860869565217391,-0.4956521739130435,-0.4260869565217391,8
2544,-0.5956521739130436,0.10018885758089491,-0.7043478260869566,-0.6086956521739131,-0.4608695652173913,8
2545,-0.408695652173913,0.08157244799692921,-0.4926086956521739,-0.43478260869565216,-0.24999999999999997,8
2546,-0.5,0.09026321518272476,-0.5969565217391304,-0.5217391304347827,-0.33999999999999997,8
2547,-0.6065217391304347,0.06898535501140186,-0.7382608695652173,-0.5826086956521739,-0.5334782608695653,8
2548,-0.4565217391304348,0.08145649563128345,-0.5908695652173913,-0.4347826086956522,-0.34826086956521735,8
2549,-0.5934782608695652,0.10997078147775426,-0.701304347826087,-0.6434782608695653,-0.40652173913043477,8
2550,-0.517391304347826,0.050517174080966294,-0.5652173913043478,-0.5391304347826087,-0.42913043478260865,8
2551,-0.4326086956521739,0.09988178267530559,-0.5991304347826087,-0.4260869565217391,-0.3073913043478261,8
2552,-0.5565217391304348,0.04919003695210763,-0.6173913043478261,-0.5478260869565217,-0.49869565217391304,8
2553,-0.5630434782608695,0.06760135567594006,-0.6891304347826087,-0.5478260869565217,-0.47304347826086957,8
2554,-0.5391304347826087,0.04170288281141493,-0.5826086956521739,-0.5565217391304347,-0.46695652173913044,8
2555,-0.5804347826086956,0.12763295080944081,-0.7391304347826086,-0.5478260869565217,-0.40347826086956523,8
2556,-0.5195652173913043,0.10753730613940554,-0.6921739130434783,-0.5130434782608696,-0.35130434782608694,8
2557,-0.48913043478260876,0.10175678033450827,-0.6430434782608696,-0.48695652173913045,-0.3143478260869565,8
2558,-0.5847826086956521,0.08928935990396891,-0.712608695652174,-0.6173913043478261,-0.46391304347826084,8
2559,-0.591304347826087,0.063305303385048,-0.6839130434782609,-0.6,-0.49043478260869566,8
2560,-0.6260869565217391,0.07826086956521738,-0.7556521739130435,-0.6434782608695653,-0.5160869565217392,8
2561,-0.48043478260869565,0.10082364022004547,-0.5652173913043478,-0.5304347826086957,-0.2960869565217391,8
2562,-0.5108695652173914,0.1052272722633126,-0.6830434782608696,-0.5130434782608696,-0.33999999999999997,8
2563,-0.42391304347826086,0.0946339080855605,-0.51,-0.4434782608695652,-0.23043478260869563,8
2564,-0.4782608695652174,0.0860825646661884,-0.5991304347826087,-0.4956521739130435,-0.3143478260869565,8
2565,-0.5673913043478261,0.11873227656018587,-0.7217391304347827,-0.5565217391304348,-0.4117391304347826,8
2566,-0.44565217391304346,0.07990424325864831,-0.5304347826086957,-0.45217391304347826,-0.3247826086956521,8
2567,-0.5108695652173914,0.07552588159147917,-0.6452173913043479,-0.5130434782608696,-0.40043478260869564,8
2568,-0.5260869565217391,0.06315582194058238,-0.6113043478260869,-0.5391304347826087,-0.42086956521739133,8
2569,-0.5021739130434782,0.09602201228416424,-0.6173913043478261,-0.4956521739130435,-0.3626086956521739,8
2570,-0.4478260869565217,0.1165833711112341,-0.6,-0.46956521739130436,-0.25304347826086954,8
2571,-0.4217391304347826,0.08374504471416618,-0.5643478260869565,-0.408695652173913,-0.31043478260869567,8
2572,-0.5760869565217391,0.0742638732719075,-0.7095652173913044,-0.5652173913043478,-0.48130434782608694,8
2573,-0.5043478260869565,0.10252022715262259,-0.64,-0.5304347826086957,-0.33086956521739125,8
2574,-0.5804347826086956,0.0799042432586483,-0.6869565217391305,-0.5826086956521739,-0.4526086956521739,8
2575,-0.5478260869565217,0.10288834405390636,-0.6604347826086957,-0.5739130434782609,-0.3378260869565217,8
2576,-0.4717391304347826,0.08517190445286839,-0.5939130434782608,-0.46956521739130436,-0.33391304347826084,8
2577,-0.5630434782608696,0.09931238070000366,-0.7095652173913044,-0.5826086956521739,-0.41782608695652174,8
2578,-0.508695652173913,0.0832923654811653,-0.64,-0.5217391304347827,-0.3973913043478261,8
2579,-0.5847826086956521,0.10007086336072961,-0.758695652173913,-0.5565217391304347,-0.46391304347826084,8
2580,-0.4673913043478261,0.052128603514268686,-0.5417391304347826,-0.4608695652173913,-0.40869565217391307,8
2581,-0.5326086956521738,0.10450622036279926,-0.6778260869565218,-0.5391304347826087,-0.3739130434782609,8
2582,-0.5608695652173913,0.10569778940124537,-0.73,-0.5391304347826087,-0.42913043478260865,8
2583,-0.5739130434782609,0.04841534228547844,-0.6317391304347826,-0.5913043478260869,-0.48739130434782607,8
2584,-0.567391304347826,0.04554853660816731,-0.6430434782608696,-0.5565217391304347,-0.5017391304347826,8
2585,-0.508695652173913,0.07365684498303224,-0.628695652173913,-0.48695652173913045,-0.4147826086956522,8
2586,-0.5543478260869565,0.064452030784233,-0.628695652173913,-0.5739130434782609,-0.42695652173913046,8
2587,-0.5021739130434782,0.06266754480608511,-0.5969565217391304,-0.5130434782608696,-0.4260869565217391,8
2588,-0.5282608695652175,0.12094070474522715,-0.7291304347826086,-0.5304347826086957,-0.35130434782608694,8
2589,-0.558695652173913,0.12837135992560544,-0.792608695652174,-0.5478260869565217,-0.3778260869565217,8
2590,-0.4739130434782609,0.10389394039433496,-0.64,-0.46956521739130436,-0.31956521739130433,8
2591,-0.4869565217391304,0.07580693814853345,-0.5826086956521739,-0.5130434782608696,-0.3769565217391304,8
2592,-0.5152173913043478,0.09220569591499345,-0.7056521739130435,-0.4956521739130435,-0.42913043478260865,8
2593,-0.46739130434782605,0.10432517870175502,-0.6339130434782608,-0.48695652173913045,-0.3247826086956521,8
2594,-0.44565217391304346,0.08843845916003475,-0.5795652173913043,-0.4434782608695652,-0.3278260869565217,8
2595,-0.5021739130434782,0.0638627427024712,-0.5969565217391304,-0.4956521739130435,-0.4117391304347826,8
2596,-0.6,0.08249419983047944,-0.7269565217391304,-0.6086956521739131,-0.48434782608695653,8
2597,-0.5630434782608695,0.05989120571285178,-0.6430434782608696,-0.5739130434782609,-0.46391304347826084,8
2598,-0.6239130434782609,0.06732114159653055,-0.701304347826087,-0.6347826086956522,-0.5078260869565218,8
2599,-0.5065217391304349,0.05426079988847254,-0.5478260869565217,-0.5304347826086957,-0.39217391304347826,8
2600,-0.5239130434782608,0.09075924237020914,-0.6747826086956522,-0.5304347826086957,-0.38913043478260867,8
2601,-0.5956521739130434,0.05550932754262482,-0.6695652173913044,-0.6,-0.5047826086956522,8
2602,-0.46304347826086956,0.07298004491997617,-0.5734782608695652,-0.45217391304347826,-0.34826086956521735,8
2603,-0.5195652173913043,0.05829168555561705,-0.5969565217391304,-0.5130434782608696,-0.42913043478260865,8
2604,-0.4826086956521739,0.032244341248242034,-0.5273913043478261,-0.4782608695652174,-0.43217391304347824,8
2605,-0.5369565217391304,0.08154347536309152,-0.6717391304347826,-0.5130434782608696,-0.42086956521739133,8
2606,-0.5,0.07716625804042977,-0.6226086956521739,-0.5130434782608696,-0.3943478260869565,8
2607,-0.2934782608695652,0.09602201228416424,-0.45695652173913043,-0.28695652173913044,-0.1743478260869565,8
2608,-0.508695652173913,0.07862235356532661,-0.6,-0.4956521739130435,-0.37478260869565216,8
2609,-0.3739130434782609,0.12956229935435948,-0.6134782608695653,-0.34782608695652173,-0.23782608695652174,8
2610,-0.4934782608695652,0.036311506714108835,-0.5591304347826087,-0.4782608695652174,-0.4608695652173913,8
2611,-0.4782608695652174,0.0638997324204307,-0.5621739130434782,-0.46956521739130436,-0.3943478260869565,8
2612,-0.5804347826086957,0.023714591553555885,-0.6143478260869565,-0.5826086956521739,-0.5365217391304348,8
2613,-0.4826086956521739,0.06008815200471848,-0.5621739130434782,-0.4782608695652174,-0.38608695652173913,8
2614,-0.541304347826087,0.1032322614833371,-0.7156521739130435,-0.5043478260869565,-0.41782608695652174,8
2615,-0.3913043478260869,0.06735623210795508,-0.4752173913043478,-0.3826086956521739,-0.29,8
2616,-0.4739130434782608,0.11395949932244484,-0.6082608695652174,-0.48695652173913045,-0.2539130434782608,8
2617,-0.517391304347826,0.10990630138925685,-0.6173913043478261,-0.5652173913043478,-0.3278260869565217,8
2618,-0.5739130434782609,0.0602452454806566,-0.6747826086956522,-0.5739130434782609,-0.48434782608695653,8
2619,-0.55,0.09138195459558131,-0.6839130434782609,-0.5391304347826087,-0.41782608695652174,8
2620,-0.6000000000000001,0.07064381221422573,-0.701304347826087,-0.5913043478260869,-0.5160869565217392,8
2621,-0.6086956521739131,0.09952628819356171,-0.7669565217391304,-0.6260869565217391,-0.4413043478260869,8
2622,-0.4913043478260869,0.07365684498303225,-0.5969565217391304,-0.48695652173913045,-0.38304347826086954,8
2623,-0.5239130434782608,0.08907739673281685,-0.6604347826086957,-0.5217391304347827,-0.3943478260869565,8
2624,-0.5130434782608696,0.07223151185146152,-0.6369565217391304,-0.5130434782608696,-0.4260869565217391,8
2625,-0.46304347826086956,0.08583516096695494,-0.5734782608695652,-0.4782608695652174,-0.3278260869565217,8
2626,-0.6456521739130434,0.07007287591863563,-0.7504347826086957,-0.6434782608695653,-0.5282608695652175,8
2627,-0.49782608695652175,0.08539356235392327,-0.6256521739130435,-0.5130434782608696,-0.36565217391304344,8
2628,-0.48695652173913045,0.0882512310008019,-0.6143478260869565,-0.46956521739130436,-0.3626086956521739,8
2629,-0.4260869565217391,0.11601447012283769,-0.6021739130434782,-0.43478260869565216,-0.2326086956521739,8
2630,-0.5347826086956522,0.07667474821107997,-0.6430434782608696,-0.5391304347826087,-0.3952173913043478,8
2631,-0.5521739130434782,0.09026321518272475,-0.6347826086956522,-0.5913043478260869,-0.38608695652173913,8
2632,-0.6217391304347827,0.08237954487607138,-0.7186956521739131,-0.6347826086956522,-0.47304347826086957,8
2633,-0.4978260869565217,0.08539356235392327,-0.6195652173913043,-0.5130434782608695,-0.3543478260869565,8
2634,-0.6086956521739131,0.11437344728666003,-0.7647826086956522,-0.6347826086956522,-0.42391304347826086,8
2635,-0.5260869565217392,0.0761800672518923,-0.628695652173913,-0.5130434782608696,-0.40347826086956523,8
2636,-0.5326086956521738,0.0867116116312136,-0.6573913043478261,-0.5565217391304347,-0.40043478260869564,8
2637,-0.5391304347826087,0.052893587219984516,-0.6482608695652174,-0.5304347826086957,-0.48434782608695653,8
2638,-0.46521739130434786,0.06942921488117962,-0.5447826086956521,-0.48695652173913045,-0.3739130434782609,8
2639,-0.5239130434782608,0.07272055949425098,-0.6143478260869565,-0.5304347826086957,-0.4147826086956522,8
2640,-0.46304347826086956,0.09261481914843822,-0.5908695652173913,-0.4608695652173913,-0.33086956521739125,8
2641,-0.43043478260869567,0.09233374165911,-0.5960869565217392,-0.4260869565217391,-0.31043478260869567,8
2642,-0.5152173913043478,0.05796648533031905,-0.6082608695652174,-0.5130434782608696,-0.42086956521739133,8
2643,-0.5,0.04662524041201569,-0.5447826086956521,-0.5130434782608696,-0.40652173913043477,8
2644,-0.5739130434782609,0.15111432345202405,-0.7882608695652173,-0.5826086956521739,-0.3769565217391304,8
2645,-0.5847826086956522,0.11777313104853514,-0.7156521739130435,-0.6260869565217391,-0.38304347826086954,8
2646,-0.5369565217391304,0.09483345265733581,-0.7343478260869565,-0.5130434782608696,-0.44956521739130434,8
2647,-0.591304347826087,0.08430747578115357,-0.712608695652174,-0.5913043478260869,-0.45565217391304347,8
2648,-0.4847826086956522,0.06898535501140186,-0.5765217391304347,-0.4956521739130435,-0.3769565217391304,8
2649,-0.45869565217391306,0.07701299819094934,-0.5621739130434782,-0.4521739130434783,-0.34826086956521735,8
2650,-0.558695652173913,0.06083073295492705,-0.6173913043478261,-0.5652173913043478,-0.4443478260869565,8
2651,-0.4478260869565217,0.07365684498303225,-0.5560869565217391,-0.4608695652173913,-0.3452173913043478,8
2652,-0.49782608695652175,0.0641580633190161,-0.5939130434782608,-0.4956521739130435,-0.3973913043478261,8
2653,-0.5652173913043479,0.08519964322724097,-0.7178260869565217,-0.5565217391304347,-0.44956521739130434,8
2654,-0.5826086956521739,0.047628048478710085,-0.6491304347826087,-0.5913043478260869,-0.5130434782608696,8
2655,-0.5652173913043478,0.08608256466618841,-0.6695652173913044,-0.5739130434782609,-0.42913043478260865,8
2656,-0.5521739130434782,0.052714589795574515,-0.628695652173913,-0.5565217391304347,-0.46695652173913044,8
2657,-0.5478260869565217,0.09445896079304537,-0.6869565217391305,-0.5478260869565217,-0.4260869565217391,8
2658,-0.5717391304347825,0.08154347536309153,-0.6839130434782609,-0.5739130434782609,-0.46391304347826084,8
2659,-0.47608695652173916,0.07847193759904368,-0.6021739130434782,-0.4782608695652174,-0.35130434782608694,8
2660,-0.4739130434782609,0.08771409131231309,-0.5939130434782608,-0.46956521739130436,-0.3226086956521739,8
2661,-0.5521739130434783,0.10279643841336426,-0.7095652173913044,-0.5391304347826087,-0.3808695652173913,8
2662,-0.5565217391304348,0.13014460475735448,-0.7526086956521739,-0.5652173913043479,-0.38,8
2663,-0.5260869565217392,0.06665091181198213,-0.628695652173913,-0.5217391304347827,-0.43217391304347824,8
2664,-0.5173913043478261,0.09314906645925455,-0.6604347826086957,-0.5130434782608695,-0.37173913043478257,8
2665,-0.44347826086956527,0.08385783270428657,-0.6186956521739131,-0.4173913043478261,-0.3739130434782609,8
2666,-0.5739130434782609,0.07826086956521737,-0.6491304347826087,-0.6086956521739131,-0.42695652173913046,8
2667,-0.45,0.06206131488530522,-0.5273913043478261,-0.4434782608695652,-0.3626086956521739,8
2668,-0.4891304347826087,0.07167322400797624,-0.6082608695652174,-0.4782608695652174,-0.38608695652173913,8
2669,-0.5543478260869565,0.11099736879321513,-0.736086956521739,-0.5043478260869565,-0.42086956521739133,8
2670,-0.5282608695652175,0.0330406177251536,-0.5908695652173913,-0.5217391304347827,-0.48434782608695653,8
2671,-0.5434782608695652,0.09314906645925455,-0.6634782608695652,-0.5652173913043478,-0.37478260869565216,8
2672,-0.5891304347826087,0.04342387903356126,-0.6604347826086957,-0.5913043478260869,-0.5334782608695653,8
2673,-0.5260869565217391,0.043260323352461716,-0.5908695652173913,-0.5304347826086957,-0.4526086956521739,8
2674,-0.5217391304347827,0.04259982161362048,-0.5939130434782608,-0.5217391304347827,-0.46391304347826084,8
2675,-0.4760869565217391,0.08405484751817914,-0.6052173913043478,-0.4782608695652174,-0.34826086956521735,8
2676,-0.4434782608695652,0.06209937763950306,-0.5273913043478261,-0.4434782608695652,-0.3595652173913043,8
2677,-0.5130434782608695,0.057021204559147824,-0.5826086956521739,-0.5130434782608696,-0.43217391304347824,8
2678,-0.5782608695652174,0.03864432355354603,-0.6317391304347826,-0.5739130434782609,-0.5304347826086957,8
2679,-0.3934782608695652,0.07193648742510565,-0.5182608695652174,-0.391304347826087,-0.28478260869565214,8
2680,-0.5021739130434782,0.08779487176655944,-0.64,-0.4956521739130435,-0.38,8
2681,-0.5217391304347826,0.08739022279235556,-0.6256521739130435,-0.5391304347826087,-0.36565217391304344,8
2682,-0.5608695652173913,0.10497996928390987,-0.7352173913043478,-0.5565217391304347,-0.38391304347826083,8
2683,-0.55,0.04717942263958848,-0.6369565217391304,-0.5478260869565217,-0.4956521739130435,8
2684,-0.5847826086956522,0.07451798478696788,-0.6952173913043479,-0.6,-0.4782608695652174,8
2685,-0.5934782608695652,0.07725806801702984,-0.7065217391304348,-0.6086956521739131,-0.46695652173913044,8
2686,-0.4804347826086957,0.042097645067471934,-0.5130434782608696,-0.5043478260869565,-0.40043478260869564,8
2687,-0.4673913043478261,0.03784107649028091,-0.5243478260869565,-0.46956521739130436,-0.4117391304347826,8
2688,-0.5217391304347826,0.09284415871331575,-0.6604347826086957,-0.5043478260869565,-0.3973913043478261,8
2689,-0.5630434782608695,0.08757929164558126,-0.6952173913043479,-0.5652173913043478,-0.4352173913043478,8
2690,-0.5978260869565217,0.02940815056188846,-0.6347826086956522,-0.6,-0.5652173913043478,8
2691,-0.5,0.09355406431021744,-0.6143478260869565,-0.5217391304347826,-0.3739130434782609,8
2692,-0.47173913043478266,0.0777458901836855,-0.6052173913043478,-0.45217391304347826,-0.38,8
2693,-0.6043478260869565,0.07314175583156836,-0.6695652173913044,-0.6260869565217391,-0.45347826086956516,8
2694,-0.48478260869565215,0.050657305207526274,-0.5591304347826087,-0.48695652173913045,-0.4117391304347826,8
2695,-0.6304347826086956,0.058816301123776886,-0.701304347826087,-0.6434782608695653,-0.5252173913043479,8
2696,-0.47391304347826085,0.05412999825212492,-0.5417391304347826,-0.4956521739130435,-0.3943478260869565,8
2697,-0.5652173913043478,0.07630403815123585,-0.6347826086956522,-0.5913043478260869,-0.43217391304347824,8
2698,-0.567391304347826,0.08843845916003476,-0.7065217391304348,-0.5565217391304348,-0.43826086956521737,8
2699,-0.5413043478260869,0.04342387903356124,-0.6226086956521739,-0.5391304347826087,-0.48434782608695653,8
2700,-0.4934782608695652,0.05925657900190873,-0.5795652173913043,-0.48695652173913045,-0.4147826086956522,8
2701,-0.6630434782608696,0.0842794433694788,-0.7534782608695652,-0.6782608695652175,-0.4943478260869565,8
2702,-0.5934782608695652,0.058936703094460696,-0.6921739130434783,-0.5826086956521739,-0.5160869565217392,8
2703,-0.5478260869565217,0.0860825646661884,-0.6665217391304348,-0.5217391304347827,-0.4434782608695652,8
2704,-0.5608695652173913,0.12320545491569353,-0.712608695652174,-0.5739130434782609,-0.36869565217391304,8
2705,-0.49130434782608695,0.09555330859059091,-0.64,-0.4782608695652174,-0.3769565217391304,8
2706,-0.5130434782608695,0.10398487602696868,-0.68,-0.5391304347826087,-0.36565217391304344,8
2707,-0.5217391304347826,0.0924360505455187,-0.6973913043478261,-0.48695652173913045,-0.4260869565217391,8
2708,-0.5434782608695652,0.08052286598892232,-0.6430434782608696,-0.5478260869565217,-0.3869565217391304,8
2709,-0.41304347826086957,0.0600881520047185,-0.4926086956521739,-0.4173913043478261,-0.3391304347826087,8
2710,-0.5891304347826087,0.06618842325060142,-0.6665217391304348,-0.6,-0.49869565217391304,8
2711,-0.5891304347826087,0.06618842325060142,-0.6665217391304348,-0.6,-0.47,8
2712,-0.6326086956521739,0.1138557771754217,-0.7678260869565217,-0.6608695652173913,-0.47,8
2713,-0.5565217391304347,0.131589095221057,-0.7608695652173912,-0.5652173913043478,-0.3234782608695652,8
2714,-0.491304347826087,0.06997163886709167,-0.6308695652173913,-0.4782608695652174,-0.4117391304347826,8
2715,-0.6217391304347827,0.07862235356532662,-0.7186956521739131,-0.6521739130434783,-0.5160869565217392,8
2716,-0.508695652173913,0.08899778039329878,-0.6113043478260869,-0.5217391304347827,-0.3430434782608695,8
2717,-0.5478260869565217,0.06270523957328675,-0.6256521739130435,-0.5652173913043478,-0.42695652173913046,8
2718,-0.6413043478260869,0.057639450363316753,-0.701304347826087,-0.6521739130434783,-0.5313043478260869,8
2719,-0.6304347826086956,0.11295983527623112,-0.7965217391304348,-0.6347826086956522,-0.43304347826086953,8
2720,-0.5130434782608695,0.07874247946206449,-0.6491304347826087,-0.4956521739130435,-0.4434782608695652,8
2721,-0.3804347826086957,0.08736317955395706,-0.5039130434782609,-0.391304347826087,-0.2243478260869565,8
2722,-0.558695652173913,0.06561473162081118,-0.6717391304347826,-0.5652173913043478,-0.46695652173913044,8
2723,-0.4956521739130435,0.0476280484787101,-0.5734782608695652,-0.5043478260869565,-0.42913043478260865,8
2724,-0.5413043478260869,0.07577576112144946,-0.6573913043478261,-0.5391304347826087,-0.4434782608695652,8
2725,-0.5521739130434782,0.06888251964241242,-0.6460869565217391,-0.5478260869565217,-0.46391304347826084,8
2726,-0.41086956521739126,0.09302214302319421,-0.5447826086956521,-0.3739130434782609,-0.2960869565217391,8
2727,-0.5565217391304347,0.0608695652173913,-0.6347826086956522,-0.5478260869565217,-0.48130434782608694,8
2728,-0.508695652173913,0.08984338399900794,-0.6543478260869565,-0.4782608695652174,-0.4260869565217391,8
2729,-0.5043478260869565,0.09202613255876836,-0.6173913043478261,-0.5043478260869565,-0.3347826086956522,8
2730,-0.5869565217391304,0.0505171740809663,-0.6521739130434783,-0.5826086956521739,-0.5130434782608696,8
2731,-0.5152173913043478,0.0826944634852619,-0.6430434782608696,-0.5217391304347827,-0.38304347826086954,8
2732,-0.5478260869565217,0.10895620944471016,-0.6808695652173913,-0.5739130434782609,-0.38,8
2733,-0.48043478260869565,0.05664701835128427,-0.5591304347826087,-0.48695652173913045,-0.38304347826086954,8
2734,-0.6021739130434782,0.07087756689957,-0.7269565217391304,-0.5826086956521739,-0.5160869565217392,8
2735,-0.5130434782608695,0.06270523957328675,-0.5765217391304347,-0.5478260869565217,-0.39217391304347826,8
2736,-0.46304347826086956,0.06760135567594004,-0.5478260869565217,-0.46956521739130436,-0.3626086956521739,8
2737,-0.5630434782608695,0.07750236291293865,-0.6778260869565218,-0.5739130434782609,-0.44652173913043475,8
2738,-0.5695652173913044,0.04237736671656069,-0.6143478260869565,-0.5913043478260869,-0.49869565217391304,8
2739,-0.55,0.10522727226331258,-0.7382608695652173,-0.4956521739130435,-0.44652173913043475,8
2740,-0.5413043478260869,0.06020601053967925,-0.628695652173913,-0.5478260869565217,-0.44652173913043475,8
2741,-0.6065217391304347,0.03682842249151611,-0.6491304347826087,-0.6173913043478261,-0.5395652173913044,8
2742,-0.5804347826086956,0.0779886570202265,-0.7404347826086957,-0.5652173913043478,-0.5017391304347826,8
2743,-0.5847826086956522,0.09179474926398877,-0.7156521739130435,-0.5652173913043478,-0.46391304347826084,8
2744,-0.5021739130434782,0.11167651773079411,-0.6860869565217391,-0.4956521739130435,-0.3369565217391304,8
2745,-0.4826086956521739,0.04976314409678085,-0.5704347826086956,-0.46956521739130436,-0.4147826086956522,8
2746,-0.4282608695652174,0.11218318128209277,-0.6217391304347826,-0.43478260869565216,-0.2643478260869565,8
2747,-0.5739130434782609,0.04919003695210763,-0.6173913043478261,-0.6,-0.49869565217391304,8
2748,-0.46956521739130436,0.09325048082403137,-0.5795652173913043,-0.46956521739130436,-0.33086956521739125,8
2749,-0.5217391304347826,0.09161438045958903,-0.6460869565217391,-0.5130434782608696,-0.391304347826087,8
2750,-0.5608695652173913,0.10711899995439059,-0.7321739130434782,-0.5652173913043478,-0.38608695652173913,8
2751,-0.39565217391304347,0.05482400092573257,-0.4578260869565217,-0.4,-0.28782608695652173,8
2752,-0.6195652173913044,0.08405484751817914,-0.736086956521739,-0.6086956521739131,-0.5130434782608696,8
2753,-0.5521739130434782,0.09435884527917698,-0.712608695652174,-0.5217391304347826,-0.4608695652173913,8
2754,-0.4652173913043478,0.10094075448907737,-0.5795652173913043,-0.4782608695652174,-0.2991304347826087,8
2755,-0.5152173913043478,0.06590220170097441,-0.6082608695652174,-0.5217391304347826,-0.4147826086956522,8
2756,-0.6108695652173913,0.033607880073348514,-0.6521739130434783,-0.6173913043478261,-0.5652173913043478,8
2757,-0.5739130434782609,0.07480282840906631,-0.6521739130434783,-0.5913043478260869,-0.4782608695652174,8
2758,-0.5891304347826087,0.07007287591863563,-0.6808695652173913,-0.5913043478260869,-0.49869565217391304,8
2759,-0.4956521739130435,0.10578717443996905,-0.6634782608695652,-0.4782608695652174,-0.3565217391304348,8
2760,-0.5673913043478261,0.10771294905945648,-0.7895652173913044,-0.5391304347826087,-0.46695652173913044,8
2761,-0.6239130434782609,0.11268756680603856,-0.7534782608695652,-0.6347826086956522,-0.4608695652173913,8
2762,-0.5543478260869565,0.05139821920668211,-0.6,-0.5826086956521739,-0.46391304347826084,8
2763,-0.5782608695652174,0.07618006725189232,-0.6952173913043479,-0.5826086956521739,-0.46695652173913044,8
2764,-0.5434782608695652,0.056186295579652525,-0.6173913043478261,-0.5391304347826087,-0.46695652173913044,8
2765,-0.5347826086956522,0.08145649563128346,-0.68,-0.5304347826086957,-0.41782608695652174,8
2766,-0.4260869565217391,0.07429568474189156,-0.5417391304347826,-0.4260869565217391,-0.3134782608695652,8
2767,-0.558695652173913,0.056979749661222406,-0.6347826086956522,-0.5391304347826087,-0.4956521739130435,8
2768,-0.5978260869565217,0.05731054924549595,-0.6869565217391305,-0.5826086956521739,-0.5191304347826087,8
2769,-0.5782608695652174,0.06608123545030724,-0.6808695652173913,-0.5565217391304347,-0.49869565217391304,8
2770,-0.558695652173913,0.09835605239881408,-0.6808695652173913,-0.5913043478260869,-0.38608695652173913,8
2771,-0.4434782608695652,0.11568812778826149,-0.5878260869565217,-0.4782608695652174,-0.2552173913043478,8
2772,-0.5913043478260869,0.09525609695742018,-0.7269565217391304,-0.6086956521739131,-0.4352173913043478,8
2773,-0.49130434782608695,0.07104406364507908,-0.6052173913043478,-0.4956521739130435,-0.3943478260869565,8
2774,-0.4434782608695652,0.05897678246195886,-0.4956521739130435,-0.4608695652173913,-0.32565217391304346,8
2775,-0.5195652173913043,0.08292274401200282,-0.6173913043478261,-0.5304347826086957,-0.3634782608695652,8
2776,-0.5217391304347826,0.0995262881935617,-0.6604347826086957,-0.5217391304347826,-0.3769565217391304,8
2777,-0.41086956521739126,0.08886492798247694,-0.567391304347826,-0.3913043478260869,-0.3073913043478261,8
2778,-0.4934782608695652,0.07349626741033462,-0.5652173913043478,-0.5304347826086957,-0.3769565217391304,8
2779,-0.5173913043478261,0.1009407544890774,-0.6830434782608696,-0.5217391304347827,-0.3460869565217391,8
2780,-0.45869565217391306,0.08360384575230177,-0.5908695652173913,-0.4608695652173913,-0.3452173913043478,8
2781,-0.5108695652173914,0.0420976450674719,-0.5621739130434782,-0.5217391304347827,-0.44652173913043475,8
2782,-0.5934782608695652,0.043423879033561284,-0.6747826086956522,-0.5826086956521739,-0.5478260869565217,8
2783,-0.45869565217391306,0.11968373572609393,-0.5826086956521739,-0.4782608695652174,-0.24173913043478257,8
2784,-0.458695652173913,0.1004479569751993,-0.5621739130434782,-0.4782608695652174,-0.28478260869565214,8
2785,-0.3282608695652174,0.051398219206682125,-0.391304347826087,-0.33043478260869563,-0.24391304347826087,8
2786,-0.5760869565217391,0.0626675448060851,-0.6521739130434783,-0.5913043478260869,-0.48434782608695653,8
2787,-0.6195652173913043,0.04385704565615658,-0.6952173913043479,-0.6173913043478261,-0.5539130434782608,8
2788,-0.49999999999999994,0.0505171740809663,-0.5765217391304347,-0.5043478260869565,-0.42913043478260865,8
2789,-0.42391304347826086,0.0946339080855605,-0.5704347826086956,-0.4347826086956522,-0.2817391304347826,8
2790,-0.5673913043478261,0.09342769107367087,-0.701304347826087,-0.5304347826086957,-0.44956521739130434,8
2791,-0.5652173913043479,0.11169767459708806,-0.7382608695652173,-0.5739130434782609,-0.38608695652173913,8
2792,-0.5304347826086957,0.027498066610159792,-0.5795652173913043,-0.5217391304347827,-0.49869565217391304,8
2793,-0.5608695652173914,0.0761800672518923,-0.6317391304347826,-0.5826086956521739,-0.41782608695652174,8
2794,-0.5260869565217392,0.06888251964241243,-0.6513043478260869,-0.5304347826086957,-0.44652173913043475,8
2795,-0.4782608695652174,0.08519964322724097,-0.6,-0.46956521739130436,-0.35130434782608694,8
2796,-0.6152173913043478,0.037338182689821045,-0.6521739130434783,-0.6173913043478261,-0.5682608695652174,8
2797,-0.5782608695652174,0.03864432355354604,-0.6317391304347826,-0.5826086956521739,-0.5191304347826087,8
2798,-0.5260869565217391,0.07157425057893185,-0.628695652173913,-0.5304347826086957,-0.4147826086956522,8
2799,-0.5391304347826087,0.08952721861727825,-0.6747826086956522,-0.5391304347826087,-0.39217391304347826,8
2800,-0.5565217391304347,0.08695652173913042,-0.7321739130434782,-0.5391304347826087,-0.4782608695652174,8
2801,-0.5369565217391304,0.06020601053967924,-0.6256521739130435,-0.5391304347826087,-0.44652173913043475,8
2802,-0.5391304347826087,0.1137104072228002,-0.7095652173913044,-0.5478260869565217,-0.3543478260869565,8
2803,-0.6608695652173913,0.07429568474189158,-0.7821739130434783,-0.6608695652173913,-0.5652173913043478,8
2804,-0.391304347826087,0.09760845356801588,-0.521304347826087,-0.4,-0.24695652173913044,8
2805,-0.40652173913043477,0.0803760067275485,-0.4926086956521739,-0.43478260869565216,-0.2756521739130435,8
2806,-0.4934782608695652,0.05028275437487118,-0.5765217391304347,-0.4782608695652174,-0.41782608695652174,8
2807,-0.5913043478260869,0.05217391304347827,-0.6921739130434783,-0.5739130434782609,-0.5334782608695653,8
2808,-0.6130434782608696,0.07157425057893188,-0.7186956521739131,-0.6,-0.5078260869565218,8
2809,-0.45869565217391306,0.056647018351284266,-0.5417391304347826,-0.4434782608695652,-0.38,8
2810,-0.5652173913043478,0.15676309893321694,-0.7186956521739131,-0.6173913043478261,-0.26217391304347826,8
2811,-0.5760869565217391,0.09075924237020913,-0.6952173913043479,-0.6,-0.4126086956521739,8
2812,-0.5869565217391304,0.10389394039433496,-0.7095652173913044,-0.6173913043478261,-0.40043478260869564,8
2813,-0.5260869565217392,0.12831612663803224,-0.712608695652174,-0.4956521739130435,-0.3769565217391304,8
2814,-0.5152173913043478,0.10157083814107536,-0.6317391304347826,-0.5304347826086957,-0.33391304347826084,8
2815,-0.4782608695652174,0.05430433042085561,-0.5478260869565217,-0.4782608695652174,-0.3943478260869565,8
2816,-0.6130434782608696,0.09274230003348498,-0.736086956521739,-0.6260869565217391,-0.48130434782608694,8
2817,-0.5130434782608696,0.09120076940610015,-0.691304347826087,-0.4956521739130435,-0.4147826086956522,8
2818,-0.5260869565217392,0.10533949077900624,-0.7095652173913044,-0.5130434782608696,-0.4117391304347826,8
2819,-0.5543478260869565,0.07219879089311138,-0.6830434782608696,-0.5565217391304347,-0.4526086956521739,8
2820,-0.5847826086956522,0.08714653153403237,-0.6982608695652174,-0.5913043478260869,-0.43826086956521737,8
2821,-0.5847826086956522,0.1008236402200455,-0.7156521739130435,-0.6,-0.42913043478260865,8
2822,-0.5108695652173914,0.07087756689957002,-0.6256521739130435,-0.5130434782608696,-0.4117391304347826,8
2823,-0.49565217391304345,0.09604661754075879,-0.6113043478260869,-0.5130434782608696,-0.3143478260869565,8
2824,-0.5304347826086957,0.08695652173913043,-0.6860869565217391,-0.5217391304347827,-0.40652173913043477,8
2825,-0.43695652173913047,0.08736317955395705,-0.5704347826086956,-0.4434782608695652,-0.3073913043478261,8
2826,-0.541304347826087,0.06386274270247122,-0.6317391304347826,-0.5217391304347827,-0.4526086956521739,8
2827,-0.558695652173913,0.06843511408129214,-0.6891304347826087,-0.5478260869565217,-0.48130434782608694,8
2828,-0.408695652173913,0.07679792057676389,-0.521304347826087,-0.4173913043478261,-0.29,8
2829,-0.5260869565217392,0.10921614510504755,-0.7321739130434782,-0.4956521739130435,-0.4117391304347826,8
2830,-0.6195652173913044,0.08269446348526188,-0.7330434782608696,-0.6260869565217391,-0.48739130434782607,8
2831,-0.6,0.08064016083039742,-0.6839130434782609,-0.6347826086956522,-0.46391304347826084,8
2832,-0.5173913043478261,0.06315582194058238,-0.6113043478260869,-0.5043478260869565,-0.42086956521739133,8
2833,-0.49130434782608695,0.07467636537964202,-0.5795652173913043,-0.4956521739130435,-0.36869565217391304,8
2834,-0.5630434782608695,0.08971178383462325,-0.6460869565217391,-0.6086956521739131,-0.38913043478260867,8
2835,-0.532608695652174,0.05796648533031905,-0.6369565217391304,-0.5304347826086957,-0.4526086956521739,8
2836,-0.46956521739130436,0.06507230237867724,-0.5817391304347825,-0.46956521739130436,-0.36869565217391304,8
2837,-0.5130434782608696,0.11101865508524959,-0.6460869565217391,-0.5304347826086957,-0.3,8
2838,-0.4956521739130435,0.1642995098060103,-0.7978260869565217,-0.4956521739130435,-0.278695652173913,8
2839,-0.4826086956521739,0.06665091181198214,-0.5591304347826087,-0.5043478260869565,-0.36565217391304344,8
2840,-0.4956521739130435,0.07223151185146151,-0.6256521739130435,-0.46956521739130436,-0.40347826086956523,8
2841,-0.5521739130434783,0.10131461041505256,-0.701304347826087,-0.5478260869565217,-0.40043478260869564,8
2842,-0.6130434782608696,0.0649268892307308,-0.712608695652174,-0.6086956521739131,-0.5078260869565218,8
2843,-0.44130434782608696,0.0617559683101817,-0.4956521739130435,-0.45217391304347826,-0.31956521739130433,8
2844,-0.5326086956521738,0.042986347681054735,-0.5969565217391304,-0.5391304347826087,-0.4782608695652174,8
2845,-0.5456521739130435,0.09582494278493127,-0.6921739130434783,-0.5565217391304347,-0.39217391304347826,8
2846,-0.6,0.07777627747825354,-0.7239130434782608,-0.6,-0.47304347826086957,8
2847,-0.5652173913043478,0.10434782608695652,-0.7473913043478261,-0.5478260869565217,-0.44956521739130434,8
2848,-0.5521739130434783,0.0906811026722357,-0.6778260869565218,-0.5478260869565217,-0.4117391304347826,8
2849,-0.4847826086956522,0.10101095787381688,-0.6317391304347826,-0.4608695652173913,-0.3739130434782609,8
2850,-0.3978260869565218,0.08907739673281688,-0.5243478260869565,-0.391304347826087,-0.2613043478260869,8
2851,-0.532608695652174,0.07798865702022652,-0.6717391304347826,-0.5304347826086957,-0.43217391304347824,8
2852,-0.44999999999999996,0.07007287591863563,-0.5447826086956521,-0.4608695652173913,-0.3595652173913043,8
2853,-0.4782608695652174,0.07117698062497783,-0.6021739130434782,-0.46956521739130436,-0.38,8
2854,-0.55,0.07552588159147916,-0.6460869565217391,-0.5478260869565217,-0.40956521739130436,8
2855,-0.5065217391304347,0.08950082108799522,-0.628695652173913,-0.5043478260869565,-0.36869565217391304,8
2856,-0.5326086956521738,0.09816366873804902,-0.6747826086956522,-0.5130434782608696,-0.3634782608695652,8
2857,-0.40869565217391307,0.07275304578557179,-0.538695652173913,-0.4,-0.3247826086956521,8
2858,-0.4673913043478261,0.06326796613415325,-0.5417391304347826,-0.48695652173913045,-0.35130434782608694,8
2859,-0.5543478260869565,0.08865195001784211,-0.6952173913043479,-0.5130434782608696,-0.46391304347826084,8
2860,-0.5434782608695652,0.0694292148811796,-0.6460869565217391,-0.5391304347826087,-0.4608695652173913,8
2861,-0.5173913043478261,0.07467636537964203,-0.6543478260869565,-0.5043478260869565,-0.41782608695652174,8
2862,-0.5239130434782608,0.08692934357883567,-0.6143478260869565,-0.5478260869565217,-0.34913043478260863,8
2863,-0.5217391304347826,0.04433930011819811,-0.5652173913043478,-0.5391304347826087,-0.4608695652173913,8
2864,-0.5782608695652174,0.07314175583156836,-0.7065217391304348,-0.5739130434782609,-0.47304347826086957,8
2865,-0.4782608695652174,0.052173913043478244,-0.5478260869565217,-0.4782608695652174,-0.4117391304347826,8
2866,-0.5108695652173912,0.06532599652746399,-0.6082608695652174,-0.5304347826086957,-0.4117391304347826,8
2867,-0.5978260869565217,0.10450622036279926,-0.77,-0.5826086956521739,-0.44956521739130434,8
2868,-0.5804347826086956,0.0617559683101817,-0.6634782608695652,-0.5913043478260869,-0.47304347826086957,8
2869,-0.491304347826087,0.09435884527917698,-0.6317391304347826,-0.48695652173913045,-0.3739130434782609,8
2870,-0.6152173913043478,0.09854806049254902,-0.7504347826086957,-0.6,-0.47304347826086957,8
2871,-0.6043478260869566,0.07667474821107999,-0.701304347826087,-0.6260869565217391,-0.48739130434782607,8
2872,-0.49565217391304345,0.09202613255876836,-0.6226086956521739,-0.5043478260869565,-0.35130434782608694,8
2873,-0.576086956521739,0.10612169780399064,-0.7721739130434783,-0.5826086956521739,-0.4434782608695652,8
2874,-0.558695652173913,0.09680627860092311,-0.7321739130434782,-0.5391304347826087,-0.42086956521739133,8
2875,-0.5978260869565217,0.09055071999851536,-0.7669565217391304,-0.5826086956521739,-0.4760869565217391,8
2876,-0.5521739130434783,0.04742918310711179,-0.6143478260869565,-0.5565217391304347,-0.47,8
2877,-0.5152173913043478,0.1041438223217694,-0.7169565217391304,-0.5217391304347827,-0.40869565217391307,8
2878,-0.5695652173913044,0.055509327542624796,-0.6604347826086957,-0.5739130434782609,-0.48434782608695653,8
2879,-0.5608695652173913,0.08052286598892232,-0.6604347826086957,-0.5739130434782609,-0.41782608695652174,8
2880,-0.532608695652174,0.0740088892632574,-0.6347826086956522,-0.5391304347826087,-0.43217391304347824,8
2881,-0.5652173913043479,0.10252022715262257,-0.6982608695652174,-0.5304347826086957,-0.3982608695652174,8
2882,-0.4934782608695652,0.0617559683101817,-0.5939130434782608,-0.4782608695652174,-0.4260869565217391,8
2883,-0.5717391304347826,0.06953124170312815,-0.6891304347826087,-0.5826086956521739,-0.48130434782608694,8
2884,-0.6108695652173913,0.06618842325060144,-0.6839130434782609,-0.6173913043478261,-0.49043478260869566,8
2885,-0.567391304347826,0.057310549245495924,-0.6491304347826087,-0.5652173913043479,-0.49869565217391304,8
2886,-0.5717391304347826,0.04254431693648026,-0.6173913043478261,-0.5826086956521739,-0.49869565217391304,8
2887,-0.508695652173913,0.08942158174436143,-0.6113043478260869,-0.5217391304347826,-0.3460869565217391,8
2888,-0.49782608695652175,0.10771294905945648,-0.6717391304347826,-0.48695652173913045,-0.3595652173913043,8
2889,-0.5434782608695652,0.05945562752685802,-0.64,-0.5478260869565217,-0.4413043478260869,8
2890,-0.5434782608695652,0.08419529013494383,-0.7230434782608696,-0.5130434782608696,-0.48130434782608694,8
2891,-0.5195652173913043,0.09641494287624645,-0.6317391304347826,-0.5217391304347827,-0.35130434782608694,8
2892,-0.5391304347826087,0.04762804847871008,-0.6113043478260869,-0.5391304347826087,-0.4782608695652174,8
2893,-0.49782608695652175,0.09220569591499345,-0.6369565217391304,-0.5130434782608695,-0.3626086956521739,8
2894,-0.5217391304347826,0.058976782461958845,-0.6113043478260869,-0.5304347826086957,-0.4434782608695652,8
2895,-0.5152173913043478,0.10771294905945647,-0.628695652173913,-0.5478260869565217,-0.3030434782608695,8
2896,-0.5304347826086957,0.08994852550250958,-0.6830434782608696,-0.5304347826086957,-0.3808695652173913,8
2897,-0.5282608695652173,0.06871078534469176,-0.64,-0.5130434782608696,-0.4434782608695652,8
2898,-0.5782608695652174,0.07518094115561123,-0.6665217391304348,-0.6,-0.4413043478260869,8
2899,-0.4695652173913044,0.0882512310008019,-0.6226086956521739,-0.4608695652173913,-0.3739130434782609,8
2900,-0.5282608695652173,0.07246014483695198,-0.6369565217391304,-0.5565217391304347,-0.42913043478260865,8
2901,-0.5434782608695652,0.11495047014262856,-0.7352173913043478,-0.5130434782608696,-0.3973913043478261,8
2902,-0.6326086956521739,0.06703975628308384,-0.7186956521739131,-0.6260869565217391,-0.5508695652173913,8
2903,-0.5152173913043478,0.04797407932763891,-0.5795652173913043,-0.5130434782608695,-0.44956521739130434,8
2904,-0.44130434782608696,0.09621867815795969,-0.5991304347826087,-0.4434782608695652,-0.28478260869565214,8
2905,-0.48695652173913045,0.11135868239013649,-0.6143478260869565,-0.5043478260869565,-0.3452173913043478,8
2906,-0.5956521739130435,0.11690721443259786,-0.7556521739130435,-0.6,-0.3756521739130434,8
2907,-0.5043478260869565,0.03689252771408074,-0.5591304347826087,-0.5043478260869565,-0.44652173913043475,8
2908,-0.5130434782608696,0.11203564110195763,-0.6952173913043479,-0.5043478260869565,-0.3543478260869565,8
2909,-0.5065217391304349,0.07007287591863563,-0.6143478260869565,-0.5043478260869565,-0.4147826086956522,8
2910,-0.5913043478260869,0.09365504012407833,-0.73,-0.5913043478260869,-0.43826086956521737,8
2911,-0.532608695652174,0.05597562256340753,-0.628695652173913,-0.5217391304347827,-0.4526086956521739,8
2912,-0.5826086956521739,0.12111641980160104,-0.7413043478260869,-0.5913043478260869,-0.36652173913043473,8
2913,-0.5413043478260869,0.0407282478156417,-0.5969565217391304,-0.5304347826086957,-0.48434782608695653,8
2914,-0.5282608695652175,0.051764699564307196,-0.6082608695652174,-0.5304347826086957,-0.43826086956521737,8
2915,-0.5804347826086956,0.07298004491997617,-0.6521739130434783,-0.6,-0.4413043478260869,8
2916,-0.3847826086956522,0.09562746716488162,-0.4782608695652174,-0.408695652173913,-0.22652173913043477,8
2917,-0.5434782608695652,0.08597269536210951,-0.6830434782608696,-0.5478260869565217,-0.3982608695652174,8
2918,-0.5521739130434783,0.04662524041201567,-0.6256521739130435,-0.5565217391304347,-0.48434782608695653,8
2919,-0.5304347826086957,0.11203564110195761,-0.6982608695652174,-0.5217391304347827,-0.3739130434782609,8
2920,-0.3673913043478261,0.08154347536309153,-0.4721739130434783,-0.3565217391304348,-0.23565217391304344,8
2921,-0.4934782608695652,0.047179422639588485,-0.5478260869565217,-0.4956521739130435,-0.42913043478260865,8
2922,-0.5065217391304347,0.08292274401200281,-0.6,-0.5130434782608695,-0.37173913043478257,8
2923,-0.5217391304347826,0.07826086956521738,-0.662608695652174,-0.5130434782608696,-0.40652173913043477,8
2924,-0.5478260869565217,0.07170618479335061,-0.6604347826086957,-0.5391304347826087,-0.44956521739130434,8
2925,-0.5869565217391304,0.0881440649248404,-0.6839130434782609,-0.6173913043478261,-0.42391304347826086,8
2926,-0.46304347826086956,0.0808450173121176,-0.5478260869565217,-0.4608695652173913,-0.31130434782608696,8
2927,-0.4869565217391304,0.10506996498777889,-0.6521739130434783,-0.45217391304347826,-0.36565217391304344,8
2928,-0.5478260869565217,0.0608695652173913,-0.6347826086956522,-0.5391304347826087,-0.4526086956521739,8
2929,-0.5043478260869565,0.05289358721998451,-0.5826086956521739,-0.48695652173913045,-0.43217391304347824,8
2930,-0.4934782608695652,0.10979875042760341,-0.6778260869565218,-0.4782608695652174,-0.3595652173913043,8
2931,-0.5021739130434781,0.05957473741758573,-0.5652173913043478,-0.5043478260869565,-0.4117391304347826,8
2932,-0.5195652173913043,0.0903417163268702,-0.6113043478260869,-0.5565217391304347,-0.35130434782608694,8
2933,-0.5021739130434782,0.04513160759136237,-0.5621739130434782,-0.5043478260869565,-0.42913043478260865,8
2934,-0.5630434782608695,0.05460807255252378,-0.6430434782608696,-0.5652173913043478,-0.47304347826086957,8
2935,-0.5173913043478261,0.09192336744289555,-0.6717391304347826,-0.5130434782608696,-0.38304347826086954,8
2936,-0.5760869565217391,0.08561464638050095,-0.7095652173913044,-0.5739130434782609,-0.4526086956521739,8
2937,-0.5304347826086957,0.08782178207271371,-0.6430434782608696,-0.5565217391304347,-0.38,8
2938,-0.49347826086956526,0.05925657900190874,-0.6165217391304347,-0.4782608695652174,-0.4434782608695652,8
2939,-0.5413043478260869,0.0711437746606677,-0.6521739130434783,-0.5130434782608696,-0.4526086956521739,8
2940,-0.5717391304347826,0.06144910445696769,-0.6891304347826087,-0.5478260869565217,-0.5130434782608696,8
2941,-0.5,0.08641133441022517,-0.6339130434782608,-0.5130434782608695,-0.36869565217391304,8
2942,-0.5152173913043478,0.0849496681851301,-0.6513043478260869,-0.5304347826086957,-0.38304347826086954,8
2943,-0.5869565217391304,0.06777590116573869,-0.6839130434782609,-0.5913043478260869,-0.48434782608695653,8
2944,-0.46304347826086956,0.04637115001674249,-0.5273913043478261,-0.4782608695652174,-0.3943478260869565,8
2945,-0.5739130434782609,0.09525609695742018,-0.6839130434782609,-0.5826086956521739,-0.4147826086956522,8
2946,-0.48043478260869565,0.07895225998841249,-0.5795652173913043,-0.48695652173913045,-0.391304347826087,8
2947,-0.5717391304347825,0.08517190445286842,-0.6952173913043479,-0.5739130434782609,-0.44956521739130434,8
2948,-0.567391304347826,0.053205383697914846,-0.6460869565217391,-0.5739130434782609,-0.4956521739130435,8
2949,-0.4565217391304348,0.061333634694199515,-0.5243478260869565,-0.4782608695652174,-0.3369565217391304,8
2950,-0.49782608695652175,0.09179474926398877,-0.6369565217391304,-0.5130434782608696,-0.3430434782608695,8
2951,-0.5391304347826087,0.09604661754075879,-0.6695652173913044,-0.5130434782608696,-0.40347826086956523,8
2952,-0.5934782608695652,0.10249717594892421,-0.7156521739130435,-0.6173913043478261,-0.4013043478260869,8
2953,-0.5173913043478261,0.08374504471416618,-0.6430434782608696,-0.5130434782608696,-0.3943478260869565,8
2954,-0.46304347826086956,0.0664734123974811,-0.5478260869565217,-0.4608695652173913,-0.3430434782608695,8
2955,-0.5717391304347825,0.06788041302606954,-0.6347826086956522,-0.5913043478260869,-0.43304347826086953,8
2956,-0.4717391304347826,0.04677703215510874,-0.5273913043478261,-0.48695652173913045,-0.38608695652173913,8
2957,-0.48043478260869565,0.14352765948038318,-0.712608695652174,-0.4608695652173913,-0.29,8
2958,-0.5804347826086956,0.05176469956430721,-0.6317391304347826,-0.5913043478260869,-0.4760869565217391,8
2959,-0.4847826086956522,0.10101095787381689,-0.6143478260869565,-0.5217391304347827,-0.3452173913043478,8
2960,-0.6282608695652174,0.11235156138628305,-0.8047826086956522,-0.6347826086956522,-0.4526086956521739,8
2961,-0.5847826086956522,0.07140899002459497,-0.6695652173913044,-0.6,-0.458695652173913,8
2962,-0.5521739130434783,0.06008815200471848,-0.6430434782608696,-0.5391304347826087,-0.45565217391304347,8
2963,-0.49782608695652175,0.050282754374871196,-0.5478260869565217,-0.5130434782608696,-0.40347826086956523,8
2964,-0.5673913043478261,0.10082364022004547,-0.6982608695652174,-0.5739130434782609,-0.42086956521739133,8
2965,-0.5717391304347826,0.0952312874513457,-0.6952173913043479,-0.5739130434782609,-0.3982608695652174,8
2966,-0.46739130434782605,0.06266754480608508,-0.5621739130434782,-0.4608695652173913,-0.38,8
2967,-0.4891304347826087,0.06561473162081116,-0.6082608695652174,-0.46956521739130436,-0.4117391304347826,8
2968,-0.5304347826086957,0.07010658911563956,-0.6460869565217391,-0.5304347826086957,-0.43217391304347824,8
2969,-0.4956521739130435,0.08519964322724097,-0.5969565217391304,-0.5043478260869565,-0.35130434782608694,8
2970,-0.408695652173913,0.08157244799692923,-0.5304347826086957,-0.3826086956521739,-0.3247826086956521,8
2971,-0.5434782608695652,0.09233374165911001,-0.6695652173913044,-0.5043478260869565,-0.43217391304347824,8
2972,-0.5739130434782609,0.0528935872199845,-0.6317391304347826,-0.5913043478260869,-0.48130434782608694,8
2973,-0.5130434782608696,0.11067758314224223,-0.6839130434782609,-0.48695652173913045,-0.36869565217391304,8
2974,-0.408695652173913,0.09525609695742021,-0.51,-0.45217391304347826,-0.2582608695652174,8
2975,-0.49782608695652175,0.06925883618293037,-0.5652173913043478,-0.5304347826086957,-0.391304347826087,8
2976,-0.47608695652173916,0.07602481934802484,-0.5991304347826087,-0.46956521739130436,-0.3460869565217391,8
2977,-0.46956521739130436,0.058332208108690164,-0.5704347826086956,-0.4608695652173913,-0.38304347826086954,8
2978,-0.3804347826086957,0.10175678033450827,-0.521304347826087,-0.4,-0.22652173913043477,8
2979,-0.5565217391304348,0.0596143878295743,-0.68,-0.5478260869565217,-0.49869565217391304,8
2980,-0.558695652173913,0.05426079988847254,-0.6430434782608696,-0.5565217391304347,-0.48130434782608694,8
2981,-0.5217391304347827,0.062099377639503045,-0.6482608695652174,-0.5043478260869565,-0.46391304347826084,8
2982,-0.5804347826086956,0.06703975628308381,-0.7065217391304348,-0.5739130434782609,-0.49869565217391304,8
2983,-0.5304347826086956,0.09683068457095691,-0.6717391304347826,-0.5391304347826087,-0.36869565217391304,8
2984,-0.5434782608695652,0.08508863387296055,-0.6491304347826087,-0.5304347826086957,-0.44652173913043475,8
2985,-0.4434782608695652,0.05897678246195884,-0.5643478260869565,-0.4260869565217391,-0.391304347826087,8
2986,-0.3152173913043478,0.08107850521291964,-0.46,-0.31304347826086953,-0.20608695652173914,8
2987,-0.5108695652173914,0.07652050394260017,-0.6256521739130435,-0.48695652173913045,-0.40043478260869564,8
2988,-0.491304347826087,0.07667474821107997,-0.6,-0.46956521739130436,-0.40869565217391307,8
2989,-0.5478260869565217,0.09120076940610014,-0.6952173913043479,-0.5130434782608696,-0.44652173913043475,8
2990,-0.4869565217391304,0.09284415871331575,-0.6082608695652174,-0.5304347826086957,-0.3565217391304348,8
2991,-0.4434782608695652,0.0983800739042153,-0.6082608695652174,-0.408695652173913,-0.3391304347826087,8
2992,-0.6217391304347827,0.08597269536210951,-0.736086956521739,-0.6086956521739131,-0.5130434782608696,8
2993,-0.4760869565217391,0.07942967785410918,-0.6391304347826087,-0.4608695652173913,-0.40869565217391307,8
2994,-0.4326086956521739,0.07966731392090737,-0.5847826086956521,-0.4173913043478261,-0.3452173913043478,8
2995,-0.4478260869565217,0.067215760146697,-0.5243478260869565,-0.4608695652173913,-0.3278260869565217,8
2996,-0.5,0.06550660510138853,-0.6052173913043478,-0.5130434782608696,-0.4117391304347826,8
2997,-0.4478260869565217,0.0832923654811653,-0.5878260869565217,-0.4260869565217391,-0.33391304347826084,8
2998,-0.4217391304347826,0.05412999825212494,-0.5069565217391304,-0.40869565217391307,-0.3452173913043478,8
2999,-0.5,0.07416835699666079,-0.6,-0.48695652173913045,-0.37478260869565216,8
3000,-0.5543478260869565,0.07919132869603036,-0.6604347826086957,-0.5652173913043479,-0.4434782608695652,8
3001,-0.4217391304347826,0.08984338399900793,-0.5447826086956521,-0.4,-0.31043478260869567,8
3002,-0.5326086956521738,0.08269446348526188,-0.6460869565217391,-0.5391304347826087,-0.4147826086956522,8
3003,-0.4934782608695652,0.11014254383385566,-0.628695652173913,-0.5130434782608696,-0.29391304347826086,8
3004,-0.42826086956521736,0.08971178383462325,-0.538695652173913,-0.4608695652173913,-0.2643478260869565,8
3005,-0.6152173913043478,0.09220569591499346,-0.758695652173913,-0.6347826086956522,-0.48130434782608694,8
3006,-0.3913043478260869,0.11763260224755376,-0.5908695652173913,-0.3391304347826087,-0.26956521739130435,8
3007,-0.45434782608695656,0.09158858449104736,-0.5795652173913043,-0.4608695652173913,-0.30521739130434783,8
3008,-0.4891304347826087,0.08292274401200282,-0.5969565217391304,-0.48695652173913045,-0.36565217391304344,8
3009,-0.49347826086956526,0.1118456606035353,-0.6113043478260869,-0.5304347826086957,-0.2960869565217391,8
3010,-0.5456521739130434,0.07895225998841252,-0.6717391304347826,-0.5478260869565217,-0.42913043478260865,8
3011,-0.5108695652173914,0.05597562256340751,-0.6082608695652174,-0.48695652173913045,-0.44652173913043475,8
3012,-0.3695652173913044,0.11024975941831276,-0.5243478260869565,-0.3739130434782609,-0.1917391304347826,8
3013,-0.5369565217391304,0.05957473741758574,-0.6543478260869565,-0.5304347826086957,-0.4782608695652174,8
