unit_index,sample_mean,sample_std,q025,q500,q975,num_finite_samples
0,-0.1760869565217391,0.072720559494251,-0.2808695652173913,-0.1826086956521739,-0.06391304347826086,8
1,-0.2608695652173913,0.07874247946206449,-0.38521739130434784,-0.22608695652173913,-0.16826086956521738,8
2,-0.09130434782608696,0.07814000328526709,-0.17652173913043478,-0.11304347826086956,0.060000000000000026,8
3,-0.02391304347826087,0.0740088892632574,-0.15608695652173912,0.0,0.05782608695652174,8
4,-0.04565217391304348,0.08800992382607462,-0.12739130434782608,-0.06086956521739131,0.13173913043478264,8
5,-0.3695652173913043,0.06071408714682148,-0.4404347826086956,-0.3739130434782609,-0.25304347826086954,8
6,0.03043478260869565,0.08984338399900793,-0.0782608695652174,0.026086956521739132,0.13043478260869565,8
7,0.04565217391304348,0.0740088892632574,-0.02608695652173913,0.02608695652173913,0.1930434782608696,8
8,0.20434782608695654,0.0906811026722357,0.08434782608695653,0.20869565217391306,0.36695652173913046,8
9,-0.13695652173913045,0.07871246517492031,-0.2604347826086956,-0.14782608695652175,-0.02913043478260869,8
10,0.27391304347826084,0.07667474821107999,0.18565217391304348,0.2608695652173913,0.37086956521739134,8
11,-0.6195652173913043,0.03631150671410886,-0.6921739130434783,-0.6,-0.5856521739130435,8
12,-0.08695652173913043,0.06846963368705922,-0.17652173913043478,-0.09565217391304348,-0.008695652173913044,8
13,-0.23695652173913043,0.09179474926398874,-0.3730434782608696,-0.25217391304347825,-0.07913043478260867,8
14,-0.32608695652173914,0.06434195037803801,-0.44565217391304346,-0.30434782608695654,-0.2552173913043478,8
15,-0.15869565217391304,0.08107850521291964,-0.28391304347826085,-0.1391304347826087,-0.038260869565217376,8
16,-0.09782608695652173,0.08131132264897845,-0.23391304347826086,-0.09565217391304348,0.031304347826086966,8
17,-0.2630434782608696,0.09322513757561551,-0.4334782608695652,-0.2608695652173913,-0.1508695652173913,8
18,-0.4108695652173913,0.09138195459558132,-0.5130434782608696,-0.4347826086956522,-0.2582608695652174,8
19,0.2543478260869565,0.08886492798247694,0.12521739130434784,0.23478260869565215,0.38521739130434784,8
20,-0.08695652173913043,0.08475473343312143,-0.22565217391304349,-0.06956521739130435,0.020000000000000004,8
21,0.06739130434782609,0.0838296499332993,-0.06608695652173914,0.06956521739130435,0.19086956521739132,8
22,0.21739130434782608,0.049190036952107656,0.13652173913043478,0.21739130434782608,0.2839130434782609,8
23,0.17391304347826086,0.07275304578557179,0.05565217391304348,0.16521739130434782,0.2778260869565218,8
24,0.026086956521739126,0.07480282840906632,-0.08956521739130435,0.02608695652173913,0.13043478260869565,8
25,0.08260869565217391,0.07667474821107999,-0.0056521739130434775,0.06956521739130435,0.23086956521739133,8
26,0.20869565217391303,0.10362065467663466,0.06086956521739131,0.21739130434782608,0.3617391304347826,8
27,0.08695652173913043,0.06956521739130435,-0.023043478260869565,0.09565217391304348,0.17956521739130435,8
28,-0.1608695652173913,0.03765327842541038,-0.21434782608695652,-0.14782608695652172,-0.11608695652173913,8
29,0.047826086956521734,0.09395731645641003,-0.09782608695652174,0.02608695652173913,0.20217391304347826,8
30,0.04782608695652174,0.08684775806712253,-0.12043478260869565,0.0782608695652174,0.14173913043478262,8
31,-0.38913043478260867,0.10629967981215349,-0.5704347826086956,-0.3739130434782609,-0.2726086956521739,8
32,-0.03695652173913043,0.09950254340300703,-0.15608695652173912,-0.06086956521739131,0.1439130434782609,8
33,-0.358695652173913,0.06532599652746399,-0.4404347826086956,-0.3565217391304348,-0.2613043478260869,8
34,-0.22826086956521738,0.04428597562492036,-0.2952173913043478,-0.23478260869565218,-0.15391304347826087,8
35,-0.2,0.08203461853962263,-0.3208695652173913,-0.22608695652173913,-0.06695652173913043,8
36,0.1108695652173913,0.09582494278493127,-0.06826086956521739,0.12173913043478261,0.24,8
37,-0.25,0.10119792880267288,-0.3708695652173913,-0.25217391304347825,-0.08217391304347824,8
38,0.1782608695652174,0.06608123545030724,0.07,0.2,0.2634782608695652,8
39,0.10217391304347825,0.08200580919069572,0.011739130434782608,0.08695652173913043,0.22869565217391305,8
40,-0.3934782608695653,0.08131132264897846,-0.5182608695652174,-0.391304347826087,-0.2726086956521739,8
41,0.03043478260869565,0.07210053892076956,-0.05782608695652174,0.01739130434782609,0.11304347826086956,8
42,-0.17391304347826086,0.04518393411049245,-0.24608695652173912,-0.17391304347826086,-0.11608695652173913,8
43,0.00652173913043478,0.10378015880243488,-0.16956521739130434,0.008695652173913042,0.17565217391304352,8
44,-0.26086956521739124,0.08385783270428657,-0.38217391304347825,-0.25217391304347825,-0.13956521739130434,8
45,-0.006521739130434787,0.13706000231433144,-0.22260869565217392,0.0,0.17956521739130435,8
46,0.16739130434782606,0.09138195459558131,0.020869565217391306,0.17391304347826086,0.3095652173913043,8
47,0.1217391304347826,0.06448868249648403,0.029130434782608693,0.1391304347826087,0.22260869565217392,8
48,0.13695652173913045,0.06144910445696769,0.04652173913043478,0.1391304347826087,0.22565217391304349,8
49,-0.29130434782608694,0.07262301342821768,-0.3565217391304348,-0.32173913043478264,-0.15173913043478257,8
50,0.2108695652173913,0.08822445168566533,0.09869565217391305,0.20869565217391306,0.3443478260869565,8
51,0.010869565217391304,0.07193648742510564,-0.08956521739130435,-0.008695652173913044,0.11,8
52,-0.4673913043478261,0.03682842249151613,-0.51,-0.4782608695652174,-0.40043478260869564,8
53,-0.15652173913043477,0.07728864710709207,-0.2634782608695652,-0.1565217391304348,-0.06391304347826086,8
54,-0.1217391304347826,0.07922116155777652,-0.2573913043478261,-0.1217391304347826,-0.02913043478260869,8
55,-0.3217391304347826,0.0903678682209849,-0.4056521739130435,-0.3565217391304348,-0.15695652173913044,8
56,-0.6260869565217391,0.07010658911563958,-0.77,-0.5913043478260869,-0.5682608695652174,8
57,0.05,0.05697974966122242,-0.019999999999999997,0.02608695652173913,0.14173913043478262,8
58,-0.3869565217391304,0.054129998252124924,-0.4691304347826087,-0.391304347826087,-0.31043478260869567,8
59,-0.3456521739130435,0.046777032155108735,-0.4056521739130435,-0.34782608695652173,-0.2613043478260869,8
60,-0.010869565217391308,0.10414382232176944,-0.17652173913043478,0.02608695652173913,0.13260869565217392,8
61,0.3760869565217391,0.07298004491997617,0.2756521739130435,0.3826086956521739,0.4721739130434783,8
62,-0.0021739130434782587,0.10788830603197876,-0.15304347826086956,-0.02608695652173913,0.15608695652173912,8
63,0.056521739130434775,0.06721576014669697,-0.03434782608695652,0.034782608695652174,0.1591304347826087,8
64,-0.3521739130434782,0.08052286598892233,-0.49782608695652175,-0.33043478260869563,-0.26956521739130435,8
65,-0.3956521739130435,0.07618006725189232,-0.5008695652173913,-0.4260869565217391,-0.29,8
66,0.021739130434782608,0.0832923654811653,-0.0691304347826087,-0.017391304347826084,0.17347826086956522,8
67,0.5543478260869565,0.058291685555617055,0.45869565217391306,0.5478260869565217,0.6460869565217392,8
68,0.07173913043478261,0.0838296499332993,-0.04869565217391304,0.043478260869565216,0.19391304347826088,8
69,0.19130434782608696,0.04518393411049245,0.10782608695652174,0.19130434782608696,0.24913043478260868,8
70,0.20869565217391306,0.04682752006203916,0.14782608695652175,0.2,0.2839130434782609,8
71,0.24782608695652175,0.10676547093746674,0.053478260869565225,0.2782608695652174,0.3791304347826087,8
72,-0.6152173913043478,0.05731054924549595,-0.7095652173913044,-0.6173913043478261,-0.5221739130434783,8
73,0.15217391304347827,0.07050989017489936,0.03217391304347826,0.17391304347826086,0.21739130434782608,8
74,0.13695652173913042,0.07676714601308511,0.009565217391304353,0.1391304347826087,0.2573913043478261,8
75,0.5369565217391304,0.08200580919069571,0.37478260869565216,0.5739130434782609,0.6143478260869565,8
76,0.5369565217391303,0.046777032155108714,0.45260869565217393,0.5391304347826087,0.5969565217391304,8
77,-0.008695652173913042,0.08564224175474874,-0.17869565217391306,0.034782608695652174,0.07217391304347827,8
78,0.047826086956521734,0.07210053892076956,-0.05478260869565217,0.052173913043478265,0.17043478260869566,8
79,0.19130434782608696,0.07275304578557179,0.04739130434782609,0.22608695652173913,0.2634782608695652,8
80,0.1282608695652174,0.09931238070000364,-0.06826086956521739,0.14782608695652175,0.24304347826086956,8
81,0.1956521739130435,0.08814406492484039,0.049565217391304345,0.20869565217391306,0.3126086956521739,8
82,-0.12391304347826088,0.10504747328999625,-0.34043478260869564,-0.08695652173913043,-0.01782608695652173,8
83,-0.26086956521739135,0.0960466175407588,-0.40260869565217394,-0.26956521739130435,-0.11608695652173913,8
84,0.1282608695652174,0.06815832785474298,0.06695652173913044,0.09565217391304348,0.26869565217391306,8
85,0.08695652173913043,0.048415342285478453,0.03217391304347826,0.0782608695652174,0.18173913043478263,8
86,0.07826086956521738,0.05217391304347826,0.008695652173913044,0.0782608695652174,0.14478260869565218,8
87,-0.4978260869565217,0.0779886570202265,-0.6195652173913043,-0.5043478260869565,-0.38304347826086954,8
88,-0.8065217391304348,0.026713490711835902,-0.8404347826086956,-0.808695652173913,-0.7595652173913043,8
89,-0.10652173913043478,0.05957473741758574,-0.2082608695652174,-0.09565217391304348,-0.02913043478260869,8
90,-0.31739130434782614,0.06375164477658775,-0.391304347826087,-0.32173913043478264,-0.22043478260869565,8
91,-0.11304347826086956,0.04919003695210765,-0.17956521739130435,-0.1217391304347826,-0.04652173913043478,8
92,-0.1108695652173913,0.0670397562830838,-0.21956521739130436,-0.1217391304347826,-0.014782608695652167,8
93,0.02391304347826087,0.09179474926398874,-0.10695652173913044,0.02608695652173913,0.15608695652173912,8
94,-0.5217391304347826,0.08203461853962263,-0.6143478260869565,-0.5391304347826087,-0.37173913043478257,8
95,-0.06739130434782609,0.06788041302606955,-0.17956521739130435,-0.052173913043478265,0.008695652173913044,8
96,-0.2630434782608696,0.07774589018368551,-0.4078260869565217,-0.23478260869565218,-0.1826086956521739,8
97,-0.23913043478260868,0.04055382196995136,-0.31260869565217386,-0.23478260869565218,-0.18565217391304348,8
98,-0.03043478260869565,0.058169948522868054,-0.11826086956521739,-0.034782608695652174,0.0691304347826087,8
99,0.3152173913043478,0.04596168372144777,0.25521739130434784,0.30434782608695654,0.38521739130434784,8
100,-0.15869565217391304,0.03978914177765897,-0.22869565217391305,-0.15652173913043477,-0.11304347826086956,8
101,-0.6043478260869566,0.04742918310711181,-0.6665217391304348,-0.6,-0.5334782608695653,8
102,-0.49347826086956526,0.04554853660816729,-0.5478260869565217,-0.5043478260869565,-0.4147826086956522,8
103,-0.2782608695652174,0.11698803519194531,-0.4230434782608696,-0.2956521739130435,-0.06478260869565215,8
104,-0.20869565217391306,0.043478260869565216,-0.2778260869565217,-0.20869565217391306,-0.14782608695652175,8
105,-0.25,0.09739033384609617,-0.39956521739130435,-0.2434782608695652,-0.0934782608695652,8
106,-0.14130434782608695,0.08561464638050094,-0.3004347826086956,-0.1217391304347826,-0.04652173913043478,8
107,0.26304347826086955,0.06561473162081116,0.15695652173913044,0.2608695652173913,0.35347826086956524,8
108,-0.29130434782608694,0.032244341248242006,-0.3360869565217391,-0.28695652173913044,-0.25217391304347825,8
109,0.11304347826086956,0.08295123490582136,0.029130434782608693,0.0782608695652174,0.2573913043478261,8
110,-0.3282608695652174,0.05697974966122242,-0.43130434782608695,-0.31304347826086953,-0.2582608695652174,8
111,0.22608695652173916,0.04841534228547846,0.16521739130434782,0.22608695652173913,0.28695652173913044,8
112,-0.4108695652173913,0.07400888926325741,-0.5182608695652174,-0.4173913043478261,-0.28478260869565214,8
113,0.29130434782608694,0.051992438013484334,0.20608695652173914,0.31304347826086953,0.35347826086956524,8
114,-0.34782608695652173,0.08110764393990275,-0.4547826086956522,-0.3739130434782609,-0.2091304347826087,8
115,-0.3869565217391304,0.10352939912861442,-0.538695652173913,-0.3652173913043478,-0.2582608695652174,8
116,0.16086956521739132,0.06255432421712243,0.06391304347826088,0.19130434782608696,0.23173913043478261,8
117,-0.06739130434782609,0.07375302371168424,-0.18782608695652175,-0.06956521739130435,0.037391304347826095,8
118,-0.6673913043478261,0.08843845916003475,-0.7708695652173913,-0.6782608695652175,-0.5108695652173914,8
119,-0.18478260869565216,0.0803760067275485,-0.2921739130434783,-0.2,-0.044347826086956504,8
120,-0.341304347826087,0.07847193759904368,-0.46608695652173915,-0.33043478260869563,-0.23478260869565218,8
121,-0.33695652173913043,0.09582494278493126,-0.4721739130434783,-0.32173913043478264,-0.2091304347826087,8
122,-0.31304347826086953,0.09525609695742021,-0.48347826086956525,-0.28695652173913044,-0.21739130434782608,8
123,-0.13478260869565217,0.1219718272965699,-0.34956521739130436,-0.13043478260869565,0.03434782608695653,8
124,-0.030434782608695657,0.06315582194058239,-0.11304347826086956,-0.008695652173913044,0.054782608695652185,8
125,-0.2326086956521739,0.09138195459558131,-0.398695652173913,-0.23478260869565215,-0.1191304347826087,8
126,-0.31304347826086953,0.06679257172059659,-0.4056521739130435,-0.31304347826086953,-0.2091304347826087,8
127,-0.14130434782608695,0.07577576112144946,-0.2573913043478261,-0.1391304347826087,-0.03521739130434782,8
128,0.22826086956521735,0.07527517257904688,0.11608695652173913,0.23478260869565218,0.3217391304347826,8
129,-0.49347826086956526,0.025258587040483168,-0.5273913043478261,-0.4956521739130435,-0.44956521739130434,8
130,-0.30000000000000004,0.05945562752685802,-0.38521739130434784,-0.28695652173913044,-0.19782608695652174,8
131,-0.3978260869565218,0.07061035551700746,-0.5039130434782609,-0.40869565217391307,-0.2817391304347826,8
132,-0.48043478260869565,0.09179474926398874,-0.5969565217391304,-0.48695652173913045,-0.3452173913043478,8
133,-0.15,0.06980258416522749,-0.24304347826086956,-0.15652173913043477,-0.015652173913043452,8
134,-0.35652173913043483,0.09036786822098491,-0.5121739130434783,-0.3652173913043478,-0.22652173913043477,8
135,0.043478260869565216,0.09722034684781695,-0.10391304347826087,0.04347826086956522,0.17652173913043478,8
136,-0.4043478260869565,0.04147561745291069,-0.4721739130434783,-0.40869565217391307,-0.3421739130434782,8
137,0.0043478260869565175,0.0998107850717304,-0.11,-0.034782608695652174,0.1591304347826087,8
138,-0.09130434782608696,0.08145649563128346,-0.19695652173913045,-0.11304347826086956,0.02608695652173913,8
139,-0.15,0.08177496901653925,-0.23173913043478261,-0.16521739130434782,0.007826086956521754,8
140,-0.3978260869565217,0.10540676454261441,-0.561304347826087,-0.4,-0.22130434782608693,8
141,0.06304347826086956,0.08757929164558124,-0.05173913043478261,0.02608695652173913,0.17956521739130435,8
142,-0.08260869565217391,0.08052286598892232,-0.16521739130434782,-0.10434782608695653,0.06304347826086959,8
143,-0.03478260869565218,0.048415342285478453,-0.09260869565217392,-0.043478260869565216,0.04043478260869565,8
144,-0.15434782608695652,0.07061035551700746,-0.22869565217391305,-0.17391304347826086,-0.012608695652173893,8
145,-0.45434782608695656,0.06503597957239822,-0.5447826086956521,-0.45217391304347826,-0.35130434782608694,8
146,-0.491304347826087,0.05881630112377687,-0.5621739130434782,-0.5043478260869565,-0.38608695652173913,8
147,0.03913043478260869,0.06255432421712243,-0.04043478260869565,0.02608695652173913,0.12739130434782608,8
148,-0.16956521739130437,0.04821972394091051,-0.24608695652173912,-0.16521739130434782,-0.11304347826086956,8
149,0.03913043478260869,0.03864432355354604,-0.008695652173913044,0.034782608695652174,0.09260869565217392,8
150,-0.1891304347826087,0.07323861099096964,-0.3065217391304348,-0.19130434782608696,-0.08434782608695653,8
151,0.26956521739130435,0.02608695652173914,0.2234782608695652,0.2782608695652174,0.301304347826087,8
152,-0.3456521739130435,0.04072824781564172,-0.42,-0.33043478260869563,-0.30434782608695654,8
153,0.002173913043478262,0.06732114159653053,-0.10391304347826087,0.008695652173913042,0.09260869565217392,8
154,0.034782608695652174,0.04518393411049245,-0.023043478260869565,0.034782608695652174,0.10695652173913044,8
155,-0.5782608695652174,0.04976314409678086,-0.6717391304347826,-0.5826086956521739,-0.5160869565217392,8
156,-0.03260869565217391,0.09158858449104737,-0.16217391304347825,-0.017391304347826084,0.10391304347826089,8
157,-0.5760869565217391,0.06953124170312816,-0.6839130434782609,-0.5565217391304347,-0.47304347826086957,8
158,-0.23695652173913043,0.0517646995643072,-0.31260869565217386,-0.25217391304347825,-0.16521739130434782,8
159,-0.3695652173913043,0.06777590116573869,-0.5091304347826088,-0.3391304347826087,-0.3073913043478261,8
160,-0.08478260869565217,0.0777458901836855,-0.22782608695652173,-0.07826086956521738,0.005652173913043481,8
161,-0.6478260869565218,0.08419529013494384,-0.7534782608695652,-0.6608695652173913,-0.5334782608695653,8
162,-0.6630434782608695,0.037841076490280914,-0.7217391304347827,-0.6521739130434783,-0.6173913043478261,8
163,-0.5608695652173913,0.07667474821107997,-0.6491304347826087,-0.5565217391304347,-0.4156521739130435,8
164,-0.5782608695652174,0.04412561550040094,-0.6347826086956522,-0.5739130434782609,-0.5160869565217392,8
165,-0.12173913043478261,0.03585309239667531,-0.16521739130434782,-0.1217391304347826,-0.06391304347826086,8
166,-0.3717391304347826,0.10157083814107536,-0.5439130434782609,-0.3652173913043478,-0.25217391304347825,8
167,-0.6956521739130435,0.06086956521739129,-0.7852173913043478,-0.6782608695652175,-0.5978260869565217,8
168,0.0021739130434782587,0.1369220108347803,-0.20434782608695654,-0.026086956521739132,0.21434782608695652,8
169,-0.5195652173913043,0.10101095787381688,-0.6173913043478261,-0.5478260869565217,-0.32869565217391306,8
170,-0.13260869565217392,0.0617559683101817,-0.2,-0.14782608695652175,-0.04652173913043478,8
171,-0.10652173913043478,0.11534037734680269,-0.2604347826086956,-0.13043478260869565,0.08347826086956524,8
172,-0.3934782608695652,0.06925883618293041,-0.5121739130434783,-0.391304347826087,-0.29304347826086957,8
173,-0.3217391304347826,0.05635426694267705,-0.41695652173913045,-0.31304347826086953,-0.2552173913043478,8
174,-0.15652173913043477,0.05499613322031964,-0.24304347826086956,-0.16521739130434782,-0.06695652173913043,8
175,-0.23695652173913045,0.06415806331901612,-0.3443478260869565,-0.22608695652173913,-0.16521739130434782,8
176,-0.7130434782608697,0.0434782608695652,-0.7965217391304348,-0.7043478260869566,-0.6582608695652173,8
177,-0.6413043478260869,0.049905392535865234,-0.7043478260869566,-0.6347826086956522,-0.5682608695652174,8
178,-0.42391304347826086,0.05664701835128429,-0.4926086956521739,-0.4260869565217391,-0.33086956521739125,8
179,-0.05434782608695652,0.06020601053967926,-0.16217391304347825,-0.02608695652173913,-0.008695652173913044,8
180,-0.7521739130434784,0.07314175583156836,-0.8260869565217391,-0.7826086956521738,-0.6234782608695651,8
181,-0.8065217391304347,0.08131132264897845,-0.9069565217391304,-0.8260869565217391,-0.678695652173913,8
182,-0.5086956521739131,0.042377366716560706,-0.5591304347826087,-0.5130434782608696,-0.42391304347826086,8
183,-0.5739130434782609,0.027498066610159817,-0.6143478260869565,-0.5826086956521739,-0.5334782608695653,8
184,-0.55,0.05460807255252376,-0.628695652173913,-0.5478260869565217,-0.47,8
185,-0.3717391304347826,0.10268144068364822,-0.4782608695652174,-0.4,-0.1917391304347826,8
186,-0.5326086956521738,0.03631150671410881,-0.5795652173913043,-0.5391304347826087,-0.48130434782608694,8
187,-0.7804347826086957,0.055636886487259674,-0.8517391304347827,-0.8,-0.678695652173913,8
188,-0.22391304347826085,0.07375302371168424,-0.34739130434782606,-0.22608695652173913,-0.13043478260869565,8
189,-0.33260869565217394,0.04072824781564173,-0.3882608695652174,-0.3391304347826087,-0.2726086956521739,8
190,-0.5478260869565217,0.04682752006203914,-0.6113043478260869,-0.5565217391304347,-0.4782608695652174,8
191,-0.15000000000000002,0.10910791383764873,-0.3352173913043478,-0.15652173913043477,0.01086956521739132,8
192,-0.6934782608695653,0.05426079988847254,-0.7708695652173913,-0.6956521739130435,-0.6091304347826086,8
193,-0.7217391304347827,0.03478260869565215,-0.7821739130434783,-0.7217391304347827,-0.6869565217391305,8
194,-0.1282608695652174,0.05391129029407498,-0.2,-0.13043478260869565,-0.038260869565217376,8
195,-0.3826086956521739,0.05360360002581719,-0.4721739130434783,-0.3652173913043478,-0.31043478260869567,8
196,-0.7369565217391304,0.05460807255252377,-0.8056521739130434,-0.7391304347826086,-0.6521739130434783,8
197,-0.7065217391304348,0.026713490711835867,-0.7391304347826086,-0.7043478260869566,-0.6582608695652173,8
198,-0.7130434782608696,0.06330530338504797,-0.7913043478260869,-0.7043478260869565,-0.6378260869565218,8
199,-0.7282608695652174,0.06503597957239822,-0.831304347826087,-0.7217391304347827,-0.6182608695652173,8
200,-0.026086956521739132,0.09120076940610013,-0.16217391304347825,-0.017391304347826084,0.0782608695652174,8
201,-0.9521739130434783,0.032244341248242006,-0.9969565217391304,-0.9565217391304348,-0.8986956521739131,8
202,-0.18043478260869567,0.07087756689957003,-0.26652173913043475,-0.2,-0.04739130434782607,8
203,-0.7543478260869565,0.04717942263958848,-0.8056521739130434,-0.7652173913043478,-0.6643478260869565,8
204,-0.6847826086956522,0.05176469956430721,-0.7534782608695652,-0.6869565217391305,-0.6204347826086957,8
205,-0.09565217391304348,0.05499613322031964,-0.16217391304347825,-0.11304347826086956,-0.0004347826086956424,8
206,-0.28043478260869564,0.08107850521291964,-0.41086956521739126,-0.26956521739130435,-0.16,8
207,-0.2956521739130435,0.09243605054551869,-0.42,-0.29565217391304344,-0.15695652173913044,8
208,-0.7804347826086957,0.0711437746606677,-0.8865217391304349,-0.7652173913043478,-0.7043478260869566,8
209,-0.04782608695652174,0.07262301342821768,-0.1591304347826087,-0.034782608695652174,0.054782608695652185,8
210,-0.21521739130434783,0.0867116116312136,-0.3217391304347826,-0.21739130434782608,-0.05347826086956519,8
211,-0.558695652173913,0.04836651187236301,-0.6347826086956522,-0.5478260869565217,-0.49869565217391304,8
212,-0.47608695652173916,0.04717942263958848,-0.5591304347826087,-0.46956521739130436,-0.4147826086956522,8
213,-0.37826086956521743,0.058816301123776886,-0.4578260869565217,-0.3826086956521739,-0.278695652173913,8
214,-0.2152173913043478,0.08627449927384534,-0.34739130434782606,-0.20869565217391303,-0.11608695652173913,8
215,-0.10217391304347825,0.08246555103648112,-0.25956521739130434,-0.08695652173913043,0.01086956521739132,8
216,-0.3565217391304348,0.05499613322031964,-0.4230434782608696,-0.3652173913043478,-0.24999999999999997,8
217,-0.6543478260869566,0.04637115001674251,-0.7186956521739131,-0.6434782608695653,-0.6,8
218,-0.8217391304347826,0.04742918310711183,-0.8782608695652174,-0.808695652173913,-0.7595652173913043,8
219,-0.576086956521739,0.052848894700622685,-0.6347826086956522,-0.5826086956521739,-0.4760869565217391,8
220,-0.5652173913043478,0.037903469074266706,-0.6173913043478261,-0.5652173913043478,-0.5160869565217392,8
221,-0.4543478260869565,0.06266754480608511,-0.5447826086956521,-0.4608695652173913,-0.3626086956521739,8
222,-0.3717391304347826,0.08084501731211763,-0.4752173913043478,-0.391304347826087,-0.2408695652173913,8
223,-0.7565217391304349,0.07630403815123585,-0.8660869565217392,-0.7739130434782608,-0.6552173913043479,8
224,-0.3521739130434782,0.06071408714682149,-0.4230434782608696,-0.3739130434782609,-0.2552173913043478,8
225,-0.7260869565217392,0.05199243801348433,-0.8282608695652174,-0.7130434782608697,-0.672608695652174,8
226,-0.7086956521739131,0.04147561745291066,-0.7678260869565217,-0.7130434782608697,-0.6408695652173912,8
227,-0.6173913043478261,0.027498066610159837,-0.6521739130434783,-0.6173913043478261,-0.5713043478260869,8
228,-0.11304347826086956,0.058332208108690164,-0.20521739130434782,-0.1217391304347826,-0.02913043478260869,8
229,-0.5478260869565217,0.04433930011819811,-0.6256521739130435,-0.5391304347826087,-0.48434782608695653,8
230,-0.8130434782608695,0.050517174080966336,-0.8895652173913043,-0.817391304347826,-0.7421739130434782,8
231,-0.7260869565217392,0.04662524041201566,-0.8056521739130434,-0.7043478260869566,-0.672608695652174,8
232,-0.841304347826087,0.05861508157701202,-0.938695652173913,-0.8347826086956522,-0.7513043478260869,8
233,-0.38913043478260867,0.06415806331901613,-0.5091304347826088,-0.3826086956521739,-0.3073913043478261,8
234,-0.3,0.0466252404120157,-0.3965217391304348,-0.2782608695652174,-0.26956521739130435,8
235,0.1,0.07618006725189232,-0.042608695652173914,0.11304347826086956,0.19391304347826088,8
236,-0.5543478260869565,0.05763945036331675,-0.6430434782608696,-0.5478260869565217,-0.458695652173913,8
237,-0.8673913043478261,0.037841076490280894,-0.9243478260869565,-0.8695652173913044,-0.8004347826086956,8
238,-0.5782608695652174,0.06255432421712243,-0.6808695652173913,-0.5739130434782609,-0.49869565217391304,8
239,-0.7391304347826086,0.07010658911563956,-0.8773913043478261,-0.7130434782608697,-0.672608695652174,8
240,-0.48043478260869565,0.06647341239748111,-0.6104347826086957,-0.46956521739130436,-0.4117391304347826,8
241,-0.26521739130434785,0.07365684498303225,-0.36478260869565216,-0.28695652173913044,-0.13956521739130434,8
242,-0.5456521739130435,0.06590220170097441,-0.6317391304347826,-0.5391304347826087,-0.42695652173913046,8
243,-0.8608695652173912,0.060245245480656594,-0.9591304347826086,-0.8521739130434782,-0.7769565217391304,8
244,-0.591304347826087,0.08064016083039742,-0.6921739130434783,-0.6173913043478261,-0.4608695652173913,8
245,-0.6413043478260869,0.05957473741758574,-0.73,-0.6434782608695653,-0.5395652173913044,8
246,-0.42391304347826086,0.0765205039426002,-0.51,-0.4347826086956522,-0.27652173913043476,8
247,-0.8217391304347825,0.04742918310711183,-0.8926086956521739,-0.808695652173913,-0.7739130434782608,8
248,-0.10869565217391304,0.06608123545030722,-0.2082608695652174,-0.11304347826086956,-0.011739130434782606,8
249,-0.09130434782608696,0.07210053892076956,-0.19391304347826088,-0.08695652173913043,0.031304347826086966,8
250,-0.4108695652173913,0.055296075399899586,-0.4926086956521739,-0.4,-0.31956521739130433,8
251,-0.17608695652173914,0.11920895539874082,-0.34739130434782606,-0.1391304347826087,-0.032173913043478254,8
252,0.01304347826086956,0.09192336744289555,-0.1356521739130435,0.008695652173913044,0.14478260869565218,8
253,-0.07826086956521738,0.07378505542816148,-0.22478260869565217,-0.06086956521739131,0.01391304347826088,8
254,-0.1391304347826087,0.06270523957328676,-0.24,-0.1217391304347826,-0.04130434782608694,8
255,-0.8913043478260869,0.03558849031248889,-0.9591304347826086,-0.8782608695652174,-0.8608695652173913,8
256,-0.7565217391304349,0.05499613322031963,-0.8517391304347827,-0.7391304347826086,-0.6900000000000001,8
257,-0.7326086956521739,0.046777032155108714,-0.8139130434782609,-0.7217391304347827,-0.6613043478260869,8
258,-0.8391304347826086,0.04976314409678084,-0.927391304347826,-0.8260869565217391,-0.7913043478260869,8
259,-0.46739130434782605,0.07426387327190748,-0.5621739130434782,-0.4782608695652174,-0.35130434782608694,8
260,-0.11739130434782608,0.06375164477658775,-0.21434782608695652,-0.11304347826086956,-0.043478260869565216,8
261,-0.7782608695652175,0.05881630112377688,-0.8578260869565217,-0.7826086956521738,-0.678695652173913,8
262,-0.4217391304347826,0.080991026131292,-0.5130434782608696,-0.43478260869565216,-0.29,8
263,-0.6478260869565218,0.036635433796418974,-0.7156521739130435,-0.6347826086956522,-0.6030434782608696,8
264,-0.7543478260869565,0.062365166468613266,-0.8343478260869566,-0.7652173913043478,-0.6356521739130434,8
265,-0.8521739130434782,0.05289358721998451,-0.9304347826086956,-0.8347826086956522,-0.7943478260869565,8
266,-0.7826086956521738,0.05567934119506825,-0.8547826086956521,-0.8,-0.6817391304347826,8
267,-0.6195652173913044,0.06236516646861328,-0.6952173913043479,-0.6434782608695653,-0.5047826086956522,8
268,-0.3652173913043478,0.10065945132861066,-0.5152173913043478,-0.3652173913043478,-0.21739130434782608,8
269,-0.6195652173913044,0.07942967785410919,-0.6869565217391305,-0.6608695652173913,-0.4760869565217391,8
270,-0.27391304347826084,0.06942921488117962,-0.3565217391304348,-0.28695652173913044,-0.16,8
271,-0.7217391304347827,0.04170288281141493,-0.7821739130434783,-0.7391304347826086,-0.6552173913043479,8
272,-0.4195652173913043,0.03784107649028089,-0.4752173913043478,-0.4173913043478261,-0.3626086956521739,8
273,-0.14565217391304347,0.06236516646861327,-0.21434782608695652,-0.16521739130434782,-0.04652173913043478,8
274,-0.22608695652173913,0.04762804847871009,-0.26956521739130435,-0.2434782608695652,-0.13956521739130434,8
275,-0.26956521739130435,0.057680431136615654,-0.31869565217391305,-0.28695652173913044,-0.14869565217391303,8
276,-0.2630434782608696,0.03578712528946594,-0.30434782608695654,-0.26956521739130435,-0.20304347826086958,8
277,-0.24565217391304348,0.04677703215510872,-0.31565217391304345,-0.25217391304347825,-0.17130434782608694,8
278,-0.5652173913043479,0.06389973242043072,-0.6491304347826087,-0.5739130434782609,-0.45565217391304347,8
279,-0.40652173913043477,0.05320538369791485,-0.4578260869565217,-0.43478260869565216,-0.31043478260869567,8
280,-0.02391304347826087,0.03733818268982102,-0.07521739130434783,-0.034782608695652174,0.02608695652173913,8
281,-0.16956521739130437,0.04497426275125479,-0.23478260869565218,-0.15652173913043477,-0.11608695652173913,8
282,0.1282608695652174,0.04026143299446116,0.06695652173913044,0.1217391304347826,0.19391304347826088,8
283,-0.45000000000000007,0.05355949997719531,-0.5243478260869565,-0.46956521739130436,-0.3769565217391304,8
284,-0.4260869565217391,0.054996133220319654,-0.5182608695652174,-0.4173913043478261,-0.3452173913043478,8
285,-0.2,0.07826086956521738,-0.31565217391304345,-0.19130434782608696,-0.08739130434782608,8
286,-0.05652173913043478,0.08984338399900793,-0.16217391304347825,-0.08695652173913043,0.08956521739130435,8
287,-0.20652173913043476,0.0711437746606677,-0.31260869565217386,-0.2,-0.09043478260869564,8
288,-0.12608695652173912,0.0877140913123131,-0.2808695652173913,-0.09565217391304348,-0.043478260869565216,8
289,-0.03043478260869565,0.07416835699666079,-0.1591304347826087,-0.008695652173913044,0.043478260869565216,8
290,-0.3456521739130435,0.07007287591863565,-0.45173913043478264,-0.33043478260869563,-0.2552173913043478,8
291,0.08478260869565218,0.04428597562492035,0.02608695652173913,0.08695652173913043,0.15608695652173912,8
292,0.15434782608695652,0.08246555103648112,0.029130434782608693,0.16521739130434782,0.2634782608695652,8
293,-0.08913043478260868,0.08292274401200282,-0.24,-0.06086956521739131,-0.008695652173913044,8
294,-0.12391304347826088,0.07323861099096964,-0.24,-0.12173913043478261,-0.02608695652173913,8
295,-0.09565217391304348,0.10434782608695653,-0.23173913043478261,-0.06956521739130435,0.023043478260869568,8
296,0.11304347826086956,0.06846963368705923,-0.013913043478260867,0.13043478260869565,0.1826086956521739,8
297,-0.391304347826087,0.06086956521739131,-0.4721739130434783,-0.391304347826087,-0.29304347826086957,8
298,-0.15434782608695652,0.04596168372144777,-0.19695652173913045,-0.16521739130434782,-0.058695652173913024,8
299,-0.05652173913043478,0.08191932035398596,-0.19391304347826088,-0.043478260869565216,0.05173913043478262,8
300,-0.33043478260869563,0.05567934119506825,-0.4230434782608696,-0.31304347826086953,-0.2582608695652174,8
301,-0.6413043478260869,0.06953124170312816,-0.7043478260869566,-0.6608695652173913,-0.5026086956521739,8
302,0.16086956521739132,0.09866787580791493,0.009565217391304353,0.1391304347826087,0.2839130434782609,8
303,-0.24130434782608698,0.07007287591863565,-0.358695652173913,-0.2434782608695652,-0.13956521739130434,8
304,-0.6195652173913044,0.06980258416522747,-0.73,-0.6086956521739131,-0.5304347826086957,8
305,-0.26086956521739124,0.1179535649239177,-0.42,-0.28695652173913044,-0.08739130434782608,8
306,-0.46739130434782605,0.08779487176655944,-0.6113043478260869,-0.45217391304347826,-0.3565217391304348,8
307,-0.2217391304347826,0.07568215298056179,-0.358695652173913,-0.20869565217391306,-0.1334782608695652,8
308,-0.013043478260869566,0.06608123545030724,-0.09260869565217392,-0.026086956521739132,0.10086956521739132,8
309,0.06739130434782609,0.11468292773139112,-0.15217391304347827,0.10434782608695653,0.16521739130434782,8
310,0.08695652173913043,0.11304347826086956,-0.1265217391304348,0.13043478260869565,0.2082608695652174,8
311,-0.21304347826086956,0.06608123545030722,-0.31260869565217386,-0.22608695652173913,-0.10478260869565217,8
312,-0.2152173913043478,0.05176469956430721,-0.2808695652173913,-0.23478260869565218,-0.1334782608695652,8
313,-0.07173913043478261,0.033607880073348494,-0.11,-0.0782608695652174,-0.011739130434782606,8
314,0.1282608695652174,0.06871078534469177,-0.01608695652173913,0.14782608695652175,0.1826086956521739,8
315,-0.4565217391304348,0.11819371494841899,-0.6143478260869565,-0.4434782608695652,-0.29,8
316,-0.3586956521739131,0.0641580633190161,-0.4404347826086956,-0.3826086956521739,-0.26956521739130435,8
317,-0.04565217391304348,0.08627449927384534,-0.17043478260869566,-0.06086956521739131,0.09782608695652176,8
318,-0.37173913043478257,0.08843845916003476,-0.4691304347826087,-0.391304347826087,-0.19565217391304343,8
319,-0.24782608695652175,0.04237736671656071,-0.30130434782608695,-0.25217391304347825,-0.18565217391304348,8
320,-0.07173913043478261,0.10823816769134437,-0.28826086956521735,-0.043478260869565216,0.05173913043478262,8
321,-0.6717391304347826,0.08886492798247694,-0.7882608695652173,-0.6434782608695653,-0.5539130434782608,8
322,-0.2847826086956522,0.10231257935434863,-0.4260869565217391,-0.24347826086956523,-0.17130434782608694,8
323,-0.2043478260869565,0.07518094115561122,-0.31565217391304345,-0.1826086956521739,-0.10173913043478261,8
324,0.08260869565217391,0.0998107850717304,-0.08347826086956522,0.10434782608695653,0.22260869565217392,8
325,0.015217391304347827,0.07577576112144947,-0.10695652173913044,0.034782608695652174,0.09565217391304348,8
326,0.3173913043478261,0.07104406364507909,0.20304347826086958,0.3391304347826087,0.391304347826087,8
327,-0.5065217391304349,0.07774589018368551,-0.6226086956521739,-0.5043478260869565,-0.37173913043478257,8
328,-0.13695652173913042,0.052848894700622685,-0.19695652173913045,-0.15652173913043477,-0.06086956521739131,8
329,-0.20217391304347826,0.04637115001674248,-0.26652173913043475,-0.2,-0.1334782608695652,8
330,-0.10652173913043478,0.05495315069462842,-0.20521739130434782,-0.09565217391304348,-0.032173913043478254,8
331,-0.41521739130434787,0.08061085312060502,-0.561304347826087,-0.4,-0.2991304347826087,8
332,-0.24782608695652175,0.08191932035398597,-0.38521739130434784,-0.23478260869565215,-0.13956521739130434,8
333,0.1217391304347826,0.07117698062497782,0.029130434782608693,0.12173913043478261,0.21739130434782608,8
334,-0.2043478260869565,0.0613336346941995,-0.30130434782608695,-0.2,-0.1191304347826087,8
335,-0.10869565217391304,0.11723016315402403,-0.2891304347826087,-0.13043478260869565,0.04043478260869565,8
336,0.05,0.06561473162081118,-0.03739130434782609,0.052173913043478265,0.15304347826086956,8
337,-0.041304347826086954,0.10558595169200774,-0.20217391304347826,-0.03478260869565218,0.09260869565217392,8
338,-0.5478260869565217,0.03135261978664336,-0.5826086956521739,-0.5478260869565217,-0.49869565217391304,8
339,-0.021739130434782608,0.06997163886709167,-0.12130434782608696,-0.026086956521739132,0.08652173913043479,8
340,-0.2260869565217391,0.05702120455914783,-0.28391304347826085,-0.2434782608695652,-0.11086956521739129,8
341,0.006521739130434782,0.0692588361829304,-0.10391304347826087,0.02608695652173913,0.09565217391304348,8
342,-0.3760869565217392,0.07750236291293865,-0.4865217391304348,-0.3826086956521739,-0.238695652173913,8
343,-0.09565217391304348,0.10860866084171128,-0.24913043478260868,-0.08695652173913043,0.05173913043478262,8
344,0.10652173913043478,0.06020601053967926,0.03217391304347826,0.08695652173913043,0.2082608695652174,8
345,-0.13043478260869565,0.09643944788182102,-0.2891304347826087,-0.08695652173913043,-0.014782608695652167,8
346,-0.25217391304347825,0.09202613255876836,-0.3791304347826087,-0.2782608695652174,-0.13043478260869565,8
347,-0.12391304347826086,0.102127649100403,-0.24913043478260868,-0.13043478260869565,0.005652173913043481,8
348,-0.2717391304347826,0.05664701835128427,-0.35043478260869565,-0.2782608695652174,-0.1743478260869565,8
349,-0.2804347826086957,0.07167322400797624,-0.3391304347826087,-0.29565217391304344,-0.13739130434782607,8
350,-0.1782608695652174,0.08814406492484039,-0.31260869565217386,-0.16521739130434782,-0.0782608695652174,8
351,0.21304347826086956,0.07568215298056179,0.1334782608695652,0.20869565217391306,0.3639130434782609,8
352,-0.3804347826086957,0.06144910445696771,-0.4947826086956522,-0.3739130434782609,-0.3073913043478261,8
353,-0.0891304347826087,0.08154347536309153,-0.23391304347826086,-0.0782608695652174,0.008695652173913044,8
354,-0.6891304347826086,0.08627449927384534,-0.8026086956521739,-0.7043478260869565,-0.5539130434782608,8
355,0.5130434782608695,0.06148754619013455,0.4178260869565218,0.5130434782608696,0.6082608695652174,8
356,0.021739130434782608,0.06942921488117962,-0.05782608695652174,0.0,0.13869565217391305,8
357,0.11956521739130435,0.08561464638050094,0.003478260869565219,0.09565217391304348,0.2634782608695652,8
358,0.07173913043478261,0.06843511408129214,-0.019999999999999997,0.052173913043478265,0.16521739130434782,8
359,0.052173913043478265,0.07922116155777652,-0.04043478260869565,0.052173913043478265,0.18782608695652175,8
360,-0.10434782608695653,0.06448868249648403,-0.19391304347826088,-0.11304347826086956,0.01086956521739132,8
361,0.3195652173913044,0.05664701835128427,0.2408695652173913,0.31304347826086953,0.391304347826087,8
362,-0.08260869565217391,0.08641133441022518,-0.2082608695652174,-0.09565217391304348,0.037391304347826095,8
363,0.015217391304347828,0.0952312874513457,-0.1356521739130435,0.02608695652173913,0.14782608695652175,8
364,0.052173913043478265,0.07010658911563955,-0.03739130434782609,0.02608695652173913,0.1591304347826087,8
365,0.052173913043478265,0.06791521457310135,-0.05173913043478261,0.052173913043478265,0.1673913043478261,8
366,-0.013043478260869566,0.03765327842541038,-0.07217391304347827,-0.008695652173913044,0.05173913043478262,8
367,-0.006521739130434781,0.09542958290281725,-0.15608695652173912,-0.017391304347826084,0.12739130434782608,8
368,0.10217391304347825,0.048366511872363016,0.029130434782608693,0.09565217391304348,0.17652173913043478,8
369,-0.5021739130434782,0.0956274671648816,-0.6543478260869565,-0.4956521739130435,-0.3739130434782609,8
370,-0.5456521739130435,0.08757929164558124,-0.6921739130434783,-0.5043478260869565,-0.44956521739130434,8
371,-0.2108695652173913,0.03246344461536539,-0.25217391304347825,-0.20869565217391306,-0.16521739130434782,8
372,0.12391304347826088,0.09873969521022403,-0.04869565217391304,0.14782608695652172,0.24304347826086956,8
373,-0.32173913043478264,0.0834057656228299,-0.46,-0.31304347826086953,-0.18652173913043477,8
374,-0.2217391304347826,0.09192336744289555,-0.3556521739130435,-0.2434782608695652,-0.058695652173913024,8
375,0.034782608695652174,0.06389973242043073,-0.04043478260869565,0.043478260869565216,0.14695652173913046,8
376,-0.6673913043478261,0.06871078534469179,-0.7708695652173913,-0.6695652173913044,-0.5713043478260869,8
377,0.021739130434782608,0.0555093275426248,-0.07217391304347827,0.043478260869565216,0.08956521739130435,8
378,-0.2717391304347826,0.058615081577012014,-0.3534782608695652,-0.26956521739130435,-0.1743478260869565,8
379,-0.32608695652173914,0.06721576014669699,-0.4056521739130435,-0.34782608695652173,-0.22043478260869565,8
380,-0.8239130434782609,0.03733818268982104,-0.8752173913043478,-0.817391304347826,-0.7739130434782608,8
381,0.2,0.08016995180254685,0.11304347826086956,0.1826086956521739,0.31869565217391305,8
382,-0.3978260869565218,0.06326796613415325,-0.4865217391304348,-0.408695652173913,-0.2960869565217391,8
383,-0.19565217391304346,0.05482400092573257,-0.26652173913043475,-0.20869565217391306,-0.11608695652173913,8
384,0.5565217391304348,0.05360360002581717,0.481304347826087,0.5478260869565217,0.6317391304347826,8
385,0.4652173913043478,0.09314906645925455,0.3626086956521739,0.4434782608695652,0.6369565217391304,8
386,-0.2608695652173913,0.04841534228547845,-0.33304347826086955,-0.26956521739130435,-0.2,8
387,0.008695652173913042,0.06901959941907627,-0.09565217391304348,0.02608695652173913,0.10391304347826089,8
388,0.08695652173913043,0.0782608695652174,-0.05173913043478261,0.1217391304347826,0.17652173913043478,8
389,-0.35434782608695653,0.06871078534469177,-0.4773913043478261,-0.33913043478260874,-0.2756521739130435,8
390,0.21304347826086956,0.05482400092573257,0.1108695652173913,0.21739130434782608,0.2839130434782609,8
391,-0.55,0.05028275437487118,-0.6143478260869565,-0.5565217391304348,-0.4782608695652174,8
392,-0.002173913043478262,0.06020601053967926,-0.08652173913043479,-0.008695652173913044,0.10086956521739132,8
393,0.2760869565217391,0.06503597957239822,0.16,0.2956521739130435,0.3647826086956522,8
394,-0.10217391304347825,0.07627306431673406,-0.17956521739130435,-0.11304347826086956,0.05086956521739133,8
395,0.2152173913043478,0.0740088892632574,0.11608695652173913,0.20869565217391306,0.31869565217391305,8
396,-0.1673913043478261,0.06760135567594006,-0.24913043478260868,-0.1826086956521739,-0.06695652173913043,8
397,0.25217391304347825,0.07530655685082076,0.14782608695652175,0.2608695652173913,0.3565217391304348,8
398,0.006521739130434785,0.08627449927384535,-0.11521739130434783,0.0,0.1695652173913044,8
399,-0.4152173913043478,0.06618842325060144,-0.4956521739130435,-0.4173913043478261,-0.3247826086956521,8
400,-0.841304347826087,0.05320538369791486,-0.9469565217391305,-0.8260869565217391,-0.7913043478260869,8
401,-0.258695652173913,0.06083073295492705,-0.3534782608695652,-0.2608695652173913,-0.1826086956521739,8
402,-0.03913043478260869,0.08857195124984071,-0.17347826086956522,-0.034782608695652174,0.08956521739130435,8
403,0.22391304347826085,0.03127716210856121,0.18565217391304348,0.21739130434782608,0.2808695652173913,8
404,-0.2565217391304348,0.03961058077888825,-0.31869565217391305,-0.25217391304347825,-0.20304347826086958,8
405,0.26304347826086955,0.07676714601308511,0.1426086956521739,0.2608695652173913,0.3791304347826087,8
406,-0.1760869565217391,0.07627306431673404,-0.3095652173913043,-0.16521739130434782,-0.08130434782608696,8
407,0.29565217391304344,0.07275304578557179,0.2,0.29565217391304344,0.40260869565217394,8
408,-0.3326086956521739,0.06788041302606954,-0.4260869565217391,-0.3217391304347826,-0.22956521739130434,8
409,0.12608695652173912,0.07667474821107999,0.03217391304347826,0.13043478260869565,0.2739130434782609,8
410,-0.16739130434782606,0.06590220170097442,-0.2604347826086956,-0.17391304347826086,-0.06695652173913043,8
411,0.29782608695652174,0.050657305207526274,0.22043478260869565,0.30434782608695654,0.3565217391304348,8
412,-0.7065217391304348,0.04118977243803566,-0.7565217391304347,-0.6956521739130435,-0.6552173913043479,8
413,0.06739130434782609,0.08561464638050094,-0.023043478260869565,0.052173913043478265,0.23913043478260873,8
414,0.034782608695652174,0.061487546190134565,-0.0691304347826087,0.043478260869565216,0.11304347826086956,8
415,-1.734723475976807e-18,0.05499613322031965,-0.07521739130434783,0.008695652173913042,0.08652173913043479,8
416,-0.12391304347826088,0.08822445168566533,-0.21434782608695652,-0.15652173913043477,0.031304347826086966,8
417,-0.3391304347826087,0.07630403815123585,-0.4373913043478261,-0.3652173913043478,-0.23478260869565218,8
418,0.6217391304347826,0.05199243801348434,0.5282608695652175,0.6173913043478261,0.6982608695652175,8
419,0.2608695652173913,0.028840215568307816,0.23478260869565218,0.25217391304347825,0.31565217391304345,8
420,-0.08695652173913043,0.06735623210795508,-0.19391304347826088,-0.06956521739130435,-0.011739130434782606,8
421,0.21304347826086956,0.06665091181198213,0.0965217391304348,0.2173913043478261,0.3095652173913043,8
422,0.11521739130434783,0.055296075399899586,0.043478260869565216,0.13043478260869565,0.19391304347826088,8
423,-0.03043478260869565,0.05685520361140009,-0.11,-0.02608695652173913,0.06608695652173915,8
424,-0.30000000000000004,0.047429183107111805,-0.38217391304347825,-0.2956521739130435,-0.23782608695652174,8
425,-0.0782608695652174,0.05144417202695318,-0.17347826086956522,-0.06956521739130435,-0.014782608695652167,8
426,-0.15217391304347827,0.07467636537964203,-0.24913043478260868,-0.15652173913043477,-0.04652173913043478,8
427,-0.34347826086956523,0.06942921488117962,-0.42,-0.3652173913043478,-0.20391304347826086,8
428,0.1760869565217391,0.05893670309446069,0.07304347826086957,0.17391304347826086,0.25217391304347825,8
429,-0.2739130434782609,0.05342698142367177,-0.3360869565217391,-0.2782608695652174,-0.16913043478260867,8
430,-0.18695652173913047,0.08984338399900793,-0.30130434782608695,-0.1826086956521739,-0.029999999999999978,8
431,0.03043478260869565,0.06888251964241243,-0.06086956521739131,0.043478260869565216,0.12739130434782608,8
432,-0.18913043478260871,0.06898535501140186,-0.3095652173913043,-0.19130434782608696,-0.09869565217391305,8
433,-0.2934782608695652,0.06843511408129214,-0.3739130434782609,-0.30434782608695654,-0.17739130434782607,8
434,-0.06521739130434782,0.07862235356532662,-0.19086956521739132,-0.034782608695652174,0.03434782608695653,8
435,0.2217391304347826,0.06833145063261614,0.16521739130434782,0.20869565217391306,0.3639130434782609,8
436,-0.591304347826087,0.06791521457310135,-0.6839130434782609,-0.5913043478260869,-0.48434782608695653,8
437,0.32608695652173914,0.04055382196995137,0.27260869565217394,0.3217391304347826,0.3995652173913044,8
438,0.04565217391304347,0.11048526747454837,-0.09260869565217392,0.043478260869565216,0.2082608695652174,8
439,-0.3630434782608695,0.04342387903356126,-0.4230434782608696,-0.3652173913043478,-0.29304347826086957,8
440,-0.567391304347826,0.042986347681054755,-0.6460869565217391,-0.5565217391304347,-0.5160869565217392,8
441,-0.517391304347826,0.10279643841336425,-0.6430434782608696,-0.5565217391304347,-0.3739130434782609,8
442,0.008695652173913045,0.049190036952107656,-0.05782608695652174,0.017391304347826087,0.07521739130434783,8
443,0.18043478260869564,0.06356605007484106,0.11608695652173913,0.15652173913043477,0.3065217391304348,8
444,0.02608695652173913,0.12956229935435948,-0.17652173913043478,0.052173913043478265,0.20217391304347826,8
445,-0.49782608695652175,0.05529607539989957,-0.5765217391304347,-0.4956521739130435,-0.40347826086956523,8
446,-0.35434782608695653,0.06236516646861328,-0.44869565217391305,-0.3652173913043478,-0.2552173913043478,8
447,-0.008695652173913042,0.06846963368705922,-0.1408695652173913,0.0,0.08347826086956524,8
448,-0.2652173913043478,0.0832923654811653,-0.38521739130434784,-0.2434782608695652,-0.1426086956521739,8
449,0.05434782608695653,0.049141976328075286,-0.042608695652173914,0.06086956521739131,0.11,8
450,-0.5869565217391304,0.05482400092573257,-0.6778260869565218,-0.5826086956521739,-0.5160869565217392,8
451,-0.08260869565217391,0.11295983527623112,-0.21739130434782608,-0.08695652173913043,0.09782608695652176,8
452,0.36086956521739133,0.10056550874974242,0.22043478260869565,0.3826086956521739,0.5152173913043478,8
453,-0.2717391304347826,0.08360384575230179,-0.391304347826087,-0.26956521739130435,-0.15391304347826087,8
454,-0.17173913043478262,0.0752751725790469,-0.26652173913043475,-0.17391304347826086,-0.0526086956521739,8
455,0.21304347826086956,0.07050989017489936,0.1108695652173913,0.2,0.3217391304347826,8
456,0.37826086956521743,0.05342698142367179,0.3217391304347826,0.3739130434782609,0.4804347826086957,8
457,0.05652173913043478,0.07365684498303224,-0.06608695652173914,0.06956521739130435,0.15608695652173912,8
458,-0.05,0.06788041302606955,-0.1673913043478261,-0.043478260869565216,0.037391304347826095,8
459,-0.2847826086956522,0.09138195459558132,-0.4056521739130435,-0.30434782608695654,-0.16521739130434782,8
460,-0.15652173913043477,0.08475473343312141,-0.25217391304347825,-0.1826086956521739,-0.043478260869565216,8
461,0.20652173913043478,0.10962644941846059,0.020869565217391306,0.22608695652173913,0.35043478260869565,8
462,0.12608695652173912,0.06071408714682148,0.06391304347826088,0.10434782608695653,0.24,8
463,0.16956521739130434,0.07667474821107999,0.05565217391304348,0.16521739130434782,0.2839130434782609,8
464,8.673617379884035e-19,0.04919003695210765,-0.043478260869565216,-0.017391304347826084,0.08652173913043479,8
465,0.34347826086956523,0.0555093275426248,0.29000000000000004,0.3391304347826087,0.4569565217391305,8
466,-0.2,0.05897678246195885,-0.26956521739130435,-0.2,-0.10478260869565217,8
467,0.15000000000000002,0.09302214302319421,0.003478260869565219,0.1826086956521739,0.28608695652173916,8
468,-0.9152173913043478,0.037338182689820996,-0.9795652173913043,-0.9043478260869565,-0.8669565217391304,8
469,-0.06956521739130435,0.11437344728666006,-0.2717391304347826,-0.043478260869565216,0.05782608695652174,8
470,-0.5152173913043478,0.11352322947084267,-0.6634782608695652,-0.5217391304347826,-0.3369565217391304,8
471,0.408695652173913,0.0903678682209849,0.2673913043478261,0.408695652173913,0.561304347826087,8
472,0.09130434782608696,0.08191932035398597,-0.06,0.11304347826086956,0.19086956521739132,8
473,-0.7326086956521738,0.035787125289465906,-0.7739130434782608,-0.7391304347826086,-0.672608695652174,8
474,-0.1869565217391304,0.10461921230883447,-0.35043478260869565,-0.15652173913043477,-0.0526086956521739,8
475,-0.558695652173913,0.053559499977195286,-0.6430434782608696,-0.5565217391304347,-0.48434782608695653,8
476,0.4282608695652174,0.0740088892632574,0.3021739130434783,0.4260869565217391,0.5130434782608696,8
477,0.15434782608695652,0.11534037734680269,-0.050869565217391305,0.15652173913043477,0.3239130434782609,8
478,-0.49130434782608695,0.06375164477658772,-0.5652173913043478,-0.4782608695652174,-0.3973913043478261,8
479,0.35,0.10962644941846061,0.20608695652173914,0.3217391304347826,0.521304347826087,8
480,-0.4717391304347826,0.06788041302606952,-0.5621739130434782,-0.48695652173913045,-0.3769565217391304,8
481,0.021739130434782608,0.047429183107111805,-0.02608695652173913,0.017391304347826087,0.11521739130434784,8
482,-0.2934782608695652,0.09443394186510205,-0.4426086956521739,-0.28695652173913044,-0.1343478260869565,8
483,-0.0717391304347826,0.102127649100403,-0.21434782608695652,-0.06956521739130435,0.0691304347826087,8
484,-0.1217391304347826,0.07223151185146151,-0.24608695652173912,-0.10434782608695653,-0.032173913043478254,8
485,0.2391304347826087,0.07910176260287065,0.08826086956521739,0.2434782608695652,0.3217391304347826,8
486,0.48043478260869565,0.05460807255252378,0.3830434782608696,0.48695652173913045,0.5560869565217391,8
487,0.3239130434782609,0.05320538369791486,0.2408695652173913,0.3391304347826087,0.3995652173913044,8
488,0.06739130434782609,0.0499053925358652,-0.0026086956521739124,0.06086956521739131,0.15608695652173912,8
489,-0.26304347826086955,0.07426387327190748,-0.3391304347826087,-0.2782608695652174,-0.16826086956521738,8
490,0.258695652173913,0.08061085312060504,0.1282608695652174,0.25217391304347825,0.3565217391304348,8
491,-0.2956521739130435,0.07064381221422575,-0.3965217391304348,-0.32173913043478264,-0.20304347826086958,8
492,-0.22608695652173913,0.0782608695652174,-0.3617391304347826,-0.1826086956521739,-0.1508695652173913,8
493,0.26521739130434785,0.05618629557965254,0.1826086956521739,0.2782608695652174,0.33608695652173914,8
494,0.4565217391304348,0.052714589795574536,0.37695652173913047,0.4608695652173913,0.5130434782608696,8
495,-0.017391304347826087,0.09078527399052652,-0.11304347826086956,-0.043478260869565216,0.11304347826086956,8
496,0.3978260869565218,0.05284889470062269,0.3247826086956522,0.391304347826087,0.48652173913043484,8
497,0.46956521739130436,0.060245245480656615,0.3626086956521739,0.48695652173913045,0.5304347826086957,8
498,-0.5652173913043479,0.03478260869565215,-0.6143478260869565,-0.5739130434782609,-0.5160869565217392,8
499,-0.047826086956521734,0.060088152004718495,-0.15304347826086956,-0.043478260869565216,0.0456521739130435,8
500,0.14782608695652172,0.05430433042085564,0.05565217391304348,0.15652173913043477,0.21434782608695652,8
501,-0.8369565217391304,0.08154347536309153,-0.9069565217391304,-0.8695652173913044,-0.6652173913043478,8
502,-0.4391304347826087,0.07957828355531796,-0.5304347826086957,-0.43478260869565216,-0.30217391304347824,8
503,0.19565217391304346,0.06833145063261614,0.11304347826086956,0.2,0.2982608695652174,8
504,0.14565217391304347,0.05320538369791485,0.08130434782608696,0.1217391304347826,0.21739130434782608,8
505,-0.13913043478260867,0.06901959941907627,-0.26869565217391306,-0.13043478260869565,-0.049565217391304345,8
506,-0.34347826086956523,0.05618629557965254,-0.43434782608695655,-0.33043478260869563,-0.2726086956521739,8
507,-0.26521739130434785,0.08508863387296055,-0.44478260869565217,-0.2434782608695652,-0.2,8
508,0.1826086956521739,0.07969696860792766,0.049565217391304345,0.2173913043478261,0.2778260869565218,8
509,-0.25,0.05028275437487121,-0.33304347826086955,-0.23478260869565218,-0.1743478260869565,8
510,-0.7847826086956522,0.046777032155108735,-0.8578260869565217,-0.7739130434782608,-0.7247826086956523,8
511,-0.11304347826086955,0.06270523957328678,-0.19695652173913045,-0.13043478260869565,-0.02913043478260869,8
512,-0.767391304347826,0.060206010539679264,-0.8773913043478261,-0.7652173913043478,-0.678695652173913,8
513,-0.517391304347826,0.058816301123776865,-0.5795652173913043,-0.5391304347826087,-0.4147826086956522,8
514,0.07608695652173914,0.05529607539989958,-0.013913043478260867,0.0782608695652174,0.1591304347826087,8
515,-0.6065217391304347,0.07007287591863565,-0.7043478260869566,-0.6,-0.5017391304347826,8
516,-0.7478260869565218,0.04170288281141493,-0.7882608695652173,-0.7652173913043478,-0.6643478260869565,8
517,-0.03695652173913043,0.03471460744058981,-0.10391304347826087,-0.02608695652173913,0.005652173913043481,8
518,-0.18478260869565216,0.06474466352971928,-0.2921739130434783,-0.17391304347826086,-0.10173913043478261,8
519,-0.45,0.06326796613415324,-0.578695652173913,-0.43478260869565216,-0.38,8
520,-0.8326086956521739,0.08246555103648111,-0.9304347826086956,-0.8434782608695652,-0.6847826086956522,8
521,-0.0608695652173913,0.061487546190134565,-0.14173913043478262,-0.06086956521739131,0.0456521739130435,8
522,-0.6782608695652174,0.052173913043478265,-0.7647826086956522,-0.6608695652173913,-0.6173913043478261,8
523,-0.3282608695652174,0.11599410062568781,-0.5295652173913044,-0.33043478260869563,-0.1826086956521739,8
524,-0.6239130434782609,0.058936703094460696,-0.6982608695652174,-0.6347826086956522,-0.5139130434782608,8
525,-0.8391304347826087,0.02259196705524624,-0.8752173913043478,-0.8434782608695652,-0.808695652173913,8
526,-0.2717391304347826,0.12156431547839838,-0.4434782608695652,-0.2608695652173913,-0.1334782608695652,8
527,-0.6173913043478261,0.02884021556830784,-0.6747826086956522,-0.6173913043478261,-0.5856521739130435,8
528,-0.5391304347826087,0.056354266942677034,-0.6113043478260869,-0.5565217391304347,-0.44956521739130434,8
529,-0.17391304347826086,0.10649955403405123,-0.3730434782608696,-0.1391304347826087,-0.0526086956521739,8
530,-0.41304347826086957,0.08005196799792162,-0.5243478260869565,-0.4260869565217391,-0.29304347826086957,8
531,-0.5239130434782608,0.08950082108799522,-0.668695652173913,-0.5391304347826087,-0.38304347826086954,8
532,-0.3239130434782609,0.07140899002459497,-0.42,-0.33043478260869563,-0.23478260869565218,8
533,-0.17826086956521742,0.08099102613129198,-0.3208695652173913,-0.17391304347826086,-0.058695652173913024,8
534,-0.03913043478260869,0.0555093275426248,-0.13043478260869565,-0.008695652173913044,0.020000000000000004,8
535,-0.5043478260869566,0.07064381221422573,-0.6143478260869565,-0.4956521739130435,-0.4147826086956522,8
536,-0.6391304347826087,0.03450979970953816,-0.6982608695652174,-0.6173913043478261,-0.6030434782608696,8
537,-0.5565217391304347,0.06448868249648403,-0.6347826086956522,-0.5565217391304347,-0.44956521739130434,8
538,-0.7978260869565217,0.050657305207526274,-0.8260869565217391,-0.8260869565217391,-0.6908695652173913,8
539,-0.4434782608695652,0.04682752006203917,-0.4956521739130435,-0.4434782608695652,-0.3769565217391304,8
540,-0.26304347826086955,0.08061085312060504,-0.4160869565217391,-0.25217391304347825,-0.16,8
541,0.041304347826086954,0.07552588159147916,-0.08347826086956522,0.052173913043478265,0.15304347826086956,8
542,-0.8043478260869565,0.06608123545030722,-0.9039130434782608,-0.808695652173913,-0.6991304347826087,8
543,-0.391304347826087,0.05499613322031965,-0.4691304347826087,-0.40869565217391307,-0.3073913043478261,8
544,-0.09347826086956522,0.04952515543432398,-0.16217391304347825,-0.10434782608695653,-0.014782608695652167,8
545,-0.6739130434782609,0.0837450447141662,-0.7882608695652173,-0.6695652173913044,-0.5569565217391304,8
546,-0.26521739130434785,0.06608123545030722,-0.3708695652173913,-0.25217391304347825,-0.18565217391304348,8
547,-0.8326086956521739,0.030044076002359265,-0.8752173913043478,-0.8260869565217391,-0.7913043478260869,8
548,0.05434782608695652,0.06020601053967926,-0.05478260869565217,0.06956521739130435,0.11304347826086956,8
549,-0.7195652173913043,0.04952515543432398,-0.7965217391304348,-0.7217391304347827,-0.6326086956521739,8
550,-0.3065217391304348,0.052489984641954944,-0.38521739130434784,-0.2956521739130435,-0.23782608695652174,8
551,-0.2,0.08064016083039743,-0.2982608695652174,-0.20869565217391306,-0.04739130434782607,8
552,-0.7652173913043478,0.05768043113661565,-0.8260869565217391,-0.7739130434782608,-0.6613043478260869,8
553,-0.5304347826086956,0.07874247946206447,-0.6143478260869565,-0.5652173913043478,-0.4147826086956522,8
554,-0.4934782608695652,0.0641580633190161,-0.6113043478260869,-0.46956521739130436,-0.42913043478260865,8
555,-0.6782608695652175,0.052893587219984516,-0.7534782608695652,-0.6695652173913044,-0.6030434782608696,8
556,-0.07608695652173914,0.08084501731211761,-0.19695652173913045,-0.052173913043478265,0.03434782608695653,8
557,-0.8717391304347826,0.03784107649028087,-0.9304347826086956,-0.8608695652173913,-0.8260869565217391,8
558,-0.43043478260869567,0.07365684498303227,-0.5304347826086957,-0.4434782608695652,-0.3391304347826087,8
559,-0.5195652173913043,0.08107850521291964,-0.628695652173913,-0.5391304347826087,-0.3973913043478261,8
560,-0.6086956521739131,0.05070392952039395,-0.6839130434782609,-0.5913043478260869,-0.5478260869565217,8
561,-0.14347826086956522,0.07765465695431197,-0.21739130434782608,-0.16521739130434782,-0.02608695652173913,8
562,-0.3978260869565217,0.0747712327039993,-0.4608695652173913,-0.4260869565217391,-0.24999999999999997,8
563,-0.40652173913043477,0.05529607539989959,-0.5039130434782609,-0.4,-0.3421739130434782,8
564,-0.15,0.04952515543432398,-0.21739130434782608,-0.14782608695652172,-0.09565217391304348,8
565,-0.16086956521739132,0.08052286598892233,-0.2921739130434783,-0.14782608695652172,-0.038260869565217376,8
566,-0.28695652173913044,0.047628048478710105,-0.3791304347826087,-0.26956521739130435,-0.22652173913043477,8
567,-0.2934782608695652,0.08292274401200284,-0.43130434782608695,-0.2956521739130435,-0.17130434782608694,8
568,-0.4217391304347826,0.07667474821107999,-0.5447826086956521,-0.391304347826087,-0.3391304347826087,8
569,-0.5804347826086956,0.05989120571285179,-0.6778260869565218,-0.5565217391304347,-0.5130434782608696,8
570,-0.46956521739130436,0.07064381221422572,-0.5765217391304347,-0.46956521739130436,-0.3769565217391304,8
571,-0.3456521739130435,0.055636886487259694,-0.4373913043478261,-0.33043478260869563,-0.2726086956521739,8
572,-0.358695652173913,0.043857045656156564,-0.44565217391304346,-0.34782608695652173,-0.3217391304347826,8
573,-0.3804347826086957,0.07114377466066771,-0.4782608695652174,-0.3652173913043478,-0.30434782608695654,8
574,-0.6217391304347827,0.07467636537964205,-0.7217391304347827,-0.6260869565217391,-0.5304347826086957,8
575,-0.12173913043478261,0.12080386077782439,-0.26652173913043475,-0.1391304347826087,0.02608695652173913,8
576,-0.23695652173913043,0.06760135567594006,-0.31869565217391305,-0.2434782608695652,-0.12217391304347824,8
577,-0.2934782608695652,0.09241048394274906,-0.3882608695652174,-0.30434782608695654,-0.10869565217391301,8
578,0.11739130434782609,0.064341950378038,0.006521739130434787,0.11304347826086956,0.21130434782608695,8
579,-0.10434782608695653,0.05635426694267705,-0.19695652173913045,-0.09565217391304348,-0.032173913043478254,8
580,-0.7282608695652174,0.049905392535865185,-0.8139130434782609,-0.7304347826086957,-0.6552173913043479,8
581,-0.40652173913043477,0.04209764506747193,-0.4721739130434783,-0.408695652173913,-0.3452173913043478,8
582,-0.49782608695652175,0.05176469956430721,-0.5591304347826087,-0.5130434782608696,-0.40043478260869564,8
583,-0.5521739130434782,0.05412999825212491,-0.6143478260869565,-0.5652173913043478,-0.46391304347826084,8
584,-0.4152173913043478,0.05355949997719531,-0.4926086956521739,-0.4,-0.3421739130434782,8
585,-0.6804347826086956,0.05763945036331675,-0.7678260869565217,-0.6695652173913044,-0.5917391304347825,8
586,-0.75,0.05212860351426867,-0.808695652173913,-0.7652173913043478,-0.672608695652174,8
587,-0.18043478260869564,0.06590220170097442,-0.26652173913043475,-0.19130434782608696,-0.08130434782608696,8
588,-0.008695652173913042,0.08782178207271372,-0.15608695652173912,0.02608695652173913,0.08956521739130435,8
589,-0.47826086956521735,0.11033545687347407,-0.6,-0.49565217391304345,-0.2991304347826087,8
590,-0.5826086956521739,0.09990543733109615,-0.7473913043478261,-0.5652173913043478,-0.43,8
591,0.18043478260869564,0.06296847112156626,0.08434782608695653,0.2,0.2665217391304348,8
592,-0.2630434782608696,0.08779487176655944,-0.3965217391304348,-0.2608695652173913,-0.11391304347826085,8
593,-0.5,0.06375164477658773,-0.5795652173913043,-0.5043478260869565,-0.38913043478260867,8
594,-0.4956521739130435,0.0717061847933506,-0.6113043478260869,-0.4956521739130435,-0.3943478260869565,8
595,-0.3456521739130435,0.04072824781564173,-0.40260869565217394,-0.34782608695652173,-0.2756521739130435,8
596,-0.13695652173913042,0.050657305207526274,-0.21739130434782608,-0.1217391304347826,-0.08130434782608696,8
597,-0.6152173913043478,0.03525494508744971,-0.6665217391304348,-0.6173913043478261,-0.5539130434782608,8
598,0.05434782608695653,0.024498755803444884,0.014782608695652174,0.052173913043478265,0.09260869565217392,8
599,-0.3695652173913044,0.05342698142367178,-0.40869565217391307,-0.391304347826087,-0.25608695652173913,8
600,-0.1108695652173913,0.05989120571285179,-0.19391304347826088,-0.11304347826086956,-0.006521739130434769,8
601,-0.4804347826086956,0.07087756689957002,-0.5969565217391304,-0.4608695652173913,-0.3973913043478261,8
602,-0.18043478260869567,0.058615081577012014,-0.23173913043478261,-0.20869565217391306,-0.06173913043478259,8
603,-0.006521739130434782,0.06871078534469177,-0.11304347826086956,0.02608695652173913,0.06086956521739131,8
604,-0.23695652173913043,0.07193648742510564,-0.34739130434782606,-0.23478260869565215,-0.13652173913043478,8
605,-0.04565217391304348,0.08037600672754848,-0.18782608695652175,-0.02608695652173913,0.043478260869565216,8
606,-0.5130434782608696,0.04433930011819811,-0.5652173913043478,-0.5130434782608696,-0.4352173913043478,8
607,-0.38913043478260867,0.06760135567594007,-0.4608695652173913,-0.4,-0.29304347826086957,8
608,-0.2043478260869565,0.08145649563128346,-0.28695652173913044,-0.2173913043478261,-0.055652173913043466,8
609,-0.03260869565217392,0.06326796613415325,-0.11304347826086956,-0.02608695652173913,0.043478260869565216,8
610,0.041304347826086954,0.04797407932763894,-0.008695652173913044,0.034782608695652174,0.13260869565217392,8
611,0.017391304347826087,0.05070392952039392,-0.04043478260869565,0.02608695652173913,0.11217391304347828,8
612,-0.558695652173913,0.04757841006138975,-0.6173913043478261,-0.5565217391304347,-0.47304347826086957,8
613,-0.5456521739130434,0.06474466352971926,-0.64,-0.5565217391304347,-0.4352173913043478,8
614,-0.36086956521739133,0.06375164477658773,-0.4547826086956522,-0.3739130434782609,-0.28695652173913044,8
615,-0.5891304347826087,0.06732114159653055,-0.6952173913043479,-0.5913043478260869,-0.4760869565217391,8
616,-0.5152173913043478,0.07942967785410918,-0.6460869565217391,-0.5043478260869565,-0.4147826086956522,8
617,-0.017391304347826087,0.040786223998464606,-0.07217391304347827,-0.02608695652173913,0.054782608695652185,8
618,-0.13478260869565217,0.07568215298056179,-0.21434782608695652,-0.17391304347826086,-0.003478260869565205,8
619,-0.021739130434782608,0.09712307784212469,-0.1591304347826087,0.0,0.10695652173913044,8
620,-0.3717391304347826,0.039311176782663326,-0.4230434782608696,-0.3739130434782609,-0.3217391304347826,8
621,-0.4065217391304348,0.04209764506747193,-0.4865217391304348,-0.4,-0.3595652173913043,8
622,-0.18043478260869567,0.08971178383462325,-0.34652173913043477,-0.17391304347826086,-0.06391304347826086,8
623,-0.13695652173913042,0.062061314885305204,-0.23173913043478261,-0.11304347826086956,-0.06391304347826086,8
624,-0.658695652173913,0.058936703094460696,-0.7186956521739131,-0.6782608695652175,-0.5456521739130435,8
625,-0.3869565217391304,0.04497426275125478,-0.4547826086956522,-0.391304347826087,-0.3134782608695652,8
626,-0.8434782608695652,0.03689252771408073,-0.9069565217391304,-0.8347826086956522,-0.7943478260869565,8
627,-0.667391304347826,0.0692588361829304,-0.7739130434782608,-0.6608695652173913,-0.5826086956521739,8
628,-0.7913043478260869,0.05360360002581718,-0.8721739130434782,-0.7913043478260869,-0.7217391304347827,8
629,0.02608695652173913,0.11033545687347408,-0.15304347826086956,0.0782608695652174,0.1591304347826087,8
630,-0.28260869565217395,0.06550660510138853,-0.3708695652173913,-0.26956521739130435,-0.1917391304347826,8
631,0.09782608695652173,0.07140899002459497,-0.016956521739130433,0.10434782608695653,0.19695652173913045,8
632,-0.08478260869565217,0.10858690211949719,-0.21434782608695652,-0.08695652173913043,0.1030434782608696,8
633,-0.034782608695652174,0.04601306627938418,-0.0782608695652174,-0.052173913043478265,0.04043478260869565,8
634,-0.3913043478260869,0.04762804847871009,-0.4691304347826087,-0.391304347826087,-0.3134782608695652,8
635,-0.6782608695652175,0.04259982161362049,-0.7473913043478261,-0.6869565217391305,-0.6173913043478261,8
636,-0.8152173913043479,0.0589367030944607,-0.9039130434782608,-0.817391304347826,-0.7421739130434782,8
637,-0.15869565217391304,0.051398219206682125,-0.24608695652173912,-0.14782608695652175,-0.09869565217391305,8
638,-0.6521739130434783,0.06448868249648407,-0.7186956521739131,-0.6869565217391305,-0.5539130434782608,8
639,0.008695652173913042,0.12541047914657352,-0.21043478260869566,0.017391304347826087,0.16217391304347825,8
640,-0.02391304347826087,0.052489984641954944,-0.12130434782608696,0.0,0.02608695652173913,8
641,-0.2782608695652174,0.06735623210795508,-0.38521739130434784,-0.26956521739130435,-0.18565217391304348,8
642,0.052173913043478265,0.06565073421974565,-0.05478260869565217,0.06086956521739131,0.15304347826086956,8
643,-0.5956521739130435,0.09026321518272473,-0.7443478260869565,-0.5652173913043478,-0.49869565217391304,8
644,-0.15434782608695652,0.07725806801702984,-0.2634782608695652,-0.16521739130434782,-0.023913043478260853,8
645,-0.608695652173913,0.06148754619013455,-0.7239130434782608,-0.5913043478260869,-0.5252173913043479,8
646,-0.17391304347826086,0.05768043113661565,-0.26652173913043475,-0.15652173913043477,-0.10173913043478261,8
647,-0.46739130434782605,0.07323861099096964,-0.5560869565217391,-0.5043478260869565,-0.3565217391304348,8
648,-0.30434782608695654,0.07580693814853345,-0.43434782608695655,-0.2956521739130435,-0.20608695652173914,8
649,-0.2934782608695652,0.07375302371168424,-0.39956521739130435,-0.29565217391304344,-0.1743478260869565,8
650,0.03913043478260869,0.0613336346941995,-0.05173913043478261,0.034782608695652174,0.12739130434782608,8
651,0.04782608695652174,0.06997163886709167,-0.05782608695652174,0.052173913043478265,0.15304347826086956,8
652,-0.22608695652173913,0.08016995180254684,-0.36695652173913046,-0.22608695652173913,-0.09956521739130433,8
653,-0.06739130434782609,0.04513160759136238,-0.14173913043478262,-0.06086956521739131,-0.011739130434782606,8
654,-0.09782608695652173,0.08223600138859886,-0.17956521739130435,-0.11304347826086956,0.06826086956521742,8
655,-0.08043478260869566,0.07193648742510564,-0.2165217391304348,-0.06956521739130435,0.016956521739130443,8
656,-0.6869565217391305,0.047628048478710085,-0.7678260869565217,-0.6869565217391305,-0.6204347826086957,8
657,-0.25,0.06980258416522749,-0.3217391304347826,-0.2782608695652174,-0.13652173913043478,8
658,-0.21521739130434783,0.05320538369791486,-0.28695652173913044,-0.19130434782608696,-0.1508695652173913,8
659,-0.4326086956521739,0.036828422491516126,-0.4895652173913044,-0.4434782608695652,-0.3769565217391304,8
660,-0.32173913043478264,0.08825123100080191,-0.46608695652173915,-0.29565217391304344,-0.19782608695652174,8
661,0.08478260869565217,0.033607880073348494,0.043478260869565216,0.08695652173913043,0.14173913043478262,8
662,-0.015217391304347827,0.03471460744058981,-0.07217391304347827,-0.017391304347826084,0.037391304347826095,8
663,-0.25,0.0836038457523018,-0.3904347826086957,-0.2608695652173913,-0.13652173913043478,8
664,0.041304347826086954,0.025258587040483154,-0.0026086956521739124,0.043478260869565216,0.07521739130434783,8
665,-0.5,0.05342698142367176,-0.5621739130434782,-0.5217391304347827,-0.4117391304347826,8
666,0.08260869565217391,0.08237954487607138,-0.03739130434782609,0.08695652173913043,0.21130434782608695,8
667,0.1565217391304348,0.06448868249648403,0.049565217391304345,0.17391304347826086,0.23173913043478261,8
668,-0.16304347826086957,0.09423355131170975,-0.2778260869565217,-0.1826086956521739,0.01608695652173916,8
669,0.06739130434782609,0.05697974966122242,-0.023043478260869565,0.0782608695652174,0.13043478260869565,8
670,-0.043478260869565216,0.04919003695210765,-0.11,-0.043478260869565216,0.03434782608695653,8
671,0.16304347826086957,0.0641580633190161,0.07,0.15652173913043477,0.25217391304347825,8
672,-0.02391304347826087,0.0867116116312136,-0.15,-0.034782608695652174,0.12956521739130436,8
673,-0.006521739130434787,0.0670397562830838,-0.10695652173913044,0.008695652173913042,0.08652173913043479,8
674,0.019565217391304346,0.12295587602068932,-0.22478260869565217,0.052173913043478265,0.14173913043478262,8
675,-0.16086956521739132,0.07765465695431197,-0.2808695652173913,-0.15652173913043477,-0.0526086956521739,8
676,-0.31304347826086953,0.06679257172059659,-0.4426086956521739,-0.29565217391304344,-0.2408695652173913,8
677,-0.12608695652173912,0.09314906645925455,-0.23173913043478261,-0.14782608695652175,0.016956521739130443,8
678,-0.02826086956521739,0.07451798478696788,-0.10695652173913044,-0.052173913043478265,0.12347826086956525,8
679,0.1391304347826087,0.08385783270428657,0.006521739130434787,0.1391304347826087,0.27173913043478265,8
680,-0.006521739130434783,0.08843845916003475,-0.11,-0.017391304347826084,0.14695652173913046,8
681,-0.4,0.05499613322031964,-0.4752173913043478,-0.391304347826087,-0.3134782608695652,8
682,-0.10434782608695653,0.09120076940610014,-0.21434782608695652,-0.11304347826086956,0.05173913043478262,8
683,0.09565217391304348,0.08157244799692921,-0.0056521739130434775,0.10434782608695653,0.24521739130434786,8
684,-0.06739130434782609,0.06326796613415325,-0.14478260869565218,-0.06956521739130435,0.03434782608695653,8
685,0.3456521739130435,0.08061085312060504,0.2008695652173913,0.3826086956521739,0.4373913043478261,8
686,0.31739130434782614,0.05751633284923024,0.23782608695652174,0.31304347826086953,0.40565217391304353,8
687,-0.03913043478260869,0.05945562752685801,-0.14695652173913043,-0.034782608695652174,0.037391304347826095,8
688,0.06086956521739131,0.03689252771408074,-0.0026086956521739124,0.06956521739130435,0.11,8
689,0.06739130434782609,0.10858690211949719,-0.09782608695652174,0.043478260869565216,0.22869565217391305,8
690,-0.27608695652173915,0.05697974966122242,-0.3617391304347826,-0.28695652173913044,-0.18565217391304348,8
691,-0.034782608695652174,0.0608695652173913,-0.12739130434782608,-0.026086956521739132,0.05173913043478262,8
692,-0.08478260869565218,0.1032322614833371,-0.17652173913043478,-0.1217391304347826,0.13173913043478264,8
693,-0.10434782608695653,0.07580693814853345,-0.22565217391304349,-0.09565217391304348,-0.0004347826086956424,8
694,-0.14347826086956522,0.08283721253590282,-0.24913043478260868,-0.13043478260869565,-0.04652173913043478,8
695,-0.12391304347826088,0.06020601053967926,-0.23391304347826086,-0.1217391304347826,-0.03521739130434782,8
696,-0.1826086956521739,0.05635426694267705,-0.2891304347826087,-0.15652173913043477,-0.13043478260869565,8
697,0.17826086956521742,0.07157425057893187,0.09565217391304348,0.16521739130434782,0.2921739130434783,8
698,-0.12608695652173912,0.06833145063261613,-0.2543478260869565,-0.10434782608695653,-0.04652173913043478,8
699,0.41956521739130437,0.06953124170312816,0.2960869565217391,0.43478260869565216,0.5069565217391305,8
700,0.1108695652173913,0.03304061772515362,0.06391304347826088,0.11304347826086956,0.14782608695652175,8
701,-0.06956521739130435,0.052893587219984516,-0.14478260869565218,-0.06956521739130435,0.016956521739130443,8
702,0.11304347826086958,0.038888138739126776,0.052608695652173916,0.10434782608695653,0.17652173913043478,8
703,-0.6586956521739131,0.045961683721447794,-0.7186956521739131,-0.6608695652173913,-0.577391304347826,8
704,-0.008695652173913049,0.07777627747825357,-0.13260869565217392,-0.008695652173913044,0.09565217391304348,8
705,-0.34347826086956523,0.0474291831071118,-0.43130434782608695,-0.3391304347826087,-0.29,8
706,0.11304347826086956,0.07223151185146151,0.029130434782608693,0.09565217391304348,0.25130434782608696,8
707,0.008695652173913042,0.034782608695652174,-0.05478260869565217,0.008695652173913044,0.043478260869565216,8
708,-0.28043478260869564,0.09158858449104737,-0.4252173913043478,-0.28695652173913044,-0.12826086956521737,8
709,0.15217391304347827,0.10316356971917107,0.043478260869565216,0.1391304347826087,0.2839130434782609,8
710,-0.6565217391304348,0.059455627526858026,-0.7617391304347826,-0.6521739130434783,-0.5743478260869564,8
711,-0.1108695652173913,0.06815832785474296,-0.24,-0.08695652173913043,-0.032173913043478254,8
712,-0.09782608695652173,0.0670397562830838,-0.2082608695652174,-0.09565217391304348,-0.011739130434782606,8
713,-0.4173913043478261,0.05144417202695319,-0.4895652173913044,-0.4260869565217391,-0.3391304347826087,8
714,-0.30869565217391304,0.06375164477658775,-0.4252173913043478,-0.31304347826086953,-0.2234782608695652,8
715,-0.5239130434782608,0.054953150694628417,-0.6052173913043478,-0.5391304347826087,-0.43217391304347824,8
716,-0.16521739130434782,0.030122622740328304,-0.2,-0.16521739130434782,-0.13043478260869565,8
717,-0.3695652173913044,0.0649268892307308,-0.45173913043478264,-0.391304347826087,-0.24999999999999997,8
718,-0.2934782608695652,0.08907739673281688,-0.471304347826087,-0.26956521739130435,-0.1917391304347826,8
719,0.04565217391304348,0.03631150671410884,-0.016956521739130433,0.043478260869565216,0.10391304347826089,8
720,0.0608695652173913,0.08867860023639626,-0.03739130434782609,0.034782608695652174,0.2339130434782609,8
721,-0.058695652173913045,0.05391129029407498,-0.14173913043478262,-0.052173913043478265,0.020000000000000004,8
722,-0.43043478260869567,0.09274230003348495,-0.5991304347826087,-0.408695652173913,-0.3134782608695652,8
723,-0.14565217391304347,0.07652050394260018,-0.21130434782608695,-0.17391304347826086,0.01608695652173916,8
724,-0.05,0.12387489878181196,-0.24,-0.03478260869565217,0.10391304347826089,8
725,0.19999999999999998,0.04170288281141495,0.1508695652173913,0.19130434782608696,0.2634782608695652,8
726,-0.3847826086956522,0.06386274270247123,-0.4578260869565217,-0.3913043478260869,-0.3073913043478261,8
727,-0.09347826086956522,0.049525155434323995,-0.17347826086956522,-0.09565217391304348,-0.02608695652173913,8
728,-0.006521739130434782,0.05925657900190874,-0.10086956521739131,-0.008695652173913044,0.08956521739130435,8
729,-0.31739130434782614,0.06315582194058239,-0.43434782608695655,-0.30434782608695654,-0.2408695652173913,8
730,-0.7304347826086957,0.07010658911563955,-0.808695652173913,-0.7478260869565216,-0.6234782608695651,8
731,-0.29782608695652174,0.0336078800733485,-0.3617391304347826,-0.2956521739130435,-0.2552173913043478,8
732,-0.22608695652173913,0.10325514858293841,-0.3791304347826087,-0.22608695652173913,-0.08130434782608696,8
733,-0.6847826086956521,0.04118977243803569,-0.7473913043478261,-0.6869565217391305,-0.6121739130434782,8
734,-0.17173913043478262,0.07219879089311138,-0.26652173913043475,-0.17391304347826086,-0.044347826086956504,8
735,-0.3565217391304348,0.09838007390421531,-0.5008695652173913,-0.3565217391304348,-0.18652173913043477,8
736,-0.1760869565217391,0.051398219206682125,-0.23478260869565218,-0.1826086956521739,-0.11304347826086956,8
737,0.041304347826086954,0.04875578585218653,-0.04869565217391304,0.052173913043478265,0.10695652173913044,8
738,-0.6782608695652174,0.04601306627938419,-0.7504347826086957,-0.6869565217391305,-0.606086956521739,8
739,-0.1760869565217391,0.08472684899958728,-0.2808695652173913,-0.20869565217391306,-0.06391304347826086,8
740,-0.08695652173913043,0.07010658911563956,-0.18782608695652175,-0.09565217391304348,0.04260869565217393,8
741,-0.07173913043478261,0.06144910445696769,-0.16217391304347825,-0.0782608695652174,0.005652173913043481,8
742,-0.13260869565217392,0.0692588361829304,-0.21739130434782608,-0.14782608695652172,-0.01782608695652173,8
743,-0.04782608695652175,0.10131461041505256,-0.19086956521739132,-0.05217391304347826,0.10391304347826089,8
744,-0.049999999999999996,0.06083073295492705,-0.12739130434782608,-0.043478260869565216,0.04043478260869565,8
745,-0.4782608695652174,0.07064381221422573,-0.5621739130434782,-0.48695652173913045,-0.3543478260869565,8
746,-0.7760869565217391,0.06590220170097444,-0.8895652173913043,-0.7565217391304347,-0.6930434782608695,8
747,-0.3891304347826087,0.06051917785684807,-0.5091304347826088,-0.3739130434782609,-0.3134782608695652,8
748,-0.46956521739130436,0.05217391304347825,-0.5530434782608695,-0.4782608695652174,-0.3943478260869565,8
749,-0.6869565217391305,0.07969696860792767,-0.8334782608695652,-0.6869565217391305,-0.5743478260869564,8
750,-0.3652173913043478,0.06622411396403399,-0.45173913043478264,-0.3826086956521739,-0.24695652173913044,8
751,0.17391304347826086,0.057680431136615654,0.08739130434782609,0.17391304347826086,0.2747826086956522,8
752,-0.3326086956521739,0.03578712528946594,-0.3882608695652174,-0.33043478260869563,-0.2756521739130435,8
753,-0.19782608695652174,0.08037600672754848,-0.2808695652173913,-0.23478260869565215,-0.04739130434782607,8
754,-0.3173913043478261,0.0994312750089502,-0.4434782608695652,-0.29565217391304344,-0.17739130434782607,8
755,-0.41956521739130437,0.05631232107386356,-0.4895652173913044,-0.4260869565217391,-0.3165217391304348,8
756,-0.49347826086956526,0.051764699564307196,-0.5621739130434782,-0.4956521739130435,-0.4117391304347826,8
757,-0.6413043478260869,0.07219879089311139,-0.7760869565217391,-0.6347826086956522,-0.5652173913043478,8
758,-0.3282608695652174,0.07919132869603036,-0.44565217391304346,-0.3391304347826087,-0.19478260869565217,8
759,-0.33043478260869563,0.09565217391304348,-0.4578260869565217,-0.3391304347826087,-0.1743478260869565,8
760,-0.5152173913043478,0.08131132264897843,-0.6143478260869565,-0.5304347826086957,-0.3943478260869565,8
761,0.14130434782608695,0.08605511049082384,0.049565217391304345,0.11304347826086956,0.3065217391304348,8
762,-0.44130434782608696,0.08405484751817915,-0.5878260869565217,-0.4260869565217391,-0.3391304347826087,8
763,-0.5347826086956522,0.07262301342821767,-0.6460869565217391,-0.5391304347826087,-0.44652173913043475,8
764,-0.5652173913043479,0.06956521739130435,-0.6695652173913044,-0.5565217391304348,-0.48130434782608694,8
765,-0.5413043478260869,0.056312321073863546,-0.6,-0.5478260869565217,-0.46391304347826084,8
766,-0.4326086956521739,0.06675718492514822,-0.5243478260869565,-0.4434782608695652,-0.3278260869565217,8
767,0.07173913043478261,0.058291685555617055,-0.016956521739130433,0.06956521739130435,0.17043478260869566,8
768,-0.3021739130434783,0.0670397562830838,-0.41391304347826086,-0.2956521739130435,-0.19478260869565217,8
769,-0.29782608695652174,0.06503597957239823,-0.39956521739130435,-0.28695652173913044,-0.22043478260869565,8
770,-0.6717391304347826,0.0617559683101817,-0.7678260869565217,-0.6608695652173913,-0.577391304347826,8
771,-0.6326086956521739,0.0647446635297193,-0.7217391304347827,-0.6173913043478261,-0.5652173913043478,8
772,-0.37391304347826093,0.06389973242043073,-0.48347826086956525,-0.3652173913043478,-0.29,8
773,0.24130434782608695,0.09758424211940626,0.11608695652173913,0.25217391304347825,0.3934782608695653,8
774,-0.3,0.056186295579652545,-0.38217391304347825,-0.31304347826086953,-0.22043478260869565,8
775,0.034782608695652174,0.06901959941907627,-0.05173913043478261,0.008695652173913044,0.15608695652173912,8
776,-0.4608695652173913,0.08695652173913043,-0.5939130434782608,-0.4608695652173913,-0.3391304347826087,8
777,-0.30869565217391304,0.05199243801348434,-0.39956521739130435,-0.30434782608695654,-0.2408695652173913,8
778,-0.33043478260869563,0.08695652173913043,-0.4547826086956522,-0.32173913043478264,-0.20608695652173914,8
779,-0.48695652173913045,0.04433930011819812,-0.5447826086956521,-0.4956521739130435,-0.4147826086956522,8
780,-0.5826086956521739,0.06507230237867724,-0.6778260869565218,-0.5826086956521739,-0.49869565217391304,8
781,-0.7826086956521738,0.08430747578115357,-0.8608695652173913,-0.7913043478260869,-0.6130434782608695,8
782,-0.45434782608695656,0.08427944336947882,-0.6134782608695653,-0.4260869565217391,-0.3739130434782609,8
783,-0.358695652173913,0.10082364022004549,-0.5039130434782609,-0.3565217391304348,-0.2234782608695652,8
784,-0.2565217391304348,0.08005196799792161,-0.3904347826086957,-0.25217391304347825,-0.12826086956521737,8
785,-0.5021739130434782,0.08246555103648112,-0.6173913043478261,-0.4956521739130435,-0.37173913043478257,8
786,-0.2434782608695652,0.07327086759283791,-0.34739130434782606,-0.25217391304347825,-0.13043478260869565,8
787,-0.31521739130434784,0.06503597957239822,-0.39956521739130435,-0.3391304347826087,-0.20608695652173914,8
788,-0.23043478260869565,0.0881440649248404,-0.3534782608695652,-0.2173913043478261,-0.11608695652173913,8
789,-0.5413043478260869,0.04428597562492033,-0.5969565217391304,-0.5478260869565217,-0.48130434782608694,8
790,-0.5521739130434783,0.05342698142367177,-0.6573913043478261,-0.5391304347826087,-0.49869565217391304,8
791,-0.47608695652173916,0.04209764506747194,-0.5304347826086957,-0.46956521739130436,-0.4147826086956522,8
792,-0.4673913043478261,0.06083073295492705,-0.5734782608695652,-0.45217391304347826,-0.3943478260869565,8
793,-0.37173913043478257,0.0853935623539233,-0.5152173913043478,-0.3565217391304348,-0.24391304347826087,8
794,1.734723475976807e-18,0.09914568913905548,-0.17043478260869566,0.02608695652173913,0.1356521739130435,8
795,-0.5543478260869565,0.03578712528946591,-0.6,-0.5478260869565217,-0.49869565217391304,8
796,-0.8065217391304348,0.05320538369791487,-0.8752173913043478,-0.808695652173913,-0.7134782608695652,8
797,-0.4217391304347826,0.08814406492484039,-0.5447826086956521,-0.4260869565217391,-0.29,8
798,-0.5152173913043478,0.058615081577011986,-0.5939130434782608,-0.5304347826086957,-0.41782608695652174,8
799,-0.2717391304347826,0.047974079327638926,-0.3217391304347826,-0.2782608695652174,-0.20304347826086958,8
800,0.06086956521739131,0.058332208108690164,-0.056956521739130433,0.06956521739130435,0.12434782608695652,8
801,-0.09782608695652173,0.05320538369791486,-0.16217391304347825,-0.1217391304347826,-0.02608695652173913,8
802,-0.46739130434782605,0.06843511408129213,-0.5621739130434782,-0.4782608695652174,-0.3595652173913043,8
803,-0.5652173913043479,0.04433930011819811,-0.6173913043478261,-0.5739130434782609,-0.49869565217391304,8
804,-0.6173913043478261,0.05702120455914784,-0.6808695652173913,-0.6347826086956522,-0.5078260869565218,8
805,-0.4978260869565217,0.0611407004801097,-0.5939130434782608,-0.4782608695652174,-0.4260869565217391,8
806,-0.07391304347826087,0.07862235356532662,-0.1826086956521739,-0.06956521739130435,0.05173913043478262,8
807,-0.08043478260869566,0.09423355131170975,-0.24,-0.06956521739130435,0.04043478260869565,8
808,0.04782608695652174,0.1152789007266335,-0.16434782608695653,0.06956521739130435,0.17956521739130435,8
809,-0.45,0.05763945036331676,-0.5130434782608696,-0.4608695652173913,-0.34826086956521735,8
810,-0.5782608695652173,0.05550932754262484,-0.6973913043478261,-0.5565217391304347,-0.5478260869565217,8
811,-0.4260869565217391,0.08519964322724097,-0.5447826086956521,-0.4260869565217391,-0.28478260869565214,8
812,-0.3456521739130435,0.09034171632687021,-0.48347826086956525,-0.34782608695652173,-0.20608695652173914,8
813,-0.408695652173913,0.08782178207271374,-0.51,-0.4260869565217391,-0.238695652173913,8
814,0.09347826086956523,0.11116754500474431,-0.10304347826086957,0.11304347826086956,0.26260869565217393,8
815,-0.4521739130434783,0.07530655685082076,-0.5447826086956521,-0.46956521739130436,-0.3421739130434782,8
816,-0.6521739130434783,0.0476280484787101,-0.7330434782608696,-0.6434782608695653,-0.588695652173913,8
817,-0.4521739130434783,0.05430433042085565,-0.51,-0.46956521739130436,-0.35130434782608694,8
818,-0.49347826086956526,0.05391129029407496,-0.5478260869565217,-0.5043478260869565,-0.38913043478260867,8
819,-0.1108695652173913,0.07602481934802484,-0.22869565217391305,-0.1217391304347826,-0.011739130434782606,8
820,-0.6630434782608696,0.0528488947006227,-0.736086956521739,-0.6608695652173913,-0.5856521739130435,8
821,-0.06739130434782609,0.08154347536309153,-0.2165217391304348,-0.043478260869565216,0.023043478260869568,8
822,0.1934782608695652,0.08779487176655945,0.09869565217391305,0.16521739130434782,0.3556521739130435,8
823,-0.29782608695652174,0.10063597390524093,-0.4434782608695652,-0.28695652173913044,-0.15695652173913044,8
824,-0.5760869565217391,0.06386274270247123,-0.6695652173913044,-0.5652173913043478,-0.4760869565217391,8
825,-0.48043478260869565,0.0826944634852619,-0.5908695652173913,-0.5043478260869565,-0.33391304347826084,8
826,-0.2630434782608696,0.043423879033561257,-0.33304347826086955,-0.2608695652173913,-0.20304347826086958,8
827,-0.5065217391304347,0.0620613148853052,-0.5826086956521739,-0.5043478260869565,-0.39217391304347826,8
828,-0.40217391304347827,0.06788041302606955,-0.4782608695652174,-0.408695652173913,-0.2960869565217391,8
829,-0.4913043478260869,0.036635433796418926,-0.5478260869565217,-0.48695652173913045,-0.44652173913043475,8
830,-0.21521739130434783,0.13228756555322954,-0.39956521739130435,-0.1826086956521739,-0.0526086956521739,8
831,-0.7304347826086957,0.06791521457310133,-0.8343478260869566,-0.7304347826086957,-0.6265217391304347,8
832,-0.47608695652173916,0.08131132264897845,-0.5447826086956521,-0.4956521739130435,-0.3060869565217391,8
833,-0.6065217391304347,0.06326796613415325,-0.701304347826087,-0.5913043478260869,-0.5304347826086957,8
834,0.2717391304347826,0.09013222800707774,0.13956521739130434,0.26956521739130435,0.41391304347826086,8
835,-0.5695652173913043,0.02085144140570749,-0.6113043478260869,-0.5652173913043478,-0.5478260869565217,8
836,-0.14565217391304347,0.04797407932763893,-0.22565217391304349,-0.14782608695652172,-0.08130434782608696,8
837,-0.6630434782608696,0.033607880073348514,-0.7156521739130435,-0.6695652173913044,-0.606086956521739,8
838,0.10434782608695652,0.08994852550250956,-0.04565217391304348,0.10434782608695653,0.21434782608695652,8
839,-0.4217391304347826,0.0568552036114001,-0.521304347826087,-0.391304347826087,-0.3595652173913043,8
840,-0.3652173913043478,0.04078622399846461,-0.43434782608695655,-0.3652173913043478,-0.3217391304347826,8
841,-0.14565217391304347,0.05391129029407497,-0.21434782608695652,-0.1391304347826087,-0.06391304347826086,8
842,-0.7739130434782608,0.046013066279384195,-0.8517391304347827,-0.7565217391304347,-0.7104347826086956,8
843,-0.37826086956521743,0.039610580778888266,-0.4373913043478261,-0.3826086956521739,-0.3247826086956521,8
844,-0.6065217391304347,0.06898535501140189,-0.6839130434782609,-0.6260869565217391,-0.4791304347826087,8
845,-0.8043478260869565,0.0613336346941995,-0.9265217391304348,-0.7826086956521738,-0.7421739130434782,8
846,-0.5,0.08684775806712251,-0.6173913043478261,-0.5130434782608696,-0.3769565217391304,8
847,-0.9065217391304348,0.03246344461536537,-0.9591304347826086,-0.9043478260869565,-0.8526086956521739,8
848,-0.43478260869565216,0.05567934119506826,-0.51,-0.43478260869565216,-0.3565217391304348,8
849,-0.5956521739130435,0.044125615500400964,-0.6521739130434783,-0.5913043478260869,-0.5334782608695653,8
850,-0.5934782608695652,0.09523128745134568,-0.758695652173913,-0.5826086956521739,-0.48130434782608694,8
851,-0.23478260869565218,0.07378505542816148,-0.34739130434782606,-0.23478260869565218,-0.1334782608695652,8
852,-0.8521739130434782,0.03367811605397756,-0.8926086956521739,-0.8608695652173913,-0.7943478260869565,8
853,-0.7304347826086957,0.06330530338504799,-0.8456521739130435,-0.7304347826086957,-0.6439130434782608,8
854,-0.4608695652173913,0.09120076940610015,-0.6247826086956522,-0.46956521739130436,-0.33086956521739125,8
855,-0.8326086956521739,0.0459616837214478,-0.8926086956521739,-0.8434782608695652,-0.7482608695652173,8
856,-0.6021739130434782,0.05731054924549594,-0.7065217391304348,-0.6,-0.5304347826086957,8
857,-0.7369565217391305,0.03733818268982099,-0.7995652173913044,-0.7391304347826086,-0.6900000000000001,8
858,-0.558695652173913,0.08061085312060504,-0.6604347826086957,-0.5913043478260869,-0.44652173913043475,8
859,-0.3391304347826087,0.05499613322031965,-0.40869565217391307,-0.34782608695652173,-0.2582608695652174,8
860,-0.23478260869565215,0.07630403815123583,-0.35043478260869565,-0.25217391304347825,-0.1334782608695652,8
861,-0.7760869565217391,0.044710790872180724,-0.8486956521739131,-0.7739130434782608,-0.6991304347826087,8
862,-0.27608695652173915,0.09797090729777175,-0.46521739130434786,-0.26956521739130435,-0.16521739130434782,8
863,-0.7565217391304347,0.049952718665548075,-0.8230434782608695,-0.7391304347826086,-0.678695652173913,8
864,-0.6434782608695653,0.08016995180254687,-0.736086956521739,-0.6608695652173913,-0.5191304347826087,8
865,-0.9630434782608696,0.023714591553555913,-1.0,-0.9565217391304348,-0.9334782608695652,8
866,-0.8978260869565218,0.020276910984975652,-0.927391304347826,-0.8956521739130435,-0.8639130434782609,8
867,-0.4782608695652174,0.07170618479335061,-0.5847826086956521,-0.4956521739130435,-0.35130434782608694,8
868,-0.8108695652173914,0.039311176782663305,-0.8578260869565217,-0.817391304347826,-0.7339130434782609,8
869,-0.1282608695652174,0.04385704565615655,-0.17956521739130435,-0.1391304347826087,-0.06086956521739131,8
870,-0.5239130434782608,0.06732114159653052,-0.628695652173913,-0.5217391304347827,-0.42086956521739133,8
871,-0.2543478260869565,0.09621867815795969,-0.44478260869565217,-0.23478260869565218,-0.15391304347826087,8
872,-0.37826086956521743,0.04899751160688976,-0.4547826086956522,-0.3739130434782609,-0.3073913043478261,8
873,-0.808695652173913,0.0407862239984646,-0.8434782608695652,-0.8260869565217391,-0.7308695652173913,8
874,-0.7760869565217392,0.05391129029407497,-0.8547826086956521,-0.7826086956521738,-0.6930434782608695,8
875,-0.5065217391304349,0.0614491044569677,-0.6052173913043478,-0.5217391304347827,-0.4260869565217391,8
876,-0.782608695652174,0.05499613322031965,-0.8660869565217392,-0.7826086956521738,-0.6847826086956522,8
877,-0.7043478260869565,0.03888813873912676,-0.7391304347826086,-0.7130434782608697,-0.6295652173913043,8
878,-0.9108695652173913,0.029408150561888412,-0.9478260869565217,-0.9130434782608695,-0.8639130434782609,8
879,-0.7065217391304348,0.05460807255252377,-0.7882608695652173,-0.6956521739130435,-0.6378260869565218,8
880,-0.03260869565217391,0.07061035551700745,-0.14695652173913043,-0.052173913043478265,0.07217391304347827,8
881,-0.8913043478260869,0.03864432355354602,-0.9447826086956521,-0.8956521739130435,-0.8291304347826087,8
882,-0.5934782608695652,0.0851719044528684,-0.6982608695652174,-0.6347826086956522,-0.46391304347826084,8
883,-0.3108695652173913,0.09950254340300702,-0.4404347826086956,-0.32173913043478264,-0.1426086956521739,8
884,-0.826086956521739,0.058976782461958865,-0.921304347826087,-0.8347826086956522,-0.7421739130434782,8
885,-0.4717391304347826,0.04596168372144776,-0.5530434782608695,-0.46956521739130436,-0.4117391304347826,8
886,-0.7108695652173913,0.07627306431673404,-0.808695652173913,-0.6956521739130435,-0.6204347826086957,8
887,-0.6326086956521739,0.06590220170097444,-0.7186956521739131,-0.6347826086956522,-0.5252173913043479,8
888,-0.8695652173913044,0.023006533139692104,-0.8956521739130435,-0.8782608695652174,-0.8291304347826087,8
889,-0.3869565217391304,0.0710440636450791,-0.4752173913043478,-0.4,-0.25304347826086954,8
890,-0.3108695652173913,0.04677703215510873,-0.3708695652173913,-0.30434782608695654,-0.2552173913043478,8
891,-0.8130434782608695,0.049763144096780884,-0.8895652173913043,-0.808695652173913,-0.7421739130434782,8
892,-0.6760869565217391,0.06083073295492706,-0.7534782608695652,-0.6956521739130435,-0.5743478260869564,8
893,-0.8652173913043479,0.051992438013484334,-0.9447826086956521,-0.8695652173913044,-0.7943478260869565,8
894,0.15,0.04026143299446116,0.09565217391304348,0.16521739130434782,0.19695652173913045,8
895,-0.2108695652173913,0.08061085312060504,-0.31869565217391305,-0.2,-0.07608695652173912,8
896,-0.6456521739130434,0.06445203078423303,-0.7186956521739131,-0.6521739130434783,-0.5365217391304348,8
897,-0.5652173913043478,0.06448868249648403,-0.6491304347826087,-0.5478260869565217,-0.4782608695652174,8
898,-0.6891304347826086,0.07349626741033465,-0.7852173913043478,-0.6869565217391305,-0.5713043478260869,8
899,-0.4173913043478261,0.056354266942677055,-0.4926086956521739,-0.4173913043478261,-0.3278260869565217,8
900,-0.8782608695652174,0.033678116053977525,-0.927391304347826,-0.8782608695652174,-0.8178260869565217,8
901,-0.26956521739130435,0.05702120455914783,-0.3391304347826087,-0.2782608695652174,-0.1743478260869565,8
902,-0.6782608695652175,0.026086956521739146,-0.7043478260869566,-0.6869565217391305,-0.6378260869565218,8
903,-0.8543478260869565,0.064452030784233,-0.9130434782608695,-0.8782608695652174,-0.7482608695652173,8
904,-0.6695652173913044,0.04170288281141495,-0.736086956521739,-0.6608695652173913,-0.6173913043478261,8
905,-0.4673913043478261,0.0521286035142687,-0.5273913043478261,-0.48695652173913045,-0.3943478260869565,8
906,-0.7543478260869565,0.05529607539989957,-0.8056521739130434,-0.7739130434782608,-0.6552173913043479,8
907,-0.7,0.0541299982521249,-0.7708695652173913,-0.7043478260869565,-0.6347826086956522,8
908,-0.5108695652173914,0.09503257823649736,-0.6482608695652174,-0.5217391304347827,-0.3347826086956522,8
909,-0.9065217391304348,0.021188683358280325,-0.9304347826086956,-0.9130434782608695,-0.8669565217391304,8
910,-0.8630434782608696,0.04385704565615656,-0.9243478260869565,-0.8695652173913044,-0.7943478260869565,8
911,-0.7369565217391304,0.055975622563407525,-0.8056521739130434,-0.7478260869565216,-0.6408695652173912,8
912,-0.7369565217391305,0.0420976450674719,-0.7913043478260869,-0.7304347826086957,-0.6756521739130434,8
913,-0.43043478260869567,0.08728199956471622,-0.5878260869565217,-0.391304347826087,-0.33086956521739125,8
914,-0.7456521739130435,0.06266754480608511,-0.86,-0.7478260869565216,-0.6582608695652173,8
915,-0.8369565217391304,0.04513160759136241,-0.8782608695652174,-0.8521739130434782,-0.7595652173913043,8
916,-0.16086956521739132,0.04899751160688976,-0.24304347826086956,-0.15652173913043477,-0.09869565217391305,8
917,-0.7804347826086957,0.05139821920668213,-0.8547826086956521,-0.7652173913043478,-0.6991304347826087,8
918,-0.791304347826087,0.05897678246195884,-0.8947826086956521,-0.7913043478260869,-0.6991304347826087,8
919,-0.5630434782608695,0.07502362576842347,-0.6491304347826087,-0.5826086956521739,-0.4608695652173913,8
920,-0.7326086956521739,0.03978914177765895,-0.7995652173913044,-0.7304347826086957,-0.6756521739130434,8
921,-0.9152173913043478,0.03187582238829384,-0.9478260869565217,-0.9217391304347826,-0.8639130434782609,8
922,-0.5826086956521739,0.049190036952107656,-0.6747826086956522,-0.5739130434782609,-0.5304347826086957,8
923,-0.09565217391304348,0.11337743313395911,-0.3169565217391304,-0.08695652173913043,0.04869565217391306,8
924,-0.6152173913043478,0.055975622563407566,-0.7156521739130435,-0.6,-0.5508695652173913,8
925,-0.2,0.061487546190134565,-0.2808695652173913,-0.2,-0.0934782608695652,8
926,-0.3739130434782609,0.0891039197039965,-0.4721739130434783,-0.3826086956521739,-0.19565217391304343,8
927,-0.0891304347826087,0.0838296499332993,-0.21434782608695652,-0.0782608695652174,0.031304347826086966,8
928,-0.8717391304347827,0.042544316936480274,-0.9530434782608695,-0.8521739130434782,-0.8291304347826087,8
929,-0.8130434782608695,0.05199243801348434,-0.9008695652173913,-0.8260869565217391,-0.7421739130434782,8
930,-0.8891304347826088,0.02449875580344487,-0.9243478260869565,-0.8956521739130435,-0.8465217391304348,8
931,-0.658695652173913,0.07323861099096965,-0.7534782608695652,-0.6608695652173913,-0.5539130434782608,8
932,-0.9043478260869565,0.046013066279384174,-0.9734782608695652,-0.9130434782608695,-0.8208695652173913,8
933,-0.658695652173913,0.08736317955395703,-0.7739130434782608,-0.6608695652173913,-0.5365217391304348,8
934,-0.6456521739130434,0.06561473162081119,-0.7504347826086957,-0.6260869565217391,-0.5682608695652174,8
935,-0.6630434782608696,0.05631232107386357,-0.7473913043478261,-0.6608695652173913,-0.5630434782608695,8
936,-0.8956521739130434,0.0260869565217391,-0.927391304347826,-0.9043478260869565,-0.8495652173913043,8
937,-0.7934782608695652,0.05989120571285179,-0.8578260869565217,-0.8,-0.6734782608695652,8
938,-0.7847826086956522,0.058291685555617055,-0.8752173913043478,-0.7913043478260869,-0.7073913043478262,8
939,-0.9173913043478261,0.032244341248241985,-0.9652173913043478,-0.9130434782608695,-0.8782608695652174,8
940,-0.4934782608695652,0.059891205712851774,-0.5652173913043478,-0.4956521739130435,-0.38608695652173913,8
941,-0.8347826086956521,0.07826086956521738,-0.9130434782608695,-0.8434782608695652,-0.6795652173913044,8
942,-0.07826086956521738,0.08952721861727828,-0.1826086956521739,-0.10434782608695653,0.05782608695652174,8
943,-0.05869565217391303,0.098163668738049,-0.19391304347826088,-0.06956521739130435,0.07521739130434783,8
944,0.07173913043478261,0.0747712327039993,-0.03739130434782609,0.06956521739130435,0.17956521739130435,8
945,-0.2608695652173913,0.06086956521739131,-0.35043478260869565,-0.2608695652173913,-0.17130434782608694,8
946,-0.6173913043478261,0.05360360002581719,-0.6839130434782609,-0.6260869565217391,-0.5221739130434783,8
947,0.16086956521739132,0.06255432421712243,0.06695652173913044,0.15652173913043477,0.24608695652173912,8
948,-0.38478260869565223,0.08517190445286842,-0.4926086956521739,-0.3826086956521739,-0.24695652173913044,8
949,0.09782608695652174,0.0703421290754932,0.043478260869565216,0.06956521739130435,0.24521739130434786,8
950,-0.25217391304347825,0.06270523957328678,-0.37,-0.25217391304347825,-0.1826086956521739,8
951,-0.31521739130434784,0.09034171632687021,-0.45173913043478264,-0.2782608695652174,-0.1834782608695652,8
952,0.21956521739130436,0.05028275437487121,0.12521739130434784,0.22608695652173913,0.2839130434782609,8
953,-0.3173913043478261,0.07518094115561123,-0.391304347826087,-0.34782608695652173,-0.18869565217391304,8
954,-0.6586956521739131,0.05495315069462844,-0.7330434782608696,-0.6695652173913044,-0.5599999999999999,8
955,-0.45869565217391306,0.06236516646861327,-0.5447826086956521,-0.4434782608695652,-0.36565217391304344,8
956,-0.3239130434782609,0.05028275437487121,-0.38521739130434784,-0.3391304347826087,-0.22956521739130434,8
957,-0.17173913043478262,0.06618842325060142,-0.26652173913043475,-0.15652173913043477,-0.06999999999999999,8
958,-0.4347826086956522,0.07275304578557179,-0.5417391304347826,-0.4260869565217391,-0.3421739130434782,8
959,-0.29565217391304344,0.08952721861727828,-0.391304347826087,-0.33043478260869563,-0.15391304347826087,8
960,-0.12391304347826086,0.04914197632807527,-0.16521739130434782,-0.14782608695652172,-0.03521739130434782,8
961,-0.3760869565217392,0.07298004491997617,-0.4752173913043478,-0.3826086956521739,-0.2582608695652174,8
962,-0.7,0.04899751160688975,-0.7565217391304347,-0.7130434782608697,-0.6347826086956522,8
963,-0.34782608695652173,0.06086956521739131,-0.44869565217391305,-0.34782608695652173,-0.2613043478260869,8
964,-0.10652173913043478,0.05212860351426869,-0.17956521739130435,-0.08695652173913043,-0.04652173913043478,8
965,-0.21304347826086958,0.07365684498303224,-0.31565217391304345,-0.21739130434782608,-0.07913043478260867,8
966,-0.13260869565217392,0.08177496901653926,-0.28,-0.13043478260869565,-0.020869565217391292,8
967,-0.3239130434782609,0.08223600138859885,-0.4404347826086956,-0.33043478260869563,-0.19478260869565217,8
968,-0.13260869565217392,0.10486736604515075,-0.2604347826086956,-0.15652173913043477,0.04043478260869565,8
969,-0.3456521739130435,0.07219879089311136,-0.4547826086956522,-0.34782608695652173,-0.2408695652173913,8
970,-0.4434782608695652,0.08867860023639626,-0.5847826086956521,-0.43478260869565216,-0.31043478260869567,8
971,-0.5282608695652173,0.06815832785474295,-0.6143478260869565,-0.5478260869565217,-0.41782608695652174,8
972,-0.010869565217391302,0.08084501731211761,-0.16130434782608696,0.008695652173913042,0.08956521739130435,8
973,-0.4434782608695652,0.06901959941907626,-0.561304347826087,-0.45217391304347826,-0.33391304347826084,8
974,-0.7152173913043478,0.03882732847715597,-0.7678260869565217,-0.7217391304347827,-0.6439130434782608,8
975,-0.6413043478260869,0.04513160759136241,-0.6982608695652174,-0.6521739130434783,-0.5599999999999999,8
976,-0.2847826086956522,0.0849496681851301,-0.3708695652173913,-0.31304347826086953,-0.13130434782608694,8
977,-0.2891304347826087,0.10771294905945648,-0.4434782608695652,-0.2782608695652174,-0.11999999999999998,8
978,0.1282608695652174,0.07552588159147917,0.01782608695652174,0.1217391304347826,0.23478260869565218,8
979,-0.23478260869565215,0.07874247946206449,-0.3391304347826087,-0.23478260869565215,-0.11608695652173913,8
980,-0.6217391304347826,0.045807190229794514,-0.6808695652173913,-0.6347826086956522,-0.5395652173913044,8
981,-0.34782608695652173,0.05430433042085563,-0.4230434782608696,-0.34782608695652173,-0.2726086956521739,8
982,-0.22391304347826085,0.09950254340300703,-0.41,-0.2173913043478261,-0.09043478260869564,8
983,-0.2826086956521739,0.05482400092573257,-0.35043478260869565,-0.28695652173913044,-0.18043478260869564,8
984,0.1826086956521739,0.05144417202695318,0.13043478260869565,0.15652173913043477,0.2634782608695652,8
985,0.03260869565217391,0.07375302371168424,-0.08347826086956522,0.034782608695652174,0.12739130434782608,8
986,-0.5456521739130434,0.06815832785474296,-0.6430434782608696,-0.5478260869565217,-0.4352173913043478,8
987,-0.021739130434782608,0.08857195124984071,-0.12739130434782608,-0.043478260869565216,0.11,8
988,-0.6173913043478261,0.05897678246195887,-0.712608695652174,-0.5913043478260869,-0.5395652173913044,8
989,-0.04782608695652174,0.09274230003348496,-0.17652173913043478,-0.052173913043478265,0.10913043478260871,8
990,0.23695652173913043,0.07349626741033465,0.13652173913043478,0.22608695652173913,0.37000000000000005,8
991,-0.3673913043478261,0.07219879089311138,-0.5060869565217392,-0.3652173913043478,-0.2756521739130435,8
992,-0.23695652173913043,0.0617559683101817,-0.3443478260869565,-0.22608695652173913,-0.1426086956521739,8
993,0.11521739130434783,0.0779886570202265,-0.050869565217391305,0.14782608695652175,0.16521739130434782,8
994,-0.2043478260869565,0.08374504471416619,-0.34739130434782606,-0.19130434782608696,-0.09043478260869564,8
995,-0.6717391304347826,0.05391129029407498,-0.7760869565217391,-0.6608695652173913,-0.6173913043478261,8
996,0.41086956521739126,0.06415806331901613,0.3217391304347826,0.4173913043478261,0.5152173913043478,8
997,-0.2326086956521739,0.0692588361829304,-0.30434782608695654,-0.2434782608695652,-0.09956521739130433,8
998,0.09565217391304348,0.043478260869565216,0.03217391304347826,0.09565217391304348,0.1591304347826087,8
999,-0.33913043478260874,0.05567934119506825,-0.4056521739130435,-0.34782608695652173,-0.2408695652173913,8
1000,-0.09130434782608696,0.07104406364507909,-0.19391304347826088,-0.08695652173913043,0.02826086956521741,8
1001,-0.2065217391304348,0.09241048394274906,-0.30434782608695654,-0.22608695652173913,-0.0526086956521739,8
1002,-0.2565217391304348,0.09274230003348496,-0.35043478260869565,-0.2956521739130435,-0.07913043478260867,8
1003,-0.23478260869565218,0.060245245480656594,-0.3217391304347826,-0.23478260869565218,-0.1508695652173913,8
1004,-0.22391304347826085,0.07426387327190748,-0.35043478260869565,-0.19130434782608696,-0.13652173913043478,8
1005,-0.1934782608695652,0.07527517257904688,-0.3095652173913043,-0.19130434782608696,-0.07304347826086956,8
1006,-0.2652173913043478,0.05816994852286805,-0.36478260869565216,-0.2434782608695652,-0.2,8
1007,-0.43695652173913047,0.06206131488530519,-0.561304347826087,-0.4260869565217391,-0.3769565217391304,8
1008,-0.5434782608695652,0.08857195124984071,-0.6604347826086957,-0.5565217391304348,-0.3808695652173913,8
1009,-0.1782608695652174,0.08237954487607138,-0.33217391304347826,-0.17391304347826086,-0.08130434782608696,8
1010,-0.11739130434782608,0.08237954487607138,-0.23173913043478261,-0.1217391304347826,0.016956521739130443,8
1011,0.07608695652173914,0.08539356235392329,-0.05782608695652174,0.08695652173913043,0.19391304347826088,8
1012,-0.3630434782608696,0.06788041302606955,-0.48043478260869565,-0.34782608695652173,-0.28695652173913044,8
1013,0.27391304347826084,0.061333634694199494,0.18869565217391304,0.26956521739130435,0.35347826086956524,8
1014,-0.5021739130434782,0.054260799888472544,-0.6021739130434782,-0.5043478260869565,-0.43217391304347824,8
1015,-0.16304347826086957,0.05391129029407498,-0.22869565217391305,-0.16521739130434782,-0.058695652173913024,8
1016,-0.2108695652173913,0.03471460744058981,-0.26652173913043475,-0.20869565217391306,-0.16521739130434782,8
1017,-0.34347826086956523,0.04497426275125479,-0.40260869565217394,-0.34782608695652173,-0.2613043478260869,8
1018,-0.13913043478260867,0.03984848430396382,-0.2082608695652174,-0.13043478260869565,-0.09565217391304348,8
1019,-0.48913043478260865,0.07167322400797624,-0.6,-0.4608695652173913,-0.38913043478260867,8
1020,-0.2065217391304348,0.09988178267530559,-0.3730434782608696,-0.20869565217391306,-0.055652173913043466,8
1021,0.049999999999999996,0.10468694893769137,-0.09260869565217392,0.06086956521739131,0.19086956521739132,8
1022,-0.5543478260869565,0.07007287591863565,-0.6830434782608696,-0.5478260869565217,-0.4526086956521739,8
1023,-0.12608695652173912,0.061946986299021775,-0.19695652173913045,-0.14782608695652175,-0.006521739130434769,8
1024,-0.3847826086956522,0.058936703094460696,-0.4691304347826087,-0.4,-0.2817391304347826,8
1025,-0.5869565217391304,0.06665091181198216,-0.6921739130434783,-0.5826086956521739,-0.4760869565217391,8
1026,-0.1891304347826087,0.04596168372144777,-0.2634782608695652,-0.1826086956521739,-0.1334782608695652,8
1027,-0.3347826086956522,0.060714087146821485,-0.4230434782608696,-0.3391304347826087,-0.24391304347826087,8
1028,-0.2456521739130435,0.052848894700622685,-0.31565217391304345,-0.25217391304347825,-0.17130434782608694,8
1029,-0.20217391304347826,0.10119792880267288,-0.3360869565217391,-0.2173913043478261,-0.06391304347826086,8
1030,-0.6891304347826087,0.04952515543432399,-0.7534782608695652,-0.7043478260869566,-0.6204347826086957,8
1031,0.09347826086956522,0.06474466352971926,-0.02521739130434782,0.10434782608695653,0.18782608695652175,8
1032,0.04782608695652174,0.10056550874974242,-0.05173913043478261,0.017391304347826087,0.25347826086956526,8
1033,-0.6195652173913044,0.0831503978213273,-0.7443478260869565,-0.6260869565217391,-0.4760869565217391,8
1034,-0.10869565217391303,0.055509327542624796,-0.16521739130434782,-0.1217391304347826,-0.003478260869565205,8
1035,-0.42391304347826086,0.09503257823649736,-0.5591304347826087,-0.43478260869565216,-0.2756521739130435,8
1036,-0.6,0.05360360002581719,-0.6665217391304348,-0.6086956521739131,-0.5047826086956522,8
1037,-0.682608695652174,0.07568215298056177,-0.7852173913043478,-0.6869565217391305,-0.548695652173913,8
1038,-0.558695652173913,0.07061035551700745,-0.6665217391304348,-0.5565217391304347,-0.46391304347826084,8
1039,0.00434782608695652,0.12802114664639527,-0.14478260869565218,-0.026086956521739132,0.17956521739130435,8
1040,-0.05,0.07919132869603036,-0.17347826086956522,-0.017391304347826084,0.06304347826086959,8
1041,-0.4478260869565217,0.06133363469419951,-0.51,-0.46956521739130436,-0.3421739130434782,8
1042,-0.04130434782608696,0.07602481934802484,-0.13869565217391305,-0.06956521739130435,0.07217391304347827,8
1043,-0.682608695652174,0.04580719022979453,-0.736086956521739,-0.6956521739130435,-0.5947826086956521,8
1044,-0.3521739130434782,0.09274230003348495,-0.5460869565217391,-0.32173913043478264,-0.28695652173913044,8
1045,-0.35000000000000003,0.0667571849251482,-0.4404347826086956,-0.3391304347826087,-0.2552173913043478,8
1046,-0.11739130434782608,0.07365684498303225,-0.22565217391304349,-0.1217391304347826,0.0026086956521739193,8
1047,-0.5021739130434782,0.08649333158294678,-0.6347826086956522,-0.46956521739130436,-0.4117391304347826,8
1048,0.19565217391304346,0.10352939912861442,0.08739130434782609,0.1826086956521739,0.40695652173913044,8
1049,-0.052173913043478265,0.0596143878295743,-0.12739130434782608,-0.052173913043478265,0.04869565217391306,8
1050,-0.3804347826086957,0.04757841006138977,-0.4547826086956522,-0.3652173913043478,-0.3247826086956521,8
1051,0.06521739130434782,0.07765465695431197,-0.08869565217391304,0.0782608695652174,0.14782608695652175,8
1052,-0.5369565217391304,0.04072824781564171,-0.5939130434782608,-0.5391304347826087,-0.46695652173913044,8
1053,-0.4739130434782609,0.037653278425410386,-0.5243478260869565,-0.48695652173913045,-0.4117391304347826,8
1054,-0.6086956521739131,0.03253615118933864,-0.6634782608695652,-0.6,-0.5682608695652174,8
1055,-0.2608695652173913,0.07728864710709207,-0.3565217391304348,-0.28695652173913044,-0.14782608695652175,8
1056,-0.1391304347826087,0.07580693814853345,-0.26869565217391306,-0.13043478260869565,-0.032173913043478254,8
1057,-0.3760869565217391,0.1115071182889753,-0.538695652173913,-0.3652173913043478,-0.22652173913043477,8
1058,-0.2782608695652174,0.07010658911563955,-0.3565217391304348,-0.2782608695652174,-0.17130434782608694,8
1059,-0.33478260869565213,0.06942921488117962,-0.4404347826086956,-0.3217391304347826,-0.2408695652173913,8
1060,0.04347826086956522,0.08203461853962264,-0.10086956521739131,0.06086956521739131,0.14173913043478262,8
1061,-0.5782608695652174,0.06721576014669699,-0.6952173913043479,-0.5565217391304347,-0.48739130434782607,8
1062,-0.45869565217391306,0.08583516096695491,-0.5939130434782608,-0.45217391304347826,-0.3452173913043478,8
1063,-0.08260869565217391,0.07104406364507909,-0.2,-0.06086956521739131,-0.011739130434782606,8
1064,0.11956521739130434,0.05697974966122242,0.03217391304347826,0.1217391304347826,0.1826086956521739,8
1065,-0.2434782608695652,0.07064381221422573,-0.33304347826086955,-0.2608695652173913,-0.13043478260869565,8
1066,-0.2108695652173913,0.06618842325060142,-0.32391304347826083,-0.20869565217391306,-0.10782608695652172,8
1067,0.11739130434782609,0.05482400092573257,0.06391304347826088,0.09565217391304348,0.21434782608695652,8
1068,0.2,0.07969696860792765,0.06478260869565217,0.2,0.3239130434782609,8
1069,-0.043478260869565216,0.061487546190134565,-0.15,-0.043478260869565216,0.04869565217391306,8
1070,0.12173913043478263,0.0834057656228299,0.0004347826086956528,0.11304347826086956,0.26869565217391306,8
1071,0.4391304347826087,0.08052286598892232,0.3278260869565217,0.4347826086956522,0.5447826086956521,8
1072,0.0782608695652174,0.08867860023639626,-0.02608695652173913,0.06956521739130435,0.19695652173913045,8
1073,-0.358695652173913,0.06871078534469177,-0.4752173913043478,-0.33043478260869563,-0.29,8
1074,-0.8282608695652174,0.030666817347099765,-0.8752173913043478,-0.8260869565217391,-0.7913043478260869,8
1075,-0.27391304347826084,0.08857195124984071,-0.391304347826087,-0.2608695652173913,-0.1508695652173913,8
1076,-0.1391304347826087,0.10578717443996903,-0.3382608695652174,-0.09565217391304348,-0.043478260869565216,8
1077,-0.10869565217391305,0.05751633284923023,-0.17652173913043478,-0.13043478260869565,-0.003478260869565205,8
1078,0.20869565217391306,0.10578717443996905,0.026956521739130435,0.23478260869565215,0.3473913043478261,8
1079,0.06956521739130433,0.06209937763950304,-0.008695652173913044,0.0782608695652174,0.1591304347826087,8
1080,-0.5043478260869566,0.08249419983047948,-0.6452173913043479,-0.5217391304347827,-0.38304347826086954,8
1081,0.2043478260869565,0.06434195037803801,0.10173913043478261,0.22608695652173913,0.2952173913043479,8
1082,0.2108695652173913,0.08107850521291964,0.07,0.21739130434782608,0.301304347826087,8
1083,0.15,0.05989120571285179,0.06391304347826088,0.16521739130434782,0.22869565217391305,8
1084,-0.1826086956521739,0.05360360002581718,-0.26652173913043475,-0.16521739130434782,-0.13043478260869565,8
1085,0.10217391304347825,0.0535594999771953,0.029130434782608693,0.1217391304347826,0.17652173913043478,8
1086,0.09782608695652173,0.12218474344692518,-0.05478260869565217,0.09565217391304348,0.30043478260869566,8
1087,-0.13260869565217392,0.10841267512862333,-0.2778260869565217,-0.15652173913043477,0.037391304347826095,8
1088,-0.18478260869565216,0.08360384575230179,-0.34130434782608693,-0.15652173913043477,-0.08739130434782608,8
1089,0.2434782608695652,0.06507230237867724,0.13652173913043478,0.2608695652173913,0.33304347826086955,8
1090,-0.2217391304347826,0.05342698142367178,-0.30130434782608695,-0.20869565217391306,-0.13956521739130434,8
1091,0.28043478260869564,0.04757841006138975,0.20304347826086958,0.30434782608695654,0.3217391304347826,8
1092,-0.3543478260869565,0.08223600138859888,-0.5091304347826088,-0.33043478260869563,-0.2582608695652174,8
1093,0.13043478260869565,0.09952628819356171,-0.016956521739130433,0.14782608695652172,0.2634782608695652,8
1094,0.0,0.0952560969574202,-0.13260869565217392,-0.008695652173913045,0.17260869565217396,8
1095,-0.2760869565217391,0.10576483526234905,-0.3739130434782609,-0.30434782608695654,-0.11304347826086956,8
1096,0.1391304347826087,0.09722034684781694,-0.02521739130434782,0.1391304347826087,0.2747826086956522,8
1097,0.15217391304347827,0.055509327542624796,0.06391304347826088,0.1826086956521739,0.21434782608695652,8
1098,-0.3652173913043478,0.06148754619013457,-0.46608695652173915,-0.3739130434782609,-0.28695652173913044,8
1099,0.25652173913043474,0.06492688923073078,0.1743478260869565,0.25217391304347825,0.38434782608695656,8
1100,-0.41956521739130437,0.09443394186510205,-0.5417391304347826,-0.4260869565217391,-0.25608695652173913,8
1101,-0.034782608695652174,0.08203461853962264,-0.16434782608695653,-0.052173913043478265,0.10086956521739132,8
1102,0.30869565217391304,0.06194698629902178,0.2408695652173913,0.26956521739130435,0.40565217391304353,8
1103,-0.35,0.10175678033450827,-0.4865217391304348,-0.3652173913043478,-0.17217391304347823,8
1104,0.004347826086956523,0.049763144096780856,-0.05478260869565217,-0.008695652173913044,0.09782608695652176,8
1105,0.06956521739130433,0.08739022279235557,-0.05173913043478261,0.052173913043478265,0.19695652173913045,8
1106,0.02608695652173913,0.0891039197039965,-0.13260869565217392,0.034782608695652174,0.15304347826086956,8
1107,-0.4434782608695652,0.10470951807645473,-0.5765217391304347,-0.4608695652173913,-0.2478260869565217,8
1108,-0.5826086956521739,0.06846963368705922,-0.6921739130434783,-0.5826086956521739,-0.48130434782608694,8
1109,-0.2717391304347826,0.09261481914843823,-0.3882608695652174,-0.2782608695652174,-0.1508695652173913,8
1110,0.10652173913043478,0.04164618274058264,0.04652173913043478,0.11304347826086956,0.16521739130434782,8
1111,0.21956521739130436,0.06356605007484106,0.12521739130434784,0.20869565217391306,0.3269565217391304,8
1112,-0.10869565217391304,0.07314175583156836,-0.21130434782608695,-0.11304347826086956,0.005652173913043481,8
1113,0.45434782608695656,0.04596168372144778,0.39434782608695657,0.45217391304347826,0.5130434782608696,8
1114,-0.017391304347826087,0.08295123490582136,-0.15,-0.026086956521739132,0.08956521739130435,8
1115,0.21304347826086956,0.05342698142367177,0.1191304347826087,0.22608695652173913,0.26956521739130435,8
1116,-0.8152173913043478,0.04164618274058264,-0.8608695652173913,-0.8260869565217391,-0.7339130434782609,8
1117,0.11956521739130435,0.09034171632687021,-0.03130434782608695,0.13043478260869565,0.21739130434782608,8
1118,0.3108695652173913,0.07627306431673406,0.2091304347826087,0.2782608695652174,0.4230434782608696,8
1119,-0.12391304347826088,0.05563688648725968,-0.22565217391304349,-0.11304347826086956,-0.06391304347826086,8
1120,0.25652173913043474,0.06071408714682148,0.14565217391304347,0.2782608695652174,0.3217391304347826,8
1121,0.48043478260869565,0.08360384575230179,0.33391304347826084,0.5217391304347827,0.5621739130434782,8
1122,0.4173913043478261,0.11859288432161613,0.25217391304347825,0.4434782608695652,0.5765217391304348,8
1123,-0.03043478260869565,0.08771409131231311,-0.1847826086956522,-0.008695652173913044,0.06086956521739131,8
1124,-0.2847826086956522,0.10629967981215349,-0.49695652173913046,-0.2608695652173913,-0.16,8
1125,-0.4043478260869565,0.07765465695431195,-0.5295652173913044,-0.4260869565217391,-0.2817391304347826,8
1126,-0.2217391304347826,0.08374504471416619,-0.31869565217391305,-0.2434782608695652,-0.08434782608695653,8
1127,-0.3673913043478261,0.04164618274058265,-0.4230434782608696,-0.3652173913043478,-0.3073913043478261,8
1128,-0.4565217391304348,0.07716625804042979,-0.5704347826086956,-0.4782608695652174,-0.3421739130434782,8
1129,-0.5847826086956522,0.07502362576842346,-0.7269565217391304,-0.5565217391304347,-0.5017391304347826,8
1130,-0.3673913043478261,0.07871246517492031,-0.4865217391304348,-0.3565217391304348,-0.24695652173913044,8
1131,-0.5978260869565217,0.044710790872180745,-0.6808695652173913,-0.5826086956521739,-0.5508695652173913,8
1132,-0.4717391304347826,0.08605511049082384,-0.6082608695652174,-0.45217391304347826,-0.3626086956521739,8
1133,-0.5239130434782608,0.06503597957239822,-0.6256521739130435,-0.5130434782608695,-0.4352173913043478,8
1134,-0.541304347826087,0.048366511872363,-0.6256521739130435,-0.5304347826086957,-0.48130434782608694,8
1135,-0.4326086956521739,0.04596168372144777,-0.4782608695652174,-0.45217391304347826,-0.34826086956521735,8
1136,-0.3804347826086957,0.07061035551700746,-0.4752173913043478,-0.3565217391304348,-0.29304347826086957,8
1137,-0.5934782608695652,0.0711437746606677,-0.6665217391304348,-0.6260869565217391,-0.46695652173913044,8
1138,-0.6239130434782609,0.062061314885305245,-0.701304347826087,-0.6434782608695653,-0.5478260869565217,8
1139,-0.5347826086956522,0.07518094115561122,-0.6143478260869565,-0.5652173913043478,-0.40043478260869564,8
1140,-0.44130434782608696,0.06815832785474296,-0.5447826086956521,-0.4260869565217391,-0.3565217391304348,8
1141,-0.3673913043478261,0.08605511049082386,-0.4721739130434783,-0.3739130434782609,-0.2069565217391304,8
1142,-0.6326086956521739,0.04717942263958851,-0.712608695652174,-0.6173913043478261,-0.5826086956521739,8
1143,-0.06086956521739131,0.04919003695210765,-0.15304347826086956,-0.06086956521739131,0.0026086956521739193,8
1144,-0.4869565217391305,0.030122622740328318,-0.5273913043478261,-0.4956521739130435,-0.43217391304347824,8
1145,-0.16956521739130434,0.04237736671656071,-0.24,-0.17391304347826086,-0.10173913043478261,8
1146,-0.3652173913043478,0.058332208108690164,-0.4691304347826087,-0.34782608695652173,-0.30434782608695654,8
1147,-0.23695652173913045,0.1026814406836482,-0.3904347826086957,-0.25217391304347825,-0.06173913043478259,8
1148,-0.3239130434782609,0.07298004491997617,-0.40869565217391307,-0.33043478260869563,-0.19782608695652174,8
1149,-0.3652173913043478,0.04762804847871011,-0.40869565217391307,-0.3739130434782609,-0.27043478260869563,8
1150,-0.3978260869565218,0.07823067050194167,-0.5243478260869565,-0.3826086956521739,-0.28478260869565214,8
1151,-0.052173913043478265,0.04170288281141495,-0.11304347826086956,-0.034782608695652174,0.0026086956521739193,8
1152,-0.45,0.04072824781564173,-0.5069565217391304,-0.4608695652173913,-0.3943478260869565,8
1153,-0.33478260869565213,0.080991026131292,-0.4434782608695652,-0.31304347826086953,-0.23782608695652174,8
1154,-0.3652173913043478,0.061487546190134565,-0.4434782608695652,-0.3652173913043478,-0.2756521739130435,8
1155,-0.6217391304347826,0.07314175583156834,-0.73,-0.6347826086956522,-0.5304347826086957,8
1156,-0.25869565217391305,0.06618842325060142,-0.3534782608695652,-0.23478260869565218,-0.17130434782608694,8
1157,-0.43695652173913047,0.05139821920668211,-0.5326086956521738,-0.4434782608695652,-0.3769565217391304,8
1158,-0.2782608695652174,0.049952718665548075,-0.3565217391304348,-0.26956521739130435,-0.22043478260869565,8
1159,-0.5847826086956521,0.05861508157701201,-0.6521739130434783,-0.6,-0.48434782608695653,8
1160,-0.33478260869565213,0.05482400092573257,-0.43130434782608695,-0.3217391304347826,-0.2726086956521739,8
1161,-0.15869565217391304,0.11031403875100239,-0.31869565217391305,-0.13043478260869565,-0.003478260869565205,8
1162,-0.24347826086956523,0.05961438782957429,-0.33304347826086955,-0.25217391304347825,-0.15391304347826087,8
1163,-0.2326086956521739,0.028093147789826273,-0.26652173913043475,-0.23478260869565218,-0.17739130434782607,8
1164,-0.26521739130434785,0.0877140913123131,-0.4252173913043478,-0.25217391304347825,-0.15391304347826087,8
1165,-0.25869565217391305,0.03978914177765898,-0.28695652173913044,-0.2782608695652174,-0.17739130434782607,8
1166,0.008695652173913042,0.06622411396403399,-0.09565217391304348,0.034782608695652174,0.08956521739130435,8
1167,-0.00652173913043478,0.06175596831018171,-0.10391304347826087,-0.017391304347826084,0.0782608695652174,8
1168,-0.20869565217391306,0.10288834405390636,-0.3217391304347826,-0.21739130434782608,-0.018695652173913016,8
1169,0.041304347826086954,0.057310549245495945,-0.04043478260869565,0.043478260869565216,0.13869565217391305,8
1170,-0.9326086956521739,0.030666817347099726,-0.9765217391304347,-0.9391304347826086,-0.881304347826087,8
1171,0.04565217391304348,0.052489984641954944,-0.008695652173913044,0.034782608695652174,0.11304347826086956,8
1172,-0.3,0.09515682012277954,-0.4886956521739131,-0.2608695652173913,-0.21739130434782608,8
1173,0.14565217391304347,0.05028275437487121,0.0782608695652174,0.16521739130434782,0.2,8
1174,-0.15434782608695652,0.072720559494251,-0.2808695652173913,-0.13043478260869565,-0.0782608695652174,8
1175,-0.09347826086956522,0.038337374105539994,-0.14478260869565218,-0.10434782608695653,-0.032173913043478254,8
1176,-0.9369565217391304,0.02599621900674216,-0.9795652173913043,-0.9304347826086956,-0.8986956521739131,8
1177,-0.13478260869565217,0.03765327842541038,-0.19695652173913045,-0.13043478260869565,-0.08130434782608696,8
1178,-0.0021739130434782613,0.051398219206682125,-0.07217391304347827,-0.008695652173913044,0.07521739130434783,8
1179,-0.29782608695652174,0.050657305207526274,-0.3708695652173913,-0.28695652173913044,-0.23478260869565218,8
1180,0.02173913043478261,0.07104406364507909,-0.10086956521739131,0.034782608695652174,0.11,8
1181,-0.25217391304347825,0.07826086956521738,-0.3360869565217391,-0.28695652173913044,-0.13043478260869565,8
1182,-0.7130434782608696,0.03888813873912676,-0.7708695652173913,-0.7217391304347827,-0.6552173913043479,8
1183,-0.21521739130434783,0.04471079087218072,-0.3065217391304348,-0.2,-0.16826086956521738,8
1184,0.030434782608695657,0.09515682012277951,-0.11826086956521739,0.026086956521739132,0.16217391304347825,8
1185,-0.18043478260869567,0.06760135567594006,-0.2778260869565217,-0.2,-0.08130434782608696,8
1186,-0.30000000000000004,0.05482400092573258,-0.3934782608695652,-0.30434782608695654,-0.22043478260869565,8
1187,-0.4434782608695652,0.06565073421974564,-0.5560869565217391,-0.4260869565217391,-0.3626086956521739,8
1188,-0.29130434782608694,0.08237954487607138,-0.391304347826087,-0.29565217391304344,-0.14869565217391303,8
1189,0.23695652173913045,0.07349626741033465,0.16521739130434782,0.22608695652173913,0.3730434782608696,8
1190,-0.37826086956521743,0.11362725517714765,-0.51,-0.4260869565217391,-0.19782608695652174,8
1191,-0.010869565217391304,0.04026143299446116,-0.07217391304347827,-0.017391304347826084,0.054782608695652185,8
1192,0.1934782608695652,0.08822445168566533,0.07,0.19130434782608696,0.301304347826087,8
1193,0.1782608695652174,0.07157425057893187,0.0782608695652174,0.19130434782608696,0.26956521739130435,8
1194,-0.2826086956521739,0.06492688923073078,-0.38217391304347825,-0.28695652173913044,-0.1743478260869565,8
1195,-0.2782608695652174,0.07327086759283791,-0.391304347826087,-0.26956521739130435,-0.18565217391304348,8
1196,-0.10652173913043478,0.08472684899958728,-0.19391304347826088,-0.13043478260869565,0.06521739130434787,8
1197,-0.19130434782608696,0.03367811605397754,-0.23478260869565218,-0.19130434782608696,-0.14782608695652175,8
1198,0.02391304347826087,0.07087756689957003,-0.10695652173913044,0.06086956521739131,0.08956521739130435,8
1199,-0.20217391304347826,0.06415806331901612,-0.28695652173913044,-0.17391304347826086,-0.1191304347826087,8
1200,-0.5739130434782609,0.06389973242043072,-0.6491304347826087,-0.5826086956521739,-0.48434782608695653,8
1201,0.11521739130434783,0.06296847112156626,0.006521739130434787,0.11304347826086956,0.1826086956521739,8
1202,-0.2673913043478261,0.04298634768105476,-0.31869565217391305,-0.26956521739130435,-0.1917391304347826,8
1203,-0.12608695652173912,0.06721576014669699,-0.22869565217391305,-0.11304347826086956,-0.020869565217391292,8
1204,-0.3282608695652174,0.06561473162081118,-0.391304347826087,-0.34782608695652173,-0.22043478260869565,8
1205,0.002173913043478262,0.06386274270247122,-0.10086956521739131,0.0,0.10391304347826089,8
1206,-0.13478260869565217,0.05271458979557453,-0.19391304347826088,-0.1391304347826087,-0.029999999999999978,8
1207,-0.3369565217391305,0.04952515543432399,-0.4230434782608696,-0.3217391304347826,-0.28695652173913044,8
1208,-0.14130434782608695,0.050657305207526274,-0.19695652173913045,-0.16521739130434782,-0.06391304347826086,8
1209,0.19130434782608696,0.07679792057676388,0.09565217391304348,0.1826086956521739,0.31565217391304345,8
1210,0.28043478260869564,0.06083073295492705,0.1826086956521739,0.30434782608695654,0.35043478260869565,8
1211,-0.13478260869565217,0.06375164477658775,-0.23173913043478261,-0.12173913043478261,-0.049565217391304345,8
1212,0.09565217391304348,0.07922116155777652,-0.042608695652173914,0.09565217391304348,0.19695652173913045,8
1213,-0.22608695652173913,0.04841534228547845,-0.28695652173913044,-0.2173913043478261,-0.15391304347826087,8
1214,-0.33478260869565213,0.04899751160688977,-0.40260869565217394,-0.3391304347826087,-0.24695652173913044,8
1215,0.06739130434782609,0.09483345265733581,-0.04043478260869565,0.043478260869565216,0.19695652173913045,8
1216,-0.2543478260869565,0.07602481934802482,-0.4017391304347826,-0.25217391304347825,-0.15695652173913044,8
1217,-0.23043478260869565,0.07157425057893185,-0.3360869565217391,-0.22608695652173913,-0.1334782608695652,8
1218,0.019565217391304346,0.09602201228416424,-0.09565217391304348,0.02608695652173913,0.1591304347826087,8
1219,-0.14565217391304347,0.03931117678266331,-0.21130434782608695,-0.1391304347826087,-0.09565217391304348,8
1220,-0.2956521739130435,0.09365504012407833,-0.44565217391304346,-0.2782608695652174,-0.17130434782608694,8
1221,-0.2326086956521739,0.03733818268982102,-0.28391304347826085,-0.2434782608695652,-0.1826086956521739,8
1222,-0.7565217391304349,0.05217391304347826,-0.8547826086956521,-0.7391304347826086,-0.7073913043478262,8
1223,-0.3826086956521739,0.08203461853962264,-0.4782608695652174,-0.391304347826087,-0.2326086956521739,8
1224,0.16956521739130434,0.07365684498303225,0.03826086956521739,0.2,0.24913043478260868,8
1225,-0.31304347826086953,0.06024524548065661,-0.40260869565217394,-0.31304347826086953,-0.22043478260869565,8
1226,0.11304347826086956,0.07874247946206449,-0.03130434782608695,0.1391304347826087,0.1826086956521739,8
1227,-0.13695652173913042,0.03882732847715598,-0.19391304347826088,-0.13043478260869565,-0.06999999999999999,8
1228,-0.6934782608695652,0.08561464638050095,-0.8056521739130434,-0.6956521739130435,-0.5682608695652174,8
1229,-0.5717391304347826,0.08061085312060502,-0.6634782608695652,-0.6086956521739131,-0.42695652173913046,8
1230,0.14782608695652175,0.03135261978664339,0.11304347826086956,0.14782608695652175,0.19695652173913045,8
1231,-0.09565217391304348,0.061487546190134565,-0.16521739130434782,-0.09565217391304348,0.01391304347826088,8
1232,-0.4760869565217391,0.08360384575230176,-0.5939130434782608,-0.45217391304347826,-0.36565217391304344,8
1233,-0.1326086956521739,0.0703421290754932,-0.24304347826086956,-0.13043478260869565,-0.02913043478260869,8
1234,-0.017391304347826087,0.0782608695652174,-0.14695652173913043,-0.017391304347826084,0.11217391304347828,8
1235,-0.2847826086956522,0.09893095872158916,-0.471304347826087,-0.26956521739130435,-0.16826086956521738,8
1236,-0.08260869565217391,0.045807190229794514,-0.14478260869565218,-0.08695652173913043,-0.011739130434782606,8
1237,-0.3630434782608696,0.07919132869603036,-0.48347826086956525,-0.3652173913043478,-0.2552173913043478,8
1238,-0.1826086956521739,0.06735623210795508,-0.24913043478260868,-0.21739130434782608,-0.06695652173913043,8
1239,-0.2847826086956522,0.056647018351284266,-0.3565217391304348,-0.2782608695652174,-0.20608695652173914,8
1240,-0.43043478260869567,0.047429183107111805,-0.5182608695652174,-0.4260869565217391,-0.3769565217391304,8
1241,0.041304347826086954,0.05391129029407498,-0.06,0.043478260869565216,0.11,8
1242,0.08043478260869566,0.057310549245495945,-0.0056521739130434775,0.08695652173913043,0.17043478260869566,8
1243,-0.06521739130434782,0.07910176260287066,-0.18782608695652175,-0.0782608695652174,0.054782608695652185,8
1244,-0.2217391304347826,0.07314175583156836,-0.31869565217391305,-0.21739130434782608,-0.09652173913043477,8
1245,-0.1,0.06255432421712243,-0.16217391304347825,-0.1217391304347826,0.016956521739130443,8
1246,-0.5152173913043478,0.04717942263958848,-0.5795652173913043,-0.5217391304347827,-0.44652173913043475,8
1247,-0.2891304347826087,0.0692588361829304,-0.3882608695652174,-0.2956521739130435,-0.18869565217391304,8
1248,-0.39565217391304347,0.05342698142367177,-0.4578260869565217,-0.4173913043478261,-0.3073913043478261,8
1249,-0.09347826086956522,0.05320538369791485,-0.17956521739130435,-0.0782608695652174,-0.02913043478260869,8
1250,-0.09782608695652174,0.05664701835128427,-0.14782608695652175,-0.12173913043478261,-0.0004347826086956424,8
1251,-0.29782608695652174,0.07219879089311138,-0.42826086956521736,-0.2782608695652174,-0.22043478260869565,8
1252,-0.13043478260869568,0.09405785935993016,-0.2778260869565217,-0.1217391304347826,-0.008695652173913044,8
1253,0.1978260869565217,0.0740088892632574,0.07304347826086957,0.2,0.2982608695652174,8
1254,0.08913043478260871,0.060206010539679264,0.0004347826086956528,0.0782608695652174,0.19086956521739132,8
1255,-0.15,0.0740088892632574,-0.23173913043478261,-0.16521739130434782,-0.020869565217391292,8
1256,0.18478260869565216,0.0831503978213273,0.03826086956521739,0.23478260869565218,0.2665217391304348,8
1257,-0.7195652173913043,0.07400888926325741,-0.8426086956521739,-0.7217391304347827,-0.5978260869565217,8
1258,-0.12173913043478261,0.055679341195068247,-0.1826086956521739,-0.13043478260869565,-0.04652173913043478,8
1259,-0.010869565217391304,0.06647341239748111,-0.09260869565217392,-0.017391304347826084,0.09260869565217392,8
1260,0.0,0.06507230237867724,-0.08956521739130435,-0.017391304347826084,0.10695652173913044,8
1261,-0.5304347826086956,0.035853092396675286,-0.5621739130434782,-0.5478260869565217,-0.45565217391304347,8
1262,0.07391304347826087,0.04821972394091051,-0.0026086956521739124,0.06956521739130435,0.14478260869565218,8
1263,-0.09130434782608696,0.049763144096780856,-0.14478260869565218,-0.10434782608695653,0.007826086956521754,8
1264,-0.3760869565217392,0.05320538369791487,-0.46608695652173915,-0.3826086956521739,-0.2960869565217391,8
1265,-0.2891304347826087,0.05102910693176306,-0.38217391304347825,-0.2782608695652174,-0.23478260869565218,8
1266,-0.1326086956521739,0.05925657900190874,-0.22565217391304349,-0.14782608695652175,-0.04652173913043478,8
1267,0.0021739130434782587,0.09403273371253117,-0.1356521739130435,-0.008695652173913044,0.15608695652173912,8
1268,-0.16304347826086957,0.020276910984975687,-0.1826086956521739,-0.16521739130434782,-0.13043478260869565,8
1269,-0.8217391304347826,0.05199243801348437,-0.8895652173913043,-0.8347826086956522,-0.7452173913043477,8
1270,-0.5065217391304349,0.10432517870175503,-0.6695652173913044,-0.46956521739130436,-0.37173913043478257,8
1271,-0.3108695652173913,0.05697974966122242,-0.3882608695652174,-0.31304347826086953,-0.21217391304347827,8
1272,-0.17173913043478262,0.09912185317546084,-0.31260869565217386,-0.17391304347826086,0.001739130434782632,8
1273,-0.6717391304347826,0.06474466352971926,-0.7965217391304348,-0.6521739130434783,-0.6030434782608696,8
1274,-0.15652173913043477,0.07480282840906631,-0.24608695652173912,-0.17391304347826086,-0.020869565217391292,8
1275,-0.5,0.08814406492484039,-0.6143478260869565,-0.4782608695652174,-0.38,8
1276,-0.48043478260869565,0.023714591553555913,-0.5130434782608696,-0.4782608695652174,-0.44652173913043475,8
1277,-0.5065217391304349,0.041646182740582634,-0.5765217391304347,-0.5043478260869565,-0.44652173913043475,8
1278,-0.6130434782608696,0.07262301342821768,-0.6839130434782609,-0.6434782608695653,-0.4760869565217391,8
1279,-0.9195652173913044,0.01725489985476904,-0.9447826086956521,-0.9217391304347826,-0.8956521739130435,8
1280,-0.5304347826086957,0.057021204559147824,-0.6113043478260869,-0.5217391304347827,-0.44652173913043475,8
1281,-0.2673913043478261,0.057310549245495945,-0.35043478260869565,-0.2608695652173913,-0.17739130434782607,8
1282,-0.4782608695652174,0.049952718665548075,-0.5417391304347826,-0.48695652173913045,-0.38608695652173913,8
1283,-0.6978260869565217,0.06843511408129216,-0.7995652173913044,-0.7217391304347827,-0.6030434782608696,8
1284,-0.20217391304347826,0.11218318128209276,-0.3360869565217391,-0.2,-0.00434782608695649,8
1285,-0.40869565217391307,0.060245245480656615,-0.5069565217391304,-0.391304347826087,-0.3278260869565217,8
1286,-0.6108695652173912,0.07375302371168424,-0.7269565217391304,-0.6173913043478261,-0.49043478260869566,8
1287,-0.3,0.10131461041505255,-0.41695652173913045,-0.32173913043478264,-0.1026086956521739,8
1288,0.06956521739130435,0.05430433042085564,-0.0026086956521739124,0.06086956521739131,0.14782608695652175,8
1289,-0.7804347826086957,0.030044076002359237,-0.8230434782608695,-0.7826086956521738,-0.7278260869565217,8
1290,-0.3826086956521739,0.05567934119506824,-0.4547826086956522,-0.4,-0.30434782608695654,8
1291,-0.7391304347826086,0.03689252771408071,-0.7995652173913044,-0.7478260869565216,-0.6900000000000001,8
1292,-0.5260869565217391,0.06255432421712243,-0.6482608695652174,-0.5130434782608696,-0.46391304347826084,8
1293,-0.021739130434782608,0.06721576014669699,-0.12130434782608696,-0.026086956521739132,0.08652173913043479,8
1294,0.1,0.06777590116573867,-0.0026086956521739124,0.11304347826086956,0.17956521739130435,8
1295,-0.758695652173913,0.047974079327638926,-0.8230434782608695,-0.7652173913043478,-0.6756521739130434,8
1296,-0.3326086956521739,0.07272055949425102,-0.471304347826087,-0.33043478260869563,-0.2552173913043478,8
1297,-0.06304347826086956,0.038337374105539994,-0.12739130434782608,-0.06086956521739131,-0.011739130434782606,8
1298,-0.6847826086956521,0.0502827543748712,-0.7534782608695652,-0.6869565217391305,-0.5947826086956521,8
1299,-0.3978260869565218,0.06732114159653055,-0.4782608695652174,-0.40869565217391307,-0.278695652173913,8
1300,-0.7239130434782609,0.07652050394260017,-0.8434782608695652,-0.6869565217391305,-0.6408695652173912,8
1301,-0.6760869565217391,0.08605511049082384,-0.7565217391304347,-0.6956521739130435,-0.5139130434782608,8
1302,-0.8978260869565218,0.03833737410553997,-0.9704347826086956,-0.8869565217391304,-0.8495652173913043,8
1303,-0.26521739130434785,0.10676547093746673,-0.41695652173913045,-0.2608695652173913,-0.1191304347826087,8
1304,-0.8717391304347826,0.051398219206682125,-0.9130434782608695,-0.8956521739130435,-0.7717391304347826,8
1305,-0.2934782608695652,0.04254431693648027,-0.3391304347826087,-0.2956521739130435,-0.21217391304347827,8
1306,-0.14347826086956522,0.05751633284923023,-0.21434782608695652,-0.15652173913043477,-0.0526086956521739,8
1307,-0.6239130434782609,0.05139821920668216,-0.7156521739130435,-0.6086956521739131,-0.5682608695652174,8
1308,-0.6869565217391305,0.056354266942677034,-0.7739130434782608,-0.6782608695652175,-0.6173913043478261,8
1309,-0.24130434782608695,0.12171971894929928,-0.42,-0.23478260869565218,-0.08434782608695653,8
1310,-0.31304347826086953,0.05217391304347826,-0.39956521739130435,-0.28695652173913044,-0.24391304347826087,8
1311,-0.09347826086956522,0.047179422639588485,-0.16521739130434782,-0.0782608695652174,-0.032173913043478254,8
1312,-0.13260869565217392,0.08177496901653925,-0.26652173913043475,-0.09565217391304348,-0.04652173913043478,8
1313,-0.15217391304347827,0.07416835699666079,-0.23478260869565218,-0.16521739130434782,-0.04652173913043478,8
1314,-0.7043478260869566,0.07275304578557179,-0.8139130434782609,-0.7217391304347827,-0.6,8
1315,-0.2891304347826087,0.07942967785410916,-0.41391304347826086,-0.2782608695652174,-0.16304347826086957,8
1316,-0.3608695652173913,0.09395731645641002,-0.5356521739130434,-0.33043478260869563,-0.26956521739130435,8
1317,-0.7630434782608696,0.04164618274058264,-0.8343478260869566,-0.7565217391304347,-0.7073913043478262,8
1318,-0.6565217391304348,0.03104968881975154,-0.701304347826087,-0.6608695652173913,-0.606086956521739,8
1319,-0.3456521739130435,0.0620613148853052,-0.43434782608695655,-0.3652173913043478,-0.24391304347826087,8
1320,-0.42826086956521736,0.055975622563407545,-0.521304347826087,-0.4173913043478261,-0.34826086956521735,8
1321,-0.34347826086956523,0.06665091181198214,-0.45173913043478264,-0.33043478260869563,-0.23565217391304344,8
1322,-0.5608695652173913,0.06997163886709167,-0.6604347826086957,-0.5565217391304347,-0.44956521739130434,8
1323,-0.1934782608695652,0.06618842325060142,-0.28391304347826085,-0.19130434782608696,-0.09043478260869564,8
1324,-0.7304347826086957,0.049190036952107635,-0.8056521739130434,-0.7217391304347827,-0.6582608695652173,8
1325,-0.31956521739130433,0.03733818268982102,-0.38521739130434784,-0.3217391304347826,-0.2726086956521739,8
1326,-0.7543478260869565,0.07895225998841252,-0.8517391304347827,-0.7739130434782608,-0.6152173913043478,8
1327,-0.42826086956521736,0.05391129029407499,-0.5130434782608696,-0.4173913043478261,-0.3595652173913043,8
1328,-0.5021739130434784,0.061449104456967676,-0.5969565217391304,-0.48695652173913045,-0.4147826086956522,8
1329,-0.2673913043478261,0.10558595169200775,-0.40260869565217394,-0.2782608695652174,-0.0934782608695652,8
1330,-0.6,0.10252022715262257,-0.7647826086956522,-0.5826086956521739,-0.4413043478260869,8
1331,-0.48913043478260865,0.04513160759136238,-0.5734782608695652,-0.4782608695652174,-0.43217391304347824,8
1332,-0.08260869565217391,0.07618006725189232,-0.17956521739130435,-0.10434782608695653,0.04869565217391306,8
1333,-0.1826086956521739,0.055679341195068247,-0.2634782608695652,-0.17391304347826086,-0.10173913043478261,8
1334,-0.20217391304347826,0.08539356235392329,-0.30130434782608695,-0.21739130434782608,-0.04739130434782607,8
1335,-0.6978260869565217,0.08822445168566533,-0.8056521739130434,-0.6956521739130435,-0.5743478260869564,8
1336,-0.3021739130434783,0.0740088892632574,-0.40260869565217394,-0.31304347826086953,-0.1660869565217391,8
1337,-0.24782608695652172,0.08641133441022517,-0.36478260869565216,-0.23478260869565215,-0.09956521739130433,8
1338,-0.8065217391304348,0.07602481934802484,-0.8752173913043478,-0.8260869565217391,-0.6478260869565217,8
1339,-0.5934782608695652,0.0521286035142687,-0.6778260869565218,-0.6,-0.5191304347826087,8
1340,-0.3239130434782609,0.07298004491997617,-0.42826086956521736,-0.33043478260869563,-0.18956521739130433,8
1341,-0.8434782608695652,0.056354266942677055,-0.938695652173913,-0.8434782608695652,-0.7626086956521738,8
1342,-0.7239130434782609,0.062365166468613266,-0.831304347826087,-0.7304347826086957,-0.6408695652173912,8
1343,-0.3108695652173913,0.042544316936480274,-0.38217391304347825,-0.30434782608695654,-0.2552173913043478,8
1344,-0.44347826086956527,0.09120076940610014,-0.6104347826086957,-0.4260869565217391,-0.3565217391304348,8
1345,-0.4652173913043478,0.07050989017489938,-0.5447826086956521,-0.48695652173913045,-0.3369565217391304,8
1346,-0.6652173913043478,0.08191932035398596,-0.7852173913043478,-0.6608695652173913,-0.5313043478260869,8
1347,-0.6304347826086956,0.025722086013476607,-0.6665217391304348,-0.6347826086956522,-0.6,8
1348,-0.6978260869565218,0.058291685555617055,-0.7739130434782608,-0.6956521739130435,-0.5978260869565217,8
1349,-0.35,0.04914197632807529,-0.4056521739130435,-0.3652173913043478,-0.2756521739130435,8
1350,-0.5021739130434782,0.06561473162081116,-0.6226086956521739,-0.48695652173913045,-0.41782608695652174,8
1351,0.10869565217391304,0.0906811026722357,-0.023043478260869565,0.1217391304347826,0.21739130434782608,8
1352,0.14347826086956522,0.07157425057893185,0.035217391304347825,0.14782608695652175,0.24913043478260868,8
1353,-0.09565217391304348,0.05897678246195885,-0.19391304347826088,-0.08695652173913043,-0.014782608695652167,8
1354,-0.17608695652173914,0.042544316936480274,-0.24304347826086956,-0.1826086956521739,-0.11608695652173913,8
1355,-0.46956521739130436,0.058976782461958845,-0.567391304347826,-0.4608695652173913,-0.37173913043478257,8
1356,0.2,0.040786223998464606,0.1508695652173913,0.2,0.2747826086956522,8
1357,-0.25869565217391305,0.06732114159653053,-0.3534782608695652,-0.25217391304347825,-0.17130434782608694,8
1358,-0.3760869565217391,0.06296847112156627,-0.4947826086956522,-0.3652173913043478,-0.29304347826086957,8
1359,-0.1,0.07716625804042979,-0.2165217391304348,-0.1217391304347826,0.031304347826086966,8
1360,-0.5978260869565217,0.06760135567594007,-0.7352173913043478,-0.5652173913043478,-0.5478260869565217,8
1361,-0.3956521739130435,0.06942921488117962,-0.4782608695652174,-0.391304347826087,-0.27043478260869563,8
1362,-0.0021739130434782587,0.07375302371168424,-0.12130434782608696,0.017391304347826087,0.0782608695652174,8
1363,-0.06739130434782609,0.0535594999771953,-0.14478260869565218,-0.0608695652173913,0.0026086956521739193,8
1364,0.2108695652173913,0.03578712528946593,0.13956521739130434,0.21739130434782608,0.24913043478260868,8
1365,0.0891304347826087,0.08649333158294678,-0.07739130434782608,0.11304347826086956,0.19086956521739132,8
1366,-0.03260869565217391,0.048366511872363016,-0.10695652173913044,-0.034782608695652174,0.037391304347826095,8
1367,-0.08478260869565218,0.09641494287624645,-0.26260869565217393,-0.0782608695652174,0.037391304347826095,8
1368,0.0891304347826087,0.059574737417585746,-0.0026086956521739124,0.10434782608695653,0.17347826086956522,8
1369,-0.43043478260869567,0.07957828355531794,-0.5417391304347826,-0.43478260869565216,-0.2960869565217391,8
1370,-0.0782608695652174,0.05144417202695318,-0.15608695652173912,-0.0782608695652174,0.0026086956521739193,8
1371,-0.30434782608695654,0.061487546190134565,-0.38521739130434784,-0.30434782608695654,-0.2091304347826087,8
1372,0.03695652173913044,0.09562746716488162,-0.11217391304347826,0.034782608695652174,0.18782608695652175,8
1373,0.06521739130434782,0.08942158174436146,-0.08043478260869566,0.07826086956521738,0.18782608695652175,8
1374,-0.18478260869565216,0.04385704565615655,-0.2604347826086956,-0.17391304347826086,-0.1334782608695652,8
1375,-0.07391304347826087,0.09866787580791493,-0.16521739130434782,-0.09565217391304348,0.11739130434782613,8
1376,-0.05,0.06561473162081118,-0.14478260869565218,-0.052173913043478265,0.054782608695652185,8
1377,-0.2847826086956522,0.09969234337215742,-0.46521739130434786,-0.28695652173913044,-0.1508695652173913,8
1378,-0.023913043478260867,0.0703421290754932,-0.12739130434782608,0.017391304347826087,0.043478260869565216,8
1379,0.0021739130434782587,0.0752751725790469,-0.12130434782608696,0.043478260869565216,0.08956521739130435,8
1380,-0.1934782608695652,0.08779487176655945,-0.30130434782608695,-0.2,-0.0526086956521739,8
1381,-0.4326086956521739,0.07219879089311139,-0.4926086956521739,-0.45217391304347826,-0.2826086956521739,8
1382,-0.3521739130434782,0.10676547093746673,-0.4895652173913044,-0.3652173913043478,-0.16913043478260867,8
1383,0.05434782608695652,0.05893670309446069,-0.04869565217391304,0.06086956521739131,0.12739130434782608,8
1384,-0.33695652173913043,0.09582494278493127,-0.4434782608695652,-0.34782608695652173,-0.1660869565217391,8
1385,-0.3956521739130435,0.0864113344102252,-0.5243478260869565,-0.3826086956521739,-0.2643478260869565,8
1386,-0.3239130434782609,0.07140899002459496,-0.44565217391304346,-0.30434782608695654,-0.23478260869565218,8
1387,0.11521739130434783,0.05102910693176306,0.06086956521739131,0.09565217391304348,0.19695652173913045,8
1388,-0.2760869565217391,0.08014047213550765,-0.3534782608695652,-0.31304347826086953,-0.12826086956521737,8
1389,0.03260869565217391,0.07167322400797624,-0.0691304347826087,0.034782608695652174,0.15000000000000002,8
1390,0.09782608695652173,0.042986347681054755,0.01782608695652174,0.11304347826086956,0.14478260869565218,8
1391,0.15652173913043477,0.04170288281141495,0.10173913043478261,0.1391304347826087,0.21739130434782608,8
1392,0.18695652173913044,0.07365684498303225,0.05565217391304348,0.2,0.26956521739130435,8
1393,-0.10217391304347825,0.0667571849251482,-0.1826086956521739,-0.11304347826086958,-0.011739130434782606,8
1394,-0.15869565217391304,0.06843511408129214,-0.2891304347826087,-0.14782608695652175,-0.08130434782608696,8
1395,0.028260869565217388,0.06647341239748111,-0.0691304347826087,0.034782608695652174,0.12739130434782608,8
1396,0.15652173913043477,0.08739022279235556,0.04652173913043478,0.14782608695652175,0.3065217391304348,8
1397,0.44782608695652176,0.06942921488117962,0.30521739130434783,0.4782608695652174,0.51,8
1398,-0.2326086956521739,0.04797407932763894,-0.30130434782608695,-0.2434782608695652,-0.16826086956521738,8
1399,0.3173913043478261,0.10205821386352609,0.1517391304347826,0.29565217391304344,0.4404347826086957,8
1400,0.09782608695652173,0.07087756689957003,0.008695652173913044,0.10434782608695653,0.1826086956521739,8
1401,-0.34782608695652173,0.04841534228547845,-0.4230434782608696,-0.3391304347826087,-0.29,8
1402,0.1108695652173913,0.08583516096695494,0.0004347826086956528,0.10434782608695653,0.2769565217391305,8
1403,0.23913043478260868,0.09233374165910999,0.09043478260869565,0.2434782608695652,0.35347826086956524,8
1404,-0.0065217391304347805,0.057310549245495945,-0.11521739130434783,0.0,0.06086956521739131,8
1405,-0.3173913043478261,0.046625240412015684,-0.38521739130434784,-0.32173913043478264,-0.2408695652173913,8
1406,0.31304347826086953,0.06679257172059659,0.21217391304347827,0.30434782608695654,0.4282608695652174,8
1407,0.13260869565217392,0.0517646995643072,0.08130434782608696,0.10434782608695653,0.22565217391304349,8
1408,-0.09130434782608696,0.08283721253590282,-0.23391304347826086,-0.0782608695652174,0.023043478260869568,8
1409,-0.5260869565217392,0.047429183107111784,-0.6082608695652174,-0.5217391304347827,-0.46391304347826084,8
1410,-0.25869565217391305,0.05495315069462843,-0.30434782608695654,-0.28695652173913044,-0.16,8
1411,-0.1391304347826087,0.06622411396403398,-0.26565217391304347,-0.13043478260869565,-0.0526086956521739,8
1412,-0.6239130434782608,0.06732114159653053,-0.7556521739130435,-0.6086956521739131,-0.5508695652173913,8
1413,0.03695652173913043,0.10540676454261441,-0.0782608695652174,0.0,0.19391304347826088,8
1414,-0.2282608695652174,0.10468694893769136,-0.4273913043478261,-0.20869565217391306,-0.08217391304347824,8
1415,-0.3195652173913044,0.060519177856848065,-0.4056521739130435,-0.31304347826086953,-0.21521739130434783,8
1416,0.12826086956521737,0.048755785852186526,0.03826086956521739,0.1391304347826087,0.19391304347826088,8
1417,-0.3652173913043478,0.11237259115930509,-0.5182608695652174,-0.3652173913043478,-0.1752173913043478,8
1418,0.2217391304347826,0.07210053892076956,0.10782608695652174,0.23478260869565218,0.33,8
1419,-0.03260869565217391,0.07219879089311138,-0.16434782608695653,-0.026086956521739132,0.054782608695652185,8
1420,-0.09565217391304348,0.08952721861727826,-0.22260869565217392,-0.11304347826086956,0.03434782608695653,8
1421,-0.36086956521739133,0.060088152004718495,-0.4404347826086956,-0.3565217391304348,-0.2613043478260869,8
1422,1.734723475976807e-18,0.04601306627938419,-0.05782608695652174,-0.008695652173913044,0.07521739130434783,8
1423,-0.09565217391304348,0.07922116155777652,-0.21434782608695652,-0.09565217391304348,-0.008695652173913044,8
1424,0.2108695652173913,0.12629293520241577,-0.0017391304347826042,0.2,0.4047826086956522,8
1425,0.2739130434782609,0.07910176260287066,0.18565217391304348,0.2608695652173913,0.40260869565217394,8
1426,-0.28043478260869564,0.09200045204129925,-0.43434782608695655,-0.25217391304347825,-0.16826086956521738,8
1427,-0.2826086956521739,0.07910176260287066,-0.3882608695652174,-0.28695652173913044,-0.14869565217391303,8
1428,-0.38913043478260867,0.07246014483695201,-0.4926086956521739,-0.3826086956521739,-0.278695652173913,8
1429,-0.1217391304347826,0.07969696860792765,-0.25130434782608696,-0.11304347826086956,0.007826086956521754,8
1430,-0.3695652173913044,0.07667474821108,-0.5121739130434783,-0.3652173913043478,-0.2726086956521739,8
1431,0.07391304347826086,0.11978241142570356,-0.04043478260869565,0.017391304347826087,0.29739130434782607,8
1432,-0.4391304347826087,0.08099102613129198,-0.5356521739130434,-0.4608695652173913,-0.2795652173913043,8
1433,-0.35434782608695653,0.06415806331901612,-0.45173913043478264,-0.34782608695652173,-0.24695652173913044,8
1434,-0.7934782608695652,0.051764699564307216,-0.8752173913043478,-0.7913043478260869,-0.7247826086956523,8
1435,-0.24130434782608695,0.05829168555561705,-0.32999999999999996,-0.2434782608695652,-0.1426086956521739,8
1436,-0.20652173913043478,0.08154347536309153,-0.3382608695652174,-0.2,-0.06782608695652172,8
1437,-0.3108695652173913,0.09281870452264866,-0.4260869565217391,-0.2956521739130435,-0.1917391304347826,8
1438,-0.22826086956521738,0.06083073295492706,-0.30434782608695654,-0.2173913043478261,-0.13956521739130434,8
1439,-0.1565217391304348,0.0903678682209849,-0.26652173913043475,-0.16521739130434782,-0.014782608695652167,8
1440,-0.458695652173913,0.08971178383462325,-0.6391304347826087,-0.4173913043478261,-0.391304347826087,8
1441,-0.5282608695652173,0.0611407004801097,-0.6256521739130435,-0.5130434782608696,-0.4608695652173913,8
1442,-0.058695652173913045,0.06980258416522749,-0.1847826086956522,-0.043478260869565216,0.008695652173913044,8
1443,0.021739130434782608,0.1126246421477271,-0.1726086956521739,0.034782608695652174,0.19608695652173916,8
1444,-0.45217391304347826,0.05768043113661564,-0.5643478260869565,-0.4434782608695652,-0.38,8
1445,0.030434782608695653,0.048997511606889754,-0.04043478260869565,0.043478260869565216,0.10391304347826089,8
1446,0.21956521739130433,0.056647018351284266,0.13652173913043478,0.20869565217391306,0.3126086956521739,8
1447,-0.25217391304347825,0.07480282840906631,-0.3565217391304348,-0.2173913043478261,-0.16826086956521738,8
1448,-0.6108695652173912,0.06561473162081116,-0.7352173913043478,-0.6,-0.5334782608695653,8
1449,-0.6021739130434782,0.10558595169200773,-0.7534782608695652,-0.5913043478260869,-0.4526086956521739,8
1450,-0.1565217391304348,0.04762804847871009,-0.21739130434782608,-0.16521739130434782,-0.08434782608695653,8
1451,-0.46304347826086956,0.05664701835128426,-0.5591304347826087,-0.45217391304347826,-0.40869565217391307,8
1452,-0.732608695652174,0.07114377466066771,-0.8486956521739131,-0.7304347826086957,-0.6234782608695651,8
1453,-0.10652173913043478,0.08992225165194102,-0.27695652173913043,-0.10434782608695653,-0.008695652173913044,8
1454,-0.7391304347826086,0.08110764393990275,-0.82,-0.7826086956521738,-0.5917391304347825,8
1455,-0.42391304347826086,0.055975622563407545,-0.521304347826087,-0.4173913043478261,-0.3565217391304348,8
1456,-0.3108695652173913,0.051398219206682125,-0.3708695652173913,-0.32173913043478264,-0.22652173913043477,8
1457,-0.1826086956521739,0.07580693814853345,-0.31260869565217386,-0.1391304347826087,-0.11304347826086956,8
1458,-0.3565217391304348,0.07064381221422575,-0.4773913043478261,-0.34782608695652173,-0.24695652173913044,8
1459,-0.05869565217391304,0.06815832785474298,-0.16217391304347825,-0.052173913043478265,0.023043478260869568,8
1460,-0.7891304347826087,0.08223600138859885,-0.9152173913043478,-0.8,-0.65,8
1461,-0.28043478260869564,0.07323861099096964,-0.3882608695652174,-0.26956521739130435,-0.1743478260869565,8
1462,-0.6326086956521739,0.04385704565615658,-0.6982608695652174,-0.6434782608695653,-0.5682608695652174,8
1463,-0.47608695652173916,0.0853935623539233,-0.6452173913043479,-0.4260869565217391,-0.40869565217391307,8
1464,-0.3173913043478261,0.07814000328526709,-0.4056521739130435,-0.3565217391304348,-0.18869565217391304,8
1465,-0.2217391304347826,0.07050989017489938,-0.30434782608695654,-0.22608695652173913,-0.1191304347826087,8
1466,-0.34347826086956523,0.05816994852286805,-0.44869565217391305,-0.32173913043478264,-0.2756521739130435,8
1467,-0.12391304347826088,0.06503597957239822,-0.23695652173913043,-0.11304347826086956,-0.023913043478260853,8
1468,-0.26521739130434785,0.09435884527917697,-0.4252173913043478,-0.25217391304347825,-0.1508695652173913,8
1469,-0.6152173913043478,0.08450344228511658,-0.7156521739130435,-0.6347826086956522,-0.4504347826086956,8
1470,-0.10217391304347825,0.05563688648725968,-0.16521739130434782,-0.09565217391304348,-0.01782608695652173,8
1471,-0.27608695652173915,0.07323861099096964,-0.38217391304347825,-0.28695652173913044,-0.1826086956521739,8
1472,-0.6956521739130435,0.03367811605397754,-0.736086956521739,-0.7043478260869566,-0.6378260869565218,8
1473,-0.20434782608695654,0.04147561745291068,-0.2808695652173913,-0.19130434782608696,-0.15391304347826087,8
1474,-0.5239130434782608,0.06732114159653053,-0.6369565217391304,-0.5130434782608696,-0.42913043478260865,8
1475,-0.6347826086956521,0.09876362340522216,-0.8191304347826087,-0.6347826086956522,-0.5304347826086957,8
1476,-0.6760869565217391,0.06561473162081116,-0.7678260869565217,-0.6695652173913044,-0.5856521739130435,8
1477,-0.043478260869565216,0.06507230237867724,-0.16434782608695653,-0.034782608695652174,0.04043478260869565,8
1478,-0.5347826086956522,0.04147561745291066,-0.5969565217391304,-0.5391304347826087,-0.4782608695652174,8
1479,-0.42391304347826086,0.04637115001674249,-0.4895652173913044,-0.43478260869565216,-0.3452173913043478,8
1480,-0.21521739130434783,0.1052272722633126,-0.3791304347826087,-0.21739130434782608,-0.0526086956521739,8
1481,-0.12608695652173912,0.05342698142367177,-0.22260869565217392,-0.1217391304347826,-0.06391304347826086,8
1482,-0.44565217391304346,0.09342769107367084,-0.5478260869565217,-0.45217391304347826,-0.2652173913043478,8
1483,-0.8456521739130435,0.049525155434324,-0.9099999999999999,-0.8347826086956522,-0.7656521739130434,8
1484,0.1,0.08641133441022518,-0.042608695652173914,0.09565217391304348,0.22869565217391305,8
1485,-0.14130434782608697,0.047578410061389756,-0.22260869565217392,-0.14782608695652175,-0.06695652173913043,8
1486,0.008695652173913044,0.038888138739126776,-0.04043478260869565,0.008695652173913042,0.07217391304347827,8
1487,-0.6543478260869565,0.04717942263958849,-0.736086956521739,-0.6260869565217391,-0.6173913043478261,8
1488,-0.4217391304347826,0.047429183107111805,-0.4926086956521739,-0.4173913043478261,-0.34826086956521735,8
1489,-0.3760869565217391,0.062365166468613266,-0.4404347826086956,-0.408695652173913,-0.28695652173913044,8
1490,-0.21521739130434783,0.10157083814107536,-0.3556521739130435,-0.2434782608695652,-0.03304347826086954,8
1491,-0.30869565217391304,0.060714087146821485,-0.42,-0.28695652173913044,-0.25217391304347825,8
1492,-0.49782608695652175,0.06114070048010971,-0.5765217391304347,-0.5130434782608696,-0.38913043478260867,8
1493,-0.47391304347826085,0.08597269536210951,-0.5878260869565217,-0.48695652173913045,-0.3143478260869565,8
1494,-0.5152173913043478,0.07193648742510562,-0.6256521739130435,-0.5043478260869565,-0.42913043478260865,8
1495,-0.2391304347826087,0.08984338399900793,-0.3391304347826087,-0.2608695652173913,-0.09869565217391305,8
1496,-0.8108695652173913,0.06051917785684807,-0.8895652173913043,-0.817391304347826,-0.7021739130434783,8
1497,-0.1326086956521739,0.05664701835128427,-0.21434782608695652,-0.1391304347826087,-0.04652173913043478,8
1498,-0.3804347826086957,0.04990539253586522,-0.4547826086956522,-0.391304347826087,-0.3217391304347826,8
1499,-0.3521739130434783,0.1042572070285374,-0.51,-0.31304347826086953,-0.23782608695652174,8
1500,-0.6347826086956522,0.03367811605397755,-0.6982608695652174,-0.6260869565217391,-0.6,8
1501,-0.46956521739130436,0.046827520062039156,-0.5417391304347826,-0.46956521739130436,-0.3973913043478261,8
1502,-0.16304347826086957,0.046371150016742475,-0.24,-0.17391304347826086,-0.09869565217391305,8
1503,-0.12173913043478261,0.08385783270428657,-0.21434782608695652,-0.14782608695652172,0.020000000000000004,8
1504,-0.3978260869565217,0.07477123270399932,-0.5273913043478261,-0.3739130434782609,-0.3247826086956521,8
1505,-0.44782608695652176,0.10168709185675216,-0.5826086956521739,-0.4434782608695652,-0.2991304347826087,8
1506,-0.7,0.03663543379641894,-0.7534782608695652,-0.7043478260869566,-0.6521739130434783,8
1507,-0.46739130434782605,0.0711437746606677,-0.5621739130434782,-0.45217391304347826,-0.3543478260869565,8
1508,-0.4108695652173913,0.065325996527464,-0.5039130434782609,-0.4173913043478261,-0.3134782608695652,8
1509,-0.3239130434782609,0.04797407932763895,-0.40260869565217394,-0.3217391304347826,-0.2552173913043478,8
1510,-0.5804347826086957,0.0779886570202265,-0.6808695652173913,-0.6,-0.4526086956521739,8
1511,0.11521739130434783,0.07193648742510564,0.011739130434782608,0.10434782608695653,0.22565217391304349,8
1512,0.14565217391304347,0.05989120571285179,0.06086956521739131,0.1391304347826087,0.22869565217391305,8
1513,-0.3934782608695652,0.11648198543146794,-0.5447826086956521,-0.4260869565217391,-0.21217391304347827,8
1514,-0.7826086956521738,0.046827520062039156,-0.8578260869565217,-0.7739130434782608,-0.7217391304347827,8
1515,-0.5195652173913043,0.05563688648725967,-0.5795652173913043,-0.5304347826086957,-0.40956521739130436,8
1516,-0.47173913043478266,0.08517190445286842,-0.5878260869565217,-0.4956521739130435,-0.33391304347826084,8
1517,-0.6695652173913044,0.02884021556830784,-0.701304347826087,-0.6869565217391305,-0.6204347826086957,8
1518,-0.6239130434782609,0.07823067050194166,-0.758695652173913,-0.6260869565217391,-0.5191304347826087,8
1519,-0.3652173913043478,0.05070392952039393,-0.4230434782608696,-0.3739130434782609,-0.26739130434782604,8
1520,-0.12173913043478261,0.09161438045958903,-0.24304347826086956,-0.15652173913043477,0.02826086956521741,8
1521,-0.6499999999999999,0.05391129029407497,-0.758695652173913,-0.6347826086956522,-0.6,8
1522,-0.46956521739130436,0.061487546190134565,-0.5704347826086956,-0.4608695652173913,-0.38,8
1523,-0.2717391304347826,0.06590220170097442,-0.36782608695652175,-0.2608695652173913,-0.17130434782608694,8
1524,-0.6478260869565217,0.08237954487607137,-0.7821739130434783,-0.6347826086956522,-0.5365217391304348,8
1525,-0.5652173913043478,0.05567934119506823,-0.6173913043478261,-0.5913043478260869,-0.48130434782608694,8
1526,-0.03913043478260869,0.014420107784153912,-0.05782608695652174,-0.043478260869565216,-0.011739130434782606,8
1527,-0.03043478260869565,0.04055382196995137,-0.08956521739130435,-0.043478260869565216,0.037391304347826095,8
1528,-0.18043478260869564,0.05989120571285179,-0.2808695652173913,-0.17391304347826086,-0.09869565217391305,8
1529,-0.8152173913043479,0.039789141777659,-0.8578260869565217,-0.8347826086956522,-0.7452173913043477,8
1530,-0.85,0.0459616837214478,-0.8956521739130435,-0.8695652173913044,-0.7656521739130434,8
1531,0.1760869565217391,0.052848894700622685,0.10173913043478261,0.1826086956521739,0.24608695652173912,8
1532,-0.5652173913043478,0.056354266942677034,-0.6491304347826087,-0.5391304347826087,-0.49869565217391304,8
1533,-0.7760869565217391,0.034165725316308085,-0.837391304347826,-0.7652173913043478,-0.7391304347826086,8
1534,-0.0608695652173913,0.11633989704573611,-0.22565217391304349,-0.06956521739130435,0.10695652173913044,8
1535,0.05869565217391304,0.0946339080855605,-0.09260869565217392,0.10434782608695653,0.16217391304347825,8
1536,-0.6565217391304348,0.05945562752685803,-0.7330434782608696,-0.6608695652173913,-0.5569565217391304,8
1537,-0.07608695652173914,0.03304061772515362,-0.12739130434782608,-0.06956521739130435,-0.02913043478260869,8
1538,-0.18695652173913044,0.0474291831071118,-0.24913043478260868,-0.1826086956521739,-0.1191304347826087,8
1539,-0.08043478260869565,0.06871078534469177,-0.1826086956521739,-0.043478260869565216,-0.008695652173913044,8
1540,-0.24130434782608695,0.08822445168566531,-0.35043478260869565,-0.25217391304347825,-0.08217391304347824,8
1541,-0.12608695652173912,0.07157425057893187,-0.21434782608695652,-0.1217391304347826,-0.043478260869565216,8
1542,-0.5847826086956522,0.06474466352971926,-0.6808695652173913,-0.5826086956521739,-0.48434782608695653,8
1543,-0.028260869565217395,0.06296847112156626,-0.12130434782608696,-0.026086956521739132,0.08043478260869567,8
1544,-0.908695652173913,0.04497426275125477,-0.9795652173913043,-0.9130434782608695,-0.8465217391304348,8
1545,-0.2173913043478261,0.03253615118933862,-0.2778260869565217,-0.20869565217391306,-0.1826086956521739,8
1546,-0.08260869565217391,0.06315582194058239,-0.16217391304347825,-0.08695652173913043,0.008695652173913044,8
1547,-0.6217391304347826,0.06721576014669699,-0.701304347826087,-0.6260869565217391,-0.4965217391304348,8
1548,-0.21739130434782608,0.09284415871331575,-0.34739130434782606,-0.2,-0.07304347826086956,8
1549,-0.5891304347826087,0.06083073295492705,-0.6665217391304348,-0.5826086956521739,-0.49869565217391304,8
1550,-0.717391304347826,0.052714589795574515,-0.8139130434782609,-0.7043478260869566,-0.6552173913043479,8
1551,-0.5847826086956522,0.08315039782132727,-0.7352173913043478,-0.5826086956521739,-0.48434782608695653,8
1552,-0.13695652173913042,0.043423879033561257,-0.19695652173913045,-0.1391304347826087,-0.06695652173913043,8
1553,-0.7369565217391305,0.043857045656156536,-0.7913043478260869,-0.7391304347826086,-0.6613043478260869,8
1554,-0.5347826086956522,0.11093348541020065,-0.6839130434782609,-0.5478260869565217,-0.38,8
1555,-0.5043478260869565,0.04518393411049245,-0.5447826086956521,-0.5130434782608696,-0.40956521739130436,8
1556,-0.6108695652173912,0.04513160759136241,-0.6921739130434783,-0.6,-0.5508695652173913,8
1557,-0.8347826086956522,0.05430433042085564,-0.9243478260869565,-0.8347826086956522,-0.7595652173913043,8
1558,-0.55,0.07087756689957002,-0.6430434782608696,-0.5652173913043478,-0.42391304347826086,8
1559,-0.33913043478260874,0.07480282840906632,-0.43130434782608695,-0.3565217391304348,-0.19260869565217387,8
1560,-0.6021739130434782,0.08714653153403237,-0.7043478260869566,-0.6000000000000001,-0.48739130434782607,8
1561,-0.37173913043478257,0.09739033384609615,-0.5265217391304348,-0.3739130434782609,-0.2182608695652174,8
1562,-0.8195652173913044,0.07272055949425102,-0.8926086956521739,-0.8260869565217391,-0.6765217391304348,8
1563,-0.37173913043478257,0.08494966818513011,-0.5008695652173913,-0.3652173913043478,-0.24695652173913044,8
1564,-0.6869565217391305,0.07630403815123585,-0.8026086956521739,-0.6869565217391305,-0.5826086956521739,8
1565,-0.9565217391304348,0.024595018476053842,-0.9826086956521739,-0.9565217391304348,-0.9160869565217391,8
1566,-0.2326086956521739,0.09383148632568364,-0.3391304347826087,-0.23478260869565218,-0.10173913043478261,8
1567,-0.3760869565217391,0.05597562256340754,-0.4434782608695652,-0.3739130434782609,-0.27043478260869563,8
1568,-0.8999999999999999,0.03339628586029827,-0.9447826086956521,-0.9130434782608695,-0.8465217391304348,8
1569,-0.35434782608695653,0.08360384575230179,-0.48043478260869565,-0.3652173913043478,-0.21217391304347827,8
1570,-0.8043478260869565,0.06997163886709168,-0.8926086956521739,-0.817391304347826,-0.6817391304347826,8
1571,-0.7195652173913043,0.06415806331901612,-0.7882608695652173,-0.7304347826086957,-0.606086956521739,8
1572,-0.4391304347826087,0.05051717408096632,-0.4956521739130435,-0.4434782608695652,-0.34826086956521735,8
1573,-0.6369565217391304,0.06590220170097444,-0.7186956521739131,-0.6347826086956522,-0.5365217391304348,8
1574,-0.3847826086956522,0.08865195001784208,-0.5326086956521738,-0.4,-0.2726086956521739,8
1575,-0.5891304347826087,0.04072824781564173,-0.6491304347826087,-0.5826086956521739,-0.5334782608695653,8
1576,-0.9021739130434783,0.027412000462866255,-0.9447826086956521,-0.9043478260869565,-0.8639130434782609,8
1577,-0.6782608695652174,0.06448868249648403,-0.7739130434782608,-0.6695652173913044,-0.6030434782608696,8
1578,-0.26521739130434785,0.06833145063261614,-0.38217391304347825,-0.25217391304347825,-0.1826086956521739,8
1579,-0.6369565217391305,0.09739033384609617,-0.7504347826086957,-0.6695652173913044,-0.48739130434782607,8
1580,-0.48043478260869565,0.07552588159147916,-0.5478260869565217,-0.5043478260869565,-0.32565217391304346,8
1581,-0.4717391304347826,0.06618842325060142,-0.5447826086956521,-0.4956521739130435,-0.3595652173913043,8
1582,-0.5630434782608695,0.06296847112156626,-0.6747826086956522,-0.5391304347826087,-0.48434782608695653,8
1583,-0.8,0.057021204559147824,-0.9039130434782608,-0.7826086956521738,-0.7278260869565217,8
1584,-0.39347826086956517,0.040261432994461166,-0.4578260869565217,-0.391304347826087,-0.3421739130434782,8
1585,-0.6217391304347826,0.0761800672518923,-0.7556521739130435,-0.6260869565217391,-0.5160869565217392,8
1586,-0.7652173913043478,0.049190036952107635,-0.808695652173913,-0.7826086956521738,-0.6756521739130434,8
1587,-0.6326086956521739,0.04952515543432399,-0.73,-0.6173913043478261,-0.5856521739130435,8
1588,-0.7543478260869565,0.026713490711835874,-0.7882608695652173,-0.7565217391304347,-0.7104347826086956,8
1589,-0.5717391304347826,0.08246555103648114,-0.712608695652174,-0.5565217391304347,-0.4782608695652174,8
1590,-0.8021739130434782,0.056979749661222434,-0.8752173913043478,-0.817391304347826,-0.7247826086956523,8
1591,-0.09130434782608696,0.060714087146821485,-0.16521739130434782,-0.09565217391304348,-0.0004347826086956424,8
1592,-0.4934782608695652,0.09700135442314392,-0.6543478260869565,-0.46956521739130436,-0.38,8
1593,-0.7760869565217392,0.05460807255252378,-0.8434782608695652,-0.7739130434782608,-0.6930434782608695,8
1594,-0.8695652173913043,0.03790346907426671,-0.927391304347826,-0.8608695652173913,-0.8260869565217391,8
1595,-0.8021739130434783,0.05495315069462844,-0.8752173913043478,-0.7913043478260869,-0.7247826086956523,8
1596,-0.9108695652173913,0.02940815056188842,-0.9447826086956521,-0.9130434782608695,-0.8526086956521739,8
1597,-0.3826086956521739,0.07010658911563958,-0.4721739130434783,-0.391304347826087,-0.2643478260869565,8
1598,-0.7782608695652173,0.033396285860298296,-0.8230434782608695,-0.7739130434782608,-0.7278260869565217,8
1599,-0.7760869565217392,0.057966485330319055,-0.8404347826086956,-0.7913043478260869,-0.6643478260869565,8
1600,-0.5413043478260869,0.09241048394274906,-0.6952173913043479,-0.5304347826086957,-0.43217391304347824,8
1601,-0.8586956521739131,0.04637115001674247,-0.927391304347826,-0.8608695652173913,-0.7943478260869565,8
1602,-0.8891304347826088,0.030044076002359213,-0.927391304347826,-0.8956521739130434,-0.8465217391304348,8
1603,-0.8847826086956521,0.060830732954927046,-0.9734782608695652,-0.8956521739130434,-0.7830434782608695,8
1604,-0.7282608695652174,0.06445203078423302,-0.8056521739130434,-0.7304347826086957,-0.6039130434782608,8
1605,-0.7608695652173914,0.042377366716560706,-0.8230434782608695,-0.7565217391304347,-0.7043478260869566,8
1606,-0.6673913043478261,0.0617559683101817,-0.7565217391304347,-0.6695652173913044,-0.5826086956521739,8
1607,-0.7847826086956522,0.037841076490280894,-0.8404347826086956,-0.7913043478260869,-0.7247826086956523,8
1608,-0.5891304347826086,0.07823067050194167,-0.6839130434782609,-0.5826086956521739,-0.44739130434782604,8
1609,-0.517391304347826,0.033396285860298275,-0.5621739130434782,-0.5217391304347827,-0.4782608695652174,8
1610,-0.7804347826086957,0.06898535501140188,-0.8752173913043478,-0.7739130434782608,-0.678695652173913,8
1611,-0.5456521739130434,0.03304061772515359,-0.5826086956521739,-0.5478260869565217,-0.48434782608695653,8
1612,-0.8021739130434783,0.04836651187236303,-0.8578260869565217,-0.817391304347826,-0.7247826086956523,8
1613,-0.33043478260869563,0.07969696860792766,-0.48043478260869565,-0.30434782608695654,-0.23782608695652174,8
1614,-0.3717391304347826,0.072460144836952,-0.48347826086956525,-0.3739130434782609,-0.2613043478260869,8
1615,-0.8152173913043478,0.0459616837214478,-0.8782608695652174,-0.8260869565217391,-0.7565217391304347,8
1616,-0.7891304347826087,0.02940815056188846,-0.8404347826086956,-0.7826086956521738,-0.7565217391304347,8
1617,-0.9130434782608696,0.040786223998464585,-0.9621739130434782,-0.9217391304347826,-0.8465217391304348,8
1618,-0.8652173913043478,0.038644323553546044,-0.9099999999999999,-0.8782608695652174,-0.797391304347826,8
1619,-0.6304347826086956,0.040553821969951394,-0.6982608695652174,-0.6260869565217391,-0.5826086956521739,8
1620,-0.9391304347826086,0.03135261978664338,-0.9939130434782608,-0.9391304347826086,-0.8986956521739131,8
1621,-0.5695652173913043,0.06255432421712243,-0.6634782608695652,-0.5565217391304347,-0.48130434782608694,8
1622,-0.7326086956521739,0.05893670309446068,-0.7882608695652173,-0.7565217391304347,-0.6234782608695651,8
1623,-0.9217391304347826,0.038888138739126756,-0.9765217391304347,-0.9304347826086956,-0.8639130434782609,8
1624,-0.8260869565217391,0.03689252771408076,-0.8752173913043478,-0.8347826086956522,-0.7626086956521738,8
1625,-0.6782608695652175,0.062099377639503045,-0.7217391304347827,-0.7043478260869566,-0.548695652173913,8
1626,-0.7282608695652173,0.04513160759136236,-0.7882608695652173,-0.7391304347826086,-0.6582608695652173,8
1627,-0.9,0.04147561745291066,-0.9621739130434782,-0.8956521739130435,-0.8465217391304348,8
1628,-0.8543478260869565,0.06618842325060144,-0.9417391304347825,-0.8782608695652174,-0.7595652173913043,8
1629,-0.817391304347826,0.05430433042085562,-0.9039130434782608,-0.817391304347826,-0.7308695652173913,8
1630,-0.7108695652173913,0.05495315069462841,-0.7995652173913044,-0.7043478260869565,-0.6408695652173912,8
1631,-0.8021739130434783,0.06503597957239823,-0.8865217391304349,-0.808695652173913,-0.6878260869565217,8
1632,-0.8152173913043478,0.043423879033561284,-0.8782608695652174,-0.817391304347826,-0.7595652173913043,8
1633,-0.5695652173913044,0.06721576014669699,-0.6491304347826087,-0.5826086956521739,-0.4413043478260869,8
1634,-0.4891304347826087,0.0673211415965305,-0.5765217391304347,-0.4956521739130435,-0.38,8
1635,-0.37173913043478257,0.061755968310181694,-0.4578260869565217,-0.3565217391304348,-0.30434782608695654,8
1636,-0.75,0.04342387903356124,-0.8026086956521739,-0.7565217391304347,-0.6643478260869565,8
1637,-0.7782608695652173,0.036635433796418954,-0.8260869565217391,-0.7739130434782608,-0.7247826086956523,8
1638,-0.8434782608695652,0.034782608695652195,-0.8926086956521739,-0.8347826086956522,-0.7943478260869565,8
1639,-0.7760869565217391,0.023714591553555913,-0.808695652173913,-0.7739130434782608,-0.7421739130434782,8
1640,-0.9239130434782608,0.06144910445696769,-0.9795652173913043,-0.9478260869565217,-0.7952173913043478,8
1641,-0.7782608695652173,0.04237736671656074,-0.8630434782608696,-0.7652173913043478,-0.7391304347826086,8
1642,-0.9478260869565217,0.017391304347826098,-0.9795652173913043,-0.9478260869565217,-0.9304347826086956,8
1643,-0.8739130434782609,0.04976314409678084,-0.9417391304347825,-0.8782608695652174,-0.7943478260869565,8
1644,-0.7565217391304347,0.04919003695210764,-0.8404347826086956,-0.7478260869565216,-0.7043478260869566,8
1645,-0.75,0.06083073295492704,-0.8230434782608695,-0.7739130434782608,-0.6695652173913044,8
1646,-0.4326086956521739,0.024498755803444877,-0.4608695652173913,-0.4260869565217391,-0.3943478260869565,8
1647,-0.808695652173913,0.042599821613620484,-0.8578260869565217,-0.817391304347826,-0.7308695652173913,8
1648,-0.7673913043478261,0.04428597562492034,-0.8260869565217391,-0.7565217391304347,-0.7073913043478262,8
1649,-0.7673913043478261,0.037841076490280894,-0.8230434782608695,-0.7652173913043478,-0.7104347826086956,8
1650,-0.8434782608695652,0.04995271866554809,-0.9099999999999999,-0.8434782608695652,-0.7626086956521738,8
1651,-0.4326086956521739,0.0747712327039993,-0.5447826086956521,-0.43478260869565216,-0.3391304347826087,8
1652,-0.6043478260869565,0.033396285860298316,-0.6491304347826087,-0.6,-0.5508695652173913,8
1653,-0.5673913043478261,0.09302214302319421,-0.6634782608695652,-0.6,-0.3808695652173913,8
1654,-0.5782608695652174,0.07618006725189232,-0.6839130434782609,-0.6,-0.46695652173913044,8
1655,-0.7217391304347827,0.05144417202695317,-0.7882608695652173,-0.7217391304347827,-0.6378260869565218,8
1656,-0.9130434782608695,0.0260869565217391,-0.9591304347826086,-0.9043478260869565,-0.881304347826087,8
1657,-0.8804347826086957,0.05529607539989958,-0.9447826086956521,-0.8869565217391304,-0.7747826086956521,8
1658,-0.8652173913043479,0.02420767114273924,-0.8956521739130435,-0.8695652173913044,-0.8291304347826087,8
1659,-0.5782608695652174,0.058816301123776886,-0.6778260869565218,-0.5739130434782609,-0.49869565217391304,8
1660,-0.8565217391304348,0.029807193914787165,-0.8956521739130435,-0.8521739130434782,-0.8117391304347826,8
1661,-0.5826086956521739,0.05567934119506826,-0.6747826086956522,-0.5826086956521739,-0.49043478260869566,8
1662,-0.8043478260869565,0.06888251964241243,-0.9182608695652174,-0.7913043478260869,-0.6991304347826087,8
1663,-0.8543478260869565,0.06083073295492706,-0.927391304347826,-0.8695652173913044,-0.7482608695652173,8
1664,-0.7217391304347827,0.05217391304347825,-0.8026086956521739,-0.7130434782608697,-0.6439130434782608,8
1665,-0.24782608695652175,0.0832923654811653,-0.3760869565217391,-0.25217391304347825,-0.1334782608695652,8
1666,0.19782608695652176,0.042986347681054755,0.1108695652173913,0.20869565217391306,0.24608695652173912,8
1667,-0.20217391304347826,0.04952515543432398,-0.26652173913043475,-0.21739130434782608,-0.1334782608695652,8
1668,-0.44565217391304346,0.06236516646861327,-0.51,-0.45217391304347826,-0.3226086956521739,8
1669,-0.9478260869565218,0.02608695652173912,-0.9795652173913043,-0.9565217391304348,-0.9017391304347826,8
1670,-0.41086956521739126,0.09013222800707774,-0.5817391304347825,-0.3826086956521739,-0.3217391304347826,8
1671,-0.7717391304347826,0.06760135567594006,-0.8834782608695653,-0.7739130434782608,-0.6900000000000001,8
1672,-0.8695652173913043,0.043478260869565195,-0.927391304347826,-0.8608695652173913,-0.8004347826086956,8
1673,-0.3108695652173913,0.06675718492514819,-0.43956521739130433,-0.30434782608695654,-0.23478260869565218,8
1674,-0.6847826086956521,0.055296075399899586,-0.7565217391304347,-0.6869565217391305,-0.606086956521739,8
1675,0.19130434782608696,0.0782608695652174,0.04434782608695652,0.22608695652173913,0.2665217391304348,8
1676,-0.7173913043478262,0.05751633284923022,-0.8139130434782609,-0.7217391304347827,-0.6378260869565218,8
1677,-0.791304347826087,0.05217391304347825,-0.8578260869565217,-0.8,-0.7073913043478262,8
1678,-0.25,0.04118977243803569,-0.28695652173913044,-0.26956521739130435,-0.17130434782608694,8
1679,-0.6608695652173913,0.07117698062497783,-0.7534782608695652,-0.6608695652173913,-0.5652173913043478,8
1680,-0.28260869565217395,0.04147561745291068,-0.33304347826086955,-0.30434782608695654,-0.21739130434782608,8
1681,-0.3934782608695652,0.045548536608167316,-0.4691304347826087,-0.3826086956521739,-0.3278260869565217,8
1682,-0.3521739130434782,0.064341950378038,-0.4260869565217391,-0.3565217391304348,-0.2326086956521739,8
1683,-0.46304347826086956,0.08315039782132728,-0.5704347826086956,-0.48695652173913045,-0.30521739130434783,8
1684,-0.26956521739130435,0.053603600025817176,-0.3534782608695652,-0.2608695652173913,-0.2,8
1685,-0.6847826086956521,0.05796648533031906,-0.7391304347826086,-0.7130434782608697,-0.577391304347826,8
1686,-0.27391304347826084,0.09395731645641003,-0.41391304347826086,-0.28695652173913044,-0.11391304347826085,8
1687,-0.5826086956521739,0.02749806661015981,-0.6173913043478261,-0.5826086956521739,-0.5365217391304348,8
1688,-0.4434782608695652,0.07275304578557179,-0.5447826086956521,-0.4434782608695652,-0.3278260869565217,8
1689,-0.3826086956521739,0.06735623210795509,-0.4895652173913044,-0.3826086956521739,-0.29304347826086957,8
1690,-0.2782608695652174,0.062099377639503045,-0.38217391304347825,-0.2782608695652174,-0.20304347826086958,8
1691,-0.03260869565217392,0.0614491044569677,-0.09260869565217392,-0.06086956521739131,0.08347826086956524,8
1692,-0.25217391304347825,0.048415342285478453,-0.34130434782608693,-0.25217391304347825,-0.18869565217391304,8
1693,-0.1934782608695652,0.04513160759136237,-0.2604347826086956,-0.2,-0.11086956521739129,8
1694,-0.11739130434782609,0.048997511606889754,-0.2082608695652174,-0.10434782608695653,-0.06391304347826086,8
1695,0.17391304347826086,0.07630403815123583,0.06391304347826088,0.19130434782608696,0.2778260869565218,8
1696,0.14782608695652175,0.09643944788182103,0.003478260869565219,0.14782608695652175,0.2982608695652174,8
1697,-0.05869565217391304,0.057310549245495945,-0.13043478260869565,-0.06956521739130435,0.023043478260869568,8
1698,0.0391304347826087,0.047429183107111805,-0.023043478260869565,0.034782608695652174,0.12130434782608697,8
1699,-0.14130434782608695,0.05631232107386356,-0.22869565217391305,-0.14782608695652175,-0.06391304347826086,8
1700,-0.508695652173913,0.07862235356532662,-0.6513043478260869,-0.4956521739130435,-0.4260869565217391,8
1701,-0.2043478260869565,0.054129998252124924,-0.28391304347826085,-0.2,-0.11086956521739129,8
1702,-0.19130434782608696,0.03689252771408074,-0.24608695652173912,-0.19130434782608696,-0.1334782608695652,8
1703,-0.11521739130434783,0.04471079087218072,-0.17956521739130435,-0.11304347826086956,-0.038260869565217376,8
1704,-0.2456521739130435,0.049141976328075286,-0.31869565217391305,-0.23478260869565218,-0.18565217391304348,8
1705,0.03260869565217392,0.03578712528946593,-0.03434782608695652,0.034782608695652174,0.07521739130434783,8
1706,-0.13260869565217392,0.07349626741033465,-0.22869565217391305,-0.14782608695652175,-0.011739130434782606,8
1707,-0.1391304347826087,0.061487546190134565,-0.2,-0.16521739130434782,-0.032173913043478254,8
1708,-0.34130434782608693,0.06356605007484108,-0.45695652173913043,-0.3391304347826087,-0.24695652173913044,8
1709,-0.07391304347826087,0.07416835699666079,-0.21043478260869566,-0.06956521739130435,0.023043478260869568,8
1710,-0.17173913043478262,0.04513160759136237,-0.24608695652173912,-0.16521739130434782,-0.10478260869565217,8
1711,-0.28695652173913044,0.04433930011819813,-0.36478260869565216,-0.28695652173913044,-0.23478260869565218,8
1712,-0.22391304347826085,0.0378410764902809,-0.2952173913043478,-0.21739130434782608,-0.17130434782608694,8
1713,-0.8195652173913043,0.04513160759136241,-0.8926086956521739,-0.817391304347826,-0.7595652173913043,8
1714,0.06521739130434784,0.08052286598892232,-0.05173913043478261,0.06956521739130435,0.17652173913043478,8
1715,0.27608695652173915,0.0886519500178421,0.1426086956521739,0.2782608695652174,0.391304347826087,8
1716,-0.4826086956521739,0.09943127500895017,-0.5826086956521739,-0.5130434782608696,-0.30521739130434783,8
1717,0.23043478260869565,0.07568215298056177,0.14782608695652175,0.22608695652173913,0.3391304347826087,8
1718,-0.05434782608695653,0.0614491044569677,-0.11304347826086956,-0.06086956521739131,0.060000000000000026,8
1719,0.05434782608695653,0.05631232107386356,-0.03434782608695652,0.043478260869565216,0.12739130434782608,8
1720,-0.14130434782608697,0.09602201228416424,-0.2634782608695652,-0.15652173913043477,0.02826086956521741,8
1721,-0.7108695652173913,0.08107850521291964,-0.808695652173913,-0.7130434782608696,-0.5804347826086956,8
1722,-0.6869565217391305,0.0476280484787101,-0.7647826086956522,-0.6869565217391305,-0.6091304347826086,8
1723,0.13695652173913045,0.06020601053967926,0.04652173913043478,0.15652173913043477,0.21130434782608695,8
1724,-0.1847826086956522,0.08971178383462325,-0.2982608695652174,-0.20869565217391306,-0.032173913043478254,8
1725,-0.7152173913043478,0.08200580919069572,-0.871304347826087,-0.7043478260869566,-0.6204347826086957,8
1726,-0.02826086956521739,0.08450344228511657,-0.14478260869565218,-0.008695652173913044,0.07521739130434783,8
1727,0.4,0.05961438782957431,0.3247826086956522,0.4173913043478261,0.4978260869565218,8
1728,-0.7130434782608696,0.06679257172059659,-0.7882608695652173,-0.7217391304347827,-0.5865217391304347,8
1729,-0.2608695652173913,0.07327086759283791,-0.38521739130434784,-0.2434782608695652,-0.17130434782608694,8
1730,-0.4543478260869565,0.06326796613415324,-0.5530434782608695,-0.46956521739130436,-0.3595652173913043,8
1731,0.03478260869565217,0.08249419983047947,-0.07521739130434783,0.06086956521739131,0.12739130434782608,8
1732,-0.18478260869565216,0.09582494278493127,-0.2982608695652174,-0.2,-0.023913043478260853,8
1733,-0.008695652173913042,0.10325514858293841,-0.18173913043478263,0.008695652173913042,0.11,8
1734,0.3826086956521739,0.08564224175474874,0.23782608695652174,0.4,0.47521739130434787,8
1735,-0.2782608695652174,0.06565073421974564,-0.3708695652173913,-0.2782608695652174,-0.18565217391304348,8
1736,-0.45,0.06788041302606956,-0.5273913043478261,-0.46956521739130436,-0.3595652173913043,8
1737,-0.33695652173913043,0.08177496901653926,-0.44869565217391305,-0.3391304347826087,-0.18652173913043477,8
1738,-0.3,0.08597269536210952,-0.4260869565217391,-0.28695652173913044,-0.1743478260869565,8
1739,-0.1782608695652174,0.0710440636450791,-0.2982608695652174,-0.15652173913043477,-0.08739130434782608,8
1740,-0.3543478260869566,0.04952515543432398,-0.4230434782608696,-0.3565217391304348,-0.29,8
1741,-0.7652173913043478,0.03790346907426671,-0.8230434782608695,-0.7652173913043478,-0.7073913043478262,8
1742,-0.17391304347826086,0.04682752006203916,-0.24913043478260868,-0.16521739130434782,-0.11304347826086956,8
1743,-0.44565217391304346,0.06236516646861326,-0.538695652173913,-0.4608695652173913,-0.3595652173913043,8
1744,-0.07826086956521738,0.040786223998464606,-0.12739130434782608,-0.0782608695652174,-0.003478260869565205,8
1745,-0.08043478260869566,0.08131132264897845,-0.23391304347826086,-0.052173913043478265,0.005652173913043481,8
1746,-0.23478260869565218,0.06270523957328676,-0.32999999999999996,-0.2434782608695652,-0.14782608695652175,8
1747,-0.4217391304347826,0.04237736671656071,-0.4895652173913044,-0.40869565217391307,-0.3739130434782609,8
1748,-0.3065217391304348,0.0692588361829304,-0.38521739130434784,-0.31304347826086953,-0.17217391304347823,8
1749,-0.19130434782608696,0.04170288281141495,-0.2634782608695652,-0.17391304347826086,-0.14782608695652175,8
1750,-0.09782608695652173,0.09302214302319421,-0.26869565217391306,-0.08695652173913043,0.008695652173913044,8
1751,-0.5978260869565217,0.04637115001674249,-0.6634782608695652,-0.6086956521739131,-0.5191304347826087,8
1752,-0.48043478260869565,0.05925657900190874,-0.5591304347826087,-0.48695652173913045,-0.38304347826086954,8
1753,-0.2630434782608696,0.05212860351426868,-0.3217391304347826,-0.2608695652173913,-0.2,8
1754,-0.35,0.08822445168566533,-0.4691304347826087,-0.3652173913043478,-0.2008695652173913,8
1755,-0.38913043478260867,0.03733818268982103,-0.4373913043478261,-0.4,-0.3247826086956521,8
1756,-0.24347826086956523,0.049190036952107656,-0.30130434782608695,-0.25217391304347825,-0.15391304347826087,8
1757,-0.38913043478260867,0.04118977243803569,-0.4434782608695652,-0.3826086956521739,-0.3391304347826087,8
1758,-0.7195652173913043,0.04385704565615654,-0.7565217391304347,-0.7304347826086957,-0.6326086956521739,8
1759,-0.3652173913043478,0.10028315299713735,-0.5234782608695652,-0.3739130434782609,-0.18956521739130433,8
1760,-0.43695652173913047,0.06206131488530522,-0.5273913043478261,-0.4260869565217391,-0.34826086956521735,8
1761,-0.0782608695652174,0.05217391304347826,-0.13043478260869565,-0.09565217391304348,0.016956521739130443,8
1762,-0.8739130434782609,0.03558849031248892,-0.9099999999999999,-0.8956521739130435,-0.8117391304347826,8
1763,-0.28478260869565214,0.0826944634852619,-0.3965217391304348,-0.31304347826086953,-0.15695652173913044,8
1764,-0.6782608695652175,0.06791521457310135,-0.7882608695652173,-0.6608695652173913,-0.6030434782608696,8
1765,-0.45869565217391306,0.041189772438035704,-0.5273913043478261,-0.4434782608695652,-0.4117391304347826,8
1766,-0.4652173913043478,0.04821972394091051,-0.5560869565217391,-0.4434782608695652,-0.4260869565217391,8
1767,-0.5260869565217391,0.05816994852286803,-0.5939130434782608,-0.5391304347826087,-0.41782608695652174,8
1768,-0.3695652173913043,0.04147561745291068,-0.43434782608695655,-0.3739130434782609,-0.3073913043478261,8
1769,0.11521739130434783,0.03416572531630807,0.0782608695652174,0.10434782608695653,0.17652173913043478,8
1770,-0.3847826086956522,0.05212860351426869,-0.4404347826086956,-0.40869565217391307,-0.2960869565217391,8
1771,-0.28695652173913044,0.05430433042085563,-0.36782608695652175,-0.2782608695652174,-0.22043478260869565,8
1772,0.058695652173913045,0.065325996527464,-0.008695652173913044,0.04347826086956522,0.17043478260869566,8
1773,-0.30217391304347824,0.0611407004801097,-0.41391304347826086,-0.28695652173913044,-0.23478260869565218,8
1774,-0.5478260869565217,0.0782608695652174,-0.6634782608695652,-0.5565217391304347,-0.43217391304347824,8
1775,-0.37826086956521743,0.03450979970953815,-0.4230434782608696,-0.3826086956521739,-0.3247826086956521,8
1776,-0.05,0.02741200046286629,-0.09260869565217392,-0.052173913043478265,-0.011739130434782606,8
1777,-0.5021739130434782,0.05631232107386355,-0.5939130434782608,-0.48695652173913045,-0.43217391304347824,8
1778,-0.5456521739130434,0.0930221430231942,-0.6317391304347826,-0.6,-0.37173913043478257,8
1779,-0.5630434782608696,0.04554853660816729,-0.6317391304347826,-0.5565217391304348,-0.5017391304347826,8
1780,-0.5326086956521738,0.05529607539989957,-0.6256521739130435,-0.5391304347826087,-0.46391304347826084,8
1781,-0.46739130434782605,0.05212860351426869,-0.5447826086956521,-0.46956521739130436,-0.38304347826086954,8
1782,-0.4543478260869565,0.07007287591863565,-0.5447826086956521,-0.4434782608695652,-0.3369565217391304,8
1783,-0.6391304347826088,0.05271458979557453,-0.7156521739130435,-0.6434782608695653,-0.5456521739130435,8
1784,-0.5152173913043478,0.05664701835128427,-0.6195652173913043,-0.5043478260869565,-0.4352173913043478,8
1785,-0.44130434782608696,0.0692588361829304,-0.5704347826086956,-0.4260869565217391,-0.3595652173913043,8
1786,-0.6413043478260869,0.07725806801702984,-0.7473913043478261,-0.6347826086956522,-0.49956521739130433,8
1787,-0.3673913043478261,0.056979749661222434,-0.48043478260869565,-0.34782608695652173,-0.3073913043478261,8
1788,-0.1869565217391304,0.10817265482282373,-0.28391304347826085,-0.21739130434782608,0.03347826086956525,8
1789,-0.3978260869565218,0.047578410061389756,-0.4578260869565217,-0.40869565217391307,-0.3134782608695652,8
1790,-0.2891304347826087,0.04952515543432398,-0.3534782608695652,-0.2956521739130435,-0.20608695652173914,8
1791,-0.3456521739130435,0.04342387903356126,-0.42826086956521736,-0.3391304347826087,-0.29304347826086957,8
1792,-0.7608695652173914,0.046625240412015684,-0.808695652173913,-0.7739130434782608,-0.6673913043478261,8
1793,-0.5065217391304349,0.07477123270399928,-0.6113043478260869,-0.4956521739130435,-0.3778260869565217,8
1794,-0.3652173913043478,0.07826086956521741,-0.49782608695652175,-0.3652173913043478,-0.2552173913043478,8
1795,-0.4717391304347826,0.04914197632807529,-0.5273913043478261,-0.48695652173913045,-0.391304347826087,8
1796,-0.3869565217391304,0.036635433796418954,-0.4260869565217391,-0.391304347826087,-0.3391304347826087,8
1797,-0.4108695652173913,0.04385704565615656,-0.4865217391304348,-0.40869565217391307,-0.3452173913043478,8
1798,-0.35,0.050657305207526274,-0.43130434782608695,-0.34782608695652173,-0.2643478260869565,8
1799,-0.5413043478260869,0.06206131488530519,-0.6173913043478261,-0.5391304347826087,-0.42695652173913046,8
1800,-0.23695652173913043,0.06647341239748111,-0.31869565217391305,-0.2434782608695652,-0.12217391304347824,8
1801,-0.11956521739130435,0.06898535501140188,-0.19695652173913045,-0.14782608695652175,-0.0004347826086956424,8
1802,-0.7630434782608696,0.06953124170312816,-0.8721739130434782,-0.7565217391304347,-0.6613043478260869,8
1803,-0.10869565217391304,0.08419529013494384,-0.23173913043478261,-0.08695652173913043,0.02521739130434784,8
1804,-0.46521739130434786,0.048997511606889775,-0.5304347826086957,-0.45217391304347826,-0.40869565217391307,8
1805,-0.5282608695652173,0.07087756689957,-0.64,-0.5304347826086957,-0.41782608695652174,8
1806,0.12391304347826088,0.043423879033561257,0.06391304347826088,0.1217391304347826,0.19391304347826088,8
1807,-0.28695652173913044,0.09325048082403138,-0.4508695652173913,-0.28695652173913044,-0.15391304347826087,8
1808,-0.04130434782608696,0.10665475280031374,-0.17652173913043478,-0.043478260869565216,0.09565217391304348,8
1809,-0.1934782608695652,0.07823067050194166,-0.3208695652173913,-0.2,-0.08130434782608696,8
1810,-0.23043478260869565,0.09712307784212469,-0.38217391304347825,-0.22608695652173913,-0.08434782608695653,8
1811,0.010869565217391308,0.07847193759904367,-0.12739130434782608,0.043478260869565216,0.0782608695652174,8
1812,-0.16956521739130434,0.07104406364507909,-0.24608695652173912,-0.2,-0.038260869565217376,8
1813,-0.358695652173913,0.09055071999851537,-0.5182608695652174,-0.3565217391304348,-0.25217391304347825,8
1814,-0.826086956521739,0.06389973242043076,-0.9099999999999999,-0.8434782608695652,-0.7391304347826086,8
1815,-0.7347826086956522,0.05199243801348433,-0.82,-0.7304347826086957,-0.6695652173913044,8
1816,-0.43913043478260866,0.08329236548116528,-0.5560869565217391,-0.45217391304347826,-0.3134782608695652,8
1817,-0.12173913043478261,0.05070392952039392,-0.19695652173913045,-0.1217391304347826,-0.049565217391304345,8
1818,-0.4652173913043478,0.054129998252124896,-0.5478260869565217,-0.4434782608695652,-0.40869565217391307,8
1819,-0.31739130434782614,0.060714087146821485,-0.3739130434782609,-0.3391304347826087,-0.19782608695652174,8
1820,-0.3934782608695652,0.0698025841652275,-0.4926086956521739,-0.3826086956521739,-0.2960869565217391,8
1821,-0.6847826086956521,0.06296847112156626,-0.7708695652173913,-0.6956521739130435,-0.6,8
1822,0.08043478260869566,0.046371150016742475,0.029130434782608693,0.06086956521739131,0.16217391304347825,8
1823,-0.049999999999999996,0.07823067050194166,-0.14782608695652175,-0.04347826086956522,0.04043478260869565,8
1824,-0.541304347826087,0.0747712327039993,-0.6491304347826087,-0.5304347826086957,-0.44652173913043475,8
1825,-0.4152173913043478,0.07477123270399931,-0.521304347826087,-0.4173913043478261,-0.27652173913043476,8
1826,-0.5804347826086956,0.05925657900190874,-0.6665217391304348,-0.5652173913043478,-0.48739130434782607,8
1827,-0.6021739130434782,0.10082364022004547,-0.7504347826086957,-0.5565217391304348,-0.49869565217391304,8
1828,-0.2608695652173913,0.06389973242043073,-0.3217391304347826,-0.28695652173913044,-0.1508695652173913,8
1829,-0.2108695652173913,0.11065623124021229,-0.3360869565217391,-0.2434782608695652,-0.03521739130434782,8
1830,-0.12173913043478261,0.06956521739130435,-0.24,-0.1217391304347826,-0.02913043478260869,8
1831,-0.7934782608695652,0.022062807750200492,-0.837391304347826,-0.7913043478260869,-0.7739130434782608,8
1832,-0.4,0.0596143878295743,-0.4895652173913044,-0.40869565217391307,-0.31043478260869567,8
1833,-0.16956521739130434,0.09314906645925455,-0.3269565217391304,-0.14782608695652172,-0.0526086956521739,8
1834,-0.7152173913043478,0.049905392535865185,-0.7995652173913044,-0.7130434782608697,-0.6521739130434783,8
1835,0.05,0.08427944336947883,-0.11739130434782609,0.06956521739130435,0.14173913043478262,8
1836,-0.682608695652174,0.05881630112377689,-0.7391304347826086,-0.7043478260869566,-0.5743478260869564,8
1837,-0.6130434782608696,0.08419529013494384,-0.7269565217391304,-0.6347826086956522,-0.48130434782608694,8
1838,-0.31956521739130433,0.08928935990396891,-0.45173913043478264,-0.31304347826086953,-0.1660869565217391,8
1839,-0.4173913043478261,0.06330530338504799,-0.5182608695652174,-0.4260869565217391,-0.3165217391304348,8
1840,-0.2,0.10685396284734354,-0.31565217391304345,-0.25217391304347825,-0.012608695652173893,8
1841,-0.19130434782608696,0.08867860023639626,-0.30434782608695654,-0.19130434782608696,-0.06695652173913043,8
1842,-0.058695652173913045,0.09700135442314393,-0.19695652173913045,-0.052173913043478265,0.08652173913043479,8
1843,-0.2391304347826087,0.11914947483517149,-0.42217391304347823,-0.2608695652173913,-0.044347826086956504,8
1844,-0.37173913043478257,0.059891205712851794,-0.4691304347826087,-0.3739130434782609,-0.278695652173913,8
1845,-0.24782608695652175,0.06194698629902177,-0.33304347826086955,-0.2608695652173913,-0.13956521739130434,8
1846,-0.4891304347826087,0.08472684899958728,-0.6082608695652174,-0.4782608695652174,-0.38,8
1847,-0.8,0.04762804847871009,-0.8721739130434782,-0.8,-0.7165217391304348,8
1848,-0.1565217391304348,0.05635426694267704,-0.22869565217391305,-0.17391304347826086,-0.06695652173913043,8
1849,-0.3869565217391304,0.07957828355531794,-0.4752173913043478,-0.4,-0.22739130434782606,8
1850,-0.4043478260869565,0.06665091181198213,-0.4752173913043478,-0.4260869565217391,-0.29,8
1851,-0.5804347826086956,0.07942967785410919,-0.6869565217391305,-0.5826086956521739,-0.46391304347826084,8
1852,-0.34782608695652173,0.037903469074266734,-0.391304347826087,-0.3565217391304348,-0.29,8
1853,-0.15652173913043477,0.07064381221422573,-0.23173913043478261,-0.1826086956521739,-0.020869565217391292,8
1854,-0.49782608695652175,0.0789522599884125,-0.5969565217391304,-0.5217391304347827,-0.38,8
1855,-0.11739130434782608,0.08237954487607138,-0.22869565217391305,-0.13043478260869565,0.020000000000000004,8
1856,-0.2804347826086957,0.06386274270247123,-0.3934782608695652,-0.26956521739130435,-0.18043478260869564,8
1857,-0.33260869565217394,0.06503597957239822,-0.42,-0.34782608695652173,-0.22652173913043477,8
1858,-0.24130434782608698,0.06020601053967926,-0.3443478260869565,-0.22608695652173913,-0.16826086956521738,8
1859,-0.5217391304347826,0.06448868249648403,-0.6482608695652174,-0.5130434782608696,-0.44652173913043475,8
1860,-0.5282608695652173,0.06815832785474295,-0.6226086956521739,-0.5478260869565217,-0.4147826086956522,8
1861,-0.026086956521739132,0.08295123490582136,-0.13260869565217392,-0.043478260869565216,0.1347826086956522,8
1862,-0.2217391304347826,0.07618006725189232,-0.30434782608695654,-0.23478260869565218,-0.09869565217391305,8
1863,0.02391304347826087,0.0617559683101817,-0.07217391304347827,0.034782608695652174,0.1182608695652174,8
1864,-0.5630434782608695,0.0447107908721807,-0.6,-0.5826086956521739,-0.48130434782608694,8
1865,-0.3326086956521739,0.1295440601342572,-0.5326086956521738,-0.31304347826086953,-0.15391304347826087,8
1866,-0.3326086956521739,0.050657305207526274,-0.41391304347826086,-0.3391304347826087,-0.2552173913043478,8
1867,-0.7239130434782608,0.04026143299446114,-0.7708695652173913,-0.7391304347826086,-0.6469565217391304,8
1868,-0.6043478260869566,0.06255432421712243,-0.701304347826087,-0.6,-0.5160869565217392,8
1869,-0.07391304347826087,0.1681096950363583,-0.2952173913043478,-0.11304347826086956,0.17347826086956522,8
1870,-0.42391304347826086,0.04209764506747193,-0.4752173913043478,-0.43478260869565216,-0.3565217391304348,8
1871,-0.6543478260869565,0.10771294905945648,-0.7913043478260869,-0.6347826086956522,-0.4678260869565217,8
1872,-0.30000000000000004,0.06315582194058239,-0.3739130434782609,-0.31304347826086953,-0.1917391304347826,8
1873,-0.6652173913043478,0.05271458979557456,-0.7217391304347827,-0.6782608695652175,-0.5630434782608695,8
1874,-0.2217391304347826,0.09515682012277951,-0.3534782608695652,-0.20869565217391306,-0.07304347826086956,8
1875,0.006521739130434785,0.06356605007484106,-0.08347826086956522,-0.008695652173913044,0.11,8
1876,0.13695652173913045,0.08337743004680481,0.01782608695652174,0.1217391304347826,0.2747826086956522,8
1877,0.24130434782608695,0.08246555103648112,0.12217391304347826,0.22608695652173913,0.37086956521739134,8
1878,-0.14347826086956522,0.05816994852286805,-0.22869565217391305,-0.14782608695652172,-0.06391304347826086,8
1879,0.13260869565217392,0.056647018351284266,0.06391304347826088,0.13043478260869565,0.22565217391304349,8
1880,0.1760869565217391,0.0838296499332993,0.007391304347826085,0.1826086956521739,0.25217391304347825,8
1881,-0.18913043478260871,0.08605511049082384,-0.3217391304347826,-0.14782608695652172,-0.09869565217391305,8
1882,-8.673617379884035e-19,0.06024524548065661,-0.06086956521739131,-0.017391304347826084,0.09260869565217392,8
1883,-0.4108695652173913,0.05248998464195495,-0.5069565217391304,-0.391304347826087,-0.3565217391304348,8
1884,0.05,0.06732114159653053,-0.02608695652173913,0.02608695652173913,0.1591304347826087,8
1885,0.006521739130434783,0.09261481914843822,-0.15,0.034782608695652174,0.12130434782608697,8
1886,-0.4434782608695652,0.027498066610159827,-0.4926086956521739,-0.43478260869565216,-0.4117391304347826,8
1887,-0.28695652173913044,0.04601306627938418,-0.3534782608695652,-0.28695652173913044,-0.2091304347826087,8
1888,-0.8434782608695652,0.06270523957328676,-0.9099999999999999,-0.8608695652173913,-0.7308695652173913,8
1889,-0.2434782608695652,0.05499613322031964,-0.31565217391304345,-0.25217391304347825,-0.1508695652173913,8
1890,-0.021739130434782608,0.07568215298056179,-0.11304347826086956,-0.034782608695652174,0.10391304347826089,8
1891,-0.8195652173913044,0.02118868335828037,-0.8547826086956521,-0.8260869565217391,-0.7913043478260869,8
1892,-0.49565217391304345,0.1133774331339591,-0.6,-0.5478260869565217,-0.3073913043478261,8
1893,-0.38913043478260867,0.044710790872180724,-0.4404347826086956,-0.4,-0.30217391304347824,8
1894,-0.6869565217391305,0.049952718665548075,-0.7791304347826087,-0.6782608695652175,-0.6234782608695651,8
1895,0.02608695652173913,0.07223151185146152,-0.07521739130434783,0.026086956521739132,0.12739130434782608,8
1896,0.015217391304347827,0.058936703094460696,-0.07217391304347827,0.017391304347826087,0.09565217391304348,8
1897,0.0608695652173913,0.03253615118933862,0.008695652173913044,0.06956521739130435,0.09565217391304348,8
1898,0.015217391304347825,0.06503597957239822,-0.1091304347826087,0.02608695652173913,0.10086956521739132,8
1899,-0.5239130434782608,0.07219879089311136,-0.628695652173913,-0.5304347826086957,-0.41782608695652174,8
1900,-0.8434782608695652,0.026086956521739146,-0.8752173913043478,-0.8521739130434782,-0.797391304347826,8
1901,-0.55,0.04298634768105474,-0.6,-0.5478260869565217,-0.47304347826086957,8
1902,-0.5695652173913044,0.06942921488117962,-0.7034782608695652,-0.5391304347826087,-0.49869565217391304,8
1903,-0.7065217391304348,0.07140899002459496,-0.8169565217391305,-0.6956521739130435,-0.606086956521739,8
1904,-0.8478260869565217,0.033396285860298316,-0.8782608695652174,-0.8521739130434782,-0.7830434782608695,8
1905,-0.9,0.04821972394091049,-0.9621739130434782,-0.9130434782608696,-0.8291304347826087,8
1906,-0.05217391304347826,0.05217391304347826,-0.12434782608695652,-0.052173913043478265,0.023043478260869568,8
1907,-0.3239130434782609,0.0617559683101817,-0.4426086956521739,-0.30434782608695654,-0.26956521739130435,8
1908,-0.8673913043478261,0.03682842249151611,-0.9130434782608695,-0.8695652173913044,-0.8117391304347826,8
1909,-0.7521739130434782,0.07467636537964203,-0.8660869565217392,-0.7478260869565218,-0.6582608695652173,8
1910,-0.9021739130434783,0.03127716210856118,-0.9478260869565217,-0.8956521739130434,-0.8639130434782609,8
1911,-0.8826086956521739,0.04899751160688974,-0.9447826086956521,-0.8869565217391304,-0.8117391304347826,8
1912,-0.908695652173913,0.05685520361140008,-0.9795652173913043,-0.9217391304347826,-0.8034782608695652,8
1913,-0.7391304347826086,0.0398484843039638,-0.8026086956521739,-0.7304347826086957,-0.6900000000000001,8
1914,-0.7891304347826087,0.045548536608167316,-0.8434782608695652,-0.7913043478260869,-0.7134782608695652,8
1915,-0.40869565217391307,0.03689252771408074,-0.4578260869565217,-0.4173913043478261,-0.3452173913043478,8
1916,-0.8065217391304348,0.04875578585218653,-0.8752173913043478,-0.8,-0.7308695652173913,8
1917,-0.9239130434782609,0.025996219006742156,-0.9652173913043478,-0.9130434782608695,-0.8956521739130435,8
1918,-0.8347826086956521,0.04347826086956522,-0.9039130434782608,-0.8434782608695652,-0.7769565217391304,8
1919,-0.7434782608695651,0.036635433796418926,-0.8026086956521739,-0.7478260869565216,-0.6900000000000001,8
1920,-0.782608695652174,0.038888138739126804,-0.8404347826086956,-0.7826086956521738,-0.7391304347826086,8
1921,-0.5847826086956522,0.08450344228511658,-0.6952173913043479,-0.6086956521739131,-0.43826086956521737,8
1922,-0.8065217391304348,0.05861508157701201,-0.9069565217391304,-0.8,-0.7278260869565217,8
1923,-0.6652173913043478,0.0715742505789319,-0.736086956521739,-0.6869565217391305,-0.5478260869565217,8
1924,-0.4652173913043478,0.04412561550040094,-0.538695652173913,-0.46956521739130436,-0.3973913043478261,8
1925,-0.6760869565217391,0.055636886487259674,-0.7678260869565217,-0.6695652173913044,-0.5917391304347825,8
1926,-0.08043478260869566,0.05597562256340753,-0.17347826086956522,-0.06956521739130435,-0.011739130434782606,8
1927,-0.5152173913043478,0.07193648742510564,-0.6460869565217391,-0.4956521739130435,-0.44652173913043475,8
1928,-0.7195652173913043,0.07087756689957003,-0.808695652173913,-0.7304347826086957,-0.606086956521739,8
1929,-0.7521739130434782,0.024207671142739223,-0.7913043478260869,-0.7391304347826086,-0.7247826086956523,8
1930,-0.691304347826087,0.08237954487607137,-0.7821739130434783,-0.7043478260869566,-0.5260869565217391,8
1931,-0.4217391304347826,0.06608123545030724,-0.4956521739130435,-0.43478260869565216,-0.3134782608695652,8
1932,-0.6260869565217391,0.047628048478710126,-0.7095652173913044,-0.6260869565217391,-0.5682608695652174,8
1933,-0.8043478260869565,0.06375164477658773,-0.9008695652173913,-0.817391304347826,-0.6960869565217391,8
1934,-0.6108695652173912,0.047578410061389784,-0.7065217391304348,-0.6,-0.5652173913043478,8
1935,-0.5130434782608696,0.07480282840906631,-0.628695652173913,-0.5043478260869565,-0.40043478260869564,8
1936,-0.8260869565217391,0.04601306627938421,-0.8926086956521739,-0.8347826086956522,-0.7595652173913043,8
1937,-0.6565217391304348,0.07765465695431198,-0.7647826086956522,-0.6608695652173913,-0.5395652173913044,8
1938,-0.3282608695652174,0.09912185317546085,-0.4056521739130435,-0.3826086956521739,-0.1260869565217391,8
1939,-0.41086956521739126,0.06415806331901612,-0.5039130434782609,-0.408695652173913,-0.31043478260869567,8
1940,-0.8565217391304348,0.04899751160688977,-0.9243478260869565,-0.8695652173913044,-0.7769565217391304,8
1941,-0.6956521739130435,0.03135261978664335,-0.7534782608695652,-0.6869565217391305,-0.6695652173913044,8
1942,-0.6326086956521739,0.034165725316308085,-0.6952173913043479,-0.6347826086956522,-0.5856521739130435,8
1943,-0.4043478260869565,0.09274230003348495,-0.5447826086956521,-0.3913043478260869,-0.29,8
1944,-0.7913043478260868,0.05217391304347829,-0.8752173913043478,-0.7652173913043478,-0.7391304347826086,8
1945,-0.2108695652173913,0.04428597562492036,-0.26652173913043475,-0.20869565217391306,-0.13652173913043478,8
1946,0.06086956521739131,0.06448868249648403,-0.04043478260869565,0.0782608695652174,0.13043478260869565,8
1947,-0.041304347826086954,0.04875578585218653,-0.12434782608695652,-0.02608695652173913,0.023043478260869568,8
1948,-0.24782608695652172,0.04237736671656071,-0.31869565217391305,-0.22608695652173913,-0.20304347826086958,8
1949,0.06956521739130435,0.040786223998464606,-0.0026086956521739124,0.0782608695652174,0.12434782608695652,8
1950,-0.4891304347826087,0.10432517870175503,-0.6943478260869566,-0.4608695652173913,-0.36869565217391304,8
1951,0.10434782608695652,0.06846963368705923,-0.0026086956521739124,0.1217391304347826,0.19695652173913045,8
1952,-0.10434782608695652,0.06209937763950304,-0.16521739130434782,-0.11304347826086956,0.0026086956521739193,8
1953,0.06521739130434782,0.0877140913123131,-0.03739130434782609,0.043478260869565216,0.2165217391304348,8
1954,-0.19130434782608696,0.032536151189338613,-0.24608695652173912,-0.19130434782608696,-0.14782608695652175,8
1955,-0.11304347826086956,0.11337743313395911,-0.28608695652173916,-0.1391304347826087,0.054782608695652185,8
1956,-0.09130434782608696,0.07262301342821768,-0.17956521739130435,-0.11304347826086956,0.008695652173913044,8
1957,0.03913043478260869,0.05881630112377688,-0.008695652173913044,0.017391304347826087,0.161304347826087,8
1958,-0.22608695652173913,0.030122622740328297,-0.25217391304347825,-0.23478260869565215,-0.17130434782608694,8
1959,0.05,0.12925188257560652,-0.12434782608695652,0.034782608695652174,0.24304347826086956,8
1960,-0.041304347826086954,0.11777313104853511,-0.19391304347826088,-0.043478260869565216,0.1695652173913044,8
1961,0.008695652173913044,0.09202613255876838,-0.16434782608695653,0.043478260869565216,0.09565217391304348,8
1962,0.09130434782608696,0.08005196799792161,-0.0056521739130434775,0.0782608695652174,0.22260869565217392,8
1963,-0.11521739130434783,0.06760135567594006,-0.22869565217391305,-0.08695652173913043,-0.032173913043478254,8
1964,0.05652173913043479,0.04662524041201569,-0.03130434782608695,0.0782608695652174,0.09565217391304348,8
1965,0.08695652173913043,0.07530655685082076,-0.02608695652173913,0.09565217391304348,0.17956521739130435,8
1966,-0.6021739130434782,0.08131132264897847,-0.7156521739130435,-0.6,-0.48434782608695653,8
1967,-0.052173913043478265,0.07728864710709207,-0.16217391304347825,-0.034782608695652174,0.043478260869565216,8
1968,-0.3652173913043478,0.04919003695210765,-0.4434782608695652,-0.34782608695652173,-0.3073913043478261,8
1969,-0.14347826086956522,0.06777590116573867,-0.2604347826086956,-0.1391304347826087,-0.049565217391304345,8
1970,-0.517391304347826,0.09355406431021746,-0.6717391304347826,-0.5043478260869565,-0.38304347826086954,8
1971,0.06304347826086958,0.04637115001674248,-0.0026086956521739124,0.052173913043478265,0.14173913043478262,8
1972,-0.026086956521739132,0.131589095221057,-0.21347826086956523,-0.052173913043478265,0.19913043478260872,8
1973,-0.32173913043478264,0.04433930011819813,-0.38521739130434784,-0.33043478260869563,-0.24391304347826087,8
1974,-0.1826086956521739,0.08016995180254684,-0.3034782608695652,-0.2,-0.044347826086956504,8
1975,-0.06521739130434782,0.03864432355354604,-0.12739130434782608,-0.06086956521739131,-0.011739130434782606,8
1976,-0.3739130434782609,0.06901959941907627,-0.4782608695652174,-0.34782608695652173,-0.30434782608695654,8
1977,-0.1282608695652174,0.05391129029407498,-0.22869565217391305,-0.09565217391304348,-0.08130434782608696,8
1978,-0.02391304347826087,0.07847193759904367,-0.09260869565217392,-0.06086956521739131,0.13782608695652177,8
1979,-0.3717391304347826,0.030666817347099768,-0.40869565217391307,-0.3739130434782609,-0.3247826086956521,8
1980,-0.18695652173913044,0.06255432421712243,-0.2778260869565217,-0.2,-0.09565217391304348,8
1981,0.07608695652173914,0.04637115001674248,0.011739130434782608,0.0782608695652174,0.14478260869565218,8
1982,0.05217391304347826,0.04919003695210765,-0.0056521739130434775,0.043478260869565216,0.14173913043478262,8
1983,-0.21739130434782608,0.09683068457095688,-0.3360869565217391,-0.2434782608695652,-0.06391304347826086,8
1984,-0.44130434782608696,0.049525155434323995,-0.4956521739130435,-0.4434782608695652,-0.3626086956521739,8
1985,-0.0021739130434782613,0.058936703094460696,-0.07521739130434783,-0.008695652173913044,0.0782608695652174,8
1986,-0.08260869565217391,0.07050989017489936,-0.2165217391304348,-0.0782608695652174,-0.008695652173913044,8
1987,-0.3695652173913043,0.07365684498303225,-0.4434782608695652,-0.391304347826087,-0.25217391304347825,8
1988,-0.2391304347826087,0.06721576014669697,-0.32999999999999996,-0.25217391304347825,-0.11391304347826085,8
1989,-0.18478260869565216,0.07349626741033463,-0.31260869565217386,-0.17391304347826086,-0.08434782608695653,8
1990,-0.09130434782608696,0.04899751160688976,-0.15608695652173912,-0.10434782608695653,-0.0004347826086956424,8
1991,-0.13260869565217392,0.059256579001908734,-0.21130434782608695,-0.1391304347826087,-0.023913043478260853,8
1992,-0.31086956521739134,0.04596168372144777,-0.3708695652173913,-0.30434782608695654,-0.2408695652173913,8
1993,-0.04565217391304348,0.07087756689957002,-0.12739130434782608,-0.043478260869565216,0.08869565217391306,8
1994,0.03695652173913043,0.12109690849743873,-0.05782608695652174,-0.008695652173913044,0.2882608695652174,8
1995,0.09565217391304348,0.12142817429364296,-0.08869565217391304,0.0782608695652174,0.3034782608695652,8
1996,-0.10869565217391305,0.05751633284923023,-0.19086956521739132,-0.11304347826086956,-0.014782608695652167,8
1997,-0.21521739130434783,0.08223600138859886,-0.3730434782608696,-0.19130434782608696,-0.11086956521739129,8
1998,-0.2108695652173913,0.08337743004680481,-0.32999999999999996,-0.22608695652173913,-0.09869565217391305,8
1999,0.10434782608695653,0.038888138739126776,0.06391304347826088,0.08695652173913043,0.17652173913043478,8
2000,-0.10652173913043478,0.049141976328075286,-0.17347826086956522,-0.1217391304347826,-0.01782608695652173,8
2001,-0.2326086956521739,0.0703421290754932,-0.31869565217391305,-0.2434782608695652,-0.11608695652173913,8
2002,-0.05,0.04428597562492036,-0.12434782608695652,-0.043478260869565216,0.008695652173913044,8
2003,-0.19565217391304346,0.04326032335246174,-0.2634782608695652,-0.2,-0.1334782608695652,8
2004,-0.2347826086956522,0.10288834405390637,-0.4056521739130435,-0.20869565217391306,-0.11608695652173913,8
2005,-0.21304347826086956,0.07416835699666079,-0.3269565217391304,-0.2173913043478261,-0.0934782608695652,8
2006,-0.4695652173913043,0.06209937763950302,-0.5765217391304347,-0.4608695652173913,-0.40869565217391307,8
2007,-0.05869565217391304,0.08539356235392329,-0.16217391304347825,-0.0608695652173913,0.0691304347826087,8
2008,-0.33695652173913043,0.065325996527464,-0.44869565217391305,-0.3391304347826087,-0.24391304347826087,8
2009,-0.15869565217391304,0.06898535501140188,-0.24913043478260868,-0.15652173913043477,-0.038260869565217376,8
2010,-0.3739130434782609,0.06389973242043073,-0.4865217391304348,-0.3565217391304348,-0.2817391304347826,8
2011,-0.11304347826086955,0.08475473343312143,-0.23173913043478261,-0.13043478260869565,0.0026086956521739193,8
2012,-0.20652173913043478,0.042544316936480274,-0.25217391304347825,-0.20869565217391306,-0.1252173913043478,8
2013,0.1826086956521739,0.07170618479335061,0.09565217391304348,0.19130434782608696,0.2952173913043479,8
2014,0.0391304347826087,0.07518094115561122,-0.05782608695652174,0.034782608695652174,0.14173913043478262,8
2015,-0.19130434782608696,0.043478260869565216,-0.2604347826086956,-0.2,-0.1191304347826087,8
2016,0.07391304347826087,0.08052286598892233,-0.08565217391304347,0.08695652173913043,0.14782608695652175,8
2017,-0.23913043478260868,0.08052286598892232,-0.35043478260869565,-0.2434782608695652,-0.13043478260869565,8
2018,-0.07173913043478261,0.06206131488530521,-0.14782608695652175,-0.06956521739130435,0.031304347826086966,8
2019,-0.27391304347826084,0.07416835699666079,-0.3534782608695652,-0.2956521739130435,-0.1426086956521739,8
2020,-0.02826086956521739,0.0670397562830838,-0.09565217391304348,-0.052173913043478265,0.08652173913043479,8
2021,-0.11086956521739132,0.02940815056188844,-0.14782608695652175,-0.11304347826086956,-0.0782608695652174,8
2022,-0.04565217391304348,0.09854806049254901,-0.16521739130434782,-0.043478260869565216,0.1265217391304348,8
2023,0.18913043478260871,0.04428597562492036,0.10782608695652174,0.19130434782608696,0.24913043478260868,8
2024,0.23478260869565218,0.09078527399052652,0.11608695652173913,0.22608695652173913,0.36782608695652175,8
2025,-0.4695652173913043,0.08952721861727825,-0.5621739130434782,-0.4782608695652174,-0.2969565217391304,8
2026,-0.11304347826086956,0.052893587219984516,-0.20521739130434782,-0.10434782608695653,-0.04652173913043478,8
2027,-0.3739130434782608,0.05833220810869017,-0.4404347826086956,-0.391304347826087,-0.2643478260869565,8
2028,-0.2369565217391304,0.06532599652746399,-0.3391304347826087,-0.2173913043478261,-0.16521739130434782,8
2029,-0.3695652173913043,0.05199243801348435,-0.45173913043478264,-0.3652173913043478,-0.29304347826086957,8
2030,-0.028260869565217395,0.061140700480109715,-0.10391304347826087,-0.034782608695652174,0.09173913043478263,8
2031,-0.03913043478260869,0.06721576014669699,-0.14173913043478262,-0.02608695652173913,0.05782608695652174,8
2032,-0.041304347826086954,0.11285519436884704,-0.21956521739130436,0.0,0.10086956521739132,8
2033,-0.1,0.09192336744289555,-0.22869565217391305,-0.10434782608695653,0.04043478260869565,8
2034,-0.15,0.04717942263958849,-0.2482608695652174,-0.1391304347826087,-0.11304347826086956,8
2035,-0.8108695652173913,0.044710790872180745,-0.8752173913043478,-0.808695652173913,-0.7565217391304347,8
2036,-0.44130434782608696,0.06175596831018169,-0.5469565217391303,-0.45217391304347826,-0.34826086956521735,8
2037,-0.808695652173913,0.0499527186655481,-0.8865217391304349,-0.808695652173913,-0.7391304347826086,8
2038,-0.1826086956521739,0.07777627747825354,-0.31260869565217386,-0.14782608695652175,-0.08739130434782608,8
2039,-0.4782608695652174,0.06448868249648401,-0.5478260869565217,-0.4782608695652174,-0.35739130434782607,8
2040,-0.045652173913043485,0.12280203689129217,-0.22869565217391305,-0.017391304347826084,0.14086956521739133,8
2041,0.09565217391304348,0.04762804847871009,0.01782608695652174,0.10434782608695653,0.16217391304347825,8
2042,-0.2,0.042599821613620484,-0.24913043478260868,-0.21739130434782608,-0.1334782608695652,8
2043,0.2217391304347826,0.04412561550040096,0.16521739130434782,0.21739130434782608,0.28695652173913044,8
2044,-0.06956521739130435,0.08249419983047945,-0.14782608695652175,-0.09565217391304348,0.08347826086956524,8
2045,-0.3586956521739131,0.042097645067471934,-0.43434782608695655,-0.3391304347826087,-0.3217391304347826,8
2046,-0.8999999999999999,0.03224434124824198,-0.9447826086956521,-0.8956521739130434,-0.8608695652173913,8
2047,-0.1869565217391304,0.09475867268566682,-0.33304347826086955,-0.17391304347826086,-0.06391304347826086,8
2048,-0.658695652173913,0.0752751725790469,-0.7882608695652173,-0.6173913043478261,-0.5856521739130435,8
2049,-0.18478260869565216,0.04797407932763894,-0.2634782608695652,-0.17391304347826086,-0.13043478260869565,8
2050,-0.6108695652173913,0.06675718492514822,-0.6982608695652174,-0.6173913043478261,-0.5047826086956522,8
2051,-0.4543478260869565,0.09443394186510205,-0.5652173913043478,-0.4608695652173913,-0.3073913043478261,8
2052,0.03695652173913044,0.049141976328075286,-0.05173913043478261,0.052173913043478265,0.10391304347826089,8
2053,-0.1043478260869565,0.0792211615577765,-0.21130434782608695,-0.11304347826086956,0.016956521739130443,8
2054,0.16521739130434782,0.11337743313395911,0.014782608695652174,0.1391304347826087,0.3639130434782609,8
2055,-0.6021739130434782,0.055975622563407545,-0.6952173913043479,-0.6,-0.5191304347826087,8
2056,-0.8565217391304348,0.03864432355354604,-0.9069565217391304,-0.8608695652173913,-0.7860869565217391,8
2057,-0.08043478260869566,0.0641580633190161,-0.16521739130434782,-0.052173913043478265,0.0026086956521739193,8
2058,0.017391304347826087,0.07117698062497783,-0.08956521739130435,0.017391304347826087,0.13260869565217392,8
2059,-0.13043478260869565,0.0952560969574202,-0.2604347826086956,-0.14782608695652175,0.0026086956521739193,8
2060,-0.7108695652173913,0.06898535501140186,-0.808695652173913,-0.6869565217391305,-0.6121739130434782,8
2061,-0.5478260869565217,0.04601306627938417,-0.628695652173913,-0.5391304347826087,-0.48434782608695653,8
2062,-0.7695652173913043,0.0756821529805618,-0.8691304347826088,-0.7826086956521738,-0.6326086956521739,8
2063,-0.8,0.02884021556830784,-0.8404347826086956,-0.8,-0.7595652173913043,8
2064,-0.4173913043478261,0.05567934119506826,-0.5182608695652174,-0.4,-0.3595652173913043,8
2065,-0.391304347826087,0.0737850554281615,-0.5130434782608696,-0.3565217391304348,-0.31043478260869567,8
2066,-0.16956521739130434,0.08857195124984071,-0.3352173913043478,-0.15652173913043477,-0.06391304347826086,8
2067,-0.6086956521739131,0.06791521457310136,-0.6982608695652174,-0.6173913043478261,-0.49043478260869566,8
2068,-0.4434782608695652,0.1017799992236489,-0.5826086956521739,-0.43478260869565216,-0.3073913043478261,8
2069,0.16521739130434782,0.06086956521739131,0.09869565217391305,0.15652173913043477,0.28608695652173916,8
2070,-0.4978260869565217,0.08037600672754847,-0.6256521739130435,-0.46956521739130436,-0.4117391304347826,8
2071,-0.49782608695652175,0.065325996527464,-0.5908695652173913,-0.5130434782608696,-0.38608695652173913,8
2072,-0.5695652173913044,0.06492688923073078,-0.6491304347826087,-0.5826086956521739,-0.4526086956521739,8
2073,-0.10217391304347825,0.047578410061389756,-0.14782608695652175,-0.11304347826086956,-0.006521739130434769,8
2074,-0.03695652173913043,0.09158858449104738,-0.20217391304347826,-0.026086956521739132,0.07521739130434783,8
2075,-0.14347826086956522,0.12228140096021943,-0.2921739130434783,-0.1826086956521739,0.08260869565217395,8
2076,-0.6326086956521739,0.07701299819094938,-0.7043478260869566,-0.6347826086956522,-0.48217391304347823,8
2077,-0.03043478260869565,0.08283721253590283,-0.1591304347826087,-0.026086956521739132,0.0782608695652174,8
2078,0.13260869565217392,0.0740088892632574,-0.007826086956521733,0.1391304347826087,0.22565217391304349,8
2079,-0.09782608695652173,0.08084501731211761,-0.17956521739130435,-0.13043478260869565,0.0456521739130435,8
2080,-0.6304347826086956,0.049763144096780856,-0.7239130434782608,-0.6173913043478261,-0.5682608695652174,8
2081,-0.44565217391304346,0.0779886570202265,-0.5591304347826087,-0.45217391304347826,-0.31956521739130433,8
2082,0.06956521739130435,0.05360360002581719,-0.0026086956521739124,0.06086956521739131,0.1673913043478261,8
2083,-0.2217391304347826,0.07262301342821768,-0.36695652173913046,-0.20869565217391306,-0.1508695652173913,8
2084,0.0391304347826087,0.07765465695431197,-0.05478260869565217,0.017391304347826087,0.18173913043478263,8
2085,-0.3956521739130435,0.06492688923073078,-0.4895652173913044,-0.391304347826087,-0.28478260869565214,8
2086,-0.3934782608695653,0.03833737410553999,-0.4404347826086956,-0.391304347826087,-0.31956521739130433,8
2087,-0.4217391304347826,0.04412561550040096,-0.4782608695652174,-0.4173913043478261,-0.3595652173913043,8
2088,-0.1826086956521739,0.04682752006203916,-0.24913043478260868,-0.1826086956521739,-0.11608695652173913,8
2089,0.043478260869565216,0.06024524548065661,-0.06608695652173914,0.052173913043478265,0.11304347826086956,8
2090,0.1282608695652174,0.10629967981215348,0.029130434782608693,0.09565217391304348,0.31565217391304345,8
2091,0.0021739130434782553,0.08561464638050094,-0.12434782608695652,0.034782608695652174,0.11,8
2092,-0.15869565217391302,0.033607880073348494,-0.22260869565217392,-0.15652173913043477,-0.11608695652173913,8
2093,-0.3173913043478261,0.05685520361140009,-0.40260869565217394,-0.31304347826086953,-0.2408695652173913,8
2094,-0.006521739130434786,0.09302214302319421,-0.13260869565217392,-0.02608695652173913,0.14478260869565218,8
2095,0.02826086956521739,0.04952515543432399,-0.02608695652173913,0.017391304347826087,0.11,8
2096,-0.13478260869565217,0.04147561745291068,-0.19695652173913045,-0.1391304347826087,-0.0782608695652174,8
2097,-0.5369565217391303,0.07426387327190749,-0.6543478260869565,-0.5478260869565217,-0.43217391304347824,8
2098,-0.7630434782608695,0.06020601053967925,-0.837391304347826,-0.7739130434782608,-0.6695652173913044,8
2099,0.22391304347826088,0.08427944336947883,0.1108695652173913,0.20869565217391306,0.38434782608695656,8
2100,-0.06521739130434782,0.06375164477658775,-0.1847826086956522,-0.052173913043478265,0.008695652173913044,8
2101,-0.10869565217391305,0.06777590116573867,-0.23391304347826086,-0.09565217391304348,-0.01782608695652173,8
2102,0.15,0.06871078534469177,0.026956521739130435,0.14782608695652172,0.24304347826086956,8
2103,-0.2804347826086957,0.07426387327190748,-0.4252173913043478,-0.2434782608695652,-0.20608695652173914,8
2104,-0.5021739130434782,0.0777458901836855,-0.6195652173913043,-0.5130434782608695,-0.38304347826086954,8
2105,-0.1,0.1071189999543906,-0.26869565217391306,-0.10434782608695653,0.06304347826086959,8
2106,0.010869565217391308,0.05925657900190874,-0.04043478260869565,-0.008695652173913044,0.13260869565217392,8
2107,-0.0934782608695652,0.0831503978213273,-0.21130434782608695,-0.10434782608695653,0.037391304347826095,8
2108,-0.4847826086956522,0.05893670309446069,-0.5847826086956521,-0.48695652173913045,-0.3973913043478261,8
2109,-0.5695652173913044,0.09151115295586605,-0.7065217391304348,-0.5826086956521739,-0.44956521739130434,8
2110,-0.3021739130434783,0.0692588361829304,-0.4230434782608696,-0.2782608695652174,-0.23478260869565218,8
2111,-0.3521739130434783,0.04976314409678086,-0.4373913043478261,-0.3391304347826087,-0.29,8
2112,-0.7130434782608696,0.0398484843039638,-0.7708695652173913,-0.7130434782608697,-0.6552173913043479,8
2113,-0.5239130434782608,0.08014047213550765,-0.6460869565217391,-0.5130434782608696,-0.4117391304347826,8
2114,-0.4782608695652174,0.05217391304347826,-0.5734782608695652,-0.46956521739130436,-0.4117391304347826,8
2115,-0.5630434782608695,0.08757929164558123,-0.7178260869565217,-0.5478260869565217,-0.42695652173913046,8
2116,-0.32608695652173914,0.05685520361140008,-0.42,-0.31304347826086953,-0.2552173913043478,8
2117,-0.18478260869565216,0.06871078534469177,-0.2891304347826087,-0.2,-0.06999999999999999,8
2118,-0.4434782608695652,0.08608256466618838,-0.5765217391304347,-0.4434782608695652,-0.3278260869565217,8
2119,-0.4543478260869565,0.056312321073863573,-0.5273913043478261,-0.45217391304347826,-0.3769565217391304,8
2120,-0.21739130434782608,0.08952721861727826,-0.31869565217391305,-0.23478260869565218,-0.07304347826086956,8
2121,-0.717391304347826,0.05412999825212491,-0.8026086956521739,-0.7217391304347827,-0.6408695652173912,8
2122,-0.5239130434782608,0.05563688648725967,-0.6052173913043478,-0.5304347826086957,-0.42391304347826086,8
2123,-0.5608695652173914,0.05199243801348433,-0.6317391304347826,-0.5652173913043478,-0.4956521739130435,8
2124,-0.15,0.08131132264897845,-0.26652173913043475,-0.14782608695652175,-0.01782608695652173,8
2125,-0.034782608695652174,0.08867860023639626,-0.12739130434782608,-0.06956521739130435,0.09565217391304348,8
2126,-0.17173913043478262,0.04428597562492036,-0.24304347826086956,-0.1826086956521739,-0.10173913043478261,8
2127,-0.19782608695652176,0.06532599652746399,-0.26956521739130435,-0.2,-0.09565217391304348,8
2128,-0.5739130434782609,0.05430433042085563,-0.6665217391304348,-0.5565217391304347,-0.5160869565217392,8
2129,-0.5347826086956522,0.04742918310711179,-0.6,-0.5391304347826087,-0.46391304347826084,8
2130,-0.20869565217391306,0.09722034684781694,-0.30434782608695654,-0.22608695652173913,-0.029999999999999978,8
2131,-0.37173913043478257,0.11218318128209277,-0.567391304347826,-0.34782608695652173,-0.22956521739130434,8
2132,0.015217391304347825,0.0838296499332993,-0.12434782608695652,0.02608695652173913,0.12434782608695652,8
2133,-0.2282608695652174,0.05957473741758574,-0.31260869565217386,-0.23478260869565218,-0.12217391304347824,8
2134,-0.5304347826086957,0.07223151185146152,-0.6769565217391305,-0.5217391304347827,-0.4608695652173913,8
2135,-0.4891304347826087,0.05426079988847253,-0.5478260869565217,-0.5043478260869565,-0.38608695652173913,8
2136,-0.3826086956521739,0.08157244799692921,-0.4895652173913044,-0.3739130434782609,-0.24999999999999997,8
2137,-0.48043478260869565,0.06474466352971925,-0.5621739130434782,-0.4956521739130435,-0.3769565217391304,8
2138,-0.14130434782608697,0.05763945036331675,-0.24304347826086956,-0.1217391304347826,-0.06695652173913043,8
2139,-0.2108695652173913,0.07774589018368551,-0.31869565217391305,-0.20869565217391306,-0.07608695652173912,8
2140,-0.7695652173913043,0.03224434124824201,-0.808695652173913,-0.7565217391304347,-0.7247826086956523,8
2141,-0.3065217391304348,0.07193648742510565,-0.4056521739130435,-0.29565217391304344,-0.19478260869565217,8
2142,-0.7608695652173914,0.05051717408096631,-0.8630434782608696,-0.7391304347826086,-0.7217391304347827,8
2143,-0.41521739130434787,0.04596168372144777,-0.4752173913043478,-0.4173913043478261,-0.33391304347826084,8
2144,-0.2043478260869565,0.06777590116573869,-0.2982608695652174,-0.20869565217391306,-0.10173913043478261,8
2145,-0.2391304347826087,0.04147561745291069,-0.30130434782608695,-0.23478260869565218,-0.17130434782608694,8
2146,-0.07391304347826086,0.06777590116573867,-0.16521739130434782,-0.0782608695652174,0.020000000000000004,8
2147,0.10217391304347825,0.07919132869603036,-0.04565217391304348,0.13043478260869565,0.19391304347826088,8
2148,0.11521739130434783,0.07990424325864828,0.014782608695652174,0.08695652173913043,0.22869565217391305,8
2149,-0.03043478260869565,0.03864432355354604,-0.0782608695652174,-0.034782608695652174,0.023043478260869568,8
2150,-0.026086956521739132,0.04433930011819813,-0.08956521739130435,-0.026086956521739132,0.04043478260869565,8
2151,-0.16956521739130434,0.08191932035398596,-0.3034782608695652,-0.17391304347826086,-0.029999999999999978,8
2152,-0.10652173913043478,0.062061314885305204,-0.20521739130434782,-0.11304347826086956,-0.011739130434782606,8
2153,-0.07391304347826086,0.09026321518272476,-0.16521739130434782,-0.10434782608695653,0.1030434782608696,8
2154,-0.03695652173913043,0.06266754480608511,-0.15,-0.034782608695652174,0.04043478260869565,8
2155,-0.6521739130434783,0.0667925717205966,-0.7617391304347826,-0.6434782608695653,-0.5682608695652174,8
2156,0.021739130434782608,0.03224434124824201,-0.023043478260869565,0.02608695652173913,0.06086956521739131,8
2157,-0.43043478260869567,0.04899751160688977,-0.4782608695652174,-0.4434782608695652,-0.3565217391304348,8
2158,-0.40217391304347827,0.05212860351426871,-0.49782608695652175,-0.4,-0.3278260869565217,8
2159,0.04130434782608696,0.05028275437487121,-0.023043478260869565,0.043478260869565216,0.13260869565217392,8
2160,0.07173913043478261,0.05631232107386356,0.008695652173913044,0.06086956521739131,0.17347826086956522,8
2161,-0.08260869565217391,0.04147561745291068,-0.14173913043478262,-0.08695652173913043,-0.014782608695652167,8
2162,-0.16521739130434782,0.059614387829574296,-0.24913043478260868,-0.17391304347826086,-0.0782608695652174,8
2163,-0.15434782608695652,0.05829168555561705,-0.24608695652173912,-0.14782608695652172,-0.0782608695652174,8
2164,-0.2173913043478261,0.04841534228547845,-0.26956521739130435,-0.2173913043478261,-0.12826086956521737,8
2165,0.04782608695652174,0.040553821969951366,0.008695652173913044,0.02608695652173913,0.12130434782608697,8
2166,-0.16086956521739132,0.06255432421712243,-0.23478260869565218,-0.15652173913043477,-0.055652173913043466,8
2167,-0.08043478260869565,0.04554853660816731,-0.15608695652173912,-0.06956521739130435,-0.02913043478260869,8
2168,-0.31304347826086953,0.02300653313969208,-0.3391304347826087,-0.3217391304347826,-0.2726086956521739,8
2169,-0.03260869565217391,0.024498755803444884,-0.07521739130434783,-0.02608695652173913,0.0026086956521739193,8
2170,-0.6326086956521739,0.04797407932763893,-0.7239130434782608,-0.6260869565217391,-0.5826086956521739,8
2171,-0.006521739130434781,0.05597562256340754,-0.06086956521739131,-0.008695652173913044,0.09782608695652176,8
2172,-0.3717391304347826,0.05391129029407498,-0.4404347826086956,-0.3739130434782609,-0.278695652173913,8
2173,-0.12391304347826088,0.07871246517492031,-0.21739130434782608,-0.1391304347826087,-0.011739130434782606,8
2174,0.21956521739130436,0.07034212907549321,0.16521739130434782,0.19130434782608696,0.36695652173913046,8
2175,-0.058695652173913045,0.06296847112156626,-0.12739130434782608,-0.08695652173913043,0.02608695652173913,8
2176,0.03695652173913044,0.04164618274058265,-0.023043478260869565,0.034782608695652174,0.09260869565217392,8
2177,-0.023913043478260867,0.061140700480109715,-0.11,-0.02608695652173913,0.08043478260869567,8
2178,-0.021739130434782608,0.06255432421712243,-0.09260869565217392,-0.043478260869565216,0.06086956521739131,8
2179,4.336808689942018e-19,0.040786223998464606,-0.05478260869565217,-0.008695652173913044,0.07217391304347827,8
2180,0.11739130434782609,0.08728199956471623,0.008695652173913044,0.13043478260869565,0.2573913043478261,8
2181,0.07826086956521738,0.04170288281141495,0.014782608695652174,0.08695652173913043,0.14173913043478262,8
2182,-0.24782608695652172,0.046625240412015684,-0.31565217391304345,-0.25217391304347825,-0.17130434782608694,8
2183,0.03913043478260869,0.036635433796418954,-0.023043478260869565,0.043478260869565216,0.08956521739130435,8
2184,-0.006521739130434783,0.06815832785474296,-0.08956521739130435,-0.026086956521739132,0.1182608695652174,8
2185,-0.11521739130434783,0.07193648742510564,-0.21739130434782608,-0.10434782608695653,-0.043478260869565216,8
2186,-0.15434782608695652,0.08649333158294678,-0.3034782608695652,-0.16521739130434782,-0.04652173913043478,8
2187,0.030434782608695646,0.08641133441022518,-0.12347826086956522,0.034782608695652174,0.14478260869565218,8
2188,-0.0782608695652174,0.08295123490582136,-0.21347826086956523,-0.0782608695652174,0.060000000000000026,8
2189,-0.2173913043478261,0.04518393411049246,-0.2921739130434783,-0.21739130434782608,-0.1426086956521739,8
2190,-0.24130434782608695,0.06206131488530521,-0.34739130434782606,-0.23478260869565218,-0.16826086956521738,8
2191,-0.13478260869565217,0.07050989017489936,-0.2543478260869565,-0.1391304347826087,-0.03521739130434782,8
2192,0.2543478260869565,0.03931117678266331,0.21739130434782608,0.25217391304347825,0.33,8
2193,0.0608695652173913,0.08157244799692921,-0.04043478260869565,0.052173913043478265,0.17956521739130435,8
2194,-0.11521739130434783,0.07140899002459496,-0.22260869565217392,-0.1217391304347826,0.007826086956521754,8
2195,-0.5391304347826087,0.04433930011819811,-0.5826086956521739,-0.5478260869565217,-0.46391304347826084,8
2196,-0.3173913043478261,0.08553180683872175,-0.44869565217391305,-0.3391304347826087,-0.21739130434782608,8
2197,0.16956521739130437,0.08728199956471623,0.035217391304347825,0.17391304347826086,0.2982608695652174,8
2198,0.01956521739130435,0.03882732847715598,-0.02608695652173913,0.008695652173913044,0.08956521739130435,8
2199,-0.03478260869565217,0.06956521739130435,-0.15,-0.043478260869565216,0.06086956521739131,8
2200,-0.591304347826087,0.03585309239667531,-0.6460869565217391,-0.6,-0.5334782608695653,8
2201,0.06956521739130435,0.0891039197039965,-0.09999999999999999,0.06956521739130435,0.17956521739130435,8
2202,0.05652173913043478,0.07365684498303225,-0.05478260869565217,0.0782608695652174,0.1673913043478261,8
2203,-0.008695652173913042,0.08739022279235556,-0.15608695652173912,0.02608695652173913,0.0782608695652174,8
2204,-0.24782608695652172,0.06833145063261614,-0.3360869565217391,-0.2608695652173913,-0.13652173913043478,8
2205,-0.18043478260869567,0.04554853660816731,-0.24913043478260868,-0.1826086956521739,-0.11608695652173913,8
2206,-0.1891304347826087,0.047578410061389756,-0.25217391304347825,-0.19130434782608696,-0.1191304347826087,8
2207,-0.3217391304347826,0.06791521457310135,-0.41695652173913045,-0.3217391304347826,-0.19782608695652174,8
2208,-0.05434782608695653,0.05284889470062269,-0.13869565217391305,-0.06086956521739131,0.020000000000000004,8
2209,-0.1217391304347826,0.049952718665548075,-0.17956521739130435,-0.1391304347826087,-0.04652173913043478,8
2210,1.734723475976807e-18,0.06735623210795508,-0.10086956521739131,0.0,0.11521739130434784,8
2211,-0.12608695652173912,0.07467636537964203,-0.22869565217391305,-0.1391304347826087,-0.02913043478260869,8
2212,-0.24782608695652172,0.07716625804042979,-0.3934782608695652,-0.23478260869565215,-0.16826086956521738,8
2213,-0.591304347826087,0.04518393411049245,-0.6347826086956522,-0.6,-0.5078260869565218,8
2214,-0.24782608695652175,0.04237736671656071,-0.31260869565217386,-0.25217391304347825,-0.1743478260869565,8
2215,-0.4891304347826087,0.05139821920668213,-0.5847826086956521,-0.4956521739130435,-0.42913043478260865,8
2216,-0.22608695652173913,0.06679257172059658,-0.31260869565217386,-0.23478260869565218,-0.09652173913043477,8
2217,-0.16086956521739132,0.07518094115561123,-0.2808695652173913,-0.15652173913043477,-0.0526086956521739,8
2218,-0.5760869565217391,0.0851719044528684,-0.6808695652173913,-0.6086956521739131,-0.4608695652173913,8
2219,0.14130434782608695,0.06266754480608511,0.049565217391304345,0.1391304347826087,0.25130434782608696,8
2220,-0.2891304347826087,0.08583516096695493,-0.3882608695652174,-0.2782608695652174,-0.13739130434782607,8
2221,-0.05434782608695652,0.05631232107386356,-0.15608695652173912,-0.043478260869565216,0.020000000000000004,8
2222,-0.2673913043478261,0.07451798478696786,-0.3708695652173913,-0.2434782608695652,-0.16826086956521738,8
2223,-0.4391304347826087,0.06550660510138853,-0.5530434782608695,-0.4260869565217391,-0.3369565217391304,8
2224,-0.4065217391304348,0.10119792880267289,-0.5243478260869565,-0.45217391304347826,-0.26956521739130435,8
2225,-0.2608695652173913,0.06846963368705922,-0.36782608695652175,-0.2608695652173913,-0.17130434782608694,8
2226,0.08478260869565218,0.025996219006742167,0.04652173913043478,0.0782608695652174,0.12739130434782608,8
2227,0.23478260869565218,0.05070392952039392,0.16826086956521738,0.22608695652173913,0.31565217391304345,8
2228,0.40652173913043477,0.06590220170097444,0.31043478260869567,0.4173913043478261,0.5069565217391305,8
2229,0.05434782608695652,0.06083073295492705,-0.03739130434782609,0.052173913043478265,0.14478260869565218,8
2230,0.2608695652173913,0.08475473343312143,0.13956521739130434,0.25217391304347825,0.3995652173913044,8
2231,0.08043478260869566,0.06474466352971926,0.008695652173913044,0.06956521739130435,0.17956521739130435,8
2232,0.1391304347826087,0.06901959941907627,0.01782608695652174,0.15652173913043477,0.21434782608695652,8
2233,-0.2108695652173913,0.049905392535865206,-0.2982608695652174,-0.2,-0.1508695652173913,8
2234,-0.22391304347826085,0.10359784832559873,-0.36782608695652175,-0.22608695652173913,-0.08130434782608696,8
2235,0.034782608695652174,0.09078527399052652,-0.09782608695652174,0.02608695652173913,0.19608695652173916,8
2236,0.17173913043478262,0.06503597957239822,0.07,0.1826086956521739,0.2665217391304348,8
2237,-0.1282608695652174,0.08177496901653925,-0.22869565217391305,-0.1391304347826087,0.0026086956521739193,8
2238,0.16086956521739132,0.02715216521042782,0.11608695652173913,0.16521739130434782,0.19695652173913045,8
2239,-0.01956521739130434,0.11302257331787789,-0.15608695652173912,-0.06086956521739131,0.17043478260869566,8
2240,-0.08695652173913043,0.06209937763950304,-0.17956521739130435,-0.052173913043478265,-0.02608695652173913,8
2241,-0.10869565217391304,0.054129998252124924,-0.19391304347826088,-0.10434782608695653,-0.02913043478260869,8
2242,-0.21304347826086956,0.07568215298056179,-0.28695652173913044,-0.22608695652173913,-0.06478260869565215,8
2243,0.11739130434782608,0.08984338399900793,0.011739130434782608,0.09565217391304348,0.2604347826086957,8
2244,0.04565217391304348,0.09138195459558131,-0.07217391304347827,0.034782608695652174,0.20521739130434782,8
2245,-0.14347826086956522,0.08728199956471622,-0.3178260869565217,-0.11304347826086956,-0.06391304347826086,8
2246,0.11956521739130435,0.07426387327190749,0.006521739130434787,0.1217391304347826,0.24826086956521742,8
2247,-0.06739130434782609,0.02599621900674217,-0.09565217391304348,-0.06956521739130435,-0.02913043478260869,8
2248,-0.46304347826086956,0.07349626741033465,-0.5878260869565217,-0.45217391304347826,-0.3739130434782609,8
2249,0.14565217391304347,0.07298004491997616,0.03217391304347826,0.16521739130434782,0.24608695652173912,8
2250,-0.1173913043478261,0.09395731645641005,-0.28608695652173916,-0.09565217391304348,-0.011739130434782606,8
2251,0.3717391304347826,0.07349626741033463,0.2408695652173913,0.40869565217391307,0.4404347826086957,8
2252,0.06304347826086956,0.04952515543432399,-0.0026086956521739124,0.052173913043478265,0.13043478260869565,8
2253,0.13478260869565217,0.06942921488117962,0.006521739130434787,0.14782608695652175,0.22869565217391305,8
2254,0.22608695652173913,0.05567934119506825,0.1508695652173913,0.22608695652173913,0.301304347826087,8
2255,-0.25652173913043474,0.05126011357631129,-0.33304347826086955,-0.25217391304347825,-0.1743478260869565,8
2256,-0.17391304347826086,0.04841534228547845,-0.23478260869565218,-0.16521739130434782,-0.10173913043478261,8
2257,0.2282608695652174,0.06788041302606955,0.10782608695652174,0.2434782608695652,0.3269565217391304,8
2258,0.01956521739130435,0.10858690211949719,-0.11,0.0,0.17652173913043478,8
2259,0.0391304347826087,0.05751633284923023,-0.04043478260869565,0.043478260869565216,0.1356521739130435,8
2260,0.15434782608695652,0.07375302371168424,0.009565217391304353,0.17391304347826086,0.24304347826086956,8
2261,-0.13043478260869565,0.059614387829574296,-0.23695652173913043,-0.13043478260869565,-0.038260869565217376,8
2262,-0.8130434782608695,0.049763144096780884,-0.8895652173913043,-0.808695652173913,-0.7421739130434782,8
2263,-0.3130434782608696,0.0860825646661884,-0.4056521739130435,-0.3391304347826087,-0.14043478260869563,8
2264,-0.8152173913043479,0.048366511872363016,-0.8752173913043478,-0.8260869565217391,-0.7308695652173913,8
2265,-0.6043478260869565,0.07157425057893188,-0.712608695652174,-0.6086956521739131,-0.49043478260869566,8
2266,-0.4260869565217391,0.06507230237867723,-0.5417391304347826,-0.408695652173913,-0.3595652173913043,8
2267,-0.29782608695652174,0.06953124170312816,-0.40260869565217394,-0.2782608695652174,-0.21739130434782608,8
2268,-0.6260869565217391,0.030122622740328318,-0.6665217391304348,-0.6347826086956522,-0.5713043478260869,8
2269,-0.491304347826087,0.07862235356532662,-0.6082608695652174,-0.4956521739130435,-0.3543478260869565,8
2270,-0.5152173913043478,0.05529607539989958,-0.5939130434782608,-0.5217391304347827,-0.42913043478260865,8
2271,-0.8326086956521739,0.024498755803444894,-0.8721739130434782,-0.8347826086956522,-0.7943478260869565,8
2272,-0.6152173913043478,0.04385704565615658,-0.6952173913043479,-0.6,-0.5682608695652174,8
2273,-0.18043478260869567,0.08928935990396891,-0.33217391304347826,-0.19130434782608696,-0.0526086956521739,8
2274,-0.7130434782608697,0.05499613322031963,-0.8169565217391305,-0.7043478260869566,-0.6552173913043479,8
2275,-0.5347826086956522,0.07467636537964203,-0.6717391304347826,-0.5217391304347826,-0.44652173913043475,8
2276,-0.37826086956521743,0.07210053892076958,-0.4947826086956522,-0.3826086956521739,-0.2613043478260869,8
2277,-0.65,0.0598912057128518,-0.736086956521739,-0.6347826086956522,-0.5826086956521739,8
2278,-0.8152173913043479,0.05212860351426872,-0.8752173913043478,-0.8347826086956522,-0.7421739130434782,8
2279,-0.45217391304347826,0.07480282840906631,-0.5704347826086956,-0.4608695652173913,-0.33391304347826084,8
2280,-0.791304347826087,0.05768043113661565,-0.8721739130434782,-0.808695652173913,-0.7043478260869566,8
2281,-0.7521739130434782,0.0756821529805618,-0.8630434782608696,-0.7652173913043478,-0.6152173913043478,8
2282,-0.44565217391304346,0.058615081577012,-0.5530434782608695,-0.4173913043478261,-0.38,8
2283,-0.7782608695652173,0.02085144140570749,-0.82,-0.7739130434782608,-0.7565217391304347,8
2284,-0.5478260869565217,0.07630403815123583,-0.6460869565217391,-0.5652173913043478,-0.42086956521739133,8
2285,-0.6456521739130434,0.033607880073348514,-0.6869565217391305,-0.6521739130434783,-0.6,8
2286,-0.8173913043478261,0.06330530338504799,-0.8752173913043478,-0.8347826086956522,-0.6878260869565217,8
2287,-0.8130434782608695,0.06833145063261616,-0.8926086956521739,-0.8347826086956522,-0.6847826086956522,8
2288,-0.8630434782608696,0.045548536608167337,-0.8956521739130435,-0.8782608695652174,-0.768695652173913,8
2289,-0.3326086956521739,0.057639450363316753,-0.391304347826087,-0.34782608695652173,-0.22652173913043477,8
2290,-0.5413043478260869,0.049905392535865185,-0.6256521739130435,-0.5391304347826087,-0.4782608695652174,8
2291,-0.6760869565217391,0.038827328477156,-0.7217391304347827,-0.6782608695652175,-0.6091304347826086,8
2292,-0.758695652173913,0.03187582238829385,-0.7913043478260869,-0.7652173913043478,-0.7073913043478262,8
2293,-0.7282608695652174,0.02875816642461509,-0.7678260869565217,-0.7391304347826086,-0.6756521739130434,8
2294,-0.6260869565217392,0.10140785904078785,-0.7504347826086957,-0.6434782608695653,-0.47,8
2295,-0.32173913043478264,0.04259982161362049,-0.3882608695652174,-0.31304347826086953,-0.2582608695652174,8
2296,-0.5760869565217392,0.072720559494251,-0.6952173913043479,-0.5739130434782609,-0.47,8
2297,-0.7304347826086957,0.06209937763950303,-0.8056521739130434,-0.7478260869565216,-0.6265217391304347,8
2298,-0.7260869565217392,0.048219723940910494,-0.7995652173913044,-0.7217391304347827,-0.6469565217391304,8
2299,-0.8521739130434782,0.045183934110492444,-0.9130434782608695,-0.8521739130434782,-0.7913043478260869,8
2300,-0.8021739130434783,0.04677703215510873,-0.8608695652173913,-0.808695652173913,-0.7278260869565217,8
2301,-0.32173913043478264,0.08064016083039743,-0.40869565217391307,-0.33043478260869563,-0.1917391304347826,8
2302,-0.8369565217391304,0.027412000462866303,-0.8608695652173913,-0.8521739130434782,-0.7943478260869565,8
2303,-0.7673913043478261,0.06618842325060142,-0.8691304347826088,-0.7478260869565218,-0.678695652173913,8
2304,-0.15869565217391304,0.07007287591863563,-0.24608695652173912,-0.16521739130434782,-0.04652173913043478,8
2305,-0.6021739130434782,0.061755968310181694,-0.6808695652173913,-0.6173913043478261,-0.5130434782608696,8
2306,-0.45434782608695656,0.050657305207526294,-0.5273913043478261,-0.4434782608695652,-0.38,8
2307,-0.10217391304347827,0.08292274401200284,-0.2,-0.09565217391304348,0.020000000000000004,8
2308,-0.767391304347826,0.03784107649028087,-0.808695652173913,-0.7826086956521738,-0.7073913043478262,8
2309,-0.841304347826087,0.04717942263958852,-0.8926086956521739,-0.8521739130434782,-0.7595652173913043,8
2310,-0.47608695652173916,0.053205383697914846,-0.567391304347826,-0.4782608695652174,-0.38913043478260867,8
2311,-0.8869565217391304,0.03135261978664337,-0.9417391304347825,-0.8869565217391304,-0.8465217391304348,8
2312,-0.5804347826086956,0.08843845916003475,-0.6839130434782609,-0.6086956521739131,-0.42695652173913046,8
2313,-0.8521739130434783,0.03984848430396385,-0.8926086956521739,-0.8608695652173913,-0.7717391304347826,8
2314,-0.30434782608695654,0.052173913043478265,-0.3882608695652174,-0.2956521739130435,-0.23782608695652174,8
2315,-0.6760869565217391,0.07527517257904691,-0.7678260869565217,-0.7130434782608697,-0.5682608695652174,8
2316,-0.5608695652173913,0.06375164477658773,-0.6717391304347826,-0.5478260869565217,-0.4956521739130435,8
2317,-0.4152173913043478,0.07919132869603038,-0.51,-0.4173913043478261,-0.28478260869565214,8
2318,-0.6978260869565217,0.06266754480608511,-0.7708695652173913,-0.7130434782608697,-0.6030434782608696,8
2319,-0.29782608695652174,0.09117485641526421,-0.43434782608695655,-0.30434782608695654,-0.14565217391304347,8
2320,-0.8108695652173913,0.02940815056188846,-0.8434782608695652,-0.817391304347826,-0.7595652173913043,8
2321,0.05434782608695652,0.11335658977811905,-0.1408695652173913,0.034782608695652174,0.19695652173913045,8
2322,0.3239130434782609,0.05989120571285179,0.21521739130434783,0.3217391304347826,0.391304347826087,8
2323,-0.18695652173913044,0.033396285860298296,-0.23173913043478261,-0.2,-0.1334782608695652,8
2324,-0.3869565217391304,0.0505171740809663,-0.4578260869565217,-0.3826086956521739,-0.31043478260869567,8
2325,-0.06304347826086956,0.05028275437487121,-0.15304347826086956,-0.043478260869565216,0.0026086956521739193,8
2326,-0.30869565217391304,0.0600881520047185,-0.40260869565217394,-0.31304347826086953,-0.22043478260869565,8
2327,-0.017391304347826087,0.08110764393990275,-0.1356521739130435,-0.02608695652173913,0.10695652173913044,8
2328,-0.35,0.05763945036331675,-0.4404347826086956,-0.3391304347826087,-0.2643478260869565,8
2329,0.0021739130434782613,0.03978914177765897,-0.05478260869565217,0.0,0.0691304347826087,8
2330,0.017391304347826087,0.07378505542816148,-0.0782608695652174,0.026086956521739132,0.13260869565217392,8
2331,0.10652173913043478,0.06953124170312816,0.011739130434782608,0.10434782608695653,0.22260869565217392,8
2332,-0.11956521739130437,0.08014047213550766,-0.22869565217391305,-0.13043478260869565,0.01391304347826088,8
2333,-0.09130434782608696,0.07210053892076956,-0.22260869565217392,-0.0782608695652174,0.0026086956521739193,8
2334,-0.39347826086956517,0.09969234337215742,-0.4895652173913044,-0.4260869565217391,-0.19260869565217387,8
2335,-0.06086956521739131,0.08782178207271372,-0.19086956521739132,-0.06956521739130435,0.0691304347826087,8
2336,-0.16086956521739132,0.06255432421712243,-0.23173913043478261,-0.17391304347826086,-0.06391304347826086,8
2337,-0.14130434782608697,0.05893670309446069,-0.22869565217391305,-0.1391304347826087,-0.06391304347826086,8
2338,-0.1565217391304348,0.05635426694267704,-0.22869565217391305,-0.17391304347826086,-0.06695652173913043,8
2339,-0.16956521739130434,0.027152165210427816,-0.21434782608695652,-0.16521739130434782,-0.1334782608695652,8
2340,-0.25869565217391305,0.04677703215510873,-0.34739130434782606,-0.25217391304347825,-0.20304347826086958,8
2341,-0.047826086956521734,0.09905031086864796,-0.20217391304347826,-0.034782608695652174,0.10391304347826089,8
2342,-0.22826086956521738,0.03360788007334849,-0.26956521739130435,-0.23478260869565218,-0.1826086956521739,8
2343,0.2630434782608696,0.058291685555617055,0.18565217391304348,0.2608695652173913,0.3647826086956522,8
2344,0.1760869565217391,0.10468694893769134,-0.013043478260869563,0.16521739130434782,0.3126086956521739,8
2345,-0.09565217391304348,0.05897678246195885,-0.18782608695652175,-0.09565217391304348,0.007826086956521754,8
2346,0.06956521739130435,0.06086956521739131,-0.023043478260869565,0.08695652173913043,0.14478260869565218,8
2347,0.23478260869565218,0.034782608695652174,0.1826086956521739,0.2434782608695652,0.26956521739130435,8
2348,0.08043478260869566,0.057966485330319055,-0.03130434782608695,0.09565217391304348,0.14478260869565218,8
2349,-0.08043478260869566,0.05391129029407497,-0.1591304347826087,-0.08695652173913043,0.0026086956521739193,8
2350,0.052173913043478265,0.04601306627938419,-0.019999999999999997,0.06086956521739131,0.12434782608695652,8
2351,-0.33478260869565213,0.10569778940124538,-0.5008695652173913,-0.34782608695652173,-0.18869565217391304,8
2352,-0.06521739130434784,0.07568215298056179,-0.17956521739130435,-0.043478260869565216,0.03434782608695653,8
2353,-0.2282608695652174,0.05563688648725968,-0.31260869565217386,-0.23478260869565218,-0.13652173913043478,8
2354,-0.48043478260869565,0.07140899002459496,-0.5765217391304347,-0.48695652173913045,-0.38,8
2355,-0.03913043478260869,0.04580719022979452,-0.09260869565217392,-0.052173913043478265,0.04869565217391306,8
2356,0.07391304347826087,0.07365684498303224,0.02608695652173913,0.034782608695652174,0.22782608695652176,8
2357,0.05217391304347826,0.05070392952039392,-0.03130434782608695,0.052173913043478265,0.12739130434782608,8
2358,-0.15434782608695652,0.07774589018368551,-0.2604347826086956,-0.15652173913043477,-0.012608695652173893,8
2359,0.10434782608695653,0.062099377639503045,0.029130434782608693,0.10434782608695653,0.19695652173913045,8
2360,2.6020852139652106e-18,0.07480282840906631,-0.14391304347826087,0.008695652173913042,0.08956521739130435,8
2361,-0.0782608695652174,0.07275304578557179,-0.19086956521739132,-0.0782608695652174,0.03434782608695653,8
2362,-0.36086956521739133,0.05618629557965254,-0.4404347826086956,-0.34782608695652173,-0.28695652173913044,8
2363,-0.16521739130434782,0.10065945132861066,-0.36086956521739133,-0.15652173913043477,-0.06086956521739131,8
2364,-0.2608695652173913,0.08385783270428657,-0.3934782608695652,-0.2782608695652174,-0.1508695652173913,8
2365,-0.16304347826086957,0.07349626741033465,-0.2891304347826087,-0.15652173913043477,-0.06391304347826086,8
2366,-0.19782608695652174,0.04875578585218653,-0.2808695652173913,-0.1826086956521739,-0.1334782608695652,8
2367,-0.11521739130434783,0.03416572531630807,-0.17652173913043478,-0.11304347826086956,-0.06695652173913043,8
2368,-0.48695652173913045,0.06956521739130436,-0.5591304347826087,-0.5043478260869565,-0.3460869565217391,8
2369,0.03695652173913044,0.10504747328999625,-0.10695652173913044,0.034782608695652174,0.19391304347826088,8
2370,0.3173913043478261,0.11059215079979917,0.13956521739130434,0.3652173913043478,0.4404347826086957,8
2371,-0.341304347826087,0.06474466352971928,-0.4373913043478261,-0.33043478260869563,-0.24391304347826087,8
2372,-0.07826086956521738,0.06330530338504799,-0.19391304347826088,-0.052173913043478265,-0.02608695652173913,8
2373,-0.3,0.040553821969951366,-0.3534782608695652,-0.31304347826086953,-0.23782608695652174,8
2374,-0.1782608695652174,0.11946636229594858,-0.37,-0.17391304347826086,-0.014782608695652167,8
2375,0.04782608695652174,0.061946986299021775,-0.043478260869565216,0.06086956521739131,0.13869565217391305,8
2376,0.015217391304347825,0.03471460744058981,-0.02608695652173913,0.008695652173913042,0.06086956521739131,8
2377,0.27608695652173915,0.0614491044569677,0.1743478260869565,0.2782608695652174,0.3565217391304348,8
2378,-0.11739130434782608,0.05051717408096631,-0.19695652173913045,-0.11304347826086956,-0.04652173913043478,8
2379,0.002173913043478262,0.09158858449104738,-0.13869565217391305,-0.008695652173913044,0.13869565217391305,8
2380,0.03043478260869565,0.033396285860298296,-0.023043478260869565,0.043478260869565216,0.07521739130434783,8
2381,-0.33478260869565213,0.07262301342821768,-0.45173913043478264,-0.33043478260869563,-0.22652173913043477,8
2382,0.27391304347826084,0.07910176260287066,0.17130434782608694,0.26956521739130435,0.3995652173913044,8
2383,-0.28043478260869564,0.09835605239881408,-0.40260869565217394,-0.29565217391304344,-0.11391304347826085,8
2384,-0.44130434782608696,0.06532599652746401,-0.5243478260869565,-0.45217391304347826,-0.3278260869565217,8
2385,-0.25217391304347825,0.06507230237867723,-0.3217391304347826,-0.25217391304347825,-0.13130434782608694,8
2386,0.052173913043478265,0.07010658911563956,-0.03739130434782609,0.043478260869565216,0.18173913043478263,8
2387,-0.14782608695652175,0.07327086759283791,-0.23478260869565218,-0.16521739130434782,-0.03521739130434782,8
2388,-0.5260869565217392,0.046625240412015684,-0.5939130434782608,-0.5304347826086957,-0.4413043478260869,8
2389,-0.4978260869565217,0.0930221430231942,-0.5969565217391304,-0.5130434782608696,-0.32869565217391306,8
2390,-0.3630434782608696,0.09950254340300703,-0.4721739130434783,-0.408695652173913,-0.18652173913043477,8
2391,-0.02826086956521739,0.062365166468613266,-0.15,0.0,0.037391304347826095,8
2392,0.008695652173913045,0.06565073421974565,-0.09782608695652174,0.008695652173913042,0.10391304347826089,8
2393,-0.1391304347826087,0.05144417202695318,-0.22565217391304349,-0.1391304347826087,-0.06391304347826086,8
2394,-0.004347826086956523,0.0832923654811653,-0.1356521739130435,-0.008695652173913044,0.12130434782608697,8
2395,-0.34347826086956523,0.06194698629902178,-0.45173913043478264,-0.33043478260869563,-0.2582608695652174,8
2396,-0.14130434782608697,0.03978914177765897,-0.19695652173913045,-0.13043478260869565,-0.09565217391304348,8
2397,-0.25869565217391305,0.06503597957239822,-0.33304347826086955,-0.26956521739130435,-0.1343478260869565,8
2398,0.06956521739130435,0.05635426694267705,-0.008695652173913044,0.0782608695652174,0.14782608695652175,8
2399,0.1673913043478261,0.06296847112156626,0.05565217391304348,0.17391304347826086,0.23478260869565218,8
2400,-0.11956521739130435,0.06675718492514819,-0.21434782608695652,-0.11304347826086956,-0.01782608695652173,8
2401,-0.4434782608695652,0.09799502321377952,-0.6165217391304347,-0.4173913043478261,-0.30521739130434783,8
2402,0.05652173913043479,0.05751633284923023,-0.03739130434782609,0.06086956521739131,0.14173913043478262,8
2403,0.05,0.07061035551700746,-0.07521739130434783,0.08695652173913043,0.11,8
2404,-0.08043478260869565,0.08223600138859885,-0.17956521739130435,-0.08695652173913043,0.07130434782608698,8
2405,-0.44782608695652176,0.07957828355531794,-0.6104347826086957,-0.4260869565217391,-0.3769565217391304,8
2406,-0.2434782608695652,0.02129991080681024,-0.26652173913043475,-0.25217391304347825,-0.20304347826086958,8
2407,-0.32173913043478264,0.06270523957328678,-0.40260869565217394,-0.3391304347826087,-0.22043478260869565,8
2408,-0.4217391304347826,0.06777590116573867,-0.5069565217391304,-0.4347826086956522,-0.3134782608695652,8
2409,0.1391304347826087,0.049952718665548075,0.0782608695652174,0.1391304347826087,0.21434782608695652,8
2410,0.0608695652173913,0.06846963368705922,-0.05478260869565217,0.0782608695652174,0.14478260869565218,8
2411,-0.29565217391304344,0.06507230237867724,-0.3882608695652174,-0.2956521739130435,-0.20608695652173914,8
2412,0.05652173913043479,0.06608123545030724,-0.04869565217391304,0.06086956521739131,0.15608695652173912,8
2413,-0.013043478260869566,0.07262301342821767,-0.11826086956521739,-0.026086956521739132,0.10695652173913044,8
2414,-0.4456521739130435,0.02206280775020048,-0.4752173913043478,-0.45217391304347826,-0.4117391304347826,8
2415,0.13695652173913042,0.04428597562492036,0.06391304347826088,0.14782608695652175,0.19695652173913045,8
2416,-0.10652173913043478,0.0667571849251482,-0.22565217391304349,-0.09565217391304348,-0.02913043478260869,8
2417,-0.30869565217391304,0.040553821969951366,-0.3708695652173913,-0.30434782608695654,-0.24391304347826087,8
2418,0.2282608695652174,0.062061314885305204,0.13652173913043478,0.2434782608695652,0.3269565217391304,8
2419,-0.17826086956521736,0.08329236548116528,-0.32391304347826083,-0.16521739130434782,-0.0782608695652174,8
2420,-0.6021739130434782,0.06415806331901612,-0.6952173913043479,-0.5913043478260869,-0.4934782608695652,8
2421,-0.21304347826086956,0.05126011357631128,-0.26652173913043475,-0.23478260869565218,-0.13043478260869565,8
2422,-0.33260869565217394,0.05631232107386356,-0.42826086956521736,-0.33043478260869563,-0.24391304347826087,8
2423,-0.6195652173913044,0.05028275437487121,-0.6808695652173913,-0.6347826086956522,-0.5252173913043479,8
2424,-0.23695652173913043,0.0946339080855605,-0.3534782608695652,-0.25217391304347825,-0.09565217391304348,8
2425,0.05652173913043478,0.12041202107935851,-0.07521739130434783,0.017391304347826087,0.25434782608695655,8
2426,-0.5934782608695652,0.049905392535865185,-0.6491304347826087,-0.6173913043478261,-0.5130434782608696,8
2427,0.10217391304347825,0.07966731392090737,-0.03130434782608695,0.11304347826086956,0.22260869565217392,8
2428,-0.33043478260869563,0.05360360002581719,-0.3882608695652174,-0.3391304347826087,-0.22956521739130434,8
2429,-0.10869565217391304,0.025722086013476586,-0.1591304347826087,-0.09565217391304348,-0.08130434782608696,8
2430,-0.5,0.058816301123776886,-0.6165217391304347,-0.48695652173913045,-0.4434782608695652,8
2431,-0.1934782608695652,0.0711437746606677,-0.28391304347826085,-0.2,-0.09869565217391305,8
2432,0.22608695652173916,0.07429568474189158,0.11608695652173913,0.2434782608695652,0.33304347826086955,8
2433,-0.20652173913043478,0.07627306431673404,-0.31869565217391305,-0.20869565217391306,-0.09869565217391305,8
2434,-0.36086956521739133,0.08508863387296055,-0.4691304347826087,-0.3739130434782609,-0.2234782608695652,8
2435,-0.5347826086956522,0.06608123545030722,-0.6573913043478261,-0.4956521739130435,-0.46695652173913044,8
2436,-0.40217391304347827,0.030044076002359248,-0.4547826086956522,-0.4,-0.3595652173913043,8
2437,0.24782608695652175,0.07104406364507909,0.1826086956521739,0.22608695652173913,0.3791304347826087,8
2438,-0.3391304347826087,0.06270523957328676,-0.4547826086956522,-0.3217391304347826,-0.28695652173913044,8
2439,0.17391304347826086,0.06901959941907629,0.061739130434782616,0.16521739130434782,0.28913043478260875,8
2440,3.469446951953614e-18,0.08564224175474874,-0.15,0.017391304347826087,0.1182608695652174,8
2441,-0.37826086956521743,0.12041202107935854,-0.5273913043478261,-0.34782608695652173,-0.19782608695652174,8
2442,-0.3065217391304348,0.04875578585218652,-0.4078260869565217,-0.2956521739130435,-0.26956521739130435,8
2443,-0.02173913043478261,0.05482400092573258,-0.0782608695652174,-0.043478260869565216,0.06086956521739131,8
2444,-0.2043478260869565,0.12473033293722653,-0.3391304347826087,-0.22608695652173913,0.03869565217391308,8
2445,-0.6043478260869566,0.054824000925732586,-0.6839130434782609,-0.5913043478260869,-0.5334782608695653,8
2446,0.3152173913043478,0.03978914177765897,0.25521739130434784,0.3217391304347826,0.3821739130434783,8
2447,-0.4391304347826087,0.08684775806712251,-0.5591304347826087,-0.45217391304347826,-0.31043478260869567,8
2448,-0.05652173913043479,0.07618006725189232,-0.17043478260869566,-0.0608695652173913,0.06608695652173915,8
2449,-0.058695652173913045,0.05320538369791486,-0.12739130434782608,-0.06086956521739131,0.031304347826086966,8
2450,-0.5891304347826086,0.043423879033561257,-0.6604347826086957,-0.5913043478260869,-0.5191304347826087,8
2451,-0.45869565217391306,0.05460807255252379,-0.5130434782608696,-0.4782608695652174,-0.391304347826087,8
2452,-0.6347826086956521,0.0468275200620392,-0.6869565217391305,-0.6434782608695653,-0.5539130434782608,8
2453,-0.6695652173913044,0.050703929520393924,-0.7504347826086957,-0.6608695652173913,-0.6030434782608696,8
2454,-0.2826086956521739,0.06194698629902178,-0.3882608695652174,-0.2608695652173913,-0.21739130434782608,8
2455,-0.5260869565217392,0.031049688819751495,-0.5765217391304347,-0.5217391304347827,-0.48130434782608694,8
2456,-0.741304347826087,0.05529607539989957,-0.831304347826087,-0.7391304347826086,-0.6582608695652173,8
2457,-0.31956521739130433,0.052489984641954944,-0.3882608695652174,-0.3391304347826087,-0.23782608695652174,8
2458,-0.1847826086956522,0.047179422639588485,-0.2634782608695652,-0.1826086956521739,-0.1191304347826087,8
2459,-0.3391304347826087,0.0596143878295743,-0.391304347826087,-0.3652173913043478,-0.23782608695652174,8
2460,-0.7782608695652173,0.06071408714682146,-0.8947826086956521,-0.7565217391304347,-0.7217391304347827,8
2461,-0.13695652173913042,0.10138455492487843,-0.2634782608695652,-0.17391304347826086,0.008695652173913044,8
2462,-0.3521739130434783,0.04055382196995138,-0.4056521739130435,-0.3565217391304348,-0.278695652173913,8
2463,-0.5956521739130434,0.03558849031248891,-0.6573913043478261,-0.6,-0.5395652173913044,8
2464,-0.6739130434782608,0.05751633284923022,-0.7821739130434783,-0.6434782608695653,-0.6204347826086957,8
2465,-0.3760869565217391,0.07349626741033463,-0.4721739130434783,-0.3826086956521739,-0.24695652173913044,8
2466,-0.7760869565217391,0.020276910984975697,-0.8056521739130434,-0.7739130434782608,-0.7565217391304347,8
2467,-0.3630434782608696,0.04342387903356126,-0.4373913043478261,-0.3565217391304348,-0.3073913043478261,8
2468,-0.13695652173913042,0.052848894700622685,-0.23695652173913043,-0.13043478260869565,-0.06695652173913043,8
2469,-0.25,0.0670397562830838,-0.35043478260869565,-0.23478260869565218,-0.1826086956521739,8
2470,-0.05,0.06732114159653053,-0.17869565217391306,-0.043478260869565216,0.037391304347826095,8
2471,-0.6173913043478261,0.03367811605397756,-0.6665217391304348,-0.6173913043478261,-0.5682608695652174,8
2472,-0.47608695652173916,0.037338182689821045,-0.5304347826086957,-0.46956521739130436,-0.42913043478260865,8
2473,-0.07608695652173914,0.06815832785474298,-0.17652173913043478,-0.06956521739130435,0.04260869565217393,8
2474,-0.7043478260869565,0.07429568474189158,-0.837391304347826,-0.6782608695652175,-0.6347826086956522,8
2475,-0.40869565217391307,0.07969696860792765,-0.5417391304347826,-0.391304347826087,-0.2960869565217391,8
2476,-0.717391304347826,0.05751633284923022,-0.7739130434782608,-0.7304347826086957,-0.6234782608695651,8
2477,-0.29130434782608694,0.09233374165911001,-0.40869565217391307,-0.30434782608695654,-0.15391304347826087,8
2478,-0.10869565217391304,0.032244341248242006,-0.1591304347826087,-0.11304347826086956,-0.06391304347826086,8
2479,0.0782608695652174,0.03984848430396382,0.014782608695652174,0.0782608695652174,0.13043478260869565,8
2480,-0.0934782608695652,0.05248998464195494,-0.16521739130434782,-0.08695652173913043,-0.02608695652173913,8
2481,0.02608695652173913,0.08157244799692921,-0.05782608695652174,0.0,0.17043478260869566,8
2482,-0.05,0.09362980637981752,-0.17652173913043478,-0.06956521739130435,0.06086956521739131,8
2483,-0.3326086956521739,0.10683184674178797,-0.4947826086956522,-0.34782608695652173,-0.16304347826086957,8
2484,0.08478260869565217,0.054260799888472544,0.02608695652173913,0.06956521739130435,0.18782608695652175,8
2485,0.017391304347826084,0.08952721861727826,-0.09565217391304348,0.008695652173913042,0.15304347826086956,8
2486,-0.6456521739130434,0.06561473162081119,-0.736086956521739,-0.6434782608695653,-0.5508695652173913,8
2487,-0.3847826086956522,0.08907739673281685,-0.5295652173913044,-0.391304347826087,-0.24695652173913044,8
2488,-0.4956521739130435,0.049952718665548075,-0.5734782608695652,-0.5130434782608696,-0.42913043478260865,8
2489,-0.44565217391304346,0.06356605007484106,-0.5643478260869565,-0.4260869565217391,-0.36565217391304344,8
2490,-0.21521739130434783,0.08037600672754848,-0.3360869565217391,-0.2,-0.10173913043478261,8
2491,-0.19782608695652176,0.05102910693176305,-0.2778260869565217,-0.19130434782608696,-0.1191304347826087,8
2492,-0.1826086956521739,0.07378505542816148,-0.28391304347826085,-0.17391304347826086,-0.06999999999999999,8
2493,-0.21956521739130433,0.0692588361829304,-0.3269565217391304,-0.20869565217391306,-0.10782608695652172,8
2494,-0.6347826086956522,0.05702120455914784,-0.7330434782608696,-0.6173913043478261,-0.5682608695652174,8
2495,-0.15217391304347827,0.09355406431021744,-0.3095652173913043,-0.15652173913043477,-0.02913043478260869,8
2496,-0.567391304347826,0.042097645067471906,-0.6430434782608696,-0.5652173913043478,-0.5160869565217392,8
2497,-0.03260869565217392,0.0752751725790469,-0.11,-0.06086956521739131,0.11217391304347828,8
2498,-0.028260869565217395,0.09621867815795969,-0.1847826086956522,-0.034782608695652174,0.12130434782608697,8
2499,0.06086956521739131,0.05499613322031964,-0.023043478260869565,0.06956521739130435,0.12739130434782608,8
2500,0.14782608695652175,0.08157244799692921,0.01782608695652174,0.14782608695652172,0.2604347826086957,8
2501,-0.010869565217391304,0.0740088892632574,-0.09260869565217392,-0.02608695652173913,0.11,8
2502,-0.3195652173913044,0.056647018351284266,-0.41391304347826086,-0.33043478260869563,-0.2408695652173913,8
2503,0.16956521739130437,0.04899751160688976,0.09869565217391305,0.17391304347826086,0.23173913043478261,8
2504,-0.6456521739130434,0.038827328477156,-0.701304347826087,-0.6347826086956522,-0.6,8
2505,-0.5913043478260869,0.062099377639503045,-0.6808695652173913,-0.5913043478260869,-0.5017391304347826,8
2506,-0.6173913043478261,0.06270523957328678,-0.6695652173913044,-0.6347826086956522,-0.4852173913043478,8
2507,-0.6978260869565218,0.03682842249151612,-0.7647826086956522,-0.6869565217391305,-0.6552173913043479,8
2508,-0.16521739130434782,0.03689252771408074,-0.23173913043478261,-0.14782608695652175,-0.13043478260869565,8
2509,-0.2891304347826087,0.06590220170097442,-0.3565217391304348,-0.31304347826086953,-0.17130434782608694,8
2510,-0.06304347826086956,0.09700135442314395,-0.19695652173913045,-0.06956521739130435,0.08956521739130435,8
2511,-0.9347826086956521,0.02420767114273921,-0.9621739130434782,-0.9391304347826086,-0.8873913043478261,8
2512,-0.47391304347826085,0.05051717408096631,-0.5447826086956521,-0.46956521739130436,-0.4117391304347826,8
2513,-0.22391304347826085,0.04596168372144777,-0.28391304347826085,-0.23478260869565218,-0.13956521739130434,8
2514,-0.8695652173913043,0.051444172026953165,-0.9417391304347825,-0.8695652173913044,-0.797391304347826,8
2515,0.08260869565217391,0.11658337111123411,-0.06608695652173914,0.034782608695652174,0.25217391304347825,8
2516,0.04565217391304348,0.04385704565615656,-0.03739130434782609,0.06086956521739131,0.09260869565217392,8
2517,-0.013043478260869566,0.05816994852286805,-0.09565217391304348,-0.008695652173913044,0.05782608695652174,8
2518,-0.008695652173913044,0.048415342285478453,-0.07217391304347827,-0.008695652173913044,0.08043478260869567,8
2519,-0.02826086956521739,0.08177496901653925,-0.17652173913043478,0.008695652173913044,0.054782608695652185,8
2520,0.08043478260869566,0.0831503978213273,-0.05478260869565217,0.10434782608695653,0.19086956521739132,8
2521,0.02391304347826087,0.05320538369791486,-0.05782608695652174,0.034782608695652174,0.09260869565217392,8
2522,0.13043478260869565,0.05430433042085563,0.049565217391304345,0.13043478260869565,0.21130434782608695,8
2523,-0.7239130434782609,0.06815832785474296,-0.831304347826087,-0.7304347826086957,-0.6234782608695651,8
2524,0.1108695652173913,0.060519177856848065,0.06086956521739131,0.08695652173913043,0.22565217391304349,8
2525,-0.07608695652173914,0.07451798478696788,-0.18782608695652175,-0.08695652173913043,0.04869565217391306,8
2526,-0.6152173913043479,0.08971178383462326,-0.7043478260869566,-0.6260869565217391,-0.45565217391304347,8
2527,-0.3565217391304348,0.07378505542816148,-0.4434782608695652,-0.3565217391304348,-0.25217391304347825,8
2528,0.2108695652173913,0.08907739673281687,0.11304347826086956,0.2,0.3617391304347826,8
2529,-0.8239130434782609,0.07750236291293863,-0.9756521739130435,-0.8,-0.7308695652173913,8
2530,-0.034782608695652174,0.05702120455914783,-0.11,-0.034782608695652174,0.05173913043478262,8
2531,-0.6239130434782608,0.07061035551700745,-0.7443478260869565,-0.6086956521739131,-0.5139130434782608,8
2532,0.19565217391304346,0.07467636537964203,0.11608695652173913,0.16521739130434782,0.33,8
2533,0.008695652173913045,0.04433930011819813,-0.05478260869565217,0.008695652173913042,0.07521739130434783,8
2534,-0.2108695652173913,0.06732114159653053,-0.2982608695652174,-0.2173913043478261,-0.11304347826086956,8
2535,-0.3630434782608696,0.06898535501140188,-0.4752173913043478,-0.3391304347826087,-0.28695652173913044,8
2536,0.06304347826086956,0.04717942263958849,0.008695652173913044,0.06086956521739131,0.12739130434782608,8
2537,-0.09782608695652173,0.05102910693176306,-0.16217391304347825,-0.09565217391304348,-0.043478260869565216,8
2538,-0.341304347826087,0.0670397562830838,-0.4547826086956522,-0.33043478260869563,-0.24695652173913044,8
2539,-0.7282608695652174,0.04072824781564171,-0.7995652173913044,-0.7130434782608697,-0.6756521739130434,8
2540,-0.8260869565217391,0.02884021556830784,-0.8608695652173913,-0.8347826086956522,-0.7913043478260869,8
2541,0.04782608695652174,0.06777590116573867,-0.05782608695652174,0.052173913043478265,0.13043478260869565,8
2542,-0.65,0.07942967785410916,-0.7534782608695652,-0.6434782608695653,-0.5252173913043479,8
2543,0.44999999999999996,0.04596168372144776,0.3830434782608696,0.45217391304347826,0.5326086956521738,8
2544,-0.15434782608695652,0.05829168555561705,-0.24913043478260868,-0.14782608695652172,-0.09565217391304348,8
2545,-0.18478260869565216,0.03066681734709975,-0.22869565217391305,-0.19130434782608696,-0.1334782608695652,8
2546,-0.55,0.0692588361829304,-0.6604347826086957,-0.5391304347826087,-0.4413043478260869,8
2547,-0.05652173913043478,0.04237736671656071,-0.11,-0.06086956521739131,0.005652173913043481,8
2548,-0.34130434782608693,0.08583516096695493,-0.4578260869565217,-0.34782608695652173,-0.21217391304347827,8
2549,-0.07173913043478261,0.08292274401200284,-0.19695652173913045,-0.05217391304347826,0.023043478260869568,8
2550,0.22391304347826085,0.07061035551700745,0.1191304347826087,0.23478260869565218,0.31869565217391305,8
2551,-0.05434782608695653,0.054260799888472544,-0.12434782608695652,-0.06086956521739131,0.04869565217391306,8
2552,-0.7630434782608695,0.050657305207526274,-0.808695652173913,-0.7739130434782608,-0.6673913043478261,8
2553,-0.5152173913043478,0.04026143299446115,-0.5765217391304347,-0.5217391304347827,-0.44956521739130434,8
2554,-0.11521739130434783,0.07349626741033463,-0.2082608695652174,-0.14782608695652175,-0.0004347826086956424,8
2555,-0.049999999999999996,0.1024971759489242,-0.19391304347826088,-0.052173913043478265,0.0782608695652174,8
2556,-0.5130434782608695,0.056354266942677034,-0.5939130434782608,-0.5217391304347827,-0.42913043478260865,8
2557,-0.4108695652173913,0.05248998464195495,-0.4926086956521739,-0.408695652173913,-0.3421739130434782,8
2558,0.0021739130434782605,0.0535594999771953,-0.08652173913043479,0.008695652173913042,0.07521739130434783,8
2559,-0.33695652173913043,0.09179474926398874,-0.4721739130434783,-0.3217391304347826,-0.2091304347826087,8
2560,-0.3108695652173913,0.055636886487259694,-0.3882608695652174,-0.30434782608695654,-0.22652173913043477,8
2561,-0.6478260869565218,0.07104406364507908,-0.7391304347826086,-0.6521739130434783,-0.5365217391304348,8
2562,-0.7760869565217392,0.05796648533031906,-0.8721739130434782,-0.7565217391304347,-0.7073913043478262,8
2563,0.07826086956521738,0.08867860023639626,-0.043478260869565216,0.08695652173913043,0.1826086956521739,8
2564,0.22173913043478263,0.08374504471416618,0.09043478260869565,0.22608695652173913,0.3443478260869565,8
2565,-0.3347826086956522,0.047429183107111805,-0.391304347826087,-0.3391304347826087,-0.24695652173913044,8
2566,-0.7869565217391304,0.04237736671656071,-0.8404347826086956,-0.7826086956521738,-0.7134782608695652,8
2567,-0.023913043478260867,0.07502362576842347,-0.12739130434782608,0.017391304347826087,0.05782608695652174,8
2568,-0.047826086956521734,0.07957828355531794,-0.14478260869565218,-0.06086956521739131,0.09478260869565219,8
2569,-0.5217391304347827,0.08952721861727826,-0.6778260869565218,-0.48695652173913045,-0.4147826086956522,8
2570,-0.43043478260869567,0.07862235356532662,-0.5417391304347826,-0.408695652173913,-0.3278260869565217,8
2571,3.469446951953614e-18,0.07679792057676388,-0.14695652173913043,0.008695652173913044,0.0782608695652174,8
2572,-0.35,0.043423879033561257,-0.42,-0.34782608695652173,-0.29,8
2573,-0.11521739130434783,0.02809314778982627,-0.14478260869565218,-0.13043478260869565,-0.06391304347826086,8
2574,-0.3021739130434783,0.10341521645448953,-0.44565217391304346,-0.31304347826086953,-0.11173913043478259,8
2575,-0.08695652173913043,0.06565073421974565,-0.16217391304347825,-0.09565217391304348,0.016956521739130443,8
2576,-0.1826086956521739,0.0602452454806566,-0.26956521739130435,-0.16521739130434782,-0.10173913043478261,8
2577,-0.3565217391304348,0.07530655685082076,-0.48347826086956525,-0.34782608695652173,-0.2552173913043478,8
2578,-0.26086956521739135,0.05430433042085564,-0.34739130434782606,-0.26956521739130435,-0.18565217391304348,8
2579,0.043478260869565216,0.03585309239667531,-0.0056521739130434775,0.043478260869565216,0.10391304347826089,8
2580,-0.3521739130434783,0.04147561745291069,-0.40869565217391307,-0.34782608695652173,-0.29,8
2581,-0.8760869565217392,0.013576082605213917,-0.8956521739130435,-0.8782608695652174,-0.8608695652173913,8
2582,-0.019565217391304346,0.07007287591863563,-0.14695652173913043,-0.017391304347826084,0.07217391304347827,8
2583,0.11521739130434783,0.030666817347099744,0.06391304347826088,0.1217391304347826,0.1591304347826087,8
2584,0.07826086956521738,0.0732708675928379,-0.019999999999999997,0.08695652173913043,0.17652173913043478,8
2585,0.07391304347826086,0.027152165210427816,0.01782608695652174,0.0782608695652174,0.09565217391304348,8
2586,-0.558695652173913,0.05829168555561704,-0.6491304347826087,-0.5391304347826087,-0.47304347826086957,8
2587,-0.1934782608695652,0.07375302371168424,-0.2808695652173913,-0.20869565217391306,-0.055652173913043466,8
2588,-0.07608695652173914,0.05391129029407497,-0.16217391304347825,-0.06956521739130435,-0.011739130434782606,8
2589,0.2826086956521739,0.07814000328526707,0.2,0.25217391304347825,0.41695652173913045,8
2590,-0.5543478260869565,0.062061314885305204,-0.6573913043478261,-0.5478260869565217,-0.45565217391304347,8
2591,-0.2891304347826087,0.07349626741033465,-0.3708695652173913,-0.30434782608695654,-0.15173913043478257,8
2592,0.0608695652173913,0.062099377639503045,-0.023043478260869565,0.0782608695652174,0.14173913043478262,8
2593,-0.7804347826086957,0.07167322400797624,-0.9008695652173913,-0.7565217391304347,-0.6817391304347826,8
2594,-0.6130434782608696,0.0877140913123131,-0.7647826086956522,-0.5913043478260869,-0.5160869565217392,8
2595,-0.2043478260869565,0.04326032335246174,-0.25217391304347825,-0.21739130434782608,-0.12217391304347824,8
2596,-0.28695652173913044,0.09604661754075879,-0.3739130434782609,-0.33043478260869563,-0.11086956521739129,8
2597,-0.5978260869565217,0.07193648742510565,-0.7156521739130435,-0.5739130434782609,-0.5130434782608696,8
2598,-0.2043478260869565,0.06942921488117962,-0.26652173913043475,-0.2434782608695652,-0.07304347826086956,8
2599,-0.2956521739130435,0.09485836621422361,-0.42,-0.28695652173913044,-0.15391304347826087,8
2600,-0.24782608695652172,0.04412561550040096,-0.30434782608695654,-0.25217391304347825,-0.1826086956521739,8
2601,-0.16086956521739132,0.0568552036114001,-0.21434782608695652,-0.17391304347826086,-0.044347826086956504,8
2602,-0.2565217391304348,0.08145649563128346,-0.3565217391304348,-0.2782608695652174,-0.13652173913043478,8
2603,-0.4217391304347826,0.08145649563128346,-0.567391304347826,-0.4173913043478261,-0.3247826086956521,8
2604,-0.15434782608695652,0.07272055949425102,-0.23478260869565218,-0.1565217391304348,-0.038260869565217376,8
2605,-0.07173913043478261,0.07219879089311138,-0.17347826086956522,-0.06956521739130435,0.05695652173913046,8
2606,-0.5695652173913044,0.06942921488117962,-0.7004347826086957,-0.5565217391304347,-0.48434782608695653,8
2607,-0.8630434782608696,0.030666817347099737,-0.921304347826087,-0.8521739130434782,-0.8291304347826087,8
2608,-0.2717391304347826,0.07349626741033463,-0.4078260869565217,-0.26956521739130435,-0.17130434782608694,8
2609,-0.7978260869565218,0.06788041302606954,-0.9182608695652174,-0.7826086956521738,-0.7104347826086956,8
2610,0.1673913043478261,0.09261481914843822,0.06086956521739131,0.17391304347826086,0.3239130434782609,8
2611,-0.817391304347826,0.0313526197866434,-0.8578260869565217,-0.8260869565217391,-0.7739130434782608,8
2612,0.09782608695652176,0.04209764506747192,0.03217391304347826,0.09565217391304348,0.16217391304347825,8
2613,-0.5369565217391304,0.024498755803444853,-0.5765217391304347,-0.5391304347826087,-0.49869565217391304,8
2614,-0.11521739130434783,0.0664734123974811,-0.19695652173913045,-0.12173913043478261,-0.011739130434782606,8
2615,-0.37173913043478257,0.06815832785474298,-0.4434782608695652,-0.391304347826087,-0.2582608695652174,8
2616,-0.7891304347826087,0.039311176782663305,-0.8260869565217391,-0.808695652173913,-0.7134782608695652,8
2617,-0.5739130434782609,0.04841534228547844,-0.6491304347826087,-0.5652173913043478,-0.5160869565217392,8
2618,-0.14782608695652172,0.03984848430396383,-0.22565217391304349,-0.13043478260869565,-0.10173913043478261,8
2619,0.15,0.053911290294074966,0.06695652173913044,0.15652173913043477,0.24,8
2620,-0.2608695652173913,0.04518393411049245,-0.33304347826086955,-0.25217391304347825,-0.1917391304347826,8
2621,-0.030434782608695653,0.07716625804042977,-0.15304347826086956,-0.02608695652173913,0.09782608695652176,8
2622,-0.07826086956521738,0.05144417202695318,-0.12739130434782608,-0.11304347826086956,0.005652173913043481,8
2623,-0.5847826086956522,0.05391129029407498,-0.6778260869565218,-0.5826086956521739,-0.5160869565217392,8
2624,-0.2891304347826087,0.12280203689129218,-0.5030434782608696,-0.2782608695652174,-0.0943478260869565,8
2625,-0.1217391304347826,0.08249419983047945,-0.23173913043478261,-0.13043478260869565,0.01391304347826088,8
2626,0.10652173913043478,0.06386274270247122,-0.0026086956521739124,0.12173913043478261,0.17956521739130435,8
2627,-0.6217391304347826,0.05751633284923024,-0.73,-0.5913043478260869,-0.5682608695652174,8
2628,0.04565217391304348,0.0831503978213273,-0.07521739130434783,0.04347826086956522,0.14478260869565218,8
2629,0.21521739130434783,0.0779886570202265,0.10173913043478261,0.2434782608695652,0.301304347826087,8
2630,0.03043478260869565,0.04662524041201569,-0.03739130434782609,0.034782608695652174,0.09565217391304348,8
2631,0.1673913043478261,0.04797407932763894,0.08434782608695653,0.1826086956521739,0.22869565217391305,8
2632,-0.06739130434782609,0.049141976328075286,-0.12434782608695652,-0.0782608695652174,0.02826086956521741,8
2633,-0.42826086956521736,0.07847193759904368,-0.5243478260869565,-0.4608695652173913,-0.3073913043478261,8
2634,-0.45434782608695656,0.06561473162081116,-0.5560869565217391,-0.46956521739130436,-0.3626086956521739,8
2635,0.14782608695652172,0.11731076141940905,-0.056956521739130433,0.15652173913043477,0.3065217391304348,8
2636,-0.11521739130434783,0.06815832785474296,-0.23695652173913043,-0.10434782608695653,-0.02913043478260869,8
2637,0.28478260869565214,0.07552588159147917,0.14869565217391303,0.2956521739130435,0.38521739130434784,8
2638,-0.7130434782608696,0.08157244799692921,-0.8056521739130434,-0.7217391304347827,-0.566086956521739,8
2639,-0.0391304347826087,0.06434195037803801,-0.12434782608695652,-0.052173913043478265,0.06608695652173915,8
2640,-0.37826086956521743,0.0741683569966608,-0.5039130434782609,-0.3739130434782609,-0.2756521739130435,8
2641,0.06086956521739131,0.09722034684781694,-0.043478260869565216,0.052173913043478265,0.2,8
2642,-0.3978260869565217,0.05763945036331676,-0.4865217391304348,-0.408695652173913,-0.3217391304347826,8
2643,-0.3891304347826087,0.072460144836952,-0.5008695652173913,-0.4,-0.28695652173913044,8
2644,-0.567391304347826,0.07087756689957002,-0.6521739130434783,-0.5739130434782609,-0.4782608695652174,8
2645,-0.10652173913043479,0.08154347536309153,-0.2482608695652174,-0.10434782608695653,0.016956521739130443,8
2646,0.3956521739130435,0.06375164477658775,0.3073913043478261,0.4,0.49260869565217397,8
2647,-0.40217391304347827,0.07375302371168424,-0.4956521739130435,-0.4,-0.30434782608695654,8
2648,-0.16956521739130434,0.07667474821107999,-0.31478260869565217,-0.15652173913043477,-0.08434782608695653,8
2649,-0.4652173913043478,0.10817265482282372,-0.6278260869565218,-0.4956521739130435,-0.30434782608695654,8
2650,-0.27391304347826084,0.08237954487607137,-0.38217391304347825,-0.2956521739130435,-0.12826086956521737,8
2651,-0.691304347826087,0.03864432355354604,-0.7504347826086957,-0.6869565217391305,-0.6378260869565218,8
2652,-0.41521739130434787,0.06503597957239823,-0.5182608695652174,-0.4173913043478261,-0.3247826086956521,8
2653,-0.7739130434782608,0.06389973242043072,-0.8578260869565217,-0.7739130434782608,-0.6900000000000001,8
2654,-0.33913043478260874,0.0834057656228299,-0.4230434782608696,-0.3826086956521739,-0.1917391304347826,8
2655,-0.7543478260869565,0.059256579001908734,-0.8660869565217392,-0.7304347826086957,-0.6900000000000001,8
2656,-0.6456521739130435,0.08107850521291964,-0.7217391304347827,-0.6782608695652175,-0.5130434782608696,8
2657,-0.55,0.09893095872158916,-0.7065217391304348,-0.5391304347826087,-0.41782608695652174,8
2658,-0.7065217391304348,0.06114070048010971,-0.7882608695652173,-0.7130434782608697,-0.606086956521739,8
2659,-0.8630434782608696,0.05320538369791485,-0.9560869565217391,-0.8608695652173913,-0.7943478260869565,8
2660,-0.532608695652174,0.09661080888386508,-0.6634782608695652,-0.5478260869565217,-0.38,8
2661,-0.5913043478260869,0.09284415871331575,-0.712608695652174,-0.5826086956521739,-0.42695652173913046,8
2662,-0.7260869565217392,0.06492688923073077,-0.8056521739130434,-0.7478260869565216,-0.6121739130434782,8
2663,-0.5478260869565218,0.060245245480656594,-0.6573913043478261,-0.5391304347826087,-0.4782608695652174,8
2664,-0.6956521739130435,0.0288402155683078,-0.7391304347826086,-0.6869565217391305,-0.6552173913043479,8
2665,-0.9782608695652173,0.02085144140570749,-1.0,-0.9826086956521739,-0.9365217391304347,8
2666,-0.5978260869565217,0.06871078534469176,-0.6869565217391305,-0.6,-0.5130434782608696,8
2667,-0.4717391304347826,0.058291685555617055,-0.5447826086956521,-0.48695652173913045,-0.38,8
2668,-0.45217391304347826,0.07117698062497783,-0.5447826086956521,-0.43478260869565216,-0.34826086956521735,8
2669,-0.567391304347826,0.062365166468613266,-0.6778260869565218,-0.5565217391304347,-0.4956521739130435,8
2670,-0.6499999999999999,0.0598912057128518,-0.7330434782608696,-0.6521739130434783,-0.5682608695652174,8
2671,-0.532608695652174,0.06647341239748111,-0.6430434782608696,-0.5304347826086957,-0.4434782608695652,8
2672,-0.25217391304347825,0.07580693814853344,-0.3360869565217391,-0.2608695652173913,-0.11391304347826085,8
2673,-0.6608695652173913,0.06507230237867725,-0.7647826086956522,-0.6521739130434783,-0.5569565217391304,8
2674,-0.48478260869565215,0.06386274270247122,-0.5878260869565217,-0.4956521739130435,-0.3943478260869565,8
2675,-0.2065217391304348,0.05212860351426869,-0.2808695652173913,-0.20869565217391306,-0.1334782608695652,8
2676,-0.9630434782608694,0.018317716898209487,-0.9826086956521739,-0.9652173913043478,-0.9334782608695652,8
2677,-0.3717391304347826,0.08843845916003476,-0.5069565217391304,-0.3739130434782609,-0.2552173913043478,8
2678,-0.7065217391304348,0.03733818268982099,-0.7565217391304347,-0.6956521739130435,-0.6552173913043479,8
2679,-0.3326086956521739,0.05355949997719529,-0.41695652173913045,-0.33043478260869563,-0.24391304347826087,8
2680,-0.6173913043478261,0.060869565217391314,-0.6869565217391305,-0.6173913043478261,-0.5221739130434783,8
2681,-0.7543478260869565,0.05925657900190873,-0.8404347826086956,-0.7304347826086957,-0.6756521739130434,8
2682,-0.9434782608695651,0.025722086013476583,-0.9795652173913043,-0.9391304347826086,-0.9017391304347826,8
2683,-0.3695652173913043,0.057516332849230245,-0.48347826086956525,-0.3565217391304348,-0.3217391304347826,8
2684,-0.8934782608695653,0.03931117678266329,-0.9478260869565217,-0.8869565217391304,-0.8321739130434782,8
2685,-0.7521739130434782,0.048219723940910494,-0.8056521739130434,-0.7739130434782608,-0.6613043478260869,8
2686,-0.741304347826087,0.04797407932763892,-0.8056521739130434,-0.7391304347826086,-0.6613043478260869,8
2687,-0.4826086956521739,0.08145649563128345,-0.6195652173913043,-0.4782608695652174,-0.3769565217391304,8
2688,-0.7282608695652174,0.05284889470062268,-0.8282608695652174,-0.7217391304347827,-0.6582608695652173,8
2689,-0.7608695652173914,0.04497426275125478,-0.837391304347826,-0.7391304347826086,-0.7073913043478262,8
2690,-0.47173913043478266,0.03471460744058983,-0.5273913043478261,-0.46956521739130436,-0.4260869565217391,8
2691,-0.7739130434782608,0.06330530338504799,-0.8578260869565217,-0.7565217391304347,-0.6900000000000001,8
2692,-0.05,0.05284889470062269,-0.14173913043478262,-0.043478260869565216,0.008695652173913044,8
2693,-0.5869565217391305,0.07862235356532662,-0.6695652173913044,-0.6173913043478261,-0.46695652173913044,8
2694,-0.20652173913043476,0.07061035551700745,-0.3095652173913043,-0.22608695652173913,-0.08739130434782608,8
2695,-0.29130434782608694,0.10389394039433496,-0.42,-0.28695652173913044,-0.11391304347826085,8
2696,-0.20869565217391303,0.06901959941907626,-0.31260869565217386,-0.2173913043478261,-0.11608695652173913,8
2697,-0.3630434782608696,0.07114377466066771,-0.4404347826086956,-0.391304347826087,-0.2326086956521739,8
2698,-0.5956521739130434,0.054824000925732586,-0.6665217391304348,-0.6,-0.5191304347826087,8
2699,-0.13260869565217392,0.07193648742510564,-0.24608695652173912,-0.11304347826086956,-0.04652173913043478,8
2700,-0.7630434782608695,0.05697974966122241,-0.8260869565217391,-0.7652173913043478,-0.6613043478260869,8
2701,-0.23043478260869565,0.07518094115561123,-0.31869565217391305,-0.23478260869565218,-0.11086956521739129,8
2702,-0.6717391304347826,0.05664701835128427,-0.7391304347826086,-0.6782608695652175,-0.588695652173913,8
2703,-0.12608695652173912,0.07910176260287066,-0.2604347826086956,-0.11304347826086956,-0.01782608695652173,8
2704,-0.3826086956521739,0.08782178207271372,-0.4926086956521739,-0.391304347826087,-0.2408695652173913,8
2705,-0.1391304347826087,0.08825123100080191,-0.21739130434782608,-0.2,-0.011739130434782606,8
2706,-0.34782608695652173,0.06148754619013457,-0.46304347826086956,-0.33043478260869563,-0.2756521739130435,8
2707,-0.2,0.08110764393990273,-0.31565217391304345,-0.19130434782608696,-0.08434782608695653,8
2708,-0.16956521739130434,0.05685520361140009,-0.2604347826086956,-0.1826086956521739,-0.08434782608695653,8
2709,0.20217391304347826,0.07942967785410918,0.07304347826086957,0.22608695652173913,0.28695652173913044,8
2710,-0.558695652173913,0.0820058091906957,-0.7230434782608696,-0.5478260869565217,-0.47,8
2711,-0.48478260869565215,0.07725806801702982,-0.6,-0.45217391304347826,-0.3973913043478261,8
2712,-0.45652173913043476,0.0761800672518923,-0.5447826086956521,-0.46956521739130436,-0.31130434782608696,8
2713,-0.4173913043478261,0.08064016083039742,-0.567391304347826,-0.3652173913043478,-0.3565217391304348,8
2714,-0.7043478260869566,0.06846963368705923,-0.7913043478260869,-0.7130434782608697,-0.5834782608695651,8
2715,-0.37826086956521743,0.06942921488117963,-0.49782608695652175,-0.3739130434782609,-0.278695652173913,8
2716,-0.6260869565217391,0.06679257172059658,-0.73,-0.6173913043478261,-0.5252173913043479,8
2717,-0.44130434782608696,0.06051917785684805,-0.5469565217391303,-0.4434782608695652,-0.34826086956521735,8
2718,-0.18478260869565216,0.038337374105539994,-0.24608695652173912,-0.17391304347826086,-0.1334782608695652,8
2719,-0.5434782608695652,0.08052286598892232,-0.6747826086956522,-0.5478260869565217,-0.42086956521739133,8
2720,-0.6304347826086956,0.033396285860298316,-0.6695652173913044,-0.6347826086956522,-0.5713043478260869,8
2721,-0.4608695652173913,0.058976782461958845,-0.5530434782608695,-0.4608695652173913,-0.36565217391304344,8
2722,-0.4304347826086956,0.09274230003348498,-0.6073913043478261,-0.4173913043478261,-0.3217391304347826,8
2723,-0.41956521739130437,0.056979749661222434,-0.4895652173913044,-0.43478260869565216,-0.3247826086956521,8
2724,-0.1608695652173913,0.05685520361140008,-0.24608695652173912,-0.14782608695652172,-0.07304347826086956,8
2725,-0.22391304347826085,0.06788041302606955,-0.30434782608695654,-0.22608695652173913,-0.1191304347826087,8
2726,-0.3956521739130435,0.06608123545030725,-0.5039130434782609,-0.3739130434782609,-0.31043478260869567,8
2727,-0.2108695652173913,0.08154347536309153,-0.34130434782608693,-0.2173913043478261,-0.07608695652173912,8
2728,-0.3673913043478261,0.04254431693648029,-0.40869565217391307,-0.3739130434782609,-0.2817391304347826,8
2729,-0.01739130434782609,0.06791521457310135,-0.12130434782608696,-0.017391304347826084,0.09782608695652176,8
2730,-0.3108695652173913,0.043423879033561257,-0.38217391304347825,-0.31304347826086953,-0.2408695652173913,8
2731,-0.5152173913043478,0.05925657900190873,-0.5969565217391304,-0.5043478260869565,-0.42913043478260865,8
2732,-0.004347826086956524,0.06375164477658775,-0.09260869565217392,-0.008695652173913044,0.10391304347826089,8
2733,-0.29565217391304344,0.042599821613620484,-0.3534782608695652,-0.30434782608695654,-0.23782608695652174,8
2734,-0.11956521739130435,0.09602201228416424,-0.31478260869565217,-0.0782608695652174,-0.043478260869565216,8
2735,-0.08478260869565216,0.09483345265733581,-0.24,-0.06956521739130435,0.04043478260869565,8
2736,-0.8695652173913044,0.053603600025817176,-0.9591304347826086,-0.8521739130434782,-0.797391304347826,8
2737,0.019565217391304346,0.0614491044569677,-0.08956521739130435,0.043478260869565216,0.0782608695652174,8
2738,-0.5630434782608695,0.05529607539989958,-0.6491304347826087,-0.5478260869565217,-0.49869565217391304,8
2739,-0.7630434782608696,0.07167322400797624,-0.8578260869565217,-0.7652173913043478,-0.6439130434782608,8
2740,-0.5282608695652173,0.06532599652746399,-0.6513043478260869,-0.5217391304347827,-0.44956521739130434,8
2741,-0.3847826086956522,0.046777032155108714,-0.4404347826086956,-0.3826086956521739,-0.2991304347826087,8
2742,-0.6608695652173913,0.05430433042085565,-0.7330434782608696,-0.6695652173913044,-0.5826086956521739,8
2743,-0.028260869565217395,0.12218474344692519,-0.21956521739130436,-0.052173913043478265,0.15000000000000002,8
2744,-0.7847826086956522,0.024498755803444894,-0.8230434782608695,-0.7739130434782608,-0.7565217391304347,8
2745,-0.20869565217391306,0.10649955403405123,-0.3873913043478261,-0.1826086956521739,-0.06695652173913043,8
2746,-0.3739130434782609,0.0924360505455187,-0.5069565217391304,-0.3826086956521739,-0.2408695652173913,8
2747,-0.44130434782608696,0.07895225998841252,-0.5560869565217391,-0.43478260869565216,-0.3134782608695652,8
2748,-0.6304347826086956,0.056186295579652545,-0.7413043478260869,-0.6173913043478261,-0.5682608695652174,8
2749,0.15869565217391304,0.1250897598331809,-0.06,0.2173913043478261,0.2839130434782609,8
2750,-0.46304347826086956,0.0799042432586483,-0.5447826086956521,-0.5043478260869565,-0.3452173913043478,8
2751,-0.3,0.045807190229794514,-0.3708695652173913,-0.2956521739130435,-0.23782608695652174,8
2752,-0.5,0.08899778039329878,-0.628695652173913,-0.46956521739130436,-0.3604347826086956,8
2753,-0.5282608695652173,0.06815832785474295,-0.6,-0.5478260869565217,-0.4147826086956522,8
2754,-0.3065217391304348,0.08131132264897846,-0.4682608695652174,-0.28695652173913044,-0.22043478260869565,8
2755,-0.458695652173913,0.06474466352971928,-0.5447826086956521,-0.4608695652173913,-0.33999999999999997,8
2756,-0.09130434782608696,0.06997163886709167,-0.20217391304347826,-0.08695652173913043,0.02521739130434784,8
2757,-0.18478260869565216,0.11712933733064516,-0.34739130434782606,-0.17391304347826086,0.024347826086956556,8
2758,-0.021739130434782608,0.08191932035398597,-0.1673913043478261,-0.008695652173913044,0.09782608695652176,8
2759,-0.14565217391304347,0.07349626741033463,-0.24913043478260868,-0.1391304347826087,-0.049565217391304345,8
2760,-0.19782608695652174,0.08405484751817914,-0.31260869565217386,-0.2,-0.06999999999999999,8
2761,-0.46304347826086956,0.1115071182889753,-0.6052173913043478,-0.4782608695652174,-0.26739130434782604,8
2762,-0.10434782608695653,0.08519964322724098,-0.26565217391304347,-0.09565217391304348,0.0026086956521739193,8
2763,-0.2217391304347826,0.06608123545030724,-0.30130434782608695,-0.2434782608695652,-0.1191304347826087,8
2764,-0.5260869565217392,0.03961058077888824,-0.5765217391304347,-0.5391304347826087,-0.4526086956521739,8
2765,0.03260869565217391,0.06083073295492705,-0.05478260869565217,0.02608695652173913,0.12434782608695652,8
2766,-0.7934782608695652,0.05731054924549591,-0.8978260869565217,-0.7913043478260869,-0.7217391304347827,8
2767,-0.3543478260869565,0.07193648742510565,-0.4547826086956522,-0.3391304347826087,-0.23565217391304344,8
2768,-0.0891304347826087,0.0614491044569677,-0.14782608695652175,-0.11304347826086956,0.02826086956521741,8
2769,-0.3521739130434782,0.07157425057893187,-0.4578260869565217,-0.34782608695652173,-0.26956521739130435,8
2770,-0.19130434782608696,0.06791521457310135,-0.26652173913043475,-0.20869565217391306,-0.06173913043478259,8
2771,-0.010869565217391304,0.0826944634852619,-0.15304347826086956,0.0,0.09260869565217392,8
2772,-0.0021739130434782605,0.07823067050194166,-0.11,0.008695652173913042,0.12956521739130436,8
2773,0.2630434782608696,0.07919132869603036,0.1334782608695652,0.28695652173913044,0.3647826086956522,8
2774,0.14782608695652175,0.07679792057676389,0.08130434782608696,0.11304347826086956,0.2839130434782609,8
2775,-0.14130434782608697,0.08822445168566533,-0.26652173913043475,-0.1391304347826087,-0.01782608695652173,8
2776,-0.1673913043478261,0.03416572531630807,-0.21434782608695652,-0.16521739130434782,-0.13043478260869565,8
2777,-0.6456521739130434,0.053559499977195335,-0.7217391304347827,-0.6434782608695653,-0.5599999999999999,8
2778,-0.7521739130434782,0.0710440636450791,-0.86,-0.7565217391304347,-0.6243478260869565,8
2779,-0.4391304347826087,0.0832923654811653,-0.5273913043478261,-0.46956521739130436,-0.28782608695652173,8
2780,0.002173913043478262,0.06788041302606955,-0.07521739130434783,-0.017391304347826084,0.13260869565217392,8
2781,0.13260869565217392,0.04797407932763894,0.09565217391304348,0.11304347826086956,0.22565217391304349,8
2782,-0.08478260869565217,0.08154347536309153,-0.22260869565217392,-0.0782608695652174,0.023043478260869568,8
2783,-0.31739130434782614,0.09395731645641005,-0.46608695652173915,-0.30434782608695654,-0.17739130434782607,8
2784,0.21304347826086956,0.05751633284923023,0.14782608695652175,0.2,0.2982608695652174,8
2785,0.006521739130434787,0.07451798478696788,-0.11826086956521739,0.02608695652173913,0.10391304347826089,8
2786,-0.49130434782608695,0.07262301342821767,-0.5795652173913043,-0.5217391304347827,-0.38,8
2787,-0.6521739130434783,0.04259982161362051,-0.7156521739130435,-0.6608695652173913,-0.5856521739130435,8
2788,-0.17391304347826086,0.06448868249648401,-0.25217391304347825,-0.1826086956521739,-0.06999999999999999,8
2789,-0.5434782608695652,0.06888251964241243,-0.6347826086956522,-0.5478260869565217,-0.4434782608695652,8
2790,-0.1282608695652174,0.08450344228511657,-0.26869565217391306,-0.13043478260869565,-0.0004347826086956424,8
2791,-0.41304347826086957,0.09151115295586602,-0.5643478260869565,-0.408695652173913,-0.30434782608695654,8
2792,-0.16739130434782606,0.09342769107367087,-0.2982608695652174,-0.15652173913043477,-0.04652173913043478,8
2793,-0.6673913043478261,0.04118977243803569,-0.7330434782608696,-0.6695652173913044,-0.6030434782608696,8
2794,0.3934782608695652,0.046371150016742475,0.3021739130434783,0.4,0.4434782608695652,8
2795,-0.48043478260869565,0.0692588361829304,-0.5765217391304347,-0.4782608695652174,-0.36565217391304344,8
2796,-0.5326086956521738,0.03066681734709972,-0.5652173913043478,-0.5478260869565217,-0.48130434782608694,8
2797,-0.6391304347826087,0.06375164477658776,-0.758695652173913,-0.6173913043478261,-0.5682608695652174,8
2798,-0.24782608695652175,0.07765465695431197,-0.34739130434782606,-0.26956521739130435,-0.13043478260869565,8
2799,-0.4413043478260869,0.11873227656018585,-0.5969565217391304,-0.4434782608695652,-0.23565217391304344,8
2800,-0.2217391304347826,0.07050989017489936,-0.35043478260869565,-0.19130434782608696,-0.16521739130434782,8
2801,-0.2217391304347826,0.080991026131292,-0.30130434782608695,-0.2434782608695652,-0.06782608695652172,8
2802,-0.43695652173913047,0.06206131488530521,-0.4926086956521739,-0.45217391304347826,-0.30826086956521737,8
2803,-0.1673913043478261,0.05731054924549594,-0.26652173913043475,-0.14782608695652172,-0.11304347826086956,8
2804,-0.6521739130434783,0.04919003695210766,-0.7330434782608696,-0.6347826086956522,-0.588695652173913,8
2805,-0.07826086956521738,0.05635426694267705,-0.14782608695652175,-0.0782608695652174,0.0026086956521739193,8
2806,-0.1956521739130435,0.09026321518272477,-0.37521739130434784,-0.1826086956521739,-0.10173913043478261,8
2807,-0.558695652173913,0.04513160759136236,-0.6,-0.5826086956521739,-0.47304347826086957,8
2808,0.008695652173913042,0.07170618479335063,-0.11,0.034782608695652174,0.09260869565217392,8
2809,-0.34782608695652173,0.045183934110492444,-0.42,-0.34782608695652173,-0.29,8
2810,-0.3804347826086957,0.03471460744058981,-0.4404347826086956,-0.3739130434782609,-0.3391304347826087,8
2811,-0.6695652173913043,0.053603600025817176,-0.7534782608695652,-0.6695652173913044,-0.588695652173913,8
2812,0.0826086956521739,0.09274230003348496,-0.04043478260869565,0.07826086956521738,0.21130434782608695,8
2813,-0.6391304347826087,0.07862235356532665,-0.7617391304347826,-0.6347826086956522,-0.5478260869565217,8
2814,0.09999999999999999,0.09555330859059091,-0.04869565217391304,0.11304347826086956,0.22869565217391305,8
2815,-0.3978260869565218,0.07966731392090738,-0.4895652173913044,-0.4260869565217391,-0.24999999999999997,8
2816,-0.2043478260869565,0.07050989017489936,-0.28391304347826085,-0.21739130434782608,-0.06478260869565215,8
2817,0.12826086956521737,0.07750236291293863,0.014782608695652174,0.12173913043478261,0.23478260869565218,8
2818,-0.14999999999999997,0.04952515543432399,-0.21434782608695652,-0.15652173913043477,-0.058695652173913024,8
2819,-0.052173913043478265,0.052173913043478265,-0.14173913043478262,-0.043478260869565216,0.008695652173913044,8
2820,0.09782608695652173,0.04118977243803569,0.06391304347826088,0.0782608695652174,0.1847826086956522,8
2821,-0.4543478260869565,0.04757841006138978,-0.5273913043478261,-0.4434782608695652,-0.38304347826086954,8
2822,-0.32608695652173914,0.08728199956471622,-0.4434782608695652,-0.32173913043478264,-0.22043478260869565,8
2823,-0.691304347826087,0.07667474821107999,-0.7882608695652173,-0.7130434782608697,-0.5743478260869564,8
2824,-0.19565217391304346,0.06665091181198213,-0.2808695652173913,-0.20869565217391306,-0.09869565217391305,8
2825,-0.3869565217391304,0.10056550874974242,-0.5447826086956521,-0.3652173913043478,-0.2726086956521739,8
2826,-0.3,0.09192336744289553,-0.4404347826086956,-0.2782608695652174,-0.18869565217391304,8
2827,-0.26304347826086955,0.06326796613415325,-0.3617391304347826,-0.26956521739130435,-0.17130434782608694,8
2828,-0.18043478260869567,0.08450344228511657,-0.31565217391304345,-0.15652173913043477,-0.09565217391304348,8
2829,-0.5065217391304347,0.03882732847715596,-0.5765217391304347,-0.4782608695652174,-0.4782608695652174,8
2830,-0.3847826086956522,0.037841076490280894,-0.4434782608695652,-0.3739130434782609,-0.3391304347826087,8
2831,-0.6673913043478261,0.07034212907549321,-0.7678260869565217,-0.6695652173913044,-0.5652173913043478,8
2832,-0.08043478260869566,0.0670397562830838,-0.17956521739130435,-0.052173913043478265,0.01391304347826088,8
2833,-0.30434782608695654,0.08295123490582136,-0.391304347826087,-0.30434782608695654,-0.16,8
2834,-0.6391304347826088,0.06608123545030722,-0.7473913043478261,-0.6260869565217391,-0.5395652173913044,8
2835,0.11956521739130435,0.08779487176655944,-0.0056521739130434775,0.1217391304347826,0.2573913043478261,8
2836,-0.8934782608695653,0.043857045656156536,-0.9734782608695652,-0.8782608695652174,-0.8434782608695652,8
2837,-0.3195652173913044,0.046371150016742475,-0.3708695652173913,-0.3391304347826087,-0.22956521739130434,8
2838,-0.14130434782608695,0.05893670309446069,-0.23695652173913043,-0.1391304347826087,-0.04130434782608694,8
2839,-0.6239130434782609,0.05212860351426872,-0.7043478260869566,-0.6086956521739131,-0.5539130434782608,8
2840,-0.6086956521739131,0.05897678246195887,-0.6952173913043479,-0.6173913043478261,-0.5191304347826087,8
2841,-0.7130434782608697,0.030122622740328276,-0.7534782608695652,-0.7130434782608697,-0.6695652173913044,8
2842,-0.6108695652173912,0.03246344461536541,-0.6665217391304348,-0.6,-0.5682608695652174,8
2843,-0.35652173913043483,0.0903678682209849,-0.48043478260869565,-0.3826086956521739,-0.2008695652173913,8
2844,-0.45,0.07871246517492031,-0.5447826086956521,-0.46956521739130436,-0.3134782608695652,8
2845,0.026086956521739132,0.08952721861727826,-0.12130434782608696,0.04347826086956522,0.13043478260869565,8
2846,-0.47608695652173916,0.03833737410553999,-0.5530434782608695,-0.4608695652173913,-0.43217391304347824,8
2847,-0.2891304347826087,0.07701299819094935,-0.41086956521739126,-0.30434782608695654,-0.17130434782608694,8
2848,-0.10434782608695653,0.07922116155777652,-0.22260869565217392,-0.09565217391304348,0.02521739130434784,8
2849,-0.3782608695652174,0.061946986299021775,-0.4721739130434783,-0.3826086956521739,-0.30434782608695654,8
2850,-0.49782608695652175,0.045548536608167316,-0.5734782608695652,-0.48695652173913045,-0.43217391304347824,8
2851,-0.48913043478260865,0.056312321073863546,-0.5478260869565217,-0.4956521739130435,-0.4117391304347826,8
2852,-0.9434782608695651,0.016839058026988776,-0.9765217391304347,-0.9391304347826086,-0.9304347826086956,8
2853,-0.34347826086956523,0.07814000328526707,-0.4434782608695652,-0.33043478260869563,-0.23478260869565218,8
2854,-0.7173913043478262,0.029807193914787134,-0.7678260869565217,-0.7217391304347827,-0.672608695652174,8
2855,-0.5804347826086956,0.05989120571285179,-0.6521739130434783,-0.5739130434782609,-0.48739130434782607,8
2856,-0.12391304347826088,0.04677703215510872,-0.2082608695652174,-0.1217391304347826,-0.06391304347826086,8
2857,-0.05869565217391305,0.08757929164558124,-0.18173913043478263,-0.06956521739130435,0.10608695652173915,8
2858,-0.4608695652173913,0.04347826086956524,-0.5273913043478261,-0.4434782608695652,-0.4117391304347826,8
2859,-0.8869565217391304,0.038888138739126756,-0.9478260869565217,-0.8782608695652174,-0.8434782608695652,8
2860,-0.3173913043478261,0.09751157170437305,-0.4404347826086956,-0.34782608695652173,-0.1826086956521739,8
2861,-0.4652173913043478,0.06777590116573867,-0.5417391304347826,-0.48695652173913045,-0.3452173913043478,8
2862,-0.6478260869565218,0.08145649563128346,-0.7760869565217391,-0.6434782608695653,-0.5139130434782608,8
2863,-0.01956521739130435,0.08822445168566533,-0.12130434782608696,-0.043478260869565216,0.15521739130434786,8
2864,-0.2217391304347826,0.07467636537964203,-0.33304347826086955,-0.22608695652173913,-0.10478260869565217,8
2865,-0.08260869565217391,0.04821972394091051,-0.13043478260869565,-0.09565217391304348,0.01391304347826088,8
2866,-0.23478260869565218,0.05635426694267705,-0.30130434782608695,-0.23478260869565218,-0.14782608695652175,8
2867,-0.5434782608695653,0.07416835699666079,-0.6573913043478261,-0.5391304347826087,-0.4126086956521739,8
2868,-0.19565217391304346,0.0800519679979216,-0.31565217391304345,-0.19130434782608696,-0.06173913043478259,8
2869,0.12608695652173912,0.05618629557965254,0.02391304347826087,0.13043478260869565,0.2082608695652174,8
2870,-0.7586956521739131,0.04118977243803566,-0.808695652173913,-0.7652173913043478,-0.7043478260869566,8
2871,-0.44565217391304346,0.08494966818513008,-0.5908695652173913,-0.4173913043478261,-0.3452173913043478,8
2872,-0.6413043478260869,0.0632679661341533,-0.7043478260869566,-0.6608695652173913,-0.5478260869565217,8
2873,0.3065217391304348,0.06760135567594007,0.18652173913043477,0.30434782608695654,0.40260869565217394,8
2874,-0.7043478260869566,0.04518393411049244,-0.7534782608695652,-0.7217391304347827,-0.6234782608695651,8
2875,-0.30869565217391304,0.07210053892076956,-0.40260869565217394,-0.31304347826086953,-0.1834782608695652,8
2876,0.1108695652173913,0.08583516096695493,-0.03130434782608695,0.13043478260869565,0.21434782608695652,8
2877,-0.3108695652173913,0.06083073295492706,-0.4056521739130435,-0.29565217391304344,-0.23782608695652174,8
2878,-0.2,0.04601306627938418,-0.2634782608695652,-0.2,-0.12217391304347824,8
2879,-0.45652173913043476,0.07765465695431197,-0.5765217391304347,-0.45217391304347826,-0.33391304347826084,8
2880,-0.07391304347826086,0.03104968881975152,-0.11304347826086956,-0.0782608695652174,-0.02913043478260869,8
2881,0.05652173913043478,0.05685520361140008,-0.023043478260869565,0.06086956521739131,0.13043478260869565,8
2882,-0.3521739130434782,0.10425720702853736,-0.5408695652173913,-0.31304347826086953,-0.21521739130434783,8
2883,0.2326086956521739,0.06980258416522749,0.13043478260869565,0.25217391304347825,0.33,8
2884,-0.30869565217391304,0.064341950378038,-0.39956521739130435,-0.33043478260869563,-0.20608695652173914,8
2885,-0.23478260869565215,0.0860825646661884,-0.3391304347826087,-0.2608695652173913,-0.11608695652173913,8
2886,0.2891304347826087,0.09423355131170975,0.10565217391304349,0.32173913043478264,0.38521739130434784,8
2887,-0.2391304347826087,0.07910176260287066,-0.3534782608695652,-0.23478260869565218,-0.12217391304347824,8
2888,-0.2,0.09565217391304348,-0.358695652173913,-0.2,-0.06999999999999999,8
2889,0.08260869565217392,0.05685520361140009,0.02608695652173913,0.06086956521739131,0.18782608695652175,8
2890,-0.14565217391304347,0.0880099238260746,-0.26652173913043475,-0.16521739130434782,-0.01782608695652173,8
2891,-0.05217391304347826,0.04762804847871009,-0.13869565217391305,-0.043478260869565216,0.005652173913043481,8
2892,-0.08478260869565217,0.04164618274058265,-0.14173913043478262,-0.08695652173913043,-0.006521739130434769,8
2893,-0.041304347826086954,0.07502362576842347,-0.13043478260869565,-0.052173913043478265,0.08347826086956524,8
2894,-0.43043478260869567,0.05271458979557451,-0.5356521739130434,-0.40869565217391307,-0.3769565217391304,8
2895,-0.341304347826087,0.09969234337215739,-0.4608695652173913,-0.33913043478260874,-0.20304347826086958,8
2896,-0.33043478260869563,0.07480282840906631,-0.44869565217391305,-0.3391304347826087,-0.22043478260869565,8
2897,-0.05,0.06266754480608511,-0.11304347826086956,-0.0782608695652174,0.043478260869565216,8
2898,0.14347826086956522,0.04821972394091051,0.06695652173913044,0.14782608695652172,0.2,8
2899,-0.6956521739130435,0.049952718665548075,-0.7934782608695652,-0.6869565217391305,-0.6378260869565218,8
2900,-0.5195652173913043,0.0936298063798175,-0.6317391304347826,-0.5391304347826087,-0.3626086956521739,8
2901,-0.5782608695652174,0.07262301342821768,-0.6952173913043479,-0.5739130434782609,-0.4956521739130435,8
2902,-0.04565217391304348,0.08450344228511657,-0.1991304347826087,-0.034782608695652174,0.06608695652173915,8
2903,-0.1108695652173913,0.05176469956430721,-0.17652173913043478,-0.13043478260869565,-0.02913043478260869,8
2904,0.06739130434782609,0.05212860351426869,-0.008695652173913044,0.0782608695652174,0.14173913043478262,8
2905,-0.16521739130434784,0.040786223998464606,-0.22869565217391305,-0.15652173913043477,-0.11304347826086956,8
2906,-0.5195652173913043,0.08907739673281687,-0.668695652173913,-0.5130434782608696,-0.37478260869565216,8
2907,-0.408695652173913,0.0476280484787101,-0.4782608695652174,-0.4,-0.3565217391304348,8
2908,-0.3195652173913044,0.03304061772515362,-0.3565217391304348,-0.3217391304347826,-0.2582608695652174,8
2909,-0.21956521739130436,0.10157083814107536,-0.36782608695652175,-0.20869565217391306,-0.06999999999999999,8
2910,-0.532608695652174,0.0692588361829304,-0.6430434782608696,-0.5304347826086957,-0.43217391304347824,8
2911,-0.5869565217391305,0.0555093275426248,-0.6860869565217391,-0.6,-0.5160869565217392,8
2912,-0.2173913043478261,0.05070392952039392,-0.2982608695652174,-0.20869565217391306,-0.1508695652173913,8
2913,0.10434782608695653,0.06791521457310135,0.04652173913043478,0.0782608695652174,0.24521739130434786,8
2914,-0.5804347826086957,0.06296847112156626,-0.6665217391304348,-0.5739130434782609,-0.4956521739130435,8
2915,-0.2108695652173913,0.06732114159653053,-0.28391304347826085,-0.22608695652173913,-0.09869565217391305,8
2916,-0.7,0.0832923654811653,-0.831304347826087,-0.6956521739130435,-0.5856521739130435,8
2917,-0.021739130434782608,0.04412561550040096,-0.08956521739130435,-0.026086956521739132,0.04043478260869565,8
2918,0.03043478260869565,0.07416835699666079,-0.05478260869565217,0.008695652173913044,0.17043478260869566,8
2919,-0.2782608695652174,0.07679792057676389,-0.3934782608695652,-0.28695652173913044,-0.14565217391304347,8
2920,-0.48695652173913045,0.06901959941907626,-0.5939130434782608,-0.48695652173913045,-0.38304347826086954,8
2921,-0.16739130434782606,0.07087756689957003,-0.25217391304347825,-0.16521739130434782,-0.044347826086956504,8
2922,-0.4739130434782609,0.06888251964241245,-0.5447826086956521,-0.5130434782608696,-0.35130434782608694,8
2923,-0.30434782608695654,0.03689252771408074,-0.36782608695652175,-0.2956521739130435,-0.2552173913043478,8
2924,-0.7543478260869565,0.06590220170097442,-0.8260869565217391,-0.7739130434782608,-0.6408695652173912,8
2925,-0.4739130434782609,0.06375164477658773,-0.5591304347826087,-0.48695652173913045,-0.36565217391304344,8
2926,-0.3760869565217392,0.06815832785474298,-0.4578260869565217,-0.3826086956521739,-0.2756521739130435,8
2927,-0.2434782608695652,0.05499613322031964,-0.31869565217391305,-0.25217391304347825,-0.15391304347826087,8
2928,-0.08695652173913043,0.08867860023639626,-0.23391304347826086,-0.0782608695652174,0.02608695652173913,8
2929,-0.5,0.06833145063261614,-0.6021739130434782,-0.5043478260869565,-0.3778260869565217,8
2930,-0.5543478260869565,0.05957473741758574,-0.6173913043478261,-0.5652173913043478,-0.44956521739130434,8
2931,-0.7739130434782608,0.0425998216136205,-0.8517391304347827,-0.7652173913043478,-0.7247826086956523,8
2932,-0.07608695652173914,0.05989120571285178,-0.17956521739130435,-0.052173913043478265,-0.011739130434782606,8
2933,-0.2543478260869565,0.09661080888386508,-0.41391304347826086,-0.23478260869565215,-0.12217391304347824,8
2934,-0.4478260869565217,0.11658337111123411,-0.6482608695652174,-0.4434782608695652,-0.29304347826086957,8
2935,-0.2717391304347826,0.07652050394260017,-0.36782608695652175,-0.2782608695652174,-0.15695652173913044,8
2936,-0.5739130434782609,0.03367811605397753,-0.628695652173913,-0.5739130434782609,-0.5191304347826087,8
2937,-0.7434782608695651,0.08237954487607138,-0.8804347826086957,-0.7304347826086957,-0.6265217391304347,8
2938,-0.18695652173913044,0.07104406364507909,-0.28391304347826085,-0.17391304347826086,-0.08434782608695653,8
2939,-0.4608695652173913,0.1127085338853541,-0.6369565217391304,-0.45217391304347826,-0.27652173913043476,8
2940,-0.5347826086956522,0.10316356971917105,-0.6634782608695652,-0.5478260869565217,-0.391304347826087,8
2941,-0.2891304347826087,0.06114070048010971,-0.3739130434782609,-0.28695652173913044,-0.20304347826086958,8
2942,-0.39565217391304347,0.080991026131292,-0.5152173913043478,-0.40869565217391307,-0.2613043478260869,8
2943,-0.5521739130434783,0.10921614510504757,-0.6982608695652174,-0.5478260869565217,-0.36652173913043473,8
2944,-0.5326086956521738,0.053911290294074966,-0.6256521739130435,-0.5217391304347827,-0.4526086956521739,8
2945,-0.5304347826086957,0.061487546190134544,-0.5969565217391304,-0.5478260869565217,-0.42086956521739133,8
2946,-0.24782608695652175,0.08728199956471622,-0.4160869565217391,-0.22608695652173913,-0.13130434782608694,8
2947,-0.2456521739130435,0.05495315069462842,-0.33304347826086955,-0.2434782608695652,-0.16826086956521738,8
2948,-0.04782608695652174,0.049763144096780856,-0.12434782608695652,-0.034782608695652174,0.031304347826086966,8
2949,-0.34130434782608693,0.07298004491997617,-0.4260869565217391,-0.3652173913043478,-0.23782608695652174,8
2950,-0.5065217391304347,0.051398219206682104,-0.5765217391304347,-0.5043478260869565,-0.41782608695652174,8
2951,-0.5956521739130435,0.06997163886709164,-0.7208695652173913,-0.5826086956521739,-0.5017391304347826,8
2952,-0.2673913043478261,0.09854806049254901,-0.41391304347826086,-0.26956521739130435,-0.10782608695652172,8
2953,-0.03695652173913044,0.06618842325060144,-0.11304347826086956,-0.052173913043478265,0.06086956521739131,8
2954,-0.3108695652173913,0.07061035551700745,-0.41391304347826086,-0.33043478260869563,-0.20608695652173914,8
2955,-0.18043478260869567,0.065325996527464,-0.23478260869565218,-0.20869565217391306,-0.055652173913043466,8
2956,0.09347826086956522,0.03733818268982102,0.035217391304347825,0.08695652173913043,0.14782608695652175,8
2957,-0.3,0.08684775806712251,-0.42,-0.31304347826086953,-0.16826086956521738,8
2958,-0.841304347826087,0.03187582238829389,-0.8782608695652174,-0.8521739130434782,-0.7943478260869565,8
2959,-0.15434782608695652,0.08865195001784208,-0.3178260869565217,-0.14782608695652172,-0.06086956521739131,8
2960,-0.18043478260869567,0.04875578585218653,-0.24608695652173912,-0.19130434782608696,-0.09869565217391305,8
2961,-0.08478260869565217,0.06788041302606955,-0.20521739130434782,-0.06956521739130435,-0.011739130434782606,8
2962,0.004347826086956522,0.09109707321633462,-0.1552173913043478,0.0,0.13869565217391305,8
2963,-0.3021739130434783,0.059256579001908734,-0.38217391304347825,-0.32173913043478264,-0.20608695652173914,8
2964,-0.17826086956521742,0.05051717408096631,-0.24913043478260868,-0.17391304347826086,-0.11608695652173913,8
2965,-0.7130434782608696,0.04518393411049244,-0.7882608695652173,-0.7043478260869566,-0.6552173913043479,8
2966,-0.27391304347826084,0.06942921488117962,-0.3708695652173913,-0.26956521739130435,-0.18565217391304348,8
2967,-0.052173913043478265,0.06791521457310135,-0.17043478260869566,-0.043478260869565216,0.037391304347826095,8
2968,-0.3239130434782609,0.08714653153403237,-0.4886956521739131,-0.28695652173913044,-0.22652173913043477,8
2969,-0.5130434782608695,0.056354266942677034,-0.5939130434782608,-0.5217391304347827,-0.42913043478260865,8
2970,0.06521739130434784,0.08237954487607138,-0.0917391304347826,0.0782608695652174,0.17043478260869566,8
2971,-0.41304347826086957,0.07157425057893187,-0.521304347826087,-0.4173913043478261,-0.2960869565217391,8
2972,-0.30434782608695654,0.06846963368705922,-0.3882608695652174,-0.31304347826086953,-0.2,8
2973,-0.3847826086956522,0.04677703215510872,-0.4404347826086956,-0.391304347826087,-0.3073913043478261,8
2974,-0.391304347826087,0.08782178207271372,-0.5182608695652174,-0.408695652173913,-0.2613043478260869,8
2975,-0.40652173913043477,0.07140899002459497,-0.5039130434782609,-0.40869565217391307,-0.2817391304347826,8
2976,-0.2673913043478261,0.051029106931763046,-0.3391304347826087,-0.2608695652173913,-0.18869565217391304,8
2977,-0.11304347826086956,0.06679257172059658,-0.2482608695652174,-0.09565217391304348,-0.04652173913043478,8
2978,-0.24347826086956523,0.05768043113661565,-0.31565217391304345,-0.2608695652173913,-0.1508695652173913,8
2979,-0.22608695652173913,0.07429568474189158,-0.32999999999999996,-0.22608695652173913,-0.10478260869565217,8
2980,-0.2782608695652174,0.053603600025817176,-0.35043478260869565,-0.28695652173913044,-0.2,8
2981,-0.04565217391304348,0.04875578585218653,-0.11,-0.043478260869565216,0.023043478260869568,8
2982,-0.3195652173913044,0.057966485330319055,-0.42,-0.31304347826086953,-0.25217391304347825,8
2983,-0.3782608695652174,0.07814000328526709,-0.5069565217391304,-0.3739130434782609,-0.2756521739130435,8
2984,-0.5282608695652173,0.06980258416522747,-0.628695652173913,-0.5217391304347827,-0.40956521739130436,8
2985,-0.03695652173913043,0.12689024476097815,-0.2308695652173913,-0.043478260869565216,0.17565217391304352,8
2986,-0.3043478260869565,0.10140785904078783,-0.41695652173913045,-0.3391304347826087,-0.11391304347826085,8
2987,-0.18478260869565216,0.07701299819094935,-0.32391304347826083,-0.17391304347826086,-0.08739130434782608,8
2988,-0.2347826086956522,0.06956521739130435,-0.3443478260869565,-0.2434782608695652,-0.1334782608695652,8
2989,-0.33043478260869563,0.07679792057676388,-0.4260869565217391,-0.3391304347826087,-0.2234782608695652,8
2990,-0.2326086956521739,0.1026814406836482,-0.3534782608695652,-0.26956521739130435,-0.08130434782608696,8
2991,-0.44565217391304346,0.04471079087218073,-0.4956521739130435,-0.45217391304347826,-0.36565217391304344,8
2992,-0.4108695652173913,0.05861508157701201,-0.4895652173913044,-0.4260869565217391,-0.3134782608695652,8
2993,-0.08260869565217391,0.06550660510138853,-0.16521739130434782,-0.08695652173913043,0.016956521739130443,8
2994,-0.4043478260869565,0.10316356971917105,-0.538695652173913,-0.408695652173913,-0.21304347826086953,8
2995,-0.35652173913043483,0.04259982161362049,-0.4056521739130435,-0.3739130434782609,-0.30434782608695654,8
2996,-0.5630434782608695,0.05176469956430719,-0.6173913043478261,-0.5826086956521739,-0.48130434782608694,8
2997,0.12608695652173912,0.05685520361140009,0.049565217391304345,0.13043478260869565,0.22260869565217392,8
2998,-0.44130434782608696,0.07990424325864828,-0.5591304347826087,-0.4,-0.3595652173913043,8
2999,-0.7347826086956522,0.049763144096780836,-0.8056521739130434,-0.7391304347826086,-0.6582608695652173,8
3000,-0.7260869565217392,0.052714589795574515,-0.8056521739130434,-0.7217391304347827,-0.6552173913043479,8
3001,-0.03043478260869565,0.07667474821108,-0.13869565217391305,-0.052173913043478265,0.07521739130434783,8
3002,-0.6021739130434782,0.09013222800707775,-0.7043478260869566,-0.6260869565217391,-0.45565217391304347,8
3003,-0.12826086956521737,0.05102910693176305,-0.19391304347826088,-0.1391304347826087,-0.038260869565217376,8
3004,-0.8021739130434782,0.06561473162081119,-0.8926086956521739,-0.808695652173913,-0.7104347826086956,8
3005,-0.15434782608695652,0.06732114159653053,-0.24304347826086956,-0.15652173913043477,-0.029999999999999978,8
3006,-0.5043478260869565,0.04682752006203914,-0.5826086956521739,-0.48695652173913045,-0.4608695652173913,8
3007,-0.28260869565217395,0.054129998252124924,-0.36782608695652175,-0.28695652173913044,-0.21739130434782608,8
3008,-0.6173913043478261,0.06846963368705924,-0.736086956521739,-0.5913043478260869,-0.5508695652173913,8
3009,-0.13043478260869565,0.08016995180254685,-0.23173913043478261,-0.1217391304347826,-0.032173913043478254,8
3010,-0.7652173913043478,0.06565073421974564,-0.8404347826086956,-0.7652173913043478,-0.6900000000000001,8
3011,-0.5760869565217391,0.10504747328999627,-0.7186956521739131,-0.5826086956521739,-0.4260869565217391,8
3012,-0.5413043478260869,0.06503597957239822,-0.6173913043478261,-0.5652173913043478,-0.43217391304347824,8
3013,-0.7304347826086957,0.03367811605397751,-0.7708695652173913,-0.7391304347826086,-0.6756521739130434,8
