unit_index,sample_mean,sample_std,q025,q500,q975,num_finite_samples
0,0.09583333333333334,0.1104756131963571,-0.10833333333333334,0.125,0.24375,16
1,0.08958333333333333,0.145401145303452,-0.11875,0.06666666666666667,0.375,16
2,0.08124999999999999,0.07566258248889532,-0.06458333333333333,0.09166666666666667,0.19375,16
3,0.09375,0.11439378261076953,-0.10416666666666667,0.10833333333333334,0.27708333333333335,16
4,0.109375,0.10703853634971326,-0.07083333333333333,0.14166666666666666,0.26875,16
5,-0.003125000000000001,0.0909477013178453,-0.13333333333333333,-0.008333333333333333,0.17083333333333334,16
6,0.058333333333333334,0.12977009585331198,-0.16041666666666665,0.058333333333333334,0.27708333333333335,16
7,0.09895833333333334,0.10824816363595068,-0.11875,0.10833333333333334,0.2375,16
8,0.11979166666666666,0.13897176346893877,-0.125,0.09166666666666667,0.33749999999999997,16
9,0.08020833333333334,0.09395232796772816,-0.07916666666666666,0.07500000000000001,0.25625,16
10,0.115625,0.10581508208767888,-0.08333333333333333,0.11666666666666667,0.27708333333333335,16
11,0.065625,0.12794703086954903,-0.125,0.1,0.26875,16
12,0.07291666666666666,0.11332643974132622,-0.10416666666666667,0.08333333333333333,0.275,16
13,0.06354166666666668,0.12953157460420392,-0.12708333333333333,0.06666666666666667,0.3354166666666667,16
14,0.078125,0.1456211253657167,-0.13333333333333333,0.08333333333333333,0.32291666666666663,16
15,0.13541666666666669,0.07473912964438374,0.014583333333333334,0.14166666666666666,0.25416666666666665,16
16,0.078125,0.09872780165406522,-0.05,0.075,0.2708333333333333,16
17,0.08229166666666667,0.10792692197089246,-0.07708333333333334,0.06666666666666667,0.275,16
18,-0.0072916666666666685,0.12289459547605104,-0.22916666666666666,0.008333333333333333,0.16458333333333333,16
19,0.08229166666666667,0.13925256206499997,-0.14791666666666667,0.06666666666666667,0.30833333333333335,16
20,0.109375,0.11516424714052728,-0.016666666666666666,0.09166666666666667,0.3541666666666667,16
21,0.035416666666666666,0.12117408849346557,-0.1375,0.049999999999999996,0.23958333333333331,16
22,-0.0010416666666666673,0.07394366051633876,-0.13125,0.0,0.11458333333333333,16
23,0.030208333333333337,0.13426998480466304,-0.17708333333333331,0.05,0.2583333333333333,16
24,0.04583333333333334,0.08946212730659954,-0.09791666666666667,0.03333333333333333,0.21041666666666667,16
25,0.11875,0.10799225152245363,-0.027083333333333334,0.11666666666666667,0.30833333333333335,16
26,0.05729166666666667,0.11179854619160105,-0.13333333333333333,0.075,0.22083333333333333,16
27,0.06354166666666666,0.11520192869479226,-0.12708333333333333,0.1,0.21041666666666667,16
28,0.06770833333333334,0.11295721135554924,-0.11875,0.06666666666666667,0.2895833333333333,16
29,0.033333333333333326,0.11858541225631422,-0.13541666666666666,0.016666666666666666,0.21458333333333332,16
30,0.019791666666666666,0.10072975913303873,-0.16666666666666666,0.04166666666666667,0.18541666666666667,16
31,0.02604166666666667,0.10976122285063458,-0.16041666666666665,0.008333333333333333,0.1875,16
32,0.075,0.08100925873009825,-0.027083333333333334,0.058333333333333334,0.24791666666666667,16
33,0.10208333333333333,0.12203070538006226,-0.09375,0.09166666666666667,0.2708333333333333,16
34,0.09479166666666666,0.09907887395347653,-0.10416666666666666,0.10833333333333334,0.24375,16
35,0.012499999999999999,0.14379528272281164,-0.16041666666666665,0.0,0.26875,16
36,0.08541666666666667,0.07589169000036243,-0.05416666666666667,0.075,0.19791666666666666,16
37,0.13645833333333332,0.08254181389857304,-0.008333333333333331,0.125,0.2833333333333333,16
38,0.09166666666666667,0.13475801357330192,-0.12708333333333333,0.13333333333333333,0.27708333333333335,16
39,0.071875,0.16548736419537696,-0.2875,0.125,0.26666666666666666,16
40,0.02395833333333334,0.09894736781351095,-0.14375,0.008333333333333333,0.19375,16
41,0.10625,0.1457589095809317,-0.18541666666666667,0.10833333333333334,0.3208333333333333,16
42,0.07395833333333335,0.135011412840627,-0.14375,0.075,0.3416666666666667,16
43,0.075,0.12162099599438686,-0.15,0.06666666666666667,0.3104166666666667,16
44,0.04895833333333334,0.12408956638698965,-0.13333333333333333,0.041666666666666664,0.275,16
45,0.08125,0.12160315122927073,-0.1,0.06666666666666667,0.2604166666666667,16
46,0.05416666666666667,0.08364524958285305,-0.08333333333333333,0.05,0.19791666666666666,16
47,0.06250000000000001,0.12451293997903279,-0.19375,0.08333333333333334,0.21041666666666667,16
48,0.08229166666666665,0.13699005818549995,-0.14375,0.11666666666666667,0.3333333333333333,16
49,0.021875,0.10956332992333195,-0.14375,0.025,0.22708333333333333,16
50,0.053125000000000006,0.09170808723274566,-0.14791666666666667,0.06666666666666667,0.15416666666666667,16
51,0.059375,0.1302999677560291,-0.13125,0.075,0.3229166666666667,16
52,0.035416666666666666,0.07946762967816938,-0.09791666666666667,0.03333333333333333,0.17500000000000002,16
53,0.071875,0.10844845645897103,-0.05416666666666667,0.049999999999999996,0.30833333333333335,16
54,0.05,0.12513881181401007,-0.16041666666666665,0.05,0.23333333333333334,16
55,0.07604166666666666,0.12855618502558844,-0.11249999999999999,0.05,0.35208333333333336,16
56,0.011458333333333338,0.09677414104501264,-0.17708333333333331,0.0,0.18125,16
57,0.071875,0.1310638560969423,-0.12916666666666665,0.075,0.25,16
58,0.09583333333333333,0.09547032697824667,-0.06041666666666667,0.1,0.2375,16
59,0.0625,0.1327461026839499,-0.16458333333333333,0.1,0.22708333333333333,16
60,0.06354166666666666,0.14733969042657852,-0.27708333333333335,0.10833333333333334,0.24375,16
61,0.09687499999999999,0.12093655792053397,-0.125,0.06666666666666667,0.2895833333333333,16
62,0.08125,0.12074350109035084,-0.08750000000000001,0.075,0.2708333333333333,16
63,0.034374999999999996,0.12282394101359519,-0.16458333333333333,0.008333333333333333,0.2833333333333333,16
64,0.09270833333333334,0.11440800980846286,-0.09166666666666667,0.08333333333333334,0.2875,16
65,0.07083333333333333,0.13635890143294643,-0.15208333333333332,0.06666666666666667,0.2791666666666667,16
66,0.10520833333333332,0.09441316373319512,-0.05,0.125,0.2791666666666667,16
67,0.10729166666666667,0.10290380317720689,-0.04583333333333333,0.09166666666666667,0.325,16
68,-0.023958333333333335,0.0926029363435331,-0.17708333333333331,-0.03333333333333333,0.14375,16
69,0.025,0.10671873729054748,-0.20208333333333334,0.058333333333333334,0.18125,16
70,0.005208333333333333,0.10470175068843034,-0.1875,0.008333333333333333,0.15416666666666667,16
71,0.06458333333333333,0.07141306875417755,-0.08958333333333333,0.09166666666666667,0.16041666666666665,16
72,0.07291666666666666,0.13704153364744737,-0.1625,0.09166666666666667,0.3104166666666667,16
73,0.053125000000000006,0.08337889379546574,-0.06458333333333333,0.025,0.20625,16
74,-0.04895833333333333,0.121259127663309,-0.26875,-0.03333333333333334,0.11041666666666666,16
75,-0.006249999999999999,0.11635001671202669,-0.1875,0.008333333333333331,0.15,16
76,-0.02291666666666667,0.10238051979421346,-0.19166666666666668,-0.016666666666666666,0.13125,16
77,-0.020833333333333332,0.0811163430580491,-0.17291666666666666,-0.008333333333333333,0.12083333333333333,16
78,0.014583333333333334,0.09388878616036458,-0.14583333333333331,0.008333333333333333,0.19375,16
79,0.03645833333333333,0.12093655792053397,-0.14791666666666667,0.041666666666666664,0.23541666666666666,16
80,0.007291666666666665,0.09929766382783971,-0.14791666666666667,-0.008333333333333333,0.18125,16
81,-0.057291666666666664,0.13705340985461756,-0.2708333333333333,-0.016666666666666666,0.1625,16
82,-0.0041666666666666675,0.13674032567851616,-0.18125,-0.03333333333333333,0.2875,16
83,-0.0010416666666666647,0.12943101310264776,-0.25416666666666665,-0.008333333333333333,0.19791666666666666,16
84,0.06145833333333334,0.13303596396588904,-0.1625,0.058333333333333334,0.25416666666666665,16
85,0.08854166666666666,0.11854422961494161,-0.07708333333333334,0.10833333333333334,0.29791666666666666,16
86,0.1,0.09912814377808599,-0.03333333333333333,0.09166666666666667,0.2604166666666667,16
87,0.07604166666666667,0.08779093497559351,-0.10416666666666667,0.1,0.1875,16
88,0.058333333333333334,0.14907119849998599,-0.19166666666666668,0.075,0.24375,16
89,0.06354166666666666,0.12791310391346844,-0.15416666666666667,0.016666666666666666,0.26666666666666666,16
90,0.008333333333333331,0.08122328620674137,-0.11041666666666666,-0.008333333333333333,0.14375,16
91,0.0875,0.10760976308454132,-0.05,0.08333333333333334,0.29166666666666663,16
92,0.07708333333333334,0.10669840022751564,-0.09791666666666667,0.08333333333333333,0.26458333333333334,16
93,0.046875,0.09596345332990054,-0.1,0.04166666666666667,0.225,16
94,0.005208333333333331,0.08369064024064393,-0.13125,0.0,0.15833333333333333,16
95,0.11875000000000001,0.10588171466310885,-0.016666666666666666,0.1,0.35000000000000003,16
96,0.05625,0.11116101309961751,-0.1875,0.058333333333333334,0.23125,16
97,0.05416666666666667,0.12479149276559948,-0.17083333333333334,0.1,0.22708333333333333,16
98,0.06875,0.0742730977915662,-0.04791666666666666,0.04166666666666667,0.20416666666666666,16
99,0.04687500000000001,0.13257842935619488,-0.18125,0.05,0.24375,16
100,0.059375000000000004,0.13831434985206706,-0.15833333333333333,0.041666666666666664,0.3,16
101,0.08020833333333333,0.12668568250902618,-0.11458333333333333,0.09166666666666667,0.33333333333333337,16
102,0.019791666666666666,0.09560094105475926,-0.1625,0.03333333333333333,0.17083333333333334,16
103,0.033333333333333326,0.12430361575146916,-0.15416666666666667,0.03333333333333333,0.24375,16
104,0.0031249999999999993,0.15140760269146916,-0.25416666666666665,0.05,0.1875,16
105,0.06354166666666666,0.10158787076275942,-0.13333333333333333,0.09166666666666667,0.21041666666666667,16
106,0.08645833333333333,0.13822017836891012,-0.08333333333333333,0.08333333333333334,0.3333333333333333,16
107,0.065625,0.10663227798529548,-0.07083333333333333,0.05,0.30416666666666664,16
108,0.06979166666666667,0.1206491052483284,-0.16041666666666665,0.10833333333333334,0.2583333333333333,16
109,0.09166666666666667,0.11102427162061856,-0.09791666666666667,0.09166666666666667,0.3,16
110,0.09270833333333334,0.1100771115450942,-0.11458333333333333,0.10833333333333334,0.2604166666666667,16
111,0.05729166666666667,0.07816665556147753,-0.08333333333333333,0.08333333333333333,0.16041666666666665,16
112,0.019791666666666666,0.11383753500054364,-0.1875,0.008333333333333331,0.17083333333333334,16
113,0.051041666666666666,0.1416015475335241,-0.15416666666666667,0.058333333333333334,0.2875,16
114,-0.005208333333333334,0.1256536727919686,-0.11041666666666666,-0.04166666666666667,0.30208333333333337,16
115,0.03854166666666666,0.10252349832274224,-0.08750000000000001,0.008333333333333333,0.22708333333333333,16
116,0.06562499999999999,0.12464794171986956,-0.125,0.06666666666666667,0.27708333333333335,16
117,0.020833333333333332,0.10383279828647593,-0.14166666666666666,-0.016666666666666666,0.20208333333333334,16
118,0.09999999999999999,0.13906932723565532,-0.17916666666666667,0.15,0.24375,16
119,0.06666666666666667,0.12842529172852035,-0.17708333333333331,0.1,0.2708333333333333,16
120,0.07916666666666666,0.14148272371958037,-0.18958333333333333,0.08333333333333333,0.3125,16
121,0.008333333333333335,0.0962851667357612,-0.2,0.016666666666666666,0.12708333333333333,16
122,0.03333333333333333,0.10374916331657277,-0.19375,0.058333333333333334,0.18541666666666667,16
123,0.03229166666666666,0.1121860975616458,-0.15833333333333333,0.041666666666666664,0.19791666666666666,16
124,0.07500000000000001,0.058630196997792865,-0.020833333333333332,0.06666666666666667,0.17708333333333331,16
125,0.04479166666666666,0.10470175068843034,-0.09375,0.03333333333333333,0.20416666666666666,16
126,0.058333333333333334,0.12665570127975553,-0.11041666666666666,0.058333333333333334,0.28125,16
127,0.13020833333333331,0.12530778080612373,-0.10833333333333332,0.1,0.3104166666666667,16
128,0.071875,0.10732200218397799,-0.08541666666666667,0.05,0.30624999999999997,16
129,-0.05625,0.14152873186898993,-0.35833333333333334,-0.04166666666666667,0.1375,16
130,0.06875,0.10734727523323542,-0.11458333333333333,0.058333333333333334,0.275,16
131,0.04479166666666667,0.11035277239380983,-0.15,0.03333333333333333,0.2583333333333333,16
132,0.078125,0.13676809625339448,-0.23125,0.1,0.25416666666666665,16
133,0.06979166666666667,0.16332257086140234,-0.19791666666666666,0.075,0.3854166666666667,16
134,0.051041666666666666,0.130632641988049,-0.06041666666666667,-0.008333333333333333,0.35625,16
135,-0.016666666666666666,0.11319231422671772,-0.26458333333333334,0.0,0.12083333333333333,16
136,0.028125,0.12356379790528364,-0.22708333333333333,0.03333333333333333,0.23125,16
137,0.103125,0.11505112842896317,-0.09999999999999999,0.11666666666666667,0.2833333333333333,16
138,0.12916666666666665,0.13482241406136197,-0.14583333333333334,0.13333333333333333,0.35625,16
139,0.05,0.14624940645653536,-0.24791666666666667,0.075,0.21666666666666667,16
140,0.018750000000000003,0.11424191559045996,-0.15833333333333333,0.008333333333333333,0.21875,16
141,0.048958333333333326,0.11584063975757576,-0.15416666666666667,0.09166666666666667,0.23958333333333331,16
142,0.125,0.12555432644432804,-0.0625,0.1,0.3729166666666667,16
143,0.00833333333333333,0.12289901003127188,-0.24375,0.04166666666666667,0.17708333333333331,16
144,0.07291666666666667,0.1265013998605022,-0.16041666666666665,0.06666666666666667,0.325,16
145,0.05312499999999999,0.15048748909793133,-0.2,0.03333333333333333,0.3333333333333333,16
146,0.06979166666666667,0.09018090422096639,-0.07083333333333333,0.058333333333333334,0.24166666666666667,16
147,0.028125,0.10780620955883964,-0.17916666666666667,0.03333333333333333,0.1875,16
148,0.10520833333333333,0.12072103258477096,-0.05416666666666667,0.11666666666666667,0.32708333333333334,16
149,0.06770833333333333,0.10399464963534316,-0.08125,0.06666666666666667,0.26875,16
150,-0.0052083333333333365,0.14880528267765825,-0.23125,0.008333333333333333,0.28541666666666665,16
151,0.03958333333333333,0.09462554124313136,-0.13333333333333333,0.05,0.18333333333333332,16
152,0.023958333333333335,0.08227847995611544,-0.13541666666666666,0.04166666666666667,0.15208333333333332,16
153,0.06875,0.11783271451982727,-0.11041666666666666,0.06666666666666667,0.25,16
154,0.04791666666666667,0.09107288747664331,-0.08333333333333333,0.04166666666666667,0.23125,16
155,0.03333333333333333,0.08477912478906585,-0.11666666666666665,0.025,0.19375,16
156,0.09479166666666666,0.10780620955883963,-0.10416666666666667,0.11666666666666667,0.26458333333333334,16
157,0.01666666666666667,0.1395677852037019,-0.17708333333333331,0.0,0.2375,16
158,0.035416666666666666,0.1213172780128389,-0.18541666666666667,0.03333333333333333,0.2520833333333333,16
159,0.030208333333333334,0.11322586050064318,-0.07708333333333334,-0.016666666666666666,0.27291666666666664,16
160,0.04791666666666666,0.10895255720827401,-0.1,0.05,0.28125,16
161,0.05416666666666667,0.1059841445164742,-0.14166666666666666,0.058333333333333334,0.23958333333333331,16
162,0.06875,0.0733321496116585,-0.09375,0.08333333333333333,0.16458333333333333,16
163,0.015625000000000003,0.10332472242347854,-0.14166666666666666,0.016666666666666666,0.1875,16
164,0.02708333333333333,0.11084821328685857,-0.1375,0.025,0.23958333333333331,16
165,0.071875,0.12879230022490562,-0.1375,0.05,0.3104166666666667,16
166,0.06458333333333333,0.14128318194321643,-0.19583333333333333,0.075,0.29583333333333334,16
167,0.015625,0.09491749889889757,-0.14166666666666666,-0.008333333333333333,0.19791666666666666,16
168,0.06979166666666667,0.10021136516550073,-0.09375,0.06666666666666667,0.2,16
169,0.02291666666666667,0.08393015449368202,-0.11458333333333333,0.025,0.14375,16
170,0.034374999999999996,0.1320864550104295,-0.18958333333333333,0.025,0.27708333333333335,16
171,0.018750000000000003,0.10049789245993614,-0.18333333333333335,0.04166666666666667,0.16458333333333333,16
172,0.028124999999999997,0.14538248762603195,-0.19791666666666666,-0.016666666666666666,0.32499999999999996,16
173,0.06979166666666667,0.10090196527928592,-0.07083333333333333,0.06666666666666667,0.2708333333333333,16
174,0.090625,0.10239641615636098,-0.075,0.1,0.2708333333333333,16
175,0.017708333333333333,0.11688502630790654,-0.19583333333333333,0.008333333333333333,0.1875,16
176,0.05208333333333333,0.15864826136246604,-0.1875,0.04166666666666667,0.33749999999999997,16
177,0.06041666666666667,0.12316359378214542,-0.11041666666666666,0.03333333333333333,0.3104166666666667,16
178,0.07291666666666667,0.0987552741207611,-0.075,0.06666666666666667,0.2520833333333333,16
179,0.009375000000000001,0.14813291118114164,-0.2604166666666667,0.05,0.20416666666666666,16
180,0.06979166666666667,0.1014168292932139,-0.075,0.03333333333333333,0.26458333333333334,16
181,0.11666666666666667,0.09965217285917831,-0.010416666666666666,0.11666666666666667,0.29583333333333334,16
182,0.002083333333333333,0.15102370582866195,-0.3104166666666667,0.016666666666666666,0.21666666666666667,16
183,0.018750000000000006,0.09444189130535947,-0.11666666666666667,0.025,0.18125,16
184,0.014583333333333337,0.10620914247109071,-0.16041666666666665,0.016666666666666666,0.19166666666666668,16
185,-0.011458333333333333,0.10115972484420643,-0.21666666666666667,0.0,0.12083333333333333,16
186,0.08958333333333332,0.08875586835058663,-0.03125,0.08333333333333333,0.24166666666666667,16
187,0.11458333333333334,0.1410372045084401,-0.13125,0.11666666666666667,0.35625,16
188,0.05208333333333333,0.10422914792790823,-0.11458333333333333,0.05,0.25416666666666665,16
189,0.014583333333333337,0.14152873186898993,-0.17708333333333331,0.0,0.3145833333333333,16
190,0.04895833333333333,0.12239915775627071,-0.17291666666666666,0.06666666666666667,0.27291666666666664,16
191,0.04999999999999999,0.12090515107122424,-0.11666666666666667,0.025,0.29583333333333334,16
192,0.075,0.1238839062276542,-0.13333333333333333,0.08333333333333333,0.25,16
193,0.016666666666666663,0.11547005383792515,-0.19791666666666666,0.025,0.16666666666666666,16
194,0.059375,0.1320207199121074,-0.13333333333333333,0.08333333333333333,0.21666666666666667,16
195,0.03854166666666667,0.13394634472014863,-0.2375,0.058333333333333334,0.21666666666666667,16
196,0.023958333333333328,0.14324715796094833,-0.19791666666666666,0.008333333333333333,0.29583333333333334,16
197,-0.009375,0.11828765990631107,-0.25,0.0,0.19375,16
198,0.0625,0.12140668570277888,-0.11458333333333333,0.016666666666666666,0.2604166666666667,16
199,-0.017708333333333333,0.13711673225353968,-0.2375,0.008333333333333333,0.20833333333333334,16
200,0.07604166666666666,0.17950247116064383,-0.2583333333333333,0.08333333333333333,0.37083333333333335,16
201,0.08020833333333333,0.12278859853649098,-0.18333333333333335,0.08333333333333333,0.2604166666666667,16
202,0.013541666666666672,0.12572273699383985,-0.225,0.025,0.2,16
203,0.09687499999999999,0.11847098068256583,-0.125,0.08333333333333333,0.33125000000000004,16
204,0.019791666666666666,0.06952686081652185,-0.11458333333333333,0.008333333333333333,0.11666666666666667,16
205,0.06458333333333333,0.13253340773807434,-0.15833333333333333,0.06666666666666667,0.28125,16
206,0.059375000000000004,0.09788895884566802,-0.09375,0.04166666666666667,0.24791666666666667,16
207,0.08958333333333333,0.13538461159066623,-0.1625,0.11666666666666667,0.25,16
208,0.04791666666666667,0.12045558771228138,-0.15,0.05,0.2625,16
209,0.026041666666666664,0.12882599564054523,-0.22291666666666665,0.025,0.19375,16
210,0.040625,0.08935897292195488,-0.10416666666666667,0.025,0.19375,16
211,-0.03125,0.1200224226736173,-0.2375,-0.025,0.17083333333333334,16
212,0.07083333333333333,0.11464013743498004,-0.09375,0.05,0.3,16
213,0.07083333333333333,0.07872684844871328,-0.04791666666666666,0.058333333333333334,0.2,16
214,0.07604166666666667,0.08290907628574543,-0.05,0.075,0.21875,16
215,0.013541666666666664,0.12939747523511508,-0.1625,-0.016666666666666666,0.27291666666666664,16
216,0.0625,0.1663016836956259,-0.16666666666666666,0.049999999999999996,0.3770833333333333,16
217,0.0625,0.11938790651578668,-0.13541666666666666,0.1,0.25,16
218,0.027083333333333334,0.10653556396287996,-0.11041666666666666,0.016666666666666666,0.25,16
219,0.103125,0.07954269250255208,-0.027083333333333334,0.1,0.23125,16
220,0.075,0.11799835215421912,-0.08333333333333333,0.058333333333333334,0.29791666666666666,16
221,0.06666666666666667,0.11946059322359542,-0.16041666666666665,0.06666666666666667,0.27708333333333335,16
222,0.01875,0.146353239914029,-0.26458333333333334,0.0,0.225,16
223,0.08958333333333335,0.07141306875417754,-0.043750000000000004,0.10833333333333334,0.19375,16
224,0.05416666666666667,0.09492321458245431,-0.10625,0.058333333333333334,0.23541666666666666,16
225,0.05208333333333333,0.07380412326632647,-0.07083333333333333,0.058333333333333334,0.19166666666666668,16
226,0.08125,0.11827389939364381,-0.09375,0.1,0.2583333333333333,16
227,-0.017708333333333336,0.12617073281646757,-0.20833333333333334,-0.025,0.19791666666666666,16
228,0.08229166666666667,0.10515675303247687,-0.07083333333333333,0.06666666666666667,0.29791666666666666,16
229,0.08125,0.12745846273285358,-0.10416666666666667,0.06666666666666667,0.3145833333333333,16
230,0.017708333333333333,0.11047070218689961,-0.17708333333333331,0.025,0.17708333333333331,16
231,0.08125,0.1048932989597842,-0.07708333333333334,0.075,0.24583333333333332,16
232,0.019791666666666666,0.09432117670491606,-0.12083333333333333,0.025,0.19375,16
233,0.07083333333333333,0.1451172897272333,-0.16666666666666666,0.04166666666666667,0.30416666666666664,16
234,0.019791666666666666,0.124334164150486,-0.22083333333333333,0.04166666666666667,0.17708333333333331,16
235,0.042708333333333334,0.09464274015416549,-0.14375,0.04166666666666667,0.19166666666666668,16
236,0.08645833333333333,0.09170808723274566,-0.0875,0.08333333333333334,0.2375,16
237,0.09583333333333333,0.12183492931011204,-0.14375,0.11666666666666667,0.2833333333333333,16
238,0.09270833333333334,0.09013276280329786,-0.09375,0.11666666666666667,0.2,16
239,0.01458333333333333,0.10669840022751564,-0.1875,0.058333333333333334,0.14375,16
240,0.06770833333333334,0.1381259426815494,-0.15,0.058333333333333334,0.33958333333333335,16
241,0.043750000000000004,0.12302255326203855,-0.13125,0.05,0.2708333333333333,16
242,0.015624999999999997,0.12254091578598009,-0.20416666666666666,0.008333333333333331,0.17708333333333331,16
243,0.02083333333333333,0.11265421528829812,-0.12083333333333333,0.008333333333333333,0.23541666666666666,16
244,0.011458333333333336,0.10029795022553774,-0.14375,0.016666666666666666,0.17916666666666667,16
245,0.02604166666666667,0.15022769177152392,-0.23958333333333331,0.03333333333333333,0.28541666666666665,16
246,0.134375,0.09780024106707395,-0.004166666666666666,0.125,0.32708333333333334,16
247,0.1125,0.12617503274772268,-0.11458333333333333,0.15833333333333333,0.27708333333333335,16
248,0.042708333333333334,0.10573301511879395,-0.08333333333333333,0.03333333333333333,0.21875,16
249,0.06562499999999999,0.10281941255046259,-0.09375,0.075,0.21041666666666667,16
250,-0.05,0.13254978100489054,-0.2520833333333333,-0.05,0.16041666666666665,16
251,0.027083333333333334,0.10187052648664709,-0.13333333333333333,0.016666666666666666,0.19791666666666666,16
252,0.034375,0.0967292810861553,-0.125,0.016666666666666666,0.20833333333333334,16
253,0.04583333333333333,0.1033299730636437,-0.12083333333333333,0.058333333333333334,0.2375,16
254,0.04375,0.13905372163304366,-0.25625,0.058333333333333334,0.2604166666666667,16
255,0.04583333333333334,0.0932626220233308,-0.1,0.05,0.20833333333333334,16
256,0.08541666666666667,0.09499177595981664,-0.06041666666666667,0.09166666666666667,0.25416666666666665,16
257,0.11666666666666665,0.12583057392117916,-0.14583333333333331,0.125,0.3,16
258,0.04791666666666667,0.10990447240924983,-0.13125,0.06666666666666667,0.2375,16
259,0.07708333333333334,0.12316359378214542,-0.13541666666666666,0.06666666666666667,0.2375,16
260,0.08020833333333333,0.12007213543671709,-0.11875,0.07500000000000001,0.2791666666666667,16
261,0.034375,0.10936507891512315,-0.13333333333333333,0.03333333333333333,0.21041666666666667,16
262,0.04791666666666667,0.07770023416238132,-0.08541666666666667,0.06666666666666667,0.17083333333333334,16
263,0.04791666666666666,0.12259845816503746,-0.15416666666666667,0.06666666666666667,0.26458333333333334,16
264,0.05625,0.11469691340417337,-0.18125,0.06666666666666667,0.21458333333333332,16
265,0.0041666666666666675,0.09307628293203615,-0.15416666666666667,0.008333333333333333,0.1375,16
266,0.08124999999999999,0.08637671850678284,-0.06875,0.06666666666666667,0.22083333333333333,16
267,0.028124999999999997,0.12243461265099834,-0.18958333333333333,0.03333333333333333,0.20416666666666666,16
268,0.11041666666666668,0.07380412326632646,-0.020833333333333332,0.125,0.21041666666666667,16
269,0.06979166666666667,0.07411954261341758,-0.06458333333333333,0.06666666666666667,0.19791666666666666,16
270,0.05,0.13254978100489057,-0.12708333333333333,0.04166666666666667,0.32083333333333336,16
271,0.06458333333333333,0.09407351587396363,-0.08333333333333333,0.06666666666666667,0.22291666666666665,16
272,0.006250000000000002,0.11664806399307849,-0.18333333333333335,-0.03333333333333333,0.21666666666666667,16
273,0.02291666666666666,0.1535319139824392,-0.17083333333333334,-0.008333333333333335,0.3104166666666667,16
274,0.08124999999999999,0.11973277537917511,-0.10208333333333333,0.05,0.3020833333333333,16
275,0.008333333333333331,0.14397627119309164,-0.23125,-0.008333333333333335,0.2375,16
276,0.018750000000000003,0.14140601020544433,-0.21041666666666667,0.0,0.2875,16
277,0.05729166666666667,0.11054925215838313,-0.21041666666666664,0.075,0.17500000000000002,16
278,-0.04583333333333334,0.11280821975567402,-0.23125,-0.04166666666666667,0.14791666666666667,16
279,0.005208333333333332,0.1379058089885186,-0.16041666666666665,-0.008333333333333333,0.27708333333333335,16
280,0.003125,0.12489144591960206,-0.25416666666666665,0.025,0.15,16
281,0.06145833333333334,0.12200847392018856,-0.12083333333333333,0.08333333333333334,0.2583333333333333,16
282,0.049999999999999996,0.0980716857994985,-0.13125,0.06666666666666667,0.18333333333333332,16
283,0.02083333333333333,0.10809268142560706,-0.19166666666666668,0.04166666666666667,0.19166666666666668,16
284,0.01666666666666667,0.11226827987756234,-0.21041666666666667,0.016666666666666666,0.1875,16
285,0.08020833333333333,0.11383753500054364,-0.07708333333333334,0.08333333333333333,0.2708333333333333,16
286,0.06458333333333333,0.1245652160739729,-0.12083333333333333,0.05,0.32083333333333336,16
287,0.09375,0.13266433729110808,-0.12708333333333333,0.14166666666666666,0.26458333333333334,16
288,0.017708333333333333,0.12225723535734898,-0.14375,-0.008333333333333333,0.25416666666666665,16
289,0.013541666666666667,0.11978260835316991,-0.19375,0.008333333333333333,0.19375,16
290,0.07395833333333335,0.13043313926853267,-0.16458333333333333,0.08333333333333333,0.2895833333333333,16
291,0.007291666666666667,0.09753360353972595,-0.13333333333333333,0.016666666666666666,0.16875,16
292,-0.0031249999999999976,0.13046641090717565,-0.25,0.0,0.20833333333333334,16
293,0.06458333333333333,0.14812192331544533,-0.24583333333333332,0.06666666666666667,0.30416666666666664,16
294,-0.006250000000000002,0.11987768650679835,-0.22708333333333333,-0.008333333333333333,0.17708333333333331,16
295,0.08020833333333334,0.0998642742119968,-0.125,0.058333333333333334,0.23125,16
296,0.048958333333333326,0.1408639944434189,-0.19375,0.04166666666666667,0.32708333333333334,16
297,0.016666666666666673,0.13096861371251425,-0.24791666666666667,0.05,0.20833333333333334,16
298,0.06354166666666666,0.1311300708690082,-0.1625,0.04166666666666667,0.31875,16
299,0.051041666666666666,0.08848037093992468,-0.06041666666666667,0.03333333333333333,0.24791666666666667,16
300,0.028125000000000004,0.08931038845571723,-0.12083333333333333,0.04166666666666667,0.17083333333333334,16
301,0.05,0.1278834104435234,-0.16875,0.06666666666666667,0.27291666666666664,16
302,0.056249999999999994,0.16339231503076,-0.2375,0.05,0.2875,16
303,0.06979166666666667,0.08644578222151089,-0.06041666666666667,0.06666666666666667,0.21041666666666667,16
304,0.026041666666666668,0.08143008887997115,-0.1375,0.03333333333333333,0.13333333333333333,16
305,0.07083333333333333,0.13037073205968347,-0.15,0.08333333333333333,0.29791666666666666,16
306,0.11562500000000002,0.13417297474818757,-0.06458333333333333,0.1,0.42083333333333334,16
307,0.06145833333333334,0.12579176327698618,-0.15416666666666667,0.06666666666666667,0.28541666666666665,16
308,-0.0010416666666666664,0.10163058615233243,-0.17083333333333334,0.0,0.18958333333333333,16
309,0.09375,0.14492275241198901,-0.1375,0.10833333333333334,0.35,16
310,0.06250000000000001,0.08239049972202162,-0.08333333333333333,0.075,0.1875,16
311,0.10625,0.16497842872461974,-0.15208333333333332,0.06666666666666667,0.4395833333333333,16
312,0.13125,0.12103072956898178,-0.11666666666666667,0.15,0.28125,16
313,0.007291666666666667,0.10103092726432282,-0.14375,0.01666666666666667,0.15416666666666667,16
314,0.090625,0.1247175628614956,-0.15833333333333333,0.1,0.29375,16
315,0.058333333333333334,0.07772815877574012,-0.043750000000000004,0.03333333333333333,0.19375,16
316,0.06145833333333333,0.16559223994667008,-0.2791666666666667,0.08333333333333333,0.28541666666666665,16
317,-0.014583333333333332,0.11515011337862899,-0.16666666666666666,-0.03333333333333333,0.19375,16
318,0.05416666666666667,0.1328768226591831,-0.17083333333333334,0.06666666666666667,0.2604166666666667,16
319,0.01875,0.13576877300109264,-0.2,0.041666666666666664,0.24375,16
320,0.05625,0.0951743648375035,-0.07708333333333334,0.06666666666666667,0.19375,16
321,0.08333333333333333,0.1227576655221353,-0.08750000000000001,0.06666666666666667,0.3125,16
322,0.08541666666666667,0.07968579791210532,-0.06458333333333333,0.11666666666666667,0.17708333333333331,16
323,-0.0010416666666666664,0.1085684547877513,-0.22083333333333333,0.025,0.14375,16
324,0.017708333333333336,0.09418302770846419,-0.12083333333333333,0.008333333333333331,0.18958333333333333,16
325,0.012499999999999997,0.10744830798523022,-0.17916666666666667,0.025,0.17708333333333331,16
326,-0.021875,0.10972167281859638,-0.24375,0.0,0.11041666666666666,16
327,-0.010416666666666666,0.13627930367855243,-0.25,-0.04166666666666667,0.2125,16
328,0.07916666666666666,0.11792476415070756,-0.11666666666666665,0.06666666666666667,0.33333333333333337,16
329,0.04791666666666666,0.1380512938085776,-0.18333333333333332,0.03333333333333333,0.2833333333333333,16
330,0.0072916666666666685,0.12555000525465718,-0.23541666666666666,0.016666666666666666,0.21458333333333332,16
331,0.07395833333333333,0.06820331889529521,-0.06458333333333333,0.09166666666666667,0.16666666666666666,16
332,0.0,0.09700372272352346,-0.15416666666666667,0.0,0.14375,16
333,0.010416666666666666,0.14152873186898993,-0.24375,0.04166666666666667,0.21041666666666667,16
334,0.05833333333333333,0.10374916331657277,-0.10833333333333334,0.06666666666666667,0.2375,16
335,0.04479166666666667,0.08327471896947143,-0.11041666666666666,0.06666666666666667,0.16041666666666665,16
336,0.012500000000000002,0.13610402475884228,-0.19791666666666666,0.03333333333333333,0.23125,16
337,0.06145833333333334,0.13664109898034177,-0.14791666666666667,0.058333333333333334,0.30833333333333335,16
338,0.053125,0.11199248951752673,-0.11875,0.058333333333333334,0.2520833333333333,16
339,0.07083333333333333,0.09921567416492216,-0.06458333333333333,0.058333333333333334,0.24375,16
340,0.07500000000000001,0.10189182717197902,-0.13333333333333333,0.06666666666666667,0.22083333333333333,16
341,0.06354166666666666,0.18765907603802287,-0.21041666666666667,0.058333333333333334,0.4,16
342,-0.0020833333333333363,0.08934075684329819,-0.18333333333333335,0.016666666666666666,0.15208333333333332,16
343,-0.007291666666666667,0.12401959270615269,-0.28125,0.016666666666666666,0.15,16
344,0.06666666666666667,0.12747548783981963,-0.18125,0.05,0.26666666666666666,16
345,0.07916666666666666,0.10889278621143317,-0.08958333333333333,0.05,0.29791666666666666,16
346,0.084375,0.09080442009248962,-0.0875,0.06666666666666667,0.22708333333333333,16
347,0.010416666666666668,0.146353239914029,-0.21041666666666667,0.008333333333333333,0.21041666666666667,16
348,0.04895833333333333,0.12097244147830623,-0.1375,0.049999999999999996,0.2375,16
349,0.06145833333333334,0.13238185901860655,-0.07708333333333334,0.0,0.30833333333333335,16
350,0.11041666666666666,0.12881336089258927,-0.125,0.1,0.34375,16
351,0.13645833333333335,0.10107387802713638,-0.06666666666666667,0.13333333333333333,0.2708333333333333,16
352,0.07291666666666667,0.11958768865471803,-0.14583333333333331,0.075,0.2791666666666667,16
353,0.11770833333333333,0.10695740812481283,-0.0375,0.08333333333333333,0.33125,16
354,0.09895833333333334,0.12436906741853279,-0.12916666666666665,0.13333333333333333,0.28125,16
355,0.08750000000000001,0.1324842757965387,-0.12708333333333333,0.10833333333333334,0.36458333333333337,16
356,0.08854166666666666,0.16252336904615014,-0.24791666666666667,0.125,0.35000000000000003,16
357,0.12395833333333334,0.09681898021852717,-0.01458333333333333,0.125,0.30416666666666664,16
358,0.11249999999999999,0.12795127110653406,-0.13541666666666666,0.11666666666666667,0.3145833333333333,16
359,0.10104166666666667,0.13195495206698382,-0.15416666666666667,0.11666666666666667,0.29375,16
360,0.08125,0.149985531709636,-0.12708333333333333,0.058333333333333334,0.35625,16
361,0.14479166666666668,0.10972167281859636,-0.04791666666666666,0.15,0.30416666666666664,16
362,0.11875000000000001,0.10472765606297338,-0.07083333333333333,0.125,0.26458333333333334,16
363,0.10833333333333334,0.13003738778606028,-0.16458333333333333,0.125,0.2875,16
364,0.002083333333333333,0.16286017775994227,-0.21875,-0.025,0.3416666666666667,16
365,0.08333333333333334,0.1203294089849471,-0.15416666666666667,0.10833333333333334,0.2625,16
366,0.09895833333333334,0.10920621897991381,-0.11875,0.125,0.275,16
367,0.0875,0.13378828631668602,-0.15625,0.10833333333333334,0.29166666666666663,16
368,0.09999999999999999,0.14154406459552524,-0.18541666666666667,0.09166666666666667,0.33541666666666664,16
369,0.140625,0.13692667720555973,-0.041666666666666664,0.14166666666666666,0.3979166666666667,16
370,0.11249999999999999,0.07806247497997998,0.016666666666666666,0.11666666666666667,0.24375,16
371,0.175,0.12190615698606494,-0.027083333333333334,0.19166666666666665,0.36875,16
372,0.10833333333333332,0.10223203455321081,-0.04791666666666666,0.075,0.3020833333333333,16
373,0.1,0.1511529762268088,-0.1375,0.08333333333333333,0.33749999999999997,16
374,0.13541666666666666,0.1258133262240354,-0.08750000000000001,0.15,0.33125,16
375,0.07291666666666667,0.11590150871417602,-0.11666666666666667,0.08333333333333334,0.2375,16
376,0.006249999999999999,0.09997829625584856,-0.16041666666666665,0.025,0.15416666666666667,16
377,0.11458333333333333,0.1285435237575196,-0.10416666666666667,0.09166666666666667,0.32916666666666666,16
378,0.07291666666666666,0.1095880860819784,-0.06458333333333333,0.06666666666666667,0.3104166666666667,16
379,0.128125,0.12328247121279381,-0.10208333333333333,0.11666666666666667,0.29375,16
380,0.11875000000000001,0.12031137264984092,-0.08750000000000001,0.14166666666666666,0.27708333333333335,16
381,0.09895833333333334,0.10349261078024417,-0.06458333333333333,0.1,0.30416666666666664,16
382,0.07604166666666666,0.1727000400099677,-0.2583333333333333,0.11666666666666667,0.32916666666666666,16
383,0.12395833333333334,0.11241798708144726,-0.06875,0.11666666666666667,0.32291666666666663,16
384,0.11458333333333333,0.14335695057365644,-0.14166666666666666,0.10833333333333334,0.3625,16
385,0.10520833333333332,0.12986621721987593,-0.08125,0.1,0.3416666666666667,16
386,0.090625,0.09279022600288603,-0.10208333333333333,0.10833333333333334,0.23333333333333334,16
387,0.06041666666666667,0.11871344466590313,-0.18125,0.08333333333333334,0.21041666666666667,16
388,0.11666666666666667,0.12583057392117916,-0.13541666666666666,0.13333333333333333,0.3208333333333333,16
389,0.13020833333333331,0.10900731849793897,-0.027083333333333334,0.14166666666666666,0.32499999999999996,16
390,0.06770833333333334,0.13494710254803957,-0.13125,0.05,0.3104166666666667,16
391,0.056249999999999994,0.08475352336169996,-0.09583333333333333,0.06666666666666667,0.17708333333333331,16
392,0.12083333333333335,0.10248644896874036,-0.041666666666666664,0.125,0.3,16
393,0.08229166666666665,0.11836102228868345,-0.12291666666666666,0.1,0.26458333333333334,16
394,0.09166666666666667,0.10103629710818451,-0.09166666666666667,0.1,0.24375,16
395,0.15729166666666666,0.1298996340662881,-0.06041666666666667,0.175,0.36666666666666664,16
396,0.109375,0.10324067586362352,-0.05833333333333333,0.09166666666666667,0.29791666666666666,16
397,0.090625,0.12443884458506782,-0.14791666666666667,0.125,0.2375,16
398,0.10520833333333335,0.08472151069828725,-0.0375,0.09166666666666667,0.24791666666666667,16
399,0.1489583333333333,0.11850761080810145,-0.027083333333333334,0.175,0.33749999999999997,16
400,0.125,0.10257111354242641,-0.043750000000000004,0.11666666666666667,0.30833333333333335,16
401,0.06770833333333333,0.13800019499784935,-0.225,0.09166666666666667,0.25,16
402,0.11666666666666667,0.15833333333333333,-0.043750000000000004,0.08333333333333334,0.49374999999999997,16
403,0.09062500000000001,0.09316367578681678,-0.07708333333333334,0.1,0.22708333333333333,16
404,0.08229166666666667,0.09600867112170419,-0.1375,0.11666666666666667,0.1875,16
405,0.08541666666666667,0.13666095008369353,-0.12083333333333333,0.09166666666666667,0.3104166666666667,16
406,0.10625000000000001,0.13779954745128076,-0.11041666666666666,0.09166666666666667,0.3666666666666667,16
407,0.09479166666666666,0.08872529977094722,-0.010416666666666666,0.09166666666666667,0.29791666666666666,16
408,0.159375,0.14505371969454015,-0.06875,0.16666666666666666,0.39375000000000004,16
409,0.07604166666666667,0.08477272515706662,-0.06041666666666667,0.10833333333333334,0.2,16
410,0.10104166666666667,0.12699365004903898,-0.0375,0.06666666666666667,0.3875,16
411,0.07291666666666667,0.12400646824527607,-0.13958333333333334,0.058333333333333334,0.33541666666666664,16
412,0.18125,0.11469691340417336,0.0020833333333333363,0.16666666666666666,0.36666666666666664,16
413,0.08020833333333333,0.08379429798619951,-0.03333333333333333,0.058333333333333334,0.21041666666666667,16
414,0.12083333333333332,0.11688966782587948,-0.06666666666666667,0.11666666666666667,0.33749999999999997,16
415,0.11145833333333333,0.12973246375821967,-0.125,0.15,0.25416666666666665,16
416,0.04583333333333333,0.09886508764753893,-0.1375,0.075,0.17083333333333334,16
417,0.13124999999999998,0.14029668464444275,-0.06666666666666667,0.15833333333333333,0.39166666666666666,16
418,0.159375,0.10960293709314749,-0.05416666666666667,0.15,0.35208333333333336,16
419,0.07291666666666667,0.12975337182516683,-0.18541666666666667,0.058333333333333334,0.30624999999999997,16
420,0.08958333333333333,0.13653385314842453,-0.16041666666666665,0.1,0.30416666666666664,16
421,0.09583333333333333,0.17395521454290086,-0.19375,0.09166666666666667,0.3625,16
422,0.040624999999999994,0.0759131333791752,-0.08750000000000001,0.05,0.16041666666666665,16
423,0.09479166666666666,0.10235402037101968,-0.09791666666666667,0.09166666666666667,0.2604166666666667,16
424,0.07083333333333333,0.12395395650536264,-0.16666666666666666,0.03333333333333333,0.24375,16
425,0.084375,0.09269662847458669,-0.08333333333333333,0.1,0.19375,16
426,0.09583333333333333,0.09816015824491454,-0.10208333333333333,0.09166666666666667,0.21666666666666667,16
427,0.09791666666666667,0.13499935699435345,-0.13541666666666666,0.1,0.32916666666666666,16
428,0.08958333333333335,0.12894806771203152,-0.14166666666666666,0.08333333333333334,0.3125,16
429,0.12604166666666666,0.13705340985461756,-0.03333333333333333,0.1,0.4166666666666667,16
430,0.06666666666666665,0.09895285072531597,-0.08333333333333333,0.075,0.22708333333333333,16
431,0.06354166666666668,0.1064285672672312,-0.1375,0.058333333333333334,0.2583333333333333,16
432,0.1125,0.13430634551071832,-0.08125,0.1,0.36041666666666666,16
433,0.07604166666666666,0.1538813519764858,-0.11666666666666667,0.058333333333333334,0.3104166666666667,16
434,0.07083333333333333,0.1228283581081973,-0.15208333333333332,0.10833333333333334,0.23125,16
435,0.125,0.12190615698606494,-0.10416666666666666,0.15,0.31666666666666665,16
436,0.13541666666666669,0.10879309490955758,-0.125,0.175,0.23333333333333334,16
437,0.11666666666666667,0.12665570127975553,-0.075,0.1,0.32916666666666666,16
438,0.13333333333333336,0.11273124382057235,-0.08541666666666667,0.13333333333333333,0.27708333333333335,16
439,0.13854166666666667,0.12496093139457627,-0.08333333333333333,0.125,0.36458333333333337,16
440,0.134375,0.1288933600457715,-0.09166666666666667,0.15,0.36458333333333337,16
441,0.17083333333333334,0.13143175246322922,-0.12708333333333333,0.18333333333333335,0.33958333333333335,16
442,0.08124999999999999,0.12031137264984092,-0.10416666666666667,0.05,0.28125,16
443,0.103125,0.11152645893090422,-0.10208333333333333,0.10833333333333334,0.28125,16
444,0.11458333333333333,0.15228297398812077,-0.18541666666666667,0.10833333333333334,0.36875,16
445,0.07708333333333334,0.15194057226429022,-0.15416666666666667,0.06666666666666667,0.3416666666666667,16
446,0.09270833333333334,0.12046909902312893,-0.09583333333333333,0.075,0.30833333333333335,16
447,0.071875,0.08714586072594996,-0.05416666666666667,0.05,0.22708333333333333,16
448,0.05,0.109924216318941,-0.08750000000000001,0.016666666666666666,0.26458333333333334,16
449,0.11354166666666668,0.12489144591960206,-0.075,0.1,0.34375,16
450,0.1,0.1345001032630748,-0.08958333333333333,0.075,0.39375,16
451,0.09375,0.09857931803600817,-0.08125,0.11666666666666667,0.21666666666666667,16
452,0.13229166666666667,0.1525783894611408,-0.12083333333333333,0.15833333333333333,0.3458333333333333,16
453,0.16875,0.1390537216330437,-0.09375,0.19166666666666665,0.35833333333333334,16
454,0.09791666666666667,0.14753471813629346,-0.14375,0.125,0.31875,16
455,0.125,0.12090515107122424,-0.08333333333333333,0.14166666666666666,0.29791666666666666,16
456,0.09583333333333334,0.14583333333333334,-0.20833333333333331,0.08333333333333333,0.27708333333333335,16
457,0.09270833333333334,0.13293805339956902,-0.15,0.10833333333333334,0.3145833333333333,16
458,0.06354166666666666,0.12278859853649098,-0.18333333333333335,0.06666666666666667,0.2583333333333333,16
459,0.10104166666666667,0.10548643113110699,-0.10208333333333333,0.10833333333333334,0.27708333333333335,16
460,0.153125,0.1375907213340428,-0.05,0.14166666666666666,0.43125,16
461,0.09375,0.1318768101508205,-0.11666666666666665,0.06666666666666667,0.33958333333333335,16
462,0.12604166666666666,0.09841958611249874,-0.0875,0.14166666666666666,0.2375,16
463,0.134375,0.14535263036071203,-0.09791666666666667,0.13333333333333333,0.4083333333333333,16
464,0.11354166666666667,0.1037857619088476,-0.0625,0.11666666666666667,0.29583333333333334,16
465,0.10104166666666665,0.16535617596738125,-0.21666666666666667,0.1,0.35416666666666663,16
466,0.09791666666666667,0.11332643974132622,-0.08333333333333333,0.11666666666666667,0.3,16
467,0.06354166666666666,0.07619846847031915,-0.03333333333333333,0.05,0.2125,16
468,0.07395833333333335,0.1325456878778031,-0.18333333333333335,0.1,0.2583333333333333,16
469,0.109375,0.09947234924283677,-0.04791666666666666,0.1,0.28125,16
470,0.08645833333333333,0.14033921578130296,-0.12083333333333333,0.10833333333333334,0.35000000000000003,16
471,0.09583333333333334,0.13674032567851616,-0.17500000000000002,0.13333333333333333,0.26458333333333334,16
472,0.140625,0.09128114955394069,0.008333333333333335,0.14166666666666666,0.3,16
473,0.13333333333333336,0.1003466214899358,-0.020833333333333332,0.11666666666666667,0.32499999999999996,16
474,0.11770833333333333,0.144393938151849,-0.14791666666666667,0.13333333333333333,0.35416666666666663,16
475,0.08958333333333333,0.09590124405403254,-0.05,0.058333333333333334,0.275,16
476,0.042708333333333334,0.0939061200082295,-0.12291666666666666,0.03333333333333333,0.1875,16
477,0.13645833333333335,0.12264712678384819,-0.16041666666666665,0.19166666666666665,0.24375,16
478,0.13229166666666667,0.11031343444678189,-0.07916666666666666,0.14166666666666666,0.29791666666666666,16
479,0.09270833333333334,0.10474319621234486,-0.05,0.06666666666666667,0.2708333333333333,16
480,0.06354166666666666,0.14095639963202175,-0.16458333333333333,0.075,0.2833333333333333,16
481,0.11145833333333333,0.12100831439524219,-0.12083333333333332,0.14166666666666666,0.29791666666666666,16
482,0.08229166666666667,0.13339435452613593,-0.14583333333333331,0.08333333333333333,0.3145833333333333,16
483,0.13020833333333334,0.11398994077207962,-0.06875,0.125,0.32708333333333334,16
484,0.07395833333333333,0.10205675674457924,-0.13125,0.075,0.21458333333333332,16
485,0.06979166666666665,0.14193831186469705,-0.13333333333333333,0.04166666666666667,0.32499999999999996,16
486,0.10104166666666667,0.11865401822806788,-0.12916666666666665,0.125,0.25,16
487,0.11875,0.0742730977915662,-0.004166666666666666,0.13333333333333333,0.23333333333333334,16
488,0.103125,0.14436387643536194,-0.18125,0.10833333333333334,0.35833333333333334,16
489,0.10833333333333334,0.10086432030758502,-0.10208333333333333,0.1,0.28125,16
490,0.13645833333333332,0.11920144451725406,-0.09791666666666667,0.13333333333333333,0.32708333333333334,16
491,0.11562499999999999,0.13049967406302423,-0.07083333333333333,0.10833333333333334,0.31666666666666665,16
492,0.09166666666666667,0.12162099599438686,-0.12291666666666666,0.06666666666666667,0.2875,16
493,0.09583333333333333,0.1006058038970803,-0.04791666666666666,0.075,0.27291666666666664,16
494,0.08124999999999999,0.09680216796240786,-0.07916666666666666,0.075,0.24375,16
495,0.03958333333333333,0.12786643965047628,-0.17291666666666666,0.041666666666666664,0.2520833333333333,16
496,0.071875,0.08892075709116892,-0.08333333333333333,0.06666666666666667,0.21041666666666667,16
497,0.11666666666666667,0.10358169078880045,-0.08750000000000001,0.10833333333333334,0.2604166666666667,16
498,0.12291666666666666,0.10588171466310885,-0.10416666666666666,0.14166666666666666,0.25416666666666665,16
499,0.10624999999999998,0.13240234871196374,-0.1625,0.1,0.32916666666666666,16
500,0.13020833333333331,0.11655035124357198,-0.0625,0.11666666666666667,0.36041666666666666,16
501,0.125,0.10655593210453684,-0.06666666666666667,0.14166666666666666,0.29166666666666663,16
502,0.16979166666666667,0.12222172900784323,-0.04791666666666666,0.175,0.35833333333333334,16
503,0.14583333333333331,0.13686723088047367,-0.09375,0.15833333333333333,0.34791666666666665,16
504,0.12083333333333333,0.14025027233089027,-0.18541666666666667,0.15833333333333333,0.29791666666666666,16
505,0.109375,0.1452928974233313,-0.11249999999999999,0.1,0.3729166666666667,16
506,0.15416666666666667,0.10696248044161195,-0.010416666666666666,0.175,0.33125,16
507,0.115625,0.12380943438069114,-0.043750000000000004,0.125,0.32291666666666663,16
508,0.09791666666666667,0.12174583611405818,-0.15416666666666667,0.10833333333333334,0.2604166666666667,16
509,0.029166666666666667,0.09709316831442535,-0.12083333333333333,0.025,0.20208333333333334,16
510,0.03333333333333333,0.10507933510765409,-0.09375,0.025,0.26666666666666666,16
511,0.014583333333333337,0.12231491119238079,-0.17708333333333331,0.025,0.2375,16
512,0.03125,0.09126331714087296,-0.16041666666666665,0.04166666666666667,0.16458333333333333,16
513,0.0125,0.09956502621123767,-0.16458333333333333,0.016666666666666666,0.15,16
514,0.014583333333333334,0.10588171466310885,-0.16458333333333333,0.03333333333333333,0.18541666666666667,16
515,0.040624999999999994,0.10407808733777196,-0.13125,0.058333333333333334,0.23125,16
516,0.05625,0.1417738565070757,-0.225,0.06666666666666667,0.25416666666666665,16
517,0.00104166666666667,0.12644563362919609,-0.21875,0.025,0.17708333333333331,16
518,0.031249999999999993,0.1568875880297029,-0.26666666666666666,0.075,0.26666666666666666,16
519,0.05729166666666667,0.10357645290905756,-0.14791666666666667,0.058333333333333334,0.21666666666666667,16
520,0.06458333333333334,0.1097463932588827,-0.11875,0.058333333333333334,0.25416666666666665,16
521,0.049999999999999996,0.10622957319984969,-0.13333333333333333,0.08333333333333333,0.21875,16
522,0.04479166666666666,0.15077562777370734,-0.17083333333333334,0.025,0.29791666666666666,16
523,0.075,0.08122328620674137,-0.027083333333333334,0.058333333333333334,0.23125,16
524,0.0625,0.11296201426438299,-0.12708333333333333,0.06666666666666667,0.21041666666666667,16
525,0.01458333333333333,0.16049781497301174,-0.35208333333333336,0.03333333333333333,0.23541666666666666,16
526,0.03125,0.1399249550850582,-0.22083333333333333,-0.008333333333333333,0.21666666666666667,16
527,0.006250000000000002,0.16476782908080084,-0.25416666666666665,0.016666666666666666,0.26458333333333334,16
528,0.028125,0.13878424877605286,-0.18333333333333332,-0.008333333333333333,0.26458333333333334,16
529,0.13229166666666664,0.1337842310816604,-0.10416666666666667,0.15,0.3416666666666667,16
530,0.011458333333333334,0.14394235318927737,-0.2625,-0.008333333333333333,0.24583333333333332,16
531,0.059375,0.12415950063213939,-0.17916666666666667,0.06666666666666667,0.23125,16
532,-0.009374999999999998,0.11916502766938143,-0.17083333333333334,-0.04166666666666667,0.17083333333333334,16
533,0.103125,0.09246222013762041,-0.09375,0.125,0.2375,16
534,0.008333333333333333,0.10358169078880045,-0.19791666666666666,0.0,0.16041666666666665,16
535,0.008333333333333331,0.10671873729054748,-0.16875,0.0,0.17083333333333334,16
536,-0.007291666666666665,0.16212229073380927,-0.23541666666666666,-0.05,0.29375,16
537,0.014583333333333335,0.11915136848190672,-0.20833333333333334,0.016666666666666666,0.19166666666666668,16
538,0.09479166666666666,0.10064354556497344,-0.06041666666666667,0.06666666666666667,0.3,16
539,0.0010416666666666682,0.1014596166927731,-0.11458333333333333,-0.025,0.22708333333333333,16
540,0.048958333333333326,0.12254091578598009,-0.14375,0.06666666666666667,0.25416666666666665,16
541,0.02395833333333334,0.11164314895385803,-0.16666666666666666,0.05,0.20208333333333334,16
542,0.029166666666666667,0.10777097630314635,-0.15208333333333332,0.0,0.18333333333333332,16
543,0.06041666666666667,0.13357725084925368,-0.1875,0.075,0.25,16
544,0.03125,0.12273998601379531,-0.19375,0.06666666666666667,0.21875,16
545,0.036458333333333336,0.1323162706779144,-0.20416666666666666,0.03333333333333333,0.24375,16
546,-0.013541666666666678,0.12007213543671709,-0.23125,0.0,0.21875,16
547,0.027083333333333327,0.14905664005486116,-0.19375,0.016666666666666663,0.25625,16
548,0.10104166666666665,0.10163058615233243,-0.09375,0.10833333333333334,0.2791666666666667,16
549,0.05208333333333333,0.08796996804465589,-0.06666666666666667,0.05,0.18333333333333332,16
550,0.1,0.09592387027684449,-0.08125,0.13333333333333333,0.21666666666666667,16
551,0.057291666666666664,0.11695926849168949,-0.12083333333333333,0.075,0.2583333333333333,16
552,0.07708333333333334,0.07968579791210532,-0.027083333333333334,0.06666666666666667,0.24375,16
553,0.0072916666666666685,0.10944442241257533,-0.16875,0.0,0.19583333333333333,16
554,-0.010416666666666666,0.14042037581649056,-0.2583333333333333,-0.03333333333333334,0.22291666666666665,16
555,0.01875,0.09553849573165084,-0.14375,0.0,0.17708333333333331,16
556,0.042708333333333334,0.10784646204210872,-0.13125,0.025,0.23541666666666666,16
557,0.020833333333333332,0.10793194872490516,-0.1625,0.03333333333333333,0.21666666666666667,16
558,0.005208333333333332,0.13026665360585057,-0.17708333333333331,-0.03333333333333334,0.28541666666666665,16
559,0.046875,0.11625205344661897,-0.15208333333333332,0.075,0.25625,16
560,0.0125,0.11326897682556822,-0.15,0.008333333333333333,0.24375,16
561,-0.02604166666666667,0.11784652654806778,-0.2375,0.0,0.15208333333333332,16
562,0.009375,0.15331620715045097,-0.26458333333333334,0.016666666666666666,0.28125,16
563,0.03229166666666666,0.1364821862104274,-0.19791666666666666,0.025,0.2375,16
564,0.002083333333333333,0.09822646028438568,-0.16041666666666665,-0.008333333333333333,0.18125,16
565,0.05416666666666667,0.13507970897872773,-0.20833333333333331,0.06666666666666667,0.22708333333333333,16
566,0.042708333333333334,0.1092856778127857,-0.1625,0.03333333333333333,0.21458333333333332,16
567,0.025,0.14154406459552524,-0.23541666666666666,0.016666666666666666,0.29375,16
568,0.04895833333333333,0.13352443986651533,-0.13125,0.03333333333333333,0.3541666666666667,16
569,0.06145833333333334,0.10269269657845954,-0.11458333333333333,0.06666666666666667,0.21458333333333332,16
570,0.060416666666666674,0.12512146875914,-0.14166666666666666,0.058333333333333334,0.29375,16
571,0.051041666666666666,0.15040093985189498,-0.24375,0.08333333333333333,0.26041666666666663,16
572,0.017708333333333333,0.12111586939556866,-0.12708333333333333,-0.008333333333333333,0.2791666666666667,16
573,3.469446951953614e-18,0.11770372409854611,-0.26458333333333334,0.03333333333333333,0.14166666666666666,16
574,0.046875,0.1010738780271364,-0.12083333333333333,0.03333333333333333,0.225,16
575,0.059375,0.11086289549358803,-0.07083333333333333,0.05,0.2833333333333333,16
576,0.04166666666666667,0.11039701082909809,-0.21458333333333332,0.06666666666666667,0.17083333333333334,16
577,0.009375000000000001,0.11486234968430692,-0.14375,0.025,0.21041666666666667,16
578,0.027083333333333334,0.13678792892649555,-0.20625,0.03333333333333333,0.26666666666666666,16
579,0.05625000000000001,0.12840839255195813,-0.2270833333333333,0.075,0.24375,16
580,0.0020833333333333363,0.12160315122927073,-0.1375,-0.025,0.26666666666666666,16
581,0.04166666666666667,0.09204467514322717,-0.15625,0.04166666666666667,0.17708333333333331,16
582,0.03749999999999999,0.15816877413418587,-0.2520833333333333,0.06666666666666667,0.32708333333333334,16
583,0.059375,0.09681898021852715,-0.06041666666666667,0.016666666666666666,0.24583333333333332,16
584,0.059375000000000004,0.12541164857070583,-0.1375,0.06666666666666667,0.23333333333333334,16
585,0.02291666666666666,0.11783271451982726,-0.11666666666666667,0.0,0.27708333333333335,16
586,0.04166666666666667,0.1350154312168304,-0.1375,0.008333333333333333,0.26875,16
587,-0.04166666666666667,0.11441275181454984,-0.23333333333333334,-0.04166666666666667,0.16458333333333333,16
588,0.025,0.12761160692594628,-0.17500000000000002,0.04166666666666667,0.27291666666666664,16
589,-0.029166666666666667,0.10366546087187274,-0.19375,-0.025,0.13333333333333333,16
590,0.07708333333333334,0.10750888206200557,-0.10833333333333334,0.06666666666666667,0.25416666666666665,16
591,0.11145833333333333,0.1079671294499704,-0.06666666666666667,0.14166666666666666,0.2708333333333333,16
592,0.019791666666666673,0.12939747523511508,-0.24791666666666667,0.03333333333333333,0.22083333333333333,16
593,-0.015624999999999997,0.14842562086969877,-0.28541666666666665,0.016666666666666666,0.24791666666666667,16
594,0.07395833333333333,0.08374248515206868,-0.07708333333333334,0.09166666666666667,0.19375,16
595,0.01666666666666667,0.11858541225631423,-0.17083333333333334,0.008333333333333333,0.21666666666666667,16
596,-0.03333333333333333,0.1366768288904727,-0.21875,-0.05,0.23125,16
597,0.027083333333333334,0.0975169144872371,-0.1375,0.025,0.20416666666666666,16
598,0.008333333333333333,0.14942017564200924,-0.21041666666666667,0.0,0.2895833333333333,16
599,-0.021875,0.13664109898034177,-0.22083333333333333,-0.05,0.21041666666666667,16
600,0.04375,0.09945598551900009,-0.15208333333333332,0.025,0.20416666666666666,16
601,0.06458333333333333,0.12016698451183115,-0.21041666666666667,0.08333333333333334,0.21875,16
602,0.03125000000000001,0.13779954745128076,-0.20416666666666666,0.05,0.2375,16
603,-0.0010416666666666647,0.09654963281764578,-0.13333333333333333,-0.016666666666666666,0.23125,16
604,0.011458333333333338,0.11129271183834696,-0.2125,0.008333333333333333,0.16666666666666666,16
605,0.03125,0.1162007063948695,-0.13541666666666666,0.0,0.25416666666666665,16
606,-0.042708333333333334,0.09681898021852715,-0.16041666666666665,-0.03333333333333333,0.16458333333333333,16
607,-0.03229166666666667,0.09744456223070291,-0.18125,-0.025,0.14583333333333331,16
608,0.0010416666666666664,0.1018012684787812,-0.16041666666666665,-0.016666666666666666,0.17083333333333334,16
609,0.033333333333333326,0.13856907623596576,-0.24375,0.075,0.2375,16
610,0.0010416666666666734,0.12929680943687497,-0.19791666666666666,0.0,0.22708333333333333,16
611,0.04583333333333334,0.13456462718295953,-0.17708333333333331,0.049999999999999996,0.25,16
612,0.007291666666666667,0.1103920963228598,-0.15416666666666667,0.008333333333333331,0.21458333333333332,16
613,0.029166666666666667,0.12054563451241193,-0.2,0.04166666666666667,0.20833333333333334,16
614,0.071875,0.08472151069828725,-0.11458333333333333,0.08333333333333333,0.17708333333333331,16
615,0.03958333333333333,0.1256752594321306,-0.16666666666666666,0.08333333333333333,0.21458333333333332,16
616,-0.051041666666666666,0.12025273587786313,-0.26666666666666666,-0.03333333333333333,0.1375,16
617,0.035416666666666666,0.10067049523624641,-0.1,0.008333333333333333,0.23541666666666666,16
618,0.059375,0.11179854619160105,-0.14375,0.06666666666666667,0.22083333333333333,16
619,-0.006249999999999999,0.0951743648375035,-0.16458333333333333,0.0,0.2,16
620,0.026041666666666668,0.12190170647561364,-0.1875,0.04166666666666667,0.22708333333333333,16
621,0.03229166666666667,0.09708758037920653,-0.13125,0.016666666666666666,0.20208333333333334,16
622,-0.0031249999999999984,0.1077256594704035,-0.20208333333333334,0.008333333333333333,0.15416666666666667,16
623,0.020833333333333336,0.1000867679122026,-0.13541666666666666,0.025,0.20833333333333334,16
624,0.008333333333333333,0.10474837574980446,-0.15208333333333332,-0.016666666666666666,0.2,16
625,0.021875,0.09441316373319512,-0.11041666666666666,0.008333333333333333,0.22708333333333333,16
626,0.048958333333333326,0.08153662052176991,-0.07708333333333334,0.058333333333333334,0.17083333333333334,16
627,0.05312499999999999,0.1207929170913777,-0.11666666666666667,0.05,0.25416666666666665,16
628,-0.017708333333333333,0.15651020001371582,-0.22708333333333333,-0.025,0.2583333333333333,16
629,0.08854166666666667,0.12537703554346252,-0.17083333333333334,0.11666666666666667,0.275,16
630,0.022916666666666665,0.12813770262234817,-0.21666666666666667,0.05,0.23541666666666666,16
631,-0.00104166666666667,0.1110975469151122,-0.15416666666666667,-0.025,0.22916666666666666,16
632,0.01458333333333333,0.11724188552826256,-0.17500000000000002,0.025,0.23333333333333334,16
633,0.040625,0.08269941177743245,-0.12708333333333333,0.04166666666666667,0.1875,16
634,0.009374999999999993,0.11784652654806778,-0.17500000000000002,0.008333333333333333,0.21041666666666667,16
635,0.07395833333333332,0.12855618502558844,-0.1625,0.08333333333333334,0.2895833333333333,16
636,0.040624999999999994,0.1107061848994897,-0.19375,0.058333333333333334,0.16041666666666665,16
637,0.028124999999999997,0.10716011352436856,-0.1875,0.04166666666666667,0.20833333333333334,16
638,0.035416666666666666,0.12608900626145012,-0.15,0.03333333333333333,0.23125,16
639,-0.011458333333333336,0.11766223286027963,-0.21875,0.0,0.17083333333333334,16
640,-0.018750000000000003,0.11301963325015703,-0.16666666666666666,-0.05,0.1875,16
641,0.034374999999999996,0.09362839335194569,-0.09375,0.0,0.20833333333333334,16
642,0.014583333333333335,0.10815289460347842,-0.14791666666666667,0.0,0.22708333333333333,16
643,0.078125,0.07631230378080152,-0.06875,0.08333333333333333,0.19375,16
644,-0.0041666666666666675,0.10952866190079096,-0.15,-0.025,0.20625,16
645,0.022916666666666665,0.09480883544152294,-0.16458333333333333,0.025,0.17083333333333334,16
646,0.09895833333333333,0.16816707445441142,-0.26875,0.11666666666666667,0.33749999999999997,16
647,0.09270833333333334,0.07119241093684073,-0.004166666666666666,0.08333333333333333,0.23541666666666666,16
648,0.008333333333333337,0.13642254619787417,-0.25416666666666665,0.01666666666666667,0.22291666666666665,16
649,0.035416666666666666,0.10406244786451814,-0.13958333333333334,0.04166666666666667,0.21458333333333332,16
650,0.016666666666666663,0.09147707666708395,-0.12083333333333333,0.025,0.16041666666666665,16
651,-0.006249999999999999,0.08816709987291177,-0.1375,-0.025,0.14375,16
652,0.028124999999999997,0.13368686853780534,-0.22708333333333333,0.041666666666666664,0.225,16
653,0.08854166666666667,0.10683560027496036,-0.14791666666666667,0.1,0.22708333333333333,16
654,0.03958333333333334,0.08657747814658395,-0.08333333333333333,0.025,0.17708333333333331,16
655,0.07291666666666666,0.12526014596297846,-0.14166666666666666,0.03333333333333333,0.2604166666666667,16
656,0.016666666666666666,0.10573814617041266,-0.16041666666666665,0.008333333333333333,0.17708333333333331,16
657,0.08437499999999999,0.10349261078024417,-0.06041666666666667,0.06666666666666667,0.27708333333333335,16
658,0.029166666666666667,0.10760976308454132,-0.13541666666666666,-0.008333333333333333,0.225,16
659,0.0031250000000000028,0.155033458530373,-0.1875,-0.05,0.26666666666666666,16
660,0.06458333333333333,0.06397563555326703,-0.03125,0.05,0.18125,16
661,0.05416666666666667,0.11821884132592589,-0.11666666666666667,0.05,0.2375,16
662,0.03854166666666667,0.10047089649080806,-0.12083333333333333,0.06666666666666667,0.21041666666666667,16
663,-0.012499999999999999,0.1143368561167687,-0.17916666666666667,-0.058333333333333334,0.22708333333333333,16
664,0.05729166666666667,0.07838844470895495,-0.07083333333333333,0.05,0.19375,16
665,0.02291666666666667,0.1011865370381741,-0.14791666666666667,0.01666666666666667,0.19375,16
666,0.03125,0.11162856937182344,-0.14375,0.04166666666666667,0.23541666666666666,16
667,0.03541666666666666,0.13081939947033,-0.18125,0.016666666666666666,0.27708333333333335,16
668,0.0125,0.1011221758292633,-0.16875,0.008333333333333333,0.18125,16
669,0.057291666666666664,0.13149365611017977,-0.13125,0.025,0.33749999999999997,16
670,0.029166666666666667,0.08260094833999587,-0.09375,0.04166666666666667,0.14375,16
671,-0.023958333333333328,0.10016804456900304,-0.20833333333333334,-0.016666666666666666,0.13333333333333333,16
672,0.009374999999999998,0.0803570050704286,-0.13125,0.025,0.13333333333333333,16
673,-0.01979166666666666,0.14021545301388463,-0.2,-0.025,0.22083333333333333,16
674,0.021875,0.10844845645897101,-0.1625,0.008333333333333333,0.17083333333333334,16
675,0.04791666666666667,0.07520227353241686,-0.10208333333333333,0.05,0.16041666666666665,16
676,0.05312499999999999,0.14591887372212456,-0.15416666666666667,0.06666666666666667,0.35625,16
677,0.07395833333333335,0.12331767214754295,-0.11666666666666667,0.07500000000000001,0.33333333333333337,16
678,0.046875,0.1533445138586821,-0.25416666666666665,0.04166666666666667,0.29166666666666663,16
679,0.053125000000000006,0.08584117075868794,-0.06666666666666667,0.075,0.19375,16
680,0.025,0.13475801357330192,-0.18125,0.03333333333333333,0.2625,16
681,0.046875,0.1385964803846043,-0.18125,0.025,0.28125,16
682,0.012499999999999999,0.11094605796411958,-0.22083333333333333,0.04166666666666667,0.14791666666666667,16
683,0.010416666666666666,0.07237896985850087,-0.1,0.008333333333333333,0.14791666666666667,16
684,0.03333333333333333,0.08975274678557507,-0.10833333333333334,0.016666666666666666,0.20208333333333334,16
685,-0.041666666666666664,0.08680277773333192,-0.21666666666666667,-0.04166666666666667,0.09791666666666667,16
686,0.02499999999999999,0.11023963796102462,-0.14583333333333331,0.008333333333333331,0.24375,16
687,0.0375,0.15618054011659427,-0.20208333333333334,0.05,0.2875,16
688,-0.07395833333333332,0.08798846791546669,-0.2520833333333333,-0.05,0.043750000000000004,16
689,-0.029166666666666667,0.09956502621123767,-0.19791666666666666,-0.04166666666666667,0.13541666666666666,16
690,0.042708333333333334,0.1006866615766182,-0.13333333333333333,0.058333333333333334,0.22083333333333333,16
691,0.02291666666666667,0.12935134646896154,-0.19166666666666668,0.016666666666666666,0.24166666666666667,16
692,0.027083333333333338,0.15364495056243577,-0.30416666666666664,0.05,0.23333333333333334,16
693,0.042708333333333334,0.09519146458877265,-0.10416666666666667,0.041666666666666664,0.1875,16
694,0.035416666666666666,0.11332643974132624,-0.12708333333333333,0.025,0.25416666666666665,16
695,-0.0020833333333333346,0.09351823203109766,-0.1375,0.008333333333333333,0.16458333333333333,16
696,0.10104166666666667,0.10711960313126631,-0.11875000000000001,0.1,0.2375,16
697,0.05520833333333333,0.08348293862620473,-0.06666666666666667,0.06666666666666667,0.18125,16
698,0.05208333333333333,0.1440817428098061,-0.18541666666666667,0.03333333333333333,0.2833333333333333,16
699,-0.03229166666666666,0.16238978634240928,-0.25416666666666665,-0.05,0.24375,16
700,0.009374999999999998,0.08078794902913017,-0.11249999999999999,-0.025,0.15416666666666667,16
701,0.008333333333333335,0.08312473893025,-0.13333333333333333,0.016666666666666666,0.15416666666666667,16
702,0.07083333333333333,0.1500578592114092,-0.21666666666666667,0.09166666666666667,0.26458333333333334,16
703,-0.002083333333333333,0.11053452829068593,-0.20416666666666666,0.008333333333333333,0.16875,16
704,0.07395833333333333,0.13906542599917973,-0.15,0.05,0.35000000000000003,16
705,0.03333333333333334,0.12233265213252666,-0.15833333333333333,0.05,0.2625,16
706,0.003125,0.09358202544351725,-0.18541666666666667,0.025,0.14583333333333331,16
707,0.04687500000000001,0.08584117075868795,-0.08333333333333333,0.058333333333333334,0.17708333333333331,16
708,0.0020833333333333294,0.11575161985907582,-0.17083333333333334,-0.016666666666666666,0.23125,16
709,0.034375,0.13116316571990272,-0.13125,0.008333333333333331,0.2791666666666667,16
710,-0.01458333333333333,0.10620914247109071,-0.17708333333333331,-0.016666666666666666,0.17708333333333331,16
711,-0.017708333333333336,0.10808766214667304,-0.23333333333333334,0.0,0.15416666666666667,16
712,-0.002083333333333333,0.12663856596190945,-0.16458333333333333,-0.03333333333333333,0.20833333333333334,16
713,0.021875,0.10844845645897101,-0.16041666666666665,0.025,0.17708333333333331,16
714,0.00625,0.11037735149124671,-0.22291666666666665,0.0,0.19791666666666666,16
715,0.0125,0.11342214657346833,-0.19375,0.016666666666666666,0.2125,16
716,0.07083333333333333,0.16786030898736404,-0.19375,0.058333333333333334,0.37916666666666665,16
717,0.03229166666666666,0.13660933121496496,-0.23958333333333331,0.04166666666666667,0.25416666666666665,16
718,0.059375,0.12147369828485506,-0.13541666666666666,0.03333333333333333,0.2895833333333333,16
719,-0.021875000000000002,0.1489219069680482,-0.26458333333333334,-0.016666666666666666,0.22916666666666666,16
720,0.03333333333333333,0.12963624321753373,-0.1875,0.03333333333333333,0.21041666666666667,16
721,0.0375,0.11203608049790627,-0.12083333333333333,0.03333333333333333,0.26458333333333334,16
722,0.03125,0.1169453516723849,-0.20416666666666666,0.04166666666666667,0.23125,16
723,0.04166666666666667,0.13654974673478282,-0.13541666666666666,0.0,0.3104166666666667,16
724,0.0031249999999999993,0.11550293857493169,-0.14375,-0.016666666666666666,0.24583333333333332,16
725,0.037500000000000006,0.10516191220103302,-0.09375,0.03333333333333333,0.21458333333333332,16
726,0.07604166666666667,0.13096447116807416,-0.17500000000000002,0.1,0.2583333333333333,16
727,0.03229166666666666,0.08926177754535003,-0.09375,0.04166666666666667,0.18333333333333332,16
728,0.03854166666666667,0.12702782257573864,-0.16666666666666666,0.05,0.23333333333333334,16
729,-0.004166666666666666,0.10197698542100347,-0.15,-0.025,0.14375,16
730,0.09375,0.14480290723754285,-0.16041666666666665,0.1,0.2875,16
731,0.03854166666666667,0.12100831439524219,-0.19375,0.08333333333333333,0.1875,16
732,0.018749999999999996,0.1439611975113047,-0.16041666666666665,0.008333333333333333,0.26666666666666666,16
733,0.019791666666666666,0.14351959191653552,-0.19791666666666666,0.016666666666666666,0.29791666666666666,16
734,0.06041666666666667,0.14238482187368148,-0.21041666666666667,0.06666666666666667,0.2604166666666667,16
735,-0.004166666666666666,0.12268693220279547,-0.21875,0.025,0.17708333333333331,16
736,-0.022916666666666665,0.054605593425338154,-0.12083333333333333,-0.016666666666666666,0.06041666666666667,16
737,0.019791666666666666,0.08704619423361112,-0.11666666666666667,0.016666666666666666,0.17708333333333331,16
738,0.0031249999999999993,0.0952370489153833,-0.1375,-0.016666666666666666,0.18125,16
739,0.015625,0.1096821085252994,-0.14375,0.0,0.24375,16
740,0.06041666666666667,0.12539866980510156,-0.1375,0.07500000000000001,0.26458333333333334,16
741,0.037500000000000006,0.10614782669047497,-0.14375,0.04166666666666667,0.21875,16
742,-0.021875,0.11572818218903198,-0.20416666666666666,-0.03333333333333333,0.1875,16
743,-0.05,0.14801933056943012,-0.2375,-0.05,0.1875,16
744,0.06458333333333333,0.12512146875914,-0.1375,0.03333333333333333,0.2791666666666667,16
745,-0.018749999999999996,0.13344721698942327,-0.2875,0.0,0.18125,16
746,0.036458333333333336,0.09846367597297549,-0.09791666666666667,0.008333333333333333,0.225,16
747,-0.006249999999999998,0.06969053618199055,-0.15,0.0,0.08750000000000001,16
748,0.040624999999999994,0.10944442241257533,-0.17708333333333331,0.058333333333333334,0.18125,16
749,-0.001041666666666663,0.12408956638698965,-0.24375,0.008333333333333333,0.20416666666666666,16
750,0.02916666666666667,0.10248644896874036,-0.11041666666666666,0.03333333333333333,0.21041666666666667,16
751,0.04166666666666667,0.08917056066263623,-0.12083333333333333,0.058333333333333334,0.19166666666666668,16
752,-0.022916666666666672,0.12231491119238079,-0.2375,0.0,0.16041666666666665,16
753,0.03749999999999999,0.1282223546119093,-0.1,0.008333333333333333,0.33749999999999997,16
754,-0.026041666666666668,0.07682247528121788,-0.14375,-0.04166666666666667,0.09375,16
755,0.0010416666666666664,0.12025273587786313,-0.18333333333333332,0.016666666666666666,0.17083333333333334,16
756,0.051041666666666666,0.1337842310816604,-0.20625,0.075,0.2833333333333333,16
757,0.0020833333333333333,0.13055370861577748,-0.23333333333333334,0.016666666666666666,0.18333333333333332,16
758,-0.028125000000000004,0.1275733381127194,-0.24166666666666667,-0.016666666666666666,0.17083333333333334,16
759,0.028125000000000004,0.11810405458041368,-0.16458333333333333,0.03333333333333333,0.22083333333333333,16
760,-0.030208333333333337,0.08296140961984139,-0.13333333333333333,-0.03333333333333334,0.13541666666666666,16
761,0.026041666666666668,0.09663949869661645,-0.13125,0.025,0.17083333333333334,16
762,-0.01875,0.10101481602000548,-0.18125,-0.008333333333333335,0.15833333333333333,16
763,0.05416666666666666,0.09510593508761106,-0.10625,0.058333333333333334,0.23541666666666666,16
764,0.017708333333333333,0.10824816363595068,-0.17500000000000002,0.008333333333333333,0.20416666666666666,16
765,0.03229166666666668,0.13507569251472798,-0.17708333333333331,0.01666666666666667,0.25416666666666665,16
766,-0.018750000000000003,0.13525631531774526,-0.3104166666666667,0.016666666666666666,0.1375,16
767,0.035416666666666666,0.08413675210961946,-0.10416666666666667,0.016666666666666666,0.16041666666666665,16
768,-0.03229166666666666,0.12054113376999386,-0.2520833333333333,-0.008333333333333333,0.14583333333333331,16
769,0.04375,0.13942777401460107,-0.29375,0.10833333333333334,0.1875,16
770,0.06041666666666666,0.13331705629813462,-0.15208333333333332,0.04166666666666667,0.29166666666666663,16
771,-0.013541666666666664,0.1077256594704035,-0.19583333333333333,-0.025,0.16458333333333333,16
772,-0.021875,0.11617735932377032,-0.19375,-0.016666666666666666,0.1625,16
773,-0.017708333333333333,0.13762226256234047,-0.22708333333333333,0.0,0.22708333333333333,16
774,-0.0031249999999999993,0.08823476221925737,-0.18333333333333332,0.0,0.12083333333333333,16
775,-0.03854166666666667,0.12852241887226437,-0.2604166666666667,-0.04166666666666667,0.17083333333333334,16
776,0.030208333333333334,0.1291288587139907,-0.18958333333333333,0.025,0.2520833333333333,16
777,0.034374999999999996,0.09690859632492191,-0.09791666666666667,-0.008333333333333333,0.19375,16
778,0.015625000000000003,0.10281941255046259,-0.12708333333333333,0.016666666666666666,0.24166666666666667,16
779,0.049999999999999996,0.1241638702145945,-0.20625,0.05,0.2625,16
780,-0.035416666666666666,0.10734727523323542,-0.21875,-0.05,0.17291666666666666,16
781,0.010416666666666668,0.0922095665680447,-0.1,-0.008333333333333333,0.18541666666666667,16
782,0.01666666666666667,0.11008204011352422,-0.23333333333333334,0.016666666666666666,0.18541666666666667,16
783,0.020833333333333336,0.0880932271327749,-0.11458333333333333,0.008333333333333331,0.16875,16
784,0.03645833333333332,0.13046641090717565,-0.19791666666666666,0.016666666666666666,0.25416666666666665,16
785,0.034375,0.10382757307457186,-0.11041666666666666,0.008333333333333333,0.2125,16
786,0.04895833333333334,0.06756394861742303,-0.09999999999999999,0.05,0.14791666666666667,16
787,0.007291666666666665,0.09500890857352974,-0.2,0.008333333333333333,0.15,16
788,0.028125000000000004,0.14187714144247793,-0.15,0.008333333333333331,0.275,16
789,0.023958333333333335,0.14117177652105647,-0.21041666666666667,0.0,0.24791666666666667,16
790,0.034374999999999996,0.1120312378932273,-0.12708333333333333,0.025,0.26041666666666663,16
791,-0.007291666666666665,0.11887329126006396,-0.16458333333333333,-0.016666666666666666,0.21666666666666667,16
792,0.010416666666666664,0.14444277509719128,-0.21666666666666667,0.025,0.2708333333333333,16
793,0.019791666666666666,0.11610261714678673,-0.20625,0.025,0.2,16
794,0.015625000000000003,0.12685686788879644,-0.20208333333333334,0.01666666666666667,0.24166666666666667,16
795,0.008333333333333335,0.07021791477646966,-0.09791666666666667,-0.008333333333333333,0.12708333333333333,16
796,0.06666666666666668,0.12774758097296576,-0.15416666666666667,0.075,0.2708333333333333,16
797,0.027083333333333334,0.09388878616036457,-0.14166666666666666,0.06666666666666667,0.16458333333333333,16
798,0.013541666666666669,0.1284548599379045,-0.17083333333333334,0.008333333333333333,0.24375,16
799,-0.005208333333333333,0.13523625803057074,-0.23541666666666666,-0.008333333333333333,0.2375,16
800,0.042708333333333334,0.11395185843884542,-0.15416666666666667,0.058333333333333334,0.23541666666666666,16
801,0.06666666666666667,0.10671873729054748,-0.12708333333333333,0.06666666666666667,0.2375,16
802,-0.036458333333333336,0.09302380780985287,-0.17083333333333334,-0.03333333333333333,0.15208333333333332,16
803,-0.018750000000000003,0.1247045118581432,-0.26875,-0.03333333333333333,0.16666666666666666,16
804,-0.065625,0.12197289515616894,-0.32499999999999996,-0.04166666666666667,0.08750000000000001,16
805,-0.004166666666666669,0.14099103596407192,-0.2520833333333333,0.0,0.26666666666666666,16
806,0.020833333333333336,0.09042722672587794,-0.15,0.058333333333333334,0.12708333333333333,16
807,0.04791666666666666,0.0989309172548647,-0.08333333333333333,0.025,0.23958333333333331,16
808,0.028124999999999997,0.12770935290511984,-0.23541666666666666,0.03333333333333333,0.20416666666666666,16
809,0.025,0.11975089885999929,-0.15,0.058333333333333334,0.21875,16
810,0.04583333333333333,0.14654587829224144,-0.17291666666666666,0.075,0.32916666666666666,16
811,-0.03229166666666667,0.12520382687397733,-0.17708333333333331,-0.08333333333333333,0.19375,16
812,0.025,0.09965217285917831,-0.15208333333333332,0.03333333333333333,0.20416666666666666,16
813,0.043750000000000004,0.1260890062614501,-0.17708333333333331,0.03333333333333333,0.24791666666666667,16
814,0.04791666666666666,0.09590124405403254,-0.08750000000000001,0.03333333333333333,0.23333333333333334,16
815,0.004166666666666662,0.11777745020918808,-0.19791666666666666,0.025,0.19166666666666668,16
816,-0.02708333333333333,0.15510692996195308,-0.3416666666666667,-0.025,0.2,16
817,0.059375,0.1018865024181319,-0.07708333333333334,0.05,0.28125,16
818,0.027083333333333334,0.11006232451560242,-0.17708333333333331,0.04166666666666667,0.19791666666666666,16
819,-0.02291666666666667,0.13640663779059042,-0.19791666666666666,-0.05,0.2520833333333333,16
820,0.013541666666666667,0.11625205344661897,-0.21875,-0.008333333333333333,0.20833333333333334,16
821,0.015624999999999998,0.09582767193422437,-0.17500000000000002,0.016666666666666666,0.17083333333333334,16
822,0.041666666666666664,0.12133516482134198,-0.14375,0.058333333333333334,0.23541666666666666,16
823,0.001041666666666663,0.171641255198484,-0.38125,0.05,0.17708333333333331,16
824,0.08333333333333333,0.10491398593345144,-0.08125,0.08333333333333333,0.24791666666666667,16
825,0.016666666666666666,0.06263873490988713,-0.10416666666666667,0.016666666666666666,0.11041666666666666,16
826,-0.020833333333333336,0.12548516955312997,-0.26875,-0.016666666666666666,0.17708333333333331,16
827,-0.024999999999999998,0.11740835669671143,-0.2520833333333333,0.0,0.17916666666666667,16
828,0.010416666666666664,0.10288798520721455,-0.14375,0.0,0.18125,16
829,0.04583333333333334,0.08549285220284664,-0.11458333333333333,0.04166666666666667,0.18541666666666667,16
830,0.03020833333333333,0.13362192076277504,-0.225,0.05,0.2625,16
831,0.033333333333333326,0.12923385349392352,-0.24375,0.03333333333333333,0.22291666666666665,16
832,0.03333333333333333,0.10960788698304921,-0.18541666666666667,0.06666666666666667,0.16666666666666666,16
833,0.07083333333333333,0.11777745020918808,-0.10833333333333334,0.06666666666666667,0.2583333333333333,16
834,0.011458333333333338,0.12647995421980687,-0.21458333333333332,0.016666666666666666,0.21875,16
835,-0.011458333333333334,0.12100831439524218,-0.15,-0.03333333333333333,0.19375,16
836,-0.017708333333333333,0.12436906741853279,-0.22916666666666666,-0.016666666666666666,0.22916666666666666,16
837,0.03958333333333333,0.10783136912172944,-0.15,0.058333333333333334,0.17708333333333331,16
838,-0.014583333333333334,0.12935134646896154,-0.2,-0.016666666666666666,0.21458333333333332,16
839,0.030208333333333334,0.09132868563296224,-0.125,0.03333333333333333,0.18333333333333332,16
840,0.007291666666666667,0.10720060860886522,-0.19166666666666668,0.025,0.13333333333333333,16
841,0.021875000000000002,0.13013331172088277,-0.17708333333333331,0.04166666666666667,0.24166666666666667,16
842,0.04583333333333334,0.11924240017711821,-0.16666666666666666,0.041666666666666664,0.22708333333333333,16
843,-0.008333333333333335,0.12692955176439846,-0.20416666666666666,-0.04166666666666667,0.2125,16
844,0.036458333333333336,0.13218499636452272,-0.22916666666666666,0.08333333333333334,0.21666666666666667,16
845,-0.0020833333333333337,0.10221080476696733,-0.17500000000000002,-0.025,0.20208333333333334,16
846,0.009375000000000001,0.1475457497316981,-0.16666666666666666,0.0,0.29583333333333334,16
847,0.023958333333333335,0.08436213893750627,-0.12083333333333333,0.03333333333333333,0.13333333333333333,16
848,0.004166666666666666,0.13076962355396013,-0.2583333333333333,0.05,0.15416666666666667,16
849,0.05520833333333333,0.11512655325288293,-0.1,0.05,0.2791666666666667,16
850,-0.020833333333333336,0.11953323573150876,-0.19375,-0.05,0.2,16
851,-0.029166666666666667,0.10248644896874035,-0.17708333333333331,-0.016666666666666666,0.14583333333333331,16
852,0.014583333333333334,0.10339295994731298,-0.19375,0.05,0.14375,16
853,-0.03229166666666666,0.14463420694788784,-0.34791666666666665,-0.03333333333333334,0.17083333333333334,16
854,0.04062500000000001,0.13162561992045638,-0.24583333333333332,0.075,0.24166666666666667,16
855,0.035416666666666666,0.1125578554936675,-0.18125,0.025,0.20416666666666666,16
856,0.035416666666666666,0.11224894827520163,-0.13125,0.025,0.22083333333333333,16
857,0.0072916666666666685,0.1100771115450942,-0.10416666666666667,-0.03333333333333333,0.24166666666666667,16
858,0.03958333333333333,0.12160315122927072,-0.13125,0.03333333333333333,0.29791666666666666,16
859,0.011458333333333334,0.09496321473485288,-0.15416666666666667,0.03333333333333333,0.14375,16
860,0.0031250000000000028,0.119637582062104,-0.19375,-0.016666666666666666,0.21458333333333332,16
861,0.03125,0.10927078368286129,-0.15208333333333332,0.03333333333333333,0.16666666666666666,16
862,0.05520833333333333,0.11617735932377032,-0.11041666666666666,0.0,0.22708333333333333,16
863,0.017708333333333336,0.11508884701974094,-0.2125,0.03333333333333333,0.22083333333333333,16
864,0.013541666666666667,0.1118373617630133,-0.16041666666666665,0.025,0.1875,16
865,-0.009374999999999998,0.1103920963228598,-0.17708333333333331,0.0,0.18125,16
866,0.08437499999999999,0.11125370624288333,-0.09375,0.058333333333333334,0.29375,16
867,0.030208333333333337,0.07799989983967928,-0.11875,0.05,0.1375,16
868,0.07083333333333333,0.09138213416442212,-0.06041666666666667,0.05,0.24583333333333332,16
869,0.030208333333333334,0.0773292810540311,-0.08333333333333333,0.04166666666666667,0.18125,16
870,0.03958333333333334,0.09407351587396363,-0.15833333333333333,0.08333333333333333,0.14375,16
871,0.04895833333333334,0.1146354048349229,-0.16041666666666665,0.05,0.19375,16
872,0.053125000000000006,0.12250549165695027,-0.14375,0.016666666666666666,0.24791666666666667,16
873,-0.009375000000000001,0.11455965664471746,-0.16875,-0.04166666666666667,0.23541666666666666,16
874,0.015625,0.13686326687407563,-0.18541666666666667,-0.03333333333333334,0.25416666666666665,16
875,0.027083333333333334,0.12881336089258927,-0.14375,-0.016666666666666666,0.21666666666666667,16
876,0.04375,0.11797995945639807,-0.16458333333333333,0.058333333333333334,0.17708333333333331,16
877,-2.6020852139652106e-18,0.10849347138576282,-0.18333333333333335,0.0,0.18125,16
878,0.10625,0.1451621459303737,-0.12708333333333333,0.09166666666666667,0.3104166666666667,16
879,0.012499999999999999,0.06574889099191458,-0.09375,0.008333333333333333,0.11666666666666667,16
880,0.020833333333333332,0.15991534218662906,-0.2375,0.04166666666666667,0.28541666666666665,16
881,0.04479166666666667,0.11869059186482397,-0.11666666666666667,0.04166666666666667,0.24375,16
882,-0.01666666666666667,0.1042499666933067,-0.13333333333333333,-0.05,0.19791666666666666,16
883,0.021875000000000006,0.16337571197668546,-0.1875,-0.03333333333333333,0.35208333333333336,16
884,-0.036458333333333336,0.0920859256799503,-0.15,-0.05,0.14166666666666666,16
885,0.018750000000000003,0.1260890062614501,-0.19791666666666666,0.05,0.19375,16
886,0.03125,0.12813770262234817,-0.16666666666666666,0.008333333333333333,0.28541666666666665,16
887,0.001041666666666663,0.0848750613647299,-0.1625,0.008333333333333333,0.15208333333333332,16
888,-0.007291666666666668,0.07614148699406038,-0.12708333333333333,-0.008333333333333333,0.1375,16
889,0.02291666666666667,0.12921706006217257,-0.16041666666666665,0.016666666666666666,0.22708333333333333,16
890,0.011458333333333336,0.10924595562053749,-0.16666666666666666,0.016666666666666666,0.2,16
891,0.025,0.14018836534383936,-0.20625,0.0,0.2708333333333333,16
892,0.03229166666666666,0.09061302602888345,-0.10416666666666667,0.03333333333333333,0.16666666666666666,16
893,0.010416666666666666,0.09553849573165084,-0.17083333333333334,0.025,0.14375,16
894,0.019791666666666666,0.08254181389857304,-0.09375,0.0,0.19791666666666666,16
895,0.08020833333333334,0.10038446060300149,-0.11875,0.06666666666666667,0.21666666666666667,16
896,0.036458333333333336,0.11307242486074529,-0.15625,0.03333333333333333,0.24166666666666667,16
897,-0.03333333333333334,0.12147816447594377,-0.20416666666666666,-0.075,0.17708333333333331,16
898,0.08958333333333333,0.11797995945639807,-0.1,0.10833333333333334,0.28125,16
899,0.020833333333333332,0.07603453162872774,-0.1,0.008333333333333333,0.16041666666666665,16
900,0.016666666666666663,0.10474837574980446,-0.12083333333333333,-0.016666666666666666,0.18125,16
901,0.03645833333333333,0.13568483063293735,-0.13333333333333333,0.025,0.3229166666666667,16
902,0.06458333333333333,0.10439558180306291,-0.12916666666666665,0.06666666666666667,0.24791666666666667,16
903,0.08333333333333334,0.14754942674688146,-0.19375,0.09166666666666667,0.3208333333333333,16
904,-0.022916666666666672,0.149985531709636,-0.22708333333333333,-0.08333333333333333,0.2708333333333333,16
905,0.08333333333333334,0.10752906583803283,-0.11875,0.08333333333333333,0.24791666666666667,16
906,0.03958333333333333,0.12622662049750924,-0.17500000000000002,0.05,0.25625,16
907,-0.013541666666666667,0.1213664603930317,-0.2375,-0.016666666666666666,0.18541666666666667,16
908,0.02291666666666667,0.09840304732182953,-0.18125,0.025,0.17500000000000002,16
909,0.004166666666666664,0.08364524958285305,-0.11666666666666667,-0.008333333333333333,0.14791666666666667,16
910,0.03645833333333333,0.1149001302460339,-0.15208333333333332,0.025,0.19375,16
911,-0.007291666666666662,0.13488276159317023,-0.22916666666666666,0.025,0.2,16
912,-0.03125,0.14250670062218906,-0.29583333333333334,-0.058333333333333334,0.21041666666666667,16
913,0.021875000000000006,0.0976670132957444,-0.10416666666666667,0.008333333333333333,0.1875,16
914,-0.018749999999999996,0.10879309490955758,-0.17708333333333331,-0.016666666666666666,0.19791666666666666,16
915,-0.019791666666666673,0.09722160218056251,-0.11666666666666667,-0.05,0.17916666666666667,16
916,0.0020833333333333363,0.11987768650679834,-0.28541666666666665,0.0,0.14375,16
917,-0.006249999999999997,0.12636408486767292,-0.25625,-0.025,0.17708333333333331,16
918,-0.0020833333333333346,0.10049789245993614,-0.21875,-0.008333333333333333,0.14791666666666667,16
919,0.008333333333333331,0.10622957319984969,-0.13333333333333333,0.03333333333333333,0.18333333333333332,16
920,0.03125,0.11347953192830268,-0.12708333333333333,0.008333333333333333,0.23125,16
921,0.03333333333333333,0.11380416903123053,-0.19791666666666666,0.03333333333333333,0.23541666666666666,16
922,0.015625,0.11894629244373743,-0.15833333333333333,0.016666666666666666,0.26041666666666663,16
923,0.020833333333333332,0.11777745020918809,-0.17916666666666667,0.04166666666666667,0.26249999999999996,16
924,0.008333333333333331,0.10290907529357057,-0.16458333333333333,-0.008333333333333333,0.16041666666666665,16
925,-0.008333333333333335,0.07971302695712079,-0.1375,-0.016666666666666666,0.11041666666666666,16
926,0.11145833333333333,0.10420311862202376,-0.10833333333333334,0.125,0.26666666666666666,16
927,-0.021875,0.1445441529525763,-0.24166666666666667,-0.04166666666666667,0.2583333333333333,16
928,0.004166666666666665,0.12767961205037137,-0.1875,-0.008333333333333335,0.20208333333333334,16
929,0.017708333333333333,0.15472519882933672,-0.24375,0.025,0.29583333333333334,16
930,-0.03333333333333334,0.06640573937712178,-0.13125,-0.03333333333333334,0.08541666666666667,16
931,-0.028125,0.09713227485982424,-0.16041666666666665,-0.05,0.1375,16
932,0.03854166666666666,0.1433380268126904,-0.20833333333333334,0.041666666666666664,0.25625,16
933,0.06979166666666667,0.11322586050064318,-0.15416666666666667,0.075,0.23541666666666666,16
934,-0.03125,0.11590150871417604,-0.23125,-0.025,0.16666666666666666,16
935,0.071875,0.08614400693348061,-0.06041666666666667,0.075,0.21041666666666667,16
936,0.034375,0.1188002452181345,-0.1,0.008333333333333331,0.30416666666666664,16
937,-0.006250000000000002,0.13148127771241383,-0.2375,-0.03333333333333333,0.19375,16
938,-0.020833333333333336,0.12068956964966865,-0.22916666666666666,0.0,0.2,16
939,0.058333333333333334,0.09860132971832694,-0.07708333333333334,0.058333333333333334,0.24791666666666667,16
940,-0.023958333333333335,0.13228346431264776,-0.2875,0.008333333333333331,0.17083333333333334,16
941,0.02291666666666667,0.10422914792790824,-0.15208333333333332,0.03333333333333333,0.19791666666666666,16
942,0.013541666666666667,0.12150942321711332,-0.17083333333333334,0.04166666666666667,0.22708333333333333,16
943,0.09895833333333333,0.10315656082705874,-0.05416666666666667,0.09166666666666667,0.2708333333333333,16
944,0.09166666666666666,0.12346276991690878,-0.06458333333333333,0.075,0.34791666666666665,16
945,0.08020833333333333,0.11610261714678671,-0.14791666666666667,0.10833333333333334,0.25416666666666665,16
946,0.09895833333333333,0.1096821085252994,-0.07083333333333333,0.11666666666666667,0.2604166666666667,16
947,0.03229166666666666,0.12726677334332878,-0.16875,0.04166666666666667,0.2708333333333333,16
948,0.016666666666666663,0.10240171439537091,-0.19166666666666668,0.025,0.17708333333333331,16
949,-0.016666666666666663,0.10865337342004415,-0.225,-0.016666666666666666,0.1375,16
950,-0.041666666666666664,0.125,-0.26666666666666666,-0.04166666666666667,0.1375,16
951,0.051041666666666666,0.11218609756164581,-0.1375,0.05,0.25,16
952,0.051041666666666666,0.10466028875206998,-0.14583333333333331,0.05,0.18333333333333332,16
953,0.04375,0.1395522353417848,-0.16875,0.04166666666666667,0.3145833333333333,16
954,0.035416666666666666,0.14323579530115912,-0.23333333333333334,0.04166666666666667,0.27708333333333335,16
955,0.05520833333333334,0.11927424485659556,-0.10833333333333334,0.008333333333333333,0.2583333333333333,16
956,0.035416666666666666,0.10406244786451815,-0.1375,0.025,0.23125,16
957,0.0031249999999999993,0.09846367597297549,-0.15833333333333333,-0.016666666666666666,0.16666666666666666,16
958,0.06354166666666666,0.1493293747150164,-0.16458333333333333,0.05,0.3875,16
959,0.05416666666666667,0.08946212730659954,-0.12916666666666665,0.06666666666666667,0.20416666666666666,16
960,0.04375,0.14079079732394126,-0.15416666666666667,0.008333333333333333,0.30416666666666664,16
961,0.030208333333333337,0.09668440031302303,-0.10416666666666667,0.03333333333333333,0.20833333333333334,16
962,0.090625,0.08558798875686029,-0.020833333333333332,0.1,0.26458333333333334,16
963,0.08750000000000001,0.08609990966571593,-0.027083333333333334,0.075,0.24791666666666667,16
964,0.011458333333333333,0.12014440819049567,-0.19375,0.016666666666666666,0.23958333333333331,16
965,0.06979166666666667,0.08337889379546574,-0.08125,0.075,0.18333333333333332,16
966,0.035416666666666666,0.1490566400548612,-0.17708333333333331,0.008333333333333331,0.26666666666666666,16
967,0.103125,0.10916646787513706,-0.06666666666666667,0.09166666666666667,0.26458333333333334,16
968,0.04791666666666667,0.10204080746882048,-0.09375,0.03333333333333333,0.22083333333333333,16
969,0.065625,0.12436906741853279,-0.11041666666666666,0.04166666666666667,0.29375,16
970,0.06770833333333333,0.10214177748763399,-0.125,0.09166666666666667,0.20416666666666666,16
971,0.09375,0.08577162020932876,-0.0375,0.1,0.24166666666666667,16
972,0.07708333333333332,0.11575161985907584,-0.06458333333333333,0.016666666666666666,0.29791666666666666,16
973,0.019791666666666666,0.12791310391346844,-0.24375,0.058333333333333334,0.20416666666666666,16
974,-0.005208333333333336,0.13146064445934633,-0.24375,-0.016666666666666666,0.19166666666666668,16
975,0.075,0.08994597143717876,-0.043750000000000004,0.05,0.275,16
976,-0.018749999999999996,0.09407351587396365,-0.17708333333333331,-0.016666666666666666,0.15,16
977,0.0625,0.08447139555297205,-0.05416666666666667,0.04166666666666667,0.23125,16
978,0.006249999999999992,0.11131708339493789,-0.1625,-0.03333333333333333,0.2,16
979,0.051041666666666666,0.09726623507729243,-0.11041666666666666,0.025,0.23125,16
980,0.07916666666666666,0.12943520472507555,-0.15833333333333333,0.10833333333333334,0.24375,16
981,0.014583333333333335,0.11469691340417336,-0.17708333333333331,-0.008333333333333333,0.21041666666666667,16
982,-0.026041666666666668,0.1039111449348272,-0.17083333333333334,-0.04166666666666667,0.19375,16
983,-0.0052083333333333304,0.09385988930019279,-0.16666666666666666,0.008333333333333333,0.14166666666666666,16
984,0.037500000000000006,0.1016359243137539,-0.12083333333333333,0.016666666666666666,0.19375,16
985,0.042708333333333334,0.11784652654806778,-0.14375,0.08333333333333334,0.21875,16
986,-0.006249999999999997,0.13779954745128076,-0.26041666666666663,0.008333333333333333,0.23125,16
987,0.021875000000000002,0.10235402037101968,-0.11666666666666667,0.03333333333333333,0.20416666666666666,16
988,0.07916666666666666,0.09042722672587794,-0.10416666666666667,0.08333333333333334,0.21041666666666667,16
989,0.027083333333333334,0.12512146875914,-0.17083333333333334,0.008333333333333333,0.23958333333333331,16
990,0.03229166666666667,0.08174926732597261,-0.10833333333333334,0.016666666666666666,0.17083333333333334,16
991,0.011458333333333334,0.1508907291810129,-0.26041666666666663,0.025,0.2604166666666667,16
992,0.0031250000000000036,0.10260813232607074,-0.19791666666666666,0.0,0.16875,16
993,0.09895833333333333,0.13009995489579881,-0.08333333333333333,0.10833333333333334,0.3208333333333333,16
994,0.015625,0.10449427649132007,-0.11041666666666666,0.0,0.22708333333333333,16
995,0.08125,0.11286591725484615,-0.11458333333333333,0.075,0.26458333333333334,16
996,0.048958333333333326,0.12902798334512988,-0.19166666666666668,0.03333333333333333,0.22708333333333333,16
997,0.071875,0.13915902548882697,-0.12708333333333333,0.041666666666666664,0.29166666666666663,16
998,-3.469446951953614e-18,0.1393187791441707,-0.15,-0.03333333333333334,0.27708333333333335,16
999,0.0031249999999999993,0.10395290566993412,-0.21875,0.05,0.11458333333333333,16
1000,0.013541666666666667,0.11803053247877102,-0.12083333333333333,-0.025,0.23958333333333331,16
1001,0.026041666666666664,0.13768532334235514,-0.18333333333333332,0.05,0.25416666666666665,16
1002,0.019791666666666673,0.13645038144769778,-0.17083333333333334,0.016666666666666666,0.33958333333333335,16
1003,0.071875,0.12661714355357517,-0.12708333333333333,0.05,0.29583333333333334,16
1004,0.0020833333333333363,0.12059963032005253,-0.17708333333333331,0.01666666666666667,0.18125,16
1005,0.04583333333333333,0.10841343192714739,-0.17708333333333331,0.05,0.21666666666666667,16
1006,0.021875000000000002,0.10470175068843034,-0.16458333333333333,0.058333333333333334,0.18541666666666667,16
1007,0.03229166666666666,0.1416015475335241,-0.2125,0.041666666666666664,0.28125,16
1008,0.024999999999999998,0.09947780321927768,-0.13125,0.025,0.22083333333333333,16
1009,0.040625,0.12275324588376473,-0.20208333333333334,0.07500000000000001,0.21875,16
1010,0.005208333333333336,0.10167328359614546,-0.2,0.025,0.15,16
1011,0.010416666666666664,0.1329258095079106,-0.25,0.016666666666666666,0.19375,16
1012,-0.013541666666666664,0.15106321685344554,-0.23958333333333331,-0.05,0.25625,16
1013,-0.02604166666666667,0.13175745156030708,-0.22291666666666665,-0.058333333333333334,0.2375,16
1014,0.051041666666666666,0.11187616386731655,-0.14375,0.05,0.23125,16
1015,0.040625,0.09771144273659389,-0.10416666666666667,0.03333333333333333,0.2125,16
1016,0.05,0.0955612078431643,-0.125,0.058333333333333334,0.16666666666666666,16
1017,0.037500000000000006,0.10231690964840563,-0.13958333333333334,0.03333333333333333,0.23333333333333334,16
1018,0.006249999999999999,0.15777038079295985,-0.23333333333333334,0.03333333333333333,0.2520833333333333,16
1019,0.010416666666666668,0.11193918860008074,-0.2125,0.025,0.16666666666666666,16
1020,0.06354166666666666,0.12764136362611192,-0.12083333333333333,0.05,0.32916666666666666,16
1021,0.03854166666666667,0.12716442085172863,-0.19791666666666666,0.04166666666666667,0.26041666666666663,16
1022,3.469446951953614e-18,0.14227809232469893,-0.26458333333333334,0.016666666666666666,0.21666666666666667,16
1023,0.015625,0.11643857912364498,-0.1375,-0.016666666666666666,0.24166666666666667,16
1024,0.011458333333333327,0.14514345753043395,-0.22708333333333333,0.04166666666666667,0.2875,16
1025,0.017708333333333333,0.116736400290474,-0.18333333333333332,0.03333333333333333,0.17708333333333331,16
1026,0.03541666666666667,0.14262847522302285,-0.25,0.06666666666666667,0.24375,16
1027,0.02083333333333333,0.12409393843196191,-0.22083333333333333,0.03333333333333333,0.22708333333333333,16
1028,0.03020833333333333,0.09541916845337384,-0.11041666666666666,0.025,0.20208333333333334,16
1029,0.03854166666666667,0.10319862691539176,-0.13333333333333333,0.04166666666666667,0.20416666666666666,16
1030,0.04583333333333334,0.11219093348196883,-0.09375,0.025,0.22083333333333333,16
1031,0.06666666666666667,0.13514395616855712,-0.18125,0.03333333333333333,0.27708333333333335,16
1032,0.041666666666666664,0.13083598723422987,-0.2,0.025,0.23333333333333334,16
1033,-0.010416666666666664,0.13666095008369353,-0.24375,-0.025,0.2583333333333333,16
1034,0.034375,0.09381363580998707,-0.09375,0.008333333333333333,0.1875,16
1035,0.005208333333333329,0.0925560547122061,-0.12708333333333333,0.0,0.21458333333333332,16
1036,0.03229166666666666,0.12054113376999386,-0.17083333333333334,0.04166666666666667,0.24583333333333332,16
1037,0.04895833333333333,0.09708758037920653,-0.1375,0.075,0.17708333333333331,16
1038,0.042708333333333334,0.13306858481207684,-0.13333333333333333,0.04166666666666667,0.3125,16
1039,-0.011458333333333334,0.08051887934239743,-0.17500000000000002,0.025,0.09791666666666667,16
1040,0.05625,0.1636046853105239,-0.225,0.10833333333333334,0.2708333333333333,16
1041,0.02291666666666667,0.10015179451434929,-0.12708333333333333,0.0,0.21458333333333332,16
1042,0.04791666666666666,0.0895348706122679,-0.09375,0.04166666666666667,0.20416666666666666,16
1043,0.03020833333333333,0.09740001105122,-0.17916666666666667,0.03333333333333333,0.17083333333333334,16
1044,0.030208333333333337,0.10445273219925312,-0.14375,0.075,0.17083333333333334,16
1045,0.04583333333333334,0.10265570828962432,-0.11458333333333333,0.05,0.24375,16
1046,-0.0010416666666666664,0.09325680456257453,-0.17083333333333334,0.016666666666666666,0.13125,16
1047,-0.027083333333333338,0.08972856444732512,-0.18541666666666667,-0.016666666666666666,0.11875,16
1048,0.03958333333333334,0.11332643974132622,-0.10833333333333334,0.016666666666666666,0.2791666666666667,16
1049,-0.001041666666666663,0.10532172107668747,-0.20416666666666666,0.016666666666666666,0.16041666666666665,16
1050,0.084375,0.12794703086954903,-0.16666666666666666,0.10833333333333334,0.27708333333333335,16
1051,0.03333333333333334,0.15286613606536784,-0.27708333333333335,0.06666666666666667,0.21041666666666667,16
1052,0.017708333333333333,0.1320864550104295,-0.22291666666666665,0.0,0.2708333333333333,16
1053,0.04479166666666666,0.1263426159188665,-0.19791666666666666,0.058333333333333334,0.25625,16
1054,0.017708333333333333,0.11865401822806788,-0.18958333333333333,0.025,0.19791666666666666,16
1055,0.034375,0.12969900384051614,-0.14375,0.03333333333333333,0.25416666666666665,16
1056,0.019791666666666662,0.12586075170379543,-0.16875,-0.008333333333333333,0.26875,16
1057,0.03229166666666667,0.13352443986651533,-0.20833333333333331,0.03333333333333333,0.26458333333333334,16
1058,0.04375,0.13344721698942327,-0.16041666666666665,0.075,0.27291666666666664,16
1059,0.035416666666666666,0.10538866558284783,-0.12708333333333333,0.05,0.19166666666666668,16
1060,0.013541666666666665,0.11152645893090422,-0.14375,-0.008333333333333333,0.2375,16
1061,0.022916666666666665,0.06868683967431057,-0.11249999999999999,0.016666666666666666,0.11666666666666667,16
1062,0.08645833333333333,0.10107387802713638,-0.1375,0.10833333333333334,0.21041666666666667,16
1063,0.08645833333333333,0.07458653391642935,-0.07708333333333334,0.09166666666666667,0.17708333333333331,16
1064,0.090625,0.11651310578404664,-0.13333333333333333,0.10833333333333334,0.2604166666666667,16
1065,0.08541666666666667,0.11378509837017811,-0.07708333333333334,0.06666666666666667,0.31875,16
1066,0.044791666666666674,0.12716442085172863,-0.16041666666666665,0.06666666666666667,0.22083333333333333,16
1067,0.09791666666666667,0.14952180721665095,-0.17083333333333334,0.10833333333333334,0.33125,16
1068,0.11354166666666668,0.11595298825865209,-0.07916666666666666,0.11666666666666667,0.32708333333333334,16
1069,0.035416666666666666,0.09840304732182954,-0.12916666666666665,0.058333333333333334,0.19166666666666668,16
1070,0.0020833333333333363,0.07990337046152127,-0.12708333333333333,-0.016666666666666666,0.11666666666666667,16
1071,0.01458333333333334,0.13615185047912087,-0.27499999999999997,0.0,0.23125,16
1072,0.07916666666666666,0.09798313346920705,-0.05416666666666667,0.058333333333333334,0.3145833333333333,16
1073,0.051041666666666666,0.10432800006336852,-0.16458333333333333,0.08333333333333334,0.19791666666666666,16
1074,0.09166666666666667,0.12692955176439846,-0.12083333333333333,0.10833333333333334,0.275,16
1075,0.04791666666666666,0.11021995055342748,-0.09375,0.05,0.21041666666666667,16
1076,0.02395833333333333,0.11901924885169718,-0.14791666666666667,0.0,0.24375,16
1077,0.05625,0.12745846273285358,-0.17500000000000002,0.075,0.24375,16
1078,0.06249999999999999,0.16909686573085855,-0.2604166666666667,0.13333333333333333,0.25,16
1079,0.042708333333333334,0.12147369828485505,-0.16041666666666665,0.058333333333333334,0.22916666666666666,16
1080,0.006250000000000002,0.08204736944798006,-0.12083333333333333,0.0,0.1375,16
1081,0.022916666666666665,0.1258133262240354,-0.16041666666666665,0.008333333333333333,0.19791666666666666,16
1082,0.08854166666666666,0.159395423527988,-0.19583333333333333,0.10833333333333334,0.29375,16
1083,0.017708333333333333,0.08689648015822557,-0.16041666666666665,0.025,0.15416666666666667,16
1084,0.028125000000000004,0.1289270290491658,-0.20416666666666666,0.05,0.24791666666666667,16
1085,0.06666666666666667,0.13944333775567927,-0.1375,0.04166666666666667,0.3145833333333333,16
1086,0.08645833333333333,0.09704286531390824,-0.09166666666666667,0.10833333333333334,0.22708333333333333,16
1087,-0.0020833333333333337,0.08330728759638419,-0.14791666666666667,0.016666666666666666,0.11041666666666666,16
1088,-0.015624999999999998,0.09344278366703576,-0.18333333333333332,-0.025,0.13541666666666666,16
1089,0.03125,0.1417738565070757,-0.22083333333333333,0.1,0.18125,16
1090,-0.010416666666666666,0.08330728759638419,-0.15208333333333332,-0.03333333333333333,0.1625,16
1091,0.03125,0.10067049523624641,-0.12916666666666665,0.016666666666666666,0.20416666666666666,16
1092,0.05312499999999999,0.13657755606044664,-0.15625,0.025,0.25,16
1093,0.013541666666666667,0.07293898467973839,-0.12708333333333333,0.025,0.14583333333333331,16
1094,0.12604166666666666,0.09877175393299442,-0.043750000000000004,0.14166666666666666,0.2833333333333333,16
1095,0.05416666666666667,0.10008676791220263,-0.08750000000000001,0.03333333333333333,0.22708333333333333,16
1096,-0.0010416666666666664,0.11628938251668167,-0.22916666666666666,0.0,0.19166666666666668,16
1097,0.059375,0.1148623496843069,-0.15,0.041666666666666664,0.24583333333333332,16
1098,0.006249999999999998,0.11100472337297684,-0.13333333333333333,-0.016666666666666666,0.18125,16
1099,-0.004166666666666666,0.11234557302260635,-0.24375,0.016666666666666666,0.11666666666666667,16
1100,0.06041666666666667,0.13292580950791058,-0.16458333333333333,0.058333333333333334,0.28541666666666665,16
1101,0.08958333333333333,0.11900557293206435,-0.11875,0.1,0.29791666666666666,16
1102,0.075,0.13162974165776095,-0.13125,0.058333333333333334,0.34791666666666665,16
1103,0.08750000000000001,0.11141451630934114,-0.12083333333333332,0.075,0.2875,16
1104,0.03125,0.12203070538006226,-0.19166666666666668,0.016666666666666666,0.2,16
1105,0.08229166666666667,0.09868382979946051,-0.09166666666666667,0.10833333333333334,0.23333333333333334,16
1106,0.017708333333333333,0.1140280103868246,-0.14166666666666666,0.0,0.23541666666666666,16
1107,0.026041666666666664,0.10424476239174375,-0.16041666666666665,0.041666666666666664,0.17083333333333334,16
1108,0.06145833333333332,0.14728076338710663,-0.20416666666666666,0.09166666666666667,0.27708333333333335,16
1109,0.028125,0.11766223286027962,-0.16458333333333333,0.05,0.19166666666666668,16
1110,0.053125,0.12377437330122544,-0.13541666666666666,0.06666666666666667,0.29375,16
1111,0.07083333333333333,0.08984941105353261,-0.06458333333333333,0.06666666666666667,0.24166666666666667,16
1112,0.051041666666666666,0.11172087459129759,-0.16666666666666666,0.04166666666666667,0.26458333333333334,16
1113,0.051041666666666666,0.12310631555917655,-0.11666666666666667,0.04166666666666667,0.2791666666666667,16
1114,0.06562499999999999,0.11703346357868001,-0.13125,0.08333333333333334,0.25625,16
1115,0.07604166666666666,0.1386903963570177,-0.22291666666666665,0.08333333333333333,0.2895833333333333,16
1116,-0.03854166666666666,0.09104309686138268,-0.17708333333333331,-0.03333333333333333,0.10833333333333334,16
1117,0.0031249999999999976,0.13670461236427492,-0.19166666666666668,-0.016666666666666666,0.21458333333333332,16
1118,0.018750000000000003,0.1256752594321306,-0.2,0.05,0.19375,16
1119,0.065625,0.11762533947288362,-0.08750000000000001,0.04166666666666667,0.2833333333333333,16
1120,0.08958333333333332,0.0761201079435213,-0.010416666666666666,0.075,0.24166666666666667,16
1121,0.06145833333333334,0.10420311862202376,-0.125,0.075,0.22083333333333333,16
1122,0.05625,0.09164298936634488,-0.11041666666666666,0.06666666666666667,0.19166666666666668,16
1123,0.06458333333333333,0.12428615615228879,-0.18333333333333335,0.09166666666666667,0.22708333333333333,16
1124,0.04583333333333334,0.1386317063301177,-0.16041666666666665,0.0,0.2875,16
1125,0.04479166666666667,0.07811110987632368,-0.06041666666666667,0.016666666666666666,0.16041666666666665,16
1126,0.05520833333333333,0.1404010562539407,-0.15208333333333332,0.04166666666666667,0.27708333333333335,16
1127,0.0010416666666666664,0.10532172107668747,-0.15833333333333333,-0.025,0.17083333333333334,16
1128,-0.043750000000000004,0.11987768650679834,-0.2791666666666667,-0.016666666666666666,0.14791666666666667,16
1129,0.08958333333333333,0.10750888206200555,-0.10833333333333334,0.09166666666666667,0.2833333333333333,16
1130,0.035416666666666666,0.12691245342098362,-0.16666666666666666,0.041666666666666664,0.24166666666666667,16
1131,0.020833333333333336,0.12740737376183878,-0.22708333333333333,0.008333333333333333,0.2375,16
1132,0.02083333333333333,0.14099103596407192,-0.20416666666666666,0.03333333333333333,0.28125,16
1133,0.03645833333333333,0.10003797022186682,-0.12708333333333333,0.04166666666666667,0.1875,16
1134,-0.003125000000000002,0.12050512177911775,-0.22916666666666666,0.025,0.17083333333333334,16
1135,0.015625000000000007,0.13076547470567298,-0.18333333333333332,0.025,0.21458333333333332,16
1136,0.033333333333333326,0.10137937550497032,-0.11041666666666666,0.008333333333333333,0.24375,16
1137,0.04166666666666667,0.11770372409854611,-0.2125,0.05,0.1875,16
1138,0.01875,0.11871344466590313,-0.2,0.04166666666666667,0.2125,16
1139,0.02291666666666667,0.08454843286542928,-0.09375,0.03333333333333333,0.19166666666666668,16
1140,0.06770833333333333,0.11554050967085094,-0.14791666666666667,0.09166666666666667,0.22708333333333333,16
1141,-0.009374999999999996,0.10622446588605555,-0.1875,0.008333333333333333,0.1375,16
1142,0.051041666666666666,0.11628938251668168,-0.15416666666666667,0.05,0.24375,16
1143,0.002083333333333326,0.1317450979480198,-0.21041666666666667,0.008333333333333333,0.20208333333333334,16
1144,0.020833333333333336,0.12562344526401112,-0.22291666666666665,0.05,0.19791666666666666,16
1145,-0.0031249999999999993,0.11625205344661897,-0.17708333333333331,-0.008333333333333338,0.19166666666666668,16
1146,0.034375,0.0939985132122371,-0.1,0.04166666666666667,0.22708333333333333,16
1147,0.06354166666666666,0.09560094105475926,-0.11458333333333333,0.08333333333333333,0.24166666666666667,16
1148,0.04791666666666666,0.10799225152245362,-0.12916666666666665,0.03333333333333333,0.21458333333333332,16
1149,0.030208333333333334,0.12108002834443378,-0.15208333333333332,0.041666666666666664,0.19375,16
1150,0.014583333333333335,0.0901147031411757,-0.16041666666666665,0.025,0.14791666666666667,16
1151,-0.017708333333333336,0.15109194565451417,-0.22083333333333333,-0.05,0.25625,16
1152,0.03229166666666666,0.14061728373891708,-0.20833333333333334,0.08333333333333333,0.2583333333333333,16
1153,0.11145833333333333,0.1043695940050443,-0.05833333333333333,0.11666666666666667,0.2708333333333333,16
1154,0.024999999999999994,0.11726039399558574,-0.22083333333333333,0.05,0.17708333333333331,16
1155,0.011458333333333327,0.14927123313507754,-0.27708333333333335,0.025,0.23333333333333334,16
1156,0.04791666666666666,0.15810015724920143,-0.2875,0.058333333333333334,0.29583333333333334,16
1157,-0.0031249999999999993,0.1379687401692459,-0.21666666666666667,0.008333333333333333,0.22916666666666666,16
1158,0.002083333333333333,0.11408984641744224,-0.21666666666666667,0.05,0.12708333333333333,16
1159,0.03125,0.13148127771241383,-0.16041666666666665,0.08333333333333334,0.23125,16
1160,0.053125000000000006,0.1259986152370996,-0.13541666666666666,0.04166666666666667,0.29583333333333334,16
1161,-0.020833333333333336,0.10952866190079096,-0.19375,-0.025,0.19375,16
1162,0.03229166666666667,0.12436906741853279,-0.15416666666666667,0.025,0.26458333333333334,16
1163,0.04375,0.1340961253479508,-0.18541666666666667,0.05,0.27708333333333335,16
1164,-0.014583333333333334,0.0996303933434862,-0.14375,-0.04166666666666667,0.17916666666666667,16
1165,0.034374999999999996,0.11264939925617791,-0.13333333333333333,0.03333333333333333,0.19375,16
1166,0.03125,0.11635001671202669,-0.17708333333333331,0.04166666666666667,0.20416666666666666,16
1167,0.060416666666666674,0.11378509837017813,-0.1625,0.07500000000000001,0.21666666666666667,16
1168,0.06354166666666666,0.09846367597297549,-0.08750000000000001,0.06666666666666667,0.23333333333333334,16
1169,0.011458333333333327,0.11985505569228191,-0.22916666666666666,0.025,0.17708333333333331,16
1170,0.033333333333333326,0.10752906583803283,-0.1625,0.058333333333333334,0.19375,16
1171,-0.009375,0.11425616169866337,-0.21458333333333332,0.016666666666666666,0.14791666666666667,16
1172,0.017708333333333333,0.12685686788879644,-0.1875,0.04166666666666667,0.21041666666666667,16
1173,0.021875,0.11810405458041368,-0.1875,0.058333333333333334,0.17083333333333334,16
1174,0.007291666666666666,0.09982080298381361,-0.17500000000000002,0.025,0.16875,16
1175,0.028125,0.11314916868894795,-0.14583333333333331,0.016666666666666666,0.26041666666666663,16
1176,0.02291666666666667,0.12146029872623675,-0.2,0.025,0.22708333333333333,16
1177,0.027083333333333334,0.12288135085882189,-0.13333333333333333,0.016666666666666666,0.27291666666666664,16
1178,-0.0020833333333333346,0.14468296279183054,-0.21875,0.03333333333333333,0.23541666666666666,16
1179,0.01666666666666667,0.0927960727138337,-0.11666666666666667,0.0,0.19791666666666666,16
1180,-8.673617379884035e-19,0.08936504412303006,-0.18541666666666667,0.0,0.15416666666666667,16
1181,0.04895833333333333,0.12352866710696032,-0.17083333333333334,0.03333333333333333,0.29791666666666666,16
1182,-0.008333333333333333,0.0939118972465387,-0.16458333333333333,0.008333333333333333,0.13541666666666666,16
1183,0.0020833333333333346,0.13792547806696193,-0.16041666666666665,0.008333333333333331,0.27499999999999997,16
1184,-0.040624999999999994,0.10154513740477952,-0.21458333333333332,-0.016666666666666666,0.10416666666666667,16
1185,0.005208333333333336,0.12057713500540271,-0.21666666666666667,0.025,0.18541666666666667,16
1186,0.009375000000000001,0.10507417188454174,-0.15,0.0,0.1875,16
1187,0.028125000000000004,0.09551009799725077,-0.08333333333333333,0.008333333333333333,0.22083333333333333,16
1188,0.04895833333333333,0.14111027381094546,-0.22708333333333333,0.08333333333333333,0.2375,16
1189,-0.008333333333333333,0.12815463749358083,-0.16666666666666666,-0.05,0.23125,16
1190,0.039583333333333345,0.1294854936105028,-0.18541666666666667,0.008333333333333333,0.24791666666666667,16
1191,0.0375,0.0649519052838329,-0.08125,0.04166666666666667,0.13333333333333333,16
1192,0.04583333333333334,0.10857345183996153,-0.16666666666666666,0.05,0.24791666666666667,16
1193,0.028124999999999997,0.08008648753760594,-0.07708333333333334,0.03333333333333333,0.20208333333333334,16
1194,0.009374999999999998,0.16137094409224426,-0.33749999999999997,0.03333333333333333,0.25625,16
1195,-0.010416666666666664,0.1213172780128389,-0.18333333333333332,-0.04166666666666667,0.20208333333333334,16
1196,-0.00104166666666667,0.14024640394478727,-0.23958333333333331,-0.025,0.2791666666666667,16
1197,0.008333333333333335,0.1159202311936963,-0.20416666666666666,-0.008333333333333333,0.22291666666666665,16
1198,0.021875,0.13368686853780534,-0.19375,0.04166666666666667,0.2,16
1199,-0.020833333333333336,0.11433685611676869,-0.21875,-0.016666666666666666,0.18125,16
1200,-0.001041666666666663,0.12713028504254995,-0.26666666666666666,0.025,0.17083333333333334,16
1201,0.036458333333333336,0.11429414263936129,-0.17708333333333331,0.05,0.20416666666666666,16
1202,0.03125,0.12663856596190945,-0.22916666666666666,0.016666666666666666,0.22916666666666666,16
1203,0.012500000000000004,0.1033299730636437,-0.16041666666666665,0.025,0.16875,16
1204,-0.03958333333333333,0.10356073768030473,-0.225,-0.016666666666666666,0.11041666666666666,16
1205,-0.008333333333333337,0.12162099599438686,-0.24791666666666667,0.008333333333333333,0.17708333333333331,16
1206,-0.03958333333333333,0.13666095008369353,-0.24375,-0.05,0.19583333333333333,16
1207,0.0375,0.11372786719963483,-0.12708333333333333,0.016666666666666666,0.25,16
1208,0.08125,0.07309501997020348,-0.07708333333333334,0.09166666666666667,0.16041666666666665,16
1209,-0.010416666666666668,0.10958808608197841,-0.2375,0.016666666666666666,0.14166666666666666,16
1210,0.0125,0.09956502621123767,-0.16458333333333333,0.008333333333333331,0.16041666666666665,16
1211,0.058333333333333334,0.08014743359029727,-0.10208333333333333,0.07500000000000001,0.17083333333333334,16
1212,0.014583333333333335,0.11664806399307848,-0.14375,0.05,0.21875,16
1213,0.03229166666666667,0.12183047619768854,-0.14791666666666667,0.008333333333333331,0.22708333333333333,16
1214,-0.013541666666666667,0.10141682929321388,-0.17083333333333334,0.0,0.14166666666666666,16
1215,0.04791666666666666,0.09314620377545066,-0.125,0.04166666666666667,0.17708333333333331,16
1216,0.02916666666666666,0.11539485353438524,-0.17291666666666666,0.01666666666666667,0.23125,16
1217,-0.007291666666666665,0.12443884458506783,-0.28125,0.008333333333333333,0.16458333333333333,16
1218,0.018750000000000003,0.10204080746882048,-0.15416666666666667,-0.008333333333333333,0.19375,16
1219,0.038541666666666655,0.10601997158554607,-0.16041666666666665,0.058333333333333334,0.18333333333333332,16
1220,0.06562499999999999,0.09362839335194569,-0.075,0.05,0.23958333333333331,16
1221,-0.03854166666666667,0.12257632967756141,-0.27499999999999997,-0.05,0.11041666666666666,16
1222,0.06145833333333333,0.10683560027496036,-0.11666666666666667,0.05,0.22083333333333333,16
1223,0.025,0.08498365855987976,-0.12916666666666665,0.03333333333333333,0.12708333333333333,16
1224,0.034375,0.10382757307457184,-0.1375,0.025,0.21041666666666667,16
1225,-0.020833333333333336,0.12025724741384843,-0.21041666666666667,-0.03333333333333334,0.17083333333333334,16
1226,0.030208333333333323,0.1082080605823799,-0.15416666666666667,0.025,0.2,16
1227,0.030208333333333334,0.1149001302460339,-0.19166666666666668,0.04166666666666667,0.20416666666666666,16
1228,-0.03541666666666667,0.1269124534209836,-0.33125000000000004,-0.025,0.16041666666666665,16
1229,0.035416666666666666,0.17764616438927755,-0.28958333333333336,0.04166666666666667,0.33541666666666664,16
1230,0.018750000000000003,0.08162307510066556,-0.13333333333333333,0.016666666666666666,0.1375,16
1231,0.046875,0.20709789938711487,-0.29375,0.008333333333333333,0.42083333333333334,16
1232,0.04687500000000001,0.1303332733908643,-0.15208333333333332,0.008333333333333333,0.32083333333333336,16
1233,-0.006250000000000002,0.10653556396287997,-0.2125,0.0,0.17291666666666666,16
1234,0.005208333333333336,0.16198837728368043,-0.26875,0.075,0.26458333333333334,16
1235,0.0031249999999999993,0.09740001105122001,-0.19583333333333333,0.0,0.18125,16
1236,0.014583333333333337,0.13487069424699594,-0.20625,-0.008333333333333333,0.24791666666666667,16
1237,0.07083333333333333,0.16878857583774245,-0.22916666666666666,0.06666666666666667,0.38125,16
1238,0.0875,0.09023503261544881,-0.07083333333333333,0.1,0.24583333333333332,16
1239,0.030208333333333334,0.10328270769268849,-0.15416666666666667,0.0,0.20208333333333334,16
1240,-0.051041666666666666,0.14795700740981033,-0.2875,-0.07500000000000001,0.19791666666666666,16
1241,0.011458333333333334,0.1136085429959678,-0.23333333333333334,0.04166666666666667,0.15833333333333333,16
1242,0.011458333333333334,0.16358810381055627,-0.27708333333333335,0.008333333333333333,0.28125,16
1243,0.034374999999999996,0.1186540182280679,-0.22083333333333333,0.04166666666666667,0.18333333333333332,16
1244,0.015624999999999998,0.1147867512559219,-0.16875,0.016666666666666666,0.21875,16
1245,0.02604166666666667,0.14190772994958537,-0.24791666666666665,0.016666666666666666,0.2895833333333333,16
1246,0.007291666666666665,0.10589708545721802,-0.15,0.008333333333333333,0.19791666666666666,16
1247,0.036458333333333336,0.12804875780342423,-0.15,0.0,0.25,16
1248,-2.6020852139652106e-18,0.1044163673845139,-0.2,0.008333333333333333,0.20833333333333334,16
1249,0.03854166666666667,0.13039985914060218,-0.18333333333333332,0.06666666666666667,0.24166666666666667,16
1250,-0.014583333333333334,0.14623456708696173,-0.2604166666666667,0.016666666666666666,0.18541666666666667,16
1251,0.011458333333333333,0.10651009830840767,-0.20625,0.0,0.18541666666666667,16
1252,0.05208333333333333,0.12302255326203855,-0.17708333333333331,0.05,0.29375,16
1253,-0.008333333333333335,0.17209897023386153,-0.36458333333333337,0.025,0.21041666666666667,16
1254,0.07604166666666666,0.13806308315605426,-0.17083333333333334,0.06666666666666667,0.25,16
1255,0.06875,0.115150113378629,-0.15625,0.06666666666666667,0.2604166666666667,16
1256,0.05937500000000001,0.10556868978958149,-0.07708333333333334,0.025,0.23125,16
1257,-0.036458333333333336,0.10107387802713638,-0.15,-0.058333333333333334,0.15,16
1258,0.015625,0.12617073281646757,-0.21458333333333332,0.016666666666666666,0.22916666666666666,16
1259,0.010416666666666664,0.10863339853736408,-0.13333333333333333,0.0,0.21458333333333332,16
1260,0.05416666666666667,0.10146496384904934,-0.08750000000000001,0.04166666666666667,0.2875,16
1261,0.01041666666666667,0.11530078418351426,-0.18125,0.025,0.1875,16
1262,0.03333333333333333,0.09842509842514764,-0.11666666666666667,0.025,0.18125,16
1263,0.059375,0.1341082623914972,-0.1625,0.04166666666666667,0.29166666666666663,16
1264,0.03125,0.13905372163304366,-0.19791666666666666,0.01666666666666667,0.27291666666666664,16
1265,0.021875,0.0925560547122061,-0.16458333333333333,0.041666666666666664,0.14375,16
1266,0.0010416666666666664,0.10630615346201219,-0.18541666666666667,-0.008333333333333333,0.17083333333333334,16
1267,0.005208333333333336,0.12172355262597657,-0.18125,0.0,0.225,16
1268,0.0062500000000000056,0.1518262667583504,-0.26458333333333334,0.016666666666666666,0.26458333333333334,16
1269,0.035416666666666666,0.14347800354061244,-0.24791666666666667,0.058333333333333334,0.23125,16
1270,-0.021875000000000006,0.12043306549236754,-0.2125,-0.04166666666666667,0.22291666666666665,16
1271,0.05520833333333333,0.12143796284294481,-0.12083333333333333,0.05,0.22083333333333333,16
1272,-0.034374999999999996,0.10565088440235604,-0.22708333333333333,-0.03333333333333333,0.15208333333333332,16
1273,0.007291666666666667,0.12032490015463226,-0.21041666666666667,0.008333333333333333,0.22083333333333333,16
1274,0.028124999999999997,0.11253375265275353,-0.17916666666666667,0.03333333333333333,0.19375,16
1275,0.036458333333333336,0.0972216021805625,-0.15833333333333333,0.05,0.17083333333333334,16
1276,0.018750000000000003,0.12786643965047628,-0.19375,0.049999999999999996,0.21041666666666667,16
1277,0.059375,0.1284210671428606,-0.19375,0.075,0.2375,16
1278,-0.01979166666666667,0.12764136362611192,-0.24166666666666667,-0.016666666666666666,0.21875,16
1279,0.036458333333333336,0.11383753500054365,-0.14166666666666666,0.03333333333333333,0.21041666666666667,16
1280,-0.019791666666666666,0.13046641090717565,-0.2604166666666667,-0.025,0.18541666666666667,16
1281,0.004166666666666666,0.10483121354507603,-0.16458333333333333,0.0,0.16041666666666665,16
1282,0.046875,0.11322586050064319,-0.2,0.06666666666666667,0.19791666666666666,16
1283,0.010416666666666664,0.10555327117411167,-0.13125,-0.016666666666666666,0.20416666666666666,16
1284,0.03125,0.12732217992164602,-0.16041666666666665,0.05,0.23125,16
1285,0.01145833333333333,0.13039985914060218,-0.20625,-0.016666666666666666,0.23958333333333331,16
1286,0.0072916666666666685,0.12275324588376471,-0.15416666666666667,-0.016666666666666666,0.20416666666666666,16
1287,-0.03229166666666667,0.10382757307457184,-0.21041666666666667,-0.03333333333333334,0.17291666666666666,16
1288,0.04270833333333333,0.12118751969800998,-0.14375,0.04166666666666667,0.24166666666666667,16
1289,0.005208333333333336,0.09441316373319512,-0.16458333333333333,0.0,0.1375,16
1290,0.021875,0.15631595830063047,-0.21666666666666667,0.03333333333333333,0.2625,16
1291,0.009375000000000001,0.0946427401541655,-0.12083333333333333,-0.008333333333333333,0.1875,16
1292,-0.03958333333333333,0.08393015449368202,-0.17083333333333334,-0.03333333333333333,0.10833333333333334,16
1293,0.0031250000000000062,0.12736904358551526,-0.21875,-0.008333333333333333,0.23333333333333334,16
1294,0.020833333333333336,0.16940459458546767,-0.28541666666666665,0.025,0.3375,16
1295,0.00625,0.13942777401460107,-0.2791666666666667,0.03333333333333333,0.20416666666666666,16
1296,0.025,0.1030776406404415,-0.14375,0.04166666666666667,0.17500000000000002,16
1297,0.05416666666666667,0.13610402475884228,-0.15833333333333333,0.058333333333333334,0.31875,16
1298,0.017708333333333333,0.08609360821222445,-0.11458333333333333,0.0,0.14375,16
1299,-0.014583333333333337,0.06288078446994405,-0.1375,0.0,0.06666666666666667,16
1300,-0.01875,0.12358574958303244,-0.24375,-0.03333333333333333,0.18958333333333333,16
1301,-0.02395833333333333,0.12261173334056483,-0.275,0.008333333333333333,0.1375,16
1302,-0.021875,0.11898277623953252,-0.16041666666666665,-0.016666666666666666,0.23541666666666666,16
1303,-0.008333333333333333,0.09842509842514764,-0.19375,0.0,0.14166666666666666,16
1304,-0.00625,0.09183223683555912,-0.16041666666666665,0.0,0.15,16
1305,-0.0041666666666666675,0.10248644896874036,-0.19583333333333333,0.0,0.16041666666666665,16
1306,-0.02291666666666666,0.15148283272737909,-0.2895833333333333,0.0,0.2,16
1307,-0.028125,0.12482192176367811,-0.21458333333333332,-0.04166666666666667,0.23958333333333331,16
1308,-0.0031249999999999993,0.11580316603568698,-0.23541666666666666,0.016666666666666666,0.16041666666666665,16
1309,-0.01979166666666667,0.14804498542109873,-0.27708333333333335,-0.016666666666666666,0.21875,16
1310,0.0031249999999999993,0.0998642742119968,-0.16458333333333333,0.0,0.15416666666666667,16
1311,0.015625,0.13326414220345328,-0.18333333333333332,0.016666666666666666,0.30416666666666664,16
1312,0.028125000000000004,0.14442399361101865,-0.17708333333333331,0.008333333333333333,0.35625,16
1313,0.013541666666666667,0.06646290475395529,-0.10416666666666667,0.025,0.11458333333333333,16
1314,0.01770833333333334,0.12875859599136152,-0.23958333333333331,0.05,0.21875,16
1315,-0.017708333333333322,0.13195495206698382,-0.2708333333333333,-0.016666666666666666,0.22708333333333333,16
1316,-0.017708333333333333,0.12140221688210182,-0.2520833333333333,-0.008333333333333333,0.16041666666666665,16
1317,-0.028125,0.11098028322134022,-0.2,-0.016666666666666666,0.16666666666666666,16
1318,0.003124999999999996,0.13568483063293732,-0.18125,-0.016666666666666666,0.3104166666666667,16
1319,-0.027083333333333334,0.11900557293206435,-0.225,0.008333333333333333,0.16458333333333333,16
1320,0.002083333333333333,0.16349853465194522,-0.21041666666666667,-0.025,0.30833333333333335,16
1321,-0.020833333333333336,0.08364524958285303,-0.19583333333333333,0.0,0.06666666666666667,16
1322,-0.0020833333333333363,0.12813770262234817,-0.18125,-0.025,0.24166666666666667,16
1323,-0.022916666666666665,0.1483561546114994,-0.3,-0.05,0.2125,16
1324,-0.003124999999999996,0.10038446060300148,-0.14375,-0.008333333333333335,0.14375,16
1325,0.027083333333333334,0.1313491688845676,-0.14375,-0.016666666666666666,0.24375,16
1326,0.04583333333333334,0.09868932735272509,-0.125,0.05,0.18125,16
1327,0.028125,0.11721874583444407,-0.20833333333333331,0.025,0.22083333333333333,16
1328,0.071875,0.1295985722550814,-0.11458333333333333,0.025,0.3208333333333333,16
1329,0.028125000000000004,0.1160278268228024,-0.15,0.05,0.22083333333333333,16
1330,-0.021875000000000002,0.07447006063214635,-0.14375,-0.025,0.11875,16
1331,-0.00625,0.11408984641744223,-0.21458333333333332,0.0,0.18125,16
1332,0.05416666666666667,0.1343063455107183,-0.13333333333333333,0.05,0.3125,16
1333,0.03229166666666667,0.06193319373414479,-0.05416666666666667,0.016666666666666666,0.15416666666666667,16
1334,-0.002083333333333333,0.1528519390710428,-0.25,0.05,0.20208333333333334,16
1335,0.014583333333333332,0.09928127131203213,-0.14375,0.0,0.18541666666666667,16
1336,0.012499999999999999,0.11851218877773242,-0.18541666666666667,0.0,0.21875,16
1337,0.015625000000000003,0.14475419179307614,-0.22916666666666666,0.03333333333333333,0.2375,16
1338,0.05,0.10172129679778087,-0.1,0.075,0.2,16
1339,0.07083333333333333,0.12589954108115106,-0.15,0.10833333333333334,0.29166666666666663,16
1340,0.08645833333333333,0.11307242486074529,-0.06666666666666667,0.08333333333333333,0.3125,16
1341,0.02395833333333333,0.09735543948451068,-0.13333333333333333,0.03333333333333333,0.19791666666666666,16
1342,0.02708333333333333,0.11605120397671212,-0.16875,0.025,0.19375,16
1343,0.024999999999999998,0.12801909579781015,-0.19583333333333333,0.008333333333333333,0.28541666666666665,16
1344,0.010416666666666666,0.11679680242008149,-0.20833333333333334,0.016666666666666666,0.19375,16
1345,0.005208333333333334,0.13549276707837787,-0.26041666666666663,0.0,0.2125,16
1346,-0.03958333333333333,0.12539866980510156,-0.2125,-0.058333333333333334,0.225,16
1347,0.057291666666666664,0.1006866615766182,-0.07708333333333334,0.04166666666666667,0.25416666666666665,16
1348,0.02708333333333333,0.14275014594271582,-0.23125,0.03333333333333333,0.27291666666666664,16
1349,0.03229166666666667,0.11203123789322729,-0.16041666666666665,0.04166666666666667,0.21041666666666667,16
1350,0.027083333333333334,0.11738987155817336,-0.15416666666666667,0.03333333333333333,0.24791666666666667,16
1351,0.03020833333333333,0.10852847008709025,-0.20208333333333334,0.06666666666666667,0.1875,16
1352,0.042708333333333334,0.08014066409549316,-0.08750000000000001,0.06666666666666667,0.14375,16
1353,0.06041666666666667,0.09480883544152295,-0.14583333333333331,0.06666666666666667,0.21875,16
1354,0.026041666666666664,0.12869116104284534,-0.19791666666666666,0.0,0.21458333333333332,16
1355,0.04895833333333333,0.09885959986825311,-0.1,0.05,0.23125,16
1356,0.024999999999999994,0.11960583412006104,-0.18125,0.008333333333333333,0.21666666666666667,16
1357,0.03854166666666667,0.12468275715011902,-0.11666666666666667,0.058333333333333334,0.24375,16
1358,0.013541666666666662,0.11876370534945992,-0.14375,0.008333333333333333,0.17708333333333331,16
1359,0.041666666666666664,0.10120798167909265,-0.11458333333333333,0.05,0.25416666666666665,16
1360,0.05729166666666667,0.10655084043414308,-0.11458333333333333,0.08333333333333333,0.21041666666666667,16
1361,0.03645833333333333,0.09523704891538332,-0.08125,0.0,0.24166666666666667,16
1362,0.040624999999999994,0.12760735540233475,-0.20208333333333334,0.04166666666666667,0.26666666666666666,16
1363,0.017708333333333333,0.11031343444678189,-0.17291666666666666,0.008333333333333331,0.1875,16
1364,0.040625,0.0918499587945229,-0.12083333333333333,0.058333333333333334,0.15,16
1365,0.06979166666666667,0.11353210968953037,-0.11041666666666666,0.08333333333333333,0.26666666666666666,16
1366,0.030208333333333334,0.10328270769268849,-0.12083333333333333,0.016666666666666666,0.22083333333333333,16
1367,0.042708333333333334,0.09894736781351095,-0.1,0.016666666666666666,0.19791666666666666,16
1368,0.06562499999999999,0.10920621897991381,-0.11041666666666666,0.058333333333333334,0.2375,16
1369,0.021875,0.09872780165406522,-0.14166666666666666,0.008333333333333333,0.1875,16
1370,0.05416666666666667,0.10841343192714739,-0.12083333333333333,0.05,0.225,16
1371,0.11562499999999999,0.1058150820876789,-0.06875,0.15833333333333333,0.24791666666666667,16
1372,0.03229166666666666,0.10416145820311849,-0.14791666666666667,0.025,0.21666666666666667,16
1373,0.037500000000000006,0.13482241406136197,-0.17083333333333334,0.008333333333333333,0.25,16
1374,0.053125000000000006,0.12021663749479751,-0.15833333333333333,0.058333333333333334,0.26458333333333334,16
1375,0.05416666666666667,0.10582020916000245,-0.125,0.058333333333333334,0.24166666666666667,16
1376,0.028124999999999997,0.11956500295051037,-0.15833333333333333,0.03333333333333333,0.20416666666666666,16
1377,-0.008333333333333333,0.08838834764831845,-0.20208333333333334,0.0,0.12916666666666665,16
1378,0.014583333333333337,0.10927078368286129,-0.11458333333333333,-0.016666666666666666,0.22708333333333333,16
1379,0.05208333333333333,0.10637247842683119,-0.13958333333333334,0.04166666666666667,0.2583333333333333,16
1380,0.04791666666666666,0.08372304707254216,-0.11041666666666666,0.058333333333333334,0.16666666666666666,16
1381,0.06874999999999999,0.10831329942963298,-0.07708333333333334,0.025,0.28125,16
1382,0.014583333333333335,0.10767024632852125,-0.13125,0.016666666666666666,0.20416666666666666,16
1383,0.029166666666666667,0.13195906351760928,-0.21458333333333332,0.03333333333333333,0.22708333333333333,16
1384,0.03229166666666666,0.13648218621042738,-0.24166666666666667,0.041666666666666664,0.20416666666666666,16
1385,0.053125,0.11832434678318181,-0.12083333333333333,0.041666666666666664,0.23125,16
1386,-0.007291666666666668,0.12415950063213939,-0.19166666666666668,-0.04166666666666667,0.23333333333333334,16
1387,0.03229166666666667,0.0939985132122371,-0.12291666666666666,0.025,0.22291666666666665,16
1388,0.078125,0.17126153144468192,-0.14791666666666667,0.016666666666666666,0.42083333333333334,16
1389,0.02395833333333333,0.12289459547605103,-0.20208333333333334,0.03333333333333333,0.26458333333333334,16
1390,0.03854166666666666,0.08513036367503926,-0.1,0.04166666666666667,0.16666666666666666,16
1391,0.029166666666666667,0.13076962355396013,-0.17083333333333334,0.04166666666666667,0.275,16
1392,0.03854166666666667,0.08222571196610787,-0.06041666666666667,0.025,0.20833333333333334,16
1393,0.075,0.1440968038815882,-0.19375,0.10833333333333334,0.26458333333333334,16
1394,0.030208333333333337,0.08882308219463877,-0.11249999999999999,0.03333333333333333,0.19583333333333333,16
1395,0.05312499999999999,0.08624471602171734,-0.10416666666666667,0.04166666666666667,0.22291666666666665,16
1396,0.084375,0.10808766214667302,-0.03333333333333333,0.04166666666666667,0.3145833333333333,16
1397,0.056249999999999994,0.12526014596297844,-0.15,0.025,0.2875,16
1398,0.037500000000000006,0.09213893494789992,-0.11041666666666666,0.05,0.19166666666666668,16
1399,-0.03333333333333334,0.13307266185559427,-0.27708333333333335,0.0,0.17500000000000002,16
1400,-0.014583333333333335,0.09608210464666837,-0.15208333333333332,-0.025,0.2125,16
1401,0.06041666666666667,0.11131708339493787,-0.11666666666666667,0.058333333333333334,0.22083333333333333,16
1402,-0.0020833333333333346,0.14859001667526509,-0.28541666666666665,0.075,0.15833333333333333,16
1403,0.059375,0.09982080298381361,-0.043750000000000004,0.03333333333333333,0.26875,16
1404,0.084375,0.0917554021267655,-0.09166666666666667,0.075,0.24375,16
1405,0.07395833333333333,0.09841958611249874,-0.07916666666666666,0.058333333333333334,0.2791666666666667,16
1406,0.05104166666666666,0.12366913042244797,-0.15208333333333332,0.05,0.2604166666666667,16
1407,0.03125,0.0754327791259653,-0.15416666666666667,0.05,0.11041666666666666,16
1408,0.07604166666666667,0.0920387807001906,-0.03333333333333333,0.075,0.27291666666666664,16
1409,0.035416666666666666,0.10538866558284782,-0.14791666666666667,0.03333333333333333,0.23333333333333334,16
1410,0.019791666666666666,0.12723266499475153,-0.18541666666666667,-0.025,0.25,16
1411,0.025,0.11960583412006104,-0.17083333333333334,0.008333333333333333,0.23333333333333334,16
1412,0.06666666666666667,0.1227576655221353,-0.15625,0.06666666666666667,0.275,16
1413,0.07395833333333333,0.147663368802527,-0.14166666666666666,0.06666666666666667,0.3,16
1414,0.06458333333333333,0.14480290723754285,-0.11458333333333333,0.016666666666666666,0.32708333333333334,16
1415,0.071875,0.08614400693348061,-0.05416666666666667,0.06666666666666667,0.21458333333333332,16
1416,-0.005208333333333336,0.11482455669169572,-0.20625,-0.016666666666666666,0.17708333333333331,16
1417,0.0031250000000000028,0.0928369893804308,-0.15416666666666667,0.0,0.19166666666666665,16
1418,0.014583333333333334,0.09407351587396363,-0.15208333333333332,0.008333333333333333,0.16875,16
1419,0.05520833333333334,0.08073420683191096,-0.11041666666666666,0.058333333333333334,0.16041666666666665,16
1420,0.04583333333333333,0.1318274334963031,-0.18541666666666667,0.03333333333333333,0.26458333333333334,16
1421,0.046875,0.10294597254817155,-0.1375,0.03333333333333333,0.1875,16
1422,-0.003125000000000002,0.07388494010960556,-0.12708333333333333,0.025,0.08333333333333333,16
1423,0.04583333333333334,0.12451293997903279,-0.16041666666666665,0.05,0.23541666666666666,16
1424,0.012499999999999999,0.136613302589625,-0.23125,0.016666666666666666,0.26875,16
1425,-0.011458333333333334,0.11467326016653676,-0.16875,-0.05,0.21666666666666667,16
1426,0.08541666666666667,0.14800466865759487,-0.15416666666666667,0.1,0.27708333333333335,16
1427,0.02395833333333333,0.12568820963665076,-0.16041666666666665,0.025,0.29166666666666663,16
1428,4.336808689942018e-19,0.10137937550497032,-0.21041666666666667,0.016666666666666666,0.15416666666666667,16
1429,0.03333333333333334,0.11651776211757969,-0.20208333333333334,0.05,0.20416666666666666,16
1430,-0.018750000000000003,0.1245652160739729,-0.21458333333333332,-0.016666666666666666,0.16041666666666665,16
1431,-0.013541666666666667,0.1394705701234334,-0.2625,0.041666666666666664,0.15416666666666667,16
1432,0.041666666666666664,0.15286613606536784,-0.1875,0.016666666666666666,0.2604166666666667,16
1433,0.015625000000000003,0.10824816363595068,-0.11458333333333333,0.0,0.24375,16
1434,-0.002083333333333333,0.11738987155817339,-0.22708333333333333,-0.008333333333333333,0.17708333333333331,16
1435,0.02291666666666667,0.04672429477501209,-0.03333333333333333,0.016666666666666666,0.11041666666666666,16
1436,0.08958333333333333,0.10305658505026363,-0.09583333333333333,0.125,0.24791666666666667,16
1437,0.057291666666666664,0.10340870067358936,-0.07083333333333333,0.058333333333333334,0.2604166666666667,16
1438,0.040625,0.13565283892471006,-0.12708333333333333,0.016666666666666666,0.27708333333333335,16
1439,0.00104166666666667,0.11732977474480494,-0.17708333333333331,0.0,0.1875,16
1440,0.0625,0.1267242193812129,-0.16041666666666665,0.016666666666666666,0.24791666666666667,16
1441,-0.007291666666666665,0.0855879887568603,-0.1375,0.0,0.11041666666666666,16
1442,0.0375,0.10793194872490515,-0.09375,0.0,0.23125,16
1443,0.06875,0.09553849573165084,-0.09583333333333333,0.08333333333333333,0.19375,16
1444,0.07916666666666666,0.13129959380490608,-0.10416666666666667,0.08333333333333334,0.3104166666666667,16
1445,-0.0031249999999999993,0.10948407259861033,-0.22499999999999998,0.0,0.18541666666666667,16
1446,-0.007291666666666663,0.10589708545721802,-0.26875,0.03333333333333333,0.1,16
1447,0.03958333333333333,0.11590150871417602,-0.16875,0.041666666666666664,0.2583333333333333,16
1448,0.05729166666666666,0.09482600110787712,-0.11666666666666667,0.06666666666666667,0.20416666666666666,16
1449,0.10729166666666667,0.1147111030056715,-0.07083333333333333,0.11666666666666667,0.2875,16
1450,-0.019791666666666666,0.11168201853426937,-0.16666666666666666,-0.058333333333333334,0.19375,16
1451,0.07187500000000001,0.1458593726752663,-0.17708333333333331,0.04166666666666667,0.33541666666666664,16
1452,0.04583333333333334,0.12339244079134039,-0.15416666666666667,0.05,0.24791666666666667,16
1453,0.0875,0.13623152270226513,-0.12708333333333333,0.09166666666666667,0.33958333333333335,16
1454,0.09791666666666667,0.07990337046152128,-0.016666666666666666,0.1,0.22708333333333333,16
1455,0.01145833333333333,0.13342688775130745,-0.26458333333333334,0.008333333333333333,0.20416666666666666,16
1456,0.04791666666666666,0.12553704079319025,-0.16041666666666665,0.06666666666666667,0.24166666666666667,16
1457,0.016666666666666666,0.08477912478906587,-0.10416666666666667,-0.008333333333333333,0.17500000000000002,16
1458,0.027083333333333334,0.1317450979480198,-0.2125,0.016666666666666666,0.21666666666666667,16
1459,0.11145833333333334,0.10972167281859638,-0.07916666666666666,0.125,0.3125,16
1460,0.08854166666666666,0.11253375265275352,-0.12291666666666666,0.1,0.28125,16
1461,0.019791666666666666,0.1010738780271364,-0.18958333333333333,0.04166666666666667,0.15416666666666667,16
1462,0.11041666666666666,0.10084280258567457,-0.043750000000000004,0.08333333333333333,0.28541666666666665,16
1463,0.09270833333333334,0.10103092726432282,-0.08333333333333333,0.1,0.24375,16
1464,0.08645833333333333,0.13996759917725404,-0.17708333333333331,0.1,0.32291666666666663,16
1465,0.12916666666666665,0.13888194427082465,-0.10208333333333333,0.10833333333333334,0.39375,16
1466,0.052083333333333336,0.09945598551900009,-0.09166666666666667,0.03333333333333333,0.23958333333333331,16
1467,0.058333333333333334,0.14648663192705788,-0.17083333333333334,0.016666666666666666,0.3145833333333333,16
1468,0.019791666666666666,0.10277719125208018,-0.14166666666666666,-0.008333333333333333,0.21041666666666667,16
1469,0.05416666666666666,0.11000315652036737,-0.13958333333333334,0.05,0.2583333333333333,16
1470,0.06145833333333334,0.16736507314351262,-0.23958333333333331,0.08333333333333333,0.32708333333333334,16
1471,0.08229166666666668,0.06958925872974618,-0.027083333333333334,0.09166666666666667,0.1875,16
1472,0.103125,0.0731766199570145,-0.02291666666666667,0.08333333333333333,0.24791666666666667,16
1473,0.058333333333333334,0.11621938067484462,-0.17708333333333331,0.06666666666666667,0.24791666666666667,16
1474,0.033333333333333326,0.09574271077563382,-0.08750000000000001,0.025,0.21875,16
1475,-0.03020833333333333,0.11291878073051739,-0.20416666666666666,-0.04166666666666667,0.14375,16
1476,0.018750000000000003,0.12160315122927073,-0.14375,-0.025,0.23125,16
1477,0.07708333333333334,0.07725206757391315,-0.027083333333333334,0.058333333333333334,0.22083333333333333,16
1478,0.034375,0.1337842310816604,-0.24375,0.06666666666666667,0.22916666666666666,16
1479,0.013541666666666669,0.09302380780985287,-0.12708333333333333,0.016666666666666666,0.18541666666666667,16
1480,0.08541666666666667,0.1320083909370074,-0.11041666666666666,0.09166666666666667,0.3125,16
1481,0.06770833333333334,0.12699365004903898,-0.16875,0.075,0.31875,16
1482,0.057291666666666664,0.07021018790824528,-0.03333333333333333,0.058333333333333334,0.1875,16
1483,0.05416666666666667,0.1188048119115271,-0.12083333333333333,0.06666666666666667,0.2625,16
1484,0.021875,0.06527685430788874,-0.12291666666666666,0.03333333333333333,0.10416666666666667,16
1485,0.084375,0.11909216056623263,-0.1375,0.1,0.2791666666666667,16
1486,0.06145833333333333,0.08306597737474845,-0.06666666666666667,0.075,0.1875,16
1487,0.07708333333333334,0.10339295994731297,-0.11458333333333333,0.11666666666666667,0.2,16
1488,0.1,0.09574271077563382,-0.06875,0.08333333333333333,0.25416666666666665,16
1489,0.044791666666666674,0.10667297344636499,-0.11041666666666666,0.05,0.21666666666666667,16
1490,0.03333333333333333,0.12076147288491199,-0.16458333333333333,0.025,0.2375,16
1491,0.1,0.12610621625351298,-0.11666666666666667,0.125,0.3208333333333333,16
1492,0.026041666666666668,0.1353966331335048,-0.24166666666666664,0.04166666666666667,0.22083333333333333,16
1493,0.05416666666666667,0.10180659769058847,-0.11041666666666666,0.05,0.2,16
1494,0.026041666666666668,0.1147111030056715,-0.1375,-0.008333333333333338,0.24375,16
1495,0.040624999999999994,0.08838220935547807,-0.06666666666666667,0.03333333333333333,0.20416666666666666,16
1496,0.04166666666666667,0.09947780321927768,-0.11041666666666666,0.03333333333333333,0.22083333333333333,16
1497,0.05208333333333333,0.09857931803600817,-0.11041666666666666,0.05,0.2,16
1498,0.12083333333333332,0.10366546087187274,-0.11041666666666666,0.14166666666666666,0.25416666666666665,16
1499,0.06770833333333334,0.07155726873164832,-0.06041666666666667,0.08333333333333334,0.16041666666666665,16
1500,0.042708333333333334,0.09663949869661645,-0.15416666666666667,0.06666666666666667,0.17083333333333334,16
1501,0.07187500000000001,0.167779488010967,-0.25416666666666665,0.10833333333333334,0.29375,16
1502,0.026041666666666664,0.14577007556613106,-0.16041666666666665,0.008333333333333333,0.26875,16
1503,0.09687499999999999,0.08724541336240993,-0.020833333333333332,0.075,0.2708333333333333,16
1504,0.1489583333333333,0.1387529716898985,-0.12708333333333333,0.14166666666666666,0.36666666666666664,16
1505,0.04791666666666667,0.10911178645977916,-0.11458333333333333,0.04166666666666667,0.22083333333333333,16
1506,0.07604166666666667,0.1055686897895815,-0.09375,0.08333333333333334,0.24166666666666667,16
1507,0.078125,0.1283872654532199,-0.17916666666666667,0.1,0.29166666666666663,16
1508,0.09270833333333334,0.10391114493482721,-0.06041666666666667,0.08333333333333334,0.2604166666666667,16
1509,0.09687499999999999,0.11595298825865209,-0.10625,0.09166666666666667,0.29583333333333334,16
1510,0.08541666666666667,0.08330728759638419,-0.05,0.06666666666666667,0.23333333333333334,16
1511,0.036458333333333336,0.11322586050064318,-0.18958333333333333,0.04166666666666667,0.225,16
1512,0.017708333333333333,0.10920621897991382,-0.17500000000000002,0.025,0.21875,16
1513,0.08437499999999999,0.14618632873266,-0.14375,0.08333333333333334,0.3541666666666667,16
1514,0.03229166666666667,0.09762256363441577,-0.14791666666666667,0.04166666666666667,0.20208333333333334,16
1515,0.04583333333333334,0.10565601944254972,-0.1375,0.025,0.21666666666666667,16
1516,0.06770833333333334,0.16377372071618274,-0.2,0.11666666666666667,0.2708333333333333,16
1517,0.071875,0.09623444138318325,-0.11875,0.08333333333333334,0.23541666666666666,16
1518,0.08229166666666668,0.16099395584755488,-0.23125,0.10833333333333334,0.3375,16
1519,0.07500000000000001,0.0982485510212633,-0.12916666666666665,0.08333333333333333,0.23125,16
1520,0.0875,0.13103487661263657,-0.1875,0.11666666666666667,0.2583333333333333,16
1521,0.08854166666666666,0.11810405458041368,-0.043750000000000004,0.06666666666666667,0.32708333333333334,16
1522,0.14166666666666666,0.13680379299485002,-0.09166666666666667,0.11666666666666667,0.3416666666666667,16
1523,0.026041666666666664,0.12289459547605104,-0.18125,0.01666666666666667,0.23958333333333331,16
1524,0.05416666666666666,0.14451787663353854,-0.22708333333333333,0.06666666666666667,0.25416666666666665,16
1525,0.06458333333333333,0.08816709987291177,-0.07708333333333334,0.058333333333333334,0.21875,16
1526,0.06874999999999999,0.12470451185814321,-0.11041666666666666,0.08333333333333334,0.30208333333333337,16
1527,0.020833333333333332,0.11418491338370601,-0.1375,0.016666666666666666,0.24583333333333332,16
1528,0.08124999999999999,0.10847346705787345,-0.13125,0.09166666666666667,0.2520833333333333,16
1529,0.09583333333333333,0.09583333333333333,-0.08541666666666667,0.10833333333333334,0.24791666666666667,16
1530,0.08645833333333333,0.16075113940325414,-0.19166666666666668,0.125,0.3416666666666667,16
1531,0.05,0.07095577652469334,-0.03333333333333333,0.03333333333333333,0.20208333333333334,16
1532,0.10833333333333332,0.09628516673576118,-0.08333333333333333,0.10833333333333334,0.27291666666666664,16
1533,0.04375,0.09069082858199548,-0.14583333333333331,0.058333333333333334,0.16041666666666665,16
1534,0.07708333333333334,0.1296195019191857,-0.20208333333333334,0.09166666666666667,0.2375,16
1535,0.07708333333333334,0.13305635293196472,-0.07083333333333333,0.025,0.33958333333333335,16
1536,0.09895833333333333,0.14463420694788784,-0.08333333333333333,0.1,0.3416666666666667,16
1537,0.06041666666666666,0.08717698313711532,-0.08125,0.058333333333333334,0.21458333333333332,16
1538,0.15,0.13424169744655842,-0.04791666666666666,0.13333333333333333,0.3770833333333333,16
1539,0.065625,0.12753931175001168,-0.15416666666666667,0.058333333333333334,0.28541666666666665,16
1540,0.03125,0.11738987155817339,-0.17083333333333334,0.016666666666666666,0.22083333333333333,16
1541,0.07916666666666666,0.11125858269015573,-0.13125,0.10833333333333334,0.23541666666666666,16
1542,0.08020833333333334,0.10528050329951887,-0.11041666666666666,0.1,0.21666666666666667,16
1543,0.056249999999999994,0.0637036868809194,-0.0625,0.06666666666666667,0.17500000000000002,16
1544,0.006249999999999999,0.14042037581649056,-0.20416666666666666,-0.025,0.29375,16
1545,0.03749999999999999,0.1371206889325361,-0.21666666666666667,0.1,0.17708333333333331,16
1546,0.04583333333333334,0.10146496384904934,-0.12708333333333333,0.06666666666666667,0.21041666666666667,16
1547,-0.011458333333333334,0.11222477908940907,-0.15,-0.016666666666666666,0.20416666666666666,16
1548,-0.03333333333333333,0.1241638702145945,-0.26041666666666663,-0.05,0.17500000000000002,16
1549,0.0020833333333333363,0.14042037581649056,-0.19375,-0.008333333333333333,0.2520833333333333,16
1550,0.026041666666666668,0.13293805339956904,-0.23541666666666666,0.0,0.21041666666666667,16
1551,0.036458333333333336,0.08502833473809383,-0.12083333333333333,0.058333333333333334,0.14375,16
1552,0.005208333333333332,0.10047089649080805,-0.15416666666666667,0.016666666666666666,0.15,16
1553,0.02604166666666667,0.09806615362147691,-0.12708333333333333,0.041666666666666664,0.16875,16
1554,-0.008333333333333331,0.13514395616855712,-0.2583333333333333,0.008333333333333333,0.16041666666666665,16
1555,0.07187500000000001,0.1262051281644292,-0.17708333333333331,0.1,0.22083333333333333,16
1556,-0.015625000000000003,0.11047070218689961,-0.17500000000000002,-0.03333333333333334,0.18125,16
1557,0.04895833333333333,0.11031343444678188,-0.13958333333333334,0.025,0.23958333333333331,16
1558,0.040624999999999994,0.1141041115117632,-0.15416666666666667,0.058333333333333334,0.17708333333333331,16
1559,0.043750000000000004,0.08454843286542926,-0.08333333333333333,0.058333333333333334,0.18125,16
1560,0.01354166666666667,0.10610181660137169,-0.17708333333333331,0.06666666666666667,0.1375,16
1561,0.04791666666666666,0.07946762967816938,-0.07916666666666666,0.058333333333333334,0.19375,16
1562,0.03229166666666666,0.10515675303247686,-0.14791666666666667,0.025,0.20833333333333334,16
1563,0.04479166666666667,0.11692215329250294,-0.15625,0.058333333333333334,0.21458333333333332,16
1564,0.025,0.10865337342004415,-0.1375,0.016666666666666666,0.22291666666666665,16
1565,0.010416666666666666,0.10305658505026365,-0.13125,-0.008333333333333335,0.19375,16
1566,0.027083333333333334,0.09608210464666837,-0.11458333333333333,0.03333333333333333,0.22708333333333333,16
1567,0.034375,0.10548643113110699,-0.125,0.03333333333333333,0.225,16
1568,0.08125,0.16114553032723075,-0.22916666666666666,0.13333333333333333,0.29791666666666666,16
1569,0.096875,0.11876370534945992,-0.15833333333333333,0.1,0.2604166666666667,16
1570,0.025,0.09223309842157773,-0.16041666666666665,0.016666666666666666,0.17500000000000002,16
1571,0.037500000000000006,0.10921118685067631,-0.13541666666666666,0.016666666666666666,0.2,16
1572,0.0010416666666666647,0.09381363580998707,-0.14791666666666667,0.03333333333333333,0.15,16
1573,0.042708333333333334,0.10103092726432282,-0.11041666666666666,0.025,0.22708333333333333,16
1574,0.07083333333333333,0.10008676791220263,-0.06041666666666667,0.04166666666666667,0.2583333333333333,16
1575,0.06875,0.13867866033868848,-0.14166666666666666,0.058333333333333334,0.3145833333333333,16
1576,0.04583333333333333,0.08630131323836657,-0.11458333333333333,0.058333333333333334,0.18333333333333332,16
1577,-0.020833333333333332,0.08630131323836658,-0.15,-0.025,0.11041666666666666,16
1578,-0.02395833333333333,0.11858083711357224,-0.2520833333333333,-0.025,0.2,16
1579,0.03854166666666667,0.10269269657845954,-0.12708333333333333,0.008333333333333333,0.20416666666666666,16
1580,0.08541666666666667,0.10522380249311991,-0.125,0.1,0.2520833333333333,16
1581,-0.03333333333333334,0.10189182717197905,-0.18541666666666667,-0.04166666666666667,0.14375,16
1582,0.028124999999999997,0.10924595562053749,-0.18541666666666667,0.04166666666666667,0.21666666666666667,16
1583,0.03958333333333333,0.12827311899051788,-0.17083333333333334,0.025,0.23333333333333334,16
1584,0.034375,0.1110975469151122,-0.15208333333333332,0.008333333333333333,0.21666666666666667,16
1585,0.06458333333333333,0.11178398687746927,-0.13125,0.08333333333333333,0.24166666666666667,16
1586,-0.008333333333333335,0.13705736836165439,-0.21458333333333332,-0.016666666666666666,0.23541666666666666,16
1587,0.034375,0.12753931175001168,-0.19375,0.06666666666666667,0.19375,16
1588,0.002083333333333331,0.11871344466590313,-0.2375,0.016666666666666666,0.16666666666666666,16
1589,-0.017708333333333333,0.08467026526145081,-0.1375,-0.025,0.13333333333333333,16
1590,0.06770833333333333,0.14294384459756682,-0.2625,0.08333333333333334,0.23333333333333334,16
1591,0.04375,0.15148283272737909,-0.23333333333333334,0.008333333333333333,0.29166666666666663,16
1592,0.025,0.1136515141415488,-0.17291666666666666,0.03333333333333333,0.21458333333333332,16
1593,0.034374999999999996,0.1018012684787812,-0.16458333333333333,0.06666666666666667,0.17083333333333334,16
1594,0.0072916666666666685,0.11814079847321539,-0.13333333333333333,0.0,0.25416666666666665,16
1595,0.11979166666666667,0.08105612553108563,-0.010416666666666666,0.13333333333333333,0.25,16
1596,0.015625,0.09118600305297836,-0.12291666666666666,0.0,0.1875,16
1597,0.04583333333333333,0.10197698542100347,-0.12083333333333333,0.04166666666666667,0.2,16
1598,-0.0020833333333333294,0.13551278639957848,-0.19166666666666668,-0.025,0.23333333333333334,16
1599,0.017708333333333333,0.16970856862247377,-0.16041666666666665,-0.06666666666666667,0.3729166666666667,16
1600,-0.003124999999999996,0.12007213543671709,-0.20416666666666666,-0.016666666666666666,0.21458333333333332,16
1601,0.026041666666666668,0.10085894130748481,-0.17083333333333334,0.058333333333333334,0.13333333333333333,16
1602,0.05729166666666667,0.11974636824694657,-0.13125,0.04166666666666667,0.2375,16
1603,0.06354166666666666,0.10900731849793899,-0.11041666666666666,0.075,0.28541666666666665,16
1604,0.07187500000000001,0.13238185901860655,-0.18333333333333332,0.07500000000000001,0.24375,16
1605,0.03229166666666666,0.12808264882705836,-0.2520833333333333,0.05,0.21875,16
1606,0.00104166666666667,0.09797759629119301,-0.18333333333333332,0.04166666666666667,0.13125,16
1607,0.020833333333333332,0.11821884132592589,-0.18541666666666667,0.016666666666666666,0.225,16
1608,0.02395833333333334,0.1333292642608266,-0.16875,-0.008333333333333335,0.2375,16
1609,0.04375,0.1320083909370074,-0.11875,0.008333333333333333,0.35625,16
1610,0.001041666666666663,0.11613999424784249,-0.11666666666666667,-0.05,0.24166666666666667,16
1611,0.06145833333333333,0.10029795022553772,-0.05,0.05,0.25416666666666665,16
1612,0.035416666666666666,0.09644280832585589,-0.08333333333333333,0.025,0.19375,16
1613,0.09583333333333335,0.11703809920990116,-0.08541666666666667,0.06666666666666667,0.35000000000000003,16
1614,0.018750000000000003,0.11271199162269983,-0.15208333333333332,-0.016666666666666666,0.22708333333333333,16
1615,0.053125,0.12804875780342423,-0.16458333333333333,0.05,0.3,16
1616,0.024999999999999998,0.10424996669330669,-0.16458333333333333,0.016666666666666666,0.18333333333333332,16
1617,0.05208333333333333,0.12088720063670008,-0.11666666666666667,0.04166666666666667,0.2708333333333333,16
1618,0.08229166666666667,0.09903505797611942,-0.10416666666666667,0.08333333333333333,0.2583333333333333,16
1619,-0.00625,0.12988710375638615,-0.24791666666666667,0.04166666666666667,0.15416666666666667,16
1620,0.07083333333333335,0.14135996211406143,-0.14166666666666666,0.075,0.33125000000000004,16
1621,-0.010416666666666668,0.114848178769481,-0.17708333333333331,0.016666666666666666,0.18541666666666667,16
1622,0.06041666666666667,0.10750888206200557,-0.125,0.05,0.25416666666666665,16
1623,0.009374999999999998,0.1320207199121074,-0.23125,0.008333333333333333,0.26666666666666666,16
1624,0.065625,0.1257572548713504,-0.14375,0.06666666666666667,0.24375,16
1625,0.010416666666666666,0.0987552741207611,-0.12083333333333333,-0.016666666666666666,0.23125,16
1626,0.025,0.1299038105676658,-0.20625,0.0,0.24583333333333332,16
1627,0.017708333333333333,0.09654963281764578,-0.15,0.041666666666666664,0.1375,16
1628,0.011458333333333333,0.15203695068962675,-0.2,-0.016666666666666666,0.33749999999999997,16
1629,0.071875,0.06889977372564038,-0.05416666666666667,0.06666666666666667,0.18125,16
1630,0.05416666666666666,0.13090231727004173,-0.16666666666666666,0.05,0.3020833333333333,16
1631,-0.003125,0.08084165549943227,-0.1,0.0,0.1625,16
1632,-0.018749999999999996,0.09351823203109767,-0.15416666666666667,-0.016666666666666666,0.13333333333333333,16
1633,0.028125,0.10235402037101968,-0.15416666666666667,0.04166666666666667,0.18125,16
1634,0.015625000000000003,0.1476045709827443,-0.3,0.075,0.16666666666666666,16
1635,0.053125,0.10260813232607074,-0.14166666666666666,0.06666666666666667,0.17708333333333331,16
1636,0.07916666666666666,0.09619496983845996,-0.1,0.125,0.20833333333333334,16
1637,0.11562499999999999,0.08788975694015772,-0.06458333333333333,0.125,0.22708333333333333,16
1638,0.06145833333333334,0.09587295376637194,-0.06041666666666667,0.05,0.26041666666666663,16
1639,-0.005208333333333336,0.16316304366934456,-0.28541666666666665,0.008333333333333331,0.225,16
1640,0.03958333333333333,0.10815289460347842,-0.12708333333333333,0.03333333333333333,0.24166666666666667,16
1641,0.009374999999999998,0.12046909902312893,-0.17500000000000002,-0.016666666666666666,0.23333333333333334,16
1642,0.0020833333333333303,0.10032499273195422,-0.16875,0.0,0.14375,16
1643,0.07083333333333333,0.15360257159305635,-0.19375,0.075,0.33958333333333335,16
1644,0.0875,0.14463795798091486,-0.11041666666666666,0.1,0.2875,16
1645,0.03541666666666666,0.1429931767991435,-0.20416666666666666,0.025,0.25625,16
1646,0.044791666666666674,0.11222477908940907,-0.125,0.025,0.2708333333333333,16
1647,0.037500000000000006,0.12562344526401112,-0.13333333333333333,0.025,0.30416666666666664,16
1648,0.035416666666666666,0.09945598551900009,-0.125,0.016666666666666666,0.19375,16
1649,0.01875,0.09804955521458411,-0.16875,0.016666666666666666,0.16041666666666665,16
1650,0.026041666666666668,0.10171596311679784,-0.10416666666666667,0.016666666666666666,0.24375,16
1651,0.013541666666666667,0.08843130376801595,-0.18958333333333333,0.04166666666666667,0.12083333333333333,16
1652,-0.011458333333333334,0.1227178830466222,-0.24375,0.008333333333333333,0.17708333333333331,16
1653,0.01875,0.13967658576551445,-0.23541666666666666,0.06666666666666667,0.22708333333333333,16
1654,0.05520833333333333,0.1365139835633454,-0.13541666666666666,0.016666666666666666,0.25416666666666665,16
1655,0.109375,0.08121660638550332,-0.0375,0.10833333333333334,0.22708333333333333,16
1656,0.008333333333333337,0.13149778198382917,-0.1375,-0.016666666666666666,0.3125,16
1657,0.09062499999999998,0.13919021133167214,-0.11666666666666667,0.08333333333333333,0.34375,16
1658,0.042708333333333334,0.11023471643875776,-0.14166666666666666,0.016666666666666666,0.2375,16
1659,-0.010416666666666664,0.12484365222148862,-0.22916666666666666,0.0,0.17083333333333334,16
1660,0.03854166666666666,0.13290540051522026,-0.14166666666666666,0.0,0.2895833333333333,16
1661,-0.042708333333333334,0.10655084043414308,-0.19791666666666666,-0.05,0.15833333333333333,16
1662,0.046875,0.09450506122542973,-0.11249999999999999,0.04166666666666667,0.23333333333333334,16
1663,0.041666666666666664,0.14264368973853075,-0.2,0.041666666666666664,0.2708333333333333,16
1664,0.05625,0.11069148190654358,-0.09375,0.075,0.26666666666666666,16
1665,0.0875,0.09023503261544881,-0.05833333333333333,0.08333333333333333,0.2583333333333333,16
1666,0.059375000000000004,0.07970622056792193,-0.08750000000000001,0.075,0.20416666666666666,16
1667,0.05416666666666667,0.11357510975365842,-0.15208333333333332,0.04166666666666667,0.2708333333333333,16
1668,0.09583333333333334,0.10043308994328293,-0.08541666666666667,0.1,0.2604166666666667,16
1669,0.06875,0.12372614809417701,-0.14791666666666667,0.09166666666666667,0.2833333333333333,16
1670,0.05625000000000001,0.09258535851370404,-0.075,0.04166666666666667,0.25,16
1671,0.08229166666666665,0.14415326888612534,-0.11875,0.058333333333333334,0.3416666666666667,16
1672,0.046875,0.08960150009594953,-0.11041666666666666,0.03333333333333333,0.20208333333333334,16
1673,0.07083333333333333,0.13261525385699624,-0.16666666666666666,0.09166666666666667,0.2604166666666667,16
1674,0.06041666666666667,0.11900557293206436,-0.15625,0.06666666666666667,0.26875,16
1675,0.04583333333333334,0.146664299223317,-0.14375,-0.016666666666666666,0.30833333333333335,16
1676,0.0875,0.11234557302260637,-0.08750000000000001,0.09166666666666667,0.29583333333333334,16
1677,0.13437500000000002,0.12366913042244797,-0.07708333333333334,0.11666666666666667,0.3458333333333333,16
1678,0.06354166666666666,0.11261086358439057,-0.12708333333333333,0.075,0.25416666666666665,16
1679,-0.007291666666666667,0.12133069336642635,-0.20833333333333334,0.008333333333333333,0.2125,16
1680,0.030208333333333334,0.12613632808944808,-0.18333333333333332,0.025,0.22708333333333333,16
1681,-0.0125,0.12835768167291134,-0.26041666666666663,-0.016666666666666666,0.20625,16
1682,0.05208333333333333,0.10522380249311993,-0.18333333333333335,0.06666666666666667,0.18333333333333332,16
1683,-0.006249999999999999,0.12773059213307777,-0.2708333333333333,-0.016666666666666666,0.19583333333333333,16
1684,0.07395833333333333,0.09297713839374112,-0.07083333333333333,0.075,0.23125,16
1685,0.012499999999999997,0.12211959074794038,-0.19375,-0.008333333333333333,0.23333333333333334,16
1686,0.012499999999999999,0.09061901321221477,-0.14166666666666666,0.025,0.17083333333333334,16
1687,0.011458333333333336,0.11268792174999649,-0.12708333333333333,-0.025,0.24375,16
1688,-0.003125000000000001,0.10900731849793899,-0.1375,-0.016666666666666666,0.22708333333333333,16
1689,0.034375,0.1146354048349229,-0.14375,0.03333333333333333,0.26458333333333334,16
1690,-0.008333333333333335,0.08270597183866336,-0.12083333333333333,-0.016666666666666666,0.14791666666666667,16
1691,0.04791666666666666,0.13905372163304366,-0.2583333333333333,0.058333333333333334,0.24583333333333332,16
1692,0.06770833333333334,0.11341736314995553,-0.12916666666666665,0.075,0.22708333333333333,16
1693,0.028125,0.10601997158554607,-0.10416666666666667,-0.008333333333333333,0.2375,16
1694,-0.005208333333333334,0.08931038845571723,-0.15,0.008333333333333333,0.1375,16
1695,0.00833333333333333,0.1337233877990101,-0.22708333333333333,0.01666666666666667,0.16666666666666666,16
1696,0.034374999999999996,0.13234906891121928,-0.15208333333333332,0.04166666666666667,0.29791666666666666,16
1697,-0.014583333333333339,0.1318768101508205,-0.17500000000000002,-0.075,0.26458333333333334,16
1698,0.023958333333333328,0.12499565964686757,-0.20416666666666666,0.03333333333333333,0.20416666666666666,16
1699,0.03229166666666667,0.12848864384536957,-0.15625,0.01666666666666667,0.27708333333333335,16
1700,-0.008333333333333333,0.1030776406404415,-0.20208333333333334,-0.03333333333333333,0.16041666666666665,16
1701,0.03958333333333334,0.10538866558284783,-0.15,0.05,0.20416666666666666,16
1702,0.019791666666666666,0.11625205344661897,-0.21875,0.016666666666666666,0.15,16
1703,0.0020833333333333303,0.11944242569353469,-0.16875,0.0,0.21458333333333332,16
1704,-0.013541666666666669,0.10995875963034707,-0.27708333333333335,0.03333333333333333,0.09375,16
1705,-0.0020833333333333363,0.08934075684329819,-0.16458333333333333,0.0,0.15,16
1706,0.027083333333333334,0.1414060102054443,-0.19375,0.03333333333333333,0.21666666666666667,16
1707,0.06979166666666667,0.10055725808104445,-0.08750000000000001,0.04166666666666667,0.24791666666666667,16
1708,3.469446951953614e-18,0.12190615698606494,-0.23958333333333331,0.016666666666666666,0.14375,16
1709,0.025,0.13667682889047272,-0.2708333333333333,0.06666666666666667,0.20208333333333334,16
1710,0.002083333333333333,0.1391785174594924,-0.21041666666666667,0.0,0.24375,16
1711,0.017708333333333336,0.08089532631397467,-0.14375,0.03333333333333333,0.1,16
1712,-0.029166666666666667,0.13300741416260306,-0.2875,-0.03333333333333333,0.19791666666666666,16
1713,0.028124999999999997,0.1317245060196132,-0.1625,0.025,0.27499999999999997,16
1714,0.049999999999999996,0.10307764064044152,-0.10416666666666667,0.03333333333333333,0.23541666666666666,16
1715,0.0625,0.12395395650536264,-0.17500000000000002,0.075,0.24375,16
1716,0.05520833333333333,0.11572818218903197,-0.12916666666666665,0.04166666666666667,0.275,16
1717,0.11145833333333333,0.09995115994824673,-0.06875,0.14166666666666666,0.22708333333333333,16
1718,0.07708333333333334,0.10604555493853678,-0.09375,0.075,0.2604166666666667,16
1719,0.053125000000000006,0.07866480179639854,-0.09583333333333333,0.05,0.19375,16
1720,0.06666666666666667,0.1403121520040228,-0.15416666666666667,0.075,0.2791666666666667,16
1721,0.02291666666666667,0.10604555493853678,-0.15416666666666667,0.025,0.18125,16
1722,0.020833333333333336,0.12367351733046525,-0.14375,0.008333333333333333,0.22083333333333333,16
1723,0.03958333333333333,0.13461299982625088,-0.15416666666666667,0.049999999999999996,0.26666666666666666,16
1724,0.071875,0.13225064980936765,-0.16458333333333333,0.058333333333333334,0.29375,16
1725,0.051041666666666666,0.12183047619768855,-0.11041666666666666,0.058333333333333334,0.2708333333333333,16
1726,0.03958333333333333,0.11738987155817338,-0.11666666666666667,0.025,0.24375,16
1727,-0.001041666666666663,0.08238391454040042,-0.15208333333333332,0.016666666666666666,0.11041666666666666,16
1728,0.023958333333333335,0.08518133231524382,-0.1375,0.05,0.13333333333333333,16
1729,0.036458333333333336,0.13491493590613143,-0.23333333333333334,0.04166666666666667,0.21666666666666667,16
1730,0.042708333333333334,0.08436213893750627,-0.07083333333333333,0.03333333333333333,0.1875,16
1731,0.05,0.1519548544067539,-0.17708333333333331,0.09166666666666667,0.2895833333333333,16
1732,0.125,0.09298297335175583,-0.027083333333333334,0.14166666666666666,0.2875,16
1733,0.01875,0.10571762046971062,-0.15416666666666667,0.025,0.16041666666666665,16
1734,0.042708333333333334,0.10573301511879395,-0.10833333333333334,0.0,0.24375,16
1735,0.0020833333333333467,0.16360468531052388,-0.3020833333333333,0.04166666666666667,0.21666666666666667,16
1736,0.075,0.15320646925708528,-0.16666666666666666,0.10833333333333334,0.29375,16
1737,0.08124999999999999,0.12316359378214542,-0.11249999999999999,0.075,0.33541666666666664,16
1738,0.07291666666666666,0.1269124534209836,-0.15833333333333333,0.10833333333333334,0.27708333333333335,16
1739,0.06041666666666667,0.050646857421430075,-0.020833333333333332,0.06666666666666667,0.14375,16
1740,0.05937500000000001,0.16382671549028055,-0.18333333333333332,0.05,0.36041666666666666,16
1741,0.07708333333333334,0.1184205957593526,-0.12083333333333333,0.09166666666666667,0.2375,16
1742,0.07500000000000001,0.1070436048222094,-0.09375,0.08333333333333334,0.25416666666666665,16
1743,0.04375,0.11317314046284226,-0.14166666666666666,0.06666666666666667,0.2,16
1744,0.04791666666666666,0.13742106320033734,-0.17708333333333331,0.09166666666666667,0.2375,16
1745,0.004166666666666669,0.1034978529031185,-0.1375,0.0,0.20625,16
1746,-0.025,0.10103629710818451,-0.20208333333333334,-0.03333333333333333,0.18541666666666667,16
1747,-0.02291666666666667,0.09910624910221913,-0.20416666666666666,0.0,0.1,16
1748,0.005208333333333329,0.13225064980936765,-0.22083333333333333,-0.008333333333333333,0.2604166666666667,16
1749,0.005208333333333336,0.16273687329722034,-0.3,-0.008333333333333333,0.27708333333333335,16
1750,0.007291666666666663,0.11440800980846286,-0.18541666666666667,0.008333333333333333,0.18333333333333332,16
1751,0.07500000000000001,0.13320306135954818,-0.2125,0.08333333333333333,0.24375,16
1752,0.008333333333333335,0.15634719199411432,-0.27291666666666664,0.008333333333333333,0.2833333333333333,16
1753,-0.021875000000000006,0.11284188021543931,-0.22708333333333333,-0.016666666666666666,0.16666666666666666,16
1754,-0.01875,0.11240350800180175,-0.15208333333333332,-0.058333333333333334,0.22499999999999998,16
1755,-0.027083333333333334,0.13525631531774526,-0.26458333333333334,-0.016666666666666666,0.18541666666666667,16
1756,-0.04479166666666667,0.11632669960790028,-0.22708333333333333,-0.05,0.15416666666666667,16
1757,-0.022916666666666665,0.09945598551900009,-0.20833333333333334,-0.008333333333333333,0.14166666666666666,16
1758,0.040625,0.09681898021852715,-0.08333333333333333,0.03333333333333333,0.25,16
1759,0.003125000000000001,0.10868832063136621,-0.15416666666666667,-0.016666666666666666,0.21875,16
1760,0.015624999999999998,0.10482603810069753,-0.2125,0.04166666666666667,0.16041666666666665,16
1761,0.044791666666666674,0.14454415295257633,-0.21458333333333332,0.03333333333333333,0.30833333333333335,16
1762,0.010416666666666666,0.1227399860137953,-0.19791666666666666,0.016666666666666666,0.21458333333333332,16
1763,0.026041666666666664,0.14190772994958534,-0.21458333333333332,0.05,0.24583333333333332,16
1764,0.001041666666666663,0.10349261078024416,-0.1875,0.03333333333333333,0.15208333333333332,16
1765,0.02708333333333333,0.10669840022751564,-0.15416666666666667,0.025,0.19375,16
1766,-0.010416666666666668,0.11363241786078869,-0.1875,-0.025,0.16666666666666666,16
1767,-0.010416666666666664,0.09804955521458411,-0.16875,-0.03333333333333333,0.15416666666666667,16
1768,-0.03958333333333334,0.10221080476696733,-0.22916666666666666,-0.05,0.13541666666666666,16
1769,0.04479166666666666,0.14669019105849504,-0.21666666666666667,0.058333333333333334,0.2895833333333333,16
1770,0.046875,0.14058641445941905,-0.24999999999999997,0.08333333333333334,0.25,16
1771,-0.008333333333333331,0.11039701082909809,-0.17083333333333334,0.0,0.20416666666666666,16
1772,-0.003125000000000001,0.10691682092740236,-0.15208333333333332,0.0,0.22083333333333333,16
1773,0.03229166666666666,0.1337842310816604,-0.20208333333333334,0.008333333333333333,0.25416666666666665,16
1774,0.002083333333333333,0.108313299429633,-0.13125,-0.03333333333333334,0.21666666666666667,16
1775,0.011458333333333338,0.1256536727919686,-0.21458333333333332,0.0,0.2125,16
1776,-0.058333333333333334,0.1550089603144856,-0.2875,-0.075,0.2520833333333333,16
1777,1.734723475976807e-18,0.10590220855949029,-0.19583333333333333,0.0,0.16458333333333333,16
1778,0.011458333333333334,0.0594297992733163,-0.08333333333333333,0.016666666666666666,0.09375,16
1779,0.06979166666666667,0.1508331894566533,-0.1875,0.06666666666666667,0.3208333333333333,16
1780,0.10729166666666666,0.10290380317720686,-0.07291666666666667,0.10833333333333334,0.29791666666666666,16
1781,0.011458333333333334,0.1273008725530889,-0.1375,-0.03333333333333333,0.225,16
1782,0.09062500000000001,0.08227847995611542,-0.05833333333333333,0.09166666666666667,0.22708333333333333,16
1783,0.096875,0.13847116000372706,-0.09375,0.08333333333333334,0.35833333333333334,16
1784,0.020833333333333336,0.12169234888758527,-0.18125,0.016666666666666666,0.22708333333333333,16
1785,-0.009374999999999998,0.10944442241257533,-0.21666666666666667,0.0,0.14791666666666667,16
1786,-0.024999999999999998,0.13693063937629155,-0.20416666666666666,-0.041666666666666664,0.275,16
1787,0.0072916666666666685,0.14373112798826068,-0.23333333333333334,0.0,0.25416666666666665,16
1788,0.020833333333333332,0.09492321458245431,-0.15208333333333332,0.03333333333333333,0.14375,16
1789,-0.004166666666666662,0.14306903927824496,-0.22291666666666665,-0.06666666666666667,0.22083333333333333,16
1790,0.08958333333333333,0.15420889061414209,-0.21041666666666667,0.08333333333333334,0.31875,16
1791,0.04583333333333333,0.1125,-0.15208333333333332,0.04166666666666667,0.19375,16
1792,-0.008333333333333333,0.097182531580755,-0.17708333333333331,0.008333333333333333,0.14583333333333331,16
1793,0.07083333333333333,0.13962996733430033,-0.21875,0.08333333333333333,0.27708333333333335,16
1794,0.07708333333333334,0.12732217992164602,-0.11666666666666667,0.10833333333333334,0.30416666666666664,16
1795,0.02291666666666666,0.09553849573165085,-0.14791666666666667,0.016666666666666666,0.15,16
1796,-0.005208333333333331,0.1289270290491658,-0.25625,0.016666666666666666,0.22708333333333333,16
1797,0.025,0.15103807466993216,-0.30625,0.03333333333333333,0.25416666666666665,16
1798,0.002083333333333326,0.15633331112295507,-0.27291666666666664,0.04166666666666667,0.21875,16
1799,-0.002083333333333333,0.11347953192830268,-0.17500000000000002,-0.04166666666666667,0.1875,16
1800,0.0031249999999999993,0.12377437330122544,-0.27499999999999997,0.03333333333333333,0.18333333333333335,16
1801,0.026041666666666668,0.11318752109024897,-0.21041666666666667,0.04166666666666667,0.21875,16
1802,0.03333333333333333,0.10606601717798213,-0.18541666666666667,0.058333333333333334,0.19791666666666666,16
1803,0.10416666666666666,0.10399986645290571,-0.09791666666666667,0.125,0.24375,16
1804,0.007291666666666672,0.10556868978958149,-0.17083333333333334,0.008333333333333333,0.19166666666666668,16
1805,0.020833333333333336,0.09437293044088436,-0.12083333333333333,0.016666666666666666,0.19583333333333333,16
1806,0.040624999999999994,0.14577007556613103,-0.2583333333333333,0.08333333333333334,0.23541666666666666,16
1807,0.04166666666666667,0.11843892002959913,-0.18125,0.058333333333333334,0.18333333333333332,16
1808,0.018749999999999996,0.10372824403753834,-0.19166666666666668,0.025,0.16666666666666666,16
1809,0.08229166666666667,0.10711960313126632,-0.08541666666666667,0.1,0.2708333333333333,16
1810,0.008333333333333335,0.10374916331657277,-0.16458333333333333,0.016666666666666666,0.16041666666666665,16
1811,0.01041666666666667,0.1184205957593526,-0.1375,-0.016666666666666666,0.22083333333333333,16
1812,0.04687500000000001,0.09321025180561776,-0.1,0.075,0.19583333333333333,16
1813,0.03854166666666667,0.137653796563456,-0.20208333333333334,0.08333333333333333,0.2375,16
1814,0.057291666666666664,0.12882599564054523,-0.18333333333333335,0.05,0.24375,16
1815,0.009374999999999998,0.1341082623914972,-0.21458333333333335,0.0,0.26041666666666663,16
1816,0.05520833333333333,0.11253375265275353,-0.12083333333333333,0.058333333333333334,0.25416666666666665,16
1817,-0.011458333333333334,0.12454343703436697,-0.21041666666666667,-0.008333333333333335,0.19375,16
1818,0.04895833333333333,0.13875297168989853,-0.12708333333333333,0.03333333333333333,0.325,16
1819,-0.009375,0.13306858481207684,-0.22708333333333333,-0.03333333333333333,0.20208333333333334,16
1820,0.07083333333333333,0.13103487661263657,-0.18958333333333333,0.10833333333333334,0.2375,16
1821,0.07500000000000001,0.10557382882766607,-0.09166666666666667,0.06666666666666667,0.2604166666666667,16
1822,0.06458333333333333,0.09822646028438568,-0.07708333333333334,0.05,0.25625,16
1823,0.08333333333333334,0.12596847048192478,-0.11875,0.08333333333333333,0.2833333333333333,16
1824,-0.016666666666666663,0.1350154312168304,-0.26041666666666663,-0.016666666666666666,0.18125,16
1825,0.058333333333333334,0.07861650943380502,-0.010416666666666666,0.04166666666666667,0.24791666666666667,16
1826,0.035416666666666666,0.1503323863606538,-0.20416666666666666,0.06666666666666667,0.24791666666666667,16
1827,0.09791666666666667,0.14611579787582482,-0.1375,0.075,0.2833333333333333,16
1828,0.027083333333333334,0.09590124405403254,-0.12708333333333333,0.016666666666666666,0.1875,16
1829,0.025,0.09316949906249124,-0.09375,0.008333333333333333,0.19166666666666668,16
1830,0.01145833333333333,0.11751458981524143,-0.19375,0.008333333333333333,0.20416666666666666,16
1831,0.04375,0.15113861830930056,-0.2375,0.075,0.29375,16
1832,-0.005208333333333329,0.10303025951146585,-0.14375,-0.016666666666666666,0.19583333333333333,16
1833,0.04270833333333333,0.13096447116807416,-0.15833333333333333,0.03333333333333333,0.28125,16
1834,0.046875,0.0920859256799503,-0.07708333333333334,0.03333333333333333,0.25625,16
1835,0.035416666666666666,0.14347800354061246,-0.1625,0.016666666666666666,0.29375,16
1836,0.059375000000000004,0.10848847064959893,-0.08333333333333333,0.03333333333333333,0.23333333333333334,16
1837,0.06666666666666667,0.12219065248845984,-0.1375,0.09166666666666667,0.24791666666666667,16
1838,0.07500000000000001,0.09185586535436918,-0.09999999999999999,0.075,0.19791666666666666,16
1839,0.06041666666666666,0.09183223683555912,-0.13541666666666666,0.08333333333333333,0.19375,16
1840,-0.01770833333333333,0.10760472127962911,-0.17083333333333334,0.0,0.1875,16
1841,0.02083333333333333,0.1423390904378227,-0.23333333333333334,0.025,0.23333333333333334,16
1842,0.010416666666666668,0.11812702085279031,-0.13125,-0.025,0.23333333333333334,16
1843,0.03125,0.10734727523323542,-0.15833333333333333,0.025,0.23541666666666666,16
1844,0.02291666666666667,0.09572004173050118,-0.15416666666666667,0.03333333333333333,0.15416666666666667,16
1845,0.059375000000000004,0.12457828167015665,-0.18541666666666667,0.06666666666666667,0.2375,16
1846,0.06770833333333334,0.1114096466873493,-0.11458333333333333,0.10833333333333334,0.22708333333333333,16
1847,0.014583333333333332,0.08454843286542928,-0.11666666666666667,0.025,0.16041666666666665,16
1848,0.06145833333333334,0.08694641349385519,-0.10416666666666667,0.075,0.2,16
1849,0.06666666666666667,0.10655593210453684,-0.11249999999999999,0.058333333333333334,0.23333333333333334,16
1850,0.025,0.10752906583803283,-0.17083333333333334,0.058333333333333334,0.16041666666666665,16
1851,0.042708333333333334,0.12922965534057748,-0.19791666666666666,0.041666666666666664,0.22708333333333333,16
1852,0.03229166666666667,0.09955957701296245,-0.12083333333333333,0.025,0.23333333333333334,16
1853,0.06458333333333333,0.10389548033159736,-0.12708333333333333,0.06666666666666667,0.2625,16
1854,0.07187500000000001,0.11572818218903198,-0.15833333333333333,0.08333333333333334,0.22708333333333333,16
1855,0.059375000000000004,0.11334080091819441,-0.1,0.06666666666666667,0.24166666666666667,16
1856,0.0010416666666666664,0.171641255198484,-0.25416666666666665,-0.025,0.30624999999999997,16
1857,0.08854166666666666,0.1134556248911637,-0.05,0.06666666666666667,0.29166666666666663,16
1858,0.051041666666666666,0.07871995679128782,-0.06458333333333333,0.058333333333333334,0.21458333333333332,16
1859,0.02604166666666667,0.12896068926227092,-0.25416666666666665,0.058333333333333334,0.2125,16
1860,0.05,0.11023963796102461,-0.14166666666666666,0.05,0.23125,16
1861,0.027083333333333334,0.12813770262234817,-0.16666666666666666,0.025,0.2791666666666667,16
1862,0.04791666666666666,0.14275014594271582,-0.16666666666666666,0.05,0.29791666666666666,16
1863,0.05729166666666667,0.12118751969800998,-0.17291666666666666,0.08333333333333334,0.2,16
1864,-0.06041666666666666,0.1555540054486258,-0.29375,-0.08333333333333334,0.16041666666666665,16
1865,0.014583333333333334,0.09840304732182954,-0.14375,0.016666666666666666,0.18125,16
1866,0.04791666666666667,0.12636408486767292,-0.19375,0.05,0.24375,16
1867,0.065625,0.15550865798512098,-0.2125,0.03333333333333333,0.3125,16
1868,-0.03854166666666667,0.1008158989748696,-0.23333333333333334,-0.03333333333333333,0.08333333333333333,16
1869,0.011458333333333338,0.10453580427298582,-0.15208333333333332,-0.008333333333333333,0.21041666666666667,16
1870,0.05520833333333333,0.09046921476084803,-0.12291666666666666,0.06666666666666667,0.17708333333333331,16
1871,0.06354166666666666,0.11640129789988503,-0.18541666666666667,0.09166666666666667,0.22708333333333333,16
1872,0.026041666666666664,0.09982080298381361,-0.14583333333333331,0.008333333333333333,0.20208333333333334,16
1873,0.08645833333333333,0.12236369258848348,-0.13333333333333333,0.1,0.29791666666666666,16
1874,0.03958333333333333,0.14647181659130043,-0.21041666666666667,0.06666666666666667,0.26666666666666666,16
1875,0.058333333333333334,0.13527235900623272,-0.16458333333333333,0.049999999999999996,0.25416666666666665,16
1876,0.0,0.13604023097762089,-0.1875,-0.03333333333333333,0.3,16
1877,0.09791666666666667,0.09553849573165085,-0.043750000000000004,0.13333333333333333,0.2375,16
1878,0.06666666666666667,0.10324593077803224,-0.10833333333333334,0.06666666666666667,0.23333333333333334,16
1879,0.053125000000000006,0.11803053247877103,-0.11458333333333333,0.04166666666666667,0.22708333333333333,16
1880,0.05520833333333333,0.10828825183791228,-0.14166666666666666,0.05,0.24375,16
1881,-0.022916666666666665,0.12074350109035084,-0.17083333333333334,-0.05,0.23125,16
1882,0.07395833333333335,0.13056617495226958,-0.11458333333333333,0.049999999999999996,0.29583333333333334,16
1883,0.090625,0.11828765990631106,-0.13541666666666666,0.11666666666666667,0.27291666666666664,16
1884,0.06770833333333333,0.10872824654717017,-0.06041666666666667,0.03333333333333333,0.2708333333333333,16
1885,0.06145833333333334,0.10940475785662462,-0.1625,0.06666666666666667,0.2,16
1886,0.029166666666666664,0.12068956964966866,-0.19791666666666666,0.05,0.20416666666666666,16
1887,0.05833333333333333,0.1256925260749863,-0.14166666666666666,0.05,0.3104166666666667,16
1888,0.08020833333333333,0.10072975913303872,-0.06041666666666667,0.07500000000000001,0.26666666666666666,16
1889,0.025,0.12402396721781014,-0.14166666666666666,0.016666666666666666,0.275,16
1890,0.029166666666666664,0.11718634258687693,-0.1625,0.03333333333333333,0.25625,16
1891,0.059375,0.11814079847321537,-0.11249999999999999,0.025,0.29791666666666666,16
1892,0.021875,0.11898277623953253,-0.18125,0.008333333333333333,0.2583333333333333,16
1893,0.03229166666666666,0.13494710254803957,-0.17083333333333334,0.025,0.29166666666666663,16
1894,-0.035416666666666666,0.10669840022751566,-0.24166666666666667,-0.025,0.1375,16
1895,0.021875,0.14406291425585174,-0.17708333333333331,-0.008333333333333335,0.32499999999999996,16
1896,0.028125,0.08634530764771052,-0.09375,0.016666666666666666,0.15,16
1897,0.04895833333333334,0.1377483552533387,-0.17083333333333334,0.05,0.2375,16
1898,0.03958333333333333,0.10571762046971062,-0.09375,0.025,0.2791666666666667,16
1899,0.03125,0.1102199505534275,-0.20208333333333334,0.03333333333333333,0.225,16
1900,0.02291666666666666,0.17959010041387766,-0.3145833333333333,0.03333333333333333,0.29166666666666663,16
1901,0.03333333333333333,0.10944937947136414,-0.1375,0.03333333333333333,0.22083333333333333,16
1902,0.035416666666666666,0.16831218926612404,-0.23333333333333334,0.049999999999999996,0.31666666666666665,16
1903,0.02916666666666667,0.12226167292601008,-0.19166666666666668,0.058333333333333334,0.22708333333333333,16
1904,0.03020833333333333,0.09113839255342515,-0.09791666666666667,0.016666666666666666,0.17708333333333331,16
1905,0.03229166666666667,0.13507569251472795,-0.24583333333333332,0.05,0.2375,16
1906,-1.734723475976807e-18,0.11785113019775792,-0.18125,-0.008333333333333333,0.24166666666666664,16
1907,0.008333333333333331,0.12761160692594628,-0.22291666666666665,0.0,0.22291666666666665,16
1908,0.0020833333333333294,0.1317450979480198,-0.21041666666666667,-0.008333333333333335,0.20208333333333334,16
1909,-0.028124999999999997,0.08774148225516443,-0.20416666666666666,-0.016666666666666666,0.09375,16
1910,0.021875,0.1404010562539407,-0.22291666666666665,0.016666666666666666,0.24375,16
1911,0.09583333333333333,0.1282223546119093,-0.07708333333333334,0.075,0.29375,16
1912,0.029166666666666667,0.12268693220279547,-0.16041666666666665,0.008333333333333333,0.25,16
1913,0.05729166666666667,0.14930030675528508,-0.19375,0.1,0.2708333333333333,16
1914,0.020833333333333336,0.11539485353438524,-0.15,0.025,0.21041666666666667,16
1915,0.05104166666666667,0.11806729925249318,-0.16041666666666665,0.058333333333333334,0.21041666666666667,16
1916,0.029166666666666667,0.10549157417643469,-0.1375,0.0,0.24791666666666667,16
1917,0.015625000000000003,0.08280431039169667,-0.11041666666666666,0.008333333333333333,0.16041666666666665,16
1918,0.04479166666666667,0.1456211253657167,-0.22708333333333333,0.08333333333333334,0.23333333333333334,16
1919,0.09479166666666666,0.13625939697462663,-0.16041666666666665,0.09166666666666667,0.32499999999999996,16
1920,-0.04479166666666667,0.08116314802434799,-0.15,-0.058333333333333334,0.11041666666666666,16
1921,-0.004166666666666662,0.12889756915215017,-0.17083333333333334,-0.041666666666666664,0.19375,16
1922,-0.0125,0.13391798899990165,-0.23125,0.0,0.21458333333333335,16
1923,0.09375,0.12867851305568548,-0.10208333333333333,0.08333333333333333,0.3416666666666667,16
1924,0.007291666666666664,0.11651310578404664,-0.23125,0.03333333333333333,0.1875,16
1925,0.060416666666666674,0.1286785130556855,-0.19999999999999998,0.058333333333333334,0.29583333333333334,16
1926,0.03229166666666667,0.14842562086969877,-0.19583333333333333,0.016666666666666666,0.29583333333333334,16
1927,0.09375,0.10879309490955756,-0.06666666666666667,0.09166666666666667,0.25,16
1928,0.03333333333333334,0.11711224435462664,-0.20625,0.03333333333333333,0.23541666666666666,16
1929,0.01875,0.1181270208527903,-0.15833333333333333,0.008333333333333333,0.23541666666666666,16
1930,0.0041666666666666675,0.09232716585900141,-0.16041666666666665,0.008333333333333333,0.16041666666666665,16
1931,-0.03645833333333333,0.1096425299553052,-0.21458333333333335,-0.05,0.21458333333333335,16
1932,-0.046875,0.06433925652784275,-0.16666666666666666,-0.025,0.043750000000000004,16
1933,0.008333333333333335,0.09982623792259117,-0.17500000000000002,0.016666666666666666,0.17708333333333331,16
1934,-0.013541666666666664,0.1147489333646868,-0.17708333333333331,-0.03333333333333334,0.1875,16
1935,0.028124999999999997,0.14514345753043398,-0.19166666666666668,0.03333333333333333,0.24166666666666667,16
1936,-0.028124999999999997,0.09837547649185746,-0.16666666666666666,-0.058333333333333334,0.12708333333333333,16
1937,0.05312499999999999,0.1347861925730278,-0.15416666666666667,0.03333333333333333,0.29791666666666666,16
1938,0.12083333333333332,0.11644323843735101,-0.08750000000000001,0.15833333333333333,0.26458333333333334,16
1939,0.03541666666666667,0.10895255720827401,-0.15416666666666667,0.06666666666666667,0.20833333333333334,16
1940,0.005208333333333336,0.14538248762603195,-0.20416666666666666,0.03333333333333333,0.2875,16
1941,0.028125,0.11330250040145726,-0.15416666666666667,0.0,0.22083333333333333,16
1942,-0.05625,0.11827389939364381,-0.25,-0.025,0.12083333333333333,16
1943,0.07395833333333333,0.13931488489310026,-0.13333333333333333,0.10833333333333334,0.325,16
1944,0.059375,0.11974636824694657,-0.11249999999999999,0.016666666666666666,0.2708333333333333,16
1945,0.078125,0.10651009830840767,-0.043750000000000004,0.04166666666666667,0.3020833333333333,16
1946,0.04895833333333334,0.08528317821300466,-0.09791666666666667,0.05,0.19791666666666666,16
1947,0.08541666666666667,0.13068662156301827,-0.13125,0.11666666666666667,0.31875,16
1948,0.15104166666666666,0.13900299132472732,-0.11458333333333333,0.18333333333333332,0.33125,16
1949,0.033333333333333326,0.1030776406404415,-0.14791666666666667,0.016666666666666666,0.19375,16
1950,0.016666666666666666,0.10655593210453686,-0.14166666666666666,-0.008333333333333335,0.20416666666666666,16
1951,0.10416666666666667,0.12140668570277886,-0.09166666666666667,0.15,0.275,16
1952,0.071875,0.1402773480466465,-0.09791666666666667,0.058333333333333334,0.3770833333333333,16
1953,0.022916666666666665,0.11827389939364381,-0.17500000000000002,0.016666666666666666,0.19791666666666666,16
1954,0.025000000000000005,0.13070322617798436,-0.225,0.06666666666666667,0.19375,16
1955,0.08958333333333333,0.10049789245993614,-0.08958333333333333,0.1,0.2625,16
1956,-0.020833333333333336,0.13520817282989958,-0.24375,0.016666666666666666,0.16041666666666665,16
1957,0.018750000000000003,0.13805129380857764,-0.2,0.016666666666666666,0.24375,16
1958,0.027083333333333327,0.15090870584562044,-0.2,0.049999999999999996,0.27708333333333335,16
1959,0.03229166666666666,0.14725129102433476,-0.19583333333333333,0.025,0.2895833333333333,16
1960,0.05208333333333333,0.09351823203109766,-0.16041666666666665,0.06666666666666667,0.19375,16
1961,0.04583333333333333,0.1314317524632292,-0.15208333333333332,0.03333333333333333,0.2520833333333333,16
1962,0.021875000000000002,0.08051887934239743,-0.14166666666666666,0.025,0.12708333333333333,16
1963,0.10520833333333333,0.11898277623953252,-0.10416666666666667,0.10833333333333334,0.32916666666666666,16
1964,0.10104166666666667,0.10349261078024417,-0.05,0.075,0.28541666666666665,16
1965,0.05625,0.12840839255195813,-0.14583333333333331,0.03333333333333333,0.30416666666666664,16
1966,0.021875,0.11129271183834695,-0.17083333333333334,0.03333333333333333,0.1875,16
1967,0.052083333333333336,0.08657747814658395,-0.10416666666666667,0.075,0.17500000000000002,16
1968,0.040625,0.13781135833490327,-0.17083333333333334,0.008333333333333331,0.25416666666666665,16
1969,-0.00625,0.0754327791259653,-0.13125,-0.016666666666666666,0.14375,16
1970,0.040624999999999994,0.1477808942601625,-0.26249999999999996,0.058333333333333334,0.2520833333333333,16
1971,0.07395833333333332,0.13667285936172957,-0.20208333333333334,0.1,0.24375,16
1972,0.018749999999999996,0.1184205957593526,-0.17291666666666666,-0.008333333333333335,0.24375,16
1973,0.06145833333333334,0.09819883987490777,-0.10833333333333334,0.05,0.22916666666666666,16
1974,0.02395833333333333,0.10944442241257533,-0.14375,0.025,0.2375,16
1975,0.051041666666666666,0.12225723535734898,-0.2125,0.06666666666666667,0.19791666666666666,16
1976,0.014583333333333335,0.1393032014867011,-0.18541666666666667,-0.008333333333333333,0.3,16
1977,0.028125,0.1242643282035874,-0.21666666666666667,0.05,0.225,16
1978,0.065625,0.10728155292137705,-0.11249999999999999,0.06666666666666667,0.2708333333333333,16
1979,0.07083333333333333,0.10077822185373188,-0.10833333333333334,0.075,0.26875,16
1980,0.034375,0.14559131703924594,-0.28541666666666665,0.06666666666666667,0.2375,16
1981,-0.015624999999999997,0.14642365639737923,-0.25416666666666665,-0.03333333333333333,0.21458333333333332,16
1982,0.059375,0.08838220935547807,-0.07083333333333333,0.058333333333333334,0.23541666666666666,16
1983,0.06562499999999999,0.11554050967085093,-0.14375,0.075,0.24375,16
1984,0.11354166666666665,0.13192205584906733,-0.11458333333333333,0.10833333333333334,0.3145833333333333,16
1985,-6.938893903907228e-18,0.12090515107122425,-0.12708333333333333,-0.04166666666666667,0.24166666666666667,16
1986,0.02083333333333333,0.10857345183996153,-0.1375,-0.008333333333333333,0.19375,16
1987,0.056249999999999994,0.09893091725486472,-0.11249999999999999,0.04166666666666667,0.20416666666666666,16
1988,0.0125,0.12423376263229644,-0.19375,0.0,0.23958333333333331,16
1989,0.08229166666666665,0.13116316571990272,-0.14791666666666667,0.11666666666666667,0.30624999999999997,16
1990,0.065625,0.08343093242983152,-0.07708333333333334,0.058333333333333334,0.20833333333333334,16
1991,0.05416666666666667,0.08965597829729173,-0.075,0.03333333333333333,0.225,16
1992,0.08854166666666666,0.10651009830840767,-0.05,0.075,0.29791666666666666,16
1993,0.053125000000000006,0.10038446060300146,-0.13333333333333333,0.04166666666666667,0.20416666666666666,16
1994,0.012500000000000004,0.12603736218545145,-0.19166666666666668,-0.008333333333333333,0.2375,16
1995,0.028125,0.10972167281859638,-0.16041666666666665,0.04166666666666667,0.19375,16
1996,0.034374999999999996,0.11952869686815798,-0.15,0.041666666666666664,0.21458333333333332,16
1997,0.09895833333333333,0.09600867112170419,-0.07708333333333334,0.09166666666666667,0.26458333333333334,16
1998,0.027083333333333334,0.09183223683555912,-0.125,0.04166666666666667,0.20208333333333334,16
1999,0.11249999999999999,0.12054563451241193,-0.06041666666666667,0.09166666666666667,0.3208333333333333,16
2000,0.01770833333333333,0.11047070218689961,-0.16458333333333333,0.016666666666666666,0.17083333333333334,16
2001,0.04479166666666666,0.13853383436507086,-0.15,0.04166666666666667,0.28125,16
2002,0.018749999999999996,0.1439611975113047,-0.21041666666666667,-0.008333333333333333,0.3208333333333333,16
2003,0.010416666666666668,0.07792335087193768,-0.11875,0.0,0.17916666666666667,16
2004,0.08645833333333333,0.10428638953222355,-0.06041666666666667,0.06666666666666667,0.28125,16
2005,0.006249999999999995,0.1334472169894233,-0.19375,-0.016666666666666666,0.24583333333333332,16
2006,0.10729166666666667,0.11872715423515286,-0.05416666666666667,0.10833333333333334,0.32499999999999996,16
2007,0.04583333333333334,0.1267242193812129,-0.19791666666666666,0.058333333333333334,0.23333333333333334,16
2008,0.024999999999999998,0.12304019216861166,-0.17708333333333331,0.03333333333333333,0.24166666666666667,16
2009,0.04583333333333334,0.14924578907143596,-0.25625,0.075,0.26666666666666666,16
2010,0.015625,0.1247871451601575,-0.28125,0.04166666666666667,0.15,16
2011,0.07083333333333333,0.08965597829729173,-0.075,0.08333333333333333,0.2375,16
2012,0.06666666666666667,0.09409658158863514,-0.13125,0.06666666666666667,0.2,16
2013,0.06562499999999999,0.052529340346345696,-0.010416666666666666,0.075,0.16458333333333333,16
2014,0.07708333333333334,0.12622662049750924,-0.13541666666666666,0.075,0.30416666666666664,16
2015,-0.009374999999999998,0.1300332155750129,-0.24583333333333332,-0.016666666666666666,0.21458333333333332,16
2016,0.008333333333333331,0.09372684899334993,-0.12083333333333333,0.008333333333333333,0.1875,16
2017,0.078125,0.1228592733238589,-0.12708333333333333,0.08333333333333334,0.3,16
2018,0.06874999999999999,0.055237806598178556,-0.03333333333333333,0.075,0.15,16
2019,0.07395833333333333,0.13513994161403373,-0.10833333333333334,0.04166666666666667,0.35000000000000003,16
2020,0.06770833333333334,0.1531462570279361,-0.18333333333333335,0.058333333333333334,0.35000000000000003,16
2021,0.06145833333333334,0.09695337331533246,-0.06666666666666667,0.058333333333333334,0.22083333333333333,16
2022,0.059375000000000004,0.09681898021852717,-0.125,0.06666666666666667,0.21458333333333332,16
2023,0.01354166666666667,0.11058850622163831,-0.16041666666666665,0.016666666666666666,0.20833333333333334,16
2024,0.017708333333333333,0.10904712761768036,-0.13125,0.016666666666666666,0.24166666666666667,16
2025,0.033333333333333326,0.11334558757279536,-0.1625,0.06666666666666667,0.22916666666666666,16
2026,0.121875,0.11330250040145726,-0.1,0.14166666666666666,0.2875,16
2027,0.04791666666666667,0.1125578554936675,-0.14166666666666666,0.016666666666666666,0.22708333333333333,16
2028,0.05208333333333333,0.14647181659130043,-0.2,0.08333333333333333,0.2708333333333333,16
2029,0.059375,0.1744006353119799,-0.17708333333333331,-0.008333333333333333,0.34791666666666665,16
2030,0.08541666666666667,0.10356073768030474,-0.11666666666666665,0.10833333333333334,0.22083333333333333,16
2031,0.08645833333333333,0.10209927596598214,-0.06041666666666667,0.08333333333333334,0.26458333333333334,16
2032,0.036458333333333336,0.14120251783047874,-0.19166666666666668,0.075,0.2791666666666667,16
2033,0.10520833333333332,0.10569195773830455,-0.09375,0.15,0.22708333333333333,16
2034,0.05833333333333333,0.09128709291752768,-0.09375,0.05,0.19375,16
2035,-0.013541666666666667,0.09650466849674509,-0.17083333333333334,-0.008333333333333333,0.14791666666666667,16
2036,0.07708333333333334,0.11635001671202669,-0.11249999999999999,0.06666666666666667,0.28125,16
2037,0.05520833333333333,0.11437006668170556,-0.15416666666666667,0.05,0.24375,16
2038,-0.011458333333333334,0.1134556248911637,-0.16666666666666666,-0.03333333333333334,0.22291666666666665,16
2039,0.0375,0.12835768167291134,-0.17083333333333334,0.03333333333333333,0.24791666666666667,16
2040,0.1,0.14068285846778444,-0.18541666666666667,0.14166666666666666,0.30416666666666664,16
2041,0.08125,0.10767024632852125,-0.11875,0.1,0.22708333333333333,16
2042,0.009375000000000001,0.11425616169866337,-0.20833333333333331,0.008333333333333333,0.19791666666666666,16
2043,0.046875,0.1334919304157038,-0.12083333333333333,0.0,0.3416666666666667,16
2044,0.078125,0.0964146769457615,-0.09375,0.075,0.23125,16
2045,0.07291666666666667,0.14504249856124546,-0.1,0.06666666666666667,0.36458333333333337,16
2046,0.12395833333333334,0.14190772994958537,-0.12083333333333333,0.13333333333333333,0.35208333333333336,16
2047,0.016666666666666673,0.12004050242406612,-0.22083333333333333,0.05,0.18125,16
2048,0.10416666666666667,0.1224035901797365,-0.09791666666666667,0.1,0.32499999999999996,16
2049,0.09479166666666668,0.14526302174370156,-0.06041666666666667,0.07500000000000001,0.44375000000000003,16
2050,0.014583333333333334,0.0835154260534477,-0.11458333333333333,0.008333333333333333,0.17083333333333334,16
2051,0.017708333333333333,0.13036657051688263,-0.22916666666666666,0.03333333333333333,0.25,16
2052,0.012500000000000002,0.12562344526401115,-0.16041666666666665,0.008333333333333331,0.25416666666666665,16
2053,0.0125,0.1629267899668096,-0.23125,-0.016666666666666666,0.2875,16
2054,0.09479166666666666,0.12129491579296398,-0.1375,0.10833333333333334,0.3020833333333333,16
2055,0.051041666666666666,0.12589523174052306,-0.15,0.058333333333333334,0.2708333333333333,16
2056,0.06041666666666667,0.15577706203275102,-0.16875,0.058333333333333334,0.3020833333333333,16
2057,0.0041666666666666675,0.1407445479504545,-0.19375,0.03333333333333333,0.2791666666666667,16
2058,0.011458333333333334,0.12606749046751814,-0.16666666666666666,0.008333333333333333,0.22916666666666666,16
2059,0.05,0.11195857368787003,-0.13333333333333333,0.04166666666666667,0.2708333333333333,16
2060,0.006249999999999999,0.0895348706122679,-0.14375,0.008333333333333331,0.14375,16
2061,0.08854166666666666,0.10618359853208131,-0.08750000000000001,0.1,0.2583333333333333,16
2062,-0.0010416666666666664,0.12125912766330899,-0.2,0.0,0.21041666666666667,16
2063,0.07083333333333333,0.12956926504555177,-0.10208333333333333,0.03333333333333333,0.29791666666666666,16
2064,0.075,0.06561673228343176,-0.016666666666666666,0.06666666666666667,0.17708333333333331,16
2065,0.03229166666666666,0.10248115511047763,-0.11041666666666666,0.008333333333333333,0.20416666666666666,16
2066,0.042708333333333334,0.1166620162763642,-0.12291666666666666,0.05,0.28958333333333336,16
2067,0.03229166666666666,0.13313380252587995,-0.2,0.03333333333333333,0.29583333333333334,16
2068,0.10520833333333333,0.11632669960790028,-0.15833333333333333,0.125,0.23333333333333334,16
2069,0.040625,0.09999457450559784,-0.10416666666666667,0.0,0.19791666666666666,16
2070,-0.042708333333333334,0.11195372773060205,-0.25,-0.04166666666666667,0.11041666666666666,16
2071,0.05625,0.10389548033159736,-0.11041666666666666,0.03333333333333333,0.22708333333333333,16
2072,0.021875000000000002,0.10150238605569822,-0.14375,0.016666666666666666,0.18125,16
2073,0.10625,0.092772683659218,0.0,0.10833333333333334,0.26875,16
2074,0.006250000000000004,0.14091405477571545,-0.22291666666666665,0.0,0.24375,16
2075,0.009375000000000005,0.11974636824694657,-0.18333333333333332,0.025,0.21666666666666667,16
2076,0.06979166666666667,0.11214740269197301,-0.08541666666666667,0.06666666666666667,0.3229166666666667,16
2077,0.02395833333333333,0.1280148578073828,-0.21458333333333335,0.008333333333333333,0.2833333333333333,16
2078,0.115625,0.12125912766330899,-0.09375,0.11666666666666667,0.2875,16
2079,0.06354166666666666,0.11058850622163831,-0.07708333333333334,0.075,0.28125,16
2080,0.04375,0.10015179451434927,-0.11041666666666666,0.05,0.225,16
2081,0.028125,0.14345909574780463,-0.26875,0.04166666666666667,0.24375,16
2082,0.041666666666666664,0.12346276991690877,-0.13125,0.016666666666666666,0.2875,16
2083,0.05625,0.09145335028186653,-0.09583333333333333,0.058333333333333334,0.20416666666666666,16
2084,0.0375,0.11836560592784826,-0.14375,0.03333333333333333,0.23125,16
2085,-0.008333333333333337,0.116963907063485,-0.16875,-0.025,0.23541666666666666,16
2086,0.015625,0.09418302770846418,-0.11458333333333333,0.0,0.16041666666666665,16
2087,0.030208333333333337,0.140091580909299,-0.22083333333333333,0.05,0.3145833333333333,16
2088,0.004166666666666666,0.12889756915215017,-0.18125,-0.016666666666666666,0.26458333333333334,16
2089,0.042708333333333334,0.1003412147375145,-0.06666666666666667,0.016666666666666666,0.24166666666666667,16
2090,0.04895833333333333,0.07579869859260997,-0.043750000000000004,0.04166666666666667,0.20833333333333334,16
2091,0.06458333333333333,0.10990447240924983,-0.1,0.07500000000000001,0.2520833333333333,16
2092,0.028125000000000004,0.17655251323772073,-0.20833333333333334,-0.016666666666666666,0.36458333333333337,16
2093,-0.024999999999999998,0.13819269959814168,-0.2708333333333333,-0.008333333333333333,0.20833333333333334,16
2094,0.015625,0.09455097647712464,-0.14375,0.025,0.19166666666666668,16
2095,0.046875,0.13006658951603725,-0.23541666666666666,0.075,0.21458333333333332,16
2096,-0.0031249999999999984,0.08212007426459271,-0.14791666666666667,0.0,0.14166666666666666,16
2097,0.0625,0.10549157417643469,-0.11875,0.058333333333333334,0.24375,16
2098,0.053125,0.08502833473809382,-0.09791666666666667,0.058333333333333334,0.18333333333333332,16
2099,0.06666666666666667,0.07240894665409486,-0.043750000000000004,0.05,0.17708333333333331,16
2100,0.043750000000000004,0.11378509837017811,-0.17083333333333334,0.04166666666666667,0.23125,16
2101,0.046875,0.11152645893090421,-0.12083333333333333,0.075,0.24166666666666667,16
2102,0.004166666666666671,0.12767961205037134,-0.17708333333333331,0.016666666666666666,0.19166666666666668,16
2103,0.08125000000000002,0.14287171304666604,-0.11666666666666665,0.058333333333333334,0.4166666666666667,16
2104,0.11041666666666666,0.1318768101508205,-0.11666666666666667,0.14166666666666666,0.3,16
2105,0.029166666666666667,0.11718634258687693,-0.21041666666666667,0.016666666666666666,0.21041666666666667,16
2106,0.06145833333333334,0.08714586072594994,-0.09375,0.06666666666666667,0.15,16
2107,0.011458333333333336,0.11437006668170557,-0.19375,0.025,0.18125,16
2108,0.02708333333333333,0.16455695991223088,-0.20833333333333334,0.016666666666666666,0.31666666666666665,16
2109,0.08645833333333333,0.16875964478610794,-0.27291666666666664,0.13333333333333333,0.33333333333333337,16
2110,0.058333333333333334,0.09930312739844153,-0.10416666666666667,0.05,0.21458333333333332,16
2111,-0.018750000000000003,0.13691479000539797,-0.23125,-0.058333333333333334,0.20833333333333334,16
2112,0.042708333333333334,0.10154513740477952,-0.11041666666666666,0.05,0.20416666666666666,16
2113,-0.019791666666666666,0.10072975913303873,-0.16458333333333333,-0.04166666666666667,0.16041666666666665,16
2114,0.030208333333333337,0.12572273699383982,-0.11041666666666666,0.0,0.2625,16
2115,0.016666666666666663,0.11785113019775792,-0.12083333333333333,-0.008333333333333333,0.2791666666666667,16
2116,0.02291666666666666,0.10718542474505467,-0.12708333333333333,0.016666666666666666,0.24583333333333332,16
2117,0.06770833333333334,0.08589171760290848,-0.09999999999999999,0.1,0.18125,16
2118,-0.03229166666666667,0.10999822441748777,-0.21666666666666667,-0.04166666666666667,0.15208333333333332,16
2119,0.013541666666666664,0.11383753500054364,-0.22291666666666665,0.016666666666666666,0.17083333333333334,16
2120,-0.025,0.1286953767623375,-0.18125,-0.05,0.2708333333333333,16
2121,0.042708333333333334,0.0907087735405028,-0.08541666666666667,0.03333333333333333,0.21458333333333332,16
2122,0.019791666666666666,0.12858994231233206,-0.15,0.0,0.26666666666666666,16
2123,0.05729166666666667,0.13488276159317023,-0.15208333333333332,0.05,0.2791666666666667,16
2124,-0.010416666666666664,0.10032499273195422,-0.15,-0.008333333333333338,0.1,16
2125,0.05729166666666666,0.14312590974965597,-0.21041666666666667,0.06666666666666667,0.32499999999999996,16
2126,0.01770833333333333,0.13023333093379402,-0.23125,0.058333333333333334,0.21041666666666667,16
2127,-0.0125,0.07511565157216643,-0.15833333333333333,-0.008333333333333333,0.13333333333333333,16
2128,0.0072916666666666685,0.12204404231214602,-0.15416666666666667,-0.016666666666666666,0.2,16
2129,-0.037500000000000006,0.1282223546119093,-0.2625,-0.058333333333333334,0.16458333333333333,16
2130,0.07187500000000001,0.11129271183834696,-0.09375,0.075,0.2604166666666667,16
2131,0.03437499999999999,0.1085684547877513,-0.13125,0.03333333333333333,0.26666666666666666,16
2132,0.06145833333333334,0.10683560027496036,-0.07708333333333334,0.03333333333333333,0.2520833333333333,16
2133,0.0031249999999999976,0.10820806058237992,-0.16875,0.0,0.2,16
2134,0.0010416666666666647,0.11448385833576907,-0.19166666666666668,0.0,0.18333333333333332,16
2135,0.04895833333333333,0.05383512316426063,-0.0375,0.05,0.14791666666666667,16
2136,-0.03229166666666666,0.11539015188818229,-0.22916666666666666,-0.04166666666666667,0.17708333333333331,16
2137,-0.021875,0.11572818218903197,-0.25416666666666665,-0.008333333333333333,0.14166666666666666,16
2138,0.001041666666666663,0.10679496678474859,-0.19791666666666666,0.016666666666666666,0.15416666666666667,16
2139,0.0072916666666666685,0.111175653997027,-0.18333333333333335,-0.016666666666666666,0.18333333333333332,16
2140,0.010416666666666664,0.1358965854775036,-0.19791666666666666,-0.008333333333333333,0.2375,16
2141,0.001041666666666663,0.12603305755722274,-0.23125,0.03333333333333333,0.21458333333333332,16
2142,0.034375,0.10214177748763399,-0.13541666666666666,0.03333333333333333,0.21875,16
2143,0.04375,0.12231491119238078,-0.1375,0.05,0.22083333333333333,16
2144,0.02291666666666666,0.15102370582866195,-0.21041666666666667,0.016666666666666666,0.28125,16
2145,0.037500000000000006,0.12367351733046525,-0.1375,0.025,0.2583333333333333,16
2146,0.015625,0.08089532631397468,-0.13125,0.025,0.14583333333333331,16
2147,-0.035416666666666666,0.0754327791259653,-0.18333333333333332,-0.025,0.06666666666666667,16
2148,0.018749999999999996,0.10911178645977916,-0.13333333333333333,0.0,0.2375,16
2149,-0.00625,0.10356073768030474,-0.18125,-0.03333333333333333,0.19166666666666668,16
2150,0.028124999999999997,0.12014440819049568,-0.21041666666666667,0.058333333333333334,0.19791666666666666,16
2151,0.002083333333333333,0.12016698451183114,-0.23125,0.016666666666666666,0.18333333333333332,16
2152,-0.034375,0.14689716144863613,-0.24166666666666667,-0.06666666666666667,0.27708333333333335,16
2153,0.006249999999999999,0.08697760727145042,-0.09375,-0.016666666666666666,0.18333333333333332,16
2154,0.03333333333333333,0.09646530752325189,-0.09791666666666667,0.016666666666666666,0.19375,16
2155,0.01666666666666667,0.12610621625351295,-0.27499999999999997,0.04166666666666667,0.17708333333333331,16
2156,-0.010416666666666664,0.12718575107997662,-0.26458333333333334,0.05,0.15416666666666667,16
2157,0.03333333333333334,0.13514395616855712,-0.24583333333333332,0.025,0.23541666666666666,16
2158,0.06770833333333333,0.1140280103868246,-0.13958333333333334,0.09166666666666667,0.26666666666666666,16
2159,-0.002083333333333332,0.13917851745949236,-0.30416666666666664,0.016666666666666666,0.20625,16
2160,0.015625,0.13221782716201488,-0.18333333333333332,-0.03333333333333333,0.29375,16
2161,-0.012500000000000002,0.10873323625583241,-0.19791666666666666,-0.03333333333333333,0.16666666666666666,16
2162,0.013541666666666667,0.1078866995071939,-0.17708333333333331,0.04166666666666667,0.1875,16
2163,0.027083333333333334,0.09145335028186653,-0.14583333333333331,0.016666666666666666,0.16458333333333333,16
2164,0.02708333333333333,0.12622662049750924,-0.16458333333333333,0.025,0.2520833333333333,16
2165,0.041666666666666664,0.0719278187568003,-0.07083333333333333,0.04166666666666667,0.15416666666666667,16
2166,0.03229166666666666,0.14547202265384226,-0.16041666666666665,0.03333333333333333,0.2833333333333333,16
2167,0.012499999999999999,0.08322910148099241,-0.1375,0.0,0.12708333333333333,16
2168,0.021875,0.11985505569228191,-0.14375,0.008333333333333331,0.26041666666666663,16
2169,0.08333333333333334,0.1256925260749863,-0.19166666666666668,0.13333333333333333,0.24791666666666667,16
2170,0.04791666666666666,0.10958808608197841,-0.17500000000000002,0.04166666666666667,0.225,16
2171,0.024999999999999998,0.09335565209336699,-0.1375,0.03333333333333333,0.16041666666666665,16
2172,0.03958333333333333,0.14091405477571545,-0.19166666666666668,0.05,0.3145833333333333,16
2173,0.05729166666666666,0.0998208029838136,-0.15416666666666667,0.05,0.19791666666666666,16
2174,0.03645833333333333,0.1313945962760857,-0.15416666666666667,0.016666666666666666,0.2875,16
2175,0.06666666666666665,0.16029486718059455,-0.21041666666666667,0.1,0.29166666666666663,16
2176,-0.029166666666666667,0.11494261853444768,-0.21875,-0.025,0.1875,16
2177,0.1,0.11681538140730155,-0.07083333333333333,0.10833333333333334,0.33958333333333335,16
2178,0.006249999999999997,0.13042066021574616,-0.16458333333333333,-0.025,0.24583333333333332,16
2179,0.07604166666666666,0.13539663313350478,-0.21458333333333335,0.10833333333333334,0.24791666666666667,16
2180,0.04583333333333334,0.15584670174387535,-0.2125,0.075,0.29791666666666666,16
2181,0.042708333333333334,0.1121086944665756,-0.1,0.016666666666666666,0.23333333333333334,16
2182,-0.02291666666666667,0.11301963325015701,-0.24166666666666667,-0.016666666666666666,0.19583333333333333,16
2183,-0.03229166666666667,0.09726623507729243,-0.17708333333333331,-0.04166666666666667,0.16041666666666665,16
2184,0.04791666666666666,0.14250670062218906,-0.15416666666666667,0.075,0.32708333333333334,16
2185,0.06458333333333334,0.11084821328685858,-0.1,0.09166666666666667,0.22708333333333333,16
2186,0.04583333333333333,0.0956520023604083,-0.14375,0.04166666666666667,0.17708333333333331,16
2187,0.071875,0.08158983418089943,-0.03333333333333333,0.06666666666666667,0.225,16
2188,0.0010416666666666647,0.11234074375903576,-0.15416666666666667,-0.025,0.17708333333333331,16
2189,-0.004166666666666665,0.10043308994328291,-0.17708333333333331,-0.016666666666666666,0.19791666666666666,16
2190,1.734723475976807e-18,0.09013878188659974,-0.13541666666666666,-0.016666666666666666,0.16666666666666666,16
2191,-0.006249999999999995,0.13942777401460107,-0.26875,0.008333333333333333,0.2125,16
2192,0.01458333333333333,0.1280021429942136,-0.21666666666666667,0.025,0.21458333333333332,16
2193,0.09062500000000001,0.11591555085731835,-0.11041666666666666,0.125,0.26875,16
2194,-0.001041666666666663,0.12352866710696032,-0.17708333333333331,-0.016666666666666666,0.20208333333333334,16
2195,0.024999999999999998,0.1403121520040228,-0.2625,0.06666666666666667,0.19791666666666666,16
2196,0.04583333333333333,0.1059841445164742,-0.1,0.025,0.24375,16
2197,0.0010416666666666651,0.08280431039169667,-0.12083333333333333,0.008333333333333333,0.1375,16
2198,0.04479166666666666,0.137653796563456,-0.19791666666666666,0.05,0.23333333333333334,16
2199,0.010416666666666664,0.09787233038788622,-0.16875,0.008333333333333333,0.16458333333333333,16
2200,-0.02291666666666667,0.1267755836551783,-0.24375,-0.016666666666666666,0.17708333333333331,16
2201,-0.023958333333333328,0.16361463340388868,-0.3125,-0.008333333333333333,0.2708333333333333,16
2202,0.013541666666666667,0.13847116000372706,-0.23125,0.025,0.20833333333333334,16
2203,0.09270833333333334,0.17499689977412616,-0.16666666666666666,0.058333333333333334,0.39375000000000004,16
2204,0.027083333333333334,0.12867851305568548,-0.17916666666666667,0.016666666666666666,0.2833333333333333,16
2205,0.056249999999999994,0.1048932989597842,-0.12708333333333333,0.08333333333333333,0.22083333333333333,16
2206,0.00104166666666667,0.10597902537504506,-0.15833333333333333,-0.008333333333333333,0.18125,16
2207,0.034375,0.15461295201423314,-0.16666666666666666,0.016666666666666666,0.32916666666666666,16
2208,0.04479166666666667,0.1309313260941696,-0.15,0.0,0.2708333333333333,16
2209,-0.01041666666666667,0.14940565120205834,-0.22708333333333333,0.008333333333333333,0.23125,16
2210,0.037500000000000006,0.13775229379013781,-0.13333333333333333,0.008333333333333333,0.30416666666666664,16
2211,0.084375,0.13724328940283786,-0.11041666666666666,0.04166666666666667,0.35416666666666663,16
2212,0.055208333333333345,0.10453580427298581,-0.17708333333333331,0.08333333333333333,0.1875,16
2213,0.037500000000000006,0.1182188413259259,-0.21875,0.05,0.19791666666666666,16
2214,0.021875000000000002,0.11766223286027962,-0.19791666666666666,0.016666666666666666,0.2,16
2215,0.04583333333333334,0.16002386974726268,-0.3041666666666667,0.09166666666666667,0.22708333333333333,16
2216,0.08125,0.12231491119238079,-0.15833333333333333,0.06666666666666667,0.2604166666666667,16
2217,0.016666666666666663,0.08374896350934075,-0.13541666666666666,0.025,0.17500000000000002,16
2218,0.05208333333333333,0.08076779989575053,-0.09375,0.05,0.19375,16
2219,0.03229166666666666,0.07228145941387736,-0.09166666666666667,0.05,0.15208333333333332,16
2220,0.036458333333333336,0.13019999973331625,-0.2,0.05,0.24166666666666667,16
2221,0.05520833333333333,0.12271788304662222,-0.07708333333333334,0.03333333333333333,0.3333333333333333,16
2222,0.017708333333333333,0.1257572548713504,-0.18958333333333333,0.008333333333333333,0.23333333333333334,16
2223,0.07604166666666667,0.10490881457246574,-0.09583333333333333,0.05,0.24791666666666667,16
2224,-0.013541666666666667,0.1064285672672312,-0.21041666666666667,-0.008333333333333333,0.15,16
2225,0.051041666666666666,0.10711960313126631,-0.08750000000000001,0.03333333333333333,0.27291666666666664,16
2226,0.09895833333333334,0.1263082580105777,-0.16041666666666665,0.11666666666666667,0.3,16
2227,0.06666666666666667,0.10704360482220941,-0.10416666666666667,0.05,0.26666666666666666,16
2228,-0.003125000000000002,0.10707907741218377,-0.18541666666666667,0.0,0.15833333333333333,16
2229,0.0010416666666666682,0.11613999424784249,-0.17083333333333334,0.008333333333333333,0.2520833333333333,16
2230,0.12395833333333334,0.0918499587945229,-0.025,0.13333333333333333,0.27708333333333335,16
2231,0.051041666666666666,0.1146354048349229,-0.13333333333333333,0.058333333333333334,0.23541666666666666,16
2232,0.08645833333333333,0.11847098068256584,-0.075,0.05,0.33749999999999997,16
2233,-0.015624999999999998,0.1209724414783062,-0.18125,-0.016666666666666666,0.15416666666666667,16
2234,0.040624999999999994,0.13371933059584168,-0.1375,0.016666666666666666,0.2604166666666667,16
2235,0.037500000000000006,0.14355360980793513,-0.16666666666666666,0.016666666666666666,0.26666666666666666,16
2236,0.056249999999999994,0.09088205879661349,-0.08125,0.05,0.225,16
2237,0.0375,0.11141451630934114,-0.16041666666666665,0.05,0.22291666666666665,16
2238,0.07291666666666667,0.11224894827520163,-0.1375,0.05,0.2583333333333333,16
2239,0.02708333333333333,0.10604555493853678,-0.11041666666666666,0.016666666666666666,0.23125,16
2240,0.02916666666666666,0.09400428477232065,-0.1,0.008333333333333333,0.17708333333333331,16
2241,0.04895833333333334,0.06730649991312544,-0.027083333333333334,0.03333333333333333,0.2125,16
2242,0.009374999999999998,0.102396416156361,-0.13125,-0.025,0.16041666666666665,16
2243,-0.020833333333333332,0.1011221758292633,-0.16041666666666665,-0.025,0.15416666666666667,16
2244,0.05729166666666667,0.09663949869661645,-0.10833333333333334,0.075,0.23333333333333334,16
2245,0.015625,0.09672928108615532,-0.15833333333333333,0.03333333333333333,0.15,16
2246,0.04791666666666666,0.10505868069269139,-0.10208333333333333,0.025,0.2791666666666667,16
2247,0.02291666666666667,0.10718542474505466,-0.17500000000000002,0.025,0.19791666666666666,16
2248,0.09166666666666667,0.08917056066263623,-0.05,0.09166666666666667,0.225,16
2249,0.0625,0.11464013743498004,-0.14375,0.05,0.2604166666666667,16
2250,0.059375000000000004,0.09663949869661645,-0.11875,0.058333333333333334,0.22291666666666665,16
2251,0.029166666666666667,0.13482241406136197,-0.17291666666666666,-0.016666666666666666,0.2791666666666667,16
2252,0.022916666666666672,0.13602427785754523,-0.16041666666666665,-0.016666666666666666,0.22708333333333333,16
2253,0.04166666666666666,0.147784565424735,-0.21875,0.05,0.28541666666666665,16
2254,0.04791666666666666,0.13525631531774526,-0.20625,0.05,0.23333333333333334,16
2255,0.0031249999999999993,0.1542475857455582,-0.21666666666666667,0.0,0.27708333333333335,16
2256,0.06041666666666667,0.08076779989575053,-0.07083333333333333,0.06666666666666667,0.20833333333333334,16
2257,0.03229166666666667,0.15269213192819656,-0.23125,0.01666666666666667,0.2708333333333333,16
2258,0.06979166666666667,0.11105847277448039,-0.08333333333333333,0.09166666666666667,0.2375,16
2259,0.0875,0.1369940185231133,-0.17083333333333334,0.075,0.29791666666666666,16
2260,0.05,0.06692657668420421,-0.06458333333333333,0.025,0.16041666666666665,16
2261,0.033333333333333326,0.1398163477963543,-0.11666666666666667,0.025,0.3416666666666667,16
2262,0.03333333333333333,0.08975274678557507,-0.12291666666666666,0.03333333333333333,0.20833333333333334,16
2263,0.08541666666666667,0.08204736944798006,-0.04791666666666666,0.1,0.22083333333333333,16
2264,0.021875,0.11019533634767752,-0.18333333333333335,0.016666666666666666,0.23333333333333334,16
2265,0.005208333333333329,0.12647995421980687,-0.19166666666666668,-0.008333333333333333,0.22083333333333333,16
2266,0.02291666666666667,0.11363241786078869,-0.13125,0.008333333333333333,0.22708333333333333,16
2267,0.008333333333333331,0.13385315336840842,-0.21041666666666667,-0.025,0.18333333333333332,16
2268,0.08020833333333333,0.1213664603930317,-0.10416666666666667,0.08333333333333333,0.31875,16
2269,0.044791666666666674,0.1136085429959678,-0.125,0.008333333333333333,0.24166666666666667,16
2270,-0.049999999999999996,0.12856040517117928,-0.24375,-0.06666666666666667,0.1375,16
2271,-0.022916666666666672,0.10187052648664709,-0.19791666666666666,-0.016666666666666666,0.1625,16
2272,0.04479166666666667,0.13146064445934633,-0.1375,0.05,0.2604166666666667,16
2273,-0.03125,0.11116101309961751,-0.22708333333333333,-0.025,0.1375,16
2274,0.08854166666666667,0.11268792174999648,-0.043750000000000004,0.05,0.33125,16
2275,0.04479166666666667,0.18714955676469613,-0.34375,0.06666666666666667,0.3416666666666667,16
2276,0.05,0.08518770125108698,-0.11041666666666666,0.06666666666666667,0.17708333333333331,16
2277,0.026041666666666668,0.10474319621234487,-0.12083333333333333,0.008333333333333333,0.21041666666666667,16
2278,0.025000000000000005,0.1343709624716425,-0.23333333333333334,0.06666666666666667,0.2,16
2279,0.025,0.1288302069478359,-0.18333333333333332,0.05,0.22291666666666665,16
2280,0.0625,0.11388041973930374,-0.11041666666666666,0.07500000000000001,0.25,16
2281,0.07083333333333333,0.149362069407791,-0.22499999999999998,0.08333333333333334,0.27708333333333335,16
2282,-0.02708333333333333,0.10895255720827401,-0.24166666666666667,-0.008333333333333333,0.12083333333333333,16
2283,0.08541666666666667,0.12174583611405818,-0.125,0.1,0.30416666666666664,16
2284,0.028125,0.11035277239380985,-0.18541666666666667,0.075,0.15,16
2285,-0.0125,0.14185037108791002,-0.24583333333333332,-0.03333333333333333,0.25625,16
2286,0.02083333333333333,0.10631125685144227,-0.14375,0.03333333333333333,0.17708333333333331,16
2287,0.040624999999999994,0.10523926937908892,-0.16875,0.058333333333333334,0.2125,16
2288,0.07083333333333333,0.11479147761629926,-0.15208333333333332,0.08333333333333333,0.2583333333333333,16
2289,-0.016666666666666666,0.14373490258883617,-0.27708333333333335,0.008333333333333331,0.17083333333333334,16
2290,0.02291666666666667,0.10356073768030474,-0.12708333333333333,0.025,0.20833333333333334,16
2291,0.06979166666666667,0.09075660941649252,-0.09791666666666667,0.1,0.19375,16
2292,0.031249999999999993,0.11193918860008073,-0.17916666666666667,0.03333333333333333,0.19375,16
2293,-0.006250000000000003,0.13095204274848102,-0.22083333333333333,0.008333333333333333,0.17708333333333331,16
2294,0.031249999999999993,0.1535319139824392,-0.20208333333333334,0.008333333333333333,0.3208333333333333,16
2295,0.025,0.12233265213252664,-0.1375,0.008333333333333333,0.2520833333333333,16
2296,0.022916666666666665,0.10815289460347842,-0.17500000000000002,0.025,0.19791666666666666,16
2297,0.071875,0.11222477908940906,-0.1,0.06666666666666667,0.26875,16
2298,0.027083333333333327,0.13640663779059042,-0.1375,0.0,0.27291666666666664,16
2299,0.020833333333333336,0.13775229379013781,-0.16458333333333333,-0.016666666666666666,0.25416666666666665,16
2300,-0.013541666666666674,0.13244741487976777,-0.23125,-0.03333333333333334,0.2604166666666667,16
2301,0.04479166666666667,0.08892075709116891,-0.07708333333333334,0.03333333333333333,0.21041666666666667,16
2302,0.06145833333333333,0.12314156684934259,-0.1375,0.06666666666666667,0.2833333333333333,16
2303,0.06666666666666667,0.1582236462170627,-0.28125,0.1,0.275,16
2304,0.005208333333333332,0.13159264137439028,-0.21458333333333332,0.03333333333333333,0.21875,16
2305,0.04791666666666666,0.11649913566679844,-0.15416666666666667,0.06666666666666667,0.26458333333333334,16
2306,0.10208333333333333,0.12188835396925062,-0.08125,0.058333333333333334,0.29375,16
2307,0.029166666666666664,0.09886508764753894,-0.11666666666666667,0.0,0.18333333333333332,16
2308,0.046875,0.09132868563296224,-0.1,0.04166666666666667,0.21875,16
2309,0.03333333333333333,0.11501811451535218,-0.13541666666666666,-0.016666666666666666,0.25625,16
2310,-0.008333333333333331,0.14129854131510974,-0.30624999999999997,0.03333333333333333,0.19583333333333333,16
2311,0.003125000000000001,0.10740285500809041,-0.17916666666666667,-0.008333333333333333,0.1375,16
2312,0.03958333333333333,0.09733871988519723,-0.08750000000000001,0.016666666666666666,0.2520833333333333,16
2313,0.12083333333333332,0.148896403210047,-0.17708333333333331,0.16666666666666666,0.34375,16
2314,0.03229166666666666,0.08467026526145081,-0.08333333333333333,0.05,0.15,16
2315,0.07083333333333333,0.07806247497997998,-0.027083333333333334,0.06666666666666667,0.22291666666666665,16
2316,0.04687499999999999,0.1082080605823799,-0.1,0.06666666666666667,0.2520833333333333,16
2317,0.03541666666666667,0.14029668464444275,-0.27291666666666664,0.06666666666666667,0.19375,16
2318,0.13020833333333331,0.09358202544351725,-0.03125,0.13333333333333333,0.2875,16
2319,-0.01458333333333333,0.10084280258567456,-0.17708333333333331,0.008333333333333331,0.12708333333333333,16
2320,0.10104166666666667,0.14571051375739652,-0.12083333333333333,0.13333333333333333,0.35833333333333334,16
2321,0.06249999999999999,0.1349511228391804,-0.17708333333333331,0.049999999999999996,0.29166666666666663,16
2322,0.0875,0.12154960121512351,-0.10625,0.09166666666666667,0.2833333333333333,16
2323,0.09166666666666666,0.14018836534383936,-0.07708333333333334,0.06666666666666667,0.41458333333333336,16
2324,0.09999999999999999,0.10736748938937606,-0.06041666666666667,0.08333333333333333,0.32083333333333336,16
2325,0.049999999999999996,0.09877724659274748,-0.13125,0.06666666666666667,0.18333333333333332,16
2326,0.04791666666666667,0.10767024632852126,-0.12083333333333333,0.05,0.2375,16
2327,0.05520833333333333,0.1577531860481218,-0.24375,0.058333333333333334,0.30624999999999997,16
2328,0.08541666666666667,0.09680216796240786,-0.11875,0.1,0.21666666666666667,16
2329,0.09166666666666666,0.11395661942647785,-0.06458333333333333,0.09166666666666667,0.33541666666666664,16
2330,0.08958333333333333,0.12358574958303242,-0.13958333333333334,0.075,0.27708333333333335,16
2331,-0.021875000000000002,0.1402773480466465,-0.20416666666666666,-0.03333333333333334,0.25416666666666665,16
2332,0.04479166666666667,0.09925394443603293,-0.12083333333333333,0.05,0.2125,16
2333,0.07604166666666666,0.14117177652105647,-0.15625,0.08333333333333334,0.31666666666666665,16
2334,0.13854166666666667,0.11527725485155824,-0.043750000000000004,0.15833333333333333,0.32499999999999996,16
2335,0.06145833333333334,0.1178096908742608,-0.07708333333333334,0.05,0.25,16
2336,0.06041666666666666,0.11332643974132622,-0.1,0.05,0.26041666666666663,16
2337,0.0875,0.09455671431591847,-0.07083333333333333,0.1,0.24166666666666667,16
2338,0.08020833333333334,0.11934700078855029,-0.1,0.09166666666666667,0.275,16
2339,-1.734723475976807e-18,0.10752906583803283,-0.19375,0.008333333333333333,0.21666666666666667,16
2340,0.09687499999999999,0.13542868536408542,-0.1375,0.1,0.2833333333333333,16
2341,0.06354166666666666,0.12695946832443109,-0.15,0.08333333333333333,0.27708333333333335,16
2342,0.03854166666666667,0.13039985914060218,-0.12708333333333333,0.025,0.29583333333333334,16
2343,0.07083333333333333,0.13037073205968347,-0.20208333333333334,0.075,0.2625,16
2344,0.08333333333333333,0.09592387027684449,-0.04791666666666666,0.07500000000000001,0.2875,16
2345,0.09479166666666666,0.08793912627809965,-0.05,0.1,0.21666666666666667,16
2346,0.06354166666666666,0.1581379002203808,-0.17500000000000002,0.09166666666666667,0.27708333333333335,16
2347,0.00833333333333333,0.10881304047667163,-0.17083333333333334,0.025,0.18333333333333332,16
2348,0.09166666666666667,0.11636866703140783,-0.11249999999999999,0.13333333333333333,0.27291666666666664,16
2349,0.08229166666666667,0.08174926732597262,-0.043750000000000004,0.075,0.22708333333333333,16
2350,0.08020833333333333,0.1340111352649473,-0.07708333333333334,0.041666666666666664,0.3145833333333333,16
2351,0.0020833333333333346,0.14128318194321643,-0.18333333333333332,0.008333333333333331,0.18333333333333332,16
2352,0.07083333333333333,0.11748226816559737,-0.14791666666666667,0.06666666666666667,0.2583333333333333,16
2353,0.0375,0.13888194427082465,-0.18125,0.041666666666666664,0.26458333333333334,16
2354,0.043750000000000004,0.1162007063948695,-0.08750000000000001,0.008333333333333333,0.3145833333333333,16
2355,0.075,0.11365151414154878,-0.11041666666666666,0.09166666666666667,0.26666666666666666,16
2356,0.08541666666666665,0.1301541553953106,-0.12083333333333333,0.09166666666666667,0.30624999999999997,16
2357,0.04583333333333334,0.10248644896874036,-0.09375,0.05,0.2583333333333333,16
2358,0.06354166666666666,0.1447242049075106,-0.2520833333333333,0.13333333333333333,0.23541666666666666,16
2359,0.04791666666666667,0.1169453516723849,-0.16875,0.03333333333333333,0.24375,16
2360,0.04791666666666666,0.10422914792790823,-0.1,0.025,0.25,16
2361,0.04791666666666666,0.11084821328685857,-0.14791666666666667,0.05,0.18333333333333332,16
2362,0.01458333333333333,0.11100472337297684,-0.16041666666666665,0.008333333333333331,0.21875,16
2363,0.015625,0.10281941255046259,-0.16875,0.016666666666666666,0.18541666666666667,16
2364,0.06145833333333334,0.10133120029279126,-0.11875,0.06666666666666667,0.19375,16
2365,0.03229166666666667,0.10792692197089246,-0.13125,0.04166666666666667,0.24791666666666667,16
2366,0.002083333333333337,0.12827311899051785,-0.17708333333333331,-0.008333333333333333,0.22083333333333333,16
2367,0.02395833333333333,0.1107061848994897,-0.13125,0.0,0.2,16
2368,0.04479166666666667,0.11268792174999649,-0.13125,0.041666666666666664,0.21666666666666667,16
2369,0.06041666666666667,0.1241463909619965,-0.14583333333333331,0.058333333333333334,0.27708333333333335,16
2370,0.09791666666666668,0.10339295994731298,-0.10416666666666667,0.1,0.23333333333333334,16
2371,0.09062499999999998,0.11241798708144726,-0.08125,0.10833333333333334,0.27708333333333335,16
2372,0.07395833333333333,0.1006866615766182,-0.13125,0.11666666666666667,0.21458333333333332,16
2373,-0.009374999999999998,0.10573301511879396,-0.22083333333333333,0.025,0.14166666666666666,16
2374,0.012500000000000002,0.12603736218545145,-0.20416666666666666,0.0,0.20833333333333334,16
2375,0.06458333333333334,0.1461157978758248,-0.1375,0.04166666666666667,0.3104166666666667,16
2376,0.041666666666666664,0.1378152950711769,-0.14791666666666667,0.03333333333333333,0.29375,16
2377,0.04375,0.08204736944798006,-0.11666666666666667,0.06666666666666667,0.16875,16
2378,0.053125,0.10916646787513706,-0.10833333333333334,0.05,0.2875,16
2379,0.02916666666666666,0.11807189429420628,-0.19166666666666668,0.041666666666666664,0.19375,16
2380,0.059375,0.10407808733777196,-0.11875,0.04166666666666667,0.2625,16
2381,0.009375000000000003,0.1113317037680143,-0.15,-0.008333333333333333,0.19583333333333333,16
2382,0.036458333333333336,0.11074538333743558,-0.1375,0.0,0.2,16
2383,0.0010416666666666664,0.10824816363595068,-0.18541666666666667,0.0,0.19166666666666668,16
2384,0.0875,0.06884463184107628,-0.03125,0.1,0.17708333333333331,16
2385,0.02395833333333334,0.1103920963228598,-0.19166666666666668,0.025,0.1875,16
2386,0.084375,0.13900299132472732,-0.21041666666666667,0.10833333333333334,0.2791666666666667,16
2387,0.06354166666666666,0.11595298825865209,-0.07708333333333334,0.041666666666666664,0.27708333333333335,16
2388,0.06354166666666666,0.11669921420996039,-0.1375,0.05,0.26666666666666666,16
2389,0.10520833333333333,0.12200847392018856,-0.14375,0.11666666666666667,0.2604166666666667,16
2390,0.056249999999999994,0.12103072956898178,-0.125,0.08333333333333334,0.22083333333333333,16
2391,0.07916666666666666,0.11141451630934116,-0.11666666666666667,0.08333333333333333,0.23333333333333334,16
2392,0.03645833333333333,0.11414214304736198,-0.20833333333333334,0.04166666666666667,0.1875,16
2393,1.3010426069826053e-18,0.10573814617041266,-0.23333333333333334,0.0,0.15833333333333333,16
2394,0.02395833333333333,0.1352683482625062,-0.15416666666666667,0.008333333333333333,0.26666666666666666,16
2395,0.013541666666666669,0.1277773060075832,-0.15416666666666667,-0.016666666666666666,0.2375,16
2396,0.08645833333333333,0.06775639319978922,-0.0375,0.08333333333333334,0.17708333333333331,16
2397,0.05,0.1321562627262809,-0.14791666666666667,0.06666666666666667,0.26458333333333334,16
2398,0.01875,0.14029668464444275,-0.21041666666666667,0.008333333333333333,0.28125,16
2399,0.06354166666666666,0.1347861925730278,-0.16875,0.1,0.26875,16
2400,0.09270833333333334,0.10424476239174374,-0.06041666666666667,0.08333333333333334,0.3125,16
2401,-8.673617379884035e-19,0.11814539065631521,-0.15,0.008333333333333333,0.21458333333333332,16
2402,0.052083333333333336,0.12231491119238079,-0.21041666666666667,0.06666666666666667,0.23333333333333334,16
2403,0.06145833333333332,0.14002960376490234,-0.2,0.10833333333333334,0.28541666666666665,16
2404,0.08541666666666665,0.16349853465194522,-0.16458333333333333,0.058333333333333334,0.34375,16
2405,0.02395833333333333,0.0786096081030246,-0.10833333333333334,0.016666666666666666,0.15,16
2406,0.014583333333333334,0.10084280258567456,-0.23958333333333331,0.05,0.10416666666666667,16
2407,0.030208333333333337,0.08744417862270765,-0.09375,0.03333333333333333,0.19166666666666668,16
2408,0.046875,0.1535707796913202,-0.24375,0.06666666666666667,0.26666666666666666,16
2409,0.07083333333333333,0.09709316831442537,-0.13541666666666666,0.09166666666666667,0.20833333333333334,16
2410,0.04479166666666667,0.1357487914310842,-0.20416666666666666,0.058333333333333334,0.24166666666666667,16
2411,0.017708333333333333,0.12617073281646757,-0.18125,0.03333333333333333,0.275,16
2412,0.022916666666666665,0.09183223683555912,-0.14583333333333331,0.016666666666666666,0.17083333333333334,16
2413,0.05,0.11441275181454985,-0.10833333333333334,0.008333333333333333,0.25416666666666665,16
2414,-0.005208333333333336,0.14138682532329525,-0.2583333333333333,0.008333333333333333,0.2,16
2415,0.035416666666666666,0.1062091424710907,-0.19166666666666665,0.05,0.20416666666666666,16
2416,0.07916666666666666,0.10265570828962432,-0.08750000000000001,0.058333333333333334,0.2520833333333333,16
2417,0.10208333333333333,0.08972856444732512,-0.05208333333333333,0.11666666666666667,0.26875,16
2418,0.096875,0.14839637588229707,-0.15625,0.09166666666666667,0.36875,16
2419,0.1645833333333333,0.1227399860137953,-0.025,0.18333333333333332,0.3770833333333333,16
2420,0.08229166666666668,0.12929680943687497,-0.12708333333333333,0.1,0.24791666666666667,16
2421,0.034375,0.10349261078024416,-0.15625,0.03333333333333333,0.18333333333333332,16
2422,0.11770833333333332,0.11539015188818229,-0.11666666666666665,0.11666666666666667,0.3,16
2423,0.09583333333333333,0.10008676791220261,-0.05416666666666667,0.09166666666666667,0.28125,16
2424,0.04583333333333334,0.1490129561853972,-0.20208333333333334,0.049999999999999996,0.2791666666666667,16
2425,0.09895833333333333,0.08003227430577964,-0.027083333333333334,0.11666666666666667,0.21041666666666667,16
2426,-0.007291666666666662,0.08311821191999848,-0.1625,-0.016666666666666666,0.13125,16
2427,0.14166666666666666,0.06614378277661477,0.0125,0.14166666666666666,0.2375,16
2428,0.06875,0.10538866558284782,-0.09791666666666667,0.075,0.26041666666666663,16
2429,0.021875,0.11237937205683653,-0.15416666666666667,0.025,0.23333333333333334,16
2430,0.025,0.12402396721781013,-0.14791666666666667,0.0,0.2583333333333333,16
2431,0.07083333333333333,0.15673535728170024,-0.2916666666666667,0.1,0.2708333333333333,16
2432,0.08124999999999999,0.1459969320453915,-0.18125,0.1,0.34791666666666665,16
2433,0.04791666666666666,0.09680216796240786,-0.13125,0.05,0.2375,16
2434,0.13437500000000002,0.11865401822806788,-0.05833333333333333,0.125,0.3104166666666667,16
2435,0.09687499999999999,0.10226917607470981,-0.07708333333333334,0.11666666666666667,0.2708333333333333,16
2436,0.0875,0.10921118685067631,-0.06458333333333333,0.04166666666666667,0.24375,16
2437,0.04895833333333333,0.11295721135554924,-0.18333333333333335,0.075,0.18333333333333332,16
2438,0.14270833333333333,0.08456768122831164,0.00625,0.15833333333333333,0.28541666666666665,16
2439,0.04583333333333334,0.11188101318414627,-0.13333333333333333,0.075,0.2520833333333333,16
2440,0.04791666666666666,0.08536583853561616,-0.10833333333333334,0.05,0.17708333333333331,16
2441,0.08333333333333334,0.11931517552730295,-0.06666666666666667,0.08333333333333333,0.26458333333333334,16
2442,0.07708333333333332,0.14042037581649056,-0.12708333333333333,0.058333333333333334,0.35833333333333334,16
2443,0.11875,0.11545125835414508,-0.09375,0.11666666666666667,0.3208333333333333,16
2444,0.07395833333333333,0.11681073693753022,-0.15208333333333332,0.075,0.21666666666666667,16
2445,0.04375,0.10101481602000548,-0.12708333333333333,0.04166666666666667,0.21458333333333332,16
2446,0.1125,0.11326897682556822,-0.05833333333333333,0.1,0.30833333333333335,16
2447,0.06458333333333333,0.10555327117411167,-0.11041666666666666,0.08333333333333333,0.2375,16
2448,0.09479166666666666,0.10303025951146585,-0.06041666666666667,0.1,0.27708333333333335,16
2449,0.06562500000000002,0.12197289515616892,-0.13541666666666666,0.06666666666666667,0.275,16
2450,0.06041666666666667,0.1312169270499978,-0.20416666666666666,0.09166666666666667,0.225,16
2451,0.008333333333333335,0.08100925873009825,-0.15208333333333332,0.0,0.16041666666666665,16
2452,0.09583333333333333,0.11357510975365841,-0.16458333333333333,0.125,0.22708333333333333,16
2453,0.040625,0.10736243620714525,-0.16041666666666665,0.03333333333333333,0.21875,16
2454,0.08333333333333333,0.1414213562373095,-0.09375,0.05,0.36041666666666666,16
2455,0.11458333333333331,0.12759459998152134,-0.08333333333333333,0.08333333333333333,0.35416666666666663,16
2456,0.02604166666666667,0.11054925215838313,-0.16458333333333333,0.03333333333333333,0.21041666666666667,16
2457,0.10520833333333333,0.1117597171390479,-0.11041666666666666,0.11666666666666667,0.2833333333333333,16
2458,0.035416666666666666,0.1457589095809317,-0.20208333333333334,0.025,0.24375,16
2459,0.09270833333333334,0.10357645290905756,-0.13333333333333333,0.09166666666666667,0.2604166666666667,16
2460,0.075,0.10865337342004415,-0.14791666666666667,0.1,0.23125,16
2461,0.06354166666666666,0.13375178477521546,-0.11458333333333333,0.05,0.3020833333333333,16
2462,0.11770833333333333,0.08649597574132825,-0.06041666666666667,0.14166666666666666,0.22708333333333333,16
2463,0.08333333333333334,0.13462912017836262,-0.16666666666666666,0.075,0.33958333333333335,16
2464,-0.027083333333333334,0.1372946699216284,-0.21458333333333332,-0.058333333333333334,0.25416666666666665,16
2465,0.03125,0.11317314046284226,-0.11041666666666666,0.0,0.22708333333333333,16
2466,0.03958333333333333,0.12827311899051785,-0.15416666666666667,0.05,0.21666666666666667,16
2467,0.04791666666666666,0.13305635293196472,-0.14375,0.0,0.26458333333333334,16
2468,0.10625,0.11515011337862899,-0.09375,0.11666666666666667,0.3208333333333333,16
2469,0.13854166666666667,0.1038693674097956,-0.027083333333333334,0.14166666666666666,0.3104166666666667,16
2470,0.13229166666666667,0.07760940977813909,0.00625,0.13333333333333333,0.275,16
2471,0.08958333333333332,0.10271910863017542,-0.12291666666666666,0.13333333333333333,0.19375,16
2472,0.09791666666666665,0.15644432360711874,-0.09791666666666667,0.06666666666666667,0.4166666666666667,16
2473,0.07187500000000001,0.08533405557962581,-0.11666666666666665,0.08333333333333333,0.21875,16
2474,0.005208333333333332,0.10956332992333195,-0.19166666666666668,-0.016666666666666666,0.2125,16
2475,0.04270833333333333,0.11054925215838313,-0.17708333333333331,0.058333333333333334,0.25,16
2476,0.075,0.12486103386476415,-0.17291666666666666,0.09166666666666667,0.2708333333333333,16
2477,0.06458333333333333,0.15886697352746978,-0.12708333333333333,0.025,0.3854166666666667,16
2478,0.06458333333333333,0.11131708339493789,-0.16041666666666665,0.1,0.20416666666666666,16
2479,0.1,0.12219065248845984,-0.09375,0.06666666666666667,0.30416666666666664,16
2480,0.08541666666666667,0.10406244786451814,-0.09791666666666667,0.10833333333333334,0.2604166666666667,16
2481,0.017708333333333333,0.12699365004903898,-0.16458333333333333,0.008333333333333333,0.2583333333333333,16
2482,0.12291666666666666,0.0998044963916957,-0.03125,0.13333333333333333,0.3020833333333333,16
2483,0.09166666666666667,0.09664511253952668,-0.016666666666666666,0.058333333333333334,0.26875,16
2484,0.08020833333333334,0.10158787076275944,-0.03333333333333333,0.04166666666666667,0.26458333333333334,16
2485,0.125,0.11946059322359542,-0.06458333333333333,0.11666666666666667,0.35208333333333336,16
2486,0.036458333333333336,0.10209927596598213,-0.16041666666666665,0.06666666666666667,0.18125,16
2487,0.05208333333333334,0.11842059575935261,-0.16666666666666666,0.03333333333333333,0.275,16
2488,0.11041666666666666,0.12704917573741104,-0.08750000000000001,0.09166666666666667,0.33125,16
2489,0.08333333333333333,0.09223309842157773,-0.05,0.09166666666666667,0.2520833333333333,16
2490,0.07604166666666666,0.17280053831416922,-0.25416666666666665,0.11666666666666667,0.30833333333333335,16
2491,0.08124999999999999,0.0895348706122679,-0.06875,0.075,0.2375,16
2492,0.140625,0.13056617495226955,-0.05416666666666667,0.11666666666666667,0.3979166666666667,16
2493,0.06979166666666667,0.1465125551597693,-0.12708333333333333,0.10833333333333334,0.32291666666666663,16
2494,0.014583333333333334,0.08757437315409876,-0.15208333333333332,0.008333333333333333,0.1625,16
2495,-0.0031249999999999976,0.144844115200906,-0.21666666666666667,-0.025,0.25416666666666665,16
2496,0.09895833333333334,0.15915016821124214,-0.1875,0.08333333333333334,0.36041666666666666,16
2497,0.03125,0.12881336089258927,-0.13125,-0.016666666666666666,0.3104166666666667,16
2498,0.05,0.1584429445152629,-0.18125,0.04166666666666667,0.29166666666666663,16
2499,0.11979166666666666,0.0979332875964268,-0.03125,0.11666666666666667,0.2708333333333333,16
2500,0.10104166666666667,0.11341736314995553,-0.06041666666666667,0.10833333333333334,0.32291666666666663,16
2501,0.09479166666666666,0.13026665360585057,-0.1,0.08333333333333333,0.29375,16
2502,-0.021875,0.1580829983742717,-0.3020833333333333,-0.016666666666666666,0.25,16
2503,0.005208333333333336,0.10286161651839708,-0.16458333333333333,0.008333333333333333,0.19791666666666666,16
2504,0.057291666666666664,0.14421347385617844,-0.24583333333333332,0.10833333333333334,0.22083333333333333,16
2505,0.07604166666666667,0.10880805442766327,-0.08750000000000001,0.075,0.25,16
2506,0.06666666666666667,0.1,-0.11458333333333333,0.06666666666666667,0.22916666666666666,16
2507,0.024999999999999998,0.10865337342004415,-0.16458333333333333,0.025,0.20625,16
2508,-0.0031249999999999976,0.14757516328788,-0.21458333333333332,-0.03333333333333334,0.24791666666666667,16
2509,0.07395833333333333,0.09824302880272642,-0.13541666666666666,0.09166666666666667,0.20833333333333334,16
2510,0.07395833333333333,0.13539663313350478,-0.08750000000000001,0.04166666666666667,0.32708333333333334,16
2511,0.08437499999999999,0.15028546332267506,-0.13333333333333333,0.06666666666666667,0.3104166666666667,16
2512,0.07604166666666667,0.08290907628574544,-0.10625,0.08333333333333333,0.21458333333333332,16
2513,0.07291666666666666,0.10879309490955758,-0.10208333333333333,0.075,0.23333333333333334,16
2514,0.08125,0.12174583611405818,-0.16458333333333333,0.1,0.2375,16
2515,0.12916666666666665,0.15573526325858963,-0.11666666666666667,0.15,0.35,16
2516,0.11770833333333333,0.160778137117582,-0.07708333333333334,0.09166666666666667,0.3958333333333333,16
2517,0.048958333333333326,0.12794703086954903,-0.19791666666666666,0.05,0.2625,16
2518,0.109375,0.15964030205955723,-0.15833333333333333,0.13333333333333333,0.4041666666666667,16
2519,0.10833333333333334,0.14397627119309164,-0.11249999999999999,0.08333333333333334,0.38333333333333336,16
2520,0.1,0.10881304047667163,-0.125,0.10833333333333334,0.24375,16
2521,0.05520833333333333,0.10336672007684312,-0.14375,0.08333333333333333,0.2,16
2522,0.096875,0.13733813073133688,-0.06666666666666667,0.1,0.375,16
2523,0.04479166666666666,0.11869059186482399,-0.15416666666666667,0.016666666666666666,0.2604166666666667,16
2524,0.14270833333333333,0.09717694878416383,-0.0625,0.16666666666666666,0.28541666666666665,16
2525,0.09270833333333334,0.10507417188454174,-0.10833333333333334,0.11666666666666667,0.2583333333333333,16
2526,0.090625,0.10474319621234487,-0.08333333333333333,0.08333333333333333,0.26458333333333334,16
2527,0.07083333333333333,0.11016086722001905,-0.08750000000000001,0.05,0.24791666666666667,16
2528,0.08854166666666666,0.1351078208835036,-0.13125,0.1,0.30833333333333335,16
2529,0.053125,0.07435340489476218,-0.06041666666666667,0.075,0.16458333333333333,16
2530,0.03125,0.11724188552826256,-0.14375,0.025,0.25416666666666665,16
2531,0.0625,0.12970318680227816,-0.11249999999999999,0.016666666666666666,0.29375,16
2532,0.08541666666666667,0.11393757428229431,-0.09166666666666667,0.1,0.29583333333333334,16
2533,0.06770833333333334,0.1066322779852955,-0.13333333333333333,0.06666666666666667,0.24166666666666667,16
2534,0.06666666666666667,0.14517709491820288,-0.21041666666666667,0.09166666666666667,0.26875,16
2535,0.08333333333333333,0.14300835251442096,-0.18541666666666667,0.08333333333333334,0.35833333333333334,16
2536,0.09479166666666666,0.10319862691539176,-0.05416666666666667,0.08333333333333333,0.32291666666666663,16
2537,0.008333333333333333,0.0775044801572428,-0.09791666666666667,0.0,0.15208333333333332,16
2538,0.05520833333333333,0.14798633922501844,-0.17708333333333331,0.03333333333333333,0.34375,16
2539,0.059375000000000004,0.12896068926227092,-0.12083333333333333,0.05,0.3125,16
2540,0.125,0.07216878364870322,0.008333333333333335,0.125,0.25,16
2541,0.08541666666666665,0.10271910863017543,-0.06041666666666667,0.09166666666666667,0.26458333333333334,16
2542,0.03229166666666667,0.10679496678474859,-0.17083333333333334,0.05,0.1875,16
2543,0.09895833333333334,0.10499152578237499,-0.09375,0.10833333333333334,0.26875,16
2544,0.06875,0.14823908522683513,-0.18541666666666667,0.075,0.29375,16
2545,0.09479166666666666,0.12186609654088011,-0.12291666666666666,0.13333333333333333,0.2604166666666667,16
2546,0.08541666666666667,0.1167968024200815,-0.11041666666666666,0.1,0.26458333333333334,16
2547,0.0875,0.09455671431591847,-0.10416666666666667,0.10833333333333334,0.23333333333333334,16
2548,0.071875,0.10844845645897101,-0.125,0.08333333333333333,0.25,16
2549,0.08645833333333333,0.13006658951603725,-0.15416666666666667,0.09166666666666667,0.31666666666666665,16
2550,0.06875,0.0910728874766433,-0.043750000000000004,0.058333333333333334,0.25416666666666665,16
2551,0.08645833333333333,0.11803053247877103,-0.06041666666666667,0.05,0.3104166666666667,16
2552,0.057291666666666664,0.11257231472110123,-0.11249999999999999,0.041666666666666664,0.27708333333333335,16
2553,0.04479166666666667,0.09496321473485286,-0.10833333333333334,0.04166666666666667,0.21458333333333332,16
2554,0.0041666666666666675,0.10937003957005573,-0.19791666666666666,0.0,0.14375,16
2555,0.06770833333333333,0.1147867512559219,-0.13125,0.03333333333333333,0.23333333333333334,16
2556,0.08020833333333334,0.13257842935619488,-0.13541666666666666,0.06666666666666667,0.26666666666666666,16
2557,0.11145833333333333,0.11869059186482399,-0.1,0.09166666666666667,0.27708333333333335,16
2558,0.08125,0.0975169144872371,-0.027083333333333334,0.05,0.28125,16
2559,0.1,0.13768926368215256,-0.175,0.10833333333333334,0.30624999999999997,16
2560,0.08124999999999999,0.11973277537917511,-0.13125,0.08333333333333333,0.29583333333333334,16
2561,0.08229166666666667,0.08259437993727069,-0.027083333333333334,0.075,0.24166666666666667,16
2562,0.005208333333333332,0.1290616172286194,-0.20625,-0.016666666666666666,0.19375,16
2563,0.103125,0.07435340489476218,0.00625,0.09166666666666667,0.24375,16
2564,0.06458333333333333,0.1388037933759577,-0.10833333333333334,0.03333333333333333,0.35416666666666663,16
2565,0.046875,0.11847098068256584,-0.14375,0.025,0.24375,16
2566,0.08854166666666667,0.08264691254231932,-0.043750000000000004,0.10833333333333334,0.21041666666666667,16
2567,0.06354166666666666,0.1316585902058806,-0.17916666666666667,0.1,0.25416666666666665,16
2568,0.046875,0.12572273699383985,-0.15416666666666667,0.03333333333333333,0.2791666666666667,16
2569,0.12604166666666666,0.12787916795640414,-0.05416666666666667,0.09166666666666667,0.3208333333333333,16
2570,0.075,0.0689706056551952,-0.016666666666666666,0.05,0.21875,16
2571,0.04375,0.10032499273195422,-0.13125,0.03333333333333333,0.22083333333333333,16
2572,0.09062499999999998,0.09519146458877265,-0.07083333333333333,0.09166666666666667,0.22083333333333333,16
2573,0.08333333333333333,0.15377201739371613,-0.15416666666666667,0.11666666666666667,0.34375,16
2574,0.11458333333333333,0.11590150871417604,-0.09583333333333333,0.125,0.26666666666666666,16
2575,0.09895833333333333,0.11448385833576909,-0.07083333333333333,0.11666666666666667,0.275,16
2576,0.140625,0.11901924885169719,-0.125,0.16666666666666666,0.29166666666666663,16
2577,0.12291666666666666,0.12988710375638615,-0.09375,0.13333333333333333,0.35625,16
2578,0.07083333333333333,0.06305310812675649,-0.05208333333333333,0.075,0.17083333333333334,16
2579,0.11041666666666666,0.13640663779059042,-0.09583333333333333,0.075,0.35,16
2580,0.053125000000000006,0.13349193041570384,-0.22083333333333333,0.05,0.26458333333333334,16
2581,0.11041666666666666,0.09572004173050118,-0.03333333333333333,0.11666666666666667,0.26458333333333334,16
2582,0.13749999999999998,0.11479147761629925,-0.04791666666666666,0.125,0.2833333333333333,16
2583,0.08541666666666667,0.07213870705491994,-0.0375,0.08333333333333333,0.2,16
2584,0.06979166666666667,0.12586075170379543,-0.14791666666666667,0.06666666666666667,0.28125,16
2585,0.13541666666666666,0.1418962600321485,-0.13125,0.16666666666666669,0.3333333333333333,16
2586,0.075,0.15103807466993213,-0.14791666666666667,0.08333333333333334,0.3125,16
2587,0.07916666666666666,0.11203608049790627,-0.043750000000000004,0.04166666666666667,0.30624999999999997,16
2588,0.11666666666666667,0.12162099599438687,-0.09999999999999999,0.125,0.3416666666666667,16
2589,0.10416666666666667,0.10565601944254971,-0.06666666666666667,0.10833333333333334,0.275,16
2590,0.056249999999999994,0.12988710375638615,-0.1375,0.049999999999999996,0.2708333333333333,16
2591,0.10208333333333333,0.1125578554936675,-0.12708333333333333,0.13333333333333333,0.2604166666666667,16
2592,0.071875,0.14728076338710663,-0.17916666666666667,0.058333333333333334,0.3729166666666667,16
2593,0.0375,0.1209769261746498,-0.16875,0.03333333333333333,0.2,16
2594,0.071875,0.1310638560969423,-0.16875,0.05,0.24375,16
2595,0.07083333333333333,0.07580585582775105,-0.07916666666666666,0.08333333333333333,0.17708333333333331,16
2596,0.12395833333333332,0.09681898021852718,-0.016666666666666666,0.1,0.2875,16
2597,0.05416666666666667,0.09956502621123767,-0.11666666666666667,0.075,0.18333333333333332,16
2598,0.05625000000000001,0.11620070639486951,-0.17500000000000002,0.07500000000000001,0.2,16
2599,0.07708333333333332,0.11679680242008149,-0.075,0.03333333333333333,0.30416666666666664,16
2600,0.040624999999999994,0.11960129801181553,-0.17083333333333334,0.05,0.2125,16
2601,0.10833333333333334,0.10137937550497032,-0.05208333333333333,0.075,0.2604166666666667,16
2602,0.065625,0.11923785024293065,-0.16458333333333333,0.1,0.26041666666666663,16
2603,0.09166666666666667,0.14848774734337883,-0.14791666666666667,0.058333333333333334,0.3875,16
2604,0.04791666666666666,0.1418962600321485,-0.22083333333333333,0.058333333333333334,0.28125,16
2605,0.1625,0.11494261853444769,-0.0375,0.16666666666666666,0.3979166666666667,16
2606,0.09583333333333333,0.1140327681950334,-0.12083333333333333,0.09166666666666667,0.2604166666666667,16
2607,0.090625,0.12787916795640414,-0.11249999999999999,0.075,0.37083333333333335,16
2608,0.065625,0.09903505797611942,-0.09791666666666667,0.09166666666666667,0.23333333333333334,16
2609,0.06979166666666667,0.14733969042657855,-0.15,0.06666666666666667,0.26666666666666666,16
2610,0.08229166666666665,0.0969085963249219,-0.09166666666666667,0.1,0.225,16
2611,0.06354166666666666,0.12627389075383363,-0.14375,0.09166666666666667,0.27291666666666664,16
2612,0.10416666666666667,0.08090203266228166,-0.020833333333333332,0.09166666666666667,0.2708333333333333,16
2613,0.12604166666666666,0.1338491000986642,-0.10416666666666667,0.10833333333333334,0.3875,16
2614,0.08020833333333334,0.08862740946419077,-0.07708333333333334,0.09166666666666667,0.23125,16
2615,-0.0062499999999999995,0.1184205957593526,-0.2583333333333333,0.008333333333333333,0.17083333333333334,16
2616,0.09687499999999999,0.11640129789988501,-0.08125,0.10833333333333334,0.2708333333333333,16
2617,0.027083333333333334,0.11499924516660485,-0.1875,0.058333333333333334,0.19375,16
2618,0.058333333333333334,0.07728015412913086,-0.06458333333333333,0.058333333333333334,0.19791666666666666,16
2619,0.034375,0.11218609756164581,-0.12708333333333333,0.041666666666666664,0.21458333333333332,16
2620,0.09166666666666667,0.11426091000668406,-0.12916666666666665,0.08333333333333334,0.30416666666666664,16
2621,0.12708333333333333,0.12759459998152134,-0.10833333333333334,0.10833333333333334,0.30416666666666664,16
2622,0.06458333333333333,0.13512789723484603,-0.17500000000000002,0.075,0.25416666666666665,16
2623,0.09479166666666666,0.10252349832274224,-0.06041666666666667,0.1,0.29583333333333334,16
2624,0.08541666666666667,0.11973277537917511,-0.11458333333333333,0.1,0.27708333333333335,16
2625,0.10625,0.13240234871196374,-0.13958333333333334,0.125,0.3208333333333333,16
2626,0.028125,0.12229273139797711,-0.16458333333333333,0.025,0.21666666666666667,16
2627,0.05416666666666667,0.11688966782587948,-0.11041666666666666,0.03333333333333333,0.24375,16
2628,0.11145833333333333,0.1309313260941696,-0.09375,0.15833333333333333,0.3,16
2629,0.035416666666666666,0.09680216796240786,-0.15833333333333333,0.05,0.16666666666666666,16
2630,0.125,0.16811867501526678,-0.07708333333333334,0.10833333333333334,0.4604166666666667,16
2631,0.12083333333333332,0.11629404780794052,-0.06041666666666667,0.13333333333333333,0.3208333333333333,16
2632,0.11145833333333333,0.12496093139457629,-0.07083333333333333,0.09166666666666667,0.3541666666666667,16
2633,0.12916666666666665,0.1349511228391804,-0.09791666666666667,0.10833333333333334,0.4,16
2634,0.078125,0.09551009799725077,-0.10208333333333333,0.08333333333333333,0.2520833333333333,16
2635,0.07395833333333333,0.10137402383418216,-0.09791666666666667,0.06666666666666667,0.2604166666666667,16
2636,0.10208333333333333,0.0910728874766433,-0.08125,0.09166666666666667,0.24791666666666667,16
2637,0.06145833333333334,0.10386936740979562,-0.13125,0.09166666666666667,0.21041666666666667,16
2638,0.03020833333333333,0.09132868563296224,-0.08750000000000001,0.008333333333333333,0.19791666666666666,16
2639,0.13437500000000002,0.13900299132472732,-0.06041666666666667,0.125,0.40208333333333335,16
2640,0.046875,0.1265485674772953,-0.11666666666666667,0.03333333333333333,0.26666666666666666,16
2641,0.115625,0.09528261143391624,-0.04583333333333333,0.075,0.25,16
2642,0.04791666666666666,0.09857931803600817,-0.12916666666666665,0.05,0.17708333333333331,16
2643,0.021875000000000002,0.09293044554037892,-0.14375,0.016666666666666666,0.15,16
2644,0.03958333333333333,0.12016698451183114,-0.16666666666666666,0.0,0.25,16
2645,0.014583333333333332,0.10555327117411167,-0.15416666666666667,-0.008333333333333333,0.1875,16
2646,0.06770833333333333,0.10332472242347854,-0.11249999999999999,0.06666666666666667,0.25,16
2647,0.05416666666666667,0.07960405489392833,-0.08541666666666667,0.06666666666666667,0.17708333333333331,16
2648,0.029166666666666664,0.07850601533923654,-0.08333333333333333,0.008333333333333333,0.16666666666666666,16
2649,0.078125,0.1211516998436258,-0.05,0.058333333333333334,0.32291666666666663,16
2650,0.07291666666666666,0.11768528535415501,-0.1,0.09166666666666667,0.26458333333333334,16
2651,0.04375,0.07566258248889532,-0.09375,0.058333333333333334,0.17916666666666667,16
2652,0.03958333333333333,0.16738128048128784,-0.20416666666666666,0.075,0.35416666666666663,16
2653,0.065625,0.1147867512559219,-0.15,0.06666666666666667,0.26666666666666666,16
2654,0.06354166666666668,0.13746448404951733,-0.20416666666666666,0.1,0.21666666666666667,16
2655,0.04791666666666666,0.09480883544152295,-0.08750000000000001,0.03333333333333333,0.24375,16
2656,0.01875,0.07747647492411272,-0.10833333333333334,0.008333333333333333,0.1375,16
2657,0.013541666666666667,0.10209927596598214,-0.18541666666666667,0.03333333333333333,0.16875,16
2658,0.023958333333333335,0.07772117856300316,-0.1,0.04166666666666667,0.16875,16
2659,0.04375,0.07657489978953794,-0.11041666666666666,0.05,0.15,16
2660,0.046875,0.10610181660137169,-0.14166666666666666,0.058333333333333334,0.21041666666666667,16
2661,0.04479166666666667,0.09942870666127229,-0.14791666666666667,0.05,0.20208333333333334,16
2662,0.03125,0.11408984641744223,-0.22083333333333333,0.08333333333333333,0.15833333333333333,16
2663,0.05208333333333334,0.07497105923102741,-0.05416666666666667,0.03333333333333333,0.1875,16
2664,0.03749999999999999,0.07783975705112252,-0.1,0.03333333333333333,0.18125,16
2665,-0.01979166666666667,0.10345066423448211,-0.225,-0.025,0.15416666666666667,16
2666,0.005208333333333332,0.10353454033155635,-0.22083333333333333,0.025,0.12083333333333333,16
2667,0.09479166666666666,0.08472151069828725,-0.03125,0.06666666666666667,0.23333333333333334,16
2668,0.04375,0.08141009867741635,-0.05,0.016666666666666666,0.1875,16
2669,0.04583333333333334,0.09886508764753893,-0.09791666666666667,0.04166666666666667,0.23541666666666666,16
2670,0.04687499999999999,0.14532276696107263,-0.17708333333333331,0.04166666666666667,0.275,16
2671,0.015625,0.09232128945216868,-0.11458333333333333,0.008333333333333333,0.21041666666666667,16
2672,0.006249999999999999,0.1188595985466326,-0.23958333333333331,0.0,0.20208333333333334,16
2673,0.03854166666666667,0.08348293862620473,-0.08125,0.04166666666666667,0.21666666666666667,16
2674,0.029166666666666664,0.10631125685144228,-0.1375,0.025,0.20416666666666666,16
2675,0.07395833333333333,0.11576568018343489,-0.17083333333333334,0.09166666666666667,0.2520833333333333,16
2676,0.02291666666666667,0.09822646028438568,-0.13541666666666666,0.025,0.22291666666666665,16
2677,0.008333333333333328,0.11770372409854611,-0.18958333333333333,0.016666666666666666,0.24583333333333332,16
2678,0.084375,0.11326418693332269,-0.075,0.05,0.29791666666666666,16
2679,0.057291666666666664,0.10068666157661821,-0.09791666666666667,0.05,0.2708333333333333,16
2680,0.0625,0.11372786719963483,-0.17083333333333334,0.075,0.21458333333333332,16
2681,0.040624999999999994,0.09519146458877263,-0.11875,0.008333333333333333,0.19375,16
2682,0.06875,0.09822646028438568,-0.11875,0.075,0.21041666666666667,16
2683,0.04895833333333333,0.09232128945216868,-0.07708333333333334,0.025,0.20833333333333334,16
2684,0.018750000000000003,0.09126331714087296,-0.12083333333333333,0.008333333333333333,0.19166666666666668,16
2685,0.05104166666666667,0.12025273587786313,-0.12083333333333333,0.03333333333333333,0.275,16
2686,0.08333333333333333,0.12190615698606495,-0.11458333333333333,0.06666666666666667,0.3125,16
2687,-0.008333333333333333,0.10865337342004415,-0.19375,-0.016666666666666666,0.21666666666666667,16
2688,0.0625,0.11895085353016831,-0.1,0.06666666666666667,0.26458333333333334,16
2689,0.07916666666666666,0.07603453162872774,-0.04791666666666666,0.09166666666666667,0.20416666666666666,16
2690,0.004166666666666666,0.10744830798523022,-0.19791666666666666,0.025,0.18541666666666667,16
2691,0.03125,0.10637247842683119,-0.1375,0.008333333333333333,0.23333333333333334,16
2692,0.006249999999999995,0.13331705629813465,-0.21041666666666667,0.008333333333333333,0.19375,16
2693,0.0875,0.07107800878846658,-0.03333333333333333,0.09166666666666667,0.18333333333333332,16
2694,0.05625,0.13779954745128076,-0.17708333333333331,0.03333333333333333,0.33333333333333337,16
2695,0.05,0.13705736836165439,-0.1875,0.075,0.2583333333333333,16
2696,0.08854166666666667,0.11869059186482399,-0.05416666666666667,0.075,0.33958333333333335,16
2697,0.109375,0.15080441136157494,-0.16041666666666665,0.13333333333333333,0.33125,16
2698,0.005208333333333329,0.12086475884456789,-0.2583333333333333,0.016666666666666666,0.17083333333333334,16
2699,0.07395833333333333,0.1113317037680143,-0.11875,0.06666666666666667,0.26458333333333334,16
2700,0.058333333333333334,0.1379412113103904,-0.17083333333333334,0.08333333333333333,0.28541666666666665,16
2701,0.13333333333333333,0.1505775916632721,-0.15416666666666667,0.15,0.33749999999999997,16
2702,0.042708333333333334,0.09645968321589653,-0.13333333333333333,0.06666666666666667,0.17708333333333331,16
2703,0.078125,0.13536457331345353,-0.15833333333333333,0.09166666666666667,0.3229166666666667,16
2704,0.109375,0.13188915142607024,-0.10833333333333334,0.08333333333333334,0.29375,16
2705,0.06770833333333333,0.10597902537504506,-0.10833333333333334,0.058333333333333334,0.23333333333333334,16
2706,0.09166666666666667,0.09664511253952668,-0.06041666666666667,0.08333333333333333,0.28125,16
2707,0.075,0.10086432030758503,-0.07708333333333334,0.075,0.21666666666666667,16
2708,0.01354166666666667,0.13809451649544638,-0.26666666666666666,0.04166666666666667,0.20833333333333334,16
2709,0.04479166666666667,0.09837547649185745,-0.09375,0.058333333333333334,0.22708333333333333,16
2710,0.04479166666666667,0.11941971239428327,-0.15416666666666667,0.058333333333333334,0.25416666666666665,16
2711,0.08020833333333333,0.10577405656240413,-0.1,0.11666666666666667,0.21041666666666667,16
2712,0.06458333333333334,0.1439611975113047,-0.2375,0.075,0.24791666666666667,16
2713,0.10208333333333333,0.11378509837017813,-0.10416666666666667,0.125,0.25416666666666665,16
2714,0.071875,0.13013331172088277,-0.11458333333333333,0.09166666666666667,0.33333333333333337,16
2715,0.09062500000000001,0.1445741771836635,-0.15208333333333332,0.08333333333333333,0.30416666666666664,16
2716,0.058333333333333334,0.10524442450262574,-0.08333333333333333,0.016666666666666666,0.22708333333333333,16
2717,0.030208333333333337,0.0928369893804308,-0.15,0.025,0.18541666666666667,16
2718,0.06562500000000002,0.11341736314995553,-0.16666666666666666,0.08333333333333333,0.24375,16
2719,0.06354166666666666,0.13504355650225514,-0.21458333333333335,0.06666666666666667,0.29583333333333334,16
2720,0.05416666666666667,0.13900689431343566,-0.2,0.06666666666666667,0.3229166666666667,16
2721,0.08645833333333333,0.1418159446352129,-0.20208333333333334,0.1,0.30416666666666664,16
2722,0.06979166666666667,0.10277719125208018,-0.06041666666666667,0.03333333333333333,0.2520833333333333,16
2723,0.10104166666666667,0.15371202670180945,-0.15833333333333333,0.125,0.31875,16
2724,0.10625000000000001,0.12386638746828957,-0.07083333333333333,0.08333333333333334,0.2875,16
2725,0.10312500000000001,0.11261086358439056,-0.10416666666666666,0.11666666666666667,0.28541666666666665,16
2726,0.08437499999999999,0.10349261078024417,-0.043750000000000004,0.05,0.25416666666666665,16
2727,0.037500000000000006,0.09510593508761106,-0.09375,0.05,0.19583333333333333,16
2728,0.08958333333333333,0.17036266463048763,-0.17083333333333334,0.125,0.37916666666666665,16
2729,0.012499999999999999,0.1282223546119093,-0.20416666666666666,0.0,0.22083333333333333,16
2730,0.11875,0.0754327791259653,-0.01458333333333333,0.11666666666666667,0.24375,16
2731,0.06979166666666667,0.09969027556219648,-0.07083333333333333,0.06666666666666667,0.2625,16
2732,0.058333333333333334,0.1366768288904727,-0.16875,0.07500000000000001,0.3,16
2733,0.065625,0.09744456223070293,-0.13125,0.06666666666666667,0.225,16
2734,0.028125,0.09046921476084803,-0.06666666666666667,0.008333333333333333,0.23541666666666666,16
2735,0.05416666666666667,0.1209769261746498,-0.11666666666666667,0.03333333333333333,0.25416666666666665,16
2736,0.058333333333333334,0.10474837574980446,-0.10416666666666667,0.06666666666666667,0.21041666666666667,16
2737,0.053125,0.09075660941649252,-0.075,0.03333333333333333,0.20833333333333334,16
2738,0.05520833333333333,0.1295985722550814,-0.11041666666666666,0.008333333333333333,0.2875,16
2739,0.10416666666666666,0.10043308994328293,-0.07083333333333333,0.08333333333333333,0.24375,16
2740,0.09166666666666667,0.12541597452743675,-0.11041666666666666,0.10833333333333334,0.3,16
2741,0.056249999999999994,0.15732960359279707,-0.22499999999999998,0.03333333333333333,0.3104166666666667,16
2742,0.036458333333333336,0.15525726298094183,-0.24375,0.025,0.28125,16
2743,0.042708333333333334,0.1438518660810488,-0.19583333333333333,0.075,0.28541666666666665,16
2744,0.040625,0.1100771115450942,-0.11041666666666666,0.04166666666666667,0.26458333333333334,16
2745,0.04166666666666666,0.13869430814244366,-0.2375,0.05,0.25,16
2746,0.071875,0.10336672007684312,-0.08750000000000001,0.058333333333333334,0.2520833333333333,16
2747,0.06354166666666668,0.1520940350116043,-0.22083333333333333,0.10833333333333334,0.2375,16
2748,0.06354166666666666,0.11168201853426937,-0.12083333333333333,0.058333333333333334,0.2625,16
2749,0.08020833333333333,0.12461311656260124,-0.18541666666666667,0.09166666666666667,0.24791666666666667,16
2750,0.05416666666666667,0.08217951218048342,-0.07083333333333333,0.075,0.16666666666666666,16
2751,0.075,0.12761160692594628,-0.11041666666666666,0.04166666666666667,0.31875,16
2752,0.11145833333333333,0.11869059186482399,-0.15208333333333335,0.13333333333333333,0.2604166666666667,16
2753,0.012499999999999999,0.1021470889344272,-0.16666666666666666,-0.008333333333333333,0.19791666666666666,16
2754,0.03333333333333333,0.07144345083117604,-0.07708333333333334,0.04166666666666667,0.12708333333333333,16
2755,0.040624999999999994,0.2024990354915302,-0.3833333333333333,0.08333333333333333,0.3770833333333333,16
2756,0.05104166666666666,0.13274201561048157,-0.12083333333333333,0.016666666666666666,0.32916666666666666,16
2757,0.09895833333333333,0.12310631555917656,-0.06041666666666667,0.058333333333333334,0.33958333333333335,16
2758,0.08229166666666667,0.12296520934123333,-0.11249999999999999,0.08333333333333334,0.30416666666666664,16
2759,0.13333333333333333,0.08799463367476199,-0.04583333333333333,0.14166666666666666,0.25416666666666665,16
2760,0.12291666666666667,0.117685285354155,-0.05208333333333333,0.125,0.3416666666666667,16
2761,0.06979166666666667,0.14315623142993888,-0.21458333333333335,0.09166666666666667,0.3,16
2762,0.09062500000000001,0.07727313344738763,-0.05833333333333333,0.08333333333333334,0.20416666666666666,16
2763,0.04375,0.1393032014867011,-0.20416666666666666,0.03333333333333333,0.2604166666666667,16
2764,0.053125,0.07866480179639854,-0.06041666666666667,0.09166666666666667,0.15,16
2765,0.0375,0.11777745020918808,-0.17708333333333331,0.05,0.20416666666666666,16
2766,0.06770833333333333,0.11234074375903577,-0.1625,0.08333333333333333,0.22708333333333333,16
2767,0.10520833333333335,0.14236576889399283,-0.18125,0.13333333333333333,0.28125,16
2768,0.09479166666666668,0.11795696455110699,-0.07708333333333334,0.08333333333333333,0.2833333333333333,16
2769,0.14166666666666666,0.12936812246883353,-0.10416666666666667,0.14166666666666666,0.33125,16
2770,0.08958333333333333,0.09572004173050118,-0.125,0.1,0.25,16
2771,0.051041666666666666,0.10315656082705872,-0.15416666666666667,0.075,0.19791666666666666,16
2772,0.03333333333333333,0.1206176235510844,-0.18333333333333332,0.04166666666666667,0.20416666666666666,16
2773,0.05625,0.14905664005486116,-0.17083333333333334,0.075,0.35208333333333336,16
2774,0.07604166666666666,0.12499565964686755,-0.15833333333333333,0.07500000000000001,0.27708333333333335,16
2775,0.04895833333333333,0.09885959986825311,-0.14791666666666667,0.05,0.19375,16
2776,0.04375,0.10204080746882047,-0.13541666666666666,0.04166666666666667,0.21458333333333332,16
2777,0.03125000000000001,0.16371076714064284,-0.18125,0.0,0.4041666666666667,16
2778,0.09687499999999999,0.10724108840209831,-0.14166666666666666,0.11666666666666667,0.2625,16
2779,0.07604166666666667,0.11318752109024896,-0.06041666666666667,0.041666666666666664,0.2708333333333333,16
2780,0.056249999999999994,0.0761201079435213,-0.03333333333333333,0.03333333333333333,0.20208333333333334,16
2781,0.078125,0.09942870666127229,-0.1,0.06666666666666667,0.26666666666666666,16
2782,0.07083333333333333,0.10316182002616624,-0.09375,0.06666666666666667,0.21666666666666667,16
2783,0.11041666666666666,0.1169453516723849,-0.05416666666666667,0.09166666666666667,0.33541666666666664,16
2784,0.02604166666666667,0.12046909902312893,-0.17708333333333331,0.03333333333333333,0.21666666666666667,16
2785,0.084375,0.13443151266433856,-0.13333333333333333,0.06666666666666667,0.31875,16
2786,0.007291666666666665,0.11410411151176318,-0.15208333333333332,-0.025,0.17708333333333331,16
2787,-0.0031249999999999993,0.10675431782836702,-0.2,0.01666666666666667,0.15625,16
2788,0.01354166666666667,0.09881568666236933,-0.12708333333333333,0.0,0.20625,16
2789,0.03645833333333333,0.10528050329951887,-0.16875,0.058333333333333334,0.18541666666666667,16
2790,0.042708333333333334,0.12568820963665073,-0.12083333333333333,0.0,0.2708333333333333,16
2791,0.05,0.11349865393230196,-0.19791666666666666,0.058333333333333334,0.20416666666666666,16
2792,0.05416666666666667,0.14947825928876748,-0.22708333333333333,0.03333333333333333,0.2708333333333333,16
2793,0.06666666666666667,0.11577036657874837,-0.06041666666666667,0.03333333333333333,0.30833333333333335,16
2794,0.08645833333333333,0.12791310391346844,-0.16875,0.09166666666666667,0.2708333333333333,16
2795,0.059375,0.09372106034812974,-0.12708333333333333,0.06666666666666667,0.1875,16
2796,0.004166666666666666,0.11953323573150876,-0.17083333333333334,0.025,0.20416666666666666,16
2797,0.057291666666666664,0.1498805948358003,-0.14583333333333331,0.025,0.32499999999999996,16
2798,0.06666666666666667,0.1403121520040228,-0.14166666666666666,0.07500000000000001,0.33958333333333335,16
2799,0.06354166666666666,0.09339632361013409,-0.13125,0.09166666666666667,0.18333333333333332,16
2800,0.04166666666666667,0.1159202311936963,-0.14375,0.025,0.23333333333333334,16
2801,0.06354166666666666,0.09321025180561775,-0.11875,0.1,0.18333333333333332,16
2802,0.09583333333333333,0.11357510975365842,-0.12708333333333333,0.1,0.28541666666666665,16
2803,0.11875000000000001,0.09804955521458411,-0.06875,0.13333333333333333,0.26875,16
2804,0.04895833333333333,0.09833134708445952,-0.1375,0.058333333333333334,0.1875,16
2805,0.10729166666666667,0.09032517452392648,-0.06875,0.1,0.24375,16
2806,0.065625,0.10399464963534316,-0.11458333333333333,0.09166666666666667,0.21041666666666667,16
2807,0.046875,0.12419445298715147,-0.13333333333333333,0.049999999999999996,0.23333333333333334,16
2808,0.11354166666666668,0.1226471267838482,-0.06666666666666667,0.11666666666666667,0.3,16
2809,0.023958333333333335,0.15354251469688923,-0.20416666666666666,0.025,0.29791666666666666,16
2810,0.022916666666666672,0.13253340773807434,-0.17083333333333334,0.016666666666666666,0.2625,16
2811,0.051041666666666666,0.06521033010787308,-0.075,0.04166666666666667,0.14375,16
2812,0.09479166666666666,0.13251293830960223,-0.1,0.075,0.3208333333333333,16
2813,0.075,0.1334634781503914,-0.15416666666666667,0.11666666666666667,0.2895833333333333,16
2814,0.013541666666666665,0.1368315506887534,-0.225,0.008333333333333333,0.2583333333333333,16
2815,0.08124999999999999,0.1188595985466326,-0.15416666666666667,0.08333333333333333,0.29583333333333334,16
2816,0.04375,0.15056317887628878,-0.23333333333333334,0.058333333333333334,0.24375,16
2817,0.06249999999999999,0.14415703243338496,-0.2,0.075,0.24375,16
2818,0.06979166666666667,0.12165221803476407,-0.15833333333333333,0.06666666666666667,0.28541666666666665,16
2819,0.08541666666666667,0.12988710375638618,-0.17291666666666666,0.14166666666666666,0.25416666666666665,16
2820,0.03854166666666667,0.11437006668170557,-0.11041666666666666,0.016666666666666663,0.21666666666666667,16
2821,0.0625,0.1059841445164742,-0.06041666666666667,0.04166666666666667,0.29166666666666663,16
2822,0.11354166666666667,0.08317041365974642,0.0,0.125,0.2583333333333333,16
2823,0.07083333333333333,0.126312553260201,-0.11041666666666666,0.075,0.2708333333333333,16
2824,0.1,0.0843685697138191,-0.03333333333333333,0.10833333333333334,0.23125,16
2825,0.0052083333333333304,0.15317459514300086,-0.22916666666666666,0.008333333333333333,0.3104166666666667,16
2826,0.04583333333333334,0.09904053603337261,-0.14791666666666667,0.03333333333333333,0.2,16
2827,0.025,0.11516895800904378,-0.16666666666666666,0.0,0.21041666666666667,16
2828,-0.008333333333333331,0.10086432030758503,-0.16666666666666666,-0.025,0.16458333333333333,16
2829,-0.012500000000000002,0.14000248013676203,-0.26458333333333334,0.04166666666666667,0.17916666666666667,16
2830,0.016666666666666663,0.10944937947136414,-0.13333333333333333,0.008333333333333333,0.22916666666666666,16
2831,0.04791666666666667,0.10271910863017542,-0.14583333333333331,0.03333333333333333,0.21666666666666667,16
2832,0.025,0.10944937947136414,-0.15208333333333332,0.008333333333333333,0.20833333333333334,16
2833,0.01145833333333333,0.11927424485659555,-0.21666666666666667,0.025,0.23541666666666666,16
2834,-0.034375,0.0917554021267655,-0.16041666666666665,-0.06666666666666667,0.12708333333333333,16
2835,0.02291666666666667,0.13817699498992023,-0.16458333333333333,0.0,0.3125,16
2836,0.03333333333333333,0.13969212178533508,-0.28541666666666665,0.058333333333333334,0.25,16
2837,0.015624999999999997,0.15651020001371582,-0.27291666666666664,0.04166666666666667,0.2875,16
2838,0.042708333333333334,0.07970622056792194,-0.07083333333333333,0.04166666666666667,0.17708333333333331,16
2839,0.05416666666666667,0.14343262065048756,-0.23541666666666666,0.06666666666666667,0.26875,16
2840,-0.007291666666666668,0.12485668868079648,-0.24583333333333332,-0.008333333333333333,0.17708333333333331,16
2841,0.03958333333333333,0.11363241786078869,-0.13125,0.016666666666666666,0.1875,16
2842,0.065625,0.116736400290474,-0.07083333333333333,0.03333333333333333,0.32916666666666666,16
2843,0.011458333333333334,0.08813632708921887,-0.15208333333333332,0.016666666666666666,0.15833333333333333,16
2844,-0.006249999999999992,0.14335695057365644,-0.20416666666666666,-0.016666666666666666,0.23125,16
2845,-0.009375000000000001,0.12133069336642636,-0.20833333333333334,-0.008333333333333335,0.20208333333333334,16
2846,0.03333333333333333,0.11486707293408518,-0.20833333333333334,0.058333333333333334,0.16041666666666665,16
2847,0.0,0.13743685418725535,-0.24375,-0.008333333333333333,0.21875,16
2848,0.006250000000000002,0.09857931803600817,-0.18958333333333333,0.03333333333333333,0.11666666666666667,16
2849,0.035416666666666666,0.08677777333191054,-0.12708333333333333,0.05,0.18333333333333332,16
2850,0.023958333333333335,0.10424476239174374,-0.11875,0.0,0.22083333333333333,16
2851,-0.028125,0.14260945479603457,-0.2625,-0.04166666666666667,0.21875,16
2852,0.05208333333333333,0.13942777401460107,-0.14583333333333331,0.025,0.30624999999999997,16
2853,0.009374999999999998,0.1506892440218906,-0.22708333333333333,0.025,0.26875,16
2854,0.0020833333333333346,0.1445629188277547,-0.2520833333333333,-0.008333333333333333,0.29375,16
2855,0.0375,0.1257615689398881,-0.18125,0.05,0.22916666666666666,16
2856,0.06354166666666666,0.11876370534945992,-0.175,0.06666666666666667,0.21666666666666667,16
2857,0.02187499999999999,0.1674687730012839,-0.26249999999999996,0.016666666666666663,0.3020833333333333,16
2858,-0.028125,0.14857175945762147,-0.3104166666666667,-0.024999999999999998,0.2,16
2859,0.08437499999999999,0.121259127663309,-0.15416666666666667,0.1,0.275,16
2860,0.02708333333333333,0.14741699641945408,-0.21875,0.025,0.24375,16
2861,0.006250000000000002,0.11178398687746927,-0.15,-0.008333333333333333,0.22708333333333333,16
2862,0.010416666666666664,0.10305658505026363,-0.17083333333333334,0.016666666666666666,0.16041666666666665,16
2863,0.004166666666666666,0.11509356097444277,-0.19791666666666666,-0.016666666666666666,0.17708333333333331,16
2864,0.04687499999999999,0.11027408246677407,-0.1625,0.06666666666666667,0.25625,16
2865,0.03645833333333333,0.1368315506887534,-0.23125,0.041666666666666664,0.25416666666666665,16
2866,0.06354166666666666,0.13491493590613146,-0.11041666666666666,0.016666666666666666,0.2833333333333333,16
2867,0.11354166666666667,0.11459753699844998,-0.125,0.13333333333333333,0.275,16
2868,0.0625,0.09939050368230469,-0.1,0.075,0.22083333333333333,16
2869,0.037500000000000006,0.146664299223317,-0.2708333333333333,0.05,0.2,16
2870,0.0875,0.10299339245256896,-0.10416666666666667,0.10833333333333334,0.23125,16
2871,0.07083333333333333,0.10008676791220261,-0.08541666666666667,0.058333333333333334,0.25416666666666665,16
2872,0.07395833333333333,0.09500890857352974,-0.06041666666666667,0.058333333333333334,0.25,16
2873,0.05,0.11486707293408518,-0.16041666666666665,0.049999999999999996,0.2,16
2874,0.11354166666666667,0.09302380780985288,-0.027083333333333334,0.10833333333333334,0.24375,16
2875,0.058333333333333334,0.11086778913041725,-0.15416666666666667,0.06666666666666667,0.24791666666666667,16
2876,0.054166666666666675,0.0840593375076334,-0.13333333333333333,0.06666666666666667,0.17500000000000002,16
2877,0.096875,0.12193730601100806,-0.11458333333333333,0.10833333333333334,0.29375,16
2878,0.06875,0.11724188552826256,-0.13125,0.09166666666666667,0.21666666666666667,16
2879,0.06145833333333334,0.11677357452922871,-0.12708333333333333,0.058333333333333334,0.2875,16
2880,0.0625,0.1152443057161611,-0.11666666666666667,0.04166666666666667,0.2375,16
2881,0.109375,0.16770186322923056,-0.16041666666666665,0.125,0.4166666666666667,16
2882,0.06979166666666667,0.10277719125208018,-0.11458333333333333,0.06666666666666667,0.20416666666666666,16
2883,0.07395833333333332,0.11916502766938143,-0.10416666666666667,0.06666666666666667,0.25416666666666665,16
2884,0.09895833333333334,0.07871995679128782,0.0,0.08333333333333334,0.23333333333333334,16
2885,0.03333333333333333,0.10622957319984969,-0.14791666666666667,0.058333333333333334,0.1875,16
2886,0.035416666666666666,0.13942777401460107,-0.16458333333333333,0.016666666666666666,0.24791666666666667,16
2887,-0.01041666666666667,0.11069148190654358,-0.19166666666666668,-0.008333333333333333,0.17500000000000002,16
2888,0.0875,0.14123709380565241,-0.17708333333333331,0.1,0.3125,16
2889,0.04583333333333334,0.13674032567851616,-0.23958333333333331,0.09166666666666667,0.22083333333333333,16
2890,-0.0052083333333333304,0.11330250040145724,-0.18333333333333332,0.008333333333333333,0.16041666666666665,16
2891,0.05520833333333333,0.13714838248934783,-0.17500000000000002,0.06666666666666667,0.2583333333333333,16
2892,0.028125000000000008,0.1415095636245912,-0.1875,0.03333333333333333,0.26875,16
2893,0.051041666666666666,0.09381363580998707,-0.11458333333333333,0.06666666666666667,0.2125,16
2894,0.11458333333333334,0.14741699641945408,-0.1375,0.11666666666666667,0.3625,16
2895,0.12291666666666666,0.10339295994731297,-0.027083333333333334,0.08333333333333333,0.29791666666666666,16
2896,0.05416666666666666,0.15246812052943323,-0.15416666666666667,0.04166666666666667,0.32708333333333334,16
2897,0.075,0.10639287779003087,-0.08750000000000001,0.058333333333333334,0.2625,16
2898,0.027083333333333334,0.07403898184965359,-0.08125,0.0,0.15833333333333333,16
2899,0.06770833333333333,0.12068507427506427,-0.15625,0.075,0.2583333333333333,16
2900,0.09895833333333333,0.11311080328352568,-0.1375,0.15,0.24375,16
2901,0.06458333333333333,0.056172786511303176,-0.020833333333333332,0.06666666666666667,0.15,16
2902,0.09479166666666666,0.11299562891005022,-0.07916666666666666,0.08333333333333334,0.3,16
2903,0.037500000000000006,0.1369940185231133,-0.21041666666666667,0.058333333333333334,0.19375,16
2904,0.09270833333333334,0.15511742303995238,-0.2375,0.13333333333333333,0.2833333333333333,16
2905,0.10833333333333334,0.10606601717798213,-0.0375,0.09166666666666667,0.30416666666666664,16
2906,0.103125,0.06352458786870553,-0.010416666666666666,0.125,0.19791666666666666,16
2907,0.14166666666666666,0.12430361575146916,-0.11666666666666665,0.16666666666666666,0.30833333333333335,16
2908,0.12708333333333333,0.0980495552145841,-0.027083333333333334,0.11666666666666667,0.27708333333333335,16
2909,0.06770833333333333,0.1355888328632643,-0.16666666666666666,0.06666666666666667,0.25,16
2910,0.10208333333333333,0.08992184106211348,-0.075,0.10833333333333334,0.25416666666666665,16
2911,0.034374999999999996,0.14098718790293596,-0.18125,0.06666666666666667,0.25416666666666665,16
2912,0.0875,0.12367351733046525,-0.14583333333333331,0.09166666666666667,0.275,16
2913,0.090625,0.1553411065204571,-0.19375,0.13333333333333333,0.27708333333333335,16
2914,0.134375,0.09232128945216868,-0.01458333333333333,0.13333333333333333,0.2708333333333333,16
2915,0.12395833333333334,0.10622446588605555,-0.03125,0.10833333333333334,0.35833333333333334,16
2916,0.13854166666666667,0.11883677385155003,-0.06458333333333333,0.15833333333333333,0.3104166666666667,16
2917,0.08020833333333333,0.12064910524832839,-0.07708333333333334,0.07500000000000001,0.3125,16
2918,-0.026041666666666664,0.1333292642608266,-0.21666666666666667,-0.05,0.16041666666666665,16
2919,0.05520833333333333,0.14927123313507754,-0.22708333333333333,0.05,0.27708333333333335,16
2920,-0.009375,0.13488276159317025,-0.22083333333333333,0.0,0.24583333333333332,16
2921,0.06145833333333333,0.07539680907998987,-0.05416666666666667,0.075,0.20625,16
2922,-1.734723475976807e-18,0.08955910525085282,-0.14375,0.008333333333333333,0.15416666666666667,16
2923,-0.016666666666666666,0.1136515141415488,-0.20208333333333334,-0.03333333333333333,0.15,16
2924,0.059375,0.12317680805113707,-0.125,0.04166666666666667,0.2708333333333333,16
2925,0.04166666666666667,0.14240006242195885,-0.14375,0.0,0.30416666666666664,16
2926,0.026041666666666664,0.1302999677560291,-0.19583333333333333,0.016666666666666666,0.2583333333333333,16
2927,0.018750000000000003,0.0733321496116585,-0.13125,0.03333333333333333,0.11041666666666666,16
2928,-0.005208333333333334,0.09569169787221181,-0.18333333333333332,-0.008333333333333333,0.16041666666666665,16
2929,-0.02395833333333333,0.10960293709314747,-0.25,-0.008333333333333333,0.15208333333333332,16
2930,-0.01354166666666667,0.10072975913303873,-0.20208333333333334,0.008333333333333333,0.14583333333333331,16
2931,-0.036458333333333336,0.12064910524832839,-0.22708333333333333,-0.03333333333333334,0.20416666666666666,16
2932,0.013541666666666667,0.12475235886213401,-0.19583333333333333,0.03333333333333333,0.23333333333333334,16
2933,-0.049999999999999996,0.10017346066809424,-0.225,-0.058333333333333334,0.13333333333333333,16
2934,0.01875,0.11575161985907584,-0.17500000000000002,0.016666666666666666,0.2375,16
2935,0.04791666666666667,0.1018705264866471,-0.10416666666666667,0.016666666666666666,0.23125,16
2936,0.03229166666666667,0.13009995489579881,-0.21041666666666667,0.041666666666666664,0.2,16
2937,0.008333333333333333,0.10817295821455974,-0.16458333333333333,0.008333333333333333,0.1875,16
2938,0.0020833333333333294,0.15228297398812077,-0.2979166666666667,0.0,0.24583333333333332,16
2939,0.009375000000000001,0.11455965664471744,-0.18125,0.008333333333333331,0.18333333333333332,16
2940,0.004166666666666669,0.13559283412727482,-0.19375,0.04166666666666667,0.23333333333333334,16
2941,-0.022916666666666665,0.14128318194321646,-0.3354166666666667,-0.008333333333333333,0.17083333333333334,16
2942,0.010416666666666668,0.08033674785274517,-0.11041666666666666,0.008333333333333333,0.14375,16
2943,0.01979166666666667,0.12641130372056658,-0.20833333333333334,0.05,0.17083333333333334,16
2944,0.0375,0.10043308994328291,-0.125,0.03333333333333333,0.24583333333333332,16
2945,0.06666666666666667,0.14589284500009664,-0.17708333333333331,0.125,0.2604166666666667,16
2946,-0.005208333333333332,0.08094896154367887,-0.16458333333333333,0.016666666666666666,0.11458333333333333,16
2947,-0.009374999999999994,0.1166620162763642,-0.2,-0.016666666666666666,0.18541666666666667,16
2948,-0.014583333333333334,0.14718127050983384,-0.29166666666666663,-0.03333333333333334,0.21041666666666667,16
2949,-0.026041666666666664,0.14493398281631537,-0.23125,-0.05,0.25,16
2950,0.05104166666666666,0.10025466704293066,-0.1375,0.06666666666666667,0.18333333333333332,16
2951,-0.007291666666666665,0.12218621234047282,-0.23333333333333334,-0.03333333333333333,0.16666666666666666,16
2952,-0.021875,0.11284188021543931,-0.17708333333333331,-0.016666666666666666,0.20416666666666666,16
2953,-0.02083333333333333,0.12268693220279547,-0.23125,-0.016666666666666666,0.15,16
2954,0.012499999999999999,0.09547032697824667,-0.16666666666666666,0.0,0.16041666666666665,16
2955,0.002083333333333333,0.11753767126613776,-0.22291666666666665,-0.008333333333333335,0.22291666666666665,16
2956,-0.02604166666666667,0.12090066371245077,-0.19375,-0.03333333333333334,0.17708333333333331,16
2957,0.0052083333333333304,0.10585609171312617,-0.14166666666666666,-0.03333333333333334,0.18333333333333332,16
2958,-0.036458333333333336,0.1375907213340428,-0.26666666666666666,-0.025,0.21875,16
2959,0.010416666666666668,0.1567768894179099,-0.18333333333333332,0.008333333333333333,0.2708333333333333,16
2960,0.00625,0.13227115982791646,-0.23541666666666666,-0.016666666666666666,0.23125,16
2961,0.04895833333333333,0.11508884701974094,-0.12708333333333333,0.025,0.2604166666666667,16
2962,0.07604166666666667,0.10441117137707695,-0.08750000000000001,0.1,0.23333333333333334,16
2963,0.029166666666666667,0.08364524958285303,-0.12083333333333333,0.016666666666666666,0.15416666666666667,16
2964,-6.938893903907228e-18,0.10189182717197903,-0.14375,-0.008333333333333335,0.16666666666666666,16
2965,0.08229166666666667,0.12726677334332878,-0.17500000000000002,0.08333333333333333,0.3,16
2966,0.03333333333333333,0.1504622507105649,-0.2875,0.04166666666666667,0.2520833333333333,16
2967,0.0020833333333333346,0.06558365099457164,-0.1375,0.025,0.07708333333333334,16
2968,-0.017708333333333333,0.1143321109628534,-0.2125,-0.008333333333333333,0.15416666666666667,16
2969,-0.028125000000000004,0.14077152859825345,-0.22708333333333333,-0.03333333333333333,0.21041666666666667,16
2970,0.005208333333333332,0.129330373408999,-0.19166666666666668,-0.016666666666666666,0.25416666666666665,16
2971,-0.034375,0.10248115511047765,-0.225,-0.025,0.12083333333333333,16
2972,0.02083333333333333,0.1659882023920174,-0.28125,0.04166666666666667,0.26666666666666666,16
2973,0.052083333333333336,0.11454544828242727,-0.13125,0.08333333333333333,0.22708333333333333,16
2974,0.043750000000000004,0.09499177595981664,-0.14375,0.05,0.16666666666666666,16
2975,-0.006249999999999999,0.12636408486767292,-0.1875,-0.025,0.2375,16
2976,0.016666666666666663,0.13123346456686352,-0.20416666666666666,0.05,0.1875,16
2977,0.04166666666666667,0.10017346066809422,-0.1375,0.03333333333333333,0.23125,16
2978,-0.042708333333333334,0.11486234968430692,-0.21666666666666667,-0.04166666666666667,0.17500000000000002,16
2979,0.04583333333333333,0.11479147761629925,-0.12083333333333333,0.058333333333333334,0.225,16
2980,0.02291666666666667,0.11408984641744224,-0.12708333333333333,0.016666666666666666,0.25,16
2981,0.005208333333333332,0.1348505796036652,-0.2,0.008333333333333331,0.19791666666666666,16
2982,0.029166666666666667,0.16909686573085853,-0.20833333333333334,0.025,0.32499999999999996,16
2983,0.026041666666666668,0.11395185843884542,-0.1875,0.06666666666666667,0.19583333333333333,16
2984,0.021875,0.11191495251851837,-0.13333333333333333,0.03333333333333333,0.24583333333333332,16
2985,0.010416666666666666,0.09407351587396363,-0.14375,-0.008333333333333333,0.16875,16
2986,0.04479166666666667,0.12852241887226437,-0.20208333333333334,0.06666666666666667,0.26666666666666666,16
2987,0.034375,0.1140280103868246,-0.15833333333333333,0.04166666666666667,0.22916666666666666,16
2988,0.0010416666666666664,0.116736400290474,-0.20416666666666666,0.016666666666666666,0.20416666666666666,16
2989,-0.008333333333333335,0.09013878188659974,-0.17708333333333331,0.008333333333333333,0.12083333333333333,16
2990,-0.013541666666666667,0.10852847008709025,-0.15416666666666667,-0.03333333333333333,0.2,16
2991,0.034375,0.1053217210766875,-0.16458333333333333,0.05,0.20625,16
2992,-0.0020833333333333294,0.15056317887628878,-0.26875,0.008333333333333331,0.23125,16
2993,0.06666666666666667,0.12261615807968468,-0.11249999999999999,0.06666666666666667,0.3416666666666667,16
2994,0.015625,0.09137619698258403,-0.125,0.016666666666666666,0.20833333333333334,16
2995,0.08020833333333333,0.11137068204623891,-0.14166666666666666,0.10833333333333334,0.23333333333333334,16
2996,0.051041666666666666,0.09137619698258403,-0.08750000000000001,0.03333333333333333,0.22083333333333333,16
2997,0.008333333333333331,0.08955910525085282,-0.125,-0.016666666666666666,0.17083333333333334,16
2998,0.03125,0.08454843286542928,-0.09791666666666667,0.03333333333333333,0.17083333333333334,16
2999,-0.05,0.10590220855949029,-0.225,-0.03333333333333333,0.13958333333333334,16
3000,0.07395833333333333,0.0918499587945229,-0.08750000000000001,0.09166666666666667,0.19791666666666666,16
3001,-0.030208333333333334,0.10495017832550621,-0.2125,-0.03333333333333333,0.14166666666666666,16
3002,-0.0072916666666666685,0.1297659150483413,-0.21458333333333332,0.0,0.20416666666666666,16
3003,0.05729166666666667,0.1259641634994299,-0.17500000000000002,0.06666666666666667,0.26875,16
3004,0.06770833333333334,0.09885959986825311,-0.07083333333333333,0.05,0.24166666666666667,16
3005,0.034375,0.08788975694015772,-0.10208333333333333,0.016666666666666666,0.19375,16
3006,0.009375000000000003,0.13755917287359162,-0.22916666666666666,0.0,0.24375,16
3007,-0.0010416666666666647,0.11341736314995553,-0.18958333333333333,-0.008333333333333335,0.19375,16
3008,-0.0072916666666666685,0.15545282756264753,-0.26666666666666666,0.008333333333333333,0.24791666666666667,16
3009,0.020833333333333336,0.12226167292601008,-0.23958333333333331,0.016666666666666666,0.20833333333333334,16
3010,-0.052083333333333336,0.1011865370381741,-0.24791666666666667,-0.05,0.09375,16
3011,0.07604166666666667,0.12665141766763696,-0.15416666666666667,0.075,0.325,16
3012,0.013541666666666662,0.09614419689831634,-0.15625,0.0,0.16041666666666665,16
3013,0.06770833333333334,0.12422939550820221,-0.15833333333333333,0.09166666666666667,0.2708333333333333,16
